Username,Adjective,LogNumber,Label,1,2,3,4,5,6,7,8,9,10,11,12,13,14,15,16,17,18
grims2,0.006011202378735,1.0,4,0.2844523811627794,0.3748121104808936,-0.1421215228502436,0.2588626606079157,-0.0239522808509611,0.2552154580270441,0.1741962648200909,0.2552021783627057,0.1263443661032451,0.1537468570875204,0.1719403251417497,0.1337934223343081,-0.4304609512870878,0.2479442341813046,0.2576295101636539,-0.1181858606573144,0.250942200885658,-0.2303523685628049
grims2,-0.0004203093376408,1.0,0,-0.2642358808179142,-0.3203773033809227,0.2426823929117593,-0.2744972927572708,-0.1201927110215892,-0.1875258262340472,0.1364035762051589,-0.4651035853375339,-0.4504608928246775,-0.0579710421903577,0.0869697686961735,-0.1479856495218434,-0.2879041340678815,-0.1306475544022472,-0.0377614185400724,-0.1269821701192416,0.2331211127220675,-0.0340910113539372
grims2,0.0015217184430263,1.0,1,-0.3934727597900403,-0.3096424961015301,0.1201597176712517,-0.262439393333847,-0.1025631209508706,-0.1852035198080977,0.0023410359852396,-0.3183455691991318,-0.2105044164045148,-0.0788915671882578,0.1918893135344656,-0.1157280191196289,0.1039957618113654,-0.3484021988808437,-0.4644670038408275,0.1270734612997505,0.195220023473937,0.1299276620834752
grims2,0.0002053371307915,1.0,1,-0.3271996018581045,-0.2470447430243308,0.1219858828300933,-0.2734016050898896,-0.0925190399731851,-0.1856267196091717,0.0284249160769254,-0.1647237638264138,-0.2487914557506162,0.4600934807490827,0.1662825342679878,0.0072776979696662,0.0526612345533764,-0.310366900970931,-0.4091601963407704,0.2489335540783757,0.1736987284608875,0.1066924687996702
grims2,0.0064210531674714,1.0,1,-0.2335204724311832,-0.2100843880967675,0.0950421914880111,-0.2984086852334405,-0.0912435299882186,-0.1659135215851138,0.1865853069424022,-0.3253487525362748,-0.4669654195809049,0.1510630140198055,0.0500655369880671,-0.0760789964606714,0.1137744033078454,0.0654162397921528,-0.1851833203762612,0.543359687064518,0.1744847896274073,-0.018990775363591
grims2,0.000132034064912,1.0,2,-0.1964902164300639,-0.2499355955497026,-0.0768907190013201,-0.2370493415243584,0.0067351045123335,0.0478095655888363,-0.2393412776992226,0.2694627513763469,0.237928132251015,-0.1013164911839233,-0.1110029817959058,0.2291919873420241,0.4568072259879858,-0.4744574924984396,-0.3419200968617373,-0.0529926705734798,0.1157567105662168,0.0772546432667022
grims2,0.0081829481169962,1.0,-1,-0.1293191681746961,-0.0717626162501179,-0.008568329867159,0.0440437102608449,0.8668316483579019,-0.0958260315928409,-0.1994552112099731,-0.2033188816277706,-0.1453674151275861,-0.0221681548771949,0.1361548399952228,-0.0770764277690811,0.1573965293815933,0.0142653895977279,-0.0123279181001711,-0.029068936677063,-0.1986569021676585,-0.1512348777970236
grims2,0.0015348673960014,1.0,3,0.0661436123797609,0.0826909357961119,-0.4486349571606783,0.2507224682838234,-0.0414730565435998,0.2422982391091321,-0.2805829002988546,0.1654585478487781,0.2024930640928448,-0.0810010037157943,-0.3919276887572649,-0.2837265467241083,-0.1938790419723367,0.1389936127851004,0.0766102434636975,-0.0844980537082766,-0.3116059259320672,0.3308052655088059
grims2,-0.0008289753459385,1.0,4,0.4286345553739084,0.4420809547463821,-0.0481403854881103,0.2580455238905016,0.0900015771479719,-0.1471389116256242,0.3386037801090648,0.1764413936730137,0.173575626493863,-0.1074524003945137,0.1683968781706353,0.0671250942672523,-0.276513353847198,0.2181237309694787,0.2743424073132486,-0.1034211459518883,-0.2207810258627969,-0.2076494120279143
grims2,0.0075694914936351,2.0,4,0.3809631222477828,0.3875812381865117,-0.1028183945884197,0.244342922182024,0.0341203949058371,0.152336539163138,0.2735328306765394,0.2883901387682626,0.2137696516457026,0.2302385930184062,0.193432529278163,0.1385950685010791,-0.2736579973316861,0.2081818492284828,0.2708363489000115,-0.0937672614533361,-0.264436345472292,-0.162423807852655
grims2,-0.0002435212831551,2.0,-1,0.0755901486144716,0.30759541984536,-0.2923711725588745,0.2960401066623524,0.1104552858588402,0.1113329581473836,-0.2003930475595785,0.5433950437659835,0.4642523300455247,0.0158543186110883,-0.0635150321753003,0.1422610320775932,0.1955475611225961,-0.0214906052601844,-0.0774489832621889,0.0847444475208579,-0.252630681087772,0.1037435629580154
grims2,0.0014199920627299,2.0,1,-0.2773250411500558,-0.2644850563092463,0.2187260192430749,-0.258075101501766,-0.0724561892500347,-0.0617382305884886,-0.0011658497568826,-0.1044060595421282,-0.1288866111491101,0.2198721078056099,0.22234792063681,-0.0368347450891643,0.2611296208224041,-0.4930047751806891,-0.4708354215726997,0.020912115424479,0.1931175591136113,0.1797781017225921
grims2,0.0036887638375502,2.0,1,-0.1974851621312133,-0.2507335194065977,0.2239153343814779,-0.292454930735145,-0.088827535658422,-0.1964971338789603,0.1641087846805888,-0.523850527921204,-0.4036501059895763,-0.1024438150232423,0.0838088852416961,-0.1364175613232245,0.232103671678824,0.0682370177899503,-0.1645508555186399,0.3021444602642507,0.1953070980884375,0.0225494102504818
grims2,0.0023016359352278,2.0,1,-0.2289656338417115,-0.223804933393627,0.1191737473802691,-0.2933057465607766,-0.0730223798020645,-0.1957996578374653,0.1072607632445279,0.0142637405972952,-0.2067979542268236,0.5640527531477537,0.2317692459933499,0.0982598190467069,0.2326273363794641,-0.2994132747759032,-0.3381138455304875,-0.0713539812063434,0.1910093962273852,0.133879537988756
grims2,0.0070643724130902,2.0,1,-0.1782429426676876,-0.1980199069410817,0.0662154828100089,-0.307230464074689,-0.088844071290879,-0.1999706576352213,0.119969361217464,-0.2751245860263098,-0.2706759063568532,-0.1400490462807856,0.1941668649726089,-0.0704126991470567,0.2814791381402856,0.0573970103717028,-0.2875774630726722,0.5981666641606429,0.1835958018293339,0.0006372605004812
grims2,0.0028702751046629,2.0,1,-0.1756486084105943,-0.1968728751377527,0.0123319223186405,-0.3074812863260748,-0.0680988256175437,-0.1980749011933144,0.1499543036193458,0.075607044584763,-0.1421914632616936,0.5736777462754232,0.2394883752425014,0.1548243140900575,0.2593735395595458,-0.2907239981114073,-0.3655638251540481,-0.0067314389956891,0.1884299558802625,0.1094761112704081
grims2,0.0049819927991929,2.0,1,-0.1062861371491706,-0.1792807451372846,0.0585313519571946,-0.3219799764729507,-0.0769092602046909,-0.2031563616480956,0.169232879634318,-0.3251243621385797,-0.285748368184794,0.0050069981194737,0.1391851825672244,-0.0482086764274711,0.2953630907043892,0.1111462367471196,-0.2344552824379275,0.6078196392210256,0.2002529134386471,-0.0212045201127525
grims2,0.0139802004625087,2.0,1,-0.0633032618303843,-0.2014875062247308,0.0794306945404377,-0.349587521567331,-0.0294973434711741,-0.2238769608129862,0.1375933406241664,0.1497633115816684,-0.2372415816924511,0.6283796491832108,0.2255924758676498,0.1921198757210534,0.2939778296095399,-0.16710488528977,-0.1144619686856632,-0.1076002208714284,0.2317458623819357,-0.0533271294650106
grims2,0.0030330493068387,2.0,2,-0.0531198594599134,-0.1555061822006983,-0.0510105507709787,-0.2314652036539432,-0.0011357580107637,-0.072643980042614,-0.2567285359415008,0.3121643932243084,0.277688822522368,-0.0990461657125844,-0.2124300697273651,0.2788631874793465,0.5516071080453537,-0.3730118856698274,-0.2602604735032209,-0.0326255449391949,0.1561497119312506,0.0421891627503451
grims2,-0.0133374498430303,2.0,-1,0.0230003282919036,0.0623797014576882,-0.2884250126975799,0.3498569426443626,-0.1472440148729688,0.345120634556266,-0.3514671498731979,0.1273403889614767,0.0462311248504988,-0.103319373191385,-0.3510527691935898,0.3196585735676702,0.1625046962611583,0.1790585383641657,0.1584972902109646,-0.1073094683371675,-0.4027185715014365,-0.1180531556992098
grims2,0.0006250631606608,2.0,3,0.1349226585202943,0.1232665160481336,-0.2677993343167327,0.2619570500005856,-0.0266122675352132,0.1610418349037907,-0.1646008966259236,0.1676179836421404,0.1989194313648434,-0.0864183303654589,-0.4351437296593094,-0.4606834647794148,-0.1544905446808209,0.1666310710408264,0.143656264930754,-0.0913111841087357,-0.2850001436024802,0.3660351987002785
grims2,-0.0001300895226176,2.0,4,0.4538301193070215,0.442495934891733,0.1627098760821546,0.1869704536213823,0.1030184304064151,-0.1095793511465234,0.3831116751655374,0.1922793355405691,0.2875838999459829,-0.0054498683767142,0.1943347544803419,0.0580014982460714,-0.2382645817218504,0.2218778817121395,0.2681705261167659,-0.1032373898874823,0.0022254763385297,-0.1341427129069989
grims2,0.0046757230015493,3.0,-1,0.3067013551662961,0.2804885898977971,0.1180354326702872,0.228229596876526,-0.0188111548824219,0.3168241474916885,0.3019236075933716,0.2098352664576782,0.2581258165305133,0.1453608531093259,0.2326963560699706,0.1297989191222536,-0.329377489758666,0.2641605328843283,0.3033232936536624,-0.1049424693525009,0.2410494125647661,-0.1648395150413648
grims2,-0.000390825819038,3.0,-1,0.0668297615340522,0.2721484370960731,-0.5808276778643078,0.262567462795223,0.0955574823327726,-0.0136650871037814,-0.2191212647504733,0.5045347679775357,0.277841961090236,-0.0180422346110417,-0.0560743309583126,0.1258071849613488,0.1933701885751461,-0.0153610244272294,-0.1311249603671201,0.0915984387482323,-0.205006615803137,0.0393183275221391
grims2,1.2035727896724124e-05,3.0,1,-0.3603913286385444,-0.2801100055790038,0.4954666258938924,-0.2990852902144756,-0.0842505045472494,0.0679321597314679,0.0569797005231325,-0.1589766603831149,-0.1300913377873136,-0.0037514442955687,0.1883049656998779,0.0023846140439442,0.1969736009980317,-0.403434635993954,-0.287732411288572,0.0344243548747212,0.2160385961787443,0.1785386888121605
grims2,0.0066741276366352,3.0,1,-0.2805342505157893,-0.2090848044890225,0.4199142822978386,-0.2897105164188426,-0.076227387108821,0.0243782614917554,-0.008072801494442,-0.3122432267961778,-0.0867528363095521,-0.170225806153049,0.213803517663665,-0.0990657031472312,0.2916484240451721,-0.0079163139905142,-0.1945897818575965,0.5102063343949094,0.1909084110368281,0.0398240769078346
grims2,-0.0029403981403606,3.0,1,-0.3408238476912184,-0.2183690210212296,0.4684751306501999,-0.3278333815192296,-0.0754402855517819,-0.2209959954876076,0.0886927123581351,0.1066704395523223,-0.0530218515421363,-0.2227110600962309,0.1410791845976498,0.1305952618841377,0.262233918761515,-0.3562727351957751,-0.2793819973549702,0.0683004863698128,0.2072965414167188,0.1570890195958957
grims2,0.0036283533976668,3.0,1,-0.226867905161466,-0.1815915267650912,0.39910004135991,-0.3130434391951709,-0.0764619170366555,-0.1550512825450196,0.0791043186131648,-0.2443168757044675,-0.118080823058188,-0.185965206213141,0.1743277581793215,-0.0589062833203356,0.2710543890641502,0.0394255963637214,-0.1704192970456404,0.582952300686792,0.1892135824109483,0.0188112230536386
grims2,-0.0047812456189538,3.0,1,-0.1391202080213507,-0.2609280318302407,0.4519901147271448,-0.4404497047577483,-0.0324010034270554,0.1777755985544037,0.321479168368819,-0.0511048428079454,-0.2677361326988315,-0.3047584576684986,0.2732918260113938,0.1109093160392988,-0.0337383330229755,0.0268738216013485,0.0872316872564552,-0.2272321017543404,0.247016171116626,-0.0445607476155024
grims2,0.0008200498266928,3.0,2,-0.0792024511618088,-0.1404209105002761,0.069081425900831,-0.1600840606459981,0.013157399173152,0.3262507553003023,-0.2371844958402821,0.3155395799949723,0.3055475692853938,-0.1129736292477271,-0.1431692063970051,0.2661192393436043,0.5343357145435954,-0.372155971186252,-0.1698747949159993,-0.0713903430204865,0.1417600034123957,0.0753095486668251
grims2,0.0164702662603286,3.0,-1,-0.0866328165030286,0.0059658086637823,-0.0064014573745865,0.1762539307354112,0.9050321155246014,-0.0878172536284684,-0.1634099885258937,-0.1392119862442409,-0.0503194023302642,-0.027551903409201,0.1364277795863693,-0.0504159545371218,0.1811578991010092,0.0369706439284553,0.0361301014264219,-0.0422597040143322,0.1416929034527495,-0.0817087515389003
grims2,0.0002944355308954,3.0,-1,0.2552960560303724,0.2625204558655796,-0.339454784469546,0.2386200587488986,0.010632328362732,-0.0130943200754674,-0.2588628149012514,0.2295434463581738,0.3108612659892439,-0.0876074516815153,-0.2819061927180428,0.2428322185998003,-0.0796492863420731,0.2328025587297005,0.3662122388182433,0.0510766823958716,-0.3120531450736746,-0.1906996998819791
pedro,0.0006501989751249,1.0,-1,-0.2876826218572225,0.2062702469298487,-0.439397859285314,0.1663498187929076,0.0747548539179143,0.1206711380110279,-0.3376873488310361,0.1475900362758417,-0.1566083112025086,0.1277300681925007,-0.3689186211885013,0.1751130376406394,-0.0441245905982203,0.1768802051582617,-0.306831910112095,-0.0871626690969717,0.3500940257433034,-0.1812014169486373
pedro,9.657019295922876e-05,1.0,-1,-0.3508586830503774,-0.1503070882293494,-0.2606991165485285,-0.1370568962347577,0.3206827955817444,-0.0365553855881469,-0.3142839540997637,-0.2116484585497338,-0.3363138903918446,-0.1600449015371012,-0.2097011298650211,-0.1792480284765233,-0.2578020053027853,-0.1776884997716471,-0.3695331001488805,-0.0777418872649161,0.2442044402035402,0.0686942105957999
pedro,0.0001881455724227,1.0,-1,-0.2079457836306014,0.1477827374604201,-0.2795104275919391,0.2623161269876755,-0.134590228065649,0.1084668191646695,-0.3160229185167838,0.2375360466261723,-0.1310607648851668,0.2943336794785909,-0.3250746157511049,0.2443327698349298,0.0497813500804486,0.2872043770126468,-0.1718263240302914,0.3489488767400611,0.2990807744051593,-0.0832156664157039
pedro,0.0037189318686278,1.0,-1,0.1414374876294788,-0.0529359844682018,0.1750735980672242,-0.1830352292109547,-0.0854701689065736,0.4205080960484953,0.1680624299671582,0.2414396592218071,-0.0074056321322335,0.2880961936222071,0.009790954031003,0.2354530565188493,-0.3688067620842074,0.3025226244662981,0.0306511757819022,0.4900339566410762,-0.0362455640398719,-0.1840030318950863
pedro,-0.0161254386339059,1.0,-1,-0.1674761851351844,-0.2928186901803833,-0.2924353384439369,-0.3200012929985675,0.0456200092837968,-0.118717106123978,-0.1983092370640588,-0.3094742140072074,0.0226547815652746,-0.3498568627384719,-0.0327083812117085,-0.2975913437375528,0.0183473336656545,-0.224323641276833,-0.2043846087811349,0.1153201517069864,0.0420623784428967,-0.4764153949667061
pedro,-0.0001428462476108,1.0,5,0.1293836021965642,0.3968702852544838,0.3982934140054232,0.2862216483591031,-0.0280257341564506,-0.1754862829211373,0.1787204566779749,0.279363865567507,-0.0835202628951654,0.3294268939359975,-0.012440244994195,0.2791061747041756,-0.1501290483578683,0.1459790076599301,0.3899456867108927,-0.1478256776725076,-0.1127095290381336,-0.1400446275041919
pedro,0.0017015142880409,2.0,5,0.167234329260082,0.2957174404066638,0.4702274026139514,0.1778801545604346,-0.0804683740570976,0.2487768458605603,0.1964887409362699,0.2726868145300433,-0.0525095245544942,0.3411128107402023,-0.0233018738789344,0.2839744259045206,-0.1273754855169069,0.1834859830416077,0.3750387307337424,0.1638522104041691,-0.1154698003203618,-0.1395405654981064
pedro,8.51078103538735e-05,2.0,6,0.2263822192449326,-0.247103802648962,0.095477255247693,-0.2617556249791099,-0.1381697653524598,-0.1831291687965069,0.2368352694574604,-0.238613696443131,0.3714090239559617,-0.2560394605154564,0.2693805093411382,-0.2198133861082599,0.4058732428553123,-0.1517454427580479,0.1988301719800271,-0.1636784297652203,-0.2567003383365631,0.0063812670645296
pedro,0.0009210615643575,2.0,14,0.2885422284700164,-0.0028624815599063,0.1679827998398286,0.081363736963069,-0.1743564555235284,0.12257721268582,0.19352251616587,0.2860537008436348,-0.0911939171277281,0.3329000778510131,0.0042995062288208,0.2722567034740595,-0.1638681263764581,0.3566772646960052,0.0758136724400958,0.5001999649612928,-0.1314462408505124,-0.3108305364253769
pedro,-0.000470444136017,2.0,5,0.1746748097262456,0.3506998229999591,0.3382415762464876,0.3261493180320217,-0.0287553963997639,-0.166681925353666,0.2199990966853831,0.3100552614700148,-0.0861223387244359,0.382950067266775,-0.0003130551185238,0.285465600557285,-0.0481259639369368,0.1632865681915891,0.364034826587045,-0.1252940164351292,-0.1634187453900663,-0.1145043086300695
pedro,0.0027755090178286,3.0,5,0.2467855008344275,0.2874775943502984,0.4234157146799363,0.3276324917021013,-0.102009133768102,0.1183660239892256,0.2569787863274489,0.2731339455583683,-0.0231742146208425,0.2420105360705398,-0.006786882464888,0.280104751131801,-0.0395800256072316,0.2290175197423909,0.379080320569609,-0.0788248085734823,-0.1171097188455211,-0.2225232534710058
pedro,0.0001127090778227,3.0,6,0.1714756322428715,-0.3029527892198249,0.0318933930873517,-0.2782641027032212,-0.1147052972535215,-0.0887450985096136,0.1791597551037127,-0.3064981684938186,0.3588885194603011,-0.2637189104609406,0.2792619077566103,-0.3200938758973788,0.3212038127732626,-0.2615363950660553,0.1682005818060059,-0.0923666104785733,-0.253503959725081,0.0428821388331994
pedro,-0.0028420008726877,3.0,10,0.0738497139702808,0.3505065867049767,0.3168645260951558,0.2286973443350906,0.0085618859550784,-0.1396777534649919,0.1759035382921483,0.2089650918338594,-0.0754302306838782,0.0761863745541109,-0.0411037569600301,0.3264583943039373,-0.3580246983118761,0.1692762353690731,0.2958976061342051,0.4995888991869079,-0.0678490293787355,-0.0803202213248313
xxx,0.0007122608766074,1.0,4,0.1734092265864103,0.2248391518906096,0.470510848494619,0.1510888762499918,0.3431916986211186,-0.0699392563439465,0.0198480053758605,0.0975548567065891,0.5236204255405515,-0.0749465586643561,-0.0761555617120762,-0.2952899643465265,-0.3402411020939934,0.1488233354676253,-0.0901886685422325,-0.0882285109258519,0.0925144832329314,-0.0860499629964963
xxx,0.0028919415230621,1.0,6,-0.2107126949934967,-0.2281189798610889,-0.0959948944821989,-0.2435335684687342,-0.01849870517389,0.4031504523782235,0.0367643151196628,0.0667571555918603,0.1263582093069342,-0.1898285264477669,0.1805578876137363,0.0034936071524331,0.2228944076800916,-0.4420531788446182,-0.0654142179606024,0.4740075869463993,-0.2160031555065835,0.247043563679458
xxx,0.0034423880584817,1.0,7,-0.1684205168091885,-0.2573720639477842,-0.1058322869398714,-0.2637987341289955,-0.3720030804836154,-0.116282778776057,0.3394591333064209,-0.4437612174622861,0.067227003800402,-0.186453444998581,0.2882151730944782,-0.2069910344997581,-0.1573158383479198,0.276657679389241,-0.1248297792337559,-0.1701622406475849,-0.1199453986635421,-0.1874285746321119
xxx,0.0039813655473527,1.0,1,-0.1265732239167513,-0.077747171371205,-0.0133508113153815,-0.2987741076465942,0.1551708179045397,0.3735495925817851,0.1063541194679904,-0.0129161694496961,0.0902775884539566,-0.088727035053003,0.1737389796454472,-0.0127167187317185,0.1587499611691221,-0.380584479118148,0.1620699580230447,-0.0987843128996345,0.6297526221102515,0.2537048034821962
xxx,0.0044517455251744,1.0,-1,0.2453135199663043,0.1227099336948169,0.023125495312969,0.2189290851721965,-0.088229070559394,-0.1195061748633474,-0.3675805226025143,0.1683373484500865,-0.1508092350454199,0.2424182707073795,-0.1274684794507271,-0.2292515794777225,-0.4927992976681968,0.1905487721359465,-0.1540215760036062,0.3462079253071442,-0.0873000438250092,0.331815342191054
xxx,0.0040343776870497,1.0,-1,0.3875186864547316,0.1918742019940233,-0.2365534121852648,0.3289909029531018,-0.5387822728202847,-0.1840680706536984,0.1143189888879816,0.1972226705452046,0.0462819458904074,-0.0343331737521666,-0.2598120142370986,0.2708772052184879,0.0626950860464969,0.1605128189264108,0.2480675172901716,-0.1251050449535562,0.0552134954519519,-0.1362283353512972
xxx,-0.0001735295301942,1.0,8,0.2244380302027815,0.3287786245826476,0.2137845182434716,0.2920449691460623,0.2808840560455971,-0.1250698049941047,-0.276816009075885,0.2851240034052854,-0.1970324845993763,0.3602025466309536,-0.2973103411725884,0.2347845859961352,0.0715349417461875,0.1192543656318628,0.2188520241471425,-0.1100635632699365,0.1017895526346759,-0.2372381012060975
xxx,0.0011335375653021,2.0,8,0.3688400411615595,0.3456359051181427,0.3390445801290024,0.2738813515326355,0.1723006265302052,-0.1027711076379862,-0.2592344258293999,0.235027790157349,-0.1102835446742831,0.2925893067583717,-0.2607597792514008,0.1650485074309552,0.129728082471756,0.1580207740399447,0.3637406264121093,-0.0324041359846258,0.04374684680441,-0.1475196043417028
xxx,-0.0002339009064939,2.0,6,-0.2676431070572146,-0.2836945076533798,-0.2727020505279693,-0.2374443704389816,-0.2161920152918382,-0.1763052439303046,-0.0599066084501394,0.0503256559606201,-0.1632581172479436,-0.1656798739920767,0.0421176276691072,-0.0118263783361937,0.3687459385349149,-0.4337404954967429,-0.3132661445996434,0.2376954834807094,-0.2277859704666962,0.2157589205584491
xxx,0.0014255912160673,2.0,7,-0.2458200530523044,-0.3009088450219893,-0.3021659970365358,-0.2509288436489409,-0.2993811899558958,-0.2013820558628159,0.3234728904024377,-0.3161007989179018,0.0973334295514631,-0.2214960038097007,0.2018169028859862,-0.1596783997584635,0.063676432055008,0.0760039787030444,-0.1972173563535293,0.3699457579044308,-0.2223683943792819,0.0149487140875787
xxx,0.000922169423992,2.0,6,-0.2033175373711138,-0.2332225609104149,-0.4217809684665482,-0.2276850826057658,-0.2826229943137724,-0.180549047644903,0.0408914343365357,-0.0535830399154989,-0.109121643934239,-0.1443653520799636,0.0257672379139443,0.1032118391240124,0.2998110906063598,-0.3050396605501218,-0.5050272827819765,-0.049515026710042,-0.2193040132901196,0.1578373068043466
xxx,0.0026840810732227,2.0,7,-0.022645903721737,-0.2107693624549682,-0.2709992404980698,-0.2301356035163872,-0.3712605147353413,-0.1209633425468101,0.3730438213500458,-0.4110773314612194,-0.0703957698694467,-0.082366975259664,0.3895405710199237,-0.1377220915371048,-0.085584093270943,0.205537853292133,-0.2605456332162671,0.2362985773815568,-0.0559632901162205,-0.0957872369012961
xxx,0.0036352431887621,2.0,1,-0.1004944644283477,-0.0786890564753531,-0.0325727765341528,-0.2885004349521705,0.0560950539999045,0.3112151349273753,0.3550147871005259,-0.2500445642090823,0.0579517404090075,-0.1096276297518892,0.2937739148871898,0.0365037315193122,0.3645103187871754,-0.3410440182479133,-0.063168828815563,-0.1739006305648389,0.4581100791124236,0.1206999718776793
xxx,0.0075367356737166,2.0,-1,0.1769734124089058,0.0467337098432529,-0.0495868715046926,0.2120049822603161,-0.0480503800939677,-0.1118617176121895,-0.3505820444534886,0.1442227195060849,-0.2146604178296677,0.247191309401622,-0.034750864393436,-0.3169501582359939,-0.4474769096377003,0.1646888865613886,-0.1148954668944693,0.3389817881719604,-0.1074773490609768,0.4297614179007852
xxx,-0.0005469133695544,2.0,8,0.1747190739751158,0.2835962641171891,0.0795491579087388,0.3137643743362721,0.2110085999094579,-0.1145280506040235,-0.3024380901573784,0.2958070638731525,-0.2501784582497382,0.4015197776701219,-0.3628046032607234,0.2721511006257913,0.1437015471068025,0.0833612984530645,0.1996443113831524,-0.108643229804458,0.0466299958502659,-0.1916317765405341
xxx,0.0002977705893465,3.0,8,0.4331478536615128,0.3559140000669355,0.2039267136044971,0.2750515685629759,0.0954457770237988,-0.1967573830845831,-0.1830136147746487,0.3149925238016628,-0.1767037078566707,0.2676359247354666,-0.3177371977248429,0.2028860866706237,0.0459339174307678,0.1861541182825854,0.2317697119156749,-0.0347135523972337,0.1533135379955615,-0.1666361996695455
xxx,0.0117596873185857,3.0,6,-0.1059985415391629,-0.2433381007231984,-0.0847699148481539,-0.3493907469818765,0.077839041121558,0.534370234597829,0.1886275175193875,-0.0478609987710879,-0.1166282991148682,-0.2092208934709927,0.2737419968571998,-0.0607068995849684,-0.0589582786610898,-0.1715933630589753,0.5033858603733911,-0.1244229403220023,-0.1722247440397284,0.0579128580037288
xxx,0.0144337631442017,3.0,1,-0.2038260373377826,-0.0272884292896403,-0.0891535251656767,-0.0665657481933617,0.0254966931124175,0.1638799950261457,0.3079851680987129,-0.2152474408650927,0.2360624645256699,-0.1533178196366514,0.1541494317422218,-0.0153022631206632,0.6194058968036751,-0.2778689838508582,0.0178140511363421,-0.4500903882911187,0.0873510676588776,-0.0447893710513829
xxx,0.0057272391357346,3.0,-1,0.1866207901635816,0.091065222557068,0.1096871702571073,0.1961926884323227,0.0476006342910478,-0.1076926125052183,-0.3773798298880504,0.1376284910392018,-0.17349849815389,0.2239322469629933,0.0452337759310305,-0.3003784912301225,-0.4970973567594992,0.146182048848475,-0.1746832561109436,0.3072592690980597,0.0942526292359122,0.3953916542844036
xxx,-0.000730230566755,3.0,8,0.1729110182637973,0.3671884354668119,0.2943594636746254,0.2431858912481707,0.3673746819000619,-0.1442635048176401,-0.2291239669402823,0.2341132610004054,-0.1906286414867665,0.2787889232769433,-0.2380330455270221,0.1957051500764242,0.0291536045720585,0.1029903535082187,0.3942997498838926,-0.1073479064669137,0.0845881942505151,-0.1782522957770757
slasto,-0.0016263788023517,2.0,-1,-0.0602904872573695,-0.4044540217299934,-0.5511998695601272,0.0039866760127421,-0.0204422511331013,-0.0659954954565857,0.232499946498658,-0.189704201489983,0.0507947119165083,0.1103945284278376,0.4077430998430094,-0.3298605191108041,0.1319575622583659,-0.1185585742135858,-0.2671277160188303,-0.0066467437988028,-0.1277323533356521,0.1584685316083679
slasto,0.0009746052146538,2.0,-1,0.5509927983303239,-0.0226700953311512,0.2771809126132503,0.0666587423646895,-0.3681306367349856,0.075831814094866,-0.2145555745989051,0.1577407581756075,-0.0296445739362756,-0.1026305886860541,-0.4989409211278826,0.034633487207448,-0.0014636871928398,0.1139321909789907,-0.0859714051514036,-0.1531045408173038,0.1624539086090083,-0.2658459780127101
slasto,0.0030500179646737,2.0,-1,0.3509207795197803,-0.0469402853224993,0.1719645057008382,0.0711080098538318,-0.2916639988216287,0.0817319114663798,-0.0633072709189878,-0.0378673693441461,0.0560484968143499,-0.091357625063867,-0.4804054428246413,-0.577960555846713,-0.0117939645012372,0.1110223947757404,-0.12976191271802,-0.1578399372879241,0.1878578228867388,-0.2775079451797052
slasto,-0.0011077657481313,2.0,-1,0.0529561909071448,0.0886213600706841,0.0633279116873704,-0.0947613612640954,0.1978494735151151,-0.1064160077347046,-0.4432420976171755,0.2790003993700015,-0.4286541798665453,0.2106124269390343,-0.1284013438913764,0.1191426319911021,0.0072398558053999,-0.102175798959756,0.2841857537348282,0.1868681046416886,-0.3961914646009895,0.3311391040337901
slasto,0.0092714522514097,2.0,9,0.0891892049806132,-0.032439295024635,-0.0914067400040138,0.0660181225147779,-0.0533131350821919,0.0861791146803444,0.2850562713010285,-0.1197596411064357,0.3276666649908777,-0.1561380954221205,0.1132932595955168,-0.0685749834870984,0.122081549096317,-0.143485545473642,0.0863441696811611,-0.1140435293784652,0.3707364487789207,0.7278252615272046
slasto,0.0037269545335199,2.0,10,-0.4695379400427105,0.0262546704206737,0.1525634113120305,-0.0813906421255955,0.0880889337145667,-0.1146015099987889,-0.3729398706856146,0.2298873432881419,-0.4083170618444972,0.1717933516393106,-0.1609388765588524,0.1068889493771777,-0.2855320487572831,0.2118297823775361,-0.255368557704148,0.1646989750848493,-0.0346102161820489,-0.2874366095632769
slasto,0.093581421958358,2.0,9,0.3881816036381589,-0.0121721986324011,-0.0555689589102989,0.0574865619902712,-0.1054331993026575,0.0788102266158858,0.2072479644280397,-0.155175459953804,0.2480134983522598,-0.0860167239992676,0.1172185834515062,-0.0484036390785553,0.1356242896639373,-0.050073157791052,-0.0441035200023471,-0.1011265585854551,0.3212783662420078,0.7328918562323102
slasto,0.0019410879488794,2.0,9,0.3920198080983662,0.0171154454369598,-0.0201715035664653,0.0521580976847759,-0.1038268077885397,0.0777759721018058,0.1404377008103222,-0.1327768600745626,0.215220977563923,-0.0821595611886606,0.1196917920681971,-0.0456803843120385,0.1004196311120023,-0.0164865270109682,-0.1236921734767726,-0.1167350999723997,0.3740016480591971,0.7348983340466217
slasto,-0.0295072790024708,2.0,11,0.6156094599243267,0.0716224760276541,0.0040819832875073,0.0716633484709473,-0.1768033340045883,0.1202018551555976,0.1529022139263083,-0.1873422154956182,0.3036841976174206,-0.1323543234137683,0.1940483821173258,-0.0779149000903823,0.1120199603194202,0.0107050331654196,-0.2417116830158939,-0.1874245315051964,0.4919980833012113,0.0693821089953345
slasto,0.0001400633496727,2.0,11,0.3527555263247805,0.1591790327584812,0.0162412995295304,0.0502561691050352,-0.1929256121727979,0.1101221562802677,0.1309807568013669,-0.2958209147232117,0.2412887860011811,-0.2120106000203457,0.2031749550791047,-0.1669410699895378,0.0781793153524136,0.0310381951440448,-0.3119836976687329,-0.1850745027195565,0.439159145281454,-0.4354104655463208
slasto,0.1084808638157451,2.0,9,0.0495965905277512,0.0917706051205876,-0.0304568430518668,0.0352196101796132,-0.1063828876572027,0.0662093802813859,0.1023538029344613,-0.21289195522187,0.167042138315107,-0.1525129039918559,0.1090321296888901,-0.1104872225259886,0.0500097780101181,0.0199983173877448,-0.222016055303463,-0.1159769253618987,0.2979236664781976,0.8281244570971611
slasto,0.4247564310737846,2.0,-1,-0.0508233169583074,-0.1129618127553163,0.0473094749304131,-0.0407476491608715,0.127672679497768,-0.0775120997146745,-0.1176447235453696,0.2527800404350065,-0.1954107904120745,0.1776912308070213,-0.1245411144536874,0.138333299120945,-0.0592943591711635,-0.0237913626250105,0.2656375624393221,0.1355281776532521,-0.3453041310326167,-0.7510375874276422
slasto,-0.0017947550183158,2.0,-1,0.0060426856625837,-0.0680622950265562,0.0726796353867038,-0.0427317208931478,0.0928180773549229,-0.0689667904822298,-0.0883437515475372,0.1849418100432246,-0.1726058183841716,0.1577171047413358,-0.1147664825596639,0.1036527809244833,-0.0572568506570545,0.0275539467286103,0.2023055551733978,0.1236276834835751,-0.2528536297777106,-0.8544450891573355
slasto,-0.0012366097817663,2.0,10,0.019548354869831,0.2743052250594014,0.3639157380677154,-0.1328998361362712,0.0413531472903581,-0.1126701734048579,0.0845192188087443,0.1045654652250306,-0.0848179306442102,0.1926133933512796,-0.1374377834042447,0.0536605821299155,-0.2916809694509741,0.373029335763793,-0.4826923386352034,0.2713152076867478,0.3238568700056404,-0.2000425069052669
slasto,0.0010626890802311,2.0,6,-0.5080445561002055,-0.2700812346595302,-0.2341334776696924,0.1383067945137813,-0.0656744554075825,0.1002561694245123,0.0565340242292258,-0.3503267425649043,0.2993115325469265,-0.236035849522172,0.2434508734605742,-0.1433947578351386,0.1168659450747605,-0.0732778845766557,0.2076578864061159,-0.2267189807780302,-0.3158323442601572,0.1275887280975317
slasto,0.0002314690841522,2.0,6,-0.4490518247991999,-0.2300210624039346,-0.3841107404204928,0.1195370010455006,-0.0085191330325151,0.032243229272213,-0.1246657225743679,-0.125084446957041,0.1297269493115963,-0.1925351104085204,0.2079560294423818,-0.003511343409814,0.158631174226184,-0.3595684697088389,0.2338930534888797,-0.208877930041569,-0.3950441766662816,0.2128536490857128
slasto,0.0006879569685797,2.0,-1,0.22740085981713,-0.0441613066025787,0.0177636378288012,0.057689528981341,0.2948025621089719,-0.7350750050948606,-0.0962974154467206,0.1406640298751298,0.0709256835746001,-0.1021409445801982,0.0311480268702742,0.0956536658491529,-0.2526572581516562,-0.1784204148748553,0.2296795989127362,0.3106212896580564,-0.0291685432749472,0.1226781699619567
slasto,0.003559032101521,2.0,10,0.2443979510194889,-0.1202847292590971,0.0730097639971403,0.0696073205644101,0.0405406677633756,-0.1291429675737015,-0.2132637825084659,0.0094472294294393,0.0827502154763085,-0.0457081164196316,-0.0450937735179821,0.1479412799196234,-0.5469562729068819,0.1720925273981666,-0.5266020712241938,0.2436318705112128,0.3906463516208474,-0.0287884146385557
slasto,0.0040573371134689,2.0,-1,0.1533410952568145,-0.1303360470066137,-0.0038416651348774,0.0814050956847335,0.0944814587292389,-0.7286022799557018,-0.2937163386238274,0.1691436554794178,-0.0210140606721156,-0.0306524177656356,-0.1223941992698839,0.2371142904105307,-0.2413751290407553,0.2243653902883295,-0.1551257981878187,0.0380038278016375,0.296654383116411,-0.0590930326980113
slasto,-0.000118325062721,2.0,10,-0.2502234026468606,0.3118212262954327,0.1064353023323039,-0.0050565301747999,0.3086249051275909,0.0654338671775573,-0.0443061735182578,0.3407435424755063,-0.2431832772948712,0.4368421940421975,-0.4252069639623601,0.2336631239037887,-0.2062463499839262,0.1483628742489547,-0.1205103789600389,0.1185595594849562,0.1532249720032702,-0.0960565939389106
slasto,0.0026259188890678,3.0,10,-0.0486762208836915,0.3949251003058999,0.4211681819705039,-0.0147069776998528,0.1385985571813687,0.0560226025369667,-0.0215971730223754,0.3255031400101306,-0.2001296081249093,0.4226650215290531,-0.4291079048733733,0.2259166890666117,-0.1360073138246881,0.1298128477137012,0.0516637917073996,0.1562678240720437,0.0759177536857585,-0.1150124280450228
slasto,0.0026067335908858,3.0,-1,0.6290196006442124,-0.0649294426323244,0.163345855049607,0.078267258049864,-0.3887988186828396,-0.3039676940080524,0.0124482797624338,0.2083681725793665,-0.0839854099661092,-0.1444841011575446,-0.2866271835898842,0.161064197956933,-0.05461395490108,0.1686665137431911,-0.1684962503391404,-0.1880590356538002,0.0676672533377787,-0.2106765241666086
slasto,0.0019878160061089,3.0,7,0.2117271515671649,0.0495166979111704,0.1568011430474976,0.0734891986387836,-0.2698473837340971,0.1129000884543651,0.3914262226159481,-0.2892913302567216,0.3229543885487509,-0.2451831400770857,0.2377661150549665,-0.2134601111899267,-0.043531022889146,0.2016097356551896,-0.3099598469061414,-0.2276718474545628,0.1842505052210809,-0.3306855491104963
slasto,0.0002448164930685,3.0,6,0.0367976281806315,-0.2406681631419536,-0.2365360676205688,0.1190965117543194,-0.15956369046924,0.1007834895670587,0.126595539739965,-0.1208019878419491,0.1124349149606606,-0.1502997493407558,0.1426594142633537,-0.0871485493546866,0.4023525782290761,-0.3230676229867931,0.5465535272478161,-0.2156737920301414,-0.3081835178858727,0.1862861585029755
slasto,-0.0001043265252199,3.0,6,-0.1400173877242356,-0.3451270574937671,-0.3241043301138156,-0.0175112249916591,-0.1640491097889597,0.1005302663911652,0.1321770244789835,-0.2262701393239775,0.2314968385569684,-0.1872944148069618,0.229992420127196,-0.1250843484910564,0.2915246658637744,-0.3205963239909374,0.2850165406722761,-0.2136662003371253,-0.3687813192135427,0.2058548966322826
slasto,0.0080092763987687,3.0,6,-0.046590959327629,-0.2895480526851071,-0.2494345027961441,-0.6155408249385258,-0.1058723346957424,0.0701052849409037,0.0046855504030288,0.0118045872926852,0.1419343940266252,-0.1122273556661238,0.1281259438069437,-0.0051938548440163,0.1374715093032723,-0.3933051360774737,0.1158158555007383,-0.1296068452028246,-0.3740377634825147,0.2524117630436736
slasto,-0.0073601672004305,3.0,6,0.0647217984163425,-0.3202341369066036,-0.3405780108525235,-0.2037141475114876,-0.3064061132360194,0.0801379393054954,0.1639379160379158,-0.3481060756812357,0.0259521559262063,-0.0636368298267767,0.3883929244863471,-0.212551906154887,0.2944131631043383,-0.0895203923747721,0.3458743579781523,-0.1780936228423555,-0.1866657173410674,0.0759870173654963
slasto,0.0038976904096875,3.0,7,-0.1382732503871042,-0.2183617774327944,-0.1793258849797999,-0.4516504375445221,-0.3219227008722162,0.0521622188524142,0.3868542611671584,-0.4803180948075979,0.0896274275727547,-0.0285298469141604,0.3163208831072751,-0.2016986220868604,0.0580830898027388,0.2070090524224744,0.0518815392396642,0.0782576560121164,-0.0452471411164736,-0.0604815899867639
slasto,0.0071139980824346,3.0,7,-0.2632635731033537,-0.2112453668008269,-0.0660024651080113,0.1146262929200345,-0.4115989280386832,0.0638937387937083,0.5392188417533653,-0.4667919510333718,0.0699511107338983,-0.0487746790585339,0.2280658539741439,-0.1349750754219141,0.1273330717286838,0.2621998772158203,-0.01917796845854,-0.0682750174491316,0.032111227775631,-0.1337799657603381
slasto,0.0002409550389784,3.0,-1,-0.0803026764239315,-0.0302994742920185,0.196639762677849,0.0526975933236358,0.0604477605980672,0.0562963394902085,-0.3433381922434859,0.1511842924092742,-0.6707362770644942,0.3784609177342253,0.1160269738737694,-0.3422770321732246,0.2079808832683657,0.0530354829503974,-0.0781256700154044,-0.0821259410157981,0.0405348974454266,-0.1390408269897255
slasto,-0.0001340486052485,3.0,10,0.0065849745304946,0.3441093124490906,0.2245467608002074,-0.0045424387768294,0.2238429297683098,0.0018490361662148,-0.2606764478382541,0.1474777203256529,0.0911821567690101,0.0795969495599567,-0.0062061694518783,0.0798209800336167,-0.3779302111982887,0.3160761931655996,-0.33952240522498,0.4206347046666164,0.3223434571605211,-0.177152703526809
slasto,0.0008782446992962,5.0,10,0.3358277867262045,0.0977121138320832,0.2414914159821341,0.0328131978926554,-0.1778689163013056,0.0463378689361694,-0.0569872374733455,0.027575270320112,0.1043779667842405,-0.0679309823767894,-0.0291845024563886,-0.094404862595546,-0.3958970125737556,0.3716076800456173,-0.3336787697038547,0.4580259577375994,0.3071485919946677,-0.2119317800135002
slasto,-0.0046103612630521,5.0,6,0.1003753713053176,-0.3078353006661628,-0.2343666515690287,-0.1581372497207478,-0.2178275512385543,0.0862224763170473,0.3391334377559754,-0.0518828785181619,0.1410262045340006,-0.1531936030300361,0.1080844782289144,-0.0206568176642913,0.2014136360850697,-0.4633655046058847,0.044332549655021,-0.1630901050337188,-0.466935914185129,0.2920736864813471
slasto,0.000516244093722,5.0,6,0.033685703906612,-0.2658236751605349,-0.2920138140709578,-0.6273619189828818,-0.1580866415325779,0.0745709146217435,0.2275403615522089,-0.1824809386006151,0.0744684148908618,-0.1088761990003393,0.1616669745750411,-0.0737788819580694,0.2658856637479845,-0.2195569043871292,0.1822929261981092,-0.1567336680339526,-0.2881656859833278,0.1581352053442367
slasto,-0.000584600019447,5.0,6,0.1572432626552768,-0.3295670664491639,-0.4135774880489483,-0.1464491511090339,-0.2403599389141773,0.0883144516961069,0.2879082103046912,-0.2687188146433115,0.038648738794628,-0.070802951327695,0.2202876769986444,-0.1291014244376381,0.3465270002619223,-0.2313535759491075,0.2687655619843942,-0.1780150375051256,-0.273871680954344,0.1710470466741174
slasto,-0.0037118742404752,5.0,-1,0.0041294924724326,0.197923786660338,0.1899092993033007,0.5561004085453307,0.3780341940431221,-0.0445119356928277,-0.3989535170298831,0.4141596604752814,-0.0261618083580921,0.0578298149613317,-0.1343232380013636,0.0991344258160112,-0.0633205861243199,-0.2102410812072595,0.0039315919481189,-0.2292919022252934,0.0524814584067089,0.0667695865128862
slasto,-0.0003900645150635,5.0,-1,0.0243265616919598,-0.06718453826999,-0.2644806383330423,-0.0356372807570071,-0.1484144069022272,-0.0485654916037738,0.5144195418366613,-0.0812300169415802,0.5643643579211076,-0.2546236265928843,-0.1382557060311595,0.3667030634630317,-0.2309722717416551,-0.0860431020481053,0.0818831620191933,0.0939393143283937,-0.0125524430741777,0.121237351053443
slasto,-0.0004442513688151,5.0,10,-0.2359154949100183,0.5296370213550039,0.2965794125114488,-0.0368059916350168,0.4533300222314613,0.0741549014931365,-0.019327682430794,0.245536461110017,-0.2193654354561048,-0.1294857352829668,-0.290967621967518,0.3070296309771204,-0.1452703374510691,0.1034771572445646,0.058188777759724,0.1283951884024352,0.0703568785878683,-0.0489516243246393
minestra,-0.0013926442966834,1.0,-1,-0.0061020365953898,-0.25265913529441,-0.0812297334776479,-0.1455302041938725,-0.2166021613545275,-0.0263120178523732,0.2901686174691719,-0.1773028021373955,-0.0331463574768719,-0.4404286696077735,-0.1807748740488563,-0.1521305564392233,-0.079519577824142,-0.1534465232031893,0.3396484671026474,-0.0374920934727102,-0.3233260666153448,-0.4929815920331442
minestra,5.8049512980964686e-05,1.0,6,0.5292811559578642,-0.0860651194660787,-0.2365668160359557,-0.1617655589102241,-0.0117925170563609,0.0760402876679941,0.2460015397507592,0.0804848621106295,0.1617622088717516,-0.1264246674327272,0.0260807796838268,0.0243120062652639,0.5812212441031458,-0.2824765988176135,0.0776240313347587,-0.0543346884703808,-0.261420407792843,0.1380416896937886
minestra,0.0011300074181295,1.0,-1,0.5371738211435,0.1062161591067081,-0.1568793720974565,0.2644398223443496,-0.0799502064842371,0.0777653115158093,0.2416336998173696,0.0417053930786123,0.0900882889862688,-0.1250936331808793,0.0984094780041256,-0.0191560123332572,0.5054025098413111,0.0625440970128223,-0.3528012372076957,0.2743014685132318,0.0363361367365878,-0.1971489614327364
minestra,0.0002795521868949,1.0,6,0.4136074062658513,-0.1935383056633663,-0.5047813125756856,-0.269585904519963,-0.0172554207825873,0.0638485142892514,0.3012812360743112,-0.2284153228429926,-0.0990085060887292,-0.0565312862506495,0.1429615598081768,-0.2028261680213883,0.2838614807568144,-0.2607609951973512,-0.0294631768367982,-0.0875627122213219,-0.2432932049830317,0.1606154369685383
minestra,0.0022714375993146,1.0,12,0.2883403144285719,0.1655569440144964,-0.0953022243386755,0.2747679928349361,0.0311009964632311,0.0563653913353622,0.3441247147297817,0.4042462405729341,-0.3607341898829438,-0.0373437369949318,-0.4107248193079597,0.3130769800712577,0.1181928542148216,0.2090764262538783,-0.2473202229928267,0.0077205316324468,-0.0101517233030768,-0.0405139876951172
minestra,-0.0001480831779419,1.0,6,0.4634857172209137,-0.0145806992714854,-0.4323827123991532,-0.062789747684238,-0.0902325547994073,0.0711220861584269,0.2628327204724563,-0.0245541238700851,-0.1400529621829412,-0.1070232978545412,0.1244664290288859,-0.1572618248326082,0.4767759452237406,-0.2117594747714065,0.005977361331013,-0.2500467856038366,-0.2668010573518824,0.1843787530122282
minestra,0.0002808763796679,1.0,12,0.2688423922302907,0.305621826619718,-0.2236631215371435,0.1376115214027602,-0.0949136944443386,-0.5270652945779903,0.1847895974089197,0.2121791101699293,-0.4266315746364033,-0.0392316712895075,-0.3029475327786902,0.2060206035215361,0.2260546495055806,-0.0360476780700784,0.0003563527820078,-0.1131863410247085,-0.116374573126803,0.0534187543814191
minestra,-8.215976107029888e-05,1.0,6,-0.0596552344507702,-0.2264740126609378,-0.3934554104518887,-0.4236631114112544,-0.2260654776263793,0.084145293201536,0.0926614767104405,-0.1269979704910147,-0.0777229614572732,-0.131535158283833,0.1208836849217695,-0.3530293136095229,0.2285523467805487,-0.1481443516367281,0.0324207273493817,-0.287612316729317,-0.4166961523838506,0.1837853212067862
minestra,0.0025485330318802,1.0,-1,-0.0868507872812397,-0.0741181026812011,-0.2301185729343956,-0.3015374842190008,-0.5354160487017365,0.0722814273656069,0.5149385802512644,-0.2426135343107239,-0.105814623768039,0.1164556062465675,-0.1558535989494197,-0.1546222795888716,0.0723914606890377,0.1490601309904294,-0.0453644004180071,-0.008332212850169,-0.3487401273297597,0.0547951044872629
minestra,3.9609794701752375e-05,1.0,10,-0.0202630748213266,0.0554422167501036,0.0205568442119172,0.1395576274412895,0.0488416670178207,-0.0366303233551191,0.0055657866838941,0.2052195368347022,-0.2960592018802643,0.4192476666653917,-0.284748341922995,0.2263945598151334,-0.2276921022867692,0.2161952402271097,-0.2050837486754796,0.58615115239565,0.1887712943641845,-0.1230299214303379
minestra,0.0102180695955428,1.0,17,-0.1470219946073652,0.1389373619497871,0.0532613796602761,0.2123004890941214,0.4273196094849338,-0.5330296969569305,-0.1635976561652201,0.1938588996260486,-0.0686764025395666,0.0205244025562339,-0.143139420941777,0.3127814651483546,-0.0497402680815824,0.2487603779821243,-0.215427929709157,0.0151470011618479,0.2809818722507807,-0.2582642109056745
minestra,0.0002290188915924,1.0,6,0.2869614636234702,-0.271235653699892,-0.3046327536924755,-0.2294725507131583,-0.2666035038830988,-0.0489575436532287,0.3939861523908163,-0.2265433581937405,-0.0773317161672502,0.0331638452371138,-0.0517847869619629,-0.2526427825353728,0.201221262733036,-0.2747758281174651,0.2000742631393542,-0.0614173017887753,-0.3090467809293218,0.2995175889877382
minestra,0.0010992258050442,2.0,10,-0.1985630366463257,0.2665348827652846,0.1976925611233027,0.2391891118773254,0.1667352290928946,0.0087452368888084,-0.3138650995305267,0.1998578204519586,-0.0107757046917602,0.5378735984708257,0.1408478006396523,0.2024261282092797,-0.1734998240105822,0.2178509955409391,-0.2655210209146181,0.1091761945974593,0.2485563325795446,-0.234319478820971
minestra,-0.0001484190662759,2.0,10,-0.0531225351537952,0.2244246939175954,0.2048237632350146,0.2949860333126141,0.0554344874453003,0.0078149543526832,-0.1327087202611305,0.2725509629404804,-0.1673071619936962,0.0835187723459417,-0.2204238522106316,0.3318415997110427,-0.2137446982847098,0.2838107520123261,-0.3824056711677972,0.3200336279414114,0.3076112070768339,-0.2441805144833058
minestra,0.0033594711447089,3.0,10,-0.1430421356041384,0.3112311575290479,0.4360634893770184,0.3288857427117356,-0.0356205245753415,0.0429636453964357,-0.2498765357815097,0.346655397197783,0.0376044029130677,0.1443862882643602,-0.0832098484584251,0.2847625056100031,-0.2273699412667471,0.2416223719060847,-0.1926869990535609,0.1071430272992831,0.2446975759860443,-0.2641886525349427
minestra,0.0002173772134759,3.0,6,-0.2366482517459023,-0.359673135759194,-0.0424896346559725,-0.33521477369435,-0.0301777219112519,0.0606359147385292,-0.104998833403843,-0.4644402391016557,0.4015681108359874,-0.1498942659081235,0.1181747600404769,-0.3654299212125819,-0.0963028301842626,-0.1253280990968996,0.0320671732920527,0.135022893236104,-0.3043621903992379,0.0321697286741788
minestra,0.0001752783729199,3.0,6,-0.0405208868531843,-0.3732212553596716,-0.1789515942259605,-0.2807499008379222,-0.104105692184753,0.0194621840070297,0.0424678575590311,-0.375420444569925,0.1363965185065374,-0.0807645198551724,0.2072626995495921,-0.3858515355270157,0.008839849268035,-0.4028485506842317,0.3169641518674769,-0.0983759103278259,-0.2996623487799328,0.1224177486257151
minestra,-0.0076477593211258,3.0,-1,-0.2978043531741388,0.3049335949070985,0.304695159999114,0.1204753619264131,0.2414572968858149,0.0261991251278625,-0.4216833253918634,0.1741025875729515,0.2573398009720761,0.1965728272295813,0.105568059503662,0.1156312863385684,-0.1386887416675236,0.1366868334978894,-0.180890636415452,0.0289411668494818,0.2388934584489702,0.4311974532093227
dan,-0.001324566509426,1.0,-1,0.0734757477045075,-0.0070772144501556,0.4105653985779055,-0.0335168527293153,0.317125173964406,-0.054195005390116,0.0839408224598126,-0.0021411661421012,0.4230629490766999,0.1593557402228611,0.5003265759593973,0.0242169489381681,-0.2427425462768018,0.0307990396755615,0.1519261711254556,0.1225276723759028,-0.3374431058895306,0.2172168511377017
dan,1.292453410550251e-05,1.0,17,-0.3248906980630014,-0.181649937019271,-0.3533721144677118,0.0410249307154141,0.2509165352237727,0.0681187753707624,-0.3357753088836716,-0.1958008859699715,-0.405471434692253,-0.1328795999844685,-0.0233901852914747,0.0935552950238341,0.2706077524180146,-0.1108222713759202,-0.3547680072475814,-0.0222081976699938,0.2951691454860604,-0.1608099899353161
dan,0.0002163684188996,1.0,-1,-0.0907344798129658,-0.0099234627799157,-0.0077924209120425,-0.0368294719560612,0.4500395277481791,0.2596089544496873,-0.0781347533266275,-0.0972417534637779,0.1697314235747726,0.2223184616341089,0.3514779683114404,-0.0878356092962633,-0.3538038630133711,-0.0188386691295269,-0.1800174585059071,0.1759535296132294,0.4957748173767907,0.2461330610402042
dan,-0.0010788018113608,1.0,-1,0.026999167705446,-0.0205176331066525,-0.2082935999713183,-0.0375225987402958,0.1909210404213824,0.7648946336474695,-0.1229609525249693,-0.071966943371689,-0.0824980985172849,0.2113807648011159,0.1368188797622692,-0.0908731640893167,0.0036604118072669,-0.010714873403526,-0.3042865299764195,0.1718392475378181,0.2407946415725644,0.2314049130274494
dan,0.0013813834225193,1.0,-1,0.0773525553654237,0.0410817023215599,0.1190915873364821,0.0363361743276467,-0.2517219374067401,0.1403640210793409,0.166239599019192,0.2174682760471232,0.2096500571236977,-0.2832109999829723,-0.0759631375599973,0.17097084024952,-0.4093556036681133,-0.0481108732165217,0.4078992479282673,-0.2615624944425531,-0.2020620884888664,-0.4627701073236958
dan,-0.000823728827196,1.0,-1,0.0338484021943617,0.0123347503611185,-0.1465515736146948,-0.0325476804918899,0.1718716524990177,-0.0829613247179367,-0.2673359185939961,-0.3972354175528189,-0.0009097150279181,-0.3883594873652904,0.0462404302377837,-0.1209992761769821,0.336674646597469,-0.3567729239077242,-0.1072324161614752,-0.4718723278006433,0.1494096794731944,0.2139002394580672
dan,0.0004268609479608,1.0,13,-0.2377226714511901,-0.0894547072040294,0.0272532830808313,0.0630022577118803,-0.0715650756481277,0.074569656782546,-0.2325658530622222,-0.1816000159211145,0.1616349617039677,-0.1859906202870526,-0.0749424194220882,-0.7541218458324329,-0.123882960301836,0.0224555856651169,0.1610952020640167,-0.176609487430828,-0.0877261442258721,-0.342493702647133
dan,0.0015467458591946,2.0,-1,-0.5346413864572827,-0.0862347986462755,0.1065041613215102,0.0773760279180853,-0.1153565149601341,0.0890096304303032,-0.3146035052830088,-0.0020589054091046,0.2595828742999717,-0.2770918431037183,-0.0391594925961783,0.2592460561668719,-0.1868026131956867,0.0418530286844915,0.1926585835643782,-0.2340612168582948,-0.1134496689441777,-0.4635274236136228
dan,-0.0004600782827653,2.0,6,0.1259580116229105,-0.2912080847719899,0.0111521648185739,0.148653157085106,-0.2030978119641743,0.1085375028076958,0.2658644731750905,-0.3792936157972295,0.4277557433398939,-0.2350534541684675,-0.0665054829248298,0.0012945227458174,-0.1758705920877527,-0.3104053110766555,0.3505019536573647,-0.179078224520476,-0.2202288881185946,-0.1902118559671694
dan,-0.0006157531203442,2.0,-1,-0.0320589366847054,0.3051949383671527,0.0624065948351575,-0.1000468472498706,0.1171499502866462,0.0534309146860597,-0.148070713746662,0.1220002410131639,-0.2451589957552699,0.2112825336154054,0.0275195009758834,-0.0008088924318868,0.1959673251692773,0.463776336220874,-0.465322612154438,0.1546806674413854,0.267189367460622,-0.4095144057376702
dan,0.0004897152028676,2.0,-1,0.1703241568946744,-0.2520133016744665,0.0240817450103615,0.0560356191920562,-0.1119523565102394,-0.5585364284642219,0.0482040459575736,-0.1171335332614393,0.2184726160852841,-0.1941908558314347,0.0328151041894397,-0.0583761218461656,-0.1201584957440911,-0.3283732346639514,0.3838113099986452,-0.1361000679672872,-0.2257755558658324,0.3663576357875057
dan,0.0008075942053686,2.0,6,0.1223615611931723,-0.2505556869357339,0.0152436430343395,-0.5235362472021613,-0.0817814457870399,0.0528951818053497,0.0052181542513017,-0.1163724063557245,0.2179516557948153,-0.1701119160377068,0.0366255980578016,-0.0608964232489266,-0.0962888589109711,-0.3970559479774407,0.2983997526959194,-0.1076001819262358,-0.2137178827023499,0.4797496658786869
dan,0.0001651994735653,2.0,6,0.0749807247731886,-0.2738980523374216,0.0165072860826414,-0.5857674579906434,-0.0963774260772704,0.0063785851145435,0.0323428363504931,-0.2228045606986912,0.211623886839917,-0.1494319249061649,0.0469343497561572,-0.0948231947144299,-0.1113978721175553,-0.2961128409828829,0.3557766590421266,-0.0463021634394829,-0.2040844488099421,0.4088667157521874
dan,0.0052376289801543,2.0,-1,0.0748912315356363,-0.2982044298549204,0.0065630008756037,0.1465090536273472,-0.1243544514626905,-0.5087475754517617,0.2012494960374632,-0.4747798507551872,0.3226147206406483,-0.1868221097796862,-0.010700824351178,-0.0971842342564452,-0.1424213577457472,0.0434220077180386,0.2631161101892882,0.1633033750639824,-0.2231924438664743,0.1653110760454674
dan,-0.0002534410606265,2.0,-1,-0.1544685407435284,0.2525403536652933,-0.0508600325672153,-0.1374967508780281,0.1628574796315996,-0.0926197082743772,-0.2617250346983777,0.0757546512339314,-0.2345983590314528,0.0793992920292369,0.0203379398660376,-0.0048934982847632,0.3569702434586393,0.3691138152124281,-0.4271255121404633,0.096105420488278,0.2753464752241993,-0.4342716832022022
dan,5.044037393975819e-05,2.0,14,0.0134018098797557,0.1149460858573638,0.2615454218586823,0.0353539372748782,-0.1600660211767227,0.0633990605176981,0.2729986525059529,0.3683322531883802,0.1325650040676543,0.5124848522600253,0.0400239124592584,0.1096681994199494,-0.2864159096078707,0.2872184496572158,0.2015509173314434,0.3620162418643601,-0.2133880763555283,-0.0391107367576562
dan,1.460834732339441e-05,2.0,14,0.3076782018673316,0.2452958906565209,0.3260060739635786,-0.0541398068639719,-0.1147794048468241,0.0039716450513516,0.4075538484970065,0.3417064571048892,0.2756357980441629,0.4995858754178817,0.0304270222667999,0.0344891884718885,-0.2021670355945249,0.1741044308880984,0.1692902099025106,-0.0392191946300602,-0.1041237277278735,0.000247157572066
dan,0.0012305562056911,2.0,-1,0.3937614502193655,-0.1567397741291522,0.0719273641181693,-0.3746855707811812,-0.0608288034138789,-0.555678052239086,0.2803571669103715,0.2590738241546068,0.0500193687929813,0.2449589601671126,-0.0054006793798254,0.0766675111078619,-0.0386351312057296,0.2209668307420723,-0.084018760183041,0.2905115036563749,-0.0383309836477403,-0.0704687491394622
dan,-0.0006866252328914,2.0,-1,0.5063615633274746,0.2668248940978452,0.3449207978115319,0.1559603120813617,-0.1175090062954358,0.1339677074230097,0.1406393151569968,-0.1130595194983547,0.300411165238347,-0.2974726463194227,0.1006888342460633,0.0786053051396147,-0.0767342270233395,0.2646697213516697,0.2034128355920209,-0.333695595292236,-0.1379093522453818,-0.1484933634070943
dan,0.0005624531455073,2.0,-1,0.0129559864408639,0.7655108615964672,0.3656315418160001,-0.0158498165682164,-0.0704759715584843,0.0713654012791174,0.2492165040078445,0.2690382853580997,0.1464571629134562,0.0776653226904904,0.0490461352011676,0.07434260578934,-0.0642655758097879,0.2661998355411908,0.0572465968508902,0.0789832948537564,-0.0802721505833092,-0.0947193556168666
dan,0.0010549587011822,2.0,13,0.295092691755122,-0.0473581222519575,0.1280497215787573,0.0825078943187156,-0.0171511485119152,0.0828932463726192,-0.1244030842907441,-0.2285840795240383,0.1762561111549207,-0.1961818839524153,-0.0473979102594788,-0.7953350456585784,-0.005651818872865,0.0793821402031445,0.122735555197078,-0.2053622513589403,-0.0558667376179752,-0.2037910480391817
dan,-0.0054245946342785,3.0,-1,0.0777002399985168,-0.0240623143827974,-0.1205171176994616,-0.0839908860887155,-0.0260833442801533,-0.1156232089891881,0.7190692203234204,0.0329145695221254,-0.3321542873796689,0.3209031120858288,-0.0532626379047699,-0.2114159285930699,-0.0323351269144307,-0.1047310504383473,-0.0716238645806344,0.2872156122667244,0.0516446576186776,0.276530038079487
dan,0.0257211398735044,3.0,13,-0.0271319660259994,0.0200070048017228,0.1317954651303121,0.0515235163757031,-0.0224546405272307,0.0649707979062731,-0.2540626358821384,0.0118899296699722,0.1872160955823008,-0.1860886571514541,0.0094841673602607,-0.8794815549589351,-0.0128203774536214,0.0709607956949426,0.0808046381942043,-0.1794945829481077,-0.0543063352588902,-0.1388199220057446
dan,-0.0021759503031973,3.0,6,0.4725846173750052,-0.11117183593397,0.1527412706685753,0.1291728630126036,-0.0695179622150246,0.1145170045958675,0.0780730896540902,-0.1275420857513373,0.4168315587271246,-0.3474116314813235,0.1122920408756184,-0.0108540397907825,-0.3303548656560209,-0.3185748273217209,0.234705907964454,-0.246971291740959,-0.1166852273325589,0.1910175663363423
dan,0.0002122362018844,3.0,6,0.3777530607232032,-0.2719326488199449,-0.0186103657282671,-0.0018043170737235,-0.0112672448509175,0.0670844645871306,0.0011332017293657,-0.2074681768772627,0.2283413563499804,-0.2361006346229826,0.1265218732193068,-0.0342643842745119,-0.3495549166490548,-0.3059191378647089,0.2464956376643309,-0.095020023486176,-0.186454184473481,0.538460500541376
dan,-0.0084796289535573,3.0,-1,-0.2321971320483967,0.2374060717162518,-0.0498968870635298,0.645988783044312,0.0242542093800149,-0.058631378506359,0.0585557156909319,-0.0340319837742586,-0.16961725910894,-0.2703950547524772,-0.1014730992341835,0.0265821495506836,0.1905062925339112,0.273237459360059,-0.1415914248689868,0.1156287195556224,0.1378038789435975,-0.4302005229576688
dan,0.0012394058002456,3.0,6,0.2091516292843804,-0.236583695658791,0.0536794724485307,0.139890857345803,-0.0207430987278334,0.0764235498036157,-0.0839618848304206,-0.2194897883846986,0.1820934802829442,0.0722064741078954,0.1783690191121302,-0.0874066482775781,-0.3876563977615435,-0.3402342933777387,0.2883059973712431,-0.1234208412224025,-0.1958663923049783,0.5794444065142289
dan,-5.142991848958077e-05,3.0,6,0.299611724120621,-0.2221153192314634,-0.0001204012747182,0.0679708166737079,-0.0239070153974109,0.0188615600992141,-0.0146640002655158,-0.0751102058414302,0.1942459162737843,0.2659894740755853,0.1552733523923976,-0.0472089152406297,-0.3732154553178534,-0.3618223944899885,0.211040481187311,-0.1194985628599415,-0.1839168501281778,0.5931481108273585
dan,0.0108014151022149,3.0,-1,0.1008072141247691,-0.0225880192555435,0.0122243742914279,0.0510631134886044,0.0121567808158189,-0.6465553974677077,0.1566757998189357,0.2121974280183736,0.1222196581775688,0.3354035016305609,0.1058768152906537,0.0437806027427745,-0.4525324982072889,-0.1225298307619663,0.093096254427874,-0.0934769751875727,-0.0698385999864616,0.3408412859804885
dan,0.0010777577232452,3.0,-1,0.6525464270809556,0.0375504443364501,0.1016025325029757,0.0497179658358045,-0.1017692305745195,0.0958369303876736,0.2683005474173525,-0.0638949232587988,0.2280303555386963,0.1500603975171275,0.1038983640213146,-0.0382706620493434,-0.3098414297484166,0.1791518421623744,0.0500316902065817,0.411647347389495,-0.1329304684172978,0.2446813103516286
dan,1.1339046630788026e-05,3.0,14,0.1535734451971097,0.4249455740135187,0.3121062774161829,-0.0385298247882814,-0.0285161554753418,0.053972121409655,0.4340931275337304,0.3750670133673301,0.153708145826912,0.3716278407391046,0.0481515195383397,0.029923443911709,-0.1106080665118351,0.2525546336489923,-0.0605578635394275,0.3402784019109125,-0.0353834644420756,0.0492875376247908
dan,0.0007240607144259,3.0,13,-0.0182520315057975,0.3103791746281336,0.5148961801809988,-0.0368027107552573,-0.0156052783330405,0.0145046961323849,0.0248106058866588,0.0277339749172426,0.2548670162908059,-0.2351131934640206,0.007781155985232,-0.6291139030803967,-0.1538319513424848,0.086865540725026,0.1017365222762904,-0.2071671330637898,0.0880915284466774,-0.1634064136035788
dan,0.000140459408711,3.0,-1,0.2937305184586185,0.259865824887733,-0.1606217019764185,-0.0253485383118992,-0.0087674680463791,-0.5761511481857832,-0.1133218701170819,0.0294807114531101,-0.0973804708505711,-0.1472429143144962,0.127538323337678,-0.1329190387631648,0.5636320832952723,0.0732971705088713,-0.177049856695531,0.0621828133257593,0.191078191882026,0.1189013318850339
pabluccio,0.0011244889009963,1.0,-1,-0.6931997182185197,0.3890469045639293,0.367104854067864,-0.0220154160936017,-0.0776539368028372,-0.0403254615704656,-0.2765348545543696,0.1137882532394204,-0.0976526733621157,-0.0279127331666628,-0.2490358854787274,0.0924717683626273,0.002654492824198,0.1208533008481152,-0.0905328836744212,-0.042009647455271,0.1654338043914327,-0.054437541158857
pabluccio,-0.0010453842217095,1.0,-1,-0.1096483779037165,0.0437214025652719,-0.0783453401803701,0.3468725745732626,-0.0439554939205754,0.0293647132965697,-0.0326066126321489,0.0400400429720502,0.1216911485560366,-0.0202307913807727,0.4003219172928426,0.6028932091164386,-0.2427545668708594,0.0245599640546023,0.0384959653738947,-0.0104346033191845,-0.2534086745646228,-0.43571860296271
pabluccio,0.0029122623767496,1.0,-1,0.3291252852241424,-0.0191539884050264,-0.1514601097056823,0.0715773564582767,-0.659959064441203,-0.1014509199899669,0.0786358703227178,-0.2514692081015995,0.3268212255646446,0.0015807039380552,0.1187680190868065,-0.0108931944335287,0.0310754410403558,-0.0891010435921837,-0.0655006637737493,0.0411747349048056,0.3890199526581615,-0.2464174414835971
pabluccio,0.0006958661315046,1.0,6,-0.0513568044415149,-0.0718159871268435,-0.2964175940548098,0.1111397360425608,0.3400226476067593,0.0972094975151618,0.0120671576350343,-0.2068132453002038,0.2657205286980344,-0.0567089476183644,0.2511415867384814,-0.0133979856847954,-0.5608568838880346,-0.3370217711069453,0.3904930555630319,-0.0320420419866339,-0.0413391771647652,-0.059729540661441
pabluccio,-0.0007238466726365,1.0,10,-0.1298790144738355,0.2066220332757016,0.3606314892948599,-0.1527119494361735,0.0156025923326184,-0.2635490076552687,0.0568536236154478,0.292668763232732,-0.2048358852193786,0.2021557797299984,-0.3884845350788866,0.1763486579235745,0.1774721938826007,0.2234265687483122,-0.2811267780993703,0.1748654147375626,0.4095252375005032,-0.0699515137085459
pabluccio,0.0072247805578289,1.0,-1,-0.1440369430009664,0.3810764039724384,-0.1127922377713745,0.05234331460747,0.0393982207284305,-0.1137498700610705,-0.1903841882668316,0.1384597362688572,0.2625529319204084,0.719921902189704,0.2375422046470337,-0.0742106737035295,-0.1542896460632347,0.003363517863809,-0.0084987655794472,-0.1183579101749062,-0.2474094735166014,0.0199935345866367
pabluccio,0.0011960029356494,1.0,10,-0.0858830203819364,0.2056387255216231,0.3628129786276262,0.1278634421971222,-0.2572972727011274,-0.2051829201353001,0.0826300811086772,0.0833978918599931,-0.1987001243987244,0.182237087368291,-0.2496401963035162,0.0890198715658616,0.3387899752124045,0.4589510855669947,-0.3107431437332153,0.1433102110919513,0.2879551900715506,-0.1090904754304904
pabluccio,0.0036299445179891,1.0,6,0.0038681082826997,-0.2560668799564847,-0.2767125116858446,-0.6376632628361556,-0.0258929468672387,0.1661052517858418,0.0154693655310437,-0.2819001032754562,0.0848158459843457,-0.0577348042241943,0.2369846837904186,-0.1540798553539308,-0.2799066467170122,-0.0944553275597157,0.324260425108696,-0.1333707136680232,-0.204971036681275,0.0248506987312031
pabluccio,-0.0006670361398197,1.0,6,-0.0035124384391923,-0.2486784119138563,-0.2175951205549713,-0.6106898379910977,0.0204101394120454,0.1555064030799332,-0.0624632632573112,-0.1147184791623962,0.2462726051562042,0.4887772964970224,0.1836979246709195,-0.0682053999489508,-0.1377565320405342,-0.1720142938628694,0.1328369718039524,-0.1076635992516561,-0.2385351359154883,0.0595310314752088
pabluccio,0.0004633631013549,1.0,6,0.1240851081678614,-0.2673833731265782,-0.2375466006002578,-0.72489885584814,-0.0385328129013736,-0.0672853963711622,-0.0215070145025918,-0.0938967809568104,0.0709741724381872,-0.1346399033226529,0.2097924034527347,-0.0812222390705185,-0.2148917035289694,-0.2245993705733483,0.28451984615678,-0.1189159172204439,-0.218018069590295,0.0537414167190837
pabluccio,-0.0072460582383794,1.0,-1,-0.0031272571760886,0.1353266952440304,-0.0106836256989815,-0.1068849533411535,-0.1512355175479857,0.2683055918498278,-0.0251138481685766,-0.1067248992705219,0.108850103229811,0.1367327820808139,-0.1859974450253102,0.0095618893848112,0.7245914116292679,0.2860985164336635,-0.4281210109207023,0.0009741762959037,-0.0262980705948691,0.0846256487958319
pabluccio,0.0070537063756807,1.0,-1,0.0893003496289398,-0.1089361392643637,0.134040027519727,0.1133724274461384,-0.660562715010766,-0.2714563688008717,0.3213367790602373,-0.210131748762079,0.2912535810761511,-0.0413154956210393,0.0674231987574349,-0.0182342843048817,-0.3326279602724096,0.1084953093377498,0.0904926860946276,-0.0461400764102671,0.1841207083384649,-0.1839813442804631
pabluccio,-1.316618373407907e-05,1.0,10,-0.0919490832707396,0.0458963533326511,0.3498077857203415,0.0533940928265094,-0.003947963158311,-0.0490201403237159,0.3608367255088198,0.3244547231957758,-0.4380529313106776,0.2447666817767541,-0.234159373573778,0.0439043906019648,-0.0165108715908961,0.2845178545435873,-0.3966629564866168,0.2520406981935632,0.1180633751414618,0.0417445065011175
pabluccio,-0.0002525744714195,1.0,10,-0.0388731136378078,0.3048018569544264,0.228711153958554,0.0312694244132357,0.246917869100218,-0.2961284654605391,-0.3522357054038348,0.1878242650294441,-0.073880733414731,-0.0598990746395872,-0.1924369994834472,0.2325035852873914,0.2171150878813845,0.15355412266941,-0.1715157780708663,-0.0650450142483124,0.310702520234062,0.4932049385787445
pabluccio,0.0017947495413194,2.0,10,-0.117659649350545,0.4515662808351975,0.3324223226362194,0.0192428938179148,0.2256257367279258,-0.2141861686959773,-0.3235149331154445,0.2215638722007071,-0.1252134265673289,-0.0705239060456122,-0.1968393606506803,0.2375119410509824,0.2334093238366893,0.1595340366213856,-0.1761279208229392,-0.0576543923413587,0.3049655227525273,0.3126408764992965
pabluccio,0.0019303670504631,2.0,11,0.1680060830436777,0.0997326784433793,0.0118627933985941,0.1409120132416572,-0.2681556846562918,0.2051223932765206,-0.0410328554955369,-0.3315946120252565,0.2327677878673578,-0.2278012373319867,0.4485640491132548,-0.2402750301922359,0.3842126876949358,0.0965873248722991,-0.1961254772822336,-0.0097292853647467,0.1807233215225632,-0.3507474213737371
pabluccio,-0.0023426099599976,2.0,-1,0.2560164780317961,-0.1311455838431918,-0.1269214941565208,0.146118739570324,0.1052704010316477,-0.3248260927344635,-0.1010633533344677,-0.2271269523376724,0.3328438055085393,-0.227190665636624,0.347130577279752,-0.1405531815347701,-0.0208507211501102,-0.3590116667883606,0.1010323093514671,-0.0615527030775519,-0.5026626037876057,0.052505503749755
pabluccio,0.0009311586030087,2.0,6,0.1254883440549018,-0.221081568725542,-0.269803344974686,0.1456814933654596,0.0582087895411255,0.2237696867087778,0.0343067501004823,-0.2228349702076731,0.0606498735052492,-0.0310937346683981,0.3492538332645339,-0.1587139902346499,-0.2369061982701312,-0.4490862634216769,0.3721952296871569,-0.1932543517851108,-0.3740111280709206,0.1081096002697945
pabluccio,-0.0088370062864069,2.0,-1,-0.0948519851244802,0.0335670615088889,0.257745889357983,-0.0956063708640939,-0.0364244380399174,0.3089224816908626,0.0382001972945613,-0.0315735038248073,-0.2105804851685388,-0.4849356154077958,-0.2325702484473286,0.0688743110889113,0.2230735863771095,0.4990360307746,-0.1293886926195441,0.1471152712788153,0.3409165466123819,-0.1527755036968999
pabluccio,0.0005397032757211,2.0,6,0.1226887808592189,-0.1621492540789856,-0.3487001911499203,0.1193917141840721,0.0539599057653321,0.2221151694923462,0.1288411901024885,-0.0125978407190355,-0.0085470677208852,-0.1752776986554137,0.238883658525918,-0.0976517016055608,-0.3326941970815716,-0.481350026355369,0.4683785509411503,0.0693804813307293,-0.2826480211458205,0.0997066702863821
pabluccio,0.0043173106991882,2.0,10,-0.0413654831936775,0.1975757635919127,0.3775491159135476,-0.1268081206900862,0.17606216813661,-0.231259787010205,-0.0801206255596426,0.5227946206549604,-0.1702787225217321,-0.1758833417150657,-0.2626072317928637,0.278559441949983,0.1212506439020206,-0.0076336991956433,-0.3519157752547783,0.0451420238230879,0.2987993697274313,0.0022998271442016
pabluccio,0.0040386581665266,2.0,-1,-0.0204944119207942,-0.1804991065042156,-0.3117850979430588,0.1143725929585422,-0.0197624027822911,0.2074975455297932,0.0202856785831758,-0.2369074653619798,0.3053438587239802,0.6728806016669807,0.1980747968142983,-0.1328696375878021,-0.0313986543439926,-0.0867049327678251,0.1504606593180616,-0.1588754304168378,-0.3092667795446841,0.0424977455642708
pabluccio,0.0013893167114832,2.0,6,0.2429456782669919,-0.2354667611520429,-0.343882539339307,0.1347335488572225,-0.1228413353589296,0.2391116218574364,0.1161390952963462,-0.1864670450067947,0.0515580650700422,-0.1918230355641896,0.2646487014762906,-0.1620197762006586,-0.1997611094615858,-0.3497598545662346,0.4303528805170438,-0.2062345916150007,-0.3142327620534015,0.0643678018017709
pabluccio,9.080439038724302e-05,2.0,10,-0.0176000753864709,0.2690416232524136,0.3508207450774089,-0.1545921921956754,0.0066237260873772,-0.2751965682868043,-0.0520929112602818,0.1807321858637682,-0.2632411756357811,0.2474483136062892,-0.2885658592491601,0.1256722939504717,-0.0531664913946518,0.3576860913583711,-0.1340701711975618,0.2220815754717744,0.4825204540723915,-0.0932774115820905
pabluccio,0.0016450324906313,2.0,6,0.2592044656126399,-0.2135760694764757,-0.2963980949006741,0.1258476877872018,-0.1516663935468794,0.2234935047435327,0.0981993560740018,0.0551586605173797,-0.12069788471828,-0.1646659807457003,0.2347639753779756,-0.0774062645265104,-0.2343785632189836,-0.502093267773841,0.4510789973091131,0.0206950840462971,-0.2751156533564625,0.0919910507655877
pabluccio,0.0028352757854226,2.0,7,0.0024881851993439,-0.201845177627779,-0.3325520375231405,0.1143679593115721,-0.0314198143779442,0.2022667965532536,0.0218800233641014,-0.3578150842609574,0.2281236782967434,-0.1768911454583324,0.1971351108584408,-0.1693342910864247,0.038848968064542,-0.0067978993647373,0.0942917706302361,0.6356840154917621,-0.3158487068601152,-0.0019505899887435
pabluccio,0.0017437583988013,2.0,6,0.3030502445095248,-0.251157554814007,-0.3775417306479847,0.1327555442000831,-0.1961768480800415,0.1954836992080471,0.1776094314314271,0.0687178537663552,-0.1233097723590752,-0.1706528092186187,0.1983656845779376,-0.0521645485937405,-0.1841150385847326,-0.4642837876635858,0.3869017988263034,0.0233238769364901,-0.2818333148172144,0.0801846711949589
pabluccio,0.0018212973141385,2.0,7,0.2416411340996012,-0.1773377018119468,-0.2570807344981781,0.1022257733058997,-0.5084091143772296,0.047352923379962,0.3014668563802119,-0.4121702085874988,0.1540190196545367,-0.045090856261269,0.2403211885817103,-0.1486493950150343,0.0812149403796364,0.0693619743697476,0.1329691944307144,0.3376341480860235,-0.2496617962198243,-0.0333176916359921
pabluccio,0.0065453608478856,2.0,7,0.2423133542151427,-0.1957283589210825,-0.2235230747808534,0.1224050765986582,-0.4868869318442719,0.2302606729247432,0.2666260851076683,-0.4164509439126827,0.3827485026098113,-0.0589207225914792,0.0270544554785668,0.0290024514082464,0.1524636255218843,0.027359106320847,0.0432680398750394,-0.1364625241930448,-0.3250411614810106,-0.0418166056494205
pabluccio,0.0005798879852455,2.0,-1,-0.2270952032611479,0.1369704268432931,0.1555182840252283,-0.1081208263883973,-0.1613344788582475,-0.135461879655957,-0.2620060439782623,0.0776741494608095,-0.1459766841502854,0.0577874900699438,0.0725984007565154,-0.1014444978261524,0.2908208889988458,0.5676153223588164,-0.3675460400194318,-0.3044716625104774,0.304412595411051,-0.0854253394260781
pabluccio,0.0010019774621715,2.0,7,0.2624329865816269,-0.1305978088073738,-0.1493501637557891,0.0882457716677624,-0.2864611705745266,0.0898194874277364,0.278498791081921,-0.362983071479313,0.2092857386052151,-0.0397310472118723,0.1007160501963166,-0.0388265026978446,0.0666936800901946,0.0329120745429953,0.1501347065881288,0.6668511194411663,-0.2326024560621999,-0.0252631450141093
pabluccio,-0.000604719861069,2.0,-1,0.0789826983829818,-0.0290525489416993,0.0406802313867994,0.0983901803581114,0.3750973511207777,-0.3603181085262221,0.5176353631421309,0.0818450960680955,0.0477721535828436,-0.0798904979294542,-0.1845012359401776,0.1341081340396843,-0.5990333396946755,-0.0110783971052872,0.0054071329465221,0.007746917446128,0.084950642152967,-0.0972117199760998
pabluccio,0.0004344845912996,2.0,10,-0.0185770257294024,0.0327162782693598,0.2481634718960193,0.058215729469382,0.1216241635628286,-0.0713787866963254,0.3711772074890938,0.3319551679247801,-0.4052729903021949,0.2645706472670222,-0.2212355159869133,0.1556522218184612,0.0423382280078326,0.2927161776542074,-0.3896961201144775,0.286739068803472,0.1130513616733585,-0.1549238204191304
pabluccio,0.0001929079848238,2.0,6,0.0228698384416797,-0.338795244074045,-0.1755093340722152,-0.0438682657469835,-0.1883190018628431,0.3168020886134913,0.2844030518413656,-0.2684902305806719,0.2354438838816314,0.0805161952047052,0.241616515691904,-0.2910486009546347,-0.259383730122477,-0.2121695017878168,0.2308393959383677,0.0825531687842288,-0.3241894275746989,0.2840178324749891
pabluccio,0.0013402412495866,3.0,10,-0.0625956749202577,0.4595769603028921,0.3505890490693071,0.038803022516691,0.1241251346347197,-0.1453749669936682,-0.2327648510826402,0.296478627201519,-0.1951931934359345,-0.1092655820966945,-0.2352931910761741,0.2797165451802362,0.2643777610986893,0.2069822438701648,-0.1992155153199672,-0.0752337316555415,0.2721096721283024,-0.2570233836717249
pabluccio,-0.003439045047503,3.0,-1,0.2495128471445522,-0.2590346397274163,-0.1528861228387827,0.1405898027236188,-0.1104718988530706,0.0340650600384663,-0.1781604395063335,-0.3055204304373058,0.2857817674998754,0.2455802752047518,0.2918059411752163,-0.1389384289775648,0.4636898386432057,0.2414718044711966,-0.2112472047664001,-0.0729778127671587,0.1829030847864109,-0.2930858688141233
pabluccio,0.0017064597236157,3.0,-1,0.2297284897346007,-0.1688520146730403,-0.1045914207185996,0.1047926801642361,-0.002544476145685,-0.0621622558204457,-0.1263610589180537,-0.1074736591474607,0.3650225091234635,0.7784435448017385,0.1711140738192433,-0.057341153065508,0.2440218856888381,0.0159243199588959,-0.0653234254974562,-0.0589685627110686,0.0405085938043817,-0.1563174691702254
pabluccio,0.0028542251009789,3.0,7,0.1327524312241603,-0.2010071804413156,-0.1646252885150463,0.1131529588106431,-0.0941661568508532,0.1975958581586559,0.0164425460394511,-0.1249160673897848,0.0736021273255886,-0.1605769068346952,0.204589692683832,-0.0953158339873303,0.0010946445263021,0.1552875515805247,0.0370259979390021,0.8233308868635074,-0.2215761928042799,-0.0606769033104101
pabluccio,0.0089774347021536,3.0,6,0.1732613091654688,-0.3021904818346904,-0.1788259837040346,0.1599749544355944,-0.253975488546488,0.2766082052449,0.0501144135497259,0.2351828746819768,-0.3001332668660619,-0.1921625981838239,0.1829586888144423,0.0417452223861451,-0.3208562340809511,-0.2557858179136187,0.4140074882106477,-0.1961384796720043,-0.2845372574403603,0.028645707641283
pabluccio,0.0104522799099777,3.0,7,-0.092786963823103,-0.2109880881732589,-0.1052379973802907,0.1184264087703365,-0.1520926198661618,0.2106810295919862,-0.0311007282477913,-0.2847917112326177,0.1066834935913175,-0.1568603699896009,0.2698344012991501,-0.1689300216538886,0.2117565233445051,0.2436491678733348,-0.1096872294282883,0.6684233889543478,-0.2525987114201324,-0.0895268342996366
pabluccio,0.0063239472376963,3.0,-1,-0.2700532710179318,-0.3739521022458079,-0.1243745347475985,0.196113123976995,-0.0305906166583936,0.3425187069627663,-0.062028189719988,-0.0238883195839356,0.2931546485128702,-0.268274727051564,0.2810362549913336,-0.0440963169808263,0.2923865565985904,0.0544292087996289,-0.1638913373014827,-0.2381343677047616,-0.4465000543924506,-0.0202176386345154
pabluccio,-0.0035700092034884,3.0,-1,-0.1206876815339,0.3320193725453791,0.0281060651912279,-0.1669871302322203,0.2755210257018728,-0.2909547819059795,-0.1242103200694137,-0.2818358004526499,0.3410283910566859,0.2125732523535549,-0.1249431014064294,-0.0644044149079302,0.2082963711029178,0.300530494995294,-0.3331836648934202,0.2195042561047203,0.3379186727151433,-0.0525538494567638
pabluccio,0.0033636829454843,3.0,-1,-0.1361735900526543,-0.3270223479664427,0.0390397660584596,0.183893234177023,-0.1520748903011945,0.3332644080186788,-0.0889483280240079,-0.0818503670228797,0.2223688290379863,-0.2382398496894335,0.2953277682272705,-0.0939088480516295,0.3840166361673522,0.239819428792681,-0.2366725864411487,-0.2524758969183136,-0.3884099791253171,-0.1119069409952963
pabluccio,0.0030962484087968,3.0,6,0.2105660444649386,-0.2826179928301517,-0.0887128176206972,0.1564595820129035,-0.2782886624046217,0.2844201833035136,0.2168380060348734,0.3009173970235372,-0.3739016776587325,-0.1929196531908056,0.1057271026658857,0.0740227597961983,-0.1907502526669129,-0.2573994654867449,0.3200155821579925,-0.2133115315276529,-0.3193494901165443,0.0362761082304394
pabluccio,0.0043339873588201,3.0,7,0.0263811688851548,-0.1670044802441675,-0.0855150046134601,0.0927536393006911,-0.529572095709427,0.1736325644874448,0.1946409752807214,-0.4737927240999919,0.2555357182869641,-0.0074884762157082,0.1516687307817639,-0.0431260631384526,0.2460686459001041,0.3399194734458297,-0.1575263534493869,0.2375777757291065,-0.1500455684905494,-0.1115959869486304
pabluccio,0.0032116215099408,3.0,-1,-0.1178120741925794,-0.0769153243313833,0.0523933357130628,0.0940545161506217,0.5614920637053638,0.1680860863874297,0.3292501042259764,0.0848840728731327,0.012582181349098,-0.0653333463061391,-0.2507393723342294,0.2087673027250471,-0.6009938226914054,-0.138819851818495,0.0840000913467972,0.0528427064458104,0.0311715268174113,-0.0855014224484183
pabluccio,0.0006442001119358,3.0,10,-0.0798592986895514,0.0632262249666688,0.2710317163233463,0.0515885991971274,0.1067650940679013,0.0978830140151991,0.3600750656782753,0.3363380296972008,-0.389718501191016,0.2623304690765602,-0.1887434067523283,0.1250286195443007,-0.0035250695919986,0.3132535748956238,-0.4159045109200261,0.2989045595343473,0.0803578662498868,-0.1042882631182007
pabluccio,-0.0005931911494397,3.0,10,0.0533139581020667,0.4138536212251631,0.2932223832158659,0.0253053373956938,0.0642161533285562,-0.3415543917866485,-0.3950103784104648,0.2580670351101792,0.0337808397071126,-0.079583039849963,-0.2351144408524433,0.2697162829775952,0.2166995349350777,0.2656541629016727,-0.2440731864380346,-0.1075397104289365,0.1660284820232817,-0.2100359426844421
SADAX,0.0014474648026808,1.0,16,-0.1341374605106422,0.2541347826271279,0.0979099170516119,0.3484737763812565,0.1294435660173046,0.085510360238238,-0.4048293649091736,0.1473533304175328,-0.0971504942171122,-0.1249708124912117,-0.3590017245222966,-0.5432179392124517,-0.2029854722056439,-0.0906969648283065,0.1242353518254592,-0.0734171139443495,0.0729285667001861,-0.2283393295993437
SADAX,2.7324656751549148e-05,1.0,-1,0.0989341118431155,-0.1795178466354571,-0.350636177971846,-0.3185432264421013,-0.087481822179922,0.1499483564611453,-0.2631991906501753,-0.0800604457234707,0.0041489043451312,-0.0320458994217667,-0.2572877952934129,-0.4950132810916119,0.3752940893450982,-0.2545712666589788,0.1334214771933039,-0.0582908023942876,-0.2966652286640387,0.024656429737518
SADAX,0.0011643980531859,1.0,6,-0.1239512957520364,-0.2697225723787981,-0.2419065119412691,-0.2822383734833854,-0.105380461706675,-0.0726164458355725,-0.2390727102280513,-0.5208993962868345,0.4643159229692471,-0.1814651587594209,0.2955369137341463,-0.0858916262587409,0.2426449031181655,0.0564422689545695,0.0427227373525261,-0.0202344621785378,-0.1286710727190263,-0.0688978233264474
SADAX,0.1642359375128087,1.0,6,0.2079966133066649,-0.1664551145202905,-0.1181239366010801,-0.2545168099236786,0.0144535869546798,-0.0675189634925455,-0.3016957312324003,0.01594161775749,0.1918259362604291,-0.1210274419783482,0.2465898258135111,0.041095129523605,0.3696001552006658,-0.4176675544470636,0.3004957934570986,0.4189807847233305,-0.208708181046261,0.1409379221278021
SADAX,0.0011982654754171,1.0,6,0.122021090675525,-0.2401345592525959,-0.1342387215983538,-0.3355987782131537,-0.0403559019713702,-0.0896136022625826,-0.2841219516937588,-0.1265839187464046,0.2352854566973853,-0.1679540531186904,0.3435857718012505,0.0067014745133431,0.3501010161493623,-0.2529700458515418,0.4519833263031342,-0.2018822138767303,-0.2338797934236082,0.0491744116659237
SADAX,0.0028628944799611,1.0,6,-0.080641290895898,-0.2566530722690654,-0.132337811120246,-0.3314480847479925,-0.162435731909417,-0.0813915445083423,-0.2465267568065935,-0.4161000782556613,0.549969323363245,-0.100429834558299,0.3360348565321582,-0.0213529046528486,0.1242758830121933,0.2166087641675268,0.0122171125765379,-0.1242128648537268,-0.0863648230039694,-0.1483299644244978
SADAX,0.0022851304577797,1.0,6,0.3213914578339709,-0.2970446488206002,-0.1111207860765843,-0.2750589151715571,-0.048463645673029,-0.0775962842603486,-0.1851234949023257,0.1484851657949787,0.0794904047695615,-0.1494113876578715,0.216051611396363,0.1191459414365573,0.3219251337293458,-0.497737267696058,0.3327812115438592,-0.1713030660232544,-0.2547247664065338,0.0995530404816925
SADAX,0.0024123938934942,1.0,7,0.0588149993262702,-0.1726179802499684,-0.0400712634822129,-0.2433963131918476,-0.2601099716545247,0.0878072281075146,0.3995457481231827,-0.4886971276733742,0.3228167834125109,-0.0262178440425163,0.3889206949923577,-0.0397420201782356,-0.0173737711569472,0.304679247034378,-0.1245792967352047,-0.1249927253600153,0.0696299551705203,-0.2126211944557284
SADAX,0.0064668515882031,1.0,15,-0.2058742419017355,-0.0573182890594013,0.0035217729686493,0.0208937069949597,0.2315421190905699,0.7854089025975258,0.1577984476439908,0.0049223344846435,0.1344455875582077,-0.0233490200130751,-0.0322853744235474,0.1533257228409072,-0.1816413241732282,-0.1176094056821495,0.0962563793241967,0.0474184900416669,0.3774409035976589,0.1204370619064513
SADAX,0.0053313834360565,1.0,-1,-0.1053018066210948,0.112422842279277,0.160811191115646,0.2865223313227917,0.2627015393972305,-0.058036307443175,0.2606679834881105,0.1318296976744234,0.0502911087853101,-0.0424493446697503,-0.140672580081919,0.2273206839134172,-0.085469707340758,-0.0868017267851805,0.1073578242608857,0.134576386794462,0.7616528456783573,0.1011157012414838
SADAX,0.0001288487756637,1.0,10,0.174368608231079,0.4036131429088622,0.3580467549967117,0.2064319162962373,-0.1071364072364113,-0.0504036420694973,0.042075654831827,0.207752749775042,-0.2948808391960085,0.2822941926461631,-0.1779629971834951,0.0970064037355238,-0.1136040164276436,0.2519184555749402,-0.2757492410846667,0.09050566053662,0.1950982684551609,0.4129688570322701
SADAX,0.0055642461527917,1.0,-1,0.3306058360716428,0.0838110495870378,-0.1271138865012491,0.1975024778466625,-0.6057201125344523,-0.0415795459847953,-0.0435523769531884,0.0657539874982037,-0.1533681053588808,-0.0745881483106074,-0.3559482302727298,-0.2639154785676275,0.236209619900082,0.1227095729586126,-0.0800594259840068,-0.0321746447994959,0.0615820025096804,0.3822810929821025
SADAX,-0.0004086193965898,1.0,16,-0.2802920497152318,0.2459089059112927,0.160307692372382,0.3003287698364777,0.3661758356383908,-0.0582496193808247,-0.3329710301020594,0.112074400137228,-0.0625947496382366,-0.1238562575027368,-0.354260594330535,-0.4350853158338228,-0.3068540188622284,-0.0395806359367045,0.1185943638390657,-0.034156956843892,0.0939566465297367,-0.1741196369395701
SADAX,0.0027184019298996,2.0,16,-0.0880183802805876,0.2295231910070477,0.2185441076092671,0.3356557131876869,0.1235914595237926,-0.0723052153472004,-0.2970090397974309,0.1142884611063028,-0.0728351286868796,-0.1238476783172886,-0.4074645869679304,-0.5105030366009236,-0.2306828633587803,-0.0744873332314271,0.3165303830516895,-0.049369244102946,0.0642301713856569,-0.2111048540857241
SADAX,0.0095167561222303,2.0,-1,0.274872734790006,-0.191611621640944,-0.0250154154916791,-0.3853912774215146,-0.1812090426203001,-0.0965506457005462,-0.097743209446325,0.0170644571263223,-0.0081984024633635,-0.0331440455030487,-0.3616014829948604,-0.4811773035579315,0.4548001091376542,-0.0913955917027251,0.1340199455546659,0.0771711342437483,-0.2654546926405687,-0.1163696472846853
SADAX,2.3057370057503524e-05,2.0,6,0.2014187659093017,-0.259454956857161,-0.3647349605877579,-0.3139854417036799,-0.1278687952182418,-0.0761899801449361,0.1068262900221826,-0.3231731694180376,0.3154457991612574,-0.1387473812531129,0.3258679756496432,-0.029971603642944,0.2991309450538982,-0.2584781304882971,0.0494581523978152,-0.0234306633247824,-0.3682077305272134,0.0421857206213783
SADAX,0.0047045506020189,2.0,6,-0.0879836234073577,-0.4225052502635474,-0.2899099964998435,-0.2991672155987455,-0.1058163522637913,-0.0876973120524283,-0.0275894492307351,-0.3733917775692096,0.5321880713732303,-0.2185361288574646,0.3261058351855758,-0.0151222614714153,0.0722522351735734,0.0430446181615168,0.0495911928783012,-0.0751108042701235,-0.1423897239007394,-0.0901331872030868
SADAX,-0.0400910456633955,2.0,6,0.1332586250940654,-0.3414214893422218,-0.2769150075541773,-0.2605556128694146,-0.0383537919230598,-0.0771402887478119,-0.0409881245736129,0.17457894036958,0.1922107036242719,-0.1958084347099216,0.2455979381868483,0.1146924498628263,0.2216579733914705,-0.5066746703019362,0.1134667283697314,0.1875038865963258,-0.3746264101366666,0.1963044869016051
SADAX,0.0276528012117013,2.0,6,0.127659235936251,-0.2560111579435361,-0.2020836088836433,-0.2013777637572425,-0.0269841491744374,-0.0608774986558646,-0.0562905962835034,0.1877603270525208,0.0804835500041761,-0.1577416202037987,0.1765426847075057,0.1057569564217412,0.2602987291099632,-0.4783575061748491,0.0943083402469917,0.5778121390375994,-0.2213340038928584,0.1785243782495783
SADAX,0.00132567836173,2.0,6,0.2809064049996762,-0.3454947079750474,-0.3014148956404977,-0.2688064986355701,-0.1902722702300879,-0.0625249916053495,0.2543089536352844,0.0298002592694876,0.0810187271899944,-0.1603007344498953,0.2570032866134757,0.0529171856229859,0.4147656056669134,-0.2440464066775669,0.3218109686812986,-0.1704428432379468,-0.2586014524169482,0.0274755767007276
SADAX,0.0018203362151122,2.0,7,0.0603705962570984,-0.2041368430671611,-0.1460534517216213,-0.2188963576974781,-0.2233715742632303,0.1024613780364389,0.5570752272481714,-0.4567326950786582,0.258979059284034,-0.0371192314526805,0.3480930781950107,-0.0607229105061386,-0.0275162799401751,0.2637785282476223,-0.0842039370752815,-0.107556239321543,0.015153380115509,-0.1535479497151272
SADAX,-0.0019175195942504,2.0,15,-0.0802760065690755,-0.1366610953922948,-0.1029530451557227,-0.1704466554741819,0.1617861412291697,0.8355876092675704,0.2947471043327427,-0.0131170240706607,0.1346781913572098,-0.0253142617308642,0.009393197300877,0.1180070490735172,-0.1254703510082545,-0.2058594086325655,0.0942244679886459,0.0199141892432961,0.0747154534256203,0.1342674330243974
SADAX,0.0610761692053957,2.0,15,-0.0514013698452771,-0.1043536696775988,-0.0722202535795072,-0.171053897296968,0.1649565938631948,0.8062986505699612,0.2271039042364102,0.0681680788515888,0.0790380161056445,-0.0416671991291524,-0.0420109786076966,0.1376961502122413,-0.0597709958021993,-0.2520987434748941,0.1057987694192518,0.0160126471509866,0.3095882327403069,0.1237433861672474
SADAX,0.0019843979362973,2.0,15,-0.0330940996873056,-0.057555524196168,-0.0050978508357258,-0.0907555614179001,0.1602184673201339,0.4229052891687744,0.2225780459588167,0.1318512216995654,-0.0048890399238885,-0.0632110828203527,-0.0573643456290051,0.1420142023259097,-0.0170632530922343,-0.2225794484796843,0.1030602427527404,0.0153161365600753,0.7839770179623314,0.1144466545190851
SADAX,0.0007203323520965,2.0,10,0.094580190750702,0.2227421682535708,0.3261471576251859,0.1998123260999922,-0.0003605599179219,-0.0403211214974056,0.0326892448298905,0.1858124399010834,-0.3907344710842739,0.4074045645828805,-0.0371333589074346,0.0198788992678196,-0.1635456574176607,0.2400769365832694,-0.4266374964222817,0.4099926381447052,0.037539332870323,0.0398749127221146
SADAX,0.0010989818698856,2.0,10,0.091248415010601,0.0913670805340653,0.2707961908053078,0.242044996507457,-0.0218576303742851,-0.0923167737841789,0.1440484352917952,0.3211835982355107,-0.269363335595279,0.02873618676222,-0.2909153261928178,0.4148471167099197,0.0551029311119521,0.3210782387351731,-0.2487038126775891,-0.123161836006296,0.2686624779809597,-0.3647720875171323
SADAX,-0.0008130195402768,2.0,10,-0.3431104870590959,0.2551601056045751,0.1477956497040166,0.3302314017083728,0.3825213753781176,-0.0551308826003714,-0.3068863146117681,0.1685223406358422,-0.1239345510219014,-0.1067701443642647,-0.162309643252346,0.3549233764687582,-0.3362331668894734,-0.0743494598983744,0.2879535354418511,-0.0701015393761339,0.0625056861208587,-0.1579161333956141
SADAX,0.0025771502739395,3.0,8,-0.0905834298675326,0.2584253233523019,0.3410591075759173,0.3963014405196749,0.0962268667888945,-0.0750891965711051,-0.2594085341618622,0.1871722475050289,-0.1321066405610397,-0.1224726535128154,-0.2417349615198085,0.4121583031032164,-0.1943685615159728,-0.0504215796203833,0.4232633333137686,-0.0799457081252905,0.0429182956813867,-0.214340896344617
SADAX,-0.0006662496860878,3.0,-1,0.1662899039929397,-0.287465441710122,-0.2555482661935733,-0.4366491226746461,-0.1695712478416628,-0.1155430765542358,-0.3044296860093271,0.0287944047714397,-0.0226385249008284,-0.1087769234165367,-0.0483603812737224,0.413743189924748,0.3269988324937869,0.1264215033427052,-0.1248655442063749,0.0289299237299806,0.1630978024433828,-0.382525563275191
SADAX,0.0003866173421742,3.0,6,-0.1201942308237555,-0.3069911116592945,-0.5315173130701405,-0.3255364898148369,-0.0761394401246998,-0.0861745669880285,-0.2100886101164872,-0.3214904766341401,0.3058067548957136,-0.1972413864286197,0.3614771623589546,-0.0206605266672428,0.0248205244798867,-0.1595220503423487,-0.1454347182425432,0.0018267750239774,-0.1644322553448393,-0.0658641545461322
SADAX,0.0034740648160023,3.0,6,0.2079326911831648,-0.3457037035169161,-0.4953829507447631,-0.2607166296384985,-0.031190267139936,-0.0691606942023175,0.1419247169400394,0.1613482034889173,-0.0427050042156497,-0.1714857845728828,0.1511669373373381,0.1206401892932422,0.2486410263550241,-0.4372224511154476,0.2265635415501915,-0.1695350342544593,-0.2531923456735196,0.078368758145639
SADAX,0.0031606482493131,3.0,6,-0.2320806879784649,-0.3362659383289117,-0.2883723237342804,-0.2655775048115186,-0.0597005687844947,-0.0687085169564843,-0.3265206759902266,-0.4627563647340893,0.3629918963549064,-0.1805057852010592,0.3349298156007181,-0.0713748580191195,-0.1506013232955008,0.1315545570995148,-0.0140147686101669,-0.1144299126323271,-0.0217274244585566,-0.1223179256160545
SADAX,-0.0745180858930102,3.0,6,0.1149493310409994,-0.3151092405436597,-0.2884908974879361,-0.2408443790061889,0.0455616178443092,-0.0771985931535126,0.0526297030533426,0.23566143098314,-0.0207573067646733,-0.1609149485432486,0.1525532315338371,0.1314253597954045,0.1718765699102646,-0.6218188023995648,0.0578747218409408,0.2721052254972659,-0.2876820573837937,0.1915636807226403
SADAX,0.1646983097902155,3.0,6,0.1372990531320555,-0.2813634230280088,-0.257149976725529,-0.2200086423416688,0.0462471671196027,-0.0703789019084657,0.1322172226559484,0.2495762098166135,-0.0713019356117904,-0.1542095811906829,0.1094285670081955,0.1303374012672761,0.1844958127431571,-0.5811144290988935,0.0524026572529525,0.4195465807208201,-0.2415492348388751,0.1841763079853718
SADAX,0.0028874924472466,3.0,6,0.2376538695690822,-0.3260571520449177,-0.3170098311350827,-0.2715976244553041,-0.0448093051363928,-0.0716595871858415,0.4138480204910461,0.1689301230516426,-0.0747449676531673,-0.1631562183637017,0.1518221237043039,0.0974614666082817,0.2507976359370528,-0.3927325661990586,0.259518677812417,-0.1718713095984035,-0.2685274124664653,0.0714554878573112
SADAX,-0.0009330831685857,3.0,-1,0.0278835039650414,0.2116539847377958,0.1790974300367409,0.2295288474166922,0.2164091497540298,-0.1180168487140616,-0.490584196866881,0.4683813957203037,-0.2323879710423853,0.0542353277671241,-0.378559105291697,0.0781359263261068,0.169146290678601,-0.2675895720394136,0.08043257108784,-0.002525996884752,-0.0696003166785048,0.1759498450277569
SADAX,0.0059788295992183,3.0,15,-0.1715141971993014,-0.1110701608846875,-0.0868390735396308,-0.1806046219979716,0.1387986759190982,0.7247509965137809,0.2927593427361057,-0.0816652123688236,0.1937608273103487,-0.0593316199523377,0.0892956125067247,0.0607638075477483,-0.0689990493901616,-0.2787341987279888,0.1552360076324142,-0.0463800749603397,-0.331048766681188,0.1007732233310986
SADAX,0.0030422180942096,3.0,10,0.0542237699231016,0.1342562479464598,0.2252486461694684,0.1773385851075093,0.023102663587431,-0.034181054532484,-0.0656876248767536,0.1467429021003618,-0.4054716077479135,0.3087006852350577,0.0838818242534676,-0.0951968336111204,-0.1786657517257157,0.197439200006963,-0.5037794467061585,0.4950513135250863,-0.0135037872252322,0.1534313699411933
SADAX,-0.0007546132894612,3.0,10,-0.5501745671555343,0.2187790714333454,0.1295424030394426,0.2041017396918194,0.4005141704157877,-0.0355901583990341,0.0508290662491758,0.1878016666756753,-0.1497322823356256,0.3098136284246349,-0.0734475520671238,0.1921982484159639,-0.4401392770415126,-0.0111499131222538,0.0293271963837571,-0.0347379105092424,0.1446496014582225,-0.1178873233364428
grims,0.0043142563499082,1.0,4,0.2119369669111004,0.3115936865735256,0.4286084620213404,0.1760889527942141,0.2108499894572627,0.064512526484254,0.0527442219217323,0.2254157626343176,0.4119967951985653,0.1703345084925206,0.1535184693762668,0.1286630558393119,-0.326787668307254,0.1705828316006898,0.3094025720096931,-0.0683798754589382,-0.1854402703524874,-0.1774990664823767
grims,0.0036729919467559,1.0,0,-0.3048443843113448,-0.2994315826557392,0.307143004268785,-0.2463148578945956,-0.20310767256564,-0.2523312593430066,0.2923170531979108,-0.4750035466024813,-0.3511688436560268,-0.1925711028302046,0.0795299062413369,-0.0295161422407547,-0.2101460504813026,-0.0346026300254463,0.0564976772384432,-0.0588609722961779,-0.1024966578558829,-0.1275974465169806
grims,0.0011477790574359,1.0,1,-0.4016035636178134,-0.251347299660181,-0.1299724171379657,-0.2784881530421945,-0.1503320759974812,-0.2688944176263741,0.0812574403911568,-0.2378308948321825,-0.1737734228131828,-0.1254754967282375,0.2033732967320668,-0.0152021307545725,0.2153454414273015,-0.298787139801782,-0.4362701205224342,0.0172684004021871,0.316594986982608,0.09475053600323
grims,9.390658914728348e-05,1.0,1,-0.285591369950373,-0.1963414204061404,-0.1695350052007095,-0.3333064611922406,-0.1329654590536708,-0.303426668075941,0.0998163748096062,-0.0568527316438093,-0.1794453693658751,-0.1484815068044814,0.1966409278964578,0.0691901892539434,0.2586952879343563,-0.1146930588429452,-0.4750683584498678,0.3156300087129626,0.3352462977720962,0.0403334876511853
grims,0.0033680396374727,1.0,1,-0.2813900615266912,-0.1952378689365133,-0.1390830658060531,-0.3169699754939215,-0.1399154193342616,-0.1396266352423229,0.2336275557810379,0.0277999853575375,-0.2511690457193758,0.5426453556624874,0.159036138051662,0.1228684556798827,0.0367207853336298,-0.1411265918219221,-0.3319128328884565,-0.196220433183564,0.3132075755731924,0.0498941060910152
grims,-0.0015176229409375,1.0,1,-0.2021334416914683,-0.1565581754246708,-0.0882560861870358,-0.1838227627955819,-0.1701673828656741,0.0293918671708163,0.018268598993833,-0.1082408705990219,-0.1155056823193081,-0.1931034537896809,0.1937573473806797,0.017179591080821,0.2979419929570722,-0.0213964443513524,-0.4226389289933737,0.6380572671098269,0.2961064774428151,-0.0081508797775913
grims,0.0088597561823494,1.0,1,-0.1185896918740026,-0.1428479284933328,-0.0365482383485382,0.2862657291159703,-0.1303691708073516,-0.2735125698900089,0.3496548162717743,-0.249312293339125,-0.4115448538699626,0.041577958289572,0.07870948094769,0.0124596980640407,0.0570342221503487,0.2681075619945905,-0.0713435347700655,0.4815954985974333,0.3260187648366185,-0.1006554012667329
grims,0.0131908187745012,1.0,1,-0.1504151552320697,-0.2188009057979395,-0.0537659418295183,-0.3851455864999858,0.131675540284863,0.3653860571986425,0.2476086138129919,0.2049071520215183,-0.2433122503001428,0.4186331980841611,0.2227846284423904,0.207185698956782,-0.034237943920687,-0.0852686000559369,-0.1207124942830592,-0.1154213986961551,0.3891785509997427,-0.096545993347388
grims,0.0017016634418315,1.0,2,-0.126988328947732,-0.2100707985876717,-0.194218186176092,-0.2610702464828808,0.0386260764085377,-0.0585326491152176,-0.2958809970443237,0.3441731289717592,0.1129462609381601,-0.1483817959128553,-0.0528626946138852,0.2397355880384169,0.425533439777492,-0.4710251070639175,-0.2367382139226059,-0.0579381113222646,0.240562231477129,0.0876932661529132
grims,0.0018149347281542,1.0,-1,-0.0582051900640605,-0.0012071404294137,-0.3399817224183677,0.351510003771709,-0.4772202022588573,-0.0094685616859329,-0.1910746261259589,-0.1593824389806697,-0.4723678952240034,-0.1020438631365065,-0.03103200195525,0.1200125780400939,0.180926920479366,0.0785613400873386,0.1137713061708673,-0.0764573994369316,-0.3464489656313139,-0.2027053221135099
grims,0.0003599260771675,1.0,3,0.2525691907417508,0.1444462340090918,-0.3327324150947062,0.2801836964675315,0.0726159811589391,0.2609957583386958,-0.2380391070504314,0.1702385007721155,0.0863302083599586,-0.1063943659044557,-0.4432269507813494,-0.4144875844607675,-0.1934191310460834,0.2059790359174749,0.1453284524445394,-0.1027306388966846,-0.2484817270992807,0.0825621361858532
grims,-0.0006239688066245,1.0,4,0.294317801704229,0.3455676763686961,0.3643334234448919,0.1581538575172177,0.424412479908825,-0.0779378888256699,0.1926356212221396,0.1790091270122086,0.3922986789559519,0.0037778432691933,0.1706269947097871,0.0717028771028372,-0.2464985738875821,0.1798513714639046,0.2098386172049417,-0.0829393072412744,-0.1792663098396526,-0.1285786248316775
grims,0.003833918379894,2.0,4,0.3185947845781584,0.3260361774508189,0.2409355042602458,0.2296483171695982,0.2804014695810616,0.1993867960738918,0.1025047943548627,0.3058225608130688,0.382541267637651,0.1310125758102623,0.1495660576402933,0.15324876476683,-0.2492375038358246,0.2094206380062018,0.2340763341660235,-0.0734888712844828,-0.238161997125457,-0.1635470362889133
grims,0.0010711529062139,2.0,1,-0.2811717742914398,-0.278993421448004,0.1764416789012266,-0.2263567921040484,-0.0875402350176544,-0.0536608228314639,0.1069547108739438,-0.1977385320192137,-0.1076099351712718,0.3585179281584563,0.1955934228694951,-0.0014765771259061,0.2995097056036842,-0.4861767171826143,-0.3006022962986061,0.0301358767220716,0.2884807017825251,0.1439255556593812
grims,0.0001493008074481,2.0,1,-0.1664518091162115,-0.2703202418818389,0.1394447241669533,-0.2859406228954563,-0.040257497234004,0.1165514133350328,0.3234800540990147,-0.2348114107732768,-0.184633603688125,0.5285103019967413,0.1380204519858301,0.0427808306850844,0.2915431294435024,-0.1476709644435229,-0.1990587598009624,-0.157692182956981,0.3352557014199131,0.0710562291474447
grims,0.0044880482496025,2.0,1,-0.1544172152125722,-0.2151792784089804,0.0790530475275907,-0.2794441061136888,-0.0628125528124455,0.0296426650805036,0.1721860202037961,-0.2004001341146075,-0.0915424257598821,-0.1766474934819055,0.1779629799725275,0.011517725819497,0.3769747300319188,-0.016629593826525,-0.2771196391820944,0.6139858958895903,0.3214542990420777,0.0011405260092776
grims,0.0034789525271583,2.0,1,-0.20343357380967,-0.2192224521463575,0.0315111373105451,-0.3120267618473752,-0.0365064679889267,-0.270348462925662,0.2196369282492292,0.0875659987265856,-0.0842953905353784,0.454722893290984,0.1745102057432442,0.1376206497066309,0.3199007510500598,-0.2832552199306587,-0.3029425768000624,-0.1154601672574044,0.3418856662005667,0.1184925989485078
grims,0.0033433170482552,2.0,1,-0.131807181158242,-0.1698208962649402,0.0399034371045328,-0.3039988081650871,-0.043659236951209,0.008868057786589,0.2422906641076438,-0.2634832058294418,-0.1183444646468824,-0.1140286040713176,0.1736769323790209,-0.0271816997973996,0.2999434025828995,0.0984718088913766,-0.2247174815455067,0.6429882910052848,0.3279128516490409,-0.0252053144974005
grims,0.011784235590663,2.0,1,-0.0466843877051941,-0.2117888658651767,0.0155367070415235,-0.389557306631105,0.2244491815438739,0.4885303036118261,0.3848831083040692,0.0196685966388376,-0.1717157090204792,0.248081435392001,0.2100727675223394,0.1233705902405036,0.0265261951060678,0.0763372840788239,-0.0804128955428773,-0.1818317896369968,0.4044031782127274,-0.0585240883826271
grims,0.0018629456681643,2.0,2,-0.0737320839968804,-0.2282689289805906,-0.1056563923355481,-0.2557279619936998,0.2192070430184288,-0.0572504927876988,-0.2317037695744866,0.3484211224406677,0.1604272861100461,-0.1566668166889966,-0.0467251723372211,0.2272961252280994,0.4313424148984632,-0.5256760412670016,-0.0579529533612294,-0.0507028712592386,0.2231447004719911,0.131304651940703
grims,0.003556888129958,2.0,-1,-0.0909522441696879,0.0497454753268821,-0.0152108891299836,0.4143128259277578,-0.4392607092394182,0.0691066353044854,-0.1212034595196981,-0.2916118220928265,-0.3833691450912301,-0.0972698574463553,0.1196089074086257,0.0885841210868203,0.2172980876675657,0.0448760929438516,0.2490698276354554,-0.0633780809424024,-0.3492008930274631,-0.3226456983580916
grims,0.0001150054824468,2.0,3,0.2054990532780165,0.1725794154678738,-0.2664157696877858,0.2644972578762798,0.0214861265656586,0.2739034286185718,-0.3293327979228937,0.175122234249478,0.1153735051327847,-0.1021852134221196,-0.4222345801591303,-0.3271280418710535,-0.2051469173667245,0.184251875069518,0.2133229104311912,-0.1029060772412922,-0.2223878198777266,0.2860128558249653
grims,-0.0019217050813342,2.0,4,0.312756064160065,0.4510918770283012,0.2957796433694036,0.1829767326561834,0.3500206922353593,-0.0102955876428645,0.1694658015722387,0.1639263383611695,0.3248976754682064,-0.0670396862159988,0.133701073078042,0.0711713684512202,-0.2750990124762084,0.1764590293495054,0.3012843558464907,-0.0806519571859277,-0.1838369327148909,-0.1692284248107206
grims,0.0054940812818791,3.0,4,0.3328368777602565,0.3841474690290253,0.2378657835884942,0.221226966300658,0.235755746515156,0.0086673356377922,0.1180663046569859,0.2507766398564682,0.326339051517143,0.183173357137349,0.1542123757760557,0.1589058347907536,-0.2960128908462977,0.1917175664000788,0.3176055975207291,-0.0874344716113873,-0.209757389989891,-0.1940790167717853
grims,-0.0008755037722663,3.0,0,-0.3075865623921715,-0.2917191691363576,0.3330260415029449,-0.263862427991636,-0.213888913326352,-0.2722538694151474,0.2680699573225786,-0.4918266666448571,-0.329431280609023,0.1616797470677042,0.0780358470022132,-0.0407958801398578,-0.1925517213222354,-0.0888332460531378,-0.0250689744564228,-0.091988570899392,0.0770141305184045,-0.0610479698131163
grims,0.0008213388428317,3.0,1,-0.436976738599495,-0.2445659444455857,0.1059889415279168,-0.2191236183767284,-0.1096615751344087,-0.2293474506173518,0.0093718512459917,-0.1331170633227127,-0.0353485990144409,0.2196244010173436,0.21529953484206,0.0209303742590386,0.1847445895732247,-0.4395530325074527,-0.4141564831238657,0.1320674973176958,0.2787548099745107,0.131417849327854
grims,3.2448587563509414e-05,3.0,1,-0.4140403002990794,-0.255103988958844,0.1902433953623198,-0.296292922472873,-0.1461914805202322,-0.2941430668242988,0.1708373200689574,-0.2583153661686792,-0.1716788680487942,0.2581880196890184,0.1492500896046751,0.0600281013938646,0.1784580295993746,-0.228731394738308,-0.2970260273271369,-0.0710617393778603,0.3527670712987314,0.1086665591231656
grims,0.0029835831121546,3.0,1,-0.2884576790802907,-0.2195555916358771,-0.0058958649217274,-0.2669830864078615,-0.1517068444698734,-0.2585591834517751,0.1625796268505808,-0.3567014787490191,-0.2028387358670029,0.0242679867860234,0.1292403994310194,-0.0217228376100843,0.2146036481383109,-0.0114977133361847,-0.2616996529639634,0.5363684622401139,0.303918188734154,0.0099200367168315
grims,-0.0006752449505399,3.0,1,-0.2429601285475229,-0.2027474480383532,-0.1057925332671551,-0.2740640704564397,-0.0993076591702289,-0.2462550405355544,0.0899217130119681,-0.1417588405986935,-0.1061848121544692,0.2114557297628208,0.1908793956966693,0.0469329062636708,0.2731334440035689,-0.1487706669129314,-0.3473114773679142,0.550981510902435,0.3124644829942749,0.0409233696143497
grims,0.0441492921024773,3.0,1,-0.1878439362362924,-0.1769863109630523,-0.0293538216176219,-0.3099322369580048,-0.0412127211839103,-0.284252933580158,0.3490928098023651,-0.3442357548940515,-0.3959861978375411,-0.0247545909216916,0.0072051200274639,0.0237088327333654,0.0437874177428914,0.2209176002875278,-0.0956438917900765,0.4191335424722501,0.3358102617414947,-0.0852383832906578
grims,0.0187573423029275,3.0,1,-0.206728712634947,-0.2156833299914171,-0.0380367818371885,-0.3656835351892075,0.1017407433631162,0.0981005253301073,0.2364051781778919,-0.0358947035851061,-0.22437296206059,0.639440307867622,0.1588248477534887,0.1411566653187844,-0.0329741291570928,-0.0262112571745104,-0.101319011582751,-0.1602267399917256,0.3841035014055151,-0.0937887133288606
grims,0.0023725531142299,3.0,2,-0.1489902771365794,-0.1972528147382086,-0.0982160630380666,-0.2661985408443995,0.0990997740328712,-0.0920570194970463,-0.3121791899615755,0.322081163590895,0.1973349829909085,-0.1439365889251045,-0.1083184932890276,0.2562707626126065,0.3716954053864335,-0.5145394179858727,-0.1876968374415464,-0.0417315952852466,0.2200953784813206,0.1162301818165973
grims,0.0035738134980085,3.0,-1,-0.1056339523168631,-0.0226098372978987,-0.0868747256723422,0.3617810277249284,-0.5663581949741955,0.0125399600513106,-0.2110235136454353,-0.2481293931680422,-0.4133504704529911,-0.0782001244568308,0.0335258293687622,0.0993087886872483,0.1345388771651913,0.0562009391722178,0.215691519164087,-0.0557355550812333,-0.2938593254061467,-0.2787070673317297
grims,0.0006417540624266,3.0,3,0.2960400738194452,0.2235531997803558,-0.2428813369226457,0.2645808635457791,0.1722291967557079,0.0066220285651909,-0.3956712172101185,0.2133793503202413,0.1637812173231414,-0.1183535859750177,-0.339153724207888,0.042409077188901,-0.2125452353008483,0.2135520600030621,0.2546727120842141,-0.1207651296059399,-0.2146088776391646,0.3572977527883074
grims,-0.0020861105406799,3.0,4,0.3545079361656097,0.3766994346403752,0.2074474597103029,0.1863287653674628,0.3630192983253658,-0.0670702496048893,0.2950642934597884,0.2156154617687205,0.3458398718126804,-0.0072952220919858,0.1262667493178975,0.0952390293397209,-0.2664634561093775,0.1621472709672669,0.3123615445517749,-0.0709508625209848,-0.1324588136787126,0.1507268996571963
Pa0l0l0,-1.5640142467430217e-05,1.0,-1,0.1268624954793901,0.3318719533599477,0.0570075449243845,0.1817388745308188,-0.0460294044647495,-0.1586814303581427,0.4655959469272497,0.1836121111273558,0.0636849404156441,0.0481380429942947,-0.0994606300804632,-0.3555070714203991,-0.0274510042204995,0.1753499875950974,0.415916649835806,-0.147716955705739,-0.3599405194767808,-0.2473469021718902
Pa0l0l0,0.0014195407461727,2.0,-1,0.0993088068027132,0.2733779827321443,0.0877293979058784,0.1935218618339498,-0.0706254103139162,-0.1639568243655067,0.3653248168317944,0.1847533660902624,0.0743940532924838,-0.1148517457844495,-0.1811821628507559,-0.5201871773852635,-0.0429241429171688,0.1845043228481285,0.3852235576073367,-0.1504892171549528,-0.3762255829736738,0.0129606963783144
Pa0l0l0,0.0006304512266213,2.0,-1,-0.1333269916146994,0.054037467318301,0.3381977954369998,0.280974071893902,-0.1557422479603391,-0.1658039319180004,0.0240345483055967,-0.0860794408059806,0.0154531876258318,0.1183397888951607,-0.2537415051145557,0.218786105822531,-0.1005046504821477,0.0125256607483831,0.2528489603761674,-0.1244520548782188,-0.3960136806302067,0.5943439451661929
Pa0l0l0,0.0003426534578123,2.0,-1,-0.1460142131575498,-0.2229450549227594,0.443934837585231,-0.4287546823506643,-0.0929494447070877,0.4418351765062649,-0.0365239448266352,0.1014999963835888,0.1785396832882849,0.0044762118101567,-0.2162501572058118,0.2537146655207356,-0.0088321076878582,-0.3167818925121505,0.0895612575649012,-0.1929727914880764,0.1913481005450996,0.0850773817461438
Pa0l0l0,-0.0002243842950565,2.0,1,-0.2254759131022648,-0.3360927350886213,0.4887343090760901,-0.3693054690831355,-0.1364851762681067,0.2087186767891136,-0.1228993228585614,-0.1890061304417448,0.0396834155933961,0.0010918896657096,0.1294128044090086,-0.1548405217405722,-0.1143078810260479,-0.3984295129187061,0.1211786301602498,0.2790435798891297,0.1641365696486597,0.1197217305215578
Pa0l0l0,0.1233410303746878,2.0,0,-0.2123321707568661,-0.2919470270609549,0.4153169669008694,-0.294370278055467,-0.1279508139920986,-0.1614638177179772,-0.1464919712949022,-0.5127545569135575,0.1017927919728172,0.3512457930936762,0.1128652861711143,-0.233219008330453,-0.1518610226724244,0.0062689909804967,0.0904192794658392,-0.1851635032976684,0.1237453262042499,-0.0445042350029809
Pa0l0l0,0.0002694430081205,2.0,0,-0.2225353432362949,-0.3430128687110741,0.4351381262242354,-0.341534082029717,-0.154585642002514,-0.1556460029113835,-0.1143332264265863,-0.5622880456331354,-0.0241573735280132,0.05064525256428,0.0847705361315811,-0.1934940294833324,-0.160425271959314,-0.059887855604625,0.1575083028644819,-0.155560446417419,0.1487658018787091,-0.0350804007734192
Pa0l0l0,0.0072573548753807,2.0,1,-0.1435692822434945,-0.2515540857194482,0.4081863222114572,-0.2592339349445371,-0.0852108248920582,0.3506232528263624,-0.038760854040638,-0.1223770373937911,0.0346395478799793,0.4980447038641703,0.1135064715735777,-0.071589896000574,-0.075510015852847,-0.3922049674142364,0.1503702282813739,0.2380521956181259,0.1072313148862994,0.1343563859008871
Pa0l0l0,0.0004950208154959,2.0,1,-0.1714063819665293,-0.319478484011965,0.4816425812836973,-0.3358648732251519,-0.0481841077637964,0.3696749391136555,-0.0832255039427318,-0.1942376409165624,0.0510976115268854,-0.1756261461204865,0.1484919886594067,-0.1111397199534638,-0.060727060940711,-0.4606010747027333,0.0655899162922824,0.1050853070051832,0.1746780574417156,0.1028427006553605
Pa0l0l0,0.0022425146885198,2.0,-1,-0.108514636950269,-0.2749294671143029,0.2834704702253691,-0.2748364732831163,0.5182749907171316,-0.0580925069266747,-0.1224118863489735,-0.5095212513185363,-0.0252786849153289,0.0270567118140851,0.2037664984363689,-0.148905383892017,-0.0822756318050501,0.1932556203502857,0.2440334968865351,-0.1458028841441825,0.1211590409923952,-0.0741313245861989
Pa0l0l0,0.0016958375092324,2.0,1,-0.1127777311461537,-0.2567938381168774,0.317549915334594,-0.3422560476957378,-0.0536282387774619,0.3543317282612517,-0.0861888767504345,-0.4599532941380932,-0.0927349016980739,0.0503922074222181,0.2324323840267477,-0.1452124639915816,0.0434948484325393,-0.4709844106142619,0.0184407387012248,-0.0666321254059061,0.0569389545443079,0.1948275350851724
Pa0l0l0,0.0003081377645581,2.0,-1,-0.0580856961764924,0.0821858055115577,0.0359051362849684,0.1407213098460355,-0.0316339894591605,-0.1078602032971654,-0.3074875566233293,0.2108778430278734,0.4550080779345704,0.4835892512221513,-0.0846763342036314,-0.1053001310461742,-0.059241386331804,0.1796467696945356,0.5049141307247296,0.232516570795714,0.112345161855227,0.0239164430591524
Pa0l0l0,0.0001248809206828,2.0,-1,-0.4126438826488395,0.1039816344336052,0.1007808616146795,0.1378231616688936,0.3854009859195444,0.1717817406769544,-0.3695557754632457,0.0540853163745534,0.3427432998141088,-0.0163195559195853,0.3609273917478148,0.0668867656226593,-0.4374011094233346,0.0971537951922504,0.0065277210963265,-0.0786149353050059,0.1124271049518191,0.0108709833343374
Pa0l0l0,0.0006103596322629,3.0,12,0.3323482779429455,0.2787055513268935,-0.412578390083702,0.1920356845370364,-0.1025775401790635,-0.1926623557671131,0.1750671935516922,0.101943082139469,-0.1526112759101481,-0.0632687368729424,-0.2476661522626027,0.1991637655300772,0.221922324986815,0.2287897597703819,-0.3291129033073914,-0.1727625621904562,-0.3079349629531717,-0.2306709200738837
Pa0l0l0,0.0019635874582537,3.0,-1,0.0089083440025303,-0.2223891100114143,-0.1120275176336284,-0.3657631049924854,0.4992738667533473,-0.1673078814109633,0.0985352060894192,-0.3918657826963149,-0.3975800530791955,-0.119303994077967,0.0860699212688389,-0.1905979136176503,-0.0101970231715227,0.0800807819023695,-0.1296054816803451,-0.1106241096006843,0.1980288820849149,-0.2697963131552932
Pa0l0l0,0.0003141077967813,3.0,1,0.0175276257825208,-0.355240946325798,0.0116271137465454,-0.3647727962698849,-0.1268398752889626,0.3593824310760706,0.1815509307846414,-0.3203709058011936,-0.3409127001932258,-0.1830044435537724,0.0946809282628406,-0.1768807490023744,0.0411895897544772,-0.4025669678619641,-0.250388857040596,0.0761871123544133,0.1395982445864229,0.1332406902830188
Pa0l0l0,0.0010176742751549,3.0,1,0.0121829345764024,-0.4384515329724028,0.0024175916033465,-0.374130430572236,-0.1585774350304473,-0.2232470035090351,0.2148824016919756,-0.2611723973160361,-0.3451783478841041,-0.199944201394159,0.0899787596891081,-0.1406586466126634,0.0110140897600703,-0.2760526037076304,-0.2114274653361085,0.3429949085030898,0.1752992442870777,0.1478203206032608
Pa0l0l0,0.0003628063819044,3.0,1,-0.064587563943504,-0.4128860545358146,-0.0131179673980502,-0.3617706141126414,-0.161342788413999,-0.2090871275680447,0.057877218535234,-0.2208831558981582,-0.2379690522872519,-0.1549552472730653,0.0755343137120699,-0.1658493800498961,-0.0466851606764189,-0.4083534675009307,-0.3644389564807566,0.3389505951593344,0.1850889498520351,0.0875805120880151
Pa0l0l0,0.0011300693224845,3.0,1,-0.0270095823370591,-0.4080502531012347,-0.059673934385568,-0.360044781247804,-0.037327229942681,-0.0310455439951536,-0.054561746178001,-0.5687102035704231,-0.4579711945276678,-0.0363167320437166,0.124858154099428,-0.2020167009050075,0.0050517574075649,0.026812623901013,-0.1574022857730922,-0.183469751900572,0.1823578471451377,-0.1044727033152361
Pa0l0l0,-0.0060498795499411,3.0,-1,0.0158577495911065,0.3640107796828771,0.0893647476366779,0.4404756907268521,0.0978425365638228,-0.3636273441366311,0.0355553252992608,0.0957049854877827,0.3650800876005181,-0.0253328321495666,-0.1666868644211327,0.1270989437075775,-0.1257674493572505,0.5110584763161102,0.1670510669784378,0.0859407380133595,-0.0636628505328377,-0.1371540685985775
Pa0l0l0,-0.0103367677306315,3.0,-1,0.1413118077813487,0.127627750408533,-0.4251951377481773,0.2317884199137874,-0.1256048008395249,-0.1801117643236212,-0.2660247867907331,0.3042796307271446,0.1877596232669749,0.1621321300816749,-0.193796304083898,0.1671385447537838,0.0802128735071673,0.3002627148466686,0.4415461153958391,0.1569098260311014,-0.1709186869783301,-0.2126776635921005
Pa0l0l0,0.0029752224727139,3.0,-1,0.0930628827759282,0.0636302539953459,-0.2601306935841108,0.1334810411025943,-0.0722323270062867,-0.1023482059870131,-0.1763407399820021,0.1844852099184541,0.3070030367517233,0.6335587696072557,-0.0666642988333195,-0.1253678760594118,0.0273829147598191,0.1673840157769661,0.3823838689962028,0.2816887700497521,0.1313588272764596,0.1832611198478609
Pa0l0l0,0.0007360498509202,3.0,12,0.2009396732879428,0.0417203552385497,-0.3901255349585492,0.3475522025514068,-0.1533361084451217,-0.2581619888116661,0.1449048675611103,0.2592316718309938,-0.1491897566380819,-0.0773515358274626,-0.238299804126734,0.2971645184595845,0.2285828485041993,0.1325238982497768,-0.3205192168415567,-0.167084878580351,-0.211391462811344,-0.2967334984938042
Pa0l0l0,-0.0002488741111893,3.0,12,0.2304948376739202,0.2059918183760323,-0.3634848563155651,0.314628885697805,-0.1290036409534723,-0.2502211508332111,0.0967603692534686,0.2623400443244674,-0.0977004310424362,-0.0792522738125029,-0.2499924035326004,0.282948943275331,0.2144976673935107,0.0929817248422966,-0.4422728677656729,-0.1463993209533108,-0.2596397048398741,-0.1356510651280393
Pa0l0l0,0.0002183680318195,3.0,12,0.286366197120256,0.3388852252628805,-0.4215537978326441,0.2791706293004893,-0.0984822873716443,-0.2304324286415783,0.1248250991016459,0.2708110471217598,-0.1091327578632917,-0.0936965108395131,-0.2166138091452865,0.256932674384467,0.2526389709842803,0.0953292787463094,-0.3025843794734177,-0.0255839370454525,-0.1696806143639763,0.261241562304527
Pa0l0l0,-0.0005365490582215,3.0,12,0.3367808544843163,0.3177260714611337,-0.3321370062757474,0.1754654004246939,-0.0686683411059533,-0.1528561855329266,0.0633176094029931,0.1869508045819409,-0.01391497556253,-0.0904530098246608,-0.1637989706054165,0.1580665525658944,0.3678666158666971,0.2023032049805097,-0.3061018222794711,0.4538198156221483,0.2012185176825795,-0.0300505689229245
Pa0l0l0,-2.124236702802777e-05,4.0,12,0.3517069786647723,0.3446969524209221,-0.335077890215796,0.1795349964704028,-0.0637925169649157,-0.143142849860205,0.0358620288364497,0.2181293751750261,0.0068672148556909,-0.1133020108290911,-0.172301294528578,0.1624947558571701,0.3599476037886991,0.1990609854181219,-0.2677717263831722,0.4359610504884826,0.198445818833801,-0.0155408203765613
Pa0l0l0,0.0007414109008973,5.0,12,0.3849342758386616,0.337567220008214,-0.4173823273142941,0.2144079816302211,-0.1001008706909155,-0.1816856061816036,0.0495910011876492,0.1852105505522924,-0.0369265041876443,-0.0998578523924368,-0.1963675509702214,0.1563244122712177,0.306142615949837,0.2477917625957556,-0.2928783263811855,0.2400288230811624,0.2286655998964479,-0.1129905592325593
Pa0l0l0,0.0035828673227776,5.0,-1,0.0438753757398551,-0.0860644882460883,-0.2280222511996492,0.1664859065597022,-0.2481969611048628,-0.0572652886821106,0.1282738111109952,-0.2169272328283245,-0.5012379573392802,0.1343912428070285,0.4718723902414729,-0.3382414147376439,0.0942329569984608,-0.1627287026256934,-0.2987350158947426,-0.0813185603837416,0.2113617305557945,-0.0173962089165787
Pa0l0l0,0.0003808455022784,5.0,1,0.1353327033498723,-0.3240160205553996,0.0263748809649004,-0.3885956627413854,-0.0884825216002108,0.4837103681983913,0.0181071960319687,0.2113299974394611,-0.1512759417007536,0.0158746722533873,-0.124363673951983,0.1261442494533781,0.14281598669888,-0.4728384229127199,-0.2776910844253835,-0.1173809274430184,0.1238752910900909,0.1829752436219994
Pa0l0l0,0.0004862676790189,5.0,1,0.0746916798555332,-0.4259997691395527,0.0291861303356854,-0.3984702036644582,-0.1725680486484238,0.1181396891759012,0.2927098582494518,-0.3566719424308199,-0.4304040084524653,-0.2222681966924303,0.1089141238601129,-0.1529783898531848,0.0489850123928567,-0.1266366886859145,-0.1491794488864041,-0.2127201244952497,0.1971961463062789,-0.0440666010644051
Pa0l0l0,-0.0001883594279426,5.0,1,0.0275609994142392,-0.3940240673910372,0.0268618203576615,-0.3564645579563685,-0.140192548355316,0.2458706678212526,0.1726726966030141,-0.2820597768560401,-0.2703323544659925,-0.1920838104650544,0.1080081482232154,-0.1408425403838871,0.0673988299357796,-0.3573766692989317,-0.3498274546612406,0.2910140533733936,0.1785099656052195,0.118506956944869
Pa0l0l0,0.0001774587164297,5.0,1,0.020255238220854,-0.3329590866728434,-0.0133718788035646,-0.2897259278488999,-0.1395240753088751,-0.1627236708360675,0.1786366545147316,-0.5537993057930695,-0.3236244707669982,0.1879113936145931,0.03382923614295,-0.176696663237023,0.0393754390892957,0.1698708097611526,-0.1966130050977968,0.4017696270880304,0.1227508531718504,-0.0458033983929252
Pa0l0l0,0.0061446124723518,5.0,1,0.0492669262787758,-0.2890554741775456,-0.0077659612575193,-0.2649450376671812,-0.1041550516236875,0.1275692818024499,0.1640366360340872,-0.3049933195449218,-0.261898551191441,0.7553441735581553,0.0655089449245976,-0.0980738241724022,0.0661665397663812,-0.0360975845837685,-0.1073479567544884,-0.1304779242480548,0.0963507464138783,0.0124187903125114
Pa0l0l0,-0.0001817817250593,5.0,1,0.0111802724735293,-0.3780082218019529,-0.0085119924801497,-0.3755847236876276,-0.1409667648435732,0.1965405369489198,0.057277717557515,-0.1095490695084778,-0.2818944629416456,-0.009513295467037,0.1633748076016829,-0.0881993994736614,0.2255065946315853,-0.6373147958789449,-0.1898831911895289,-0.0914529027374488,0.1086382214913116,0.1216410746979261
Pa0l0l0,0.0074556769685648,5.0,1,-0.0034202871384397,-0.2209039230657666,-0.0229433855100302,-0.3677966673157367,-0.1132137023771557,-0.104988272667428,0.0988525595685091,-0.4663327786654792,-0.3540536907537923,-0.104089055967142,0.2812143371487517,-0.1759005108396628,0.1497353500872715,-0.4113024565157654,-0.2639505829412505,-0.1146589184701491,0.1858513927976781,0.0956674329206537
Pa0l0l0,0.0042878278648911,5.0,-1,0.0721906843552961,-0.00741420982542,-0.1929688717198298,0.1559166744529628,-0.0771051524978622,-0.1111602225333425,-0.1602547743257389,0.2167242532203367,0.2648576246625516,0.6546146881675223,-0.1659453464241991,-0.1968915616444362,0.021048100978593,0.192636420445894,0.3626088811256237,0.2948330436925116,0.0411680074944933,0.1400046676392126
Pa0l0l0,-0.0004532470739784,5.0,12,0.3107829548486739,0.3068457609616044,-0.3078072929632561,0.2251226808449732,-0.0246307903553338,-0.1886288441070303,0.1338712389540149,0.2618750322409081,-0.0850179895317085,-0.1577559842173154,-0.1454072202088046,0.2712943955444126,0.2679170552996995,0.2005209588077472,-0.0727641932593208,-0.1734313825357143,-0.46668176263831,-0.2216629513415944
peppe,0.0008659165962671,1.0,17,-0.4311833370946039,0.3332406272064159,0.1710307936102007,0.182034983947306,0.1653374901911091,0.1946395809746117,-0.4063178923621665,0.017365820596457,0.0007318275545978,-0.250125615811751,0.0450317926204308,0.1595155093177566,0.2467393014529229,0.1758264010847557,-0.1882092351942428,-0.1438652420917814,0.2787808811211249,-0.307174484022896
peppe,0.0011292935763266,1.0,-1,-0.0275968358175545,-0.2079204828991251,-0.0938898963167996,0.2716273280953455,-0.1077270454625407,0.2685051361370369,0.0044144119112873,0.1449014550228296,0.0602215635837821,-0.0136855386744604,-0.1461629355238936,0.3020754896800768,-0.5892544687700281,-0.1291310847397602,0.4903290024875138,-0.0826149239375999,-0.0005059727585225,-0.2027903154878885
peppe,-0.002285480860677,1.0,-1,0.0146878989368995,0.0965627368406436,0.1984000589017087,-0.275653784519469,0.2673812051255099,-0.287197732537536,0.3062632171175476,0.2640060367928781,-0.3925890822299756,0.1675218127629218,-0.031576431142479,-0.1536690000360208,0.3146649075613162,-0.069241967016682,-0.2657434556163048,0.1252487814063585,-0.1812361126505759,0.3576002199378785
peppe,0.0017299086570067,1.0,-1,0.0934378899681581,-0.1173435536957896,-0.0735430833414799,-0.22588750452626,0.1088364108626192,-0.2442052253073256,0.255787885072005,0.3086605520009035,-0.1876652845922419,0.307819523959204,-0.1336319973434052,0.207680045665821,-0.3785062007259862,-0.4293857867729733,0.2152822506397182,-0.0098455972328324,-0.299384081908125,0.1849670953401817
peppe,-0.0092866830026959,1.0,10,-0.3283565290582388,0.3324549176255304,0.3926648571322756,-0.0006336377474682,0.0580699800944772,-0.2869711365416688,0.3846872561165404,0.15180337198413,-0.2463355896202389,0.2841521522981968,-0.2397813341480972,-0.0121812403261879,-0.1007020354196543,-0.2221185316115924,-0.1380097986724118,0.2068015822372099,0.0953383702780759,0.2031473270335789
peppe,-0.0001020470204113,1.0,-1,0.1840883289673496,-0.1047653722072177,-0.0222477836767337,-0.2627099204399785,0.0582028822066841,-0.3458983606567216,0.26452968987693,0.2319467117756228,-0.146744244019295,0.3674879761934679,-0.0084429315071702,0.1484039660037198,-0.2870209959691308,-0.3551610623335183,0.3653389971987207,-0.2340294588112438,-0.2062224281586847,0.1443916678072934
peppe,0.0003157833652262,1.0,-1,-0.1097100202673578,0.2110621459821428,0.1915774751109524,0.1050254624576253,0.04109685252726,-0.0001049059073693,0.5706300691540064,0.1441286591971649,-0.599901824298016,0.3256179991543962,0.0623362309213772,0.1318616786371294,-0.0751085551485623,0.0290486133086692,0.1911130730851837,-0.0822881543923697,-0.09761422160893,-0.0333422896217108
peppe,0.0019963382386597,1.0,-1,-0.2976082198318232,0.32446068385432,0.0489216069546618,0.2585985881068563,-0.1071404396443196,0.3301740685237865,-0.3112354772219805,-0.1946240623055527,0.3228378081821698,-0.3391360053310002,0.2959819009488211,-0.0741970562157037,0.1977391293068944,0.1380868046827251,0.2037438358071367,-0.1496515924341468,-0.0632032016011567,-0.2079171200504051
peppe,0.0045393888989715,1.0,-1,0.1972454524046952,-0.1414244231160488,0.0778191054154373,0.2173052055685667,-0.1429702681895945,-0.2148305915998964,0.2636353612475628,0.2540418970875485,-0.1187195147397128,0.3615901511224341,0.0442268170885472,0.15326473628776,0.2839481545531861,-0.3337323023706053,0.4009825017809921,-0.1714942068118178,-0.3277163997853982,0.1652135129075085
peppe,0.0021912417660418,1.0,7,0.1906162718854369,-0.2473547383948565,-0.0107558971479242,-0.3845764116289588,-0.4747902055123398,0.1370250535422718,-0.0173124274957421,-0.2914794059299665,0.340737159930692,-0.1383894774344602,0.1589663314657401,-0.1254190435484109,0.0199019514066983,0.1940707415748407,-0.2085209849247836,0.3876351988540381,-0.1243672125414364,-0.0385008136773667
peppe,0.0014857889249592,1.0,6,0.3944256873925645,-0.2143253478874744,-0.0967691417561155,-0.3154272348064151,-0.4025116911942553,-0.3083817187154644,0.1774508844755346,0.1613112622612553,-0.0482637125675969,0.2028546548636262,0.0253154775218256,0.0915968399773295,0.3134206601219911,-0.2441418628306992,0.293102475559889,0.0669638586539082,-0.2512131350624,0.1056411842376035
peppe,0.0048464728904122,1.0,7,0.2435754735941671,0.0299732499725482,0.1059497518661657,0.1606449390681209,-0.5686685115258591,-0.004917917424139,0.10501910799047,-0.0720851314207777,0.2272259735484438,-0.1345660226622857,0.1292722267682778,-0.0457859596153203,0.266025582869007,0.2080416889824013,0.0260923064017618,0.5528254363755823,-0.2206177249235018,-0.0744303568987328
peppe,0.0008699519382811,1.0,-1,0.0564973236147773,0.2562777645069267,0.4049774166442866,0.142586383485078,-0.2823503803687253,-0.2175308783416833,0.3919769482760912,0.3055045211778909,-0.1015729063017695,0.2764326032170723,-0.0316740617564625,0.1772299586435917,0.4246213874410434,-0.1574756462047254,0.157062454504841,-0.0402776869801989,-0.1483837750730932,-0.0146805066893632
peppe,0.0010760494058515,1.0,-1,0.0485883380078901,0.3103872819180003,0.5052568712951787,0.1043969621061495,-0.4961621772178057,0.147174062916555,0.1782288350372755,0.0212340786950246,0.4648588496882492,-0.0468150729166533,-0.1468240111745639,0.1122015967141411,0.2613194554728377,-0.038001339035092,0.0676220082170448,0.041144108347683,-0.0280003716807137,-0.0764769149803732
peppe,0.0024574066952922,1.0,10,-0.1172288142777291,0.2869693883224061,0.5276633410083892,0.1011343103361235,-0.0782354312714989,0.1140261536719442,0.2153416420973024,0.1490331733193092,-0.0011289652563909,0.1267652923135981,-0.0569740050996373,-0.0027942758646717,0.2726001897445946,0.2294646573680891,-0.5282444151285635,0.2902165425886907,0.0982656156351322,-0.0912698340861395
peppe,0.001849818230944,1.0,-1,-0.2135802921020223,-0.0302053830048123,0.3957789324331776,0.3083806655799225,0.1142993564106766,0.3284051598703825,0.01073010668731,0.1992667721124054,0.193994169632139,-0.0359394027269978,-0.2798250453882908,0.4174761536258957,0.1172216941881798,0.2123887983515114,-0.0468435272979882,-0.1984251521654695,0.2193584109339277,-0.3177202412242582
peppe,0.0032864064284581,1.0,10,-0.2233999149017519,0.0307499409118899,0.2583989502948007,0.2583077956910223,0.1294474232256664,0.1570932858095209,0.3181208595155365,0.3462124840414153,-0.1310820425641603,0.5176305821510135,-0.1378227028859032,0.3233782250932905,0.0432038738109358,0.1508352992660469,-0.0201299362507099,-0.1629242229519086,0.160875179075677,-0.2588713687582967
peppe,-0.0009586738274365,1.0,17,-0.3256568337407139,0.4089666585927045,-0.1817175985418536,0.1671146931332261,0.3077902563812563,0.2385708527914021,-0.464393204116179,0.0252415617419609,-0.0903748010875441,-0.2547402416886751,0.2405517234639803,0.0053055328196443,0.1703668176806312,0.1368690460429663,-0.1612662103880145,-0.1363156573620219,0.1659144896339965,-0.2167219031831642
peppe,0.0010604717381232,2.0,17,-0.5354006868794567,0.3329955734543514,0.092956503575839,0.1947890655738836,0.1056671252746326,0.2506478346376003,-0.447153135580319,0.0499568763763557,0.0004759376450813,-0.2785329976407573,0.1773173070600289,0.0728165831425541,0.089610989756648,0.1697046370843161,-0.1105768491647424,-0.142721839494897,0.1809413660649115,-0.2509063423156302
peppe,0.0017573842179906,2.0,-1,-0.1913889098137903,0.4749676395411696,0.2340564250554713,0.5025333036056301,0.0436691550777732,0.0379253895934286,-0.2041660784578255,-0.2630915270395499,0.0755365724006438,-0.3013821475740888,-0.0587747911115482,-0.1875161796642404,0.0121742953988585,0.0055523347183556,-0.2793258105845026,0.1585009469063851,0.2752640623053142,-0.0442612121961269
peppe,-0.0012206329113584,2.0,6,0.3452804517634044,-0.4426062383589348,-0.3215340912799351,-0.4011721834869018,-0.1226145346482416,-0.3579932894027244,-0.1712208954769741,-0.2590065797867205,0.1491766027583048,-0.149352183035599,-0.0601434070463129,-0.124855878296365,0.1510527730168506,0.1134015316532233,0.1711041425210324,-0.1446943823203864,-0.1719720873964969,-0.0416295626170454
peppe,-0.0001435167353003,2.0,-1,0.4416575054078728,-0.3555174276560457,-0.3744892778194374,-0.3721907313806678,-0.0986943931600351,-0.3253626333065624,-0.1239100707676975,-0.2690960718711981,0.1171957939533601,-0.1583122652658026,0.0695231923023973,-0.0925622817353291,-0.1407292255162874,-0.133764707583961,0.1880257183900785,0.1404938020310091,-0.2172669755255512,0.0649331304046247
peppe,0.0009839368668872,2.0,-1,0.3184495242870775,-0.4044518196666175,-0.2898330548954848,-0.3294698565641757,-0.067381403224865,0.0386534806202216,-0.1244811996957692,-0.5139338160200219,0.2343918691030303,-0.1157502228626977,0.158313440942385,-0.1467204915354911,0.0375114244495647,0.0968467540300385,0.0172220637159102,0.333939690945827,-0.134702509253485,-0.0335553952890349
peppe,-0.0032358274895491,2.0,6,0.3708955670220472,-0.2295466440704214,0.0370031886600264,-0.2353281589198291,-0.2332634196111717,-0.154798337869734,0.0237108329876577,-0.012036015006868,0.2774603348877199,-0.0102945429629315,-0.1931187786350957,0.0048947536497361,-0.4962569059767893,-0.4735600429880115,0.1730889914442894,-0.016813049928271,-0.2244401873993076,0.0914323679920669
peppe,0.0025278895367075,2.0,6,0.2225157889470748,-0.1448141857294048,-0.0114355178284454,0.0764096235572324,-0.2268433273090747,-0.0655842226897675,-0.1389547541980352,-0.2902527724571596,0.4352790864746215,-0.1341470835630246,0.0095881513399748,-0.0301948133814456,-0.5707134714293702,-0.3282993823105225,0.3032513592100249,-0.1414571212866109,-0.0884711104192998,0.0497203956567705
peppe,0.0096393917976428,2.0,10,-0.2429727839943876,0.2178565926633893,0.4842422513606544,0.1355454527086183,0.1169784491325635,0.18715823213822,0.1095056606609207,0.1907115633362148,0.0394636866641266,0.1603272731537907,-0.0451534477908516,0.2262201187484934,0.0498818728035778,0.294910189326991,-0.5104411266751608,0.2616268682618818,0.1527535633790422,-0.145930890528941
peppe,0.0004654686339264,2.0,10,-0.3012468612946696,0.0247879887604979,0.2737763708270224,0.2687387518452489,0.2910127428154744,0.0274148622526236,0.104955812521463,0.279462660376143,-0.1099969340803527,-0.3355376567948291,-0.1877214174158634,0.3459771488677273,-0.0587054883136268,0.2819379589807073,-0.1789267856627902,-0.2371374228743132,0.2108985842577483,-0.3026877918381084
peppe,-6.340667881411003e-05,2.0,17,-0.3021781721141481,0.2621942316287836,-0.1601384125235704,0.146458955012618,0.4110541506057721,0.2046667771421631,-0.4300884435467004,0.0343675139167613,-0.3480137293531523,-0.0860957419839786,0.2703767860000622,0.0474994391298799,0.1732061311365088,0.1798543380793823,-0.2013826669390709,-0.1543744950296802,0.1503995574443154,-0.2063892637441613
peppe,0.000596456841707,3.0,17,-0.2709197687950767,0.156451693981284,-0.2983845267223329,0.23372140488629,0.0915238810231996,0.2793004653195474,-0.4334125602978325,-0.225452919783557,-0.0969029666809921,-0.2701389220849441,0.3342549915212953,-0.0608835135494106,0.0976393185442454,0.2198900288502859,-0.2026803654979406,-0.1846338829030382,0.1598019954613411,-0.2775181510314625
peppe,0.0076899658122813,3.0,-1,-0.116161782239807,0.1246368038814166,0.0538554142958737,0.1217905513880097,-0.0585708945476584,0.1515118298201318,-0.0443995294058834,-0.209356938875439,-0.1545811782070745,-0.0859549966612401,-0.8714001455899572,-0.1772403687008341,0.0511104729237119,0.081734012934614,0.0090017349941168,-0.0812510416785855,0.0504885969834118,-0.2012217140248124
peppe,0.209370741513634,3.0,15,-0.0615203996807244,-0.0085669393925932,-0.1768696258597769,0.1533322354450228,0.1656613154928628,0.1684562255215887,0.1677309235470878,0.2166013591489595,-0.1194398048570005,-0.0038909153617234,-0.0067257022395277,0.1915965093519038,0.1064251789396117,-0.2161649176637131,-0.022681788349509,0.0041504017650138,0.7029130702419636,0.4547193622870987
peppe,0.0345306122565191,3.0,-1,-0.0302662626334952,-0.0116683016276735,-0.1898020109673074,0.1365384510327318,0.2093775766524981,0.1512069227673339,0.2008877528522336,0.2013405906919197,-0.1192792281762395,0.3646229555883992,-0.0003346734149966,0.1712826810246994,0.1056671790202729,-0.2279013416210134,-0.0317403714680016,-0.0031430387436276,-0.6693538959254405,0.3286517630584152
peppe,-0.0013088662942486,3.0,-1,-0.0837866794571724,0.1248342684173852,0.3141910052171288,-0.0984342373738878,-0.3078087370096363,-0.1534495103271785,-0.148076050444131,-0.1891660670977455,0.1016363992179325,0.0337267445780348,0.0544070826285174,-0.1731345706121418,-0.1476398734231547,0.3112610354290955,0.0376782235554505,0.0530927725412995,-0.5660621599186393,-0.4530327107682657
peppe,0.0003540577332614,3.0,-1,0.2058725617017446,-0.2662660299757824,-0.2339973390027551,-0.3575072449686164,-0.0054452407564896,-0.1378759591306148,-0.0509481239721359,-0.207893045985695,-0.0921493752103654,-0.0421721931813783,-0.383399223712332,-0.3182107081335563,0.0117636793374552,0.0261246183695279,-0.0779074156161511,-0.0987956235822611,0.2064361498308556,0.5670168594595266
peppe,0.0061830911882061,3.0,-1,0.1650459293947609,-0.2412025658697321,-0.2987726047062742,-0.3334168225343168,0.2293177672114815,0.127340582437695,0.1126418429258128,0.1631779739161273,-0.0754985162366661,0.0863266329022573,-0.1004662029207182,-0.5800151943909134,0.0248813492335896,-0.3545234802478829,0.0260254925689082,-0.0384021655972034,0.2549104142682977,0.2300675328282656
peppe,0.0048168143781334,3.0,-1,0.1682616417005924,-0.2807732209551202,-0.2354022983785706,-0.3736736479441943,0.2031484785279644,0.104575359455886,-0.1112358525058638,-0.0315287519157679,-0.0310427661620547,-0.1521060989898554,-0.3249997423922115,-0.6192073749731246,-0.2223866494892429,-0.0531841624113386,0.0809715255379506,0.0321714194591467,-0.2151380886714656,-0.1137220604307379
peppe,0.0057219132232771,3.0,-1,0.0355776906001623,-0.0358608895491718,-0.0009266325064525,0.1551294761774383,-0.0977356332514842,-0.0463150641659701,-0.2013624339996236,-0.3132488741911693,-0.0797385742501961,-0.0975231481843077,-0.5688561842567643,-0.3222230713832568,0.0279967266755283,0.2272243480984257,0.0362099692975156,0.5643551569535523,0.0118938031505617,-0.0857614475392145
peppe,0.002817792466126,3.0,-1,-0.1430636273724875,0.1690741856701789,0.1129426436258067,0.1236917641298024,-0.040272406325017,0.1090405281214139,-0.0774776108659066,-0.109097637527785,-0.096570159124789,-0.0529156199606619,-0.3605228080455519,-0.1858594566975311,-0.0329373517231924,0.125751765605372,0.0662129324450038,-0.1318805096953781,0.064832071484502,0.8197254181354938
peppe,0.0003184855105781,3.0,-1,-0.1047405465076696,0.0662951537272903,-0.1350676676833661,0.1111182793345579,0.4579104443837907,-0.1952732490319319,0.2328511139222646,0.1638744041842463,-0.0972853444685331,0.2306415952131469,0.0126624383985691,-0.4479630305724317,-0.0179329433630294,-0.1972426478611599,-0.2128979331744543,-0.0509369021162253,0.431930004162882,0.2965715231712564
peppe,-0.0032865304230026,3.0,-1,0.0156326743185851,-0.1248696471286242,-0.306280510157308,-0.1021714283185327,0.3629969245257822,-0.1225481050765658,-0.0309587190262316,0.1781026010949008,-0.1370930328930669,0.0730496081253613,0.4837557317532004,0.2926683701853382,0.0633210469580132,0.1798024277223281,0.228561529239663,0.0437675550247071,-0.4337117819302953,-0.2793692499972611
peppe,0.0024249979211616,3.0,10,-0.2708965622488214,0.1680689492937769,0.2060785012741809,0.0961006659713857,0.1427000047327072,-0.2623592283333366,0.2286972460007472,0.1327758394051769,-0.1096357834594227,0.1879982619822257,0.0436523379725421,-0.2526513184500217,0.3566908345468327,0.2155346645803329,-0.5372026553832886,0.2968179464117751,0.069589553330917,-0.1386408386000129
peppe,-0.0002687766354334,3.0,17,-0.3552996606777517,0.260831574547494,-0.0201070786146067,0.1456227538789665,0.3921134214036783,-0.3359802941046683,-0.3631169171082898,-2.6266839706808437e-06,-0.283331174015665,-0.2017967361394307,0.2314542452613244,0.0365667108884813,0.0432794709238448,0.1315365278844116,-0.2400014020553461,-0.1290785041154165,0.2211281154559964,-0.2595919003069669
bigw,6.078420399917635e-06,1.0,10,-0.3168343250275198,0.2484545820845112,0.3024329132513912,0.2650459377391962,0.1004917370961843,0.0510155135845557,0.2419701601974982,0.2647455549348353,-0.2308477319549009,0.258458358177335,-0.2475477715995998,0.2449801160801095,-0.0069855472344712,0.2404631155768146,-0.2347964548294061,0.2286738667703652,0.2640840442749093,-0.2416837154098326
bigw,0.0008326842926583,3.0,10,-0.2034462774380213,0.3723869305522463,0.2655467376071925,0.2810045144529127,0.036389170986457,0.0073731772248272,0.3395934299429516,0.341632804744488,-0.1540842682873228,0.3842827521578925,-0.2770231277462719,0.2653409228357396,-0.0452983282300506,0.0873965814247703,-0.0334313943074394,0.3166941944928426,0.0615106740567227,-0.059953513425351
bigw,0.0017534309364852,3.0,6,0.1695481830122879,-0.3108671058870883,-0.2961042853999381,-0.2176680064777098,0.2008049142667069,0.3595439476905994,0.0312572313966921,0.0636670255884769,-0.0564187806742953,-0.1040455221361935,0.0854885062946756,0.0365853276948429,-0.1841457805472137,-0.4816274114170138,0.1953334763596994,-0.1519651972549925,-0.2622797354600082,0.3825751933195298
bigw,0.0023166580496688,3.0,6,0.1901341803778654,-0.3621043210289747,-0.1813909749320895,-0.2714309628392199,-0.0136623587107058,0.1961152979617424,-0.4363619610574062,-0.4207512575704688,0.0777677948311953,-0.2016752007344112,0.2820978864070843,-0.2965438881514833,0.113574912826427,0.1674916650434215,-0.1298363489229219,-0.1995587917135303,0.0192722097896238,-0.0884149964674852
bigw,0.0022234131456731,3.0,6,0.130211514393031,-0.2508009251183891,-0.1111687911444409,-0.2187645843011672,0.1943482374352959,0.3609780821114833,-0.0754042363676537,0.1792126885465265,-0.0962694637900955,-0.0960788576073898,0.053371983661847,0.1233532340600675,-0.1545078562673009,-0.4997098285303437,0.1850343062463188,-0.1439309644574271,-0.3324923041550608,0.4223706062264063
bigw,0.0054148737321025,3.0,-1,-0.0639809602593162,0.1050187360624936,-0.1549055253929718,0.2164232413293843,0.447100987750761,0.2134898797480658,0.1324541708252561,0.2518922747711632,-0.3407653039584929,0.0321920250141912,-0.0996359258079973,0.2011857072864716,-0.1580276988583689,-0.284179875293336,0.3891754935334567,-0.2023766639265731,-0.2963843326545505,0.1844529238847502
bigw,0.0753635648820548,3.0,-1,0.0457334409023034,-0.066061578095773,0.1471147112659851,-0.1722228702145368,-0.3808021274403573,-0.1678127550318224,-0.0933447261412664,-0.1906921160281907,0.246862622131579,-0.0243037245353947,-0.2331480500434871,-0.1576287068119596,0.2447868654653824,0.2507578309477968,-0.4373466048161804,0.4254252281897818,0.2419237382174187,-0.1722505249711109
bigw,0.001422686588068,3.0,-1,0.0331783961505994,-0.0548866504056811,0.1453461200886324,-0.1766046467025718,-0.3783376031434475,-0.1706514493485468,-0.0964158259535616,-0.1956138127111292,0.2153159742268364,-0.0214889346744749,-0.1307707064343215,-0.1428659209372244,0.2825029695023193,0.2577166969376833,-0.4547123298053768,0.4092697160880542,0.2861785980268522,-0.1924227386037507
bigw,0.0925641010775999,3.0,-1,0.0024796491832028,-0.0401526679359499,0.1482942826992725,-0.1905739853548312,-0.337773624490613,-0.1819548692962546,-0.0948119361651193,-0.1574061785348848,0.2187343794746727,-0.0148810140883627,-0.5317366723723118,-0.1390739909792273,0.0769476458486859,0.2692655572074086,-0.387039031935367,-0.1260451634989551,0.3484863888587321,-0.2083302570924539
bigw,0.013583091402806,3.0,-1,-0.1304663251296585,0.0233078321120426,0.1462473712623865,-0.1788691144180746,-0.10371486762383,0.3499319885924562,-0.0989946590791826,-0.1078801805876691,0.283492721427826,-0.0179783689026804,0.3184884906252349,-0.1270075433955246,-0.1676573876562511,0.2571864382989268,-0.4958189697294631,-0.100811730455173,0.4081713229574177,-0.2434979570381933
bigw,0.0010497055269703,3.0,-1,-0.2226666510839345,0.1843609278587534,-0.0954125220771447,0.3406146489865954,0.6415873518671233,0.29845162039636,0.0677600243428461,0.1129063395723835,0.1312267716201464,-0.0120010803914581,-0.076093629407753,0.12688458521662,-0.1187308899258677,-0.1066227869151563,-0.253597616073554,-0.0127011486885853,-0.319937062627545,0.2042280420499406
bigw,0.0001846638920338,3.0,10,-0.2510720744802748,0.2221128165264421,0.2842246146286439,0.2540539237784146,0.1061422356843875,0.1426537778743579,0.2759479055975083,0.1772191591554245,-0.2895636074300687,0.1876833379279109,-0.1097698923335299,0.0657301206726157,0.3213460632708838,0.171430559509849,-0.4168724472586145,0.1929572928858221,0.1810154327178992,-0.3020861874076586
bigw,-0.0003576569586707,3.0,10,-0.3282413255135562,0.3592209757284944,-0.0469389319857841,0.266550438426798,0.3591123393121905,-0.1255161522854421,0.0187546225600701,0.134959083238595,-0.2352567311387097,-0.0738403718015913,-0.1510192446064873,0.2722069436752496,-0.5677213874533882,0.1152014887493132,0.0417090050729121,-0.072042537909685,0.1449612745575405,-0.0738904442878128
bigw,0.0025042483882093,4.0,10,-0.3726951925131979,0.4932992006129646,0.1290948685542367,0.3133109872449853,0.2040213547129666,0.0273759252782274,0.0265829112429333,0.1698863348454744,-0.211092291877045,-0.086439780239684,-0.1976992888807991,0.3240152354433774,-0.2036125818282104,0.23740297883206,0.0592886022063004,0.2190992031548221,0.1959690722432182,-0.2171136861802337
bigw,0.0084192751918911,4.0,10,-0.1147481705845179,0.0951200888051683,0.492619075897182,0.1172681992090176,-0.2316071052966525,-0.0988705229007148,-0.0556641151010879,0.2054325902602805,-0.1003264257550018,-0.0914570786839359,-0.2012489492340559,0.429052855927768,0.1739971463243978,0.3325772560379146,-0.0122299460194671,-0.1901894173657118,0.2753230446183991,-0.341492433860693
bigw,0.0004401861247895,4.0,6,0.2305468103091384,-0.3148767774951371,-0.1696673789794936,-0.2617773460082881,-0.0852863876112547,-0.2177588645645922,-0.4049314597002673,-0.4131220907811677,0.2246298033930124,-0.1941808436565147,0.2405624339144269,-0.2813644887239935,0.0880625327380309,0.2031163197971753,-0.0023368571432588,-0.1574966967121737,0.1477986164709616,-0.2004669193015617
bigw,0.0022003205933764,4.0,6,0.2611706571211292,-0.2657262717925327,-0.2058891830616971,-0.2204513096796395,0.0570182213869296,0.2657371453321641,0.0179554158772546,0.081529699479515,-0.0121758437729673,-0.0977392926319999,0.1142587786069566,-0.0375257917756781,-0.1128971020412689,-0.5096597633515026,0.3925775379275484,-0.1520847965720013,-0.2670456744318473,0.37964443751067
bigw,0.0005146155067833,4.0,6,0.2862637966306757,-0.2616563588201172,-0.2644026261175258,-0.2464905388568672,-0.176341941729231,-0.284615150527748,-0.3422649021336917,-0.430263375403859,0.2209330436104201,-0.1786989199746137,0.2242731614130675,-0.294880659131484,0.1798198629010478,0.1246964708763339,0.0467303097843456,-0.1464947164609556,-0.1194176104395076,0.0275935529801773
bigw,0.0029084369951136,4.0,6,0.1427391861367127,-0.2497113805409994,-0.1335721643411632,-0.2450013912055273,0.032021395084858,0.2643529123190181,-0.0505849070036655,0.037104139222946,0.0186717061067402,-0.0893009756043721,0.1697513830979516,-0.0790157770103643,-0.2589832963844036,-0.4719396090434409,0.4323599124862894,-0.1704136343775815,-0.2338342916843374,0.4009028852894891
bigw,-0.0034552081346645,4.0,-1,0.0400243712028116,-0.0557667588503006,-0.1320659176523199,0.2661653260338535,0.4800971859026217,0.3128719795617548,0.3636170892602208,0.1822101082600797,-0.3913267852532247,0.175720690925531,-0.2359239597468495,0.2811451257507333,-0.1470369715940379,-0.1603764303125602,-0.1062392169910156,0.1723257618495277,0.062231220020096,0.047847581881907
bigw,0.0026191690717702,4.0,6,-0.101469402089906,0.0054296378446154,-0.0569239156658822,-0.2335439977439055,0.3318340308473644,0.2832974090310964,0.2822223948252059,0.3166721540222923,-0.1264397482679774,-0.1426264258442561,-0.1052331787541673,0.1404309272427692,-0.2386378872842021,-0.2849434448258628,0.1412654145533669,-0.0315924846621475,-0.4788463217358477,0.3256940041641224
bigw,0.0022291732568809,4.0,-1,0.026296370421184,0.0939555138232735,0.2361304197875204,0.2423081684085743,-0.4710920047788121,-0.058931245529025,0.0353315447761467,-0.0414987507063909,0.2618398129655723,-0.0034598129021741,-0.7323014145967,-0.104193093788456,0.061027113650921,0.0211812229517561,0.0375749602061207,-0.037336606083759,0.1266999450617202,-0.0944121624567559
bigw,0.0010039334297998,4.0,10,-0.2076252148421482,0.1591272384799611,0.1960937393252725,0.2593183016780026,0.1199909881960029,0.188505948726697,0.3893760652110485,0.1574312558962454,-0.2989741468725039,0.3299123232228917,-0.0960699216658325,-0.0567610193719676,0.2567887521542072,0.1024665994027866,-0.2800533156383159,0.1951831208117902,0.3540001196644164,-0.2656684373839072
bigw,-0.0019070396574208,4.0,10,-0.2463951346861697,0.447252383074241,0.0402313193947106,0.2670885235444998,0.2712633162415817,-0.0390284182959227,0.0666034857539191,0.1699051330765744,-0.1506392109933996,-0.0914033093385928,-0.2002291865808198,0.3195532165887368,-0.4977058794783795,0.1546756010331242,0.1641422308120764,0.2392070195925867,0.1451649807285588,-0.0881202257499743
qwe,0.0005830224483396,2.0,-1,-0.1410001753734097,-0.0861296062151231,-0.4115307001487254,-0.0411863603474901,-0.0722685194845326,0.0212262748497859,0.0696965012175503,0.4128386515883353,-0.0187106960189097,0.3741248305375416,0.2644548144880849,0.4105305665051719,-0.3080896331603583,0.1531549003194701,0.0524541742169249,-0.2106407745462562,0.040895796580358,-0.2733494062887912
qwe,3.1583775034348296e-05,2.0,18,0.3751664390933145,-0.1913844819134039,0.184476822972058,-0.3556385804509104,0.0936032073351296,-0.1706902635946517,0.1510478183861835,-0.3261957333299801,-0.1806226085190959,-0.1066407940773839,-0.3591724423792714,-0.0873327642355916,-0.0376168839049942,-0.3842407645811568,0.3373049919178172,0.0741060785821332,-0.1980009900725653,0.0827067237965872
qwe,0.0068720897401396,2.0,-1,-0.2748941371301258,-0.0725881605920181,-0.1546360686032599,0.2789008719227558,0.1798190759984741,-0.1317574794998508,-0.1980146168236211,0.0344593138363445,-0.2249195206217682,-0.1501800834020619,0.2659376026609648,0.1371320556012559,0.436684245967164,0.2804708394813518,-0.4423117753431395,0.3100374466789237,0.0415259350835136,-0.0431136620798329
qwe,-0.0162883219347248,2.0,-1,-0.2653919183887599,-0.0430593810747891,-0.117340429552992,0.2829037823426548,0.1504728353222831,-0.1420164147589127,-0.2238617641007812,0.0580476153084495,-0.2417177353963286,-0.1730579560486745,0.2093129471107001,-0.5352655878219423,0.0835281852297672,0.2246379348418626,-0.346053042155169,-0.19156337340906,0.316225509263335,0.0709274013971194
qwe,0.0001876258680029,2.0,-1,-0.2705883304298872,0.0959971409749417,-0.0313377879965628,0.2237606832525823,-0.0721139078256853,0.0985629515190375,-0.0758335298017155,0.0939331468868509,-0.0975851362297193,-0.1995353304492645,0.1495622687068239,-0.3902531376011155,-0.1478533987198944,0.0079588390169535,-0.0039407876652053,-0.2280962864270519,0.5584814904955095,0.4766065363670264
qwe,0.0022923403752475,2.0,-1,-0.1799576457584255,0.137774974582936,0.2664005644457126,0.1635069518821815,-0.5042867475499548,0.2534947224230326,0.206113790357726,0.0568265847934719,0.0193790663970605,-0.14934661417303,0.0972396126735184,-0.0574468018187721,-0.2009161662471451,0.001318176086253,0.3940948589015713,-0.1705676794646781,0.287768652185686,0.3789895727915257
qwe,8.763786112413687e-05,2.0,-1,-0.1359506664220376,-0.0433598258629318,-0.0983460492183624,0.2703506714687627,-0.016395208813982,-0.084335022982064,-0.0818730022822011,0.123693668010744,-0.2452247750643108,-0.2073216911268611,0.1555946182494328,-0.4927125788742619,-0.2504514857892085,0.030849637903498,0.1971908720060061,-0.2051961674691778,0.3724362543838326,0.4626255912863392
qwe,0.0009206128859244,2.0,-1,-0.125289872121308,0.0214710746899194,-0.097855468086623,0.2253659960544296,0.1997905755992947,-0.1132842787486859,0.0090077359372039,0.1253413319136344,-0.1201299210279939,-0.1962427758921058,0.1305923656808448,-0.4785399391635764,-0.5220119395616093,0.1367699057927013,-0.3226597328192677,0.3456286973501777,0.0123641772243084,-0.2025181876949808
qwe,0.0010089507348258,3.0,-1,-0.1672169121499978,-0.0604136868435618,0.0508036217539307,0.2755252322295053,0.0171072625041084,-0.1465831676813477,-0.0997544162116345,0.1295646777652735,-0.1334350884643086,-0.2246822628054794,0.1614863601650905,-0.5352657099041115,-0.544949016624687,0.1196157052034417,-0.0819192922756385,-0.1091001367185995,0.1599818465214857,-0.3240630810200688
qwe,1.9084539989001138e-05,3.0,18,0.3098452758717204,-0.2124901773961903,0.0417730584056423,-0.4482028240685463,0.0728149137584802,-0.1693701850576344,-0.2059149012210944,-0.2551465261596893,-0.1939553976047909,0.1622168696131094,-0.4176717552799783,-0.0209695766608171,-0.0579876347856809,-0.4106025526637014,-0.0251602925102182,0.0254581398454064,-0.3002137100670157,0.111960813239684
qwe,0.0007722610727993,3.0,18,0.3981705213534016,-0.2225087284544056,0.1311087583594286,-0.3870292318765124,0.1023542396672585,-0.1591592720021192,-0.0230122742683712,-0.2372177717189342,-0.1294649452065404,-0.0381313449939065,-0.3639067931206405,-0.0257997437978671,-0.2343638622315074,-0.4589223269816053,0.1961244140675221,0.2022912149520515,-0.1653253292436961,0.0937817050026251
qwe,1.6623915617134886e-05,3.0,18,0.3922024583044959,-0.2142349244251364,0.2010807330945619,-0.3674134844004585,0.0791801666612812,-0.1147390776520795,0.0086209747398445,-0.375169070484385,-0.1855774933562466,0.2642303426491361,-0.3754926954657325,-0.059358918001884,0.0436409141558593,-0.3313757181952415,0.1954913383096953,0.2159212243430534,-0.1180893274076648,0.0729420488892691
qwe,0.0005409365191433,3.0,-1,0.284839696687012,-0.1767655551351554,-0.0505918789257704,-0.2799402618102695,0.013530931751615,0.1158311132914732,-0.0905860534717783,-0.3324298089172204,-0.2283257835763717,-0.1362402985757913,-0.2928477047623267,-0.0153022245919314,0.5806709817404888,0.2191040090349917,-0.1985389937765375,0.1615674403303554,0.2059053002766017,-0.15680151935313
qwe,0.0005269031423637,3.0,18,0.3173361953248186,-0.2374829054688231,0.1256513793754902,-0.3913347111550424,0.0734541652548679,-0.0805652683130127,-0.0197817509874693,-0.2857164088675294,-0.1358233885886577,-0.2846242785949537,-0.3112395993356147,-0.0011750008284601,-0.2592642347206836,-0.4399402857051188,0.2725664237454603,0.0847834334995769,-0.173656335227871,0.1064141618981068
qwe,0.0001021787054896,3.0,-1,0.0365051522702799,-0.0566962485454308,-0.3031249603235434,-0.0565697672805174,-0.0184232438501501,0.4805783258447996,-0.4302166579850568,-0.2719510202428029,-0.3582344317218023,0.0353383906026882,0.2957324817835747,0.0178232219812061,0.3066145305586414,0.2105750675540351,-0.1376636233020768,0.0494524514521841,0.0940987662117012,-0.1551372050945983
qwe,0.0004692619207644,3.0,-1,-0.2383689533541518,0.1020655619528895,-0.0469985787851043,0.2647704202694282,-0.073633517136781,0.0516857580374221,-0.1586984121985767,0.332077520004723,-0.2733076640391614,-0.0991446349640124,0.3938188879725205,0.3169394198095631,-0.3210800387507697,0.1290014163645298,0.324132959921134,-0.3139532446818049,-0.0056192685097398,-0.2311532930066435
qwe,-0.0002717631625633,3.0,-1,-0.0449913005070384,0.1703738914465449,0.0513986062392724,0.2738705510422227,0.0702587611156266,-0.3545325563068228,0.1607564143598387,0.2569955222841535,-0.3791330910151337,-0.3557703485680634,-0.332058595225174,0.0444322010158541,0.1204396567221263,0.3167928103482224,0.2848205757580899,-0.2817748653839164,0.0341917133436351,-0.0983808799632888
qwe,0.0011539340214738,3.0,-1,-0.1517892264162356,-0.0743609220892886,-0.231115644573975,0.1652895065378788,0.099150579542677,-0.098951811408267,0.4208114793879274,0.2542979859129858,0.2269860938215173,0.2081364231763806,0.2015576133324597,0.2888992499023461,0.4642825301224026,0.2077659048299768,-0.2865372700316018,0.1924909033163553,0.1576281277850069,-0.0875427351817968
qwe,-1.8933055017783853e-05,3.0,-1,0.0916725132120229,-0.1228447083744176,0.0471485121873386,0.1144944909026102,-0.1550113244036346,-0.1355867493457636,-0.0203648785374179,-0.0438223088610412,0.1435358371071489,-0.1856027369720908,-0.124427695278735,-0.2187879220046155,-0.0725399171405414,-0.1742678062863698,-0.1051560702185595,-0.2046308545470064,-0.8017949800654288,0.2580437068012786
qwe,0.0011825636088626,3.0,-1,0.121128241098205,-0.1221129940138692,0.0089156056309973,0.1533964980655173,-0.5392881340727425,-0.1345703166162946,0.2382611742635572,-0.0910425958129905,0.2865446415116141,-0.214986984596522,-0.3577788289667551,-0.0124297774326597,-0.1496055445969736,-0.0790084752432169,0.2617092476699897,-0.2305834950861018,-0.4051529230793956,-0.0434446371158007
qwe,0.0446191365035407,3.0,-1,0.0574434535340455,-0.1530774564851496,-0.0733080847808862,-0.3996489464053819,0.0548001849429874,-0.1336871841076569,0.0187282610270683,0.0179259791881365,-0.1031913759186644,-0.1529212706728409,0.0309191754176732,-0.3676310461596073,-0.0821176469286613,-0.0744357807531269,0.4216548301722235,-0.1703842818730298,0.4798783725378803,0.408771296218908
qwe,-0.0281013010487791,3.0,-1,-0.0317599271773665,0.1727131719233497,0.0425544904561201,0.3018170612820089,-0.0622124985109777,0.1435374181585472,0.0130049973336669,0.0201666585743228,0.0268229077802361,0.1623926275965839,0.1388523071390405,0.1729761007701045,0.1281067090404499,0.1225032921508272,-0.3909299328149763,0.180413481241557,0.7310836391974144,-0.153751086448781
qwe,-0.0037723877125871,3.0,-1,0.0486822901488179,-0.2181719785410288,-0.1523729564614478,-0.2255283047344952,0.0954192411619674,-0.1943716320960563,-0.1637181103779041,-0.047629087459452,-0.0619865393849574,-0.2984310403118934,-0.4544075795168142,0.1294284112080415,-0.3180508957330693,-0.3221940903171621,0.0794854076655899,-0.2691498964157928,-0.4466756154492778,0.024651380581438
qwe,0.0176701927551429,3.0,-1,-0.0012453591159976,-0.1611582823812364,-0.1371140418111014,0.3883381969467773,0.058250804113561,-0.1717229239264218,0.0298947888782029,0.0992699196017496,-0.1918624106825273,-0.2760186224717114,0.3816382025867962,0.0426430739690333,-0.2448204641367292,-0.4034290688914257,-0.2118232779589176,-0.3222314990277032,-0.3583475772815943,0.0227726549376184
qwe,0.0617900664373624,3.0,-1,-0.0600381892706975,-0.1301388382548691,-0.0107747390627775,0.3703117687029808,0.0286037020941611,-0.1661112304251133,0.115420435164594,0.193347817452416,-0.1461652850200389,-0.296205011070577,0.3029148158719518,-0.3950053840206088,-0.1699458455568864,-0.3168401177106942,-0.2206908438896245,-0.2809688222288488,-0.3862359733215915,-0.0105965088867836
qwe,-0.0001380256864993,3.0,-1,-0.2437971609096688,0.1371740932926927,-0.2802793316127994,0.2386590384339719,0.1408374216810735,-0.127325533660606,-0.2418667837182476,0.3371333171076708,0.0919811687587946,0.2796169796260492,0.2460231639039628,0.328635521362665,0.1237696991978256,0.2549744557987767,-0.3435046067263981,0.2406523038125887,0.0247689759892301,-0.2569006286380552
qwe,0.0010537269574969,3.0,-1,-0.3152593563607066,0.4535908682512682,-0.039497789452369,0.1178131215407505,-0.0814847661369253,0.063523307999217,-0.5368445220148665,0.2616432152785577,0.2298350683390279,0.1668851131997591,0.0180144747645643,0.1314817815587055,0.0007037937543477,0.296909884513222,-0.3013936037097069,0.1691403822776037,0.0003915285974433,-0.0787602917210793
qwe,5.19032962125175e-05,3.0,-1,-0.2681941139044626,0.4626686793420587,0.2308199216951415,0.1137587696031456,-0.3858740936806305,0.2862886117952323,0.2805949720937406,0.2408847035034058,0.2784427526534839,0.1543460443614881,0.1213485681384151,0.1707652697724174,-0.1900765585221416,0.2452278061989994,0.1693494596249961,-0.0811666498742045,0.0512059458240255,-0.0278808829418427
qwe,0.0004558518964308,5.0,-1,-0.1593193019545575,0.0058355086927224,-0.1696043559981694,0.1462589750160005,0.1757468204922485,-0.0386902531217547,-0.1350980330507447,0.2466698045950017,0.0207880050921023,-0.3480643648232805,0.1247032303899489,-0.6309289881060486,-0.0944240588355454,0.2059526892411841,-0.3203443969090762,0.1078152085311134,0.1559644876665419,-0.2963771526934994
qwe,0.0006965243134636,5.0,-1,0.3125827877832558,-0.2783410621129289,0.1173507738817168,-0.4085936892959577,0.1256736040051277,-0.1792258485352468,-0.1845746368180432,0.1178486527744883,0.0123198093017665,-0.2606423177054612,0.0105582082108837,-0.4670673303970977,-0.1969284959805798,0.0838064441737084,-0.040083871507796,-0.3023521863308314,0.2688523684207209,-0.2253160302720308
qwe,0.0067257447004301,5.0,-1,0.311398180695877,-0.1886553688012785,-0.0091034421073556,-0.2773052242656125,0.1082961045910488,0.0989417227288839,-0.0065076881626841,-0.3165453200349446,0.1658593460414176,0.333024726109853,-0.3063808194898679,-0.1100275299652755,-0.0175159161801503,-0.0757521920375504,0.0284846875861533,-0.1909905821804548,0.5292488898158129,0.3176004415013764
qwe,0.000541641531964,5.0,18,0.3046058540934551,-0.1820903942715344,0.1104445854194005,-0.3490156258997813,0.121804581663108,0.0482677656480284,-0.1003846675497878,-0.2962737110753802,-0.2656983803973762,0.2662086970713281,-0.3461269944782761,-0.0592783431246227,0.0926056388898686,-0.3692305765106186,0.0172702447679596,-0.0291555431807485,-0.4332709690330699,0.162688478605028
qwe,0.0001954114755622,5.0,18,0.5042513362732063,-0.2375497447942155,0.3047522438759593,-0.3903430773712549,0.1264747702714439,-0.1645301221830943,0.046590479179337,-0.2222315291130548,-0.1958132123593539,0.1515266730506018,-0.3719051416013013,-0.0300790783882544,0.0574369616860446,-0.270973375261456,0.1965943673883631,-0.0224789801602577,-0.1806596341975643,0.0199009168603315
qwe,0.0008888587232131,5.0,6,0.385889644920225,-0.2464920583987814,0.1185012375266321,-0.3630374098060902,-0.126733424295057,0.0539701430971679,0.1065044769583914,-0.515382119527195,0.3274559644735171,-0.2321395759144954,0.2429940515982908,-0.082814494753189,0.1277322582386441,-0.0683038570351295,0.050148233799446,-0.2684987775616816,-0.0707806292990181,-0.1447005489183901
qwe,0.0019083130662951,5.0,-1,0.3029188439909754,-0.164052461157504,-0.0176833679694282,-0.2598435074168002,0.2504193778532383,0.4300977286108898,0.1076999959450644,-0.2455343879892028,0.2465884123135692,-0.1811788104651482,-0.3020850526722307,-0.0249795514798462,0.1458078883348761,-0.361777925740814,-0.2820522959716578,-0.2008988424051626,-0.1706794636634034,0.0849457186644629
qwe,0.0004866388458284,5.0,-1,-0.0555525833260266,-0.0450920965470871,-0.0674757740786065,0.1882092849315504,0.063914432548934,-0.1325830053812203,0.3269819994083758,0.32359772144226,0.2502751213836732,0.1382172342332904,0.2234403993658706,0.343318687492769,0.4119052681238921,0.2529745721929369,-0.2343654077281995,0.1066193656675905,0.2729411311826129,-0.3124421945020806
qwe,0.0004598261726878,5.0,-1,-0.0740996800166032,0.0075528389814756,-0.2801922953980641,0.249816037459794,0.3039390125015149,-0.1296646184227977,0.0298177050143801,0.125495998725633,-0.3674702739978532,-0.163196456581746,0.2121555851184925,-0.3395193334300722,-0.0283033709123713,0.033895586819026,0.1623174545937412,-0.1977679502153125,0.3973326216607104,0.4248212111291143
qwe,8.332240083905318e-05,5.0,-1,-0.0901596737461585,0.0535087694868281,-0.1911897550054083,0.2471084972949102,0.3002662871227852,-0.1289310733186308,0.0524172061675592,0.1339714218597522,-0.3284679999664087,-0.1758328707496226,0.2263716152847178,0.4578823819243089,-0.1697349802132181,0.1886244650779417,-0.2011343965589744,0.4095354744002681,0.1787641422372736,-0.2443031155349028
ocran,0.0005657128052398,1.0,16,-0.259521752854813,0.4680166050204819,-0.0650499873800369,0.2023168764132753,0.1983042010685858,-0.0049581679006952,-0.2410873481225629,-0.0413910722919815,-0.2651826487628727,-0.1978183758867787,-0.207855266803167,-0.2370953336385508,-0.4957657852471859,-0.0759763566379587,-0.2645455306669731,-0.1791280102416182,-0.0350605128133956,0.0743729103103617
ocran,3.57557574824374e-05,1.0,-1,-0.2403632680599973,-0.1291488936007379,-0.2846213095048652,-0.1778645112131763,0.1843232970485176,-0.1554862740621504,0.0843641501140241,-0.2517361993948809,-0.2551291234100716,-0.215834723537533,-5.065610894912215e-05,0.0717050108560598,-0.3646351070687101,-0.2624866605584803,-0.2559880186219003,-0.2134306279982765,-0.3353172560049617,-0.3769167382407828
ocran,-0.0002517441933779,1.0,16,-0.2078891574774754,0.3028984701876364,-0.0900078196365652,0.2549102097486514,0.3209352953076567,-0.1804662710397928,-0.1525927179350277,-0.0322401594587296,-0.3041545669532824,-0.1459980812848845,-0.1777107656246674,-0.3317477264970466,-0.5468950541338221,-0.060728006372056,-0.2009374053338387,-0.1355413035537656,-0.0510057980448229,0.1116620314778032
ocran,0.0011361595647581,2.0,16,-0.2491002967123403,0.2882128301295742,-0.0993036686645337,0.3493221287899378,0.1743504885832742,0.2189432315084027,-0.051082905799572,-0.0886575257805767,-0.3266604744872368,-0.1854926098910472,-0.1623490030252578,-0.2261872446506137,-0.4931320906294687,-0.0250594176232241,-0.2633892868752198,-0.2032119300267942,-0.1084104226083604,-0.2221033241092865
ocran,6.73182495859851e-05,2.0,-1,-0.1025956142404162,-0.2285169965049693,-0.0935912379347627,-0.2741244940794968,0.1126351494093884,-0.2147113560927819,0.3253229630243227,-0.3364662284251548,-0.1533733540063267,-0.244671114085021,0.0549354556726643,0.0805909668358765,0.1120344655214046,-0.2726631420599472,-0.1684791485911056,-0.2057424692622258,-0.3786250552067181,-0.4262032257056537
ocran,-0.0002366313123162,2.0,16,-0.1149362888353282,0.3637092016073242,0.1943360796405299,0.3145060177328711,0.4349014905279604,-0.22158045418805,0.0359240331737761,-0.0668136914372483,-0.2361264778722517,-0.142974640487689,-0.208278693846201,-0.4272454455057516,-0.3223448431040915,-0.0766025531348415,-0.1684048331392954,-0.1601399737743287,-0.0119326400179622,0.0882905834956364
ocran,0.0032953956456468,3.0,16,-0.0939843136168838,0.3311320633286473,0.2271199031556585,0.3391806761097327,0.2998921965024622,0.0898750118837196,0.1099304238772288,-0.0727634617653252,-0.2429873510096294,-0.1482340068680957,-0.2254755878940659,-0.4442749880260299,-0.3406841028911933,-0.0147728369089081,-0.1183328722455537,-0.2250807281463542,-0.0610182736740875,-0.2925622168553322
ocran,0.0070795215570874,3.0,-1,-0.0762363016492099,0.1794351243949241,0.2306088330915919,0.4458766959903381,0.1013640568846415,0.4776062251432275,0.3753197681192097,-0.1544754684903022,-0.2052769612062232,-0.1524138560548663,-0.1002903818154018,0.2843021394609263,-0.0186986648444063,-0.0525914492449113,-0.2100201999368311,-0.2122153982916367,-0.0980121459462474,-0.2208492720693014
ocran,0.0026973363423059,3.0,-1,-0.0935029566237854,0.0774080421601463,0.1869822920011301,0.2833624788126107,0.1325910954694104,0.5529929642618796,0.4222855391558032,-0.2880237265607737,-0.0522842515277212,-0.2867100591924692,0.0464029153427737,0.153068442530285,0.0557166390615292,-0.1485400369120126,-0.2669500938513394,-0.1847333156718827,-0.0907242047293534,0.1898329831524134
ocran,5.4510568895649174e-05,3.0,-1,-0.0282771518005124,-0.1724607058936195,0.246848222706062,-0.2919374445586056,0.0890920628684246,-0.1257364489092392,0.4422125490067548,-0.2518735613500849,-0.0434642006215172,-0.2115039235661852,0.0149181640564648,0.090174349350626,0.3377441923368314,-0.2616443337184865,-0.0470452221025869,-0.193272987430611,-0.3684831872452374,-0.3573561855412826
ocran,-5.009622089468642e-05,3.0,-1,-0.041966550041912,-0.0364998161281497,-0.451166383695232,-0.1066080352078974,0.2244814671106916,-0.3623217771680744,-0.1537529328975251,0.1516022981607231,0.1210782582799819,0.1632248874728379,0.4514650198441546,0.4235928632973045,-0.0332120610031027,0.1431507038318993,0.150160476642498,0.2069068230996933,-0.0763522682356873,-0.1906846877099786
ocran,-0.1027397168749651,3.0,-1,0.0454452510442734,-0.9443227133611972,-0.2056643101382032,-0.0426919023494291,-0.2267309436460417,-0.0436886483577951,0.0255303666518075,-0.0307202296473435,-0.0299311902156977,-0.0316064207029516,-0.0264108679651501,-0.0217096684891769,-0.0122130031010032,-0.0309389368485159,-0.0306019051750067,-0.0319853753405772,-0.0263712981221092,-0.0182410848150355
ocran,5.004980635022812e-05,3.0,-1,0.1971890419260383,-0.0510443556342719,-0.1329586488339258,-0.0174054743567955,-0.1701169029208231,-0.0295179923100817,-0.2512368270797727,0.3096199120969086,0.3134106400391004,0.320807139830422,0.2741178889428606,0.2299477199252785,0.1354416228742601,0.3109752333769905,0.3191283795280578,0.3249992270909826,0.2627923106593094,0.1760602963246981
