Username,Adjective,1,2,3,4,5,6,7,8,9,10,11,12,13,14,15,16,17,18
pedro,0.3067135049967744,0.12708442894497593,-0.19710922254659088,0.22616900242330504,-0.17329390154136512,0.4034963020449677,-0.001224811809954596,0.20950475110065905,-0.04827796561151536,0.015580320127493542,-0.17475799252676,0.21243706587194078,-0.07003480222173895,-0.1278769814798697,-0.050819291178259694,0.18385094239636163,-0.6931903022389637,-0.19488742243410168,0.05227678832649336
pedro,0.3002826102291315,-0.12734244272596135,0.1981357927325666,-0.22663540686888822,0.17362034360230913,-0.4046467542207599,0.0012059509627509242,-0.20991909770668343,0.04827061893733338,-0.015643434763087567,0.17512950058952476,-0.21235366319474275,0.06992748549564012,0.13076968282945342,0.053241362862951586,-0.18495637062592987,0.6899361816838948,0.196631649491568,-0.056238827314887226
pedro,-0.30022039472365736,-0.1266400865954479,0.1985207741384449,-0.2265550693819965,0.17316367177467135,-0.4049425226536404,0.0012089653785292273,-0.20918468924157005,0.04753066371803412,-0.015123513428815367,0.17514443513802186,-0.2116806661258136,0.06980201656826464,0.13526915079326718,0.05697176783755911,-0.1843019134310277,0.6893056617412815,0.19708129125288407,-0.05623394314863485
pedro,0.11658528886300254,-0.11632142079311959,0.18259589834241385,-0.20896417602790615,0.15925865529938096,-0.37422826444900775,0.0009742993075174291,-0.19236190415753138,0.043526006528550376,-0.013549250579445147,0.16135176736793644,-0.19549993081099654,0.06451167463067108,0.12426839200000286,0.052772691322787314,-0.1690103694786608,0.7450815797847843,0.17946824295350652,-0.0490499760050707
pedro,0.007977733417802597,-0.18774287952596588,0.2567516575026819,-0.32659968445254794,0.24906009491680206,-0.5799822933824175,0.07159186503451144,-0.2960355681393668,0.06832846505552863,-0.021155151611290588,0.24835719277606755,-0.19265523361199538,0.10035016521927775,0.15843247336240893,0.042987465576262526,-0.2672951757451877,-0.07838921375837442,0.27537700845172086,-0.08145147345690719
pedro,3.7433222158093284e-07,-0.23393378445601515,0.004482779870843778,-0.19039172266217694,0.07566308792733764,0.7890802315312682,0.06537573618707088,-0.2445742712541736,-0.13613475109489004,-0.15338150136200518,0.027077030956229018,-0.12120227211059365,-0.10737113574179771,-0.15147082755904986,-0.09089027449534028,-0.22816604298778387,0.1622349118906741,0.19438030690033598,0.012824418567560825
pedro,1.4932051902154434e-05,-0.08414613019711965,-0.1304552188029385,0.19669442855025063,-0.0645104732668154,0.11774484989306767,-0.08328889872283556,0.04789265203790316,-0.13912777190196543,0.1698398215623458,-0.31683966842070255,0.2184771936162185,0.04137438787960773,-0.5822570373301366,-0.13312623560672096,0.5909866867582599,-0.011430790971524501,0.02590533250291562,-0.07148078100066099
pedro,0.002663760473908599,-0.010080744224867771,0.14988874432359417,0.11696988249356617,0.1389108220401923,0.06203239682104113,0.03207350697380138,-0.0019227155185584223,0.05736800469324861,-0.03038777928180728,0.14440153414642187,-0.027798490069143412,0.0706793641415347,-0.07489040465617704,0.02647677606687337,0.08358817276870326,0.9458244885670464,0.0024816255400771084,-0.02918586512875243
pedro,0.00016789668972469997,0.056313926013671786,-0.11394425444350698,0.013897934574661647,0.06238895436746833,-0.07324872469115251,0.02736338929167151,0.0360782461859424,-0.3186348453080246,0.4422025993480828,-0.0052094586312042895,0.25816941673844074,-0.29373956523080036,0.6225147411780353,-0.301041355597118,0.10463728800379829,0.030808730450105095,-0.1674855938552652,0.06489419922481623
pedro,0.0009283940431700754,0.025538708048904867,0.4211005641612302,0.24307996781779947,0.5811990862807732,0.30331321087505625,0.005681572621098986,-0.03879124350595752,0.05261715092314981,0.18212101378772674,0.01844943232752654,0.14587504157136688,0.07512212836167488,-0.21627880870557994,0.1997948043387213,-0.048631219489675206,-0.05051937842471622,0.019024642249004554,-0.4200385662177282
pedro,-0.0006454986520447995,-0.02399984573254634,0.03556760723896277,-0.15345235847200123,0.15205882627869835,-0.03669417822174361,0.022130138309367005,-0.03975432881975634,0.033374873580910895,-0.19254966137922555,0.3717687065848662,-0.057449357656758,0.15076194663484713,-0.364620275446204,0.17200383688436702,-0.21056897424152674,0.6525169129889592,0.09161234217632051,-0.3234166160964358
pedro,-1.4799624915665086e-05,-0.005951701308827745,0.13302382984684225,0.08961119002131382,0.14588859038429555,0.07817591239837737,0.0010204089265233687,0.0049673529547542075,0.036465140464972866,-0.01738744320238613,0.14346787284665194,-0.010302007105708869,0.04226397859326351,-0.07874724166368163,0.03502020679162343,0.08289525931875373,0.9516837954177634,0.003998807648556557,-0.05190147717932859
pedro,0.0035765210362239284,0.08748000129443133,0.27654481598513214,0.31131451599958876,0.5852682263881603,-0.03321802389889982,0.39278958955580545,0.041345314181061125,0.09196077525142043,0.08033325860758696,0.34868039044973564,-0.026878868290684563,0.15390704055156781,0.14019684540966962,0.06870696905775743,0.22057379340823238,0.0289926814566478,-0.012672368442741605,-0.29049992729068586
pedro,8.540986340502447e-05,0.031587628349235786,-0.1696821055765365,-0.00501357153262386,0.00344470293510636,-0.03372430972281166,0.07434289550440375,0.01954799916702044,-0.38624213071435204,0.4614376751172128,-0.0235903220499549,0.2785319809801499,-0.36022570849232954,0.4560698503857608,-0.36224360521237986,0.0961221136756489,0.10553759235405265,-0.16072150157210374,0.08769754821811547
pedro,-0.000427968622890399,0.11404394454567714,0.2521730970963709,0.18460603023595307,0.401262771675084,-0.19861559068631418,0.35443829378478064,0.056975693749504834,0.06798009220994647,-0.03870054258847752,0.10738500909625558,-0.10132657942444151,-0.17040835095857823,-0.14613375230828002,0.11677466465279417,0.014099735438314318,-0.03119789126519208,0.06019520762678948,0.680622513661968
pedro,-0.01884194369286974,-0.03233739782791212,-0.24932989300476982,-0.20763794617159648,-0.35108843987765237,-0.1741619532419237,-0.0034113221906538938,-0.02054855342167562,-0.07757736912019002,-0.005371654380785909,0.044812702575933165,0.07311538775495004,0.5958741786451194,0.06400061870195209,-0.07704996976406053,-0.04545943074808322,-0.03353151622480315,-0.05464095354939663,-0.5957931776858199
pedro,0.07355978043349257,-0.009834680818291386,0.3434814501635175,0.266721645746735,0.45635838593148337,0.39159058158529303,0.009568031270485285,0.020038330459127045,0.1121878400881939,0.007792791083773998,0.05505209968180548,-0.07181427650320871,0.2820211162902906,-0.11397735200243517,0.0977380900769916,0.06723007808845904,0.04849446124551287,0.048498385638188396,0.5626242623183516
pedro,-0.0024578774414129962,-0.022672150643210237,0.3828916462987575,0.2608937586311923,0.4297405137940979,0.3632340138052034,0.00506164490681917,0.0336477078285257,0.10397964619009789,-0.01821781339474731,0.4413076949713535,-0.056123675868561,0.25612903647086865,-0.368745991550357,0.056041815116968915,0.1640873044828853,0.049709052025531775,0.009015883821618552,-0.1542772266985276
pedro,0.00013773104579059895,-0.01551497199655205,-0.03125136895390404,-0.002249363192613257,-0.36821691883931035,-0.04565816399931947,0.03088236682177534,0.06878984070996384,-0.07459796536462067,0.1344710091709878,0.14660925376473022,-0.08880587111457078,-0.0958049689102181,-0.2829472352211665,0.6230335068773438,-0.28961305225250605,-0.10170842698232102,0.33088017252064067,0.34825980207956037
xxx,0.0007750907134870127,0.11239539459699385,0.1784029659827976,0.5163534573144368,0.12583527167450362,0.30526310888679353,0.02265249022249321,0.0008081877811302539,0.03273332263896862,0.5110130382357837,-0.0056515848734589695,-0.06261750610088673,-0.21062975769102715,-0.4912486717300159,0.06928414761985799,-0.04988953012340031,-0.0829633023582959,0.11438085201326449,-0.01676027391857237
xxx,-0.000249066283707171,-0.024687500632447013,-0.03662009314856557,-0.029707318710770418,-0.07049015887944879,0.006323497673866981,-0.08673990366696473,0.08293928168508659,-0.01789640432525643,-0.007565802867502395,-0.06152172811786074,0.033449583914079914,0.017198349346481116,0.17691422357968947,0.06714265672015785,0.0003378615959262489,-0.9586202593485548,0.028069172139166623,-0.1289601109204123
xxx,-0.0006245752343384059,0.19396510172308046,0.00046079687801847544,-0.18573724110472067,0.09009471728521662,-0.325308926400871,-0.24173738193148328,0.07696863616909005,0.0605579874740385,-0.06148527369745058,-0.0529494936069495,-0.12212120334751783,0.2524045997547132,0.3220055934958879,0.37532600735898997,0.5436750806220967,-0.3356169334618559,0.08471435326255232,-0.027328243589093873
xxx,0.0010622088552708448,0.32102935111556646,0.328636526997623,0.47813325213248525,0.2299428179854466,0.18377704120422053,-0.02888323898689639,-0.23319993918495668,0.15511858751072946,-0.13220570470826531,0.22214083497714399,-0.21164321101591427,0.16393168809121347,0.24689705872675083,0.1097208692749422,0.39321575633067635,-0.08727838176753727,0.08199007210783714,-0.118127730120594
xxx,0.004954792034431842,-0.16991184161409423,-0.10877139145624214,-0.24378375834848764,-0.010561979883374246,-0.13055767559947457,0.051621638043483555,-0.24001280696169108,0.061261646107673026,-0.18026883710065386,0.01006127908642631,-0.19585934307786795,0.1074088920249094,0.516220122456073,-0.5385506962964628,-0.2304723214473504,-0.01469775298660758,-0.18092031962817523,0.30595107072998234
xxx,-0.00022834393576329993,-0.002592644265096319,0.002165625631312805,0.08255344016866473,-0.05535248246280878,0.09883351788831066,-0.008199792171987812,0.01767183379155819,0.05429665476957763,0.0406569934491146,-0.04766935951054262,0.005448330346645206,0.06651935298170074,0.15935955747999023,-0.020379395565609342,0.048830796889229366,-0.9664528444052612,0.042856082531087476,-0.06760955767901577
xxx,0.001514414881903762,-0.20703840162613507,0.27285850021977964,-0.1538239108000632,0.054913404964246265,-0.038347226922448276,-0.17371241854707523,0.23467085339852387,-0.3930519330061944,0.09713937197451834,0.14300627413384884,0.32135756722415065,-0.09918165681191742,0.370116472600208,-0.3407756342756255,-0.4263681430433693,-0.05448870743870038,0.15191953290563898,-0.1041738137548776
xxx,0.001232180651261004,0.3433042474646759,0.3145632325959907,0.38534075432964043,0.22838177210506405,0.11875431697976221,-0.07235549908002314,-0.22341701133204023,0.1486279853765733,-0.20496850883157652,0.21339479154470387,-0.24632933465661247,0.18534679873765744,0.18939410456844633,0.1958583058940015,0.4098372573254934,-0.07026121575131863,0.1543301982675949,-0.19408878924162792
xxx,-0.05774956050548642,-0.3315619230647793,-0.11461233825452223,-0.14112340353290423,-0.002271430814996687,0.0630832948469224,0.3756489379983932,-0.14819180430476664,0.06958230127546994,-0.025798909490967498,-0.0004753341590223248,-0.1193774629446895,0.10022974709879794,0.09754258476722723,-0.5150001150062562,-0.04231054391847042,0.5104383868198041,-0.18152228026953401,0.3002086982634832
xxx,0.00025845023825669163,-0.030154584690829992,0.0021145973660339212,0.04227227603037607,0.05261187826160869,0.0030729796390580274,0.050950240425191744,-0.0764464196445359,-0.05106935326802108,-0.0007714685298473894,0.05116331076999424,0.010022568227812953,-0.0827679107952778,-0.2672220065638453,0.030641324442782326,-0.015452312902499134,0.9441258508620898,-0.014145792904215334,0.09871940338975148
xxx,-0.0004937768736087642,0.14802785371250404,0.003217191133405105,-0.17127015497587977,0.13348305295635532,-0.09247384789665469,-0.30552877764067443,0.23519833221267356,0.13848234909649704,-0.2522997699147807,-0.0479709127994623,0.3617808890591953,0.13953953234023755,-0.5565644793754022,-0.41246893982412897,0.11888694179715582,-0.16277483739689266,0.06827520296625228,0.11415941777393192
slasto,-0.001613853458924515,-0.07906989551308484,-0.4287100181413598,-0.4243730733978748,0.32625194826359327,-0.0476048058964636,0.11882136041073489,0.1844944332052883,-0.11678895208172087,0.1327475286060053,-0.03235567325176844,0.5461135649076095,-0.2813007432109235,0.12401055988752555,-0.04720636013375291,-0.17386439070075244,-0.06846318439781302,-0.0683525422675361,0.07826973294316902
slasto,-0.0011010165134360335,-0.4574076072666603,-0.015715384874361474,-0.26064062928120557,-0.03950316567287942,0.23149810039653115,-0.11997502101912616,0.19003633743540413,-0.10569183724161788,0.12370713405527103,-0.07106528162606328,0.724240726541358,-0.0543526406771906,0.03522429911426571,-0.049431958494706205,0.10145755710728875,0.013015392753194546,-0.09772296307427539,0.18503423245312653
slasto,0.002373411351266561,0.28006213968300847,0.0014116137572104392,0.16933191108116605,0.034139254579142124,-0.15757902548946454,0.12235700475058676,-0.059232631552268024,-0.027455409584947507,-0.01733608504865679,0.11166087460655245,-0.6851117993867233,-0.5594362073140167,-0.04221497919570745,0.03669698315963719,-0.10687495829077505,-0.009846370777302948,0.10112284924679615,-0.16634356171300044
slasto,0.0030357850833705327,-0.06828648039667473,-0.04038352590637584,-0.028688155985514795,0.051061928696773284,-0.06313791282746786,0.04347997684329881,0.539930314285881,-0.2766911660155622,0.5641708929355009,-0.13004987216714123,-0.01821475593561718,-0.13026513899188158,-0.06858682088824677,0.0023371331354620235,-0.30298403689188386,0.005265578223526724,0.3021753901111128,-0.2756210506369829
slasto,0.005074428864159746,0.08799589437867707,0.013387224126828356,-0.055830536345897804,-0.013004922996322612,0.025961822245637912,0.14745584249556856,0.3137602591094097,-0.127982832822465,0.37134078680020743,-0.0671019235325384,0.006406976413909518,-0.0764948282080438,0.06388136589101014,-0.22602431403738524,0.06290026691932658,0.021672873633494676,0.21767632361649075,0.7721935418584365
slasto,0.010866177522822689,-0.44346895073794323,-0.04099209686894151,0.09623639925294837,0.042525171214571604,-0.0007887804600488231,-0.24442647597330744,-0.4066942517282504,0.23530666239443224,-0.4536117952249469,-0.03833943848184384,-0.031954884352301566,0.11898976691388152,-0.1811719073200917,0.29866102672619727,-0.17123710957155405,-0.02781099024960074,-0.04710704924907232,-0.3651316810229503
slasto,-0.026950055359810328,-0.3244733496376302,-0.052881393924621205,0.011169293714965476,0.048986894881635885,0.020126145317158874,-0.117912388015168,-0.19005374738590822,0.13965273930929725,-0.2328483765298296,-0.13441136181520255,-0.025677340504604275,0.05076926386247909,-0.06320918271966566,0.10544066627767153,0.07172969143021848,-0.017089250789326094,-0.22591784405062212,-0.8199717094007087
slasto,0.0016830549152857305,0.3795257485427214,0.31615475526223524,0.0658508369821986,-0.3258509423748631,-0.07522715127428001,-0.00655345671678732,0.1796408061189167,-0.3241199405574218,0.24009636397475476,-0.08775569162681258,0.08728623435206602,-0.2017299461980394,0.009884946041456151,-0.08391658044070274,-0.34282267534298205,0.01289486953222414,0.34032559078212654,-0.384900662895547
slasto,0.1098841155266691,0.0545323770430368,0.15730078869297892,0.0019281655409149054,-0.14862029199584573,-0.0281616880367495,-0.08512914093620183,0.11900464124384345,-0.1960449528720985,0.15108988565478576,-0.1205415060417605,0.02759209879110815,-0.11262705445606294,0.006004324173262395,-0.045085567567958944,-0.20050173356616427,0.0070855517053204035,0.1972895250066374,0.8703490911636045
slasto,-0.0002850131475873784,0.04544094222766376,0.1575342747131629,-0.0018982823001126362,-0.14929989035738864,-0.02644927485829563,-0.093557311326551,0.11603611665721862,-0.19554712446297845,0.14925497737869328,-0.11791742514076317,0.022368964915268554,-0.11342234364406913,0.0058336041934126765,-0.04378511472712263,-0.2053468436924574,0.007048230011639927,0.19604178766714328,0.8703569956578511
slasto,0.263102915673495,-0.05551284793701266,-0.224588169857744,0.013857100765056123,0.21023681186446186,0.03926106575747272,0.13679810117485725,-0.1571246715659235,0.2720694417560541,-0.20461652226961594,0.15735968484050133,-0.02665400595963301,0.16539804973770816,-0.008591376181923585,0.059926361225326755,0.288217880992347,-0.010147957500740143,-0.2657889325624045,-0.7286587942280959
slasto,-0.0017308884465967427,0.003323277884375417,-0.12919724091177737,0.04047380675764316,0.11625320054540367,0.008441377228558299,0.10289701484482977,-0.10169069979142092,0.1716108389200027,-0.15446351230607666,0.11901848557368389,-0.023588665605871296,0.10645135583407454,-0.011443064358874518,0.10773762867436804,0.1853393564611111,-0.005416049808393187,-0.15444642962540464,-0.8932015554445448
slasto,0.002473034850464741,0.03153860903687074,-0.2301063301298527,-0.2838088896747546,0.2533051280769418,0.08065232398250344,0.27692169612408246,-0.07223200560547977,-0.05467033307324831,-0.008911867888889145,-0.0474035515198011,-0.02636267397148656,-0.029835943389584764,0.1954976400921503,-0.5627075488486906,0.4193973852451394,-0.05016992235221752,-0.2589910269705738,0.3251005124561565
slasto,0.0012409915135460153,-0.4820095703598905,-0.23444547033655683,-0.1659547073719551,0.2809252883466304,0.033519972602622516,-0.3634146053484472,0.09512460311501349,-0.38839413632028663,0.298022132284928,-0.18028852636317563,0.13981183649051043,-0.1793224400505974,0.06428102294096551,-0.09198298052278443,0.17546070357945195,-0.017054804595951344,-0.23522397831327518,0.20279067816457688
slasto,0.007533886782357456,-0.14877386022808745,-0.1630886567044194,-0.20078517120343137,0.8285853308136814,0.05174643985579855,0.0017410492118490632,-0.05829970575573525,-0.05377696057573747,0.04543835688387755,-0.030439448414782484,0.02917739178492989,-0.0004389578536399922,0.04694682927169356,-0.3521844854266994,0.13417850140360432,-0.013484400014057655,-0.16894828021684694,0.19651640207881638
slasto,-0.03654554496757762,-0.019544445277644908,0.009157856470643738,0.010072477264616117,0.9983104888623116,-0.0010792527940476809,-0.02541814865562839,0.008136923623115664,-0.006813754186690028,0.019649013554388996,-0.020532122090971737,-0.00492657664589213,-0.0033398676647967327,-0.0077137206303617535,0.019465692607167445,-0.02558746800676877,0.002195681620327026,0.005441455329963646,-0.008850775155361104
slasto,0.000939428046562707,-0.4831628553361275,0.02308196644724203,-0.22932137125445548,-0.013772378760296508,0.11347315347247929,-0.3586272663782214,-0.2516343240152732,0.06781659795377196,-0.07600553433098578,-0.020504828284733878,-0.0059428074702761804,0.12685603116611438,0.05791692495212965,-0.48114937031292193,0.1492498221467656,-0.00552779282732021,-0.3379351894944614,0.3318793572984505
slasto,0.032397316640968954,-0.09023894991283721,0.0258599441752782,-0.029981114896166804,-0.028421567581667414,-0.03619896774916165,-0.13425505052918876,0.0403520820730094,-0.14121266677803862,0.05111340318222706,0.9572214241410368,0.045248334138966825,-0.06583294197722785,0.05811485763724002,-0.06883528998086082,0.05494441361185408,-0.0010997692532527452,-0.08719139155739271,0.06762068714052967
slasto,-3.3083877632258153e-06,-0.006348919093864951,-0.08975847625673936,0.2695852524870851,0.015156269590835698,-0.11971883144473586,0.23174497226006271,-0.1898713158229741,0.4628883720501429,-0.4308357221963804,-0.11000453042654619,-0.1911454007624816,0.3889394347501629,0.19061689017053676,-0.060670864790354204,-0.4012106240542241,0.027551164624660195,0.11407972525252698,0.018768636452126546
slasto,0.018329677408227822,-0.021880117893731194,-0.008352984044761924,-0.016694053174037597,0.0032019374339314175,0.0079832412808452,0.9971340959069247,0.0023774643853275187,-0.016121610501883574,0.02093683365556701,-0.0455724543095403,0.0410541544730869,-0.01491294342610097,0.005808161432620789,-0.004914375635195666,0.0054657436171956664,0.00015857851116069319,-0.002215401721228974,0.00641216433617052
slasto,0.00032049714250607177,0.012795842488369784,-0.010957180741279613,0.04569475497624702,-0.06185077389657019,0.14514276898807232,-0.014222418922314628,-0.12953895790136102,0.2617078987842203,-0.22923143595516232,0.6029354323334484,-0.5713512092403196,-0.19118332435683433,0.1453964703459972,-0.1831377909391861,0.18494452213945992,-0.03113296430353984,-0.06634584915316588,-0.11805110398084576
slasto,0.08709379396536165,0.07768876652280243,0.2552334933100503,0.21864542691358874,-0.19260737230937722,0.011702684264756047,-0.5301164707637509,-0.09810877610195515,0.08099726215876275,0.13754038388103673,0.6185362103111027,0.02566667145506311,0.07963121062792794,-0.19940613418935177,0.1325408708755348,-0.18166350027497358,0.17022617389899297,0.12670213864633098,-0.05200361816940368
slasto,0.0027195730055849486,0.38660382795626613,0.17451519369776158,0.28905426730636624,-0.07830230514160552,-0.12339415415568235,-0.46105850335571813,-0.2203700532527852,0.15822667273322064,0.045887360243467755,-0.04989290419498519,-0.2220257821520623,0.08340566049099943,-0.3161233337159323,0.24619135479787974,-0.25603985667726936,0.33297632738553096,0.15100723380551992,-0.09151354644070955
slasto,-0.015172116282230204,-0.2886097306023576,-0.06624392545845616,-0.1474331397034156,0.033647765522086134,0.10641760984542074,0.05428666170255533,-0.020057328175187572,0.048042254214152355,-0.008707053100457513,-0.1679514268450224,0.5457385381309996,0.5305803941920998,0.2655270687252142,-0.21175586325355708,0.19477022275836622,-0.3084804274622502,-0.1024724340460512,0.07677482896842214
slasto,-0.004036455099444643,0.2859975489419204,0.08361978032700601,0.10634372652232556,-0.07736885505363036,-0.13502285022797575,-0.06640557770409487,0.30471691517044447,-0.25330098359941283,0.07427656725653865,0.1466118565933824,0.13890574851922347,-0.21727714326171843,-0.3961337625397833,0.31710598800607726,-0.3107839771614717,0.46310064817346663,0.18865445961506747,-0.12895649901917025
slasto,0.058243920808762804,0.09292706848236508,0.031065997932805598,0.038949381206655656,-0.031540218131643954,-0.04455101559034592,-0.021538223980473836,0.15410779131513683,-0.10624423710417205,0.06506027610097703,0.9185738572858242,0.025919348384236412,-0.08038228062536759,-0.1533574459656981,0.1251722330990213,-0.1172722219816349,0.1847937015479121,0.0746772120027191,-0.05092372625703758
slasto,0.014490065913715487,0.2754988672310483,0.060692833844760985,0.1076294711371792,-0.06036348345816897,-0.13538396929578966,-0.06335658284645589,0.5743237260344485,-0.2905150192425996,0.25028814832260177,-0.18523841404719252,0.07401339663415284,-0.20182000458406701,-0.33084447648597215,0.2553818397034739,-0.27012478678863333,0.10897053196296384,0.21828495667044387,-0.1351455912810705
slasto,0.0013005041723399577,0.24782386554084213,-0.12370391452922003,-0.11985526193838915,0.11654197987742776,-0.08785008298780185,0.07675916076418823,0.23042435616994061,0.012097858022375865,-0.1193842708436117,0.04941085110091512,-0.1707079576775756,0.05853616141813066,0.2920248122662911,-0.5544004096129264,0.32206096639222215,-0.03855937569541439,-0.37466344440986643,0.37549858825448
slasto,-0.032446014323501395,0.00629058699126122,-0.0181520708725946,-0.008525123460666032,-0.9969551723909,0.0016311397871850697,0.009208846167841083,-0.021749036087369545,0.02778232914350078,-0.022197885961539193,0.00961719345623843,-0.017450870882617254,0.014797546175612556,0.0066801425725969595,-0.05136124200153473,0.005461589147667242,-0.0028440125686572267,-0.008350454420410257,0.020181916347371157
slasto,0.00022717702393695673,0.00156347181584152,-0.029992798715295733,0.1535463316953157,-0.14838930103713346,0.08214944762965225,-0.12349102152459263,0.2731357684338256,-0.29772941692539007,-0.38927232198042827,0.04632649232205612,0.11521538258781296,-0.03844693396917794,0.23366914519308668,-0.1572513182753799,0.6020763092625947,-0.3476062269762041,0.14765622926641156,-0.12396851885434444
minestra,0.0005812965115846216,-0.029032267113202205,0.1387198445145964,0.05325948780948809,0.0651474458128947,0.3023821039354541,0.007712783061061464,-0.22714845934447436,0.07206276178425007,0.01611581461515938,0.8509297348236696,0.127754988498087,0.06345765207877078,-0.004202662500523587,0.054816609493831464,-0.1447210954540963,0.009565866552228543,0.13147852099591506,0.19625267350927528
minestra,0.00016648642197964253,0.4059444028455145,-0.1740490776054261,-0.5139191491465986,0.0022607436886763533,0.26544533455849456,-0.2310784777908205,0.34888265614066905,-0.2172568449243577,-0.16886866829112093,-0.04240811804930642,0.07102742592067458,-0.146534203463344,0.18951836693256136,-0.3436627169066158,-0.08737590969637245,-0.09456851253186146,-0.0813623091482031,0.11818979682569866
minestra,6.356456972979104e-05,0.3456715070276993,0.07957248018300511,-0.2580380001504721,0.2105634874257962,-0.30647033701071097,0.09029098061191286,0.5448717153882431,-0.12316376064639775,-0.25518600011437587,0.47338239196075405,-0.15882163714090405,0.03530471999865403,0.04231123344194447,-0.04656322169272162,-0.01597422291595932,0.15839205926901848,0.038543829145204454,-0.051566177003721556
minestra,0.0009814233110997626,0.23825820198570735,0.1637535459901719,-0.07660833947464822,0.2514771656084685,0.04923368816186022,0.1651568010371152,0.34173257785358524,0.2324367723020939,-0.3886509629505779,0.06663717377190737,-0.604115959473052,0.20798820186889092,0.08779477810933141,0.14761942134345732,-0.18582125134229188,-0.013929355771375539,0.09801167484436739,-0.09625451694473001
minestra,-0.00044159010194557026,0.41813477611866035,0.042942282829992795,-0.35657378926385663,0.18283898524729425,-0.09946312358674059,0.14238472703455898,0.2931396348775315,-0.016979763486746863,-0.2564255724042492,-0.02473278672652673,0.08527216528799657,-0.08293967626329082,0.5197616164183969,-0.24959300682339428,0.10384392839590881,-0.32221799039793314,-0.08015942216160934,0.11117722143509154
minestra,-1.3217742624210162e-07,0.006735188721858855,0.18982181246720609,-0.031843683542740114,0.018094610701771673,-0.13090434278459456,0.08437757618002291,-0.18073023556186027,0.467583162087182,-0.01977052754154092,0.10133784023926785,-0.03944712640981004,0.40029318888576304,-0.11252849452408288,0.2995375010383494,-0.49218224522928206,0.12626099682068698,-0.21103569704986017,0.3308630221744785
minestra,0.0005401414258607371,-0.06919095162185454,0.13501612293047593,0.08234383091564794,0.07645933829917982,0.22385209878577178,-0.0072333114839324,-0.20274590823573813,0.09527862380220789,-0.01513607648766578,0.8935538951678998,0.10954479638255564,0.08938220252656649,-0.08090259985949234,0.07445335892377229,-0.11397023970688666,0.04409617759184707,0.09331150773250632,-0.09810481811861486
minestra,-0.00012888476481784576,0.013463379114669828,-0.2605300633463479,0.04018341339177524,-0.021486238039833582,-0.27675283340948265,-0.05996509588891924,0.09574232910478121,-0.25226217110213794,0.05322395956271631,0.058442326149997365,0.2211642331698589,-0.2784381289878607,0.08870721710643056,-0.26016021472824574,0.6809071790123038,-0.3129464701680927,-0.01974788283643876,0.08169239282087681
minestra,-0.0008753738802361026,0.033398756876273666,0.19487222540225801,-0.08077313996797851,0.02661133715271847,0.3684136781777748,-0.17746395718386757,-0.2635080332644106,0.3815140127707026,-0.314657004782512,-0.5127897188468246,0.09666180260123423,0.04952090566646146,0.0397744539210591,0.05097366105539982,-0.4190352405708772,0.11532265287611858,0.05996438357194754,-0.03226932279467945
minestra,0.00590795904154671,-0.04964842495713438,-0.14538745558449673,0.09083730422888917,-0.032814612698793835,0.2739584981569842,-0.05789176672892422,0.23244926001064317,-0.22206409146641043,0.24107213534707356,0.5043475184005772,-0.11249761470446491,0.006872018277400322,-0.3449495808788639,-0.20306651527451788,0.5236064602717295,0.15908723815964065,0.005811828154289882,-0.020046591599805205
minestra,0.0006708618740473035,-0.005360799946292694,-0.025629107505173554,-0.13450776392770952,-0.09167689908480911,0.11844199221615566,-0.012407452675978505,-0.0045333098589555604,-0.07517034106670092,0.15980685040367007,-0.7778539578219507,0.3945255976530611,-0.14508478665700242,0.24076894838774737,-0.09166846489983971,0.06511660373301402,-0.17795625018835165,-0.1544215555546699,0.13979046930237127
minestra,-0.003443949736030741,0.01936994945785454,0.07034745541992138,0.1695635163739629,0.1893744333137211,-0.34618180138815097,0.026748634076536767,0.08661487835322991,0.07896436502043054,-0.2691935716626655,0.16549079889127938,-0.5445392373644925,0.11778178993538119,-0.4156189750614576,0.0853243809417737,-0.10940617398962303,0.3491303409612497,0.23316301018322402,-0.13142583129906935
minestra,0.003853392570844616,-0.03349991768906618,0.05726429363693131,0.20198554713138187,0.2012202173537528,0.11778138792903863,0.15616242492749324,-0.10020524644916655,0.098385947431541,-0.26037849820012976,0.1867759072277673,-0.5643400800369123,0.21664083199693637,-0.2584399990401122,0.12794450625542622,-0.17027858316578784,0.42104234591985534,0.2617966611239729,-0.17397017653713553
minestra,-0.0007309264404166822,-0.13138175582331849,0.25215984081566956,0.28563639992637313,0.3237960962557428,0.3415414066145704,-0.09047946657579446,-0.4452792141918467,0.14165805392854555,0.1296997089368371,0.1608758498112063,0.0642067501809127,0.17695296387465348,-0.21774173070390593,0.17694319483690468,-0.12172221283742642,0.15917778078383707,0.29960948535241744,-0.32057223979306465
minestra,-0.0007309264404166822,-0.13138175582331849,-0.06637239006264335,0.06332821404194229,0.01850176136417019,-0.02783618054599198,-0.29532218197996746,-0.1961527541075201,-0.5757393460880653,-0.05558162463647157,-0.324506577207835,0.4390818148301899,-0.3248514157062441,0.15498175807161757,-0.13679012046064298,-0.19930222343303072,0.00043703619124076625,-0.031322911491168795,-0.16090471721484456
minestra,0.038133320603864,-0.03689970979378454,0.13807276321111128,0.12378750205582947,0.09441970709629391,0.1632305740945785,0.06552400476682081,-0.19562041072813802,0.0833688467394216,0.07610548996656634,0.9110017292169993,0.053011719998776886,0.07333683943205625,-0.0917708584337231,0.05684095703506777,-0.07316820102865723,0.027850164324019815,0.09038062564355359,-0.09656697752213364
minestra,0.0016674579341756138,-0.003143145241852566,0.17444889680994868,0.3207767878115901,0.3308074211104519,-0.45149110581101837,-0.3629866216722718,-0.09724439873899526,0.16714710870691096,-0.12133441566257444,0.1408374887276336,-0.36321949889793265,0.17703170457233883,-0.14807565618765173,0.15823393524346935,-0.06475493642445049,0.14432147261945905,0.19239457123517523,-0.2782093895552257
minestra,0.00026172240680825433,-0.134073306186917,-0.3251606985618237,-0.037924864744527116,-0.028883595754612756,-0.09195055241696028,-0.2813555810471362,-0.18190401861040506,-0.5213577636821135,0.5024637648695729,-0.21521372285612445,0.01354875789240579,-0.2909929009940303,-0.1336168139032839,-0.08098730660112748,0.032836613520437034,0.21886959705311373,-0.12828465925261567,-0.08946921997897368
minestra,0.00011177281376282611,-0.05112868293266776,-0.33490241218395356,-0.06523988310952583,-0.00529522429875568,0.10989723296666139,-0.5457556095435999,-0.0864416054815597,-0.3014589725785426,0.11092110549781022,-0.05090219057406565,0.18280337604687077,-0.26703984979115497,-0.09961826833141627,-0.4161906289891737,0.3727743100112224,-0.14443349778995723,-0.044279979500338885,0.09012736787927629
minestra,0.00638961967092094,0.014213101874156519,-0.1912016456442136,0.05733794148398283,-0.0192928583422394,-0.4739350120288566,0.1713132022506938,0.179651046013059,-0.3116998335534357,0.1448652559113468,0.338230511301513,0.1405678670914544,-0.07658928908482482,-0.36500089750919756,-0.3280880744993587,0.3770909444174813,0.17740017514054102,-0.016520767677102744,-0.019139680621633237
minestra,-0.004077118146373556,0.0038378072814392317,-0.0331107188041548,0.08499846981547651,-0.009345617613195962,-0.029546381772566365,-0.05710030679156985,0.001693604957058823,0.07734957909023461,-0.20960854819774744,0.8348508819397753,-0.4007988137449246,0.12856703374606027,-0.1754960949526598,0.060628936071569765,-0.10323354633395354,-0.05432103606498065,0.12051757105316842,-0.027740397784918273
minestra,0.03202609412805575,0.008422227931144544,0.029440729435061805,0.2961561544865197,0.13173849975171883,0.0020247950827635207,0.09728264430130282,-0.023731159978955897,0.08631590097047567,-0.267590418724474,0.35985378737388857,-0.6119013014168451,0.3368464190026488,-0.28349900395355726,0.056473172707743505,-0.11404273281231202,0.115090047734182,0.25006793903271596,0.12321833557586268
minestra,6.540068191008033e-05,0.0665116971213358,-0.1675211955475735,-0.33882949800967727,-0.29510761796411067,-0.3820856971768508,-0.24209885791992994,0.0733297614400811,-0.08464542875479232,0.0932192774403135,-0.31435187268582615,0.3479654079784504,-0.1885510291973081,0.29527126878428767,-0.10021544256340807,0.01625669306338362,-0.14866556520563642,-0.350939607578765,0.2039228379809176
minestra,-0.002873216763408184,-0.199024361701145,0.2808752975511706,0.24964589347456134,0.1656834676224427,0.5098934278383722,0.0354844822841704,-0.5059674565366882,0.12121538208090286,0.20862768574088603,0.07015888736177137,0.1949365541757746,0.08398140377216556,-0.14813343141875168,0.1091561175767189,-0.1446605102110698,0.04571584522968366,0.2283412038300573,0.239294377866559
minestra,1.1102230246251565e-16,-0.09308164373662837,-0.9302626437175573,0.026249014101439483,0.09106680629268148,0.10193097066969739,0.01739395494069432,-0.14632738205223567,0.028332614206907525,0.025788484858164738,0.17995707776431552,0.030285445844478377,0.01402193071017879,-0.04777320000442893,0.03197893125232052,-0.11696755024274973,0.004416166830871792,0.020418787952420647,0.18019974654268656
dan,0.005454785103790162,-0.03144776835136803,0.015510045436202158,-0.18715235751481638,-0.016157593694303547,-0.5895123512232645,0.005754418398784118,-0.043653481635428544,-0.01664777234392364,-0.23113723991347968,-0.006069728809277265,-0.6679744790178217,0.08619273052415184,0.18078420725274041,-0.0786222562644811,-0.10259606232124752,0.0022898115768507166,0.2079477971746977,-0.11842498123433379
dan,0.0134982513696719,-0.13366954121177824,-0.010807612595516325,-0.16981428618025343,0.020259237200063212,0.4013485402517528,-0.032613980275000475,-0.07078420779644586,-0.023822329200348286,-0.1905301246269439,-0.002998810948519251,-0.33276764029868944,-0.7464616365250929,0.15538341041235743,-0.06889195864464,-0.0990342436109249,0.0023080602742688,0.18064762070221835,-0.09725900864334631
dan,1.4119852401023682e-05,-0.19366449525655305,-0.08737917533286066,-0.17000603586886853,0.10303153395889006,0.566482766625241,0.13980143371216003,-0.14756783228003906,-0.19884417374756125,-0.2691588795146404,0.0055001134150632755,0.26912421669587727,0.10880163041521931,0.1499008287059314,-0.4465341639201919,-0.289788608242802,0.017535016088086296,0.22238909997256498,-0.03509588244768598
dan,0.004487766748263075,-0.1657525381283628,-0.09502252123534904,-0.1469123000539589,0.11116096257077218,0.49828569440051895,0.09378215627438313,-0.13775555063447592,-0.3107408312680524,-0.23336466185856464,0.015006139409851264,-0.5536768646837595,0.06811551501303598,0.11397368181185126,-0.1951631644128095,-0.2946216233550636,-3.345908832247768e-07,0.21737261285402842,-0.07696228215890924
dan,0.00020330924894004353,-0.19136519742054928,-0.11815206721919047,-0.14635482246947343,0.14430801930691955,0.5491568827420378,0.10498785048466429,-0.1485178479429552,-0.19220507080346563,-0.2771714336389922,0.0012574593231044237,0.2382517312669413,0.10072398520490225,0.13702768172020505,-0.480820405041904,-0.3058957654868323,0.01549959162344351,0.21778079236421438,-0.025263997588078357
dan,-0.005456151500882507,-0.1511805413434503,-0.10636896950186654,-0.11285570075165248,-0.10062346500501458,0.4531689919137905,0.013508071380348104,-0.11899840979106269,-0.13218280304771982,-0.19611548826112862,0.0018216546272714718,-0.6668921988708559,0.0549062535270341,0.09667768836009238,-0.3017376411753325,-0.2889656994663423,0.005269465687080771,0.18615422365270193,-0.03149690720866806
dan,0.06304120902141135,-0.10238420131090739,-0.07481740767219328,-0.07872093324669883,-0.7393428238964853,0.31588372292261757,0.005998557584469614,-0.08331129366281,-0.13365849549086292,-0.13648986014575643,0.005186922209428371,-0.45830293694664087,0.03538898974974607,0.07239408094121698,-0.12820952553117818,-0.18835519914097668,-0.00024534683746627056,0.1335164308272289,-0.03921539822362323
dan,0.012246546488626353,-0.15690751283683924,-0.11259538150669426,-0.12876939003865437,0.13712198409662174,0.5083272805122736,0.010727143901138766,-0.1410180760231902,-0.343250407424455,-0.23331190279199884,0.016314244851934397,-0.5628658177868523,0.06936357769269605,0.12982586459014697,-0.09153572178712527,-0.26987617230884375,-0.005695174880851291,0.22171282476933704,-0.08668417154829353
dan,0.00034212519040665933,-0.19567648276771082,-0.11363019819712827,-0.14161411690630799,0.13453595126714327,0.5576559364748527,0.09333313060986755,-0.1500676510085124,-0.18710992304042384,-0.2753256870654144,-0.001926018041105314,0.2572817450189744,0.10534900744320994,0.129955715147271,-0.45309388157082114,-0.30556021220783686,0.01174322134712503,0.23950064579823357,-0.08529044169950399
dan,0.0013695750542022326,-0.13889378888957785,-0.10538620370578378,-0.14941394651668577,0.12907514488289884,0.4969131576463122,-0.0012064571632702465,-0.14390217702009314,-0.38625642258943393,-0.23188020177845545,0.020610598205691517,-0.5455701204631648,-0.03146025739575525,0.1803068759227181,0.08840175319314786,-0.1987769776835113,0.15581166390980125,0.22043138426903458,-0.09086592171426404
dan,0.0019267233769997712,-0.1588494903525741,-0.07986907600181703,-0.12392802270282643,0.0930968752677109,0.40514473616393637,0.04149382453420226,-0.1580486926137741,-0.18356210362639733,-0.22060247241431624,0.039217275315640336,0.24984897465284334,-0.7037362314617374,0.14585219133618024,-0.15212192414517645,-0.1854067715707078,0.05243565881704069,0.17029671912873226,-0.03756906736416965
dan,0.004790433539500313,-0.1416944086829716,-0.08566343642493346,-0.12560188873140957,0.09249380339091681,-0.5922343285113919,0.07096333104947546,-0.138128823088648,0.03727635900057932,-0.18517367568354232,0.1437261603400291,0.313353860241759,0.14185638322116872,0.23948346470650642,-0.5176598400910989,-0.2522276143147027,0.016835004095445565,-0.055405383672571785,-0.08031675667109803
dan,-0.00014864968969437758,-0.19426300711738229,-0.11028155587515143,-0.1840597222234303,-0.04385057774073654,0.5822052086157009,0.036626990024139994,-0.1610099910443319,-0.06666320444397264,-0.21117615438248508,0.010518974984195335,0.4609565190046708,0.15781816024844122,0.3544368395582549,0.16263335955548786,-0.1261822929000254,0.16432710479486737,0.2559263562404214,-0.032157648666726844
dan,0.001828385091108958,-0.08494465099542552,-0.10241604524731218,-0.08342965807732305,-0.8483943972582719,0.2656929238854341,0.05614743499093437,-0.07598715992803454,-0.04553327380176703,-0.11243175558910778,-0.0015213299073919368,-0.2815121238472301,0.08145881430940784,0.1772127743292135,0.10736354397016235,-0.06346666515120757,0.09933543438105548,0.13622434032648517,-0.0075804791523197135
dan,0.0011622183938289343,-0.05806196376697599,0.004252586861517638,-0.11854446873976737,-0.014686234363700744,-0.6956418132476719,0.042929584700520954,-0.07832497487978957,-0.03711549786984175,-0.11435582112112613,-0.0023181503134279873,-0.6264588011019006,0.08082641645942881,0.17921982215348178,0.06778265304946428,-0.0669586482369553,0.12311853896661824,0.14320157343051462,-0.011860800766723687
dan,0.005959934362209877,-0.15657117036105977,-0.08126464367586461,-0.2060023705329507,0.12131275019225933,0.6361982497086435,0.041589234558915736,-0.1476222221752391,-0.06252674198160967,-0.20294898989430143,-0.004782895533929774,0.46715463728665835,0.18648110043146252,0.27993173804401017,0.053248870646955875,-0.1691445713271593,-0.009718363716243284,0.26894462929201396,-0.055636175341231685
dan,-0.007297280209884825,-0.16621273908805462,0.08785802712553425,-0.23485314522056894,-0.10136053435025806,0.6597964325548138,-0.03652726928717886,-0.16677368622691632,-0.023804768291554868,-0.21099090927169345,-0.012355452300744103,0.3883460696078857,0.10621852348271756,0.3066310352821821,0.06392357084074976,-0.17447036565561327,-0.010317805955221476,0.2991100591147729,-0.09639376626993348
dan,0.0008993244322256859,-0.14998938029110376,0.10640686142113853,-0.21061440002823248,-0.11320299452191501,0.46690444807607867,-0.003756949464699735,-0.12522888765534132,0.00284669542695068,-0.16879688356812633,-0.01046706120137134,-0.7381711531453264,0.01840267281078513,0.2653905543922135,0.06946767907244479,-0.11981475701739515,-0.013141623237917678,0.0487236562816602,-0.0964662178196769
dan,0.061862199314218116,-0.10154852592640749,0.059845160536134014,-0.18660486727260145,-0.06716233018903704,-0.5561114080813158,0.01839631046187263,-0.10627974673083385,-0.13031715561831136,-0.1745595720224741,0.004708581903436052,-0.6439831624506305,-0.012028720943230502,0.24835107421845187,-0.008384899501994387,-0.1371332315280567,-0.005003783243859779,-0.26873887067900365,-0.10366343461048089
dan,0.02644581076450542,-0.1161075888166936,0.06983981568990147,-0.21318905733217317,-0.07854507349839043,0.4362521912431475,0.013272911601592921,-0.1265333499391175,-0.2086422940479807,-0.20814383549367615,0.009513914679540162,-0.7161255880139112,-0.045382940080216656,0.2801381973942146,-0.040664536231909805,-0.16328332487662647,-0.002771791642272618,0.05205527518738063,-0.1103102554134855
dan,0.0021394394318597306,-0.09970627452490007,0.07631565689877173,-0.1788667767740742,-0.08209268145441743,-0.6603966683926293,0.03315569780029022,-0.11072681342256888,-0.32458518048122365,-0.19011990910268528,0.01599970021116247,-0.4924790139799009,-0.17357262641874954,0.23595690696324342,-0.009273608364558188,-0.12785184998875504,-0.004808853036238848,0.04317651196944371,-0.08719702391619527
dan,-0.004915795833854531,-0.11081282723454788,-0.05781681309600866,-0.16823123002656104,-0.19206153391748376,0.5063422332893188,-0.08463751422930549,-0.11887371710502952,-0.09684368392382449,-0.19889038481352947,-8.717353973561068e-05,-0.6581758583317591,-0.0165014323639707,0.23332873112980654,-0.009912708611063872,-0.13725782059748082,-0.004941886995542091,-0.2737263662000348,-0.10381119354770775
dan,0.0027047776367517947,-0.07098399757669509,-0.07339901049942998,-0.0887742617166822,-0.7846936384224948,-0.347250673062959,0.006086870615438117,-0.0727320534058241,-0.020229753505542195,-0.11835242007650221,-0.0025361456987165994,-0.41920086122113404,0.003407518723311403,0.14214043079834393,-0.013593387651443748,-0.08998588259506538,-0.0022707141720680972,0.13038338343629094,-0.06621013834203492
dan,0.0026778601791240687,-0.11309074385273193,-0.04427728748855919,-0.14612197009694,0.04898680400492959,-0.6207830876794725,0.04202150609909355,-0.11040386898011473,-0.028691529081699745,-0.17850783676944015,-0.0025140696816500657,-0.651010410548179,0.012208255417704882,0.22153307246031,-0.025333882682104902,-0.13841243313314308,-0.00041319340933548723,0.16943013847000685,-0.0890538310594732
dan,0.0006130820214604294,-0.1563532019424483,-0.025097604217332425,-0.1666639355361319,0.021713204121666663,0.5158056131635373,-0.030211479578441894,-0.14268406319934576,0.057937846861497465,-0.1697424946913485,0.09227836524885813,-0.7174508590752904,0.004288922217643724,0.2311801977659186,-0.0330967472493085,-0.15626808819117743,-0.0004942800329210671,-0.10332609035467276,-0.11947340875685532
dan,0.022673986085094393,-0.47117774714970473,-0.012150176271779544,-0.10742914054947242,0.01304386463173135,0.37059128882068976,-0.506031394830421,-0.2326148280493108,0.06236998280956405,-0.12999632199139544,-0.019484546114012978,0.4201470852304646,-0.004625936310259962,0.012115779228305175,-0.05348052383484636,-0.17360798958879453,0.000993133628761,0.23252453268727544,-0.18354397645268455
dan,0.010084370269314217,-0.29294276761463645,-0.010221831782416091,-0.14089791592332548,0.0009299198734157114,0.31442312545443296,-0.17422383918725323,-0.15705788095265838,0.05034732400388679,-0.15246558914869188,-0.014833156931243421,-0.7802236887996921,0.002009813090088586,0.1254240706343902,-0.05055116891648342,-0.14807123421189003,0.0003307891412369007,0.21908697865411134,-0.13183071753559777
dan,1.3289767303262718e-06,-0.00047920222183221554,0.09356411208294727,0.04584571882134455,-0.051419145695491664,0.5546425428857987,-0.5458013832957515,-0.05009089128002929,0.3296043455904481,-0.26656525924265106,-0.059657982098976166,0.27291736289078267,-0.15343059415177257,-0.07749735928541712,-0.2203801776998534,-0.14318592408025205,0.03869445688213196,0.12840710993210963,0.06420343299720786
dan,0.0015012995158513506,-0.6050713451382881,-0.03347506815257828,0.02538522418026908,0.011684218385821923,-0.12523021009777285,-0.20067841497735353,-0.32235073643538426,-0.04983125985886593,0.09819145704716135,-0.02276542564674942,-0.1745440065009864,0.3883478233513832,-0.07883561883615911,-0.08453803077786957,0.10722732965458637,-0.006478528459482403,-0.01884330744763265,-0.5029350145442699
dan,0.001439673794439527,-0.0667947168490917,0.1671368220650049,0.03210826881987953,-0.16856363504749589,0.35308178916558003,-0.2444658040134914,-0.13388305939412354,0.4468687752727958,-0.20020846007730791,-0.014479114670987463,0.25534626345523564,0.17500278104762393,0.016312509538199182,0.5040911869667271,-0.23703063134351868,-0.024759827993310907,0.09258239099130493,0.28328360774677813
dan,0.0008651980303676518,-0.0022240209223911445,-0.12841422099109795,-0.06247041182140403,0.08288420393975467,-0.0814472149362995,-0.08871947198208738,0.0557790714245836,-0.008192413369904733,0.05920787398332171,-0.009145137428020257,-0.14018492948235273,-0.022227062459451156,-0.06894526884125332,-0.7679905504865426,0.2352272925693357,0.017584468070567513,-0.14275077673594733,0.5106196320837505
dan,0.12370456586879448,-0.028564608422604526,-0.07098411193530683,-0.02961197628909161,-0.8771900002880334,-0.03904283763228095,-0.36796776121807695,0.022913499126083075,-0.02581172092855245,0.0072709215955675715,0.0021945312351433865,-0.06249317523230095,0.010271870273147809,-0.022148472838318483,-0.21475130042242022,0.1352149523004823,0.0015750317210194125,-0.04200996927282341,0.12232168826042944
dan,-1.7389244643748563e-06,-0.006888853514925173,0.027391411154452913,-0.03172101417454937,-0.14045458762739582,0.11810352624756444,-0.06339868031174906,-0.10620536010398307,-0.8439942948369634,0.3018586361091042,-0.24927138459320927,0.04592599203133925,-0.07915697809986776,0.18316713934868814,-0.011224224477527385,0.09818888664054115,-0.13818679594046557,0.04413920787299294,0.1044211252776219
dan,0.03628509439927546,-0.08824594794069723,0.035466249299756725,0.01155074441139492,0.008612328899420102,0.17266529551493973,0.20730135114671383,-0.437356144988867,-0.07913985310666741,0.10425910000414096,-0.021141210884095398,0.0352697467907255,0.8090389783428861,0.1458758490021603,-0.004444926265971381,-0.017200176770299537,-0.01405917828581455,0.03980657995325389,-0.1730144856162456
dan,-0.004486237132788155,-0.03354181679304717,-0.007740131432663222,-0.026934591597044782,-0.012113242900775612,-0.01353480683636804,0.03344574571300897,0.09814819103100451,0.09079908333167609,-0.057721754781678916,0.0020386040792563427,-0.024926061510099455,0.9830393186249007,-0.007027308052846679,0.0859503993971891,-0.02830154911120565,0.0004688984635973092,-0.01087702376542201,0.009140863152872917
dan,0.0007087899515945703,0.1724800703748737,-0.11044976152032948,-0.052889805928503314,0.15959804658406687,0.08914367637453545,-0.34732929438397997,-0.007819663575266695,-0.0933537513508897,0.05526617294537278,-0.013433204733390313,0.11197918295506956,-0.1089404468107395,-0.20128472725648436,-0.5771148454128039,0.10739414962380374,0.025181725661684317,-0.07214695675582325,0.6114165946013953
dan,0.25121298952722415,-0.07617542591762029,0.05376149504070853,-0.0003498626384419075,0.974103235090066,0.005342191618585399,-0.05160240687545198,0.031078403070913273,0.10438423435971464,-0.03082461043849523,0.007113750142601891,-0.06835660115021266,0.1019637630665435,0.010865057735100317,0.02859661209597708,-0.03018690336131908,0.007796728342315,0.025309531847789783,-0.09621884447213848
dan,0.007568175527917742,0.07509460199506961,-0.06257099485056172,0.0013832869419194193,-0.9589090286723387,0.0012059562036132814,0.065190900535265,-0.030564496518851923,-0.043912944279421454,0.03124393756283764,0.04472284791360205,0.07190975106183088,-0.08489235908483286,-0.031105033005221286,-0.1282199873929673,0.03452054009856983,0.00047325062897980675,-0.024468409053061947,0.17108730229438787
dan,0.00035012979528094914,0.13418170054480477,-0.13290449803193138,-0.026924267063849778,0.1120763998922886,0.03704661753962115,-0.013986516517872577,-0.07950871776841784,-0.17608122997121442,0.04671294538340683,0.15497891783809456,0.23454801241490716,-0.24697806408657144,-0.17685936710762742,-0.5573247021221114,0.12123942760527583,0.014322898857643386,-0.08994311821802518,0.6364399839868102
dan,0.013536501441002094,0.09046184237736797,-0.0661197379822458,-0.018092887308447856,-0.9246385715369018,0.011405291864832086,0.015395970771684812,-0.02772687443362341,-0.09101063017879867,0.010167635798179666,0.016991439514175158,0.09962822406958978,-0.0959747155288937,-0.09380941082278972,-0.20512195747017878,0.06553295717367245,0.0002912573293614253,-0.02891074161159986,0.21727272640338285
dan,-6.324250095439998e-07,0.00877596192945835,-0.030853729415034153,0.07521257709777558,-0.17555581402663095,0.147902048608681,-0.018020954523434964,0.39008568484386286,-0.19499896741782918,0.1529653265197566,0.13993913756993026,-0.5988562646240743,0.47712953709290973,-0.12388523467705691,0.21733619304116802,-0.020531645135224763,0.19502035475589205,0.1353093983149089,0.03865977011455793
pabluccio,0.0002949079596084265,-0.7408828737536235,0.3779381326209985,0.21362689188045544,-0.3062692555397866,-0.05656734830201532,-0.05809351666958082,-0.3221206537679508,0.06087528962576019,-0.0637012536301542,0.045964622896418915,-0.16235236965347424,0.06807419323380372,0.0008304678747022795,0.045539478905868555,-0.045565043458774095,0.018576723116806367,0.1088206713583401,-0.035708084178665576
pabluccio,-5.2616737187879384e-05,-0.021175074109375767,0.07729432060675981,-0.15959072130725382,-0.06297648330380169,0.19926651989556324,-0.34196198426815594,0.07677678973739187,-0.5818184515879851,0.3765089024761337,-0.10491806169546565,0.3683729215972394,-0.12185010463535466,0.2601557409658676,-0.13568472571076498,0.08199981806126853,-0.2136270842792428,0.0788656836138892,0.12290230020395639
pabluccio,0.0016422067123219547,-0.16333294326045894,0.534853653457019,0.24828911222256894,-0.2665167559568962,0.23262788071824528,-0.17061149326280486,-0.4462861088159548,0.13704173699759165,-0.10023771076154603,0.005493276377285607,-0.18204903902234357,0.1873715985018515,0.14936288998270353,0.06900561304411351,-0.11309880887456224,0.04311650271001611,0.22698344813155974,0.28605744796987254
pabluccio,0.00024129896681086485,0.3119538240855319,0.2501206119760917,0.0964819910729964,-0.06892951900282107,-0.21569291538079857,-0.2625137548388826,-0.15232827763500634,-0.2225023648268433,0.2549646916439948,-0.2793693346830432,0.11524606944063816,-0.16676234764527906,0.21497352137187953,-0.10516930444379315,-0.056545920431846156,0.5642648385046541,0.14182973198808985,-0.23406975552523376
pabluccio,0.0020492582841414642,0.27207091352826684,-0.19420455550765514,-0.1155448521670183,0.2097496076071929,0.20973843669901027,-0.02544899270737838,0.04120540684251949,-0.14452601032188345,0.020235114324066748,-0.2352111378055304,0.10911678627534122,-0.11255079314469853,-0.21300596481815443,-0.5547477898204367,0.4698306413763735,-0.23469693428328683,-0.15223004932649295,0.17683598759316183
pabluccio,-0.004063046319156531,-0.015442454447325525,-0.06063528181004324,0.023860733938012538,0.026775634703635497,0.02824591668389427,0.07798763535497412,0.045608401081092334,-0.0031134020564930866,-0.061595853221104745,-0.9817685223056168,-0.01835147847648963,0.017173050752958132,0.0359959379831711,0.09887009987698232,-0.02625867354479939,0.04825048335076919,0.03762607452846406,-0.045048614180307166
pabluccio,0.027161635617339575,0.045713576330894706,-0.027929625159987537,-0.040906210053104484,0.0278601905537586,-0.03858119793669075,0.000268297578894779,0.07838711225367648,-0.05474369908819754,-0.003521417218997943,-0.09854014835631517,0.021817088826335203,-0.04271399133814892,-0.0460239168264505,-0.047993526989800625,0.10731500873746985,0.9775424894118349,-0.017645470705683678,0.013744105292865981
pabluccio,0.0015790926833013973,-0.04217168684254586,-0.018701896854573075,-0.038083550171537056,0.020570113595290603,0.0003124921919093861,-2.869910696145743e-06,-0.004792710063764318,-0.05397189455728235,0.08111407228935702,0.9904961862723558,0.0023937760009194466,-0.02783048804180636,0.005534811745501798,0.006170812334706238,0.02269270526308239,-0.05896841433309403,-0.02254496926252239,0.007112871903400379
pabluccio,0.00016222577325867077,0.06806772268469212,-0.13828505182607687,0.007663852247148614,-0.10933723554274596,0.4043497586828409,-0.38840722044234216,0.27068708872030894,0.03173103137907771,-0.06387160654649572,0.027786104128345843,-0.10501092307520149,0.2587353543887763,-0.6322113299348247,0.2314086528679802,-0.16107646313161783,0.08804650050163043,0.05018307433471175,0.057560381297077766
pabluccio,-0.001294548641511488,-0.09134946047011819,0.5323983023565086,0.2548156199775647,-0.44225965235829273,0.13483117813680812,-0.1549875290412885,-0.33927785942852906,0.17008089141648272,-0.13961154888162158,-0.047605123687307745,-0.20657089471323153,0.21359383751690703,0.17192607833405144,0.09443754394009055,-0.12850929769604805,0.03422575874819676,0.22111639191400118,-0.21526296884345997
pabluccio,0.014444927334811206,0.02332968777745196,-0.028733301998326355,-0.008859397871620404,-0.9958785927932304,-0.018674478873849806,0.00012034501850760765,-0.012929268031167469,-0.026209291271939526,0.01247670225927383,0.02343439121094451,0.015267235704746366,-0.009143104335698106,0.04026971224081908,0.01542639097112414,-0.019176551195837492,0.015170250372731465,0.029585225004022848,-0.0349329342940719
pabluccio,0.0010881124282409729,0.1240891191183877,-0.037171668450640794,-0.00603865079427402,0.04028381451910465,0.00986272693792364,-0.04405712949983395,-0.06403165784352609,-0.011723451278707745,0.09591716301412237,0.9780674507277249,0.0065348722821897305,-0.005557423238890931,0.05457509736447111,-0.02918726705801467,0.0013583286690021196,0.04879063805919425,0.03543573744434342,-0.043898513033063295
pabluccio,-0.0002207238804368162,0.04612118613590004,-0.07589283671280424,0.008843956248866336,-0.09361934132977152,0.16325278569636203,0.4947667864061441,-0.008468456810096763,0.4275270570989285,-0.19856566384632812,0.15869823640429145,-0.0005602711648892193,-0.058586067535858904,0.10320585192636475,-0.4185290379537238,0.3976463840050605,-0.3125319987934294,0.1388422866698227,-0.0057790370695758415
SADAX,-5.305712511254041e-07,-0.006343337402430451,-0.04813417013634551,-0.3002462300239481,0.22624690327562205,-0.05445026220430327,0.14801737087307468,-0.3090472694522598,0.05427973536540456,-0.11092749791935169,0.1820608714363164,-0.16546299173964132,0.2668305855425385,0.33017486699408116,0.027935599908484432,0.2613286773476762,0.009259944955987061,-0.5753304374454575,0.2824356840005955
SADAX,0.0035797311127957164,-0.2325213100298268,0.2743947295033463,0.24264321615305895,0.3393948003405293,0.3144763729255224,-0.10844223401362502,-0.18657706743195304,-0.002863081166885151,-0.024256206703777393,-0.0278163106214721,-0.23041990796697057,-0.45352446636922245,-0.31270086417454745,-0.10113735953286036,0.41853103842502026,0.02893574138614859,0.03022472715149904,-0.07767227156374862
SADAX,0.0029869129811899054,0.2099114615846521,0.018316525691866148,0.10774782231589722,0.11610342953869314,-0.24968149406943613,-0.21391226781903444,-0.00290548266378049,-0.1024980967540491,0.04238528950793439,0.3759731840090907,-0.2194796943848993,-0.5069405995268377,0.3662849247198456,-0.07651830610933308,0.14884292892979437,0.3705276682996934,-0.25211625279576927,0.02363782880034653
SADAX,0.00013815615451057828,0.11800384272823804,-0.05030049099653855,-0.23534253105835115,-0.027981982413677185,-0.13112837771384106,0.004872045566760916,0.1617491784874645,-0.4155274915115718,0.45031325628835583,-0.07044307905141986,0.3179074630507136,-0.07288640859921933,0.2022175301209634,-0.2812248077089326,-0.006403792017177606,0.2426624873645683,-0.4140179810194889,0.2165489148879004
SADAX,0.0027857195333069276,0.2804923936810612,-0.1705114552583924,-0.23844498996636182,0.0034878133256852606,-0.12683478126498873,0.30250048150362885,0.3013897261455199,-0.13101013290288038,0.07317654941798331,-0.06869820802280746,0.22655744689734422,-0.0034794763827705917,0.3347647466736286,-0.29326473148455123,0.4624135492659477,-0.1327128342812695,-0.31174465424961745,0.1779850224969191
SADAX,7.707833469705905e-06,0.007995802746920144,0.043824856553374314,0.03429342499526481,0.0016519285764123811,0.05958799895616053,-0.09488939580031694,0.04478367999375067,0.2059473459765942,-0.12490755163422765,-0.9495679069875665,-0.09648569426846956,0.05729773121645411,-0.06345581473557003,-0.0622838701128806,-0.025746813885513063,0.002141565563192533,0.03669001801037195,0.008299287325324343
SADAX,-0.001656819789382715,-0.10528817126817183,-0.20970835857662995,-0.2068436100915493,0.0018274029847657883,-0.06037872983050854,-0.20591681028347877,0.057579209944083526,-0.23073029349552737,0.5635357478093278,-0.25868217298557383,0.34443317589644407,-0.0033588270183789342,0.01297285745268843,-0.24390237423565936,0.1912637788165799,-0.0003167928046039743,-0.37534995458565185,0.24349403333947386
SADAX,-0.0006636910578800419,0.023876416295911553,-0.043212477617837176,-0.04780376555511773,-0.0010900107975418253,0.0005360842608964239,-0.06364806123613051,0.0007254036160017004,0.024483391901678687,0.05583334994970775,-0.07535676124512308,0.06981706002018492,0.023593799851849253,0.07070002405711548,-0.16696322648507247,0.04245679885334717,0.9597182752467989,-0.08849374278909575,0.11326821445441985
SADAX,-0.001884241048536074,0.2303861365223474,-0.15694054411771796,-0.19858337960032954,-0.0021415381224023883,-0.21648806697784995,0.32691477764248517,0.28615346679755754,-0.06238221033818876,0.13832401144354983,-0.07207141232571303,0.23403953139629713,0.01680438797815422,0.3553500137724453,-0.2559366319911047,0.46344755111163505,-0.18134446185807365,-0.30237042798647873,0.18187089582955887
SADAX,-6.892047181264847e-06,0.005128822519234595,-0.022406709942469395,-0.028051000409845685,-0.33248161598402975,-0.09686927181303148,-0.2752088963272679,-0.055729475376009634,0.20946215269852114,-0.2664837570960714,0.15082054095031824,-0.12262186600351982,-0.022880354570226604,-0.1776708471907149,0.08427162569368003,0.16121456610082055,-0.23166400128877546,-0.2801786965527266,0.6707382835256939
SADAX,0.0048407350100824155,-0.2537976263848458,0.2915657574080902,0.3428054701106468,0.3656043078475577,0.28044335389253666,0.132179474559921,-0.13503882865552322,0.03857628927445281,-0.07588938365530856,0.041951769674674774,-0.0968536637562494,0.285075602139619,-0.26877409809230995,-0.08972502096548907,0.5504968546701916,-0.008359199640055671,-0.00751223724744085,-0.04381206851511615
SADAX,0.001229455824161775,0.14374080763240885,-0.04371719695809262,-0.04511947354014578,0.07312014564159364,-0.24942526174059,-0.31397422820056853,-0.17436162720529208,-0.08798792744330311,0.013970451552602204,0.39437943139784154,-0.07212331822306191,0.4956840495762041,0.32050996158653594,0.11913796641346591,-0.14544187022295757,0.39737411388490484,0.09802812410375919,-0.24266056053617038
SADAX,3.927951559516909e-05,-0.2469946937772997,-0.09470503764950411,-0.3720484397056976,-0.023179057019554375,-0.08931906083596862,-0.037181366380723724,-0.1069613019152826,-0.4938456758022255,0.4198546014273392,-0.13099094006143783,0.39409527174886483,-0.0899933590992775,0.011417725535702345,-0.08093553405447232,-0.19273121822509875,0.3294921998129721,-0.1293904080658258,0.020075134073056052
SADAX,-0.001492608201289862,-0.13836430546689932,0.17031713356334766,0.41313565628925525,-0.0018818720016053041,-0.03690297932388879,-0.02098465452296294,-0.16679793143110616,-0.0771463715161348,-0.007226853549977619,0.15776005769026616,-0.1777092107351337,-0.09897848897755537,-0.17884203249789773,0.5611417102496808,-0.25361533263005137,0.22927855936035596,0.3475487695717007,-0.3077753746943227
SADAX,-0.0011749251988599327,0.3270717654697769,0.1599368959884061,0.20903699710594806,0.0028982681489453425,0.05840304304209376,-0.2051333610424526,0.17938937624388288,0.5589262528114488,-0.4483362644306481,0.18768935343863166,-0.3569520710113053,0.12430189239685127,0.14451948485253518,-0.1547015107863941,-0.011115314567832237,0.07716983591222304,0.06006420986453078,0.00814523695728781
SADAX,0.17203294380530051,-0.021360186898169486,0.032777517932304774,0.04350765943826139,0.00040248237958096856,-0.031627650187407354,0.08055412480454816,-0.04473553455169579,-0.03401539673635512,0.00953316158954133,0.04422118865956994,-0.035349734148916755,-0.02312948260480326,-0.038071434976633,0.14972202015820188,-0.017330335885081025,-0.972841959715631,0.06717328750559487,-0.08365135527022649
SADAX,0.34121707997141026,0.019535509463607714,-0.03967549401221832,-0.05262328160021454,-0.0003548241739925842,0.03621749118215007,-0.09356804231816751,0.04232869965206893,0.034580751241161944,-0.0021005037039433534,-0.04721547508562504,0.045257728381057884,0.025851504312030586,0.039819515016590784,-0.17497308235266215,0.021227390476470605,0.9634352874750447,-0.08215766265751899,0.09829122760478401
SADAX,0.003785712760710394,0.19329331270629377,-0.1491440702057033,-0.21798447233493362,-0.005624105085750205,0.028297792600721804,-0.0041171401534255015,0.4275323858870344,0.08665404481068593,-0.057450996041417464,-0.12384672088349942,0.16071452327366673,0.07617721262269848,0.21908695572243464,-0.4861734954728624,0.3610283812280377,-0.21716923123715484,-0.3398062299826704,0.2722637410486232
SADAX,0.0056312664138486596,-0.03587727331461765,0.08232494675721932,0.12723402920765306,0.008275074408374552,0.36773436497077194,-0.5882837150930681,-0.3336854648170675,0.4114752331430283,-0.19234224325226473,-0.011646032922964105,-0.30445192262056087,0.11506823147400859,0.062643903708047,-0.24628434075144748,0.017088770245177423,0.03741155493953138,0.013664627311857266,0.06475223845795815
SADAX,0.08159860864637045,0.0006012306802365975,-0.026578357755363054,-0.03973550280138037,-0.0058447036664074055,-0.1834672257082807,0.25699292855108236,0.18392944789356108,-0.22322281397669572,0.11653911640218045,0.07649365230210549,0.12392571953247397,-0.043268907585236806,-0.07079072254055747,0.13302852365288206,-0.08447829652354842,0.8640251021978693,0.008237537368097016,-0.03466909004147655
SADAX,9.830543187501613e-06,-0.01016311083962131,-0.18966132701049684,0.3965808463891669,0.3530889615978092,0.0825539659126834,0.08847797165723364,-0.2466904828264456,-0.0750687816815826,0.07817492300072888,0.35941692018466564,0.13340449046551422,-0.13888654119221053,-0.12170159937623092,-0.5555877521689968,0.15427557969799532,-0.19554546385981336,-0.19030794759502404,-0.08196881501495608
Pa0l0l0,0.0003282692246915137,0.1296215851510696,0.20006649338393412,0.015435558356989794,0.00024076849951827137,0.19152770357546386,0.00024349491664858898,0.6524346397670057,0.06548934008998493,0.08758559559844327,-0.03186439066798012,-0.04030030872836013,-0.3990754792964315,-0.06480494875335552,0.05695669667633877,0.4195090875958631,-0.08560663932091327,-0.2911933184952126,-0.17653611359062532
Pa0l0l0,0.0031005241293627916,0.0801334886157693,0.09428508200171237,0.01877422165917838,-0.0001654964112644443,0.10763897750123672,2.2657133397277927e-06,0.3241266507015491,0.06935697832416038,0.0376247583077287,0.8856459868950446,0.07006030392178116,-0.039230818490965186,-0.021318663976055127,0.029217016583994247,0.20741859050712674,-0.04670571397785888,-0.12447144568643231,-0.09297702603876709
Pa0l0l0,0.002949069290026615,-0.11676614737848245,0.2124121635502044,0.21206237228455296,-0.10115617440175392,0.07213053397168476,0.41215883259514763,-0.1463591653184363,0.1628643566331063,-0.2828407251200895,0.38834157116321233,0.598850841043637,0.05476850879833746,-0.1519004188687223,-0.06737286876078236,-0.18456940504657574,0.015997873104460984,0.08956123352874577,0.025186773628389753
Pa0l0l0,0.0014944829869167511,0.13398773388532736,0.17582497374490447,0.04079717360647956,0.0027359012564172943,0.13871034688531958,-0.0013784729575916158,0.5540489573580403,0.08462710867060307,0.1148744477552859,-0.1668739542275415,-0.10765038593503144,-0.554647842939187,-0.06757901383918863,0.0662356373309437,0.39873525741484256,-0.09702950968479611,-0.2761315588911494,-0.04704650468316957
Pa0l0l0,0.03139243638324469,-0.13764254379414936,0.021895657851986397,0.08857052621965875,0.021446979085199127,-0.2670473890640179,-0.0019241808518015388,-0.011129995451024064,-0.09687099383787634,0.056196975878918164,0.22747968572681085,0.5130301996833887,-0.40991668198074976,-0.19088084590362925,0.04161109467092842,0.21618894992102547,-0.03689051364117902,-0.2871909836605221,0.48637796968192204
Pa0l0l0,0.0004994601008219853,-0.19754021488491078,0.028905249146833567,0.2031843464394491,0.0334087278532319,-0.17775852058103148,-0.004446015302129754,-0.030646752201207217,-0.26448531165536987,0.031242918549871417,0.46143014173998126,-0.1324527873831484,0.0796502130864305,-0.19528674570094906,-0.0946902028222163,0.2740443430307657,0.1272805942083928,-0.340483061453012,0.5684350964256764
Pa0l0l0,-3.329027006915479e-05,-0.20364378350480364,-0.14058034021553967,0.29375408885632787,-0.39387523377613987,0.13885654944932072,0.41266838867635625,-0.0846234013729014,0.011725489175345959,0.3013082293902725,0.22702507688733034,-0.1609760924770981,0.19416482538243657,-0.030056643066265237,-0.5005239864280983,0.10630365556085183,-0.10143938386649079,-0.004982671335940618,0.14655730418150384
Pa0l0l0,0.015390178902818802,-0.09669263130057862,-0.06937505735562066,0.10095229949230557,-0.15583612910770825,-0.04143180657424722,0.08571308413718806,-0.08665870171362021,-0.15050708111086697,0.04428974521566914,0.017984534619500312,0.1172503283306969,-0.07942576419176475,-0.06727880155167444,-0.043528534362707864,0.04685575007007805,0.9386430000432293,0.006670191861921697,0.009110974228594861
Pa0l0l0,0.006364638798953275,-0.25179496899056064,-0.1856971978493304,0.22773945326612,-0.32086791502788686,-0.39083623626732783,0.0011222132055035152,-0.2765628598146262,-0.5660199417433792,-0.01989497223509111,-0.16615958555125826,0.1706686647281762,-0.2441992405455497,-0.17695432888759635,0.01605536599201229,0.16456983592361762,-0.1473519808002964,0.017134238691858667,-0.015768495526691236
Pa0l0l0,0.06981373281407996,-0.13454209832331562,-0.09722062030807205,0.11869027442958198,-0.17010002470576654,-0.2140288526681561,0.000843519883739434,-0.15645125629317674,-0.29759726068210884,-0.054396390527531646,-0.07719691464353946,0.07862223245381654,-0.11343278387441211,-0.09457652597611033,0.012024467917385113,0.09451373926607774,0.8510436828028125,0.010418911657954878,-0.01421787837730062
Pa0l0l0,0.002738494051428003,-0.2856029359473014,-0.2154284189452802,0.26183477342831907,-0.3672965161744825,-0.3223168980597782,-0.0010368992722367097,-0.28127900359780206,-0.4426636963402197,-0.07543294132581337,-0.2259453700076689,0.19513470261818702,-0.2027926364598804,-0.18730398268586365,-0.25372555902289584,0.21220592997373094,-0.07183905715724657,0.004523327706028914,0.06311214664267337
Pa0l0l0,0.03636539637191728,-0.12681680789911742,-0.09882775606683229,0.1314055404596819,-0.1582849976607362,-0.04673284712681721,0.012191905551058771,-0.06604507720536547,-0.07653529999293014,0.02350799190131479,-0.08685965012551074,0.1075469341502364,-0.07287509876635322,-0.07261148922084397,-0.2792601521011108,0.09006661673471006,0.8910712772458548,0.0018655832276606424,0.09444736056258517
Pa0l0l0,-0.008539555740527354,-0.26927225072575245,-0.19247779327617165,0.2778436955394936,-0.3161578087834717,-0.06527609604475944,0.3407477945719118,-0.12048331238902421,-0.08009396013239845,0.1044285743633007,-0.14933237472827673,0.204331373695088,-0.12806400339770038,-0.1954279561322858,-0.6184700650286447,0.14104567921434105,0.08165848469274892,0.010812885073770028,0.18236549429914606
Pa0l0l0,0.004200612989390308,-0.12518497280504434,-0.08751535749131267,0.13216649798276522,-0.14090005902719738,-0.04596805675186819,0.11846105298775604,-0.10415687855457251,-0.1512894329360157,0.042086955054148084,0.14919947957925528,0.10152184729281762,-0.09564368759193481,-0.0832099835473717,-0.18802742528881852,0.03215230233558972,0.8946741185177671,0.003924652843483856,0.047014689397965555
Pa0l0l0,0.04535358849369568,-0.11796050480149989,-0.07968506519540293,0.11344825337687753,-0.12117707484598243,-0.07245749988595379,-0.0002776948780994946,-0.1068240116869286,-0.2495386447739694,0.06814900597703932,0.9086759195817657,0.08802465595954156,-0.11198809763849686,-0.10513028277097301,-0.051510019992966324,0.04029946875091786,-0.08539767498611409,-0.0011139490350779867,-0.0007426516112700343
Pa0l0l0,0.0009097057494924904,-0.275075952546571,-0.2027469755349679,0.24369669991978712,-0.3006696573831495,-0.241416313465444,0.0009965458617158416,-0.2094738046159797,-0.63991042737916,-0.030186835235338126,-0.19024320469022923,0.16380749427803354,-0.2216263215650835,-0.2628917469239051,-0.13378632339631236,0.14546694596037432,-0.01906450493538115,0.005865511780000734,-0.012841884697469259
Pa0l0l0,0.006763763547651657,-0.09056478835254753,-0.07531637029879257,0.11174186152083297,-0.11413960068233957,-0.046227890546575695,0.06600553002590144,-0.03890644310932508,-0.1465666118629409,0.017621229292727213,0.9395943688836682,0.08002815680045543,-0.06130949439293644,-0.06039637856796221,-0.1500883666979971,0.07035421996369028,0.06796881509839157,-0.005476938042843683,0.04513293121922665
Pa0l0l0,0.3938171410263135,-0.1362426142243118,-0.1108443326291525,0.18492067248413327,-0.1763944531469673,-0.0027240366881642643,0.1903698247596808,-0.06533114857215526,-0.13577651714882635,0.05089858058418466,-0.17025965803214022,0.13776552512757614,-0.07993878732002571,-0.08725537414383973,-0.3520608761360217,0.09045067582841698,0.7981966194658969,0.0030853275140355937,0.1052221421512263
Pa0l0l0,0.005668745305169659,-0.23088846610031855,-0.18217449915330336,0.30580274641792843,-0.2912809377060439,-0.021457559392710886,0.31456566130745484,-0.12255961010245478,-0.23271455867193547,0.08686093359886245,-0.27921827026158164,0.2257084512423078,-0.1352599475482834,-0.11101699850645583,-0.5853083561633993,0.10747923540702582,-0.14920630241141591,0.015851140160416933,0.15109839175604178
Pa0l0l0,0.14953905248653707,-0.12914156366838345,-0.10018445673229115,0.16731409990166632,-0.1602503289741856,-0.021790535388160163,0.17349672936545474,-0.07801931699059587,-0.13766742227677337,0.04875606420654496,-0.1524302701299289,0.12387903643868999,-0.07827976759198552,-0.054388169826262815,-0.30744784032711164,0.046463024655825205,0.8438193488858791,0.01001114892689225,0.07167861675005364
Pa0l0l0,-0.00016028491984555683,-0.11740664047033217,-0.09873222619742383,0.16316169548869033,-0.15650485516070314,-0.019682513876774093,0.16916565867567276,-0.08153344326979545,-0.15037284098682716,0.049252956504397497,-0.14438161352769485,0.12213796793407554,-0.08109502389189054,-0.04826276749546993,-0.2917066351253485,0.04875303033516917,0.8529079995672856,0.010265432122957024,0.07046748159356121
Pa0l0l0,-0.004449755390017541,-0.20222111104307913,-0.18685044882297527,0.30610769843025754,-0.28909668740031247,-0.025970487010173394,0.31224005892176515,-0.09572315405279898,-0.24280794317074783,0.11569347638729988,-0.2391872042279603,0.2375568802195254,-0.13744053630118763,-0.08373291051876436,-0.6261599969500913,0.09416412789975966,0.040503113095077786,0.020247011329454796,0.15717580612258186
Pa0l0l0,0.03376402248732884,-0.11560423659506203,-0.10523008824109044,0.1672972667692796,-0.15882519644573748,-0.020271615771489233,0.172318020982852,-0.04781639479435451,-0.11344772499512926,0.07077743090705214,-0.11878022156225143,0.13155971263144575,-0.07096954813323919,-0.044183404772288284,-0.351484878245388,0.03520366014155333,0.8372747357916436,0.01368153912878117,0.08760798501632289
Pa0l0l0,-0.39657385115450855,-0.13022301558248064,-0.11795250026441244,0.17569542369590568,-0.17502695265837717,-0.03538304398406752,0.1899748620996668,-0.059997446353140034,-0.11072592563301115,0.0792332854324375,-0.1112523057117695,0.14088751288953272,-0.07519517939768956,-0.040755449892005954,-0.3800526053066818,0.009903091217076188,0.8100837598543782,0.014981283125439468,0.08721085222937447
Pa0l0l0,0.034847575568093016,-0.11644615527079527,-0.10589688065286981,0.15554498942889794,-0.15794660582859554,-0.03371570652221139,0.1712585545294982,-0.05854782197874734,-0.09948222517777343,0.07020341177198336,-0.09926131840014538,0.12605014937536396,-0.06741848724572586,-0.03574229742395962,-0.3396663717183108,0.007136702812303102,0.8509239033511272,0.013877042072678905,0.07818565505484036
Pa0l0l0,-0.41911011990719105,-0.11732605486950953,-0.11161564472188537,0.15850457037865626,-0.17094631136683253,-0.03503374724083672,0.184135237962367,-0.0790425260245125,-0.11130675939768,0.06304389618488607,-0.11026551704594234,0.13096347577997125,-0.0742368230174657,-0.034714786971551156,-0.3474521921245799,0.004923844699070217,0.836436566617411,0.012265018170545022,0.07166336214331534
Pa0l0l0,0.004699563431583015,-0.09622759549129505,-0.09082604720046161,0.1237582327253573,-0.14637898539019392,-0.056037680137718086,0.15217702346356862,-0.08588915035772592,-0.14271993824137796,0.03340764812046403,-0.10970464030704297,0.10773793059742524,-0.07750423364583328,-0.04053745934729586,-0.22207523092459372,0.008407580650655033,0.8988156642806123,0.006109727680437593,0.04472271432661969
Pa0l0l0,0.000829005185366575,-0.04492772510152336,-0.04646788949847225,0.04733235328879025,-0.06814237603818701,0.9742858960866887,0.005348529851788104,-0.058270721110054144,-0.14888884168272523,-0.009070078066544602,0.015236528155059563,0.0689032515365281,-0.04922622319247345,-0.04068748994837452,0.01700788533092691,0.049676917689601294,-0.03996610997218249,0.008416003257949877,-0.02340019322523948
Pa0l0l0,0.002196723324534909,-0.0357982843603044,0.023962686301115088,0.003671661004722652,0.005653305081634729,-0.04885295148443885,-0.0004960077974788165,-0.25485460389301834,0.0802433195807099,0.3429167675961654,0.6496881353883206,-0.033249321120916706,-0.09383625173003671,-0.03709679923676787,0.056188363521941294,0.26900123785412033,0.5401582849320897,0.006744140388189808,0.07754576745992708
Pa0l0l0,0.0001299821985680427,-0.19426731668302044,-0.34064708045928715,-0.034183703001094856,0.09313616498516378,-0.23533385613218877,0.10310324114405257,-0.37713322702610913,0.044573761943351935,-0.21482902610088211,-0.17132389199927198,0.4971683358879274,-0.22768876058750717,0.39805037293811285,-0.0007338142267086983,0.299742940195746,-0.05681111865538092,-0.010408747561601607,-0.0002940560038376099
Pa0l0l0,0.0009786492598199698,0.4778263071655721,0.21729949209812538,-0.33603710760386185,0.0037089521770574843,-0.06120136921153655,-0.0020831334087020774,0.21897688251647324,0.02997579391803066,-0.10094061500683017,-0.01808976022725513,-0.2305413959132838,0.15306427606312545,0.45510584228126266,0.11753125368315336,-0.363247307016232,-0.13529793973648035,-0.2532086969008083,-0.19113065043996758
Pa0l0l0,0.030661342594431092,0.03130243490483802,-0.027893811146327385,-0.07169771392631646,-0.04030049787889589,-0.9079200422722209,-0.0007170669111534735,0.06824494301560573,-0.16332452809088885,-0.2843413955516621,0.027512941791509416,0.09320849049248577,-0.08103979372353635,-0.018499218200086414,-0.012087922566758598,-0.05606586527010545,0.026943118975195555,-0.1750623161509805,-0.06292122886343791
Pa0l0l0,-0.0012482661861971272,0.0024779434171134816,0.021536612012353573,0.02301324917488267,0.06984390183034378,-0.9840888039303244,-0.002888436807346554,0.004428823711520278,0.08388853339999236,0.1112481319438405,-0.0008478872294722546,-0.03879809928320042,0.04445725869605621,0.006558226531845485,0.007979746872751367,0.02068702234206897,-0.007342574130076047,0.02100365271202662,0.04168841244180366
Pa0l0l0,0.001422521982884639,-0.02217773064155577,-0.10857012551450318,-0.0070888699774259946,-0.14399827274352686,-0.10927176568327307,-0.001338893574359903,0.05732883222862464,-0.15310937882285366,-0.14907832105353458,-0.09622529040310855,0.08050972746147797,-0.0849768636358886,-0.017540231823569126,-0.1739858641877409,-0.10401212348678804,0.9156951525690772,0.003340507029833218,0.056313083388932116
Pa0l0l0,0.020910415159381704,-0.013084567863883522,-0.036983634287082845,-0.006467407152547569,-0.04914087362108973,0.983324769749794,0.0008424450620831965,-0.027589851964131152,-0.12225506399543493,-0.09406627085400393,0.012890294634780143,0.02305652927484285,-0.03807658978352523,-0.014817857170258618,0.01495108085187421,-0.02086745417613426,-0.03693515303602655,0.003474811106460778,-0.010846727923663237
Pa0l0l0,0.0013915781289976267,-0.03155559091704082,-0.22056088958135212,-0.06564605566788048,-0.33962845517981594,0.040937351069853085,0.27284132569082525,-0.08979216150756027,-0.2748736100019074,-0.468173675716725,0.15718605598315163,0.2656754458026915,-0.1815599133742578,0.161818447991788,-0.49349872889621704,-0.11386824941895309,0.16231554204486368,-0.02671334798322977,0.11734668137873186
Pa0l0l0,-0.14165467649590138,0.0684689331359739,0.030751303565110272,-0.12802655679869926,0.006955833373760088,-0.055597151954200785,-0.00109426184515887,-0.1974112077474455,0.07850788843786513,0.20535376860151497,0.4125496875441542,-0.0542701721400675,0.042557663711742084,0.029163930313835896,0.06916301607074915,0.22795922266318158,0.8046397397570703,-0.05977731291054118,-0.06291694050817007
Pa0l0l0,0.00042926300754652963,0.07669092619069241,0.030921339287085514,-0.10963078179710818,0.0059763046115549395,-0.02666441684808944,-0.000511009181171818,-0.11447450672350727,0.05913224137996187,0.17417347563532315,0.6704908324806755,-0.018403970207910823,-0.043404649207594466,0.07079904243916402,0.04071920785818833,0.13745865943616203,0.6719352917584671,0.010536394349005652,0.06711886581985839
Pa0l0l0,-6.396139400682149e-05,0.21716809204133308,0.5854263581299329,0.18261894403598503,0.1931558005672703,-0.22679653363602423,0.046545792725930825,0.37321667817391424,-0.05959054956906051,0.23989534302095789,-0.25633986429739913,-0.3562763469151969,0.013304125587389368,0.06905828401341209,0.1704805356568269,0.20369640445593581,-0.06076523517339749,0.11005368827392377,-0.03887680995060518
Pa0l0l0,-8.979667138914988e-06,0.20755293581843076,-0.5224163468524401,-0.1503079206917283,0.21451176459468183,0.29418205711994383,0.4406027806242453,0.011338496426343686,0.12989674440109794,0.05478191524626637,-0.3380033334122025,-0.36213604378625663,0.11212795146781265,-0.002269203611046007,0.18815412697359452,-0.1342433418923708,0.030666281395131622,0.023343219091554096,0.042933935386785395
Pa0l0l0,0.001133392098071615,0.2696688601446405,0.1289041622769732,-0.15878215572504945,-5.190857584782251e-05,-0.013564316961043404,-0.0016369549651757736,-0.0034554107268818936,0.050263448947561934,0.04092720211126887,-0.08592890015842988,-0.06473425557735589,0.03871572689932527,0.3172073956449089,0.07944849057018967,-0.1528163306989564,0.8581970526287007,0.02526120836574971,-0.023487109931121113
Pa0l0l0,-0.0023279553688589903,-0.00014824443954777552,0.02000367993642635,0.02123380386333079,0.01597651313607622,-0.984136753432381,-0.022748144751521013,0.008404478077293458,0.037207077002394964,0.12606190284731494,-0.07048062193306798,-0.003568191909955472,0.004900048847206807,-0.01366420700576026,0.06157195621668116,0.046892146337614404,-0.03591196478862699,-0.0058154871215278245,-0.00018790533298005516
Pa0l0l0,0.00317672641674189,0.1262394520675792,-0.22042168178900323,0.01368833891154914,-0.33670982779529157,0.04523662189299282,0.35326210407895464,0.08632909410923893,0.06406648520524516,-0.20284751000855372,0.2538597433926772,-0.07440955426628762,0.07726188769255087,0.2273797767274217,-0.6257147119797128,-0.2720153155472762,-0.11934670471212448,0.026792559658754725,0.18505938402735575
Pa0l0l0,0.0022356217445010512,0.026004673415126266,-0.11808037922078307,0.00328298093857031,-0.16133855381635695,-0.09244228359277219,0.07687390909715898,0.07154140726846189,-0.19930163689131908,-0.16806627324351345,-0.04565028094250415,0.09598398229803078,-0.09459285531873753,0.03966375563792199,-0.0489401736029297,-0.09822687973277112,0.9153418243439233,0.007759428129377146,-0.005166562106513431
Pa0l0l0,-0.005514094184652814,-0.02063048830173375,0.22154970003993665,-0.0033079031708836307,0.3085381201230731,0.07981954288483314,-0.33738651228658006,-0.21573903705402714,0.2132761235138773,0.3023415619673836,0.21073283510160237,-0.19676387577462764,0.12641076647998653,-0.09976335086643308,0.5783670439322545,0.2406682579075459,0.12725248933294286,-0.01798224789216086,-0.18340981598624007
Pa0l0l0,-0.0030482411491986132,0.0012675513442311542,0.10499078072264761,0.004318144224564559,0.139989145138297,0.09564884633380193,-0.03473052060772737,-0.07982816900356346,0.25916418775113437,0.1695192160137068,0.015523151894887956,-0.07688475245068857,0.10010799593924224,-0.027431906600123623,0.06464319684647056,0.11809426422987207,-0.9062659210989024,-0.0019475727647593958,-0.018877744163921947
Pa0l0l0,0.0041770820491411195,0.019954487647038034,-0.09987533102255675,-0.007938489405567347,-0.1392745020687959,-0.05093414814319112,0.08895839516631134,0.09430075486991214,-0.18639093727187153,-0.17128023964223202,0.9275265466135528,0.07303986340671693,-0.0676827203280384,0.05831862344753153,-0.09689923132879273,-0.052739378093289366,-0.017435377705165542,-0.005299951732117362,0.02370650861367886
Pa0l0l0,0.0002778601205462392,-0.010120701570676361,-0.17060860263046518,-0.06349074171013387,-0.2818598389770283,-0.28210382490130226,0.03023586351984601,-0.011133193421056146,-0.4230900102655762,-0.3637811124538149,0.1921523083479401,0.2958253672026512,-0.17366299874013913,0.26720447684365595,-0.4494241362783417,-0.14735679400110152,0.20159715038206777,-0.00897224120347301,0.07029535366621371
Pa0l0l0,0.0017731935982955478,0.010694474860788313,0.40393986700316115,0.09420867488932287,0.14523109197549933,0.1696367735828908,-0.156299424153745,-0.06437962111136812,-0.10309091123652331,0.10062904436916364,0.11930295130110735,-0.1336798497125673,0.04213178240978359,-0.7014971155438063,-0.13622115702689253,-0.14638254090333713,0.4021315997207213,0.030766976611076833,0.005364474309372663
peppe,0.0010194333728622764,-0.34670389504069,0.33583429971117573,0.22292217069324133,-0.030702688545420048,0.3639732617012952,-0.06326487833964416,-0.37576505963523926,-0.01472847791450741,-0.06807420148715812,-0.01759740300733493,0.06166497619472647,0.041180433835536275,0.3773806709062131,0.03254374168630096,-0.24821343348045743,-0.018033653970152042,0.36522954065498403,-0.2987211533210613
peppe,0.0013046826436299147,-0.2782644673115065,0.031652013060786244,0.0446123047860871,0.3702131970954821,-0.07524941398531883,0.002052565469753457,-0.25361403258897675,-0.13959005456948365,0.4266704599468599,0.0659694042959026,-0.3278237378598509,0.1944436854400081,0.08254990990212309,-0.03832315001240506,-0.16472122299540087,0.05043129981034384,0.40319509650943014,-0.40105434900423603
peppe,-0.0003177696985862295,-0.041044273114910976,0.1709016986467915,0.04133344574703728,-0.3740108337957383,0.12883087930958043,-0.0017243844575430553,-0.11953466834782674,-0.07704367387406723,-0.03656400542577973,-0.1653722275739096,0.2301812506475268,-0.1643715354914955,0.6466256621842639,0.2682010451568423,-0.36427892093235426,-0.23404932688354302,0.009544038319329415,0.06617114184084176
peppe,0.0014706478159173847,0.078576434341052,-0.13315050395602523,-0.16203887786402377,0.3872022084935134,-0.33256834253582374,0.0017694505052448836,-0.13074246107952986,-0.24580833974482005,0.4310010287826701,0.05557828103629754,-0.07781197392072274,0.04667176004354419,-0.47935839705603367,-0.13846344172648772,0.25151901263222615,0.15695989987015005,0.1427128780988512,-0.2397682194222614
peppe,0.004703005248445858,0.11043234013384032,-0.1440515432171049,-0.09473433921409724,0.2290779099464608,0.10994527551797115,-0.13127390864160682,0.2360374247034033,0.12866561544057104,-0.17838985070934765,0.23234433137078647,-0.12498227003896012,0.10302964563765075,-0.3971083440744821,-0.4978205389572175,0.18266233292250775,0.10624811398849178,-0.37727515736740735,0.3153723123203574
peppe,1.4662922119240762e-05,0.06464761298907196,-0.052496848104864546,-0.0223607146704791,-0.9627635138199282,0.009631702168343838,-0.07147916517853578,0.05825016596171184,0.03577580641954321,-0.02533205092849247,0.0633487436329475,-0.015625268797316662,0.02615625560166504,-0.13216951112436756,-0.12658721004449,0.06849284283439812,-0.027801622493620767,-0.07279413573819132,0.07705056044566976
peppe,0.0005330579442893455,0.08327051854814192,-0.06280601292468446,-0.01091017879841167,-0.8985555017056667,-0.19005822481302176,-0.037528198004311154,0.03154833682456213,-0.0269563574509133,0.06608203871532743,0.022594633416141235,0.02155948199282971,-0.028297550932519316,0.06618583844727657,-0.030308592844108122,0.014915195979617726,0.35289256252842655,-0.06648361620336816,0.04159542835650213
peppe,0.1169341263120136,0.05818383663686271,0.012694032655103058,0.047878997643351545,0.0344785796040928,-0.2115893831847329,0.0005898797285950112,0.05748476079856871,0.02355357767349056,0.061588537840720756,-0.008554575152839663,0.0012212933388181593,-0.006019101101491153,0.16282213642741994,0.01840126356992041,0.030001962162555806,0.9513243065124727,-0.08576283910449331,0.017765840241394416
peppe,-0.0010020857764279658,0.10855435550661124,0.14885101257748923,0.3396815765184321,-0.006261084101218048,-0.47570625496180524,-0.19385619282672872,0.3333404301456605,0.1795395511191382,-0.006586109960541612,0.19852149412792902,-0.11960122372782629,0.08888141285047299,0.493914551440457,-0.23625692833895937,0.14318324082124223,0.17709050812355373,-0.15077453713339278,0.08594595650417551
peppe,0.00036771349664860487,0.08000782880058158,0.1639490502936719,0.34593666348053714,-0.06079671505299677,-0.5830910878715495,-0.004328931214576095,0.13784618788670316,-0.03677087110541454,0.5247675529320018,0.02645478915010573,-0.2131650060333967,0.06190331333970593,0.23182483791117792,-0.12638788253186425,0.09273130711642356,0.279186083768944,-0.03545344768177946,0.010661670371788131
peppe,0.0007908033888574749,-0.022062436168572598,-0.0052426875649232724,0.24755301414823083,-0.010664161447048936,0.1382615760975998,-0.04072439546012637,0.0069928724597260305,-0.04335719341511018,0.03621579963640233,-0.040052845947304155,0.10177358379066796,-0.08043718342062746,0.26743341161949247,-0.03419480747398917,0.005470823348967232,-0.5363864288788862,-0.06192213223419906,0.7289565448494635
peppe,0.0018627605390514296,-0.537054080343704,0.35695908204999227,0.13007000818548162,0.006699887384302149,0.19229272409639325,-0.003969207086120843,-0.5069918476551115,-0.05613785251976567,0.0776434161665199,-0.05239725802979454,0.25663856969463,-0.09614385887938015,0.10186766086291592,0.038755957807485114,-0.20800459172309144,-0.016629013775472594,0.28114716105544196,-0.22728708667298617
peppe,0.07346198458320423,-0.00990131190543131,0.020504722046500095,0.0033264248879678196,0.9993436995739255,0.004550142920250196,2.033942135255964e-05,0.0021095750484796194,-0.00030945774916850877,-0.0009932530715943248,-0.0011556102073006318,0.008709499274817584,0.001944294354285073,0.017662696240987947,0.0027700047895344066,-0.009635150783595546,0.014301325727899947,0.0029465850320572642,-0.007051759290142907
peppe,9.185476464145456e-05,0.10523073464980283,0.029452530854374714,-0.17323126164938396,0.04700852119357382,-0.050936138219868844,0.04655464748416611,-0.15735761572105642,0.087046938997996,-0.04513896299862718,0.20654444881345624,-0.2025360890255993,0.0057422272083886014,-0.3265661765721801,-0.433154856486913,0.02460362797878795,-0.1868855525364195,-0.06796276378983539,0.7060939717172192
peppe,0.001986114723336893,-0.2872110666577691,0.1820051142360526,-0.11474754395372558,0.09427583802117753,0.3547666410403032,0.0002342007222758916,-0.3588806676646763,-0.07449579752741192,-0.4360950184736388,-0.04365662100393868,0.3939341615917888,-0.09588922561410862,0.17292523051182954,0.12309108882176394,-0.28719886397359556,-0.2030886223329487,0.1908505032763007,-0.20113267299992882
peppe,-0.0027801744153657347,0.0510772497771176,-0.02439307545175573,0.3935230807332228,-0.20272653544661093,0.040386888919435204,0.0005585492960992633,0.3096524382181105,0.4324454230022861,-0.15415913166636355,0.02154281607479434,-0.5181558758979059,0.31852006909923225,-0.026404862346214888,-0.0527996999373613,0.2272494354729999,0.06450967053957317,-0.16772530098324573,0.18633909389980216
peppe,0.0045729962455621515,-0.03290516710597075,0.04830635294653951,0.027863494239379664,0.03568944253597967,-0.07140437085206594,-0.000131737232183876,0.004932522982655145,-0.167318448281853,-0.11413511568213122,0.013079338650026603,-0.9471893113476929,-0.20479811368383707,0.012537630403414412,-0.007381877731623119,-0.003518367573943191,0.014645580012002687,0.04191073579132839,-0.08314097995684913
peppe,0.04194455382174981,0.023996652694827945,-0.0355517282161029,-0.14342592241828805,0.13977426570832563,0.2344965714652524,0.0009867624650787108,0.19175268084546887,0.11972974433703518,-0.09800509426858262,0.24950186346507214,-0.051129175539648054,0.10653912005965904,0.09740347697700036,-0.2995328244826155,-0.03435877297231668,0.25368446329444677,-0.6121896645762611,0.476043751911961
peppe,0.0022778562664189685,0.08863349052486307,-0.09606578715175362,-0.21637581880014495,0.20835669681232197,0.3285090054222865,0.0009077231358333027,0.15669012823074263,0.11529052906333391,-0.06643789533633764,0.05618655606570577,-0.08668224493381489,0.11480887525280925,0.1443484391304604,-0.38720963545101716,-0.027419714256356774,0.14433852074187725,0.5122153724063203,0.5137491067722464
peppe,0.00017766646151122392,0.059391673592594715,-0.03861965612766362,0.016016654313874234,-0.08053704336238293,0.10566336049761069,-0.012618817676754478,0.11968498094575705,-0.11121750766592871,0.1962188448475394,-0.18980976937548777,0.2751872190431231,0.2587626042566982,0.11066493018820917,-0.10007741347218031,0.13412685998789572,0.08146104196499931,0.46363181500868106,-0.6864126513442732
bigw,7.902584691971057e-07,-0.08099561633871753,-0.06816128199733633,-0.2123644515923247,0.23182845248408782,-0.13750980342869495,0.08256748207474067,-0.015646092937911516,0.05094552293415975,-0.04332523933267728,0.178410017660867,-0.08635018336364775,0.1779269202687959,-0.06344758649588729,0.47317618839384346,-0.16408290942702503,0.5946343417617271,0.31537717357476647,-0.28401629857969746
bigw,4.0987021906456635e-05,-0.07041152139845994,-0.12139392758312831,-0.17637007337603447,0.23888377466734,-0.023833571516627614,0.0224217333331856,-0.0087068197440533,0.026861511776823478,-0.002303340776960616,0.1688617057898302,-0.10127657836487489,0.3169498357378244,-0.009334017180825464,-0.1694799917329952,0.17036847978556532,0.44923377174119,0.26891528972197654,-0.6473558517367692
bigw,0.0007653047492486538,-0.12373432275343048,0.16041605206069942,0.03319532944582497,0.09027237926081948,0.13547698156462548,0.0009234025016085653,0.045619721957219556,0.05087493599126745,-0.08864699156698372,0.026143814712626303,-0.08217822148244698,0.0852493382407104,-0.17082600446524496,0.03623582928202763,0.007618278069556147,0.9337321612307224,0.03616434634154409,-0.02006209966334967
bigw,0.0008314051382466331,0.18886039903932317,-0.0794555895669864,-0.25256712167810974,-0.013841210629067156,-0.24643520964839546,0.019224479299725955,-0.45125520260784324,-0.5308252883952814,0.28839506984638213,-0.27177984647568765,0.138838343357203,-0.19932970690337715,0.22310913390616366,-0.05564146883713817,-0.0010684457078497197,0.11165630086289698,-0.19519431245806065,0.1674605110279483
bigw,0.0017295627257067749,0.035345331686616625,-0.05937921428138693,-0.033519103640855176,-0.007884884934901783,0.14073095131134367,0.3664681573245833,0.07633885742503102,0.05134225886782239,-0.08282002032074524,0.11829772227643834,-0.019671766783953805,0.057797129739878605,-0.41831147065291135,-0.5146056404787012,0.43519396558237017,-0.11700597773732957,-0.18975138019390178,0.3577668753138382
bigw,0.0056308434998072945,-0.16149335010372118,0.2566148461456087,0.2679889837381276,-0.0007225608795374568,-0.6014492908664958,-0.0014932740205057641,-0.3712574490531852,-0.19326835886961963,0.4442666120517585,-0.18649441057586577,0.12054912532878877,-0.14676974571076293,0.10483959091261229,0.02370517899947916,0.007500296928252327,-0.10448783579219818,-0.08259717368984602,0.04178398485342856
bigw,0.0009651412430200781,-0.13006697086175523,0.10713634823360463,0.01934221398914511,-0.03498207014610968,0.3470299608141364,0.29642827953396517,0.29457091129163443,0.15945837095231002,-0.10322243286057475,-0.13624074035332567,-0.17675718991429568,0.11704881968043165,-0.38445946994372604,-0.29093176550640204,0.11103764304918558,0.3745508766437793,-0.3516026414794177,0.2581773724044044
bigw,-0.00023052689644056842,0.039290897891128614,-0.15114152537682257,-0.2452178314780362,-0.22803796238513804,0.47254701403601995,-0.08946230011196449,-0.07895685570145439,0.058511038858576524,-0.22793245328442144,-0.3507828156739443,0.6122207298087432,0.02460019093478162,-0.02610854087125865,0.03731451982083126,0.018828864198556134,-0.24429586768907918,-0.09316014623872271,0.03617235775866622
bigw,-0.000127793484168106,-0.0763828149554046,-0.01508305909799922,-0.2571587388722018,-0.10249092416299818,-0.13845575784651973,-0.03179380820987899,-0.030192571434854328,-0.010301762160625769,0.14857872651741624,0.010894551118239329,0.18193615254678833,0.05308734200406873,0.0737308706898303,-0.5953981742316399,0.08740034725499818,0.3431431177499766,0.11792783335963229,-0.5820335212727853
qwe,-3.7405802146572727e-07,-0.004346459505542257,-0.284022225953775,0.20014714920110369,-0.050751986948018225,0.04404478977830925,-0.008259567182419778,0.10457405342819746,-0.022575741869390212,0.08160648483322376,-0.09733307044510038,0.07172314202934224,0.05189374203456435,-0.08905196604357823,0.05024867333721666,0.05762898194486084,0.15745255006277928,-0.16310257561062202,-0.879820280284008
qwe,0.000809867530280158,-0.09391838120700123,0.10451925709689469,0.07461852926212413,-0.0058301845247607925,-0.18138025078609463,0.12056712444000178,-0.18555465119642287,0.09498884162974394,-0.06767179081013874,-0.009759852128677027,0.012913676908183385,-0.5208818814214777,-0.6833986131489684,0.07123091817570018,-0.08565030807446075,0.08281314332271461,0.1755568049174688,-0.3008045807499324
qwe,0.002048524679662128,0.024886570057853732,-0.009583482518914027,0.016240838359544898,-0.03062258394265928,0.0058011947488919415,-0.9945727341982653,-0.012136842037942155,-0.014359605119082144,-0.011208842257547398,0.007782237645538261,-0.02194131492258302,0.0008747069192688632,-0.04794116185283687,-0.05152315314492693,0.021780915000621768,0.01868945537996468,-0.039399564621271754,0.02297436762138847
qwe,-1.1745673768637908e-05,0.005832935695241017,-0.1150220061115902,0.23177674190581918,-0.11118021718082505,0.06860871609185026,-0.06425813206662569,0.06765718655224412,-0.0034211849152954764,0.03239693806102076,-0.1543065622092143,0.04088482730703781,-0.19186388056034084,-0.12528766813403674,0.038032743188667985,0.14042731024753513,-0.004471159701810321,0.20823424464932896,-0.8738654061749704
qwe,-8.567817578511024e-07,-0.010051568257136803,0.3381798376348836,-0.12107589302574477,0.21088719341807563,-0.14985702850087018,0.060931911280927044,-0.19240338819505173,0.0330074128529221,0.06686365634337745,-0.13508434037685887,0.01257357730658148,-0.0005451919995432251,0.07263438087172455,-0.03594830848396958,-0.2582126801765902,-0.0585218427984007,0.5047025738465087,0.6386344550201788
ocran,0.0003075319058182598,-0.4761632100345027,0.41301323203206686,-0.075660709172809,0.21810876189788103,0.15847887316358292,0.11348463629818507,-0.2127137223253778,0.02437737802126425,-0.09287923515786266,-0.0410381977553577,-0.10282473966164245,-0.13582690499252112,-0.6323752292680657,0.005171915595754528,-0.08449041192776123,-0.02073977129571073,-0.07285301919780404,-0.11585733370094442
ocran,-0.00013147692011592746,-0.38266583874770915,0.13271622526694438,-0.3259424497766309,0.2716937073782164,-0.1575251769866618,0.20286578340430647,-0.2835569548339601,-0.10210502183483765,0.329941578901745,-0.3515116053277111,0.07220439927743047,0.11688779210216292,-0.01783267780510568,0.2666277682299811,-0.20978550734825646,0.2827443197701481,-0.16149669268579037,-0.1623473771044627
ocran,0.0015535690017704424,-0.41323881646077043,0.26256537009913195,-0.11918324243500299,0.27304123929816265,0.0729230979969343,0.19337898424523184,-0.058977572320207776,-0.0031598357805048575,-0.09766107645551501,-0.03417905817874127,-0.07285315792975212,-0.10952709139871697,-0.638530869288728,0.04684097671520784,-0.09679552913748184,-0.0036929978518721192,-0.10570597150157496,-0.40847670864977886
ocran,0.00014791001013234655,-0.11824711439746677,-0.2837067834450433,-0.08917562907895758,-0.007714111431030038,0.02657795717603631,0.09985856178872808,0.17519561548609833,-0.20773024066461604,-0.016613147335265577,-0.06157044865599413,0.06463922393639782,-0.04987406502036408,0.435971204557049,-0.12507715307555656,0.014062610134883346,-0.01535722660165993,-0.3867037925079712,-0.6682601480432955
ocran,0.0006610807619031003,0.15550741266771625,0.1335601869532259,0.21916104981654957,0.3775599760648456,0.12022676061103353,0.09971940094210816,0.38011914445901773,0.0360996994907637,-0.17347991443344202,-0.05524467134117066,-0.10772677662122258,0.10171970653386879,-0.4940054593569985,-0.053916756794334296,-0.03868926939418303,-0.013325726301996667,-0.22546915071457266,-0.49259053997553875
ocran,-0.00034561163275434437,-0.12194017974881943,-0.09936900973514555,0.031512282140987925,0.030605636327478515,0.056917686325700746,0.27688732073190514,-0.3340584149859341,0.3340103313672986,-0.5533546121368756,0.34069674453663984,-0.3894470393474373,-0.07307136303333556,-0.15877463047541976,-0.1944774958216603,0.09338935559710733,-0.13116731938201387,-0.017699810789587846,-0.04132682716051
ocran,0.0027747330845563955,-0.07431315075229392,0.4087702893706867,0.1858208678796749,0.4193110290363805,0.2910374849835811,0.2496059086061378,0.015978731470251112,0.03569778569691578,-0.08707241504530847,0.0026179563142238217,-0.14529935380041561,-0.2507939651274951,-0.4875026990010762,0.07027342938369786,0.00438264110646292,-0.031303756037784534,-0.05905047691391324,-0.36030041752180375
ocran,0.0024082925066125013,-0.020976053034194267,0.2336951508702746,0.19090165443836343,0.5292952639812456,0.012277122379721912,0.7264484792493927,0.23618601870836936,-0.05672596903017606,0.05600398038180791,-0.043926216296831376,0.009827565770462903,0.04616039718928002,0.04379615460665372,0.02383817347787245,-0.052768795140590505,0.03400668694318672,-0.13521608479026564,-0.09729233481726215
ocran,-4.7093117595521846e-05,-0.13698544220712391,0.10982801955906318,-0.23101356464303466,0.002262418542316108,-0.0018213495482926972,-0.1307822488531813,-0.25052763981500487,0.07771193906403663,-0.058275100409713544,0.03310030292390273,-0.006243905930221876,0.010185715556397431,-0.6736273576152241,0.08560114149367132,-0.08861332128032402,0.002839289042620498,0.29698933099765673,0.5177751264292928
ocran,2.8877175404764452e-05,0.023510959439033908,0.2770667825702432,0.4219118787442348,0.47180429739412755,-0.20906539651443853,0.48344007528970984,0.020801720186905168,4.630126928429421e-06,-4.550647803474175e-06,0.0034099696724197996,-0.3433229090778123,-0.35412893810566926,8.92546413810266e-06,6.33131640138414e-06,-2.081199023332901e-05,-0.010400610407821363,0.028622018730391222,-2.227147740385223e-05
ocran,0.001180629814833193,0.6682581150655893,-0.09568932748917192,0.1868548174410266,-0.006713569988809029,-0.6363811562408725,0.2294110915286073,0.01232507502392402,-0.003096321065169806,-0.0030481442275945058,-0.00158050578580153,-0.15812200639587629,-0.1622239055016125,-0.001893845260241563,-0.0030686185537822726,-0.003029768162496996,-0.00803948883727546,0.011163988787118068,-0.0007249976521629893
ocran,0.2631398215931842,-0.07573881505501386,0.9307524886836972,0.15297190847887715,0.03804912030545044,0.3097836987394065,0.03737416897905526,-0.02435816398659807,0.026277117808707458,0.025868262134514743,0.026595850739206305,0.017687265700998784,0.01055285792399833,0.016072233456222884,0.026042018754053278,0.025712312535857335,0.02805589249210074,0.015665140241588986,0.006152736849942406
ocran,7.140113225258428e-05,0.7295412208993244,0.5362278035687758,-0.35823725149550756,-0.05474225250513727,0.05748289282664185,-0.10811725208530999,-0.14466688770995376,0.0671639585316571,-0.09124313519114641,0.011594211071705225,-0.0011786462649638427,-0.002096750307265384,-5.2401464241052036e-05,-0.00016138374403117917,0.00015992742739402696,4.8329381070557614e-05,-2.248440233627467e-05,1.0832913193576023e-06
