Username,Adjective,LogNumber,1,2,3,4,5,6,7,8,9,10,11,12,13,14,15,16,17,18
pedro,-0.001355583659557991,1.0,0.0557784392202343,0.08929185292419584,-0.007444066068454187,0.01240751031455475,0.046048834211267056,-0.2734033751248353,0.2073311259911588,0.015731448648777027,-0.0034534397559903567,0.024704864059127547,0.20405468366836282,-0.1387592250582043,-0.6697832022681238,-0.22843842241165868,0.36427604231659577,-0.026689163442425324,0.4143805977283087,0.03426113286431033
pedro,4.986492151059295e-05,1.0,0.09081608911201709,-0.06512356370495309,-0.10491720152257089,0.12288171583765105,-0.03333320600067947,-0.00822506622461319,0.15359667563217272,-0.286615202947052,-0.31775674804388465,0.0023578890768244996,-0.1601308983552529,-0.8429756607152792,0.016057026359892177,0.07411866099005306,-0.06100129957922199,0.001098430248581374,-0.029219963386952413,0.0832616441525628
pedro,0.003579791653588573,3.0,-0.18034401001101058,-0.11626331611304608,0.0793080038749407,-0.022977625288622034,0.015467584236412783,-0.16542408619225255,-0.12482564669280996,-0.0019156456750368436,0.4054224858144189,-0.0443393658225591,0.06291923518067015,0.5079896853322198,0.5252054843837851,-0.28867763157925663,-0.19544799768415874,-0.26324165225149415,0.08771150975649039,0.03522738228953996
pedro,0.0006404167045518672,3.0,0.15301734941496703,-0.062032271915456016,0.010527278372272821,0.08098192552587873,0.012162084467055367,-0.00347480461526803,0.12941608550535577,-0.2065200856876526,0.11153141412350312,0.01950170407661035,-0.1025848238291264,-0.8891593214168835,-0.19961884632522503,0.16249952022358236,0.06671098250880456,0.13993426141144952,-0.04345880875626267,-0.01969305047499173
pedro,-0.002101011174613222,4.0,-0.0409165277252635,-0.04982761511798539,-0.4788578914504727,0.05318306904969388,-0.2332202003786363,-0.10234127194048365,0.05110391036416791,-0.043608932872842295,0.14357810422965736,-0.323017764697041,-0.06695059522025013,-0.1361571256540807,0.20216702313615142,0.004096882532335456,-0.5067868629785952,-0.31866333667294433,-0.38342266542906017,0.008614576705648056
pedro,0.0002962142087962243,4.0,0.0005941796474756403,-0.0985319768147819,-0.08812579553553744,0.08683165903756154,-0.07025435740027176,0.002923282012553885,0.076488403606154,-0.21566412790036474,-0.6594656674906348,0.008584164377207121,-0.09950746942903618,-0.6753071526945547,-0.030664229356449507,0.03395239441375425,0.03258461047999981,0.10958880039416408,0.033420771304569656,-0.02208800444379721
pedro,0.0004100533821118124,4.0,-0.5806438782251505,-0.2602136487660355,-0.05501366371921761,0.16199410533429437,0.5239922028682161,0.17058864899137768,-0.20539525507836964,0.04092455208999668,0.09145274649887589,0.15014257037763365,-0.22450446686623338,0.104720715404959,0.07365348337050828,-0.03973423312094406,-0.22280921362574505,0.004332854493330123,-0.22621078015249327,0.13501793694571707
xxx,0.022057439039573478,1.0,-0.11384987066938641,0.0295386916960646,-0.012266678195714779,-0.032990746166729826,0.062455966108599326,0.0777245084271994,-0.001653499946020625,-0.046166449776927194,-0.09392530607934022,0.03879248572825809,-0.11266078427917173,0.1229812904236833,-0.18430432733483443,-0.04859554197435998,0.2899625982507003,-0.0090168476558059,0.017030294478029326,-0.9021795636374943
xxx,0.0024248523673236965,1.0,-0.015989226982598186,0.0010802113404650981,-0.0027461464159947288,-0.0031025058700979323,-0.002567745147288526,-0.025600752086609294,0.006694561411055359,-0.014701326342744733,-0.033598204693441366,0.016496055557670832,-0.042367690511254025,0.041227968406709184,0.004327919984467986,-0.0009392380644172895,0.0837785146954975,-0.002540195381533462,-0.021469528262478832,0.9931774772534823
xxx,0.0024700447832442973,1.0,-0.027534259214186313,-0.03352397231561399,-0.007417321364259372,0.040777902677147856,0.01827233200150692,0.9665142580182219,-0.21631645284344328,-0.04805741782247196,0.08547131839896563,0.04723455075447524,0.036559589599545125,-0.029718993862414042,-0.005321873156983617,-0.005596248270259848,0.008751369238782638,-0.0014415557252514062,0.024004264018738192,-0.018529997060423516
xxx,0.004856247595045094,1.0,-0.05971257099238299,0.014238947708851812,-0.050330351333085804,-0.008900627099664027,0.06149078172321141,0.03517982385027677,-0.006824362296215321,0.011672708176440689,-0.003582384288706723,-0.01277750185745913,0.04254733061554846,-0.0027794646802996328,-0.05300174165659505,-0.05458301707157289,-0.0517791806087724,-0.002716906888760113,0.06908471332039931,0.9864958102368396
xxx,-0.02042766544610505,2.0,-0.09494837062248054,0.03145227561780556,-0.05453016465443257,-0.024227099725399118,0.08267100904518108,0.9686541527740424,-0.0026707831798751143,0.020441526797931146,-0.02787954879210999,-0.025847961570133623,0.07100579226263024,-0.002983939816339954,-0.11364132211623347,-0.003909662803294524,-0.07504180242242237,0.04312950461182592,0.11074387564557925,-0.04127150246110879
xxx,0.001066884786797348,2.0,-0.003580766017732202,-0.00031984631417439346,0.006386464096102431,0.005289517293754659,-0.0003012678504189521,0.9973348412567028,-0.0050060916993174935,-0.0152281745127487,0.02216754659928263,0.008860519464722742,-0.002654677481997373,-0.04234805769899506,0.002539321910356064,0.01541872152124624,0.0034459928163932314,0.03339522125046015,0.004277017223803514,0.034993819327615805
xxx,-0.025150236645551185,3.0,-0.07507113146586224,0.024147947740565723,-0.02657119211924771,-0.01906059008658124,0.05471503294409834,0.9863981550223571,-0.015278669435321125,0.014499834616690962,-0.016702040531796015,-0.011157051618100072,0.02315789914338778,0.04623576263268253,-0.06781332060054528,0.011954095323021465,-0.04282036196162915,0.03204865552513386,0.0649062130989819,-0.03742451640508094
xxx,-0.0005656346653698902,3.0,-0.008973804632499097,0.019922512518660285,-0.008108014294792635,0.1425763952680667,0.007556197834641951,-0.9802116535365558,-0.05137371536217169,0.03743188887130354,-0.036583621307083106,-0.09041944046092278,-0.018334198136226224,0.05767640714590734,-0.0027919488350061855,-0.013489295359591926,-0.011441662052632626,-0.014240724195705197,0.0037027152237858315,-0.022416195154735474
xxx,9.703864464930026e-05,4.0,-0.0017243121451643352,0.016210084149096443,0.02827200899411494,-0.01609079483277995,-0.0025302654658366517,0.9972358851103021,0.04653554272036361,0.0164138163625638,0.008108815748518693,-0.028227290775562464,0.00476343242189754,-0.0024840589034614206,0.007619310871441826,0.0030200542766282176,0.018647160473055327,0.008230934255002731,-0.004084867827779222,-0.019092865988419035
xxx,0.0022523217561295954,4.0,0.007133813753899316,-0.06781792390177044,-0.009145145648984108,-0.9226694498326461,0.0004591650250038396,0.23393854508671488,-0.09448126101689086,-0.12717245185767206,0.1252076980616646,0.0854896001088579,-0.09404851273897955,-0.1774695952270251,0.005515539531014084,0.01852713994709119,-0.001048693519720698,-0.0015394255351131026,0.01802522733358846,-0.009603217759935185
xxx,-0.08092154995570375,4.0,0.0027157410970422013,0.00621457911130471,-0.021406197525792887,-0.002406021775180325,-0.006482788278683652,-0.9988175204756436,-0.010385474940376789,-0.00487713033274671,0.013512283461160624,0.007126744478855415,0.0026126891466342153,-0.028240855176477318,-0.016356671838779757,0.002254744437163805,-0.007221413040104959,0.0008747641516449762,-0.0020160654444320745,-0.01767856948337887
xxx,0.008859554461628243,4.0,-0.03884859594613863,-0.0013143788767870923,-0.02865678552581136,0.008509298726888064,0.0562284906587863,0.028973808298795953,0.014597816390428646,0.015796870300227504,-0.012613877344970595,-0.012090685063766395,0.03994565605395589,0.014789446969795127,0.011114257149873089,-0.09291569991098517,-0.021547221632721568,-0.0007831314675117439,0.04119309047580943,0.9899966559993126
xxx,-0.02426654413264763,5.0,-0.06984038992737313,0.023874893803119412,-0.009281885023063203,-0.02217017449216766,0.06077093904739988,0.9832626857981785,0.05835527470376046,0.03494732161357813,-0.008021700167271825,-0.030886199715639214,0.055087202627625606,-0.006731647098357166,-0.059487404422055606,0.007767289058480291,-0.04728354541116158,0.08201565363477581,0.04184191512200175,-0.02095281983706421
xxx,0.0011350977450977479,5.0,-0.005367866815048863,0.014530857081354265,0.027543211841059553,-0.01606857559403801,0.0047837277403280365,0.9981251387523956,0.009994638503588494,0.008338797525878832,0.016773324217127704,-0.018415928661487817,0.006619776656325339,-0.00978585099463889,0.015167878969216139,0.004708113666167897,-0.004030487428801367,0.034239995665376964,-0.0035085988322976565,0.009158008169157591
xxx,-0.07138390645380925,6.0,-0.18052117918902277,0.062431095704906826,-0.07777628628934856,-0.040187775831649196,0.1731924918777215,0.1987263426748546,0.10939114551666337,0.035013963812410266,-0.04571111821143039,0.8563910045676821,0.07519765440423407,0.04031942427095471,-0.2033889727588147,-0.06526401572113004,-0.1719287124188349,0.15611419028760137,0.15886087949405103,-0.07483505464858431
xxx,0.006631286535099188,6.0,-0.08289504673904428,0.029451957748847124,-0.026450902336378007,-0.022647274175352474,0.07319928486734312,0.13018840057988332,0.07020352790163369,0.01646084665772681,-0.026490160594141648,0.970035883444072,0.035348769899042516,0.016071495078848558,-0.07374785981678426,0.0020282915818433033,-0.06615006562850675,0.07944377755726915,0.06219360652480516,-0.01909375994384366
xxx,0.0035997797630375385,6.0,-0.0012170445325383082,0.01395031488318138,0.02656959821070808,-0.01230189570976779,-0.0019426882695221148,0.9975783933934255,0.02962343573865279,0.01044982262211522,0.014902791163348418,-0.027034868136529114,-0.003832922478005606,-0.0019875840602010964,0.022074552176073126,0.010182031492495554,-0.0012648286408530746,0.03456762676275282,-0.005210537173152871,0.0026845104321580955
xxx,0.0028924498397997762,6.0,0.010224009734116581,-0.07377958735035883,0.01452060491929114,-0.9396464504124862,0.0011900513987367816,-0.02985984639576622,-0.07260991429920136,-0.12417523764305895,0.1877103274020719,0.06149918652266205,0.006084057875053246,-0.1269210479326421,-0.04624700002047536,-0.17745514897205655,0.02217764166988103,0.0016876524776916046,-0.0026502298229193503,0.02066172104369541
xxx,0.0013939632068556951,6.0,0.015116445824688114,-0.020946222258999114,-0.040257102750632504,0.028435219305896108,-0.05183279152509253,0.9703470810772824,0.0498650516423037,-0.010725119508091218,-0.09268459632838293,0.009499047198515504,-0.09207738097392817,0.005693154532025742,0.1354714428799315,-0.036237538599576326,0.09538349189129951,0.00010273307704108597,-0.0627885589844276,-0.012020298470082437
slasto,0.0029578941092826745,2.0,0.010931700711228873,0.0045345555245218105,-0.05678639774044466,-0.0020097709798988775,0.06360996734030978,-0.013908925741808622,0.06362315450470828,0.03345548199077759,-0.06278656160307926,-0.024735024562577115,0.012424088451501815,-0.057253866665570426,-0.09495587257225839,0.07074710944932658,-0.15729020577790673,0.969652837876065,0.007162562391360006,-0.014074622805243709
slasto,0.0012191361418758834,2.0,0.00783405854749837,0.007233125772048932,0.044599597018563,-0.005366199343914232,-0.0015753781337470303,-0.9940290863241399,0.046398049913682474,0.015646198236945866,0.007425691935384782,-0.018806628517625372,-0.027419442954338746,-0.023439670731627595,-0.03669887458885154,-0.012380504654406575,0.05624115904266771,0.013551623613033683,0.00364029853711868,0.028361518083526494
slasto,0.0022566327294095594,2.0,-0.1268725470722535,0.20339280533012738,0.18418340209503747,-0.05662838762885198,-0.07949405330161101,-0.09368426049587128,0.12265396977934315,0.03443108163190775,-0.009769941079629021,-0.11055385103764401,-0.08998259800931174,-0.06980259150231946,-0.2795476463514434,0.24738506700643093,0.22689589843896255,0.7952933841561435,-0.15959983952253334,0.0005700778560448454
slasto,5.106338139672146e-06,2.0,-0.03621126043607334,0.004206796263310886,-0.0281844708359008,0.006846532804227864,-0.030533263493713873,0.990003802721068,-0.040323522436833265,-0.009816115724111452,-0.020969092162167365,-0.0617541155216772,0.026380624665626216,0.016391482309469237,-0.01604890885138078,0.06417470709667082,-0.0281629268399798,-0.0532368888724152,-0.02611480888024514,-0.03412482541452159
slasto,0.00027856956323211735,3.0,-0.023452774176791976,0.005643213700960659,-0.03247059710583246,-0.11020831628225299,0.06905192868329822,-0.6986950908573923,0.01651956761151549,0.0013673205885401827,-0.016578876105696718,0.40060308118476284,-0.01752266914500545,-0.019306533028302958,-0.04600242431927447,0.02820441324763996,-0.054696410619347685,0.5697328557643889,0.02592541725816852,0.019789060220495498
slasto,6.821968557564526e-06,3.0,0.012686331235975536,-0.08714138858621412,0.026103823300385368,0.05546973263735187,-0.07124805479281267,0.9641435889618363,0.0026220912684944745,-0.019655483534295737,0.01312815597550327,-0.015516474072818032,0.0013816846053510787,0.00957682736558385,0.002484691690174619,-0.050367195633492554,0.05347919050740917,-0.21644730093855044,-0.022853023408174022,-0.012778690520975657
slasto,0.0008618792462546223,4.0,-0.04321521360786306,0.028897362837420282,-0.030218763286691912,-0.02111136783240917,0.07437952500208243,-0.8362977403972983,-0.012135005159590404,0.01214833268792253,-0.034501405621642646,0.09948350137556769,0.006625213613388256,-0.004441982860153282,-0.04408581297626379,0.026058424225450467,-0.078546355923593,0.5202520875470797,-0.006896151678649595,-0.008037346655076877
slasto,0.0005073897368045409,4.0,-0.11636025333513841,0.07689289961755841,0.09127722440222599,-0.07614885021578291,0.008127225372639262,0.024839217213130583,-0.10338364844952494,0.056793023188926386,0.09561460162444022,0.5502429780171653,0.07670356406503898,0.0919932356817396,0.03024794077836107,0.0347209572530877,-0.008311226274876035,0.7893858207317379,-0.013864379641765411,-0.007314114505222828
slasto,0.018887612449294173,4.0,0.026330529129335128,-0.08054899209449606,-0.004393313722218474,-0.9588550836194707,-0.010731122592667435,-0.015545282829429095,-0.05767720990572031,-0.16954920833586765,0.07695044089931254,0.10023307332210059,0.06950616654672297,0.06395698976169294,0.004436602306053692,-0.060121276813647005,0.05403221536709349,0.05420031010535025,-0.020400328913302762,0.07854018940461924
slasto,-0.000515493761416001,4.0,0.048569186676131804,-0.2282083320267677,-0.02250694077034979,0.28844154597165744,-0.018630635582799072,-0.009433131219466926,-0.048678014092735276,-0.6286918929570187,-0.02904231490011459,0.05506061033212455,0.409000425057333,0.1516235858352655,0.07310950391399376,-0.20940014988623498,0.18498525976590643,0.23660963668109186,-0.183469007405298,0.31079514433682215
slasto,0.003205316411267284,4.0,0.019440632953615374,-0.06018512545871901,-0.003510046611573061,0.0774056708956607,-0.028690617587273124,0.005669756003160322,-0.016883139305123362,-0.13470949293841927,-0.005057870698363705,0.9709569078373506,0.08888226029813703,0.04555012433487036,0.023456395802471382,-0.052639929015763365,0.049645520899350815,0.06357145826376011,-0.06305512706329205,0.06440479727489047
slasto,0.0014248117994850437,4.0,-0.02610406111347195,-0.003594573973230597,-0.010820775035334523,-8.961418711354081e-05,0.09145445498611462,-0.9918730969568762,-0.008930564347410117,-0.006990724937055579,-0.011370103350248038,0.013790503393565072,-0.0022170268211999643,-0.016232144773077065,-0.04433075444262864,-0.025519857909263675,-0.03349474309681698,0.04325474135835299,0.024006671598267828,0.010500102882073129
slasto,-0.06966565164970742,6.0,-0.0592985405313602,-0.011871105210522452,-0.01932378355504741,0.01903261684670554,0.02862477581967487,-0.01959495081232305,-0.027171158561313916,0.00974242263899205,-0.025449502425620968,0.9900932414349659,-0.019177767848536472,-0.02218455256698878,-0.056861425072341015,0.054288984993964666,-0.06110958730317037,-0.039296828618981164,0.01104991138127165,-0.0140392569964533
slasto,0.008013669056114177,6.0,-0.04900993578097274,-0.01112711774955255,-0.015420888829429748,0.01381735395624971,-0.00215155302844742,-0.02325760133557881,-0.02402605005581691,0.004405945015430027,-0.018116244473686975,0.9900652864739283,-0.034297356350349806,-0.022997518016123774,-0.04264473133337489,0.04450070324500431,-0.038066538935566156,-0.09010592373072283,-0.003813122373912303,-0.016095122479094906
slasto,-0.006574186786719773,6.0,-0.13337540669053777,0.0990869243141641,0.0877133330642139,-0.022488984576257722,0.009848185686440662,-0.352914254276805,-0.1156585319744636,0.09353221587376791,0.09151642130977279,-0.06695422835753742,0.04846764367120292,0.10050323445317545,0.004198550598600123,0.07315466917963448,-0.02505311451662467,0.8863458963576303,-0.015146886176747025,-0.016711229970557743
slasto,0.0005236503916600509,6.0,-0.09945837413176953,0.09199387199679454,0.0690421554490608,-0.033630677774113084,0.004357578284360724,-0.8243062496073101,-0.063441473957582,0.0960566332245225,0.06063357671925915,-0.0743145328259075,0.08079905205355119,0.04227443367491007,0.004790852988293222,0.037598723314971244,0.0037861921625502834,0.5118602833169976,-0.019912750659297457,-0.040406989670856
slasto,0.002128008949922218,7.0,-0.10200770615194453,0.08809243601306438,-0.3831748191261037,-0.052640876156366465,0.46855555844807684,0.033615891400982506,0.01961216586096109,-0.03714817026150058,-0.3596503318842586,0.06033327092803976,0.11681197851150384,-0.21873813189879301,-0.2904342213338428,0.24124653301788995,-0.4916117322605927,-0.17308209451080234,0.0175426382441905,-0.02867285569250953
slasto,0.031194126769662635,7.0,0.12463409736445916,-0.07544714143709072,-0.0860081030640624,0.024858749517035962,-0.01432485169058814,0.39341592138413195,0.10784280383591903,-0.08591625381661637,-0.08742148988146632,0.07371956896500767,-0.04581138958446988,-0.09932885018221072,-0.02803525876453689,-0.04543212160795422,0.012596946800849025,-0.8764071352230607,0.016799886771263806,0.01852897303557662
slasto,0.002732794104227378,7.0,-0.08522694689927614,0.060092876926002514,0.05738820253208898,-0.03547148599679703,0.016980446730794966,-0.8107665047741593,-0.07335374846736704,0.06225965400468551,0.052578012916205445,-0.04301401185578348,0.02470908057691431,0.06353348394433302,0.018684342468168785,0.02726322230528958,-0.007606995464288868,0.5542063796427555,-0.0037484966350789088,-0.010731826476784858
slasto,0.014590947246769214,7.0,0.033355548130521814,-0.08308796025776854,-0.002121003107594581,-0.9482133080522203,-0.07559326410541653,-0.01598033299443086,0.000958267109957132,-0.19048331610966382,0.08905269265971996,0.10516641949041479,0.09610424360371951,0.04159028596716707,0.054961080768843436,-0.018022792472069504,0.05505369371166864,0.03670863883672437,-0.1120734866685469,-0.019383519615218777
slasto,0.005450605063946238,7.0,0.08714766623749541,-0.19678796725647507,-0.034309127564214094,0.2690701722425769,-0.19304099340963116,-0.11478173180307637,-0.03311906595284343,-0.609547103508549,0.010790000433993186,-0.0717705912299599,0.37673520173108543,0.26497170231969513,0.20441656800938296,-0.028269143281202204,0.13519833284700913,0.14753472694828082,-0.38697329398470764,-0.08505375585659593
slasto,-0.0027209126015584977,7.0,-0.05207393838708669,0.07258391753239313,-0.3145375339907174,-0.045573490691811554,0.5392063713923613,0.05974331442661591,0.03118858074113119,0.02361779346176413,-0.2368534808905081,-0.027659754823215997,0.13597943394660006,0.4836309721048122,-0.2238366186783818,0.05922644342989898,-0.4804225164711939,0.03629573153901489,0.01286170381085499,-0.003551869626248624
slasto,1.1102230246251565e-16,7.0,-0.02230313417532823,0.026019270989348146,-0.10832091306330477,-0.012489465999077777,0.1698983856720866,0.014924128215999559,0.012896687656058893,0.011190991646428351,-0.07552589645491002,-0.028508115954961555,0.041924976459214336,0.15177331229177463,-0.08895269082468012,0.07020063299800317,-0.16245478972977184,0.9417723685926259,0.005242375860873292,-0.0071934451012030465
slasto,0.014597624944669162,8.0,-0.031590844450452245,0.033524433816550125,-0.12924683186269442,-0.017525775279559994,0.1932065304255355,0.014825621526931612,0.0153517454275029,0.013035654458035737,-0.09019881095399171,-0.035330456524007535,0.04960098562175115,0.18023983254620063,-0.10827254742212117,0.08890233425449794,-0.18874610163580408,0.9182858818974372,0.0025779130080010406,-0.00860692005206929
slasto,0.0009468327460101025,8.0,-0.23855394336806363,0.05721995360303389,-0.035054836060516105,0.04140425137566426,-0.1883338227624414,-0.21312124957611717,-0.13828134051017976,0.14773089669608755,-0.0675869816563265,-0.07845230313243018,0.13593297238828678,0.6028263170040977,-0.2863319397830155,0.13336278729124165,-0.5190141078266605,-0.2265108827964856,-0.029645895317847455,-0.03323966332725647
slasto,0.004425611922303197,8.0,-0.47708013128674354,0.2415490876819868,0.32290741338925294,-0.010355393089080534,-0.01324763754460372,0.06339931563790054,-0.413689866236606,0.2812538387205218,0.36299048719750904,-0.0010348361967849778,0.010058376476550588,0.3741979461604139,0.05959825298038725,0.08721976269409046,-0.08986682144426333,-0.24021506603765083,-0.05262144355313793,-0.0603169733634803
slasto,-8.344788697020173e-05,8.0,-0.057780975835792114,0.2080933291387343,-0.06731428421492296,-0.29136596425649064,0.3723541092824822,-0.06863231492266358,-0.15955576301381066,0.2911688313569498,-0.27557572908651085,-0.5558494351845575,0.22231043558340133,-0.1240667134328733,0.027001849607593425,0.04425132767262612,-0.0823887363740474,-0.03408796451630654,0.3836614354753373,0.052721472181549316
slasto,0.0037158278997942817,8.0,0.08913022498659881,-0.21454822128749296,0.009009762339851233,0.2541781120312628,-0.30940362156981466,0.04826114816138074,0.39882250535331537,-0.3635406870275716,-0.07272727839996936,0.021092464015297296,0.2935336019050987,0.06911426281540714,-0.001845045318731627,-0.21428121717640772,0.26495001664878737,0.07655022668374682,-0.5225842690990737,-0.017626599844982577
slasto,0.001679753653838178,8.0,0.027688798202586448,-0.09187781137098561,0.008409244882794605,-0.9267887088539388,-0.11263367139967102,-0.022880600779107925,0.022218553519132565,-0.20596261868842572,0.1057705116648231,0.1042367730918878,0.07062776292655654,0.05418068051540588,0.03337135487204221,-0.07657212430484416,0.09335876624152906,0.06085249800129169,-0.16151649955892214,-0.014131729109989253
slasto,-0.0003050099898145327,8.0,0.28037135796813434,0.0804457249586622,0.3865648180319889,-0.046794984433776464,-0.3853052100572954,0.004467925348011947,0.3583550296248572,0.033925459940182506,0.42740758535298534,-0.13766942596232848,-0.07428113954281491,0.2867297549491007,0.2594725082546088,0.09046861606388307,0.2223627484596762,-0.08530458559666657,-0.24846745669806677,-0.043800425695251444
minestra,0.0006017582155900977,1.0,-0.12213509531131388,0.03192233126805866,-0.13365563690972157,-0.035880036014841334,0.03980483506413121,0.06063049080238448,-0.07595869196350147,0.016479015399129448,-0.10556247021378312,0.9331954982066358,-0.07958251673958751,-0.0006448386408116587,-0.22584963254477533,0.03503400497965927,-0.09256257497328112,-0.06162318598390914,-0.025302620758990035,0.006248287545446975
minestra,-4.241842522405023e-06,1.0,0.00924615552243742,-0.0006928903944007914,-0.014125583889730276,-0.002271218835320869,0.025895248590840546,-0.9967368067649209,0.01207095032157425,-0.0011401666127289025,-0.02408568685029824,0.061408797440317416,-0.020067680668363126,-0.004206973959060288,0.02253941892619657,-0.001223491640952599,-0.007423245532437588,-0.0052722772018885585,0.0065627187706125065,-0.0006633453975333577
minestra,0.0001040277742118185,2.0,0.018717586459532413,-0.007617491613639338,-0.008062634494145753,0.006899131170635283,0.014322711783624676,-0.9975607749106455,0.033618527755131154,-0.013644731526316263,-0.005545562443606434,0.0280528470169648,-0.023385215842844132,-0.024796136358235726,0.015341625857616094,-0.01412880072578786,0.010551981266776481,0.010126899418839317,-0.01419598554911488,-0.0003908781687007571
minestra,0.0007982859192390473,3.0,-0.021621185527604135,0.041305765735967226,-0.07848238662692573,-0.012198323922446247,0.07008567389805173,0.051433844823616834,0.04101483515014827,-0.003722061088884541,-0.07612490531869814,0.9817015490302348,-0.06360608861323912,-0.031451540658989065,-0.060706374014942506,-0.011918124450339898,-0.005373746573461608,-0.03321921632181719,-0.0029334524695987605,0.052233999982593746
minestra,0.002564125960539269,3.0,0.004413830355686469,0.004609521593949006,-0.018085115524302652,-0.005324762219725399,0.030590190228071388,-0.998618804281424,0.0007531943613065835,0.0008601922111152592,-0.017060300089139606,-0.005284586184615744,-0.01258539149670737,0.004654407417217598,0.010028574929858172,0.0039515865130692095,0.006981307683741971,0.0008768817041066984,0.011380196260077411,0.025159940514462457
minestra,0.0017180008997119817,4.0,-0.03195174654957302,0.037803104945331345,-0.04841407964310405,-0.012707814819491743,0.04922906134450932,0.016970871351752657,-0.04056367282479447,0.024734505488738935,-0.06736994930060054,0.9868366353131967,-0.009766511233973957,0.013141761979778078,0.04415052957874736,0.028605722087600267,-0.03335587176517156,-0.022071298563044687,0.04399225322779093,0.07155350693864312
minestra,0.001619105923905701,4.0,0.09179522114730186,-0.02735108963509969,0.03464249998179377,-0.7963103506866219,-0.007863262086880322,-0.011088522877829167,0.13273891392361242,-0.0721965447706116,0.03175029778419335,0.4985402780705699,-0.05066662971687433,-0.11663050528995307,-0.13446828519634146,-0.1199357259278527,0.08956564406900751,-0.07043142152577996,-0.1458133281607024,0.008236770994162564
minestra,6.949641912072993e-07,4.0,0.0014702122960341488,-0.01292612616364297,0.013156807727884818,0.01047395346680676,-0.029905239833934116,0.9982891192723257,0.003985410254799914,-0.004244428723918746,0.02390967273899145,-0.004312685940798286,0.01745719063854692,-0.0006133810953930266,-0.01676480792085349,-0.010365735495351386,-0.005114177771445616,0.010803330561340831,-0.005076327889129417,-0.02420777088202447
minestra,0.00041414234196673384,5.0,-0.012568243623417205,0.0159164018742306,-0.007023931356988392,-0.000815312347266481,0.031076239220265044,-0.9964844432760619,-0.013150411568673293,0.004757552427021979,-0.016317808238443823,0.06719770427395892,-0.00484733953388496,0.0007758689250795187,0.005716167387172317,0.008414418953640037,-0.00214508363610319,-0.005600476827110708,0.014783000001732922,0.015240710772574106
minestra,0.0009640745511982071,6.0,-0.03712413647596159,0.00915322955245701,-0.017531385372456774,0.0006296379837358238,0.0411320272988018,0.030335542776230667,-0.05973652072203006,0.00025082412510705,-0.04370140640957625,0.9921263184112974,-0.04503497474173169,-0.009405798933025384,-0.010795438063196168,-0.0018292014727782006,-0.009347088254961897,0.011418688031640593,0.023281794187277396,0.053187600150544787
minestra,1.0259837354368745e-05,6.0,-0.008257772348489992,0.00665446669599401,-0.009333050772184746,-0.0015857678287297206,0.009428802963098172,0.9980986752920037,-0.039732773266807984,-0.003221111229818058,-0.00963196020981791,-0.009274219434091686,0.002313952272819797,-0.017300386423180953,-0.005546149229084698,0.013310358185554181,-0.01763599676830378,-0.018621031191081626,0.022651663710127674,-0.007532064102219945
dan,-0.0007650583297097097,1.0,0.008955369256825493,-0.0461426505597726,-0.2870967731571634,0.08712471719917378,0.13555028601068736,0.024828271196701317,-0.09298848815208785,-0.16370690924796757,-0.17154808176321343,0.11582083821388427,0.20835574904713347,0.185892196177551,-0.2376933255713899,-0.3617990543628262,-0.3494141255641146,0.2729037946930279,0.03382886277087268,-0.589422798002486
dan,4.0124293368905184e-07,1.0,-0.004312106256537449,0.0018066867396487885,0.008683059866239956,-0.0013444409077420858,0.000323595194888814,-0.9988137747139955,-0.0013402217524177862,0.0031594049600033995,0.007369981306982153,0.039957343665972145,-0.00017580775419504612,0.0011725697289871712,-0.0018882344349004554,0.008514756066464242,0.010521348599954414,-0.013327410495874952,-0.002423415144750307,0.0154119892583321
dan,0.001562465484284776,2.0,0.08067888567784613,0.2260766879247691,0.3666820252820555,-0.265599871192286,-0.17239303292336558,-0.009677464207381135,0.05515299663629895,0.21371449001991827,0.3248079579281681,-0.2474663780693567,-0.2177615810628815,-0.18981721942287288,-0.05087868201475786,0.4169656041098817,0.4163979374466003,-0.2217232660842562,-0.07869118046636,0.05892618220291793
dan,0.05736655825440251,2.0,-0.04616479471682444,0.048485180492809414,0.08355234188472435,-0.06197981983534124,-0.16471640220537812,0.03394461122640403,-0.058040788064006164,0.08272962082737492,0.07851161075922583,0.9576135979136726,-0.02320116538379204,0.010377204724890706,-0.049191143833531424,0.0769022778839499,0.09409230207238298,-0.05712540234809894,-0.040962228052265404,0.015384787311076425
dan,0.00011070442452256688,2.0,-0.052265350705584135,0.011247150715412935,0.0401361799523318,-0.013453189027394494,0.9903364680849681,0.003042905123264519,-0.055125482379574514,0.00863902357704813,0.03550227058444023,0.07938135193525751,0.01369792415345632,-0.002493713707040036,-0.005661367141097005,0.024059157452819935,0.03733501573079329,-0.03185861094257723,-0.022097142325167553,0.014042376679569675
dan,0.0001060588525197414,3.0,0.07566329106597938,0.022482292795681036,-0.0029451875188309276,-0.02147866443446709,0.04520532171967671,-0.003758576402673757,0.11370783110078689,0.01842048149419458,-0.01491142119075843,-0.08218618609472145,-0.018246811457372267,-0.06778995584852664,0.03979268287082406,-0.0012516135362988694,0.0008070236028996469,0.01587197871179243,-0.9808027419868186,-0.04749963157868354
dan,0.005315394496777574,3.0,-0.10566877713411017,0.10126448053929837,-0.028347113261860464,-0.09588802094529618,-0.06510608833090888,0.06714364630108503,-0.03737045123634726,0.1419384037033907,-0.04197137450323504,0.9621831551115113,-0.07618919765777542,0.029833762054891282,-0.044718884787544225,-0.03215159728741578,-0.002295022582362497,-0.005674285590533243,0.02366954512966235,-0.02018233752607063
dan,-0.0010100693453723216,3.0,0.08438246217168287,0.011552287909858516,-0.002431532495381573,-0.012090817870652096,0.060098867132980745,0.018242719760897492,0.11311995444756669,-0.018609139452633885,-0.012745908387044199,0.001402026228806516,0.009188107068534715,0.0026807707085896885,0.0746556316545531,-0.009456996604999605,0.0003738858934631865,0.004393051532687652,-0.9839894646799444,-0.036514580062925524
dan,0.003003116854802593,4.0,0.1328684553244523,0.03522887194615543,0.00013291905245214948,-0.03594070930323511,0.07333690099449075,0.11851410916499687,0.13366601783968898,0.024532911275435103,0.004310864035927795,-0.04730435006255831,0.00010552735951967757,-0.0024915291069630215,0.11561694621562972,0.010966336590515638,0.006561427025542069,-0.006189168278540349,-0.9617948248771355,-0.03225056143103847
dan,0.0010203820968186742,4.0,-0.00016441519358492858,0.011785194540744295,-0.004277951062948136,-0.005610556342065271,0.0018382468998182416,-0.9992332026211277,0.004270682160217624,0.00807792839230191,-0.0073410575980431,0.02825189302452384,-0.00032186833527741716,0.000938450595191555,0.008590842609464258,0.00053061910860975,0.0007298635296135885,-0.016721845433323407,0.006755600062827508,0.0021257864951624286
dan,0.002283671262456014,5.0,0.12740396473306076,0.04185637002966991,0.001173525877205367,-0.04446069275073794,0.08045147527335043,-0.027895006432561258,0.13014996781253788,0.01747682924308693,-0.00020963533258558744,-0.09029214258263288,0.00048572758241520594,-0.029517262236413475,0.07880992291574357,-0.0040609925045697,0.001108065516980328,0.014958724227994893,-0.9686545003845818,-0.04212921943693099
dan,0.0069864041453794115,5.0,0.022348244514071147,0.07748695449016185,-0.027907792042781893,-0.043853418502035266,0.04095730232389643,0.06275727777233678,0.03656131923042163,0.09119104418226963,-0.048684768762204976,0.9780819670006842,0.008183958513021984,0.00893788610478329,0.037289842350762964,-0.0011987561410070422,-0.0013209137747250078,-0.052709033688270686,0.10034104905488742,-0.046088622824447596
dan,0.005883782286249485,5.0,-0.03212163247565497,-0.022989792868187142,-0.011380364970893378,0.036375001148924536,0.9850519438495633,-0.046674167843065044,-0.037896434189087246,-0.08520729428616335,-0.031361254748011366,0.05228113965194928,0.08557901690690443,-0.02412056690173787,-0.014076414964327781,-0.018973200095976344,-0.012066237532637011,0.027961303551529388,0.03928858158194506,-0.03366332178532615
dan,-0.001216410148944504,5.0,0.06145578798629043,-0.0010127928500768268,-0.003928049290469058,0.0025290023123282416,0.04171699288816595,-0.03635773483399921,0.05803907025746263,-0.015000116085492204,-0.03107445423798049,-0.015165771189116899,0.005194680333470547,0.00876949169584431,0.03367010004110774,-0.014023285691001528,-0.0037575597401701155,0.020466527651934387,-0.970307454047817,0.2120971778080271
dan,0.18370301324169275,5.0,0.06602085482692667,0.023579314828977918,-0.0005858443369253997,-0.025779316776186112,0.054715748324402014,0.001478319088276181,0.05428337742992264,0.016841474199060267,-0.0008214011109554345,-0.02057234382416954,0.010608796832703238,0.010641607557674284,0.02917021737500517,-0.011140229053788944,-0.0006371201708007233,0.02760424919722625,-0.585156014559284,0.8021217942588091
dan,-5.309231928365317e-06,5.0,0.13649796071794446,0.04218343299659555,0.0028423612366225794,-0.04326703302865422,0.13170816995144619,-0.1754911905425199,0.1239298704665376,0.008178883224582005,-0.0008425464449429352,-0.006433442778455914,0.01565038754289504,0.018177911100659975,0.08506265049133828,-0.005584876952064278,-0.0003405728644862488,0.049829658858553644,-0.948862519579044,-0.05857930654835427
dan,0.0016650462445727116,5.0,0.00023288629599177186,-0.0029282854806974568,-0.0020199010458709843,0.004599661310926973,0.0003733591222779545,-0.999710238191682,0.00014905842330502572,-0.000220687816717221,-0.0024168731079834563,-0.005717993984684723,0.016767184294534315,-0.010304340007033624,0.0009544136422967637,-0.002673499804440814,-0.0015545774273735176,0.0073110539267634694,0.0063445280929400345,-0.003915223247078586
pabluccio,5.3463913103039393e-05,1.0,-0.0352296403627541,0.01615942601528042,0.03678517512341028,-0.008997851770096507,-0.013523697048579838,-0.025709568532093805,-0.011184401218992033,0.01657790238580673,0.022549770538157436,0.026548168414879277,-0.007223488854141834,-0.00371489214499619,-0.037872838955888964,0.023450473299390324,0.030211427683391065,0.9945458557395961,-0.03562259060514077,-0.035399621996556725
pabluccio,0.003550365417273374,2.0,-0.12237744655044061,0.043767958079015234,0.0009637364166744417,-0.05405768787529247,0.4793509760926014,-0.3994033207527534,-0.345598486597403,0.055704599369668775,-0.25833168540676027,-0.3840768013874665,-0.03684736173489696,0.11740137839018804,0.1653867354724687,0.04517285077011611,-0.284284293288656,-0.19553914721815338,0.3007732861778966,0.006416394002161947
pabluccio,-0.0004272390934247356,2.0,-0.02482014397209263,0.028686079868280645,-0.010670386565003485,-0.06839217312815339,-0.029218075997914407,0.05570695139116841,-0.04995458557203051,0.053448459601962574,0.012746780516902952,-0.9892977626305426,0.008715215063280513,0.03999620555706704,-0.002393469765572442,0.028006087921848295,0.026244456113289533,0.004825052915407105,-0.03267215806889148,0.03664391836628808
pabluccio,-8.592216484777011e-05,2.0,0.0032629228231259642,-0.10771623803961872,-0.022729250585466796,0.1382127180791329,0.030088289101109333,-0.002245881046246702,-0.13511983420254284,-0.03303638584985068,-0.050125820824864886,0.9477727440831892,0.12546262871019118,0.019530029638876917,-0.03035531190955302,-0.057708408458845895,-0.06465277726017561,0.015902652156618232,0.15134913027645322,-0.0029771565624008263
pabluccio,0.0074633756444939135,3.0,0.11027451649812875,-0.023102580251476046,-0.00501045600640468,0.02674953311532152,-0.2641731885430641,0.007979362076289789,0.37997012317639406,0.04065928254944256,-0.35503571533474787,-0.6527717821766843,-0.14207861357103888,0.11480362930240486,0.06584195233165742,-0.2929546230083032,-0.14667646547392058,0.23909454534994706,0.1276610752952491,-0.004568200770634066
pabluccio,-0.002330350004652641,3.0,0.0016947594027434554,-0.022310175182456864,-0.03958947200691491,0.008187476330912335,0.017784609089855328,0.07008431836942648,-0.04571769434756893,-0.03802937269713783,-0.021938996588034356,-0.9879993976897499,-0.06454784249137668,0.01814759055389891,-0.016015081963534572,0.06843311147134615,0.043681330426621125,-0.029749226867524205,-0.01570662707303349,-0.0011587789441179187
pabluccio,-0.009219931932546261,3.0,0.13591583805938148,-0.13556887601103884,-0.03728817682921457,0.19500568881482594,-0.35707044421103085,0.0012766146340479094,0.48808773849485604,-0.44035537637608885,-0.12932122073653193,0.412688146337308,0.28737168896567966,-0.1874919575999947,0.0008193186359962814,-0.09838398755708501,0.09271098282213792,0.12233145089753797,-0.16147190455073507,0.0014613917240067806
pabluccio,0.0901088150140934,3.0,0.10161713875311217,-0.10769651444118461,-0.02855949441184668,0.15340431188922432,-0.2519382050018647,0.0008259474737912113,0.3191880971744485,-0.32538598173593514,-0.08245354408722765,0.7885384589697308,0.07658884910791343,-0.1391475392787981,-0.01622767872714905,-0.07585512313966923,0.06163749625284382,0.09226388354611911,-0.10171831617052987,0.001065121336919605
pabluccio,-0.2655553884139619,3.0,0.10258696046439394,-0.1194584107526419,-0.03067976685394475,-0.6067344957296829,-0.23769415476992434,0.0005930740113026384,0.1893621385182689,-0.3731145335743517,0.05252938513924439,-0.02035322383621851,-0.5731036504929204,-0.1257390400243858,-0.02587609735502241,-0.08348754900202113,0.055756006641585865,0.1030321241347392,-0.07596212365638705,0.0004907563166547991
pabluccio,0.008331142774846482,3.0,0.07696548099190925,-0.10145192040538165,-0.024465629999447767,-0.8768238203213915,-0.18716356926839145,0.0005595845182523525,-0.023193760844303104,-0.20665834368981004,0.16058833977855666,0.31020693173923375,-0.05915081329736336,-0.013513255937926953,-0.008681331587882823,-0.06118665168762056,0.029969875439709158,0.07361383380203326,-0.015920316061254932,-0.0009522781507361833
pabluccio,0.0022394218347040547,3.0,0.06476085964680577,-0.10703525406613545,-0.006028334512430012,0.14677786500724418,-0.2545191339793524,0.030592817266862866,-0.03141665427448826,-0.004688041626833194,-0.030466313155284825,0.9380780558876255,0.11010034341140236,0.02052707509363654,0.007500595517083752,-0.03543721291890774,0.0028381239710394447,0.02382271444356161,0.026305269885300017,-0.0016818287276074509
pabluccio,0.001873972088551279,3.0,-0.06858455469235693,0.06337486386730039,-0.05140967400160229,-0.07211578591737886,0.4612037680249701,-0.4972789361614911,-0.4115569790873713,0.0256479840529214,-0.2817412096684772,-0.1816670408241836,-0.11728396456290495,0.1404463429130213,0.09048888647021967,-0.2125970885563252,-0.3266636256548387,0.13834256396059877,0.1682352590725159,0.002354426910428736
pabluccio,0.003392910233774958,4.0,-0.08031685929072148,0.07696667572423832,-0.06605195015433472,-0.08411701494806081,0.4429974073840566,-0.26552596249503946,-0.3349395096324686,0.02849988919483603,-0.4311577025349552,-0.19214058471310005,-0.12540838094268825,0.1779844370094752,0.16661975996687572,-0.24666292299622397,-0.41602048341774184,0.15839077963003867,0.1986149095439362,0.0023120458244132386
pabluccio,0.04006243838802473,4.0,0.026091183021039376,0.007473649796836512,-0.0025815862985653516,-0.004010304462743259,-0.12446726009026582,0.0019332241226111668,0.1773543751783414,0.03183724833991883,-0.14342453997963797,-0.9553049528627378,0.07689517205845894,0.007066556249546912,0.022569524625441487,-0.06954786740353949,-0.042264506190498485,0.06954654318964254,-0.01289803630020157,-0.00011180161330753724
pabluccio,0.0008243787016820039,4.0,0.0031843476350959365,0.02316738999138042,0.028024470133234794,-0.01434470112042973,0.02318314427906942,-0.07447941789168122,0.017490037574980997,0.03799368960427262,-0.0009988471399297583,0.9894451230081928,0.02517700557521359,-0.01600783738368828,0.04766553624901482,-0.05996367388286503,-0.06217728103662568,0.027537615285563227,0.015499569904063409,0.0017112928626896499
pabluccio,0.00510235830221941,4.0,-0.10120255303089909,0.1811317179134253,0.08287228257423622,0.09827911987405324,-0.32359704327432426,-0.0011039568125443262,-0.10077331923023461,0.5031817868194707,0.12165559689423067,0.09619615180494952,0.6740364344416644,0.1888973383675033,0.024470217262665118,0.13141703635519628,0.1157626292688974,-0.1446176183194471,-0.07818075332405248,-0.00122535924669569
pabluccio,0.007700681566849129,4.0,0.050230718082359675,-0.10848800773748413,-0.03468665436851961,-0.8972326837338336,0.13916735672296696,0.000548677740968237,-0.261775719894307,-0.22252976565656304,-0.0004065642444885941,0.11003531812271106,-0.09484169585120798,-0.02491235404288892,0.0009356136375670645,-0.06932788121161779,-0.05602939957161911,0.06846087806855893,0.08778658411772085,-0.0005353209038200676
pabluccio,0.0009970841886168605,4.0,0.023792257888821323,-0.09757885106858633,-0.03564741632769256,0.11428263920335079,0.18137229215644948,-0.019562891531061794,-0.09761085200985502,0.014097526736508865,-0.10508310463840717,0.9447304237814037,0.058478891852335256,0.02957996894746515,0.03324854179317058,-0.059433269810581946,-0.07661098720169415,0.049744097209822855,0.10835695667111751,-0.000535747500320795
SADAX,-0.0010502708152786593,1.0,0.017309429576018893,0.009313230312761878,0.08523596553269298,0.04077271020761732,-0.14376187794253126,0.0045640114272398275,-0.042229734755006555,-0.059805088847260456,-0.03676490787709524,-0.9544443978578413,-0.0038600818658361125,-0.06423627481222888,-0.05873635761541471,0.10295221201182157,0.15753112108179398,0.020201958146060347,-0.01579966702913728,0.09304767659567297
SADAX,0.0055381628679278365,1.0,0.01893889168499851,-0.054944689380415745,0.0006662684697362534,-0.9949012243699653,0.004353997679331136,0.014711363983510355,-0.05298898945568563,-0.029858619483491698,-0.0231908922000373,0.005248092754010398,0.006725421287506749,0.04209141914263884,-0.008989556760144976,0.001654643086712977,-0.004071930415926505,-0.0012009120188832467,0.019352988948456093,-0.0006065136608467893
SADAX,0.01978345620284133,1.0,0.11181580564468839,0.06663401348033038,-0.12959931273496628,-0.01765998809088623,-0.8726508210165091,0.0008554285685363448,0.021916082599955786,0.027956525162617304,-0.09852796209193328,-0.044402364006554916,0.03051100567545078,0.08256656388364861,0.3904324780706995,-0.10260427037966158,-0.10950435115244916,0.00937404801264073,0.02848654564624965,-0.08879191553930725
SADAX,-0.0006964849317243598,1.0,-0.1577800308497992,-0.08778160212367891,0.2478406764420336,0.020543718545839973,-0.515106214470398,-0.000513199778491919,-0.04889669410522396,-0.06072130748585393,0.13462389714832163,0.12247328102434828,-0.033890028392931475,-0.1456369007470365,-0.5557609525435737,0.22483734330907826,0.35025499903729373,0.24347966589013176,-0.10008342130295304,0.16510165887353428
SADAX,0.0020880171490448036,2.0,-0.049155085164393285,-0.03755395692134905,0.10404837181424063,0.013729563258037543,-0.1957309475697223,-0.00028057284074792574,-0.01817309842677554,-0.024834113922681922,0.047527504960153476,0.05087381750695709,-0.0091899811331089,-0.05703171977189004,-0.2123195417828891,0.066177145127128,0.1458222125111734,-0.927753087177976,-0.042429375294320164,0.06684303652941596
SADAX,0.006487555145846526,2.0,0.011535841442518718,0.15004879738418464,-0.2645138052580904,-0.08871331899187962,0.4717758209279222,0.03248317051511429,0.032392285207912395,0.07272815430362667,-0.16605534633210522,-0.08518058151505613,0.04529741863177117,0.16308761221106008,0.5280475988463825,-0.30986013381161914,-0.400481635949361,-0.12432288031988417,0.012697469335178749,-0.23498595994279026
SADAX,0.012807005041159718,2.0,-0.3930644213230407,0.3843782127411868,0.11608693821975032,-0.29815704930660125,-0.009249371531325325,0.11107368849341664,-0.3058690120560301,0.05664670168290158,-0.0901328371468425,-0.17166481112087822,0.1499708183193201,-0.06992196963376532,0.05705141459635081,0.4002593647545824,-0.01285070705882252,-0.3658414293466881,-0.12683443609217074,-0.3281231130749492
SADAX,0.04174387439012453,2.0,-0.017246353265987065,-0.04085754852135548,0.007017701162360597,0.9622420844666365,-0.0017311372861016955,-0.0011768303949322603,-0.006137064125525618,-0.047114450252995904,0.01340625502247888,-0.006215552748517369,-0.24022039281893146,-0.07800267762926759,-0.029460329484348208,0.05376679668298198,0.0032870309768633244,-0.03375223370896643,-0.029896235288775073,0.0010640701684209465
SADAX,0.001722972802421269,2.0,0.029983278385134274,-0.06157706216124803,-0.0011148389245722895,-0.9823741560314015,-0.011900623078966723,-0.0029985870447024015,-0.03310871852448483,-0.04805957380502593,0.009222440663829002,0.12125134733739043,-0.08523987364234058,-0.04702335136077423,-0.03404642892387413,0.001331682640943161,0.014554985646369678,0.029121773687591168,-0.011079564198589947,-0.009215631802705711
SADAX,0.00402827651376068,3.0,0.0814931498157114,0.026523841777239543,-0.25337061519843396,-0.0210343594580428,0.5236965497614204,-0.03418135462326534,0.050921256098357744,0.08334537582571577,-0.13411357261570545,-0.09726799828642602,0.2045462773711113,0.15343735592452137,0.5128603455277637,-0.26923497424631926,-0.38649084969394504,-0.14405083612040906,0.11747197048971275,-0.17544790411844433
SADAX,0.06201317342831255,3.0,0.001201896860295204,0.010427834772136576,-0.004941553247361238,0.9766021491789553,-0.029799077982645805,0.04530444568713026,0.06697391250010068,-0.010659693206068003,-0.03244392380435524,-0.0926830816316882,-0.1251258982121294,-0.05167891902108386,-0.033796150828989804,0.03423838074607826,0.012091436699345441,-0.007675405827578931,-0.05681118888562956,-0.06969212165810891
SADAX,0.0029714705601688886,3.0,0.017283863014515555,-0.08010348166305059,0.02108122007596257,-0.9857756968615539,-0.049714840821185484,0.0032745416750735844,-0.029307982804128305,-0.04482567486927322,0.0784107747008563,0.02863134533490591,-0.07956604975208656,-0.01041188095631873,-0.021753196106277767,-0.0012975236239825831,0.018506342126356465,0.0101961037861609,-0.03729430609304714,0.004075324237660203
SADAX,-0.000567616947623559,3.0,0.20971427085069433,0.018548349987517608,0.3055804621987309,0.013394255521748135,-0.4973343701053366,0.1815010482787581,0.34343435831009417,-0.07511307495377413,0.5002686795074399,-0.01884144144380892,-0.2571563191195708,0.13055738219859672,-0.00396192114720559,0.06733151917468165,0.15395555853256482,-0.04210263751403218,-0.3064761150879411,0.022218911345118504
Pa0l0l0,0.0002873454597080104,1.0,0.29314961427163405,0.012674958556748273,0.2809088687665699,0.013693692953014154,0.02457728152663413,-0.05662512974601612,-0.02935277015781196,-0.10079010668741757,0.43117322919146706,0.23567253706133426,-0.33094526665126606,0.14013530595406842,0.4635934577169318,0.2619725817713736,0.4039713802337416,-0.03629817978911739,0.03484726026498112,0.009316416248033638
Pa0l0l0,-0.024537772103396735,1.0,-0.24566348831152407,-0.09616472232090395,0.06274055293535005,0.028710647396472614,0.039136051316835986,-0.0012247959980576056,-0.12790382194700622,-0.05766241874123613,0.06627334512361834,-0.93530464418385,-0.06631778341010244,0.10997679003506411,0.00039901257495814654,0.007734693576281491,0.001977977076016772,0.07559732700427801,0.054451031102020084,3.7648589849299025e-05
Pa0l0l0,0.0035305237830453484,1.0,0.7837376968376151,0.3356490314529218,-0.15745452903344556,0.03453871568177177,-0.06140851589437141,0.04690278035347224,0.3036551446353203,0.09673709842126432,-0.08109486940029582,0.026746517079511235,0.08577035884448528,-0.17549445828562904,-0.045124551174484766,0.048054225348711656,-0.02043239455314362,-0.28053882919655887,-0.10325248011061584,0.001438680880659629
Pa0l0l0,-0.00046328155607929054,1.0,0.07135066664462472,0.19682235852872076,-0.007510486291539215,-0.23293675304360312,-0.02529257117953859,0.042594057267417475,-0.1434446501504023,0.24828507610731432,-0.4236380798476969,-0.11287879193773484,-0.647111195203997,0.4130827371391893,-0.051819965151510786,0.1190318912485239,0.009448905966961312,-0.1321744343639042,0.033604989345072916,-0.005885531588195595
Pa0l0l0,0.0011924156302708156,2.0,0.34956982996630787,0.0013555862171472643,0.22822486625318925,-0.011087908678499785,0.04845017422765346,-0.01675793221803049,-0.07786679054596181,-0.009609775647045892,0.3369734055408664,0.22034930950891252,-0.13476200472469393,-0.016648586725927124,0.6979120841958125,0.33329591695418687,0.10464463316030784,-0.017838124636604488,-0.16344449535932817,-0.010612182016731846
Pa0l0l0,0.00318954302801437,2.0,0.695281568679171,0.2969664870463823,-0.2262216684320281,0.014945344982710154,-0.08284290693731972,0.08839121201683423,0.35038236448125726,0.12975105890472835,0.0649495581206209,0.056114441032455345,-0.160288248795497,0.012525636049349623,-0.10693983126179643,0.12016240173879182,0.018707279194136832,-0.37571335585298177,-0.14827734207394713,0.011290199958830632
Pa0l0l0,-0.026034979958135463,2.0,0.043876616225076104,-0.10772217407288287,-0.02745375267771095,0.15064720627930697,-0.02434495466429002,0.47337550179361615,0.023150872609694992,-0.2109348141165651,-0.06868742454332487,0.4794406417544314,0.5425149993342312,-0.399440272908644,0.005009844317128882,0.03316284603069656,0.0006335772084672148,-0.0471062434905717,-0.03892593095968253,0.00037049523487254165
Pa0l0l0,0.0005586045307356674,2.0,-0.017502590257881333,-0.049064306507073385,0.007330915063251774,0.06285259978619939,0.006546934801754363,0.981849714741717,0.03755116292409491,-0.0647398343456629,0.005575824170155001,0.12416326939253007,0.06293883975456295,-0.06267153526627564,-0.0023502580528353004,0.004408465925176792,0.015399371804997515,0.002290924013159291,0.002252011397875444,-0.00023637970126196288
Pa0l0l0,-0.0005461249834387263,3.0,-0.028013519641279086,-0.014321559340634837,-0.0013115374708199334,0.013086987850107739,0.0003973031428453107,-0.9936417582773555,-0.008859879528589958,-0.011889552060973172,0.014993055693527813,0.006613169944927066,0.02988941856286792,-0.011381123789097863,0.02206306083677503,-0.03314260063477277,-0.020056407442043452,0.0895067405255936,0.0016516583583095926,-0.0003130126642276587
Pa0l0l0,0.004959467156551671,3.0,0.08593546010751892,0.025663144240466673,-0.027356356029323996,0.0004023482898825832,-0.011907659699523116,0.03280770516793928,0.04562293626357174,0.012332128349943548,0.0018441614878618915,0.006867433043596249,-0.011762815757812012,-0.008160584931385361,-0.02525649536411707,0.002637123015655158,-0.0012590557147171184,0.9933989549273926,-0.0020887603118125973,0.0029150860665440362
Pa0l0l0,0.0008298701977089273,3.0,-0.04623397240937044,-0.02830328498674539,-0.0009293102116127736,-0.39695941038249427,-0.0048572596313667974,0.8597444202408179,0.027080450167418713,-0.07895187498818136,0.01168624208713279,0.15270826199424758,0.11613351116502527,-0.09525112621160735,0.02175550503434757,-0.19615420302379408,-0.053941682247260835,0.04853872094320122,0.04876948238373129,0.026884884388695893
Pa0l0l0,0.002850054105627637,4.0,-0.024086508591023494,0.17590095012420864,0.3846627223554877,-0.12169911137126437,0.38529079704561103,0.29611934593217715,-0.049137167924867324,0.1084851707624301,-0.03601715959892997,-0.15986039358160256,0.05865401470566766,0.07103694160455504,-0.29042328904205494,0.3056275155927645,0.4348877009137701,-0.18624061325470095,0.3441182614877509,-0.007759519241347164
Pa0l0l0,0.0014652760263391019,4.0,0.7787658610697972,0.22558933512622392,-0.2448892359379461,0.0189974240493647,-0.08911107981415455,0.036507802271327196,0.3970405108939278,0.11282050188670127,-0.027360775437855346,0.034348508820179154,0.010864769612858854,-0.1236954864798107,-0.014594136734327093,0.07546497738211166,-0.07021663211214423,-0.26287165905154447,-0.06222194729738908,0.03872793300868062
Pa0l0l0,0.002127364115839067,4.0,0.020888390655941013,0.10687558818263898,0.022436338474177652,-0.16110090487528844,0.017659364285205387,-0.10690019828788698,-0.017269810751739226,0.22589770898447933,0.015992202215783954,-0.7298541342590289,-0.45135659180839266,0.3492067973103854,-0.06566100594944337,0.1296479192457207,0.05551329062976153,-0.0595785543588205,0.003918462268588614,-0.11063120467969513
Pa0l0l0,0.0012679034637795418,4.0,-0.013493220861208797,-0.05000719140646703,-0.005554047903220253,0.05825695223473391,0.0012472020289532476,0.9759313019281062,0.0495832861214642,-0.061937747340629803,-0.003127483766215217,0.03033418682950046,0.07323504743419205,-0.05275180325671888,0.016993634559231953,-0.13189372235452856,-0.030831059433531847,0.07319861546313566,0.015583549264685673,0.04291853150223314
Pa0l0l0,0.0045494134530085035,5.0,-0.013765993413302811,0.029822286146001853,0.04897972683760228,-0.017486531193394737,0.05249950183819995,0.052051418705363436,-0.008461715483494895,0.017095805431848625,-0.02161631468727743,0.31426799346091533,0.023864154308804147,0.004868579342362685,-0.04232423075910331,0.03308618132957993,0.06251826480960057,0.9392336937974045,0.03997898981211503,-0.0030435103388500996
Pa0l0l0,0.006774397935902784,5.0,0.06618803509752624,0.019243002924156594,-0.011038203426357104,-0.015481603965540477,-0.013483887931999594,0.9944477232655446,0.030733319829203156,0.009451181452857381,-0.01614319020704698,0.0025504215123179973,-0.018916641613690947,-0.0007972604410570023,-0.0009698321052927362,0.010652153952711439,-0.005916435654317148,-0.042610926628497685,-0.011484293878461078,0.04497557219947042
Pa0l0l0,-0.0009680677701712677,5.0,-0.11986615931141383,0.15855886910346706,-0.008841993998038273,-0.23055381023545216,-0.027044668007845503,0.03973233956179545,-0.27906830782000175,0.1756602486794137,-0.6713071274284231,-0.17098491412635622,-0.33013812745982973,0.19349049625253298,0.07289003437420685,0.30280476821574026,0.010915052525832882,-0.2655190856691851,0.003760463074944577,-0.047497660221310356
Pa0l0l0,0.01967358750699348,6.0,-0.022850162692331293,-0.04227604364050075,-0.10990561732418785,0.028373431633954227,-0.09551587189436693,-0.9523532171791101,0.015046521106726815,-0.04968456715489739,0.05963520017726066,0.05824651611024312,-0.0708562786017372,0.008086280907903571,0.08414171326969369,-0.07688040084811276,-0.11408119555488493,0.1416543300630424,-0.07286376546934568,-0.050954776281578566
Pa0l0l0,0.0023942691417024467,6.0,0.050798171082909495,0.0029677342277377727,-0.005474828435807328,0.008461267647525455,-0.01341337756080236,0.9946030244161636,0.02289087257262656,0.0012469945312853746,-0.04019632288295144,-0.00542428125476694,0.03293088527027601,-0.0331230824633714,0.00013219754601097382,0.006241508046351774,-0.0006951956939316523,-0.038685114365925345,-0.011049175499619406,0.04340162563834612
Pa0l0l0,0.001913079651480586,6.0,-0.02575179369990834,-0.06468796310822456,-0.024409406763559786,-0.9306973342881976,-0.03592004101466258,-0.04046564275614175,0.0524989266776165,-0.11193643897161484,-0.1318442368307754,0.19719814586839107,0.14465809356550907,-0.14359528094356314,0.031941701626403765,-0.07349709381762795,-0.015656468289882,0.04850533761973544,-0.010905937914490767,0.05648748953974164
Pa0l0l0,0.0029204286968398233,6.0,-0.05508778452132719,-0.019683233744040685,-0.028381665314881212,0.01973146479715254,-0.061811862414433316,0.9837457776846139,-0.03039092568015069,-0.00296805294012255,-0.0833158699452213,0.007688391243713332,-0.10101128883097889,-0.0007759347958853277,0.02699211568998894,-0.018788662471200358,-0.021964876103350177,0.004195798970410992,-0.036522291428384895,0.05247973901784249
peppe,0.014721588000891087,1.0,0.0045320046018041595,-0.0014400419863729863,-0.0037717330573425094,0.001095469983802315,0.014453348403856725,-5.424262738157592e-05,-0.009188274438256764,-0.0007252084935484983,-0.005346829122155463,-0.05978725038864284,0.0033370799245005314,-0.0024421971319021738,0.015624922209704675,0.009741109419666038,-0.0008280975060378583,-0.013377747964429892,-0.005926362970132677,-0.9977445090106488
peppe,-0.00015390815300998765,1.0,-0.0008956691077555564,0.0007931211028098795,0.0028259795389590585,-0.0008636897393304322,-0.002214384026722665,0.009277297120084306,-0.0005499413337266448,0.0023954196944861988,0.003000066936654185,-0.001598481649393288,0.0029602951298408693,-0.0027081787003448367,0.0072940018968459955,-0.0024283406428991226,-0.00021313264894312438,0.008413214361509628,-0.008565848961892525,-0.9998309210110718
peppe,2.8968713925509323e-07,2.0,0.005883702374874044,-0.004992508289689224,-0.0013077710420623164,0.005297503191590062,-0.00041196997136640386,-0.0037854226748195033,-0.0029042256499615692,-0.014557419691835828,-0.010307333933303426,0.00032015592903142376,-0.006918248886197368,-0.0015730329382815996,-0.0024973375905900687,-0.003056250287927586,-0.007273373717902502,0.00020850185077531593,0.01079268562917368,0.9996670174954556
peppe,-1.751701783908647e-06,3.0,0.009817388940788352,-0.0029931457950155282,-0.0075010477467609355,0.0022400990701300066,0.002846379450614447,-0.002149285002570695,0.006492395661705713,-0.005816741985746281,-0.013979532586233495,-0.003317880228675705,-0.007918873387716584,-0.0009512761159261528,0.01842013435171858,-0.0009472949326762177,-0.012315018076004448,0.002311193006529057,-0.02079833101428665,0.9992721598667128
bigw,5.342717120093436e-06,1.0,-0.09835369562007995,0.05939767959893949,-0.43990737078431835,0.06043140191805514,0.016519951408489175,-0.06085877690335392,0.05637384779479287,-0.06861206935701666,0.02612485873549822,0.03972621219053836,0.07739420098035936,-0.06533738807255035,-0.5429080152983701,-0.389632694230781,-0.3659740154898856,-0.3599589832477695,-0.14410257578961222,0.18550046478008325
bigw,5.123196890473263e-05,1.0,0.08918854532854494,-0.034970060705187156,-0.1044235353393625,0.03971421447864198,0.011142867300125016,-0.08236081610640057,-0.04867756446929738,-0.15024218056803706,-0.17088048297333613,0.01398786048602247,0.03235132813593236,-0.1114719807279224,-0.18767623749436765,-0.6070112902090327,-0.10641716025323394,-0.2130724982580536,-0.2103075855839271,0.6316518422348609
bigw,0.01718969087150154,1.0,0.08986405351372719,-0.03266084847363415,-0.0518577376293213,-0.9048366554506607,0.007912719873105638,0.00010556276739084304,0.08161301228618373,-0.07936779176540512,0.002311940691178462,0.07239384259494801,0.0023627100108492625,-0.07171679185073014,-0.05071407005225103,-0.21077476994716357,-0.06294943020882533,-0.08668191182210211,-0.0889128693873612,0.28220856259528804
bigw,0.000360613389362883,1.0,0.0942378170008073,-0.12481666173178108,-0.13576023861532807,0.22876874165537778,0.017783472372994606,0.0017121488288284073,-0.09799144190019023,-0.16957645060076026,-0.14135164605248857,0.00720259368487193,0.044562349654237186,-0.14992193398766845,-0.15056400205494447,-0.5842746244541493,-0.1328748002954821,-0.20658908891454442,-0.1937069649017593,0.5997485424509635
bigw,0.0006102497309052363,1.0,0.2546140372783495,0.1421611830712124,0.11124174875481668,-0.035714016330044215,-0.6253705497744331,-0.09433173619185942,0.5393275593056169,0.0716244305370781,0.26899452623756376,0.18506081796320223,0.07350617257893848,0.07952494951658225,-0.2297607302176988,0.04154730307452629,-0.1120786171869964,-0.08233296620087698,-0.11321648624739424,0.017696938061989128
bigw,0.00012309393052026765,1.0,0.3312780964551079,0.1138910709392783,-0.16434669280452785,-0.0516569064080993,-0.7639808412447557,-0.24038871206329585,0.057586907415091156,0.06889338565518437,0.11844730998113961,0.21355936110616727,-0.10036081664266337,0.06809443898791041,0.20094452431897036,-0.13628962500353367,0.10863269330164121,-0.06616964921011617,-0.023840952455068214,0.21918351855642262
bigw,0.0014164584677603478,2.0,0.2671783637434014,0.11758325092633548,0.006265178711492789,-0.07382622937311525,-0.7971455613324666,-0.22909428907165202,0.06993643584687485,0.10804282423234886,0.24428713623260792,0.22760727000189365,-0.05447550024667775,0.09527581427667398,0.1302833857672031,-0.03352635813761367,0.19043189910780292,0.0072040155769651105,0.06963631910841937,0.14839543390243276
bigw,0.0018894516004674873,2.0,-0.07135793480376929,-0.24854820536901556,0.030673089020668978,0.34801780861664744,0.06383290000603388,0.023841398393772216,-0.7286466042397945,-0.23778725177361135,-0.38329863676629355,-0.03565022363643693,0.14159895208083273,0.061417774147005194,0.06848889807368873,0.054792280492517935,-0.06242722782939849,0.03847459993399356,-0.16952229942422528,-0.07171835529255195
bigw,4.003318785698808e-05,2.0,0.2694313460383,0.12412667237218966,-0.1587308475847532,-0.06614495248150656,-0.8003017013559529,-0.24410833317414593,0.009579956213110884,0.06017713540344195,0.05658688417377617,0.167385230690841,-0.10233021612181424,0.050201766253673015,0.17720398529737916,-0.13932896736081665,0.058282865997852,-0.0972839072937749,-0.09803415584273355,0.2472787613781678
bigw,0.0012942598247081924,3.0,0.2701652866780633,0.1438373497945269,-0.2018938051769678,-0.14453665607270255,-0.8037265631327815,-0.1850794650837047,0.03349491485299249,0.128071646563784,0.10262631797648986,0.21780191398909504,-0.1112938988614395,0.11108317393878435,0.1466994664752822,-0.049885801280808544,0.13545373313955258,0.006110364519684107,-0.021121754985842754,0.14621348989472738
bigw,0.002104488295168397,3.0,-0.07019832600943912,-0.07942284497652141,0.021245033972638147,-0.9455916935523372,0.04661715368804807,-0.0064574497460986036,-0.11902595034517226,-0.08214380315429304,-0.227170463533354,-0.0002522595427736174,0.04813323593014561,-0.010985348963139139,-0.0031016718044465205,0.01746629189520484,0.05035701141362791,0.005417528408639764,-0.11852625830265781,-0.00820074021516968
bigw,0.0014474115953414534,4.0,0.3816643108470667,0.10339931499655353,-0.08735236679186272,-0.09758666849913422,-0.8530078219438915,-0.039081479850349383,0.17317071112706603,0.0388056407103099,-0.05180778525559359,-0.007771903069888524,-0.029380383107325263,0.0688673021113782,0.16225027957305965,-0.08253817921391285,0.030214233312749084,0.010836420320840166,-0.08779180780638608,0.12497146615741903
bigw,0.052387560547077494,4.0,-0.09912043895617627,-0.07911426594370796,0.16245470933839196,0.9405160411736968,-0.012333713581954358,0.06454772245878107,-0.2196549547364163,-0.08280859523398945,0.0408349045502572,-0.002772462217231855,-0.028946167975807784,-0.07389569407558971,-0.027010446230425224,0.04138817110947217,0.05352959137293212,-0.0007310950523713424,0.01109172198621226,-0.011174550620261044
bigw,-0.00041820029101512625,4.0,-0.018668397600468567,0.09286495225074665,-0.07800066221291266,0.9804373695457824,0.015038927572705472,0.0710751248619771,0.04807129866942339,0.08803288303758647,-0.009126337535883251,-0.04697706638022031,0.012819067235501443,0.05576256625979154,0.00318178523319919,-0.026136157454788332,0.045188962011723365,-0.0020416073428208316,-0.00402576070491034,0.005291968839083576
bigw,0.002911542430183521,5.0,0.28095298193953455,0.09493034419958157,-0.05897706532401302,-0.030563779104913723,-0.8644242308115201,-0.21017258192649751,0.13804386608474958,0.013271010208462154,-0.0499914033585914,-0.026571736286324654,-0.10170054714942606,0.0867387691081756,0.12928302195714939,-0.0489153695440152,0.16742551080135532,0.008174380565175702,0.0318176031697338,0.16648757029459701
bigw,-0.0004962623119198573,5.0,-0.004927703791258582,0.10087157916363682,-0.09191558695269314,0.9800496352048705,-0.0018146816041858136,0.02501958668899819,0.06480239071133288,0.07129675904850102,0.008115474267201179,-0.020360426273110223,-0.01812443447773215,0.0940327881261513,-0.002152334403225773,-0.03312100308162958,-8.285474901287976e-05,-0.001520818328815496,-0.004710150287035426,0.01287719985571364
bigw,0.007085315810537146,7.0,0.29128577543950696,0.10465787767770018,-0.042104646575069085,-0.0110436160171527,-0.8781409216136847,0.0003950564463279552,0.04748904249848664,0.017517026788164358,0.0013559327719180256,-0.03374852786925495,0.2430342494092772,0.10567440485373572,0.10513726512016931,-0.01603141813176678,0.21243375225143535,0.003403075619963637,0.02736119642388008,0.006178947657617137
bigw,0.028234329891375986,7.0,-0.013158128227537372,0.3741401402009023,0.14725605116653642,-0.021824900492466652,0.1328946089063119,-0.011229250026473283,-0.11537515916341548,0.07630716629339002,0.617354726110803,0.047885885418342065,0.35738248543497064,-0.0020750577480591094,0.2744255579353767,0.3196254070913051,0.3323487515387312,-0.01538189317597993,0.035845000842562265,-0.01306347734191026
bigw,8.509920572034552e-05,7.0,-0.3450004731207561,0.154685517020543,0.19884099231039204,0.14426446242864369,0.1256721160171757,0.002649113308549612,-0.5726192991617632,-0.008106074576006955,-0.12359792112356495,0.21540290298258508,-0.25527643015227547,-0.13614789938222438,0.16789662239707104,0.20049778777448923,0.48278942537237923,-0.02349368453202113,0.061593018345257974,-0.04172452707693439
bigw,-9.328077330176916e-06,7.0,-0.05340200958739398,-0.09964984363534646,0.045928762958239555,-0.9732053515957922,0.00898211829384543,-0.08432276465631279,-0.1265843213669581,-0.08827780551613566,-0.05445338000651208,0.002194416723351801,0.015257536301644437,-0.05650271356512368,0.001199024429883397,-0.00684804146535582,0.01966616433580024,0.001872586960837416,-0.011760865720930486,-0.0004549001984648756
bigw,-0.0003366256425353252,7.0,-0.17795622822074847,0.14582576634623157,0.6104316111709687,0.05534433403904983,-0.09366836460034933,2.901702487166811e-05,0.2941810484228688,0.008592801184488349,0.12241605510823711,0.0899302449488585,0.024820455102262454,0.015094989475072616,-0.3489298467347607,-0.05766085528906798,0.559306456026458,0.0049913570928043285,-0.08638553029339138,0.08174129927127813
qwe,1.2139219093854884e-06,1.0,-0.025779147343866386,0.08341079848306865,-0.05858199657912891,-0.02196804907472042,-0.022314137885100737,0.00015548038597687017,-0.006116240124632742,0.0251915344837427,-0.053977454514087586,0.09347089576611807,-0.0362132336390205,0.007515190106655122,0.03423241267020755,0.03577910121411123,0.050714248805322396,0.984500575358629,-0.0015185368319869613,-0.002790282462956797
qwe,-0.00039867330782211914,2.0,0.012531395931692505,0.018023060420443326,-0.03183636423510056,-0.021608539032700328,0.14513100291237868,-0.04772238671490539,0.044889890625860816,-0.01828628114525233,-0.016828525378420955,-0.37156612716042486,0.04815535039172509,-0.011118432050242955,-0.07051243543426594,-0.013887317452821653,-0.07250282102746272,-0.9061657167795976,-0.00034939471057809826,-0.0016229123184584083
qwe,0.1285996261139406,2.0,-0.02461619139997731,-0.05863156125418607,0.015277171684618479,-0.9910464213752312,0.0025691130503315957,0.0003858991334415809,-0.07160379907528361,-0.029896634869081343,-0.055121246654690294,-0.008881757613090317,0.005153930983133185,-0.04569777987565189,-0.011835125207590039,-0.01807717283690832,-0.0008430007098799598,0.006804422212447529,0.011790159463275118,0.04046429527784465
qwe,0.005341342806961374,2.0,-0.43591862438828194,-0.011911988320034261,-0.1374352244920308,0.05752225689395619,0.04588632495620872,-0.0024751950655210503,-0.4476411369277913,-0.16421552278347296,-0.28861674568716067,-0.14077774914508137,0.1530154585927545,-0.5333753462282704,-0.10685646653992664,-0.17871766323696936,0.02072900014577596,-0.004604786291371618,0.004551431752662709,0.3214403365598237
qwe,1.2466086298783023e-05,2.0,-0.22386591601433758,0.4090040982339368,0.21708937330281136,-0.03805546528325284,-0.1199531807997656,0.07693011984373145,0.00105074254539635,0.10205580438886064,0.22047848348590687,0.7434536804565743,0.0229995971028951,0.009811876376246477,-0.2550354568753407,0.10978714990260333,0.08159001152972799,0.05205498962724087,-0.036052972419338594,0.11652477118511845
qwe,0.0001730211368316782,2.0,0.07181089483414378,0.06097162713746229,-0.06114800302072618,-0.041103740845163474,-0.2618414272404633,0.0013570876995730626,-0.063016103323395,0.05634829672612594,0.06742285274251612,0.9088174209635143,0.06047085673933957,0.05391826189096146,-0.0022462503630286236,-0.188159489286425,-0.19181722960407319,-0.007281971379598842,-0.025928215750198224,0.0010432899323887296
qwe,0.00014250358135615288,2.0,0.03289534021078802,0.02084450992740129,-0.03302407443540581,-0.01530087585081573,-0.14210626131982115,0.0011093715978263347,-0.025066393256330127,0.019537752916339933,0.021718023997342167,0.3367395440281883,0.021521428466347595,0.020436244146560808,0.01626352912768662,-0.011177565848559005,-0.07692805670654196,0.924573311217699,-0.007934995666210126,-0.0010418046938848718
qwe,0.0005298785536140704,3.0,0.04591916235695599,0.019808640416177026,-0.06350204948719174,-0.039251848506171826,-0.14384992677334607,0.0012068362521443666,-0.01845355875982254,0.01777620276263935,0.020407824665835534,0.4296763181039586,0.032250406773624056,-0.04479836778421936,0.015045677163741174,-0.002832390638799003,-0.105909125936351,0.8780505287618353,-0.007731215003999261,-0.0024909058371271413
qwe,0.004798645887072036,3.0,0.0541038159944439,-0.10805373040735955,-0.0075842619473336995,-0.9768832003847925,-0.010943417004206977,0.010946988654395475,-0.08533282024279316,-0.09730737648115047,-0.05213147288563201,-0.007842264934837124,0.016005301864220604,-0.08474091926205436,0.004227996543358537,0.013164603741513806,-0.059966294046502756,0.005552854087495338,0.0022772985091074204,0.0030504814711640013
qwe,-0.00039244109847071606,3.0,-0.0030856600340411983,0.08230142595476861,0.0796435435320446,-0.04292703450561684,-0.1779026452558534,0.08267995434826747,0.07428177244908538,0.0534048377479818,0.159113048046814,0.9202307446269854,-0.041784475202024975,0.03396345133920403,-0.02136228876740199,-0.05651856016307113,0.07362552397200701,0.2210814040376009,-0.04343911348099173,0.05744166441787129
qwe,-0.0007582448384339524,3.0,0.09164569821927813,0.03877084142241293,0.01922850633555269,-0.021178529133398016,-0.10565201800317382,0.0047191899908625,-0.011167851140894592,0.01557082932693789,0.013849922751922346,0.34108861450401445,-0.04688783491727125,0.011940456622806891,0.10968208535125185,0.0063706153555645,0.11932528288898198,0.9105601408472216,-0.05851839653413492,-0.00028911161779015865
qwe,0.0011125789387451902,4.0,0.10353065681260877,0.041684459780155225,0.023660748513504568,-0.032422063174610966,-0.11977326353093687,0.007741712848817672,-0.024198610174459602,0.017988938959965995,0.024939758286052886,0.39022149649979515,-0.04900732235292072,0.01660593428030826,0.10639171961530798,0.018407984857480304,0.12547516362169503,0.8853756224765039,-0.061264838815125074,0.0005654740172877315
qwe,0.0007059811614666881,4.0,0.03594036889744245,-0.10933964792116535,0.07267189836656353,-0.972676394995067,0.006716007869219634,0.00030536022416814137,0.0007162641873597477,-0.10325042375949409,-0.044943089395366065,0.040157115167447695,0.01976887288517377,-0.08278396302318775,0.07009395195911569,0.06167649360442536,0.04199864504393844,-0.02907678583773028,-0.010616883237295836,0.0484820807034971
qwe,0.00023006533689839856,4.0,-0.11201456930489767,0.7735438672844663,-0.07710110797477819,-0.0940946001289135,-0.005703873897340725,0.017276987224941795,0.04121624008365398,0.14035790144394134,0.01408798909995538,0.46022808591841263,-0.04957353044447473,0.007793770766040227,-0.055032236735348065,0.35686800210582487,0.0025935192470587023,0.08632802718030642,-0.012448887280059573,0.005469177932405816
qwe,0.0007981713560780554,4.0,0.030132650833324497,-0.00908967073196873,0.016540990152768685,0.009574174322988876,-0.0033945600458745,0.0006810401800092334,0.03593949133481576,-0.019182330891963733,0.010579218131928806,-0.0041131507817503575,0.017402432000457123,-0.06538255362687112,-6.562902123254749e-05,0.028968929684710622,-0.044845514495923416,0.9945809758326081,-0.014339299935656224,0.004326564651001377
qwe,-0.002149745125861012,4.0,0.3227971940891486,-0.06020133127429306,0.20348332974043204,0.048650375684390054,-0.6167244361722553,0.039351577275480915,0.2634297696489871,0.004710144203861696,-0.037442953885041694,-0.05322316514122439,-0.2560538257226984,0.07082632700009475,0.26197227643544807,-0.10444343723257085,0.25897381895995747,0.25273735816905313,-0.2989406037250656,0.14976257749399785
qwe,0.000531902279094625,4.0,0.06937058177995149,0.006012714187062729,0.06494652641185608,-0.00398938144508833,-0.12318876498873049,0.001860785514011465,0.05111470814743413,0.004535770622897957,-2.4866180841839932e-05,-0.01792743374701476,-0.056357229095212256,0.017126601112126005,0.10770019456144242,-0.024650138560715868,0.13690312284360928,0.9684278776115167,-0.02255143362764039,0.001995854257406799
qwe,0.0026330920902445185,6.0,0.053156205612153985,-0.0033541108654134844,0.02172197813573526,-0.00027574994863837233,-0.14034113809073887,0.020322460467050486,0.06025101286346213,-0.0027591127190974294,-0.010310349653399784,-0.030810525029650548,-0.04034232895983531,0.012257161342973805,0.08927595508834049,-0.00651953454698508,0.09417129251789319,0.9762795309702753,-0.008568805352067808,0.005949753561487268
qwe,0.004350589758311712,6.0,0.059567316541593744,0.03139470806972189,-0.0465092560318641,-0.031343259082728864,0.02563425774303585,-0.04741215358346722,0.26118855761844956,0.0521880327296278,-0.09075946397483724,0.9413884073772725,-0.11746170022866723,0.02593882671450564,0.06042688708727941,0.002802418820767461,0.03161868855950038,-0.0680793502447219,0.0034363171896821957,-0.01572952468708316
qwe,0.00016217941547192957,6.0,-0.20143053983657988,0.04215330296571196,0.004267106422844116,-0.026193098963186473,-0.05106514108750078,0.2935826426837879,-0.8102933867934202,-0.06150736183545596,0.2507625339883261,0.09663486587591796,0.06350806303482953,-0.32144838797876857,0.01625887768620254,0.007870489383547567,0.01781098425437144,-0.15973434249071553,0.005129037852785179,-0.04494691371304703
qwe,0.005657407994232915,6.0,-0.07511125192224734,-0.006558819740664412,0.04383715268375683,0.003292927079261532,-0.02539423695841744,0.10107833514217493,-0.3824800457312409,-0.05365044141584976,0.1522084582391878,0.8720676568382191,0.1451391113283111,-0.1587942628512886,-0.04158323699041201,0.000855845941298997,-0.0214147146042007,0.011924914339565834,-0.008242340191638664,0.0016339525106897192
qwe,0.003400816947271154,6.0,0.006463152306413884,0.03436560039628206,-0.3720740365760216,0.054247720808977724,0.12378276236177949,0.0038040882885646927,0.4706848877880926,0.19230145012664546,-0.2928479343147101,-0.1783790545134789,-0.42629529415221346,0.005796146154699618,0.2284628206860614,0.000206537492732567,0.13422765464193404,-0.4476030100488058,0.054432083535343755,-0.103298737025808
qwe,-0.0003759359727194877,6.0,-0.2259270723776557,0.23521489912147664,0.08946515912395922,-0.34496759216599093,-0.00994342825789686,-0.13102643475244624,-0.054221106483552245,0.3337666529764138,-0.23754399947006877,0.03004649004900068,0.17414856938681553,0.18133552994509036,0.21867527089240038,0.5475564971505097,0.3404538595553864,-0.07104273977194364,0.05045259104724785,-0.20817961138290533
qwe,0.0018048791325041987,6.0,0.04928384678967845,-0.07988803907945707,-0.025408198533870385,-0.9844375162179184,-0.006783836984651754,-0.0010606521627437929,0.008279681663669648,-0.07648481132257809,0.046577635959757585,-0.01608863589670293,-0.0354131332225314,-0.039415014930965775,-0.02420142496538415,-0.054264754136316304,-0.05124518950680366,-0.04235082756739534,-0.00022505358071344965,0.04769213626402023
qwe,4.95560559762904e-05,6.0,-0.27369620378381,-0.08335807238029391,-0.17381770327274917,0.1207014182282207,0.009437054772480403,0.0845683211647165,-0.7005006793399818,-0.16662387552946098,-0.2720383392288856,0.014073044711746483,-0.12318418840980724,-0.01775382238614862,-0.11703440392703646,-0.35137845377100974,-0.09484547001083775,-0.074250540783528,-0.2522151642006493,0.20658461044087523
ocran,-0.003614234682024904,1.0,0.046487000808704014,-0.11813329933536865,0.33251932920756966,0.06208371286496714,-0.45697876532854936,-0.05681910150084911,-0.07500210859067981,0.0021935038433427783,0.10142162201407837,0.08960101886571033,0.07861336977608502,0.020456900076905832,0.44198264320731095,-0.2886579976637948,0.35949897785161056,0.417047825583728,-0.16930137347171392,-0.12788733518904205
ocran,0.00011037609779013774,1.0,-0.14061845216801797,0.08077309564562163,0.1629978583966571,0.01084214493862993,-0.17669560337779885,0.49603364087475266,-0.06957641690125717,0.2534409550521793,0.1538795128027956,-0.11295803379519387,0.06303139015421258,0.3406031144483939,-0.05911380791783069,0.2395637567067599,0.46303135001459833,-0.05893414503050149,-0.296732693714068,0.2782871680588156
ocran,0.0034236910915134504,1.0,-0.4849093241493043,0.1480601838914034,0.09535930852712218,-0.02526410663486811,0.007182365068297401,0.10642593541031731,-0.3769022626802725,0.33710905014201675,-0.013999222964625996,-0.3454961518079703,0.3310401551229137,0.4236127106967879,0.15424959054768236,0.06041047195385901,0.12438659462877563,-0.008899523593421325,-0.04783756102508214,0.11069173851554352
ocran,0.05325051581490391,1.0,-0.09374334574208511,0.07719286106012646,0.02748565505416256,0.7977335524947526,0.00612725973199873,-0.07379033853733473,0.06404138386208333,0.13925067735437843,-0.025675805322926903,-0.13896601352292698,-0.17913696418836256,-0.05940167497336189,0.10840176862307481,0.11185729856939335,-0.03658082741642423,-0.11498577005846802,0.3266381721055076,0.34356916148642885
ocran,0.0006784938116513817,1.0,0.06966711193564457,-0.05890900089348494,-0.022939550575632312,-0.8561112621344078,-0.004427441957627991,0.029219583862571976,-0.010196174241041878,-0.19405896179219256,0.03327481720691686,0.25964606514501776,-0.18574952104308665,0.024979461413936158,-0.06916270366334275,-0.08356397183638818,0.0017145542637642148,0.06305911816259115,-0.12244223568317836,-0.29188904956887607
ocran,0.0035422910624054514,2.0,0.0675746044729044,0.12740390166012883,-0.37189075489329027,-0.0899719947545491,0.3824304632235428,0.16159810301500147,0.021322057429626704,0.048324576642082576,-0.25442341748748315,0.0038439675892533325,0.05447642347520121,0.06817043692033882,0.17781415408520665,0.29140997098275323,-0.474346443732893,-0.40618453167628865,0.22908527929689917,0.16210567988979727
ocran,0.0008499865801566544,2.0,-0.4189603569741082,0.06632999961833397,0.21098717194152902,0.11593008900869865,-0.07138554158714425,0.2310623623785007,-0.41999798153661533,0.31406092447612954,0.2355848612641225,-0.07231207428523584,0.2712293142119525,0.4363488517499067,0.1658379189464571,0.08975177805149485,0.08229084216340014,-0.053994573870294195,-0.09697368905343338,0.22193531530721355
ocran,0.05486333717370501,2.0,0.0031064984030957986,-0.02614651428930447,0.016566008094929936,0.9664828775573998,-0.026534587002980326,0.04712223640368984,-0.06759556173847862,0.01688598778429952,0.0813458111423753,0.1873222343914403,0.09996676345092302,0.05434469455799514,-0.03150478747469418,0.003374218045090501,0.029317064545570093,0.017272986105222977,-0.017498449368982077,0.006542098873754838
ocran,0.001017267899617933,2.0,0.04938307376275013,-0.063377149146715,0.028926917088228345,-0.895901898047494,-0.042922127738180306,0.011583246268526396,-0.0166913717723496,-0.1866851239713502,0.13483332075471033,0.32146557685888133,-0.1610259812757219,0.022954418293025483,-0.039819235641097864,-0.02496507023505339,0.03315059526279569,0.03358188197985604,-0.016126094452162353,-0.017007589077515133
ocran,0.0031720756546473917,3.0,0.050871409350904354,0.16020662756921103,-0.3272445045439499,-0.10402238480210108,0.515679978035762,0.08591150886883778,0.009766034860502482,0.05537752817336525,-0.14684023541329247,-0.07210590738738948,0.055917013409973765,0.040349329619559476,0.09778186850590065,0.29234533071280383,-0.48327660472307554,-0.3605389444818412,0.2573760753141513,0.14504277239516564
ocran,0.0022852501223031693,3.0,-0.5485466739639054,0.1573348170789135,0.1750401452444335,0.04257089352438115,0.10268026682746766,0.09770680127146547,-0.42202894960382625,0.2656540107942973,-0.10242475377463621,0.01755142007312983,0.1991524571808101,0.29759877147175834,0.2530131740071622,0.2469009684228687,-0.048307827944544954,-0.19845752268318095,-0.00416066627208449,0.2595821869687974
ocran,-0.00422106133937496,3.0,-0.041776802567178126,-0.11272451905794356,0.001128164647661808,0.16374023594913117,0.13445066782784482,-0.006101042188788532,-0.11973444926195378,-0.36838445004079645,-0.03656067367688738,0.44646228102907126,-0.6858411620209469,0.08958456639278772,-0.052637419512767264,-0.14370049451051603,-0.08192334511162767,0.24114794724969993,0.132123956847883,-0.07594942734538829
ocran,0.001903129854849886,3.0,-0.11495350249628142,-0.07193905621495528,0.01098657499036252,-0.9408560264729238,0.049494272452891064,-0.01085723074102067,-0.15559699216006095,-0.1514876986318871,-0.15968489852555875,0.08457267895562438,-0.003218810688508306,0.023348603889620834,0.049820147186215226,-0.06429442192679018,-0.03182156794049192,0.04982477499958212,0.05358430945620278,-0.019069518823353965
ocran,0.0018186006486963335,3.0,-0.6280605328206104,-0.042681437841786116,-0.27974464187074,0.0220962620549159,0.23820249590673168,-0.12657135033675096,-0.20102668759396003,0.04240318545707754,-0.5525055684819064,0.030950279273754606,0.18068120687934447,0.007887602363152701,-0.16072395596362452,-0.03369661927977447,-0.19354356496009514,-0.0010456056689294748,0.07998775731476009,-0.01575827969764725
grims,-0.0003649139173267903,1.0,0.006489950287929367,0.0289792067411897,0.07650435875510495,-0.023253612287993997,0.03720656445706781,-0.06586427361116247,-0.037905426967105776,0.035310417056850396,0.03609176544100444,0.985446796571768,0.01919051414246094,0.022982015030750872,-0.041215101512314806,0.048977395700572336,0.0008682360506724841,-0.06011705048430295,0.012220438411990447,-0.056145213166059894
grims,-0.005883164297733206,1.0,0.04500217684097574,-0.08644969914969472,0.060783934402421975,0.133367111700025,-0.03204658322341701,0.0014485448096697043,0.14497322307314722,-0.07441860171013358,-0.0311991151717247,0.18687451818778147,-0.21952130554842067,-0.9000490670449784,0.0956397960176149,0.052013713544014725,0.06969023086931345,0.04763151264112617,-0.10036562113067968,-0.13494737415813585
grims,0.009573817527647605,1.0,0.0003620239575391791,-0.1878532502920376,0.044857700502240465,0.27633879271172046,0.031623588530232394,0.003176172996789355,0.036434717833518246,-0.11043808226043927,0.03707402231453952,0.29569057603090254,-0.12998384144037453,0.8019340261459617,0.08218952157871409,0.069705161403595,0.203892625055044,0.06612796047021981,-0.0445483881024894,-0.25190575371347407
grims,-0.016036668405063518,1.0,-0.05401929902867592,-0.05018607872184333,0.06947781508372002,0.0748267599311696,0.16232294171723513,-0.02510238586648772,-0.1089745750303752,0.007318740208037952,-0.05534561522925651,0.1403529774984211,-0.06715867722083987,0.8827272953806736,-0.0723021118484306,0.18496921628852311,0.05764229934205608,-0.2194884434601205,-0.024102836588600005,-0.21732313953078217
grims,-0.0017342550678434963,1.0,-0.1296335434711731,0.09025543516482115,0.322898679656987,-0.08540855350125924,0.3095579334253822,-0.3420724161244646,-0.34240309769840427,0.03178228282003119,0.22455474706892992,0.016659168471284812,0.20787936348377586,-0.12345496491060019,-0.23131192821273316,0.3277194929225556,-0.030066358502265293,-0.4072344673419092,0.06870999859251163,-0.30145268256428603
grims,0.00443784930574435,1.0,-0.02686029518645902,0.02412586736342134,0.10261435788884171,-0.01515302400758506,0.06389787489987818,-0.06847530187556036,-0.09246603674135047,0.029310982418192362,0.07978162732615135,0.9740233103982514,0.04460200282235267,0.005166638647541257,-0.05172317014896653,0.051145824475426156,-0.01893262522678312,-0.048203026584388096,0.029375219613639394,-0.06178695738497929
grims,0.0031802449495938988,2.0,-0.019202536946830183,0.019369153802887396,0.10624790696394139,0.021534696474251536,0.05758708784192278,-0.06580529225952286,-0.0821550979048501,0.03184886498858621,0.07702639879970836,0.9760599175081001,0.042678819624656236,0.025011886062835796,-0.047629100523948587,0.046589387812194946,-0.013225099503719428,-0.04697066415939455,0.02860713007341251,-0.05815149698110682
grims,0.0022541758211440614,2.0,-0.0011643398648446227,-0.08499136411948614,-0.07200501019525798,-0.9536836968500672,-0.06023518679642329,0.007000748543359788,0.07029204033534173,-0.12092078781309437,0.016832425603671698,-0.007544344976679455,0.008361676740489382,-0.13154318823322567,0.08389375724491892,-0.06930067927112063,0.057071611165830524,0.14528025691259944,-0.024633969207461765,-0.017686845297136884
grims,0.0022541758211440614,2.0,-0.0011643398648446227,-0.08499136411948614,-0.07200501019525798,-0.9536836968500672,-0.06023518679642329,0.007000748543359788,0.07029204033534173,-0.12092078781309437,0.016832425603671698,-0.007544344976679455,0.008361676740489382,-0.13154318823322567,0.08389375724491892,-0.06930067927112063,0.057071611165830524,0.14528025691259944,-0.024633969207461765,-0.017686845297136884
grims,0.0038085528320496815,3.0,-0.10410556509686954,0.04695362747511844,0.024998556385500404,0.020218372915843212,0.11998713831645953,-0.06899632388059299,-0.17461517039803048,0.044780491790459655,0.037246679653487845,0.9414127919116196,0.07692512575272974,0.04166391149044477,-0.08438393424839416,0.05796218031833571,-0.10965841623281422,-0.058221576093111314,0.08976402579216293,-0.07084660817829146
grims,-0.0015379418669304752,3.0,-0.010678868162507271,0.07455202789213758,-0.0037809634130313934,0.9203366579486711,0.0740641847290683,-0.008985645630280878,-0.12326559867664219,0.10970612722406446,-0.010190179967353195,-0.3172535228363895,0.04432906049164139,0.05020999692138656,-0.05924798919456047,0.03856663195350804,-0.057516539545478924,-0.02850021751818584,-0.009598810977669615,-0.006928324343878962
grims,0.010139618351225788,3.0,-0.1207789153601802,0.018722485446762808,-0.005239087034595702,-0.004820145620059228,0.10232700910518142,-0.06570109215937903,-0.17475260427482323,0.030547129871343164,0.02085266054676393,0.9483146202378213,0.06435611088926833,0.014893245274169594,-0.09389524813157184,0.023090018572728858,-0.1254081326271739,-0.02777409279365585,0.09306709972641619,0.011986175208215995
grims,0.003868493852718353,4.0,-0.1373826025838658,0.005489586440286742,-0.0002891775168557328,0.007765078404038245,0.10807963588798622,-0.06920191481729988,-0.18989930314607484,0.020640639909015955,0.007480059285488507,0.9402823570134986,0.08581389657459096,-0.007954884682793557,-0.10886463268447381,0.01908407979792562,-0.11947618493244423,-0.01617034158880655,0.09631454957216305,0.0208614971993257
grims,0.002492285433640976,4.0,-0.03688552424747159,-0.09238283761845895,-0.10152470288459127,-0.9509594457492841,-0.00018887116648638055,-0.031254653248138795,-0.0028081413617824,-0.1290324759380738,0.11636309254193372,0.03473318041183887,0.03491458953029023,-0.10861431105388299,-0.02096552555965051,-0.11616012514357038,0.007126545700767244,0.06633337435914849,0.10809627652051818,-0.0028783218518615658
grims,0.003648825640301061,5.0,-0.11330085661828285,0.03346811656804205,0.04387272806626317,0.000442903225661142,0.11181610162943151,-0.06837685432080912,-0.17584663432046949,0.03334745054463978,0.019078900766321256,0.9494256764914575,0.07583197766394031,0.018922588761971795,-0.07035554654013919,0.008797251661113786,-0.097691436464578,-0.01766105023528279,0.10980466763216339,0.009159732013104209
grims,0.002410423527222146,5.0,-0.022063186839565378,-0.0905948726270876,-0.03213546552877165,-0.9703101249173177,-0.047151121779424744,0.0007648174559168091,0.06703624888977859,-0.12590733345675423,0.062446372806970435,0.016965999025577473,0.001412840062202627,-0.1144699270484079,0.027845478435364068,-0.05845448574391133,0.03927603439055638,0.038139319507855235,0.04140325621971583,-0.002129079733634806
grims,0.0034275616090274743,6.0,-0.3852622336099855,0.06681079396646761,0.11603923819496868,-0.05192535129721487,0.34923436263288965,-0.21097490069850053,-0.51516547741169,0.10973356443856604,0.1177758360338047,-0.1758166914819972,0.1986087375804745,0.14044989916638756,-0.2792174624402693,0.00271665997784056,-0.26731629083159614,-0.0370978712972864,0.3635544240282693,0.010291045965525476
grims,-0.0010597740188896228,6.0,0.04307362642824781,0.16607225544398296,0.131512164377366,-0.10847219422165873,0.14524400615864042,0.0013017665711353408,0.12001033793907069,0.22556758248630981,0.47291628277422665,-0.015251857290915648,-0.07201240344009434,0.6185452492279777,-0.22573859115780373,0.2334872032491144,-0.054111256874234785,-0.35253040313119804,0.1031328376793473,-0.011813070841860033
grims,0.0027214419396440277,6.0,-0.011401798818240447,-0.07820736117317212,-0.048382373648038914,-0.9420258756883741,-0.08293829722059301,4.530319817937553e-05,0.06945356261038521,-0.11801042541551249,-0.07595491440743109,0.21490801633792364,-0.023796182954427005,-0.11135081413063815,0.06366532323315832,-0.08139523500023621,0.012750852513847126,0.0472574558494613,0.019013843955873213,-0.003908976019036983
grims,0.00025537245919677546,6.0,0.23577090074166762,-0.007121749101794972,-0.5632816022135528,0.030882177002655792,-0.268157891425425,0.0015950289939661224,0.11676886502083954,0.030341975733409455,-0.5864892046136446,-0.05774309008500133,-0.161095000152741,-0.014358469264644286,0.26888815012887207,-0.09841510280212545,-0.2179537329012613,0.009486384753141841,-0.19064536355281492,0.016347072035421857grims2,-0.00042958362931690364,1.0,-0.009807688252950472,-0.01515258602947972,-0.023490275011008307,-0.012937105318470216,-0.033583001176166326,0.041101402705023674,0.035719035530721005,-0.025823062109808,0.009465161451379387,-0.14938136757844955,-0.004650124000705975,-0.021261801922222275,0.011189253594926004,-0.18071494989445955,0.03456966889709595,0.1830713574002897,0.064557502356216,0.9485020852377478
grims2,0.007763756095888474,2.0,-0.1110050645206568,0.055302182553150114,0.08630992177283382,-0.002672801374506077,0.08640632830864568,-0.07835463720868796,-0.12517853725686115,0.0427976279066605,0.06583013855494078,0.922330791334994,0.05897404064656624,0.02431401974363728,-0.09358203557119603,0.1328496099299253,-0.15957060927410666,-0.0996932949404177,0.08407435771987587,0.1344720819518225
grims2,0.0011107230156640138,2.0,0.08560237758695245,0.012444830751867975,-0.03731816230595152,0.013809145312045235,-0.011754234625618655,-0.02527590805706509,0.029981521788318033,0.01884777550499794,-0.06219147695430149,0.016950871639706436,-0.016749738286178498,-0.0373478470778337,0.03260839339128197,0.04436242497523222,0.006318797078634509,-0.028652771809848335,-0.0905025733172838,-0.9853879306712616
grims2,0.0025744528034875665,3.0,-0.10373085461235583,0.032739766659492964,0.07422964708457977,-0.0051399622610432336,0.08615817619060488,-0.07270153456560419,-0.1128558655755208,0.03556491383510599,0.060496240854608495,0.9485518867198393,0.053531973161528155,0.016031630219783675,-0.08231251739110948,0.08926766986205477,-0.14004515862768185,-0.07415931444857025,0.09006829803181564,0.03767924437169008
grims2,0.17793238750480414,3.0,0.004984553773723314,-0.03329836641964351,-0.019575958140218168,-0.9867806008354889,-0.020808127160676558,0.0003793705113097712,0.03175211268513174,-0.04198508035762478,-0.012281670580885501,0.1314574001398706,-0.0012476178825862813,-0.011087502411599219,0.02048295155151318,-0.025336195902586362,0.002837479221541564,0.05249089856838308,-0.012724051878843377,0.0001920847169945421
grims2,0.0060156701549427295,3.0,0.11380662660429748,-0.35858208901115607,-0.32485770359009003,0.47974251258360434,-0.23092431138711977,0.04517100257240569,0.3742911131866497,-0.26361870862156317,-0.31566994217103067,-0.09341580192568233,-0.17493812103047585,-0.172026278046122,0.20453108321078026,-0.16651831396072247,-0.04182577637771177,0.05785566889670506,-0.10605038036275735,-0.05789069174792204
grims2,-0.004019537651587336,3.0,-0.3010812943442259,0.05832859925108036,0.18516992398530635,-0.011938829187859264,0.2994427618157931,-0.2673032131424857,-0.3505217646946538,0.0584711832382585,0.17838504357629184,0.06788977467129734,0.17876843682047147,-0.028637272687506002,-0.256926090464579,0.255550731263251,-0.5002656096119171,-0.2496743432289162,0.23501548865016902,0.12551935129737035
grims2,-1.1102230246251565e-16,3.0,-0.09644417196769657,0.03134329496321832,0.06851591866654129,-0.003196689672754681,0.08307058361606282,-0.07590687311442539,-0.1137700605290294,0.03831734140316827,0.05824313758336458,0.9479152552833577,0.04993928119035247,0.021767615364683864,-0.0773813420056889,0.08083983829307538,-0.15926049384874372,-0.08534854792768609,0.08497625220758215,0.025327837789094868
grims2,-2.363555064317694e-05,4.0,-0.09227878624069254,0.033028778570311834,0.08249096753959094,-0.012338090842298675,0.08750764899409744,-0.08325437692793632,-0.11699278604599406,0.04760152132394109,0.058003678807874264,0.9452529742912232,0.059807790280336844,0.04039710608413937,-0.0815560545183774,0.08057625576426952,-0.15020548846898538,-0.08391459120485613,0.08538318749835427,0.027938704756290858
grims2,0.0032288105103120447,5.0,-0.0911919563363802,0.033151207417313144,0.09868424577897829,0.006022977624042972,0.09357844497499533,-0.07924150247819611,-0.12167453981787713,0.04065526567157458,0.06828483548715161,0.943043383257543,0.057313112338852765,0.03453356210693575,-0.07706065210877434,0.06025657169039709,-0.15565103079605855,-0.07808172082797583,0.10304869494575555,0.018255157475821394
grims2,0.0015069180641832988,5.0,-0.002176661640682059,-0.09213151752607637,0.0045373714156157294,-0.9122159134317697,-0.028659723083341804,0.001232104501977019,0.08588802353991003,-0.09068337968278278,0.0018464757049089459,0.3207037428411277,-0.04539106559063228,-0.017896591546162924,0.01945113427820983,-0.1474698251585388,0.0849358863980427,0.017731802605311504,0.02979394622908256,-0.08454954546244636
grims2,-9.162441581779039e-05,5.0,-0.0976049845355782,0.025746569823865362,0.08466418087867178,-0.0071002462908303044,0.0945992499176497,-0.08119810216109548,-0.11687397270352363,0.03691008487827411,0.0642760354358327,0.9548873326082722,0.061785516557777344,0.027097155040927755,-0.0788663997660963,0.02667451853759558,-0.10466414646459178,-0.06512733912615164,0.09675816665784893,0.006726527804404241
grims2,0.0023637612377222154,6.0,-0.08918253565941976,0.036186156774807854,0.1020967640326904,0.01059277902656652,0.09978013313326783,-0.07510583904614827,-0.10996127222479701,0.04412795600986262,0.07151938171520664,0.9526004714789165,0.06358369904749797,0.042375481139567336,-0.07750486496264014,0.018710359254994098,-0.1063788374127241,-0.05375428595400334,0.1075793317308714,0.0052667172984876475
grims2,0.01181094656342692,6.0,0.01666157003452158,-0.0987592848618234,-0.028928482374697435,-0.9654907578755382,-0.04849069443456524,0.0005568124612774289,0.10322850525171955,-0.10067886159439736,-0.07683732186112655,-0.05007115635898892,-0.06950276342885854,-0.0002888289606330644,0.05630710748017789,-0.09493306498421133,0.04375323204819137,0.024641705366659564,0.0002880389997981553,-0.07661258882032088
grims2,0.0031027575138022844,6.0,0.03125678565798213,-0.06702585603687061,-0.037134962444465604,0.08682471545703596,-0.04089757108694751,0.003936500817233738,0.0779076064000438,-0.03515484408215007,-0.06196718134387948,0.9794855502806976,-0.031101965978256423,-4.7759755537559885e-05,0.038810099787464344,-0.07955698423741782,0.0281210073977345,0.016498334368709514,-0.011270960328872745,-0.05826386699910421
grims2,0.15588122055528872,7.0,0.15185416135726298,-0.052486663774876256,-0.10976960267176608,0.015365843750055109,-0.11654566365594218,0.09783184255567459,0.1515515730686497,-0.05549039173412004,-0.08337503557820657,-0.9081197677637334,-0.06906231296150671,-0.029625087767921762,0.11378234765896732,-0.05828871801042653,0.1947464582258199,0.0693892373281538,-0.12444702950862947,-0.029098062208699663
grims2,0.00297180589698986,7.0,-0.10936681052196566,0.030686443112366013,0.07452470014344273,0.0014681278275381331,0.08827027302049932,-0.09026961572160579,-0.11875798922640263,0.041345830165817624,0.03789020396659336,0.9526430879531417,0.02762426004037955,-0.02816855889160318,-0.08142868923005586,0.036249424158477456,-0.15174796928896486,-0.04195964012163266,0.07701579026386438,0.024550857162764738
grims2,0.018887904564009725,7.0,0.039923713822843425,-0.1806619121852343,-0.08693490031283095,0.24223235526639736,-0.04418088826820011,-0.18030593516020466,0.14551081789371423,-0.12678785404759885,-0.10978393374397473,0.39888035350764167,0.19983187643984715,-0.7315795285751182,0.03939949463899172,-0.18923462112802447,-0.04873485894149253,0.15723616663054543,-0.12508992034224403,-0.03761858290842092
grims2,0.0016728408767719058,7.0,-0.2888759710486816,-0.3630271039868467,0.05063420318466417,0.5884194829279955,0.20118301343163278,0.001392954518624825,0.16068780921812192,-0.1927444510620018,0.21853215061032627,0.03364822306341626,-0.0070650869237792015,0.0044890045968082725,-0.16259497406530976,-0.1274131807639356,-0.2274202500101497,0.2890000671437981,0.23860519366909894,-0.22070315372330657
grims2,-0.00474279142130722,7.0,-0.13425182649431272,0.0330702751806643,0.08343309601983315,-0.0031548542021278218,0.12603252310162003,-0.10943084206011265,-0.13847264568066803,0.019647333461201455,0.08598235259959312,-0.03997266932137364,0.07793487901421843,-0.015425394782822717,-0.10837007060300391,0.09394312973670652,-0.06046659957903088,0.08599710054009271,0.0690793647101713,-0.9353053785445123
grims2,-0.0006623442426868853,8.0,-0.005788657855293345,-0.04372199459765971,-0.0450756829218397,0.01754741642960153,-0.020768219084756498,0.03616451647969786,0.04129448489115029,-0.038433736159180006,0.004559148070710256,-0.29709240200213316,0.0023096288866352945,-0.02459793593352019,0.022909919016486244,-0.07163871478296806,-0.0643233406249906,-0.04562391272180485,0.03817746046448829,0.9426372451746955
grims2,-0.00018800007255653713,9.0,-0.11522791065020961,0.028405833849342366,0.09795719690202277,-0.007391371865764016,0.08761366117286358,-0.07595606596717093,-0.11772696419589768,0.0326834599150762,0.06484133857203646,0.957285834153886,0.060319607344631376,0.02299498982750331,-0.08646930917461575,0.014432412733947731,-0.061698533010488964,-0.012383018999289723,0.10666097168815321,-0.01012072850299906
grims2,-0.0028093086415416748,9.0,-0.0069842080240001,0.0955672382876352,-0.009860019058322726,0.9566790234803382,0.032415650472879795,0.009324839925268837,-0.09435467451824385,0.10335393939167678,-0.019646458375966874,0.003541212358381958,0.04730097178981943,0.0322022747128891,-0.034404071916369586,0.1465313240428246,-0.12893985580026954,-0.065463125430671,-0.02593200294177321,0.08277828472778276
grims2,0.002681156085739684,10.0,-0.10777603618692892,0.028930881149439425,0.1052383772170631,-0.01728159305371239,0.08778803523537863,-0.07594074815518415,-0.1136829447015214,0.031365795742785335,0.06520017097206147,0.9615039730851747,0.060715568616286145,0.022811397263114885,-0.0745007737713522,0.030159383937767265,-0.038323322739560656,-0.007125241119326379,0.08865569944615632,-0.0022964425886668463
grims2,0.0045608174182276435,10.0,-0.009394808338367104,-0.06981459896098519,0.0002194757345109032,-0.9788443465162809,0.012121974722275804,-0.0830330585249411,0.04109160931259095,-0.07071657614863826,0.07692837261586098,-0.005112136778835423,-0.00561104394992757,-0.02909651165265278,-0.00802810365124283,-0.061299518455874134,0.09477972724618668,0.039581700123444474,0.03509434786073091,-0.027290461514577563
grims2,-0.0024916323702624935,10.0,0.09082788941290906,0.014489577378014484,-0.4887961871012427,0.008895810677989599,-0.20711940244415886,0.00019659983376802616,-0.03610374246783949,0.016293075152916926,-0.4702679092272752,-0.06684660387747379,-0.18418200667425483,-0.08082994708310033,0.14783050944108717,-0.06686096409736146,-0.6045821268303277,-0.018520207978947083,-0.22222104635761888,0.020644954402732587
