Username,Adjective,LogNumber,Label,1,2,3,4,5,6,7,8,9,10,11,12,13,14,15,16,17,18
grims2,-0.0003508401349294,1.0,-1,-0.1393870768100304,-0.1554562136008425,-0.0177125836951675,-0.0542226588089293,0.0071263255829319,-0.0292077085083323,-0.0007216217116357,-0.1779407189660174,0.0399011581157129,-0.0497747703279957,0.0609697730158258,-0.1670092451142829,-0.0334163084481582,-0.4736730955391435,-0.0129181333334222,0.5513991051604833,0.2803201708203655,0.5259604064874025
grims2,0.0006139126473327,1.0,0,-0.2755008508418215,0.2129461188853758,0.184533238716211,0.0106840274659436,0.259769183621823,-0.2239084194060889,-0.294635132549078,0.1145044019932916,0.2145286435959795,-0.0145121222661575,0.2114626022414591,0.0233077928869796,-0.2646661689399474,0.3137678996081712,-0.3506033119986337,-0.2569486294369543,0.2107953440947738,-0.3656216338387655
grims2,0.0050839130339899,2.0,0,-0.2961094428753413,0.2357991284307078,0.2289292365010603,0.0132008921536715,0.2123579561926638,-0.1949834552918275,-0.2957738598274755,0.1628176465479548,0.1981750036465508,0.2539651007012998,0.2232719755700362,0.0842080485831986,-0.3199336268794585,0.3344235739767296,-0.2911565801035095,-0.2250972101155705,0.2443522306295988,0.1922767543253976
grims2,0.003778942806694,2.0,1,0.3834859480469395,0.1697436620169585,-0.1680057199641944,0.0341276655070293,-0.1048342751838225,0.0454950567133299,0.1477224124832795,0.1622108123274288,-0.1625399984993482,-0.0512552061038253,-0.1378531352139819,0.0593814499128533,0.1604989160877772,0.1896745833987574,0.044489223057766,-0.179926452407567,-0.3192823824700004,-0.6956538749534021
grims2,0.0031053937043869,2.0,1,0.0018773172130334,-0.3487714507338442,-0.2431165156421345,0.1872980459643601,-0.0899372282526522,0.1164788085455412,0.175867012762299,-0.4351615494022266,-0.0685460704140374,-0.059079137857783,0.1829034141785482,-0.4747683304974893,0.1953220065565788,-0.0915200870283215,0.1929183934043591,0.3298944884686155,-0.2331097777642763,-0.1680944929207536
grims2,0.0032496635258806,2.0,-1,-0.0789539226262648,-0.4454250934823434,-0.2000822881489602,0.2334936757723906,0.0096766679431333,0.3565911654956983,0.2586969065377993,-0.4231687020139222,0.3172741099190466,-0.1123359994505814,-0.0573675693835501,-0.026033344285287,-0.0263304125574895,0.0776644352158519,0.3687558169186416,0.075746943279356,0.0531065613630262,0.2429999670243205
grims2,-0.0043471899666584,2.0,0,-0.340861235211918,0.1487683907281769,0.1626910632274424,0.0166185238954177,0.3260837960783845,-0.2866588703477938,-0.3109598847869488,0.0960846498886016,0.2329291980356711,-0.0706957671929257,0.2462014121474457,0.0191994743625382,-0.3139145417896513,0.2668507619710682,-0.3208319311241724,-0.2326709425117238,0.2785988716175692,0.1258142023084244
grims2,0.0048348581760637,3.0,0,-0.3288779532404062,0.1434071139401014,0.2529913537688931,0.0104606580218491,0.2646787928128664,-0.2305067036111029,-0.2941115171913886,0.1171105666450956,0.2281078423783615,0.3750164526881275,0.2493988847191111,0.0437043463495619,-0.2931998791537377,0.2063413794132277,-0.2663859280942416,-0.1702683573253015,0.3063269616735196,0.0681369884233279
grims2,0.0028613238246036,3.0,1,0.4321753156800153,0.0095669913937619,-0.3919711416208329,0.079421620279098,-0.2965708818660288,0.2898187556303576,0.1640865615501051,0.0780767703812384,-0.2988661638229408,-0.0071834728415434,-0.2890179208753989,0.1244887483511718,0.2818576407048625,0.0840941067484789,-0.0365106847418969,0.0101775107708001,-0.3423965685779058,0.2337204635757675
grims2,0.0019815629081141,3.0,1,0.2158194342861606,-0.2935526858329383,-0.2787537789197249,-0.0019702581919645,-0.3473196289846059,0.2673752426430874,0.3349436327877367,-0.256440633674399,-0.2936096656685267,-0.0291006379133365,-0.2204650834092341,-0.1173351945706023,0.343181049480174,-0.1939895977126167,0.1732289885231666,0.1945620963250212,-0.2162485979983555,0.003812084147209
grims2,0.0054819504143035,4.0,0,-0.2611722235936899,0.1325065937119538,0.2157614150277361,0.0136297704779775,0.2218353689239873,-0.2339130667378823,-0.2577049072076793,0.16688406790534,0.1847894893301234,0.5283195607242771,0.2329044772401703,0.1304821542927562,-0.2610061643083576,0.1894780776873212,-0.2719892015998407,-0.1883644771634937,0.2555230067780584,0.0773800871406742
grims2,-0.0188981455073727,4.0,6,-0.4681438344345846,-0.0645914526519972,0.3363742325824346,-0.0499954133780996,0.168281983933435,0.4003973645983409,-0.2005459906239321,-0.2145209286031514,0.2173865071332506,0.0365459475618391,0.3095410536401722,-0.2231263306356901,-0.1769419212805794,-0.0202581941650052,0.0425232642330004,0.1227743901465279,0.3073785922583439,-0.2210691997806624
grims2,0.0021347880190491,4.0,1,0.1731580187078127,-0.307422270790468,-0.2842452310890212,0.086021812868301,-0.2556417548005144,0.3067446416679086,0.3237701951175172,-0.3115882866507012,-0.1835078039760165,-0.0488530098151157,-0.1232427057481087,-0.2001133591557041,0.2890224592536561,-0.1925061099879067,0.275218667396799,0.2721137439359841,-0.253491021149243,0.0040030359841922
grims2,0.005265735199184,5.0,0,-0.2979974728830365,0.1014499299998513,0.3001149627007746,0.0130426774169477,0.2791598583952472,-0.2900368167236503,-0.3070810966362741,0.0938423055449262,0.2355216173666603,0.3022280237876795,0.2747967167669945,0.0430216796372023,-0.2659586007320095,0.1170450326719527,-0.305136102051608,-0.1531379018753727,0.3436483788312429,0.047394743181761
grims2,0.0044175301153287,5.0,1,0.452796726348999,0.1487918297477267,-0.3324090806842674,0.0484530693624719,-0.2080485435553198,0.1394539504161369,0.1572716373294002,0.2182629710103011,-0.2680136189884943,-0.0449390798012395,-0.3008841437547915,0.2159699822383892,0.2708071260125224,-0.0686464622349105,0.1761577095635817,0.0127106058910798,-0.3962290144423515,0.218227948760439
grims2,-0.004338804725599,5.0,1,0.02307479822211,-0.3363436100192885,-0.0942049638408605,-0.3936790155246116,-0.1839983338353478,0.1717614363068993,0.1510922346966114,-0.3627209466947619,-0.2127169005253857,0.0345397813496605,0.0146331331294195,-0.353255241792826,0.2425946866972234,-0.3918252543451154,0.2107408116545864,0.2570925622013505,-0.0867763842766534,0.0535496221434438
grims2,0.00137333438212,5.0,1,0.2788919581533938,-0.2267079058881721,-0.2286020893761798,-0.0738125163852383,-0.3374227017889144,0.3089319515571406,0.3773493779331759,-0.2048820615123263,-0.2091821795893351,-0.0975005734271482,-0.3084163008388135,-0.0516482070063144,0.2814015329359047,-0.1645739334514442,0.2719568441045955,0.1467573824709474,-0.2478950633151398,-0.0719724852530269
grims2,0.0031225777954227,6.0,0,-0.2704354340557048,0.1713065341436084,0.3006056938420691,-0.0302106199707929,0.3202282546382413,-0.2698183638283626,-0.2582765210923458,0.168952787518766,0.2484216365306661,0.3913937543390913,0.2205457574607937,0.1511095599647844,-0.288942875595615,0.0959152146441737,-0.2129152312621887,-0.1356851025419343,0.3035621593674688,0.0261618149256338
grims2,-0.0016433415005354,6.0,0,-0.2308905992494127,0.3112754349293338,0.2320980971144209,0.1815574476934498,0.3417701653092302,-0.2418314777679568,-0.3553424038975637,0.238760631442284,0.2841468588074007,-0.152438848106599,0.2584268500946261,0.0443585920240034,-0.3217466838538303,0.2473796338024027,-0.1916329205703775,-0.1096790041918269,0.1336105727335321,0.0186844897928857
grims2,0.0032660223492491,7.0,0,-0.3895884984465479,0.1610020413265295,0.2908864888279441,0.007844892210232,0.2691465649201215,-0.1844258081938338,-0.3200757770076438,0.1437599862870562,0.2250810881797944,0.2104040398606589,0.2702412596949997,0.0737902705541932,-0.3320724587052051,0.1209012110937182,-0.2882801274229761,-0.0965788912193454,0.3361553934921429,0.0657661156637928
grims2,0.004583432390698,7.0,-1,-0.2451064925658135,-0.0370269624979679,0.2574348985654584,-0.0500473710639662,0.0693509025438974,0.3265178538059585,-0.0373187736665293,-0.0968938054729327,0.3376100092137861,-0.0277003978595959,0.6504395163094446,-0.1073877238788116,-0.2147934562212312,0.1261509810260883,0.0042462384627942,-0.0327339668278294,0.343525587094967,-0.1306468488424713
grims2,0.0040552421593915,7.0,-1,0.1550595351884585,-0.0702608611605031,-0.1637298139390606,0.0405693728520302,-0.1183531404523012,-0.1455201526606108,0.0647928426656788,-0.0032654931314703,-0.2919062570572766,0.0413103306842032,-0.420470800496042,-0.707383112554134,0.1914853765547504,-0.1332797276074747,-0.0232069739832589,-0.0065960805979021,-0.2447239693600245,0.1554666289148744
grims2,-0.0029419510274042,7.0,0,-0.3312055625616387,0.2328135332748151,0.2367680888421305,0.0046474611863481,0.287140302754363,-0.2381729281051354,-0.3046370496967024,0.1286115176496081,0.2387811857903871,-0.0892804795716285,0.237471073110923,0.0389530862493861,-0.3222470103627676,0.2708582289259175,-0.0521375795977128,0.1197774661300172,0.2068566063132371,-0.4141741220104211
grims2,0.0039284787068397,8.0,0,-0.2558845453091554,0.2667151538046572,0.3065076409880851,0.0003805958454571,0.2127215580447932,-0.1989740098433618,-0.2432169383275011,0.1804857438229559,0.2051050104594413,0.3296853996435316,0.182593362447369,0.1139158913670567,-0.2894797894516918,0.3135435088674168,0.0965757339745674,0.0855035178258123,0.1398673368455855,-0.4212860975747688
grims2,0.0027802260685411,8.0,1,0.3489006638574322,0.2181915193887327,-0.1234437374656565,0.0312979077119169,-0.1962926524552393,0.1903291492687706,0.0944944944890771,0.1505921621854196,-0.1809781287401118,-0.0407726626235887,-0.1818673785254727,0.0601632971059167,0.2079370963131214,0.0270759753960072,0.2606465458162252,0.1511599301754051,-0.380199245367565,-0.5980472031862155
grims2,0.0018115272297975,8.0,1,0.2089373827125613,-0.3016362656337036,-0.2315756279427731,-0.1422310024674596,-0.34887179256996,0.2472414325452691,0.3058945443501088,-0.2575539757493035,-0.3002808079716501,-0.0223104398554849,-0.217594370286091,-0.1288686859441236,0.3484658135189183,-0.2459059885311385,0.1471846150126752,0.2278829440527595,-0.1955309166246455,0.0203272020945089
grims2,0.0026770553515917,9.0,0,-0.3175511623942924,0.1853866750610338,0.272531592811531,-0.0316337106044016,0.2673573530330446,-0.2881097759572344,-0.2671673106178834,0.1988572694319093,0.2621303177815062,0.2334055612113746,0.1715488886179789,0.2240872884841954,-0.3460608619300316,0.1303808049961561,-0.188307076366419,-0.162597474337822,0.3497941298262297,0.0162419703081994
grims2,0.0017087038686782,9.0,1,0.1532469768857536,-0.3577056134896635,-0.1171236020166867,-0.220178807516934,-0.2517998504924523,0.2387613316632836,0.3532074224680936,-0.3584338383480379,-0.0640283112911213,-0.0419339497117658,-0.2059006529997056,-0.1166522359973756,0.23853420007169,-0.3735521029991089,0.3150088465688129,0.2290808690664235,-0.0517743613902931,-0.0059270701094717
grims2,0.003273900294404,10.0,0,-0.3875481874464526,0.0746629828191722,0.3224183975259405,-0.0069529537235745,0.2683241094500127,-0.3059908184120425,-0.3056362884570041,0.0710779939978119,0.2404015064517736,0.3738629285764716,0.2732119105221967,0.0931509028593856,-0.2475468213294538,0.090942327824359,-0.0911767604869443,-0.0144844077272735,0.3422781034988428,-0.0045382859796658
grims2,-0.0002075481364002,10.0,1,0.0168470160670208,-0.3386109193129293,-0.0962203946203729,-0.1757364525679166,-0.0625813068246803,0.1206906341047995,0.1210751090919807,-0.3579097516981202,-0.0142596878205322,-0.0470880450728278,0.2010403183146963,-0.4687585794389003,0.1289416027905427,-0.3030190428560133,0.3704261555672622,0.4008095217806711,-0.0734307800403722,0.0969594372530012
grims2,0.0025576140591545,10.0,1,0.0343025132110665,-0.3892160163167127,-0.0394745583308993,-0.1782861112819847,-0.0888742909108038,-0.0351676246396628,0.2964772913186912,-0.3882788057393612,0.3094780168163684,-0.1085797688736634,-0.1281310279064638,-0.084339433336911,0.1180818933793969,-0.3466205300437763,0.460083375960482,0.2805484396905346,0.0659404009188849,0.0792283042498215
grims2,-0.0020675019388291,10.0,1,0.1108114082417258,0.0519555693796116,-0.5214809586296014,0.0154844433777746,-0.3058348540091535,0.0993010382533402,-0.0067952246510577,0.0245457716526174,-0.4782506995580055,-0.0474443075633661,-0.2590755440811665,-0.0475391351768272,0.221560617977386,-0.0655003823877714,-0.4340719877087465,-0.0025852689019607,-0.2517106124857758,0.0572481732855936
pedro,0.0010842838401392,1.0,-1,0.0005769456408817,0.0809335680686921,-0.0982267614247805,-0.214532539380034,-0.1751371200825208,0.2564068252769301,-0.2021294736068526,0.1774613780815693,0.0887964372780274,-0.2730059596143048,-0.0605066836818212,0.1952660089957102,0.5000462157877846,0.2508779896251707,-0.298700185203523,-0.1907020860342075,-0.3661103589117439,-0.2686849136619458
pedro,0.0007101825611463,1.0,-1,0.0169314204308608,-0.2935813829988926,-0.4115090118790053,0.3362527467827301,-0.1246254727550835,0.0825641847691876,0.2545200526914122,-0.2826066703024322,-0.1684218677131213,-0.2441727923009634,-0.0949217582355749,-0.2476982796103516,0.0858304482798426,0.2370594359108039,-0.3446351186251392,0.0013477823861166,-0.2718629390217793,0.2225372879657521
pedro,-0.0077506212661212,3.0,0,-0.0556869913290423,0.1589417036151602,0.4576190803795574,-0.36850100532133,-0.0152298756643432,-0.0185243601599062,-0.2309387068365112,0.2230661909577209,0.1866547972149475,0.2388909750915296,0.0706424743738165,0.2451223148435732,-0.2102419551523427,0.1919046688614829,0.3210883727679804,0.0654965338144052,0.3192164324424493,-0.2747034694579269
pedro,-0.0001243255868553,3.0,-1,-0.2534282520791229,0.0344108121703939,0.104186472184499,-0.1494199805437371,0.1182050018700186,0.0666198959603567,-0.273978181458421,0.1971989211841837,-0.1105827617531098,0.1700138809981405,0.1145845807210295,0.3662926161820368,0.4193817617643092,-0.4578187921903832,-0.0926903409272432,-0.3525035443553977,0.1214109897452424,0.2180449843717804
pedro,-0.0024224884910378,4.0,-1,-0.0612555481725676,-0.1520663862284338,-0.4499046458508915,0.2281024701280399,-0.0586848882033339,0.0305605460306794,0.1102326853842464,-0.1915558267621834,-0.0339691428709249,-0.2942352268083602,-0.0749051077356248,-0.2044437842205628,0.1188820976267128,0.1384709887020554,-0.4403382983229738,-0.2887961584500374,-0.4289112323752725,0.1890675629107659
pedro,-0.0005315892221942,4.0,-1,0.1232049625119927,-0.1236116492429613,-0.392791492602576,0.2253691128394169,-0.2421543471880125,0.186947485573275,0.08044620556193,0.0642110480505233,-0.2980413523945206,0.0546043401404562,-0.2126031944999185,-0.3217813054890349,-0.2445291056523629,0.2534636436276161,0.1276699799971872,0.4471710192175377,0.094826002782377,-0.2653980728002969
pedro,0.0029429684892802,4.0,-1,-0.0100268744577405,-0.2226225449940719,-0.2007021136813809,0.2376607508479692,-0.186376155547499,-0.1482750488278178,0.1713253893699323,-0.3816152727102032,-0.6473430133309221,-0.1387141073891596,-0.0727611644112311,-0.3083148123461616,0.0165510418312708,-0.0081961239894847,0.0180028571732334,0.2206942120792649,0.0713893291975294,-0.1695763766696521
pedro,0.000382129460683,4.0,-1,-0.4473335173039046,-0.3195442732445125,-0.1141545759766489,0.2595637143356205,0.422955940869035,0.2655727232208705,-0.2901156252280404,0.1116230061291616,0.0902356114979382,0.1768295871500855,0.0628904271503762,0.1102773377354178,0.1189932727158998,-0.0989025837781326,-0.2617630880538559,-0.0924215148998561,-0.2816238494646119,0.1883878795541159
xxx,-0.0001051558672064,1.0,-1,-0.234700688656558,0.2393130491060658,0.0312067625027405,0.0491402511802872,0.0074003187277772,-0.1367025568852907,-0.0109191764841366,0.0559968381095597,-0.2713578604044412,-0.0726857558324172,-0.0775691978622119,0.2488644484463485,-0.2597087794587309,0.0243740506246775,0.71493005891949,-0.2948926842114991,-0.1292627528462826,0.1804214708263363
xxx,0.0207675755584878,1.0,-1,0.0153433083489977,0.2011791644595608,0.0448024970476901,0.0513184139524326,-0.2047574534515908,-0.1577257490241253,-0.004943532214746,0.0773845912376241,-0.2316190500458758,-0.0617691762782252,-0.0230556020963243,0.1608201439570205,0.0971649922097921,0.1128327002388385,0.6461540973504672,-0.2944547084399799,-0.2876585495068361,0.434556049694853
xxx,0.0014764690825194,1.0,-1,0.3070004595919148,0.3721129990076258,0.3251020911253848,0.062993487607541,-0.240420140885665,-0.1802769042077296,-0.1042190471909422,0.258904043361743,0.0092275660137785,-0.1368018758244898,0.0760015361413019,0.0712672848241748,0.0795541093171011,0.0693194236505256,0.497369880058255,0.1368265790964031,-0.4035617745156462,-0.1402816783027044
xxx,0.0003764357545111,1.0,6,-0.1611952804743161,-0.2564336637165593,0.0329831018942517,0.1112919531502858,0.0377014236697667,0.1253806290170259,-0.8471024465538034,-0.2033234436171762,0.2091304520890267,0.0189491500084462,0.0029080743043324,-0.0637359891189902,-0.0237266204104869,0.0656709741554557,0.0382595116458573,-0.2186219070302307,0.0815250643514216,-0.0988572366128614
xxx,3.754031625236622e-05,1.0,0,-0.340126646277498,0.1974938089622951,-0.2841206287867815,0.0290505972788821,0.326614401295843,-0.0719558778336097,-0.0579576243323198,0.1590978034679423,-0.0606920090607257,-0.0850335239643205,0.1416019172883549,0.0761178791022025,-0.2115019494538139,-0.0955632517258655,-0.2640656949080406,-0.1575806801776581,0.3579585404123207,0.5566816282433926
xxx,0.002652736438745,2.0,0,-0.4126892327554228,0.2561197444612445,-0.298751464949204,0.0348760500167061,0.3451963643535807,-0.1004600014578896,-0.0411012119596778,0.1920780886521939,-0.1256977231356883,-0.1149896693011209,0.1714447256865009,0.0972710644552318,-0.3598290530665392,0.0134168304403875,-0.3205190055938843,0.1560902778275955,0.4106434989578877,-0.1119209899494131
xxx,0.0007643419829583,2.0,2,0.3336447318776795,0.1558654158086774,0.3749252375664098,0.093373907097664,-0.2317093335849438,-0.1942267384110352,-0.1258742700470289,0.0670195790040554,0.1488885108284817,-0.0502627086996431,-0.0365948152305511,-0.111849130835638,-0.02262590038783,0.3080082557012004,0.0949537624157496,0.630511427572562,-0.2462902305089631,-0.0469684866492634
xxx,0.00346493563111,2.0,2,0.1075442579544461,-0.3271679035167035,-0.0215141027001083,0.0309682938632205,-0.1030076769575944,0.0196644941270806,-0.1787185377020825,-0.476725840205217,0.1156821392766966,-0.0369096375455517,-0.5304957033820741,-0.3926156897373015,-0.0387887189615643,0.2198371559789673,0.0239223304266697,0.3066811085691401,-0.1199217247373918,-0.0247224061644882
xxx,-0.0242396558235061,2.0,-1,-0.1060081686385773,0.5088369660370942,0.0932116226752317,0.4012428022412626,0.1283272407108303,0.1328449156326341,0.3163614537008208,0.3080302854678452,-0.4633727831447572,-0.1156513442308259,0.0081546830241942,-0.1834211758825276,0.0439444744784824,-0.2408547836916051,-0.0185857828425326,-0.0336969165372896,0.0775273728173884,0.0429789698055566
xxx,0.0074687585229318,2.0,2,0.1946722098457915,-0.4140024856052701,0.1637874302860527,0.1405521057761457,-0.2631935693693574,-0.1197256595910545,-0.1581085558263673,-0.0521915724232369,0.1224493489115959,0.0272726386467029,-0.0138054604477124,0.1928819208302235,-0.0663147036627933,0.4827282398128514,-0.105368092960501,0.5347176332757568,-0.212574551939404,0.0051874640372847
xxx,-0.0008564784876522,2.0,0,-0.3906503465424298,0.2294298672512986,-0.3311754076106162,0.0376566644500791,0.3896195891903518,-0.084613961722328,-0.1903993452541156,0.1552160207233378,-0.0998425871830279,-0.1283161877346322,0.1335854192883414,0.1545864010717242,-0.1279837131914521,-0.2802437223579339,-0.2836394113658446,-0.1893861049666468,0.3881540965569576,0.1851437318669649
xxx,0.0047964322778782,3.0,0,-0.4445096615294031,0.2423930613189282,-0.273246297811358,0.0295418229157091,0.3412763965106988,-0.1790830635303279,-0.0821437236921272,0.1816283380739029,-0.1098817746249538,-0.1166794400087259,0.1215157556621705,0.1308031184491498,-0.3438415302322884,0.029480223450378,-0.2933427397048152,-0.2620026871696599,0.3738949112595285,-0.0932268797621623
xxx,0.0009335684576813,3.0,2,0.3020459979668589,0.1314866461585363,0.4566043409872342,0.0921066200415613,-0.2901676633112721,0.1445461574510912,0.0232709504049452,0.117577038139988,0.1807763915116617,-0.0707899439138246,0.1393266975647235,0.0029855296119736,-0.0798580970550101,0.3507127504011827,-0.0037821497079534,0.5499801332317704,-0.2472464643138173,-0.0702807599901816
xxx,0.0006608075035491,3.0,1,0.2996200052766833,-0.3701446589126681,0.1105001736422858,-0.3142233615206214,-0.271066234481475,0.1657131550830125,0.3400400653495084,-0.3776941269854358,0.271702304835585,0.2586318329667968,0.0838917994944835,-0.1865956495592287,-0.0099723138668469,0.1821161294284208,0.1298906592059381,-0.0801968004804701,-0.173580371291688,-0.1838178357531089
xxx,0.0040948203000276,4.0,0,-0.389088436605717,0.2852662318373018,-0.1228989210656078,0.0451554402090629,0.3737924685315172,-0.1087778073721951,0.221701199033677,0.2622001653332192,-0.0872885070968446,-0.169821378050974,0.1770980965348413,0.1103632021658845,-0.3309968388742113,0.056473819714141,-0.3150467772712571,-0.1857298708984284,0.3749686865195228,-0.1163370499381937
xxx,-0.000256061523003,4.0,2,0.3736292281396199,0.2450588164117223,0.5328801541974149,0.0697897875525394,-0.2097177372024553,-0.0478904135025363,-0.0356331487919706,0.2075246673940015,0.162897863130643,-0.093911598743486,0.1278797836488112,0.0579516699995184,0.0473202364950958,0.2327066046702738,-0.0127967585006077,0.5163651699030722,-0.1827438170651138,-0.0961972919438008
xxx,-0.0119298151156638,4.0,2,0.2280497010385042,-0.3403462284450225,0.0657093310887537,0.1432470286057433,-0.1237806718946008,-0.1284648589731901,-0.1746292391979785,-0.5018635896236745,0.167159266363059,-0.0511040962807789,0.0366802377204453,-0.55415267072219,-0.0743723623697117,0.3407661738239335,-0.019809340024005,-0.1376986223033937,-0.0839212991599271,-0.0781001469449673
xxx,-0.00049729189615,4.0,2,0.127320659384727,-0.3217059723093866,-0.0269990402957275,-0.4037170477176482,-0.0732046239247893,-0.0645031029821591,-0.157910019116773,-0.4316345689295049,0.1180139963525918,0.4143913697147316,-0.3927357122070086,-0.3132629720232457,0.0275191664835954,0.161207691053936,-0.0046326725206307,-0.1641387095108285,0.0115031901093261,-0.0628626017593871
xxx,0.0042490060409156,4.0,2,0.3099093569280137,-0.4345970230249965,0.1863479611827538,0.0860665741023333,-0.2585454436468419,-0.0812608974635801,-0.1609972489274333,-0.3176146514197177,0.4867338464950267,0.1161267189075357,0.0135631102339735,-0.0002596779731728,0.0886828557348198,0.3247535004000738,-0.012685265805435,-0.1315041673094064,-0.0590897069693531,-0.2963877889934889
xxx,0.0006704996821913,4.0,0,-0.3688573619274497,0.1961188502659706,-0.2884293981208328,0.0463491138482558,0.4249205605563787,-0.0867997584295318,-0.0259149458390255,0.26143687121805,-0.0800576722231437,-0.1106493959259149,0.1868975733674972,0.1176362175989982,-0.2085457406608797,-0.3709827666933617,-0.3714357315176639,-0.0103071293771517,0.3101457395611059,-0.0150738642981747
xxx,0.0030908042897265,5.0,0,-0.3944172156558918,0.2831706638577194,-0.1084941897799382,0.0387442080229757,0.3182517421107909,-0.0343786432657565,0.1744471775825107,0.3383380059658853,-0.121063450030042,-0.1471380038049079,0.1873108029964416,0.1173706013990745,-0.297707031959198,0.0722536170352904,-0.2961336899327977,0.4128539001033783,0.2392648377870385,-0.0959086536761707
xxx,0.0025880296878879,5.0,2,0.2713929550108517,0.1764659408949995,0.5852518137979945,0.0754027764974946,-0.164041489782046,0.1962380527998205,-0.0930345373083514,0.0212069969915458,0.22547377917712,-0.0488864039215414,-0.0091984919709339,-0.0470907212988118,0.1494668424141441,0.3046372982632933,-0.1134047665597282,0.4966094999485185,-0.1912187781587598,-0.0758636529748515
xxx,0.0011678330994527,5.0,2,0.2534790041463027,-0.3651632093111321,0.1945499920802253,-0.0324114089114683,-0.2309161891158581,-0.059282792166411,-0.086476113498903,-0.3735570154009063,0.2204795352218749,0.153716038039286,-0.3060091368535851,-0.2356571397285278,0.1409866511407889,0.4403930222455314,0.0569290391086025,0.3081701195917515,-0.1558649383974309,-0.0436089011606877
xxx,0.0015824270116736,6.0,0,-0.2996123120586109,0.2392852450305836,-0.0759036656751598,0.0238940947271477,0.2329343239441953,-0.0706148410633876,0.116299761815939,0.1627185754144423,-0.1106718522373627,0.7015807720140657,0.0996311967581496,0.0987169812013983,-0.2007392167250098,0.0431715944676951,-0.2331435047543735,0.2927370587943502,0.1890268791251602,-0.0729218684582662
xxx,-0.0024156396711416,6.0,2,0.2616664392693015,-0.095274727074412,0.5057115048765506,0.1317942672133503,-0.1496785176232241,-0.1727204734773473,-0.0724227020073211,-0.2209365946211996,0.2995589830962205,-0.0208188523128197,0.0999820609966436,-0.2644525200771083,0.0626712601666412,0.251025332715648,-0.1430308242152181,0.5103378944143196,-0.1394654208470384,-0.0751688137518102
xxx,-0.00213771498134,6.0,7,0.1059304191253671,-0.2675130112135639,0.0838152948918608,-0.3785976830231578,-0.0665182476252126,-0.0853643536915382,-0.0634324488050331,-0.4385264738783581,0.1382428654033264,0.4129464364131934,-0.3419212316169851,-0.3245528712965942,-0.1815659272827707,-0.3202771767689881,0.0494707535540819,-0.0772456550213692,-0.0351733620656289,-0.0416871661485558
xxx,0.0002280280053298,6.0,-1,0.3264012592266644,-0.2994462308509862,0.1679898253388188,-0.0089954313076803,-0.1759003210027321,-0.0046281855456577,0.1671712447301276,-0.0195337593238178,0.1948832308840578,-0.0447157963906414,0.0274062710713052,0.1160303543627025,0.1413029890197437,-0.6940068337017796,0.2842269090389314,-0.1803953381573003,-0.2125002708127628,-0.043744895967874
xxx,9.732509436906829e-05,6.0,1,0.1686809669875025,-0.0229363514704967,-0.3602630900420718,0.0414166332293267,-0.3438484263407975,0.099730406715986,0.1816535758638299,0.0166623912159708,-0.3676976715232511,-0.0359012998418128,-0.1838363510976162,-0.1215118836616707,0.4753338895909463,-0.0610541643047471,0.3246174660048546,-0.1105570987274502,-0.3793223907940495,-0.0430822991740931
slasto,0.0019102324195963,2.0,3,0.0970873965394669,-0.0289154318250544,-0.2833232797912975,0.0244146039733942,0.0852188057948982,0.2118031213617882,0.2834673328871285,0.2571290302527331,-0.413404262564044,-0.1375962487114867,0.0203909920016893,-0.4458900057663686,-0.2516379894637692,-0.0128608462652691,-0.3961551707152352,0.1999307058608901,0.2393546660194651,-0.0593250700599459
slasto,-0.001275334674093,2.0,-1,0.1658273372049588,-0.0150519972702599,0.2905086076930163,0.0204309885896848,-0.0446816829544131,-0.5110982537920027,0.374269789612618,0.2264870546757562,-0.0231447116158931,-0.1364944576336837,-0.1505770409004803,-0.3586903742933375,-0.1489051563563,-0.1360413898086419,0.3773986717960592,-0.1618362040488012,0.1382860000697371,0.1842485656503692
slasto,0.0003592688127289,2.0,0,-0.2489358923648444,0.206642065282677,0.3170192555021443,-0.0088565716816243,-0.1288559343371188,0.1231751721789162,0.2164707188916821,0.1134011184695288,-0.0668351611777542,-0.1051483423578846,-0.1170990624940872,-0.2103151495665745,-0.5147484639507232,0.3060558277550805,0.3478115528983315,0.1996042484606659,-0.3101704427942929,-0.1188722779333832
slasto,0.0004985898849101,2.0,-1,0.4306041374583224,0.0242199836575686,0.2861985825262073,0.0237420650880863,-0.1399948685671916,-0.066666741315482,0.3087227031468865,0.1990033064231358,0.1147754402379788,0.2907948229314072,-0.1377222655971876,-0.2537579405683119,0.4491774826246388,-0.1788450247015445,0.2342102985304694,-0.1382972377969431,-0.0314419659252342,0.2876706926423796
slasto,0.003466768906381,2.0,-1,0.1253001049184922,-0.040072732754667,0.1583046999566431,-0.0165399595877296,-0.4864315240296679,0.5071622635934336,-0.2398527765191742,-0.2126171744543347,0.0803769676789275,-0.1758439780605082,0.0560246582500026,0.2667529095934977,0.2500377325656057,0.0475790977670162,0.3746052252294249,-0.0983806342809755,-0.1762184948802901,0.0572245246727806
slasto,-0.000141831582453,2.0,0,-0.1716275580750996,0.0451113858807927,-0.1680742366875394,0.0025595717364537,0.2902469739585545,-0.2884752561226866,0.0910844389424485,0.1156953267064648,-0.0874774864718773,0.6671852223337683,-0.0189768709614139,-0.1567335123325336,-0.2238327116855229,0.07388876695243,-0.279458283844634,0.353769254738621,0.0235435952724554,-0.1184562457336634
slasto,0.0023241965342118,3.0,0,-0.1498563593720548,0.0464912560234805,-0.2083212925038396,-0.0026584759750899,0.2733310670778351,-0.2670568238606514,0.1124596213120669,0.0952989781575165,-0.1387154375316337,0.6167603528766117,-0.0093167787534831,-0.1896661585814908,-0.2050505468004547,0.1165100277874179,-0.3071703831898448,0.3841212127068986,0.0068731976987477,-0.1759342522292874
slasto,0.0011340765614591,3.0,0,-0.465548232171863,0.2365650351846577,0.3199026992348178,-0.0143892443919124,0.0100595386163973,0.1518309727086599,-0.3819272507393178,0.3398839191548803,0.2764982134737846,-0.0759798698447961,0.0393782577531928,0.2606833930001366,-0.0716822286582797,0.0154781250966225,0.0945242008400878,-0.1224329387574624,0.233100186858535,0.3237974007175077
slasto,0.003222929021773,3.0,5,0.2135542763400327,-0.1686449820249765,-0.1541432088732258,-0.7585518616426302,0.0755795374875083,0.1274153267947302,0.0850401603178266,0.0175415215196796,-0.0750871402155696,-0.0286939763713355,-0.0311197616387061,-0.1826145339158615,-0.0264815279155979,-0.1302794454142014,0.0303167535310323,0.2743739701527449,0.3290410997364656,0.2332075418480232
slasto,3.6788918839941234e-05,3.0,-1,0.0558257734045281,-0.5202233203597658,0.2447842984129653,-0.0111040481674846,-0.2996183963107603,0.2585477029194574,-0.0641385261546401,-0.2328221945545114,0.1552819807576516,0.0874383842515088,-0.0334710754188574,0.1318193582300603,-0.1440931823424489,-0.4594803824617585,0.3151788521792608,-0.2091161525232977,-0.1252699686586364,0.1018379965095245
slasto,0.0015098348495332,4.0,0,-0.1538178192108787,0.0544043291895386,-0.3158742315926175,-0.0200383418839979,0.311831836939946,-0.3708169003746792,0.0207782305014147,0.0439271469140262,-0.3702492805031699,-0.083908621335387,-0.0159582325940399,-0.238722423271221,-0.2877696368488957,0.0549610649944237,-0.3847831661182531,0.4157928283998772,0.0054307670224082,-0.1671077527380221
slasto,0.0005207834712604,4.0,0,-0.374874471253922,0.1765960863328249,0.2091558707016919,-0.0517673509373602,0.1376007562686153,0.0320985431185801,-0.4879529074707137,0.2932232001052269,0.2362767187670923,0.2923646759654412,0.1477502028113294,0.1905203193257284,0.19883415277188,0.1768106250968987,-0.1508705452017402,0.3069984397523681,0.0869343264585091,-0.207408492000826
slasto,0.0024029142140842,4.0,1,0.1856493191002052,-0.248716919139459,0.001643217742248,0.1131177550584361,-0.1664824687540372,0.1832403824849868,0.5386362987579695,-0.368243485368145,-0.1197003955915785,-0.0655324087533077,0.1432208324834406,0.0170953438260421,-0.0394391111529889,-0.2381182161281645,0.3811261295678987,-0.0909125945760878,-0.3545622827318122,0.164105498499672
slasto,0.001147409367392,4.0,1,0.1275001215209833,-0.2271550115768472,-0.062084760590464,-0.4024774139709779,-0.0595060073932035,0.1449690446234902,-0.172507873136241,-0.5731022904031444,0.1280197428544683,-0.0277534402330112,0.3283932086897231,0.1919510998870126,0.0939361930433939,-0.16739793825821,0.2047208129125912,-0.0683117312331298,-0.1305997772834744,0.3481571872670067
slasto,0.0010304222630716,4.0,-1,0.1313673318317015,-0.1731978993103622,-0.0368569669256343,0.128604426814869,-0.1751973659602862,0.1967180928444224,-0.0763552372838357,-0.3713795621460734,-0.0830331590070809,0.6347249784521863,0.339183230849398,0.1720586675149858,0.1548020070143931,-0.0925113794760422,0.1723936125156023,-0.0549140315437085,-0.2831364255647753,0.1478493728549838
slasto,-0.0012439815051395,4.0,0,-0.2240123331168382,-0.0390067808214728,-0.1681554773883755,0.027030487013937,0.5483318767653709,-0.5111262782984747,-0.1109424487342023,0.0824556149679375,-0.1808635277852086,-0.0603591223333541,0.0655989547925468,-0.2733546781092928,-0.2940651037977796,-0.0173076441357007,-0.3009005778409569,-0.0142729939935441,0.1332361026797143,-0.1661732283479092
slasto,-0.0007778614546735,6.0,3,-0.3372201665932445,-0.0787761489040947,-0.2306986964346302,0.0715976576747541,0.2323936199777122,0.191277124520431,-0.1567494304009856,0.159432136270402,-0.2791666192971376,0.2911661192893291,0.0122357908359726,-0.3205850578850133,-0.3066170689058232,0.1748819191362217,-0.3667542155161671,-0.2112860274162805,0.129506358224647,-0.3082041334136501
slasto,0.0119319572912992,6.0,0,-0.2522418359668316,-0.0487645654999113,-0.0710423897619575,0.0435785777791186,-0.0900336392227688,0.1504979957714349,-0.1793278049742664,0.1345679822497611,-0.0600378836794124,0.8125509636110579,-0.0839220320857926,-0.1290557821925198,-0.1159810429121812,0.1227236080173124,-0.0961113364898676,-0.1648256604531304,-0.0687727550237705,-0.2980571582113985
slasto,0.0005645897251877,6.0,0,-0.4422942969286824,0.2073141730168866,0.2599002517904608,-0.0520751439668517,0.0276039951230038,-0.0870378313794316,-0.2838834893858973,0.3333074288417825,0.2728995562922932,-0.0805779473558948,0.3232660309780221,0.1996923057984259,-0.0144491547048788,0.0761085139580444,0.0057399585936291,0.4079168279134244,-0.0665143516296989,-0.2981877579660965
slasto,0.001600759688261,6.0,1,0.2488410003186103,-0.2231048755866856,-0.1923099408606345,0.1688146728609004,0.0116702299553393,0.2067328483559088,-0.1918237535490479,-0.1538347827256652,-0.3079142254772387,0.1202269584913013,0.2752866497760583,0.4570885649992032,0.2700418004275337,0.0319185903972196,-0.1333559889723682,-0.1364485930342144,0.137560504599617,0.4429898616386085
slasto,0.0002508334118921,6.0,-1,0.408247979252377,-0.292954522540101,-0.1772128777802897,0.2243161370339662,-0.1828702938956637,0.2569358722893801,-0.0781493910527095,-0.3077213184476895,-0.0574821216570601,0.061344903433796,-0.510464559448946,0.0700479058063033,0.1579576936752766,-0.0257043501922332,-0.0804176841970616,-0.204055114233513,0.1849297855124564,0.2916637532536904
slasto,0.0001519886905274,6.0,-1,0.2157704466843004,-0.1816954887260581,-0.2381881183519071,-0.1410066528504715,0.1406580296875611,0.1684779721450862,-0.0539212907116734,-0.4356597798741042,-0.1974988519687604,-0.0118237243819063,-0.6105589220353411,0.0959280630590024,0.0672434427375803,-0.0637224280455202,-0.0467846427625003,-0.1423710871031622,0.2323273207156518,0.3111115890971218
slasto,-0.0010550386073616,6.0,3,-0.0583598636985966,0.0272322069785199,-0.444983879522952,0.0055689030206815,0.410321671955942,0.1553159563302162,-0.0125299901529335,0.0516636022923585,-0.3995816315963794,-0.0505947587882465,0.128511262873258,-0.3075323834710963,-0.2634078662274043,0.1097815403211913,-0.4296974674378469,-0.1573359808772263,0.0358562472199721,-0.1925235344760211
slasto,0.0020131916382445,7.0,3,-0.0790518912743039,0.0159655875179561,-0.4453572692271579,0.0184977712374699,0.2456490345911671,0.1649382877343185,0.0104500236997953,0.0494946962308482,-0.4929567491055908,-0.0699200321276246,0.0961277675985901,-0.3944837948905501,-0.1914440809794951,0.15227920637327,-0.376665804142923,-0.1670181919072478,-0.0352766937694827,-0.2471719985889267
slasto,0.0015779021113357,7.0,0,-0.4446986866442798,0.1400542907123668,0.2938471895161871,0.0064281876575988,-0.0359565445070073,0.0142096944305635,-0.4035242252513759,0.3206501602389689,0.3050881133647596,-0.097139873945437,0.0883601181264746,0.315724844482287,0.1369003358705905,0.0959059365978863,-0.0284036663486465,0.3465665127056935,-0.0313995517830161,-0.2631576881403888
slasto,-0.001458214960678,7.0,1,0.1854867916903114,-0.224533559687776,-0.0539698225230256,-0.1533143760339882,-0.3188003294716272,0.1549738750515285,0.3265257584865322,-0.4308909398283103,0.0080837171570651,-0.0795536769527831,0.2731288527051723,0.0230292017394874,0.1741288106349636,-0.0028880439321648,0.1710131845712612,-0.1147398457232893,-0.4946980444931626,-0.26802003193199
slasto,0.0021637258649382,7.0,1,0.1515561505799882,-0.1959273171438121,-0.0408724439164428,-0.314268033693693,-0.2401042830418881,0.1263976105432427,-0.0137766460707224,-0.5486070807038413,0.1605517287905931,-0.0197059359659242,0.294235862187212,0.1370723848050572,0.2498978132169895,-0.0390909806426276,0.1762702905404156,-0.0801601765668208,-0.4031340984445926,-0.2605812025047408
slasto,-0.0048777214411612,7.0,0,-0.0441127269871068,0.0250598953244309,-0.391708006503811,0.0104775868523629,0.3824245505149077,0.1379966318017956,0.0229939951141995,0.102128147373313,-0.3020390245147597,-0.0854431794543861,0.1308070561463635,0.5059186983118268,-0.2399342881933827,0.1137050403875179,-0.4231698340797811,0.1124273122367318,0.0452933955923688,-0.1782608011184382
slasto,0.0003913469499421,8.0,0,-0.2194428582892838,0.0306519793797459,-0.1973485277491491,0.032302262488202,0.031182960764308,0.1734538809310686,-0.1293714754049363,0.2221999276944467,-0.1869448965501649,-0.117231211629099,0.1485710285297344,0.6334531010787572,-0.2400730060524818,0.1093154990256234,-0.4345169415435465,-0.139367623802886,0.0123567436116037,-0.2524942421773608
slasto,0.0048741304613185,8.0,0,-0.4247061864022429,0.0592746345234829,0.3065005541003187,0.0596992794676107,-0.1542218861619619,0.2047558636017969,-0.4061934564533974,0.2629189747723818,0.4135856960000826,-0.0454961617908469,-0.0938612213988945,0.2504557462856214,0.0874770928971972,0.0431386402296692,-0.0604970381614017,-0.2058883325418442,-0.1004161492713063,-0.329345094825513
slasto,0.0107049897419465,8.0,1,0.1170732962756864,-0.2054504357511687,0.0437155906544369,0.1639079951192769,-0.414359649133022,0.1973296490214789,0.1540504086226787,-0.2206862138521159,0.3325076579610644,0.1149617666656612,-0.4236200992356444,0.0992382489573805,0.0213253689608606,-0.0410585382206631,0.0930865032135032,-0.1425841226573765,-0.4386982558728496,-0.3091413960504864
slasto,-0.0020683805400918,8.0,1,0.1249998603497745,-0.1974095676206627,-0.0244796621650954,-0.3293250201124695,-0.2953121444032575,0.1336708716935575,0.3019550373405065,-0.3758402166456452,0.0398691552091968,-0.0270848363586845,0.250307339592925,0.0498711195981372,0.061162182863556,-0.1634101956195681,0.2602591272833072,-0.0808820727988658,-0.5410530637958082,-0.1841671006274284
slasto,-0.0003437034248704,8.0,1,0.3322335017324747,-0.0164065542612662,0.3080325706086582,-0.0018491330346958,-0.3874680955685938,0.1132980358981468,0.3290831224990118,-0.0170709307213253,0.365230532930666,-0.0825599513092256,0.0199013317642522,0.2933435157080958,0.3001720413185353,0.0114675145371976,0.213339668177138,-0.0958371619565809,-0.332160592915644,-0.2024578743588408
minestra,0.0003197285797429,1.0,0,-0.457815945861049,0.2053023340874268,-0.1944731749778095,-0.075677466578913,-0.1092685502486949,0.1473193593134279,-0.1725256686070256,0.2323316046835841,-0.1222167124847612,0.0550270969601199,0.1478654397828525,0.2029653871181913,-0.4542728422691632,0.2623199270671795,-0.3498015909758626,-0.3295739677007259,0.0098396282125109,0.0068082520254491
minestra,0.0002865489480757,1.0,-1,0.2838164948531044,-0.3404648057969933,0.1688095356589188,0.1670587212672345,-0.1433911731526532,0.1353649545124386,0.1073063541309492,-0.3826749489036767,0.1641600070089836,-0.0621237170811717,-0.1644936750996052,-0.3544795929146098,-0.093020314715003,-0.3541995739584733,0.2102664627304943,0.3698746934883091,-0.1405215852404402,-0.1785767219429414
minestra,-0.0004918136333222,1.0,0,0.0395852265617383,0.087808211316025,-0.2600494886537304,-0.0695951576136297,0.2929378819923595,-0.3876808352429418,0.0638320335383531,0.1955040815782543,-0.3630011377096449,0.3276814676162153,-0.2458072005679245,0.1247010197708876,0.3401984598496927,0.1381747439722465,-0.2839043245431066,-0.2092937481647963,0.1950099260629932,-0.1657405867501308
minestra,0.00086644008697,2.0,0,0.0270935999689703,0.1105385802353852,-0.2357751837316813,-0.0677999493534033,0.1949661673537454,-0.1998652617181606,0.0569816131717452,0.2503619694875027,-0.3394850966564723,0.3820615767542948,-0.1311896387295939,0.1840086319042212,0.376414795038543,0.1785544752369011,-0.377640799344335,-0.2403329766051794,0.2254896325011865,-0.2142322953376937
minestra,-2.3073502854816456e-05,2.0,0,-0.3021282038238079,0.2633234068668844,-0.1817306995969788,-0.1140257651405851,0.1672047857701611,0.1523873608426069,-0.318468356168113,0.3015277942152217,-0.258991162671034,0.0928391577257946,0.1076729921458086,0.3459177570475885,-0.0635465403999045,0.2776593947294605,-0.2991220742172635,-0.251519296317845,0.2810527713809013,0.1732723958214522
minestra,0.001042468286822,3.0,0,-0.2644941947369196,0.362870352970436,-0.338148624420876,-0.0996191577114258,0.1938426769860827,0.1331145110331085,-0.0848905622150046,0.2310973741529545,-0.3434815921598748,0.3158215247193507,-0.1330426879718929,0.1416432011936952,0.0129379498794123,0.2765877532211145,-0.2186366931510115,-0.1541791300998287,0.2485093126769814,0.3044804490110773
minestra,0.0091670745134269,3.0,0,-0.3733230929599098,0.5059525298156626,0.1018957869178516,-0.0741898338022424,-0.1595913178827233,0.1189886257455261,-0.179396299516717,0.3043164293599296,0.0533573939972441,-0.0616224109912563,0.2001300024409839,0.2617380067763138,-0.1201920313629216,0.3549771210809779,-0.1987675056761514,-0.2568607036655225,0.1050422873395052,0.2283812146895171
minestra,0.0008934352495645,3.0,-1,0.0959209675313562,-0.1601101239029452,0.1704223875691861,0.1247208339208713,-0.1562033590865152,0.0898055361139623,0.1515777096377466,-0.2737189701615021,0.2148880084300996,0.0739974527916352,-0.0934242388254808,-0.2899256314985179,-0.4369982291836433,-0.3533738016097297,0.2863593096693531,-0.1164214176070588,-0.4326654968407873,-0.2171853378849131
minestra,0.003503389040022,4.0,0,-0.1414745485545847,0.1921693615151586,-0.0951652619515222,-0.0950898130523015,0.0364235938732772,0.1708940182678199,-0.0811786844862201,0.2876225108867897,-0.1863314732165889,0.5521677779118144,0.200142038655152,0.1735133230652907,0.2213348508320143,0.258962447227541,-0.1661209474269146,-0.1982838169698874,0.2031444602490661,0.4136494865065302
minestra,0.0021582398892362,4.0,0,-0.1891084749730751,0.4757967065294642,0.2862996925856791,-0.0551901824408129,-0.1806793871590584,0.1110600062498145,-0.0209042519416535,0.3787404271600691,0.1504085773535849,-0.0955631100450754,0.2290840432623753,0.258922163214811,0.2620964397741795,0.3026250527775735,-0.228975019905451,-0.2818740815981294,0.1408880078856361,-0.0264131666193236
minestra,0.0011984709405602,4.0,1,0.2222884337132219,-0.1082909080012677,0.1401466403963786,-0.6706421008891104,-0.0823889409673961,0.1131992558247644,0.1335546963902421,-0.2100922119425101,0.1525671927733803,0.0633942262593139,-0.0073103924753191,-0.1673394137665335,-0.1950203571597615,-0.3190646991871092,0.216338554756807,-0.1828957721346055,-0.3221812635016436,-0.0929553650211932
minestra,0.001882415272329,5.0,0,-0.3315030346410757,0.3317030978470574,-0.089130845513979,-0.0659010426493559,0.0771110911284868,-0.1054956621886695,-0.2074222924669768,0.2621195102829606,-0.2730490189154928,0.3027996267854529,-0.0229413459100943,0.144114161139837,0.0875989955115842,0.3272515545367968,-0.2013954024489784,-0.3080340753141526,0.2502336600098976,0.372313996390587
minestra,0.0008849740190291,5.0,0,-0.3401846065186767,0.5357143604298323,0.1736101125517924,-0.0098009911169615,-0.0483852802564758,0.0484711372856596,-0.2439628419814827,0.2462775083408305,0.051795456481082,-0.0757522011612662,0.127235436074646,0.0912599136458635,0.0722915563068664,0.4046407226767663,-0.1936665364898012,-0.3419180345800676,0.1725553588443606,0.2368509289682817
minestra,0.0013653006109294,5.0,0,-0.3921539353848802,-0.0200533906982546,-0.0574398325685114,0.0859833997059145,0.2691550871845632,0.0258459436636781,-0.5417753659158524,-0.1055160978305752,-0.1240920981412773,-0.0908852206179136,0.2696229651589323,0.0603290272424374,-0.0061240695160418,-0.0032544493474143,-0.273144613662504,-0.0674630773905997,0.5121577692363742,-0.1258807978180992
minestra,0.0002178586068239,5.0,0,-0.1327108169362009,0.1930647878317842,-0.284927457083038,-0.053270976138727,0.4327492422684856,-0.195059736795126,-0.1169582496295202,0.2338267560759473,-0.3471091370611164,0.0042839699202641,0.0902870875122682,0.1211062396133969,0.2009773344873898,0.2054399287532596,-0.1554789753772728,0.0633402237685915,0.3624814641296052,0.4265213203416463
minestra,0.0042615678515244,6.0,0,-0.2717259208428522,0.1579797152074621,-0.1433324074063648,-0.046045486118777,0.1200015359437647,0.1842480760235814,-0.1489019184138475,0.3217677845491137,-0.3129865359723489,0.3852287914552256,0.0561328049088077,0.1923399969195038,0.093921583739121,0.206294556465353,-0.2395221852109851,0.0041390697737931,0.3213449256959682,0.4538198090954113
minestra,0.0007786600986107,6.0,0,-0.2539412337804377,0.3606674516708885,0.2914373055130345,-0.0274615850002426,-0.3269357580373016,0.1554190358316149,-0.0960297894455753,0.3251475453171885,0.2314762707741413,-0.1050362400943453,0.2236891772471324,0.1777296003452262,0.1010545428225056,0.2485279856803713,-0.2483565139240319,-0.2213500264195728,0.0352668981039871,0.3789736442130282
minestra,-0.0002055146441868,6.0,0,0.1112317183745841,0.2414575055234034,-0.4580202683928807,-0.1334083338369175,0.3069796035427055,-0.1697219633557118,0.2336931095762783,0.2343518758232418,-0.4362087359288268,0.0731073996709655,-0.1736742631310586,0.0387916374955857,0.0772992412997592,0.1931860412933837,-0.3330412429213478,-0.2875893746510581,0.0519083776295819,0.0475943718536302
minestra,0.0002174058004633,6.0,-1,0.0624467529073972,-0.0647403472108724,0.3221503233901917,-0.0202360354233063,-0.5108357215272212,0.1451553411982624,0.1567870934170451,0.1966263409379076,0.3832852208249861,-0.1066948302890627,0.2546658287045677,0.2325863010447658,0.0484184448989991,-0.1094936227148603,0.1167462732853903,0.3128314456309704,-0.1308028063101886,0.3496759161084025
dan,-7.531972050320956e-05,1.0,-1,0.1700721839411618,-0.095912714356807,-0.2725311443508835,0.0799346356682094,0.0879786901921407,0.3513876545139598,0.0937651761063395,-0.2179338350488963,-0.1878443694397935,-0.3285126316541403,0.1097750780215733,-0.0622805304266672,-0.1382827053853929,-0.3167423077836275,-0.372844658403145,0.4218877675913093,-0.0731109529018952,-0.3046012321611185
dan,2.8716796193030757e-05,1.0,-1,-0.2304620315296816,-0.2023655378314267,0.3839917545188441,0.1714225918524342,0.1804320861885192,-0.0025666736405196,-0.1411053362097836,-0.0983267349647925,0.3601354845102537,-0.0495640950286963,0.2587438829539663,-0.1428123248983194,-0.3679310731227313,0.3152683070805382,0.3488012008353343,-0.2370517580290269,0.0539380479429426,0.1786853373338508
dan,-0.0001247238967158,2.0,1,0.2636847080352827,-0.3915045290890598,-0.1720712668846485,0.3849331583732735,-0.1532011945396216,-0.0565830313528917,0.1546532757801118,-0.375505643576,-0.2463378556572709,-0.1921905330736767,0.1407008091923966,-0.1493996957738088,0.1116079229790663,-0.3072739007177683,-0.2154650335587705,0.3334522160011695,-0.0597916661085649,-0.0041763364209974
dan,0.0001385198554627,2.0,-1,-0.022561935630173,-0.4279260039142479,-0.2618066599474397,0.4043043688713029,-0.0488173915727563,0.0541862641736187,-0.1764077081379012,-0.4012334053597727,-0.318176570620523,-0.0383405629569714,0.1077089302232532,-0.0335789614501014,0.054833045977556,-0.3273562157985875,-0.3390348261192904,0.1830913282602267,0.0881635867919922,-0.0713766095062639
dan,0.00138540010444,3.0,1,0.2600770124969866,0.2013346049586596,-0.232104629969174,-0.1973149284759839,-0.0895816464176611,0.0625551779903599,0.4159762644095618,0.2497315054503497,-0.1883965118328274,-0.166083097252003,-0.1877399910922089,-0.2557960011446648,0.177216621256801,-0.1830461182332509,-0.1957098344619441,0.3596255084250676,-0.3421283269830423,-0.1957740938415357
dan,0.0010244491438363,3.0,0,-0.2363790928856402,0.2295724639404825,-0.2635093941519459,-0.1992422342473991,-0.1294106075449004,0.0599145296813223,-0.1904910977832644,0.3265898294423694,-0.2087741626057641,0.5591858046478875,-0.1123521814725132,0.1500193336115687,-0.1167059928022683,-0.3240765067659267,-0.1908235779269851,0.2386069887438107,0.0928318170903721,-0.0835902496242497
dan,5.1898050308721554e-05,3.0,1,0.1986757247780859,-0.1322474899282958,-0.2110966091727049,0.1454117673711278,-0.0722393156735056,0.0642760884325193,0.338134013270886,-0.4013527483285426,-0.3575719985264799,-0.0487674382616304,-0.0528163717689862,0.1047156861084252,0.2452856630607307,-0.4036313921118363,-0.2278460551907433,0.3291605345298471,-0.225295405314147,-0.1202947342111075
dan,0.0015179930537124,3.0,0,-0.4077265036576585,-0.2064395807994898,0.107200264562968,0.2059843025669371,0.0106528005648784,-0.0448856668269715,-0.4764013200680649,-0.1170104226716735,-0.0013459178404342,0.0674500810761825,0.0536075265105381,0.0164027356486387,-0.4046231654637592,0.020995440342399,0.0748403452982351,0.0759024117222141,0.5427054039247295,0.1292139353713451
dan,0.0010137115275191,4.0,1,0.4118940290504855,0.2618518864060007,-0.163238648522512,-0.236555360149159,-0.0433346506456371,-0.0097287566171173,0.3977271610273255,0.2246181453648026,-0.072562094572209,-0.0177025155092815,-0.0953262576780095,0.1144455921672698,0.4558671169865742,-0.0314468362260909,-0.1055926233856736,-0.0249823961493836,-0.4552824977202144,-0.1137344482582171
dan,0.0091636137730914,4.0,-1,-0.0944399229860576,0.3570883067325124,-0.2472700398010393,-0.1961163119578694,-0.0672406880400249,-0.5938987909034785,0.0494633822329097,0.2869395304563069,-0.2308268871708245,-0.0853377166188705,-0.114131639663615,0.150669027661056,0.157314370755915,-0.0003311854514567,-0.0692320027536425,-0.4343490824982119,0.084350817691143,-0.018466608299086
dan,-0.0004074214875354,4.0,1,0.4375245895233802,-0.0241356152054154,-0.1526055061202055,0.0375544687031889,-0.0565226390332248,0.04078360290122,0.4651896896478926,-0.2012681074034321,-0.3077448723541018,-0.0773335620259175,-0.0954932263140758,0.1348913644703153,0.2499823434574082,-0.3522385726149669,-0.225830184386001,0.3001350514846154,-0.204625076450566,-0.1549373020461983
dan,-0.0003456129655311,4.0,1,0.4144115359504229,0.2351091005376759,-0.0914664128060056,-0.2442994476281886,-0.0079750360264415,0.0361637883573404,0.4219715830164625,0.1137308747529005,-0.039888322950909,-0.0826795481423115,-0.0647057130000719,-0.2488169119386103,0.337661977121501,-0.0849698106699602,-0.0892101489759324,0.0620309631209049,-0.5328773649454552,-0.1450813144157419
dan,0.0006879009278087,5.0,1,0.3764289072858199,0.3608929163366879,-0.2173973828332376,-0.3569337101713803,-0.0737373035925441,0.0567767977768683,0.3344460621755742,0.3012191771118453,-0.141316774540136,0.0621635358009404,-0.1170292042564903,0.1072410156433984,0.3064789953195354,-0.1458643980109155,-0.1932360439354815,0.2515346725600431,-0.2393499428666607,-0.1414604918929095
dan,0.0051223737145702,5.0,0,0.0470998540685703,0.3134914115556293,-0.2689570639152333,-0.1858227666640418,-0.1528383683903394,0.0655567892846435,0.0777479311941294,0.38906023537281,-0.2250961048222439,0.6461185109260624,-0.1085752982690556,0.1802776740090281,0.1255886061524693,-0.1171864495011171,-0.1575432024863624,-0.1074994562735803,0.1276847896370674,-0.1138256818865508
dan,-0.0003504996580104,5.0,-1,-0.0909458325974134,0.314639667488177,0.253843864040994,-0.3841738911846443,0.1092376802538828,-0.0486327125828272,-0.009021652401609,0.473045563811191,0.4577529990853047,0.0916702933549144,0.0285339490453695,-0.0653321638032346,-0.0761658810588802,0.2904722351235255,0.2797089220047549,-0.1488404581335647,0.0860788296841468,0.1468118678134107
dan,-0.0001299090705464,5.0,-1,0.0428345640857611,0.026254921552766,-0.0152760643385383,-0.0282146232554033,-0.0012768834611839,0.0055365374507544,0.0331633439650346,0.0237377975500375,-0.0065201837170212,-0.0135361637568163,-0.0050780470023191,0.0239945060016529,0.0219323217397935,-0.0224426015278895,-0.0148610746325579,0.0310300343950188,-0.073431237444096,0.993158124520843
dan,0.0006478557168999,5.0,1,0.4512298027210062,0.2266209244939483,-0.1417193945464931,-0.2168331157472409,-0.033558224230097,0.0332611213218703,0.3608789032487119,0.1141422305542613,-0.0757487213694968,-0.0831707692255806,-0.0695898729907791,0.2371113082090671,0.3604146184745991,-0.0992404874603719,-0.1546426429826698,0.3339334595670292,-0.4019582540576835,-0.148241917390852
dan,0.0008342615126991,5.0,-1,-0.0681750887711919,0.2052127206597173,-0.3899125014587485,-0.2219449922225948,-0.1803239658328395,0.0889852488687228,-0.0383537804569762,0.1529187510741399,-0.337550667779061,-0.1615707611475116,-0.1263164180339161,-0.2162800113073713,0.0346059864403136,-0.3371670166111062,-0.3259584388000209,0.434833653825518,0.1581150258444899,-0.2206152897393755
dan,-0.0053987062189243,5.0,-1,-0.002111228716092,0.1211027157041891,0.2794322787433818,-0.1781686952797891,0.1197550170240406,0.0592759781051667,0.0113784984490054,-0.0596926482759971,0.1849620550241909,0.1755335795429817,-0.6242878529720012,0.3823528387177178,-0.0248361035915691,0.2146969571599183,0.2407311751790622,-0.3196161975845581,-0.1237782531413694,0.1756841044478559
dan,0.0013677464118787,5.0,-1,-0.0350398726800796,-0.0430733443144397,-0.2162137922365815,0.0982228191259446,-0.0889015772976753,-0.7476546659191421,-0.05748474611514,0.0434856850977135,-0.1584895455135132,-0.102053921666917,0.2761184707172065,-0.3110741200614055,0.0199990753035082,-0.1768772888402685,-0.1961520878638638,0.2653686499085647,0.0972913847628905,-0.0992194870762415
pabluccio,3.369322066701535e-05,1.0,0,-0.3396949696980131,0.3076445081040299,0.3588070671144262,-0.0525628891945795,-0.1243349730096779,-0.1848766349229262,-0.0602260095471267,0.217404986270099,0.2102925768023642,0.0030564999354117,-0.0381259708126865,-0.0430347524429668,-0.3316513955603521,0.2910975964180418,0.2802210298893021,0.1949687050065263,-0.2822900092770093,-0.3455915800930695
pabluccio,0.0004890896217954,2.0,0,-0.0399488945542088,0.1441567544239055,-0.1103522413741168,-0.040871992594984,0.3337504543314201,-0.3025618800372681,-0.1180503736115844,0.2416912544124826,-0.2467951079986113,-0.0609558786829488,0.0728393535799591,0.240395653258214,0.4168080623512072,0.0858160910216342,-0.4432007637328859,-0.128487543376787,0.3590149287588179,0.1945534262219389
pabluccio,0.0075407091202148,2.0,-1,0.0359413574129754,0.2604253987614587,0.2296751235464158,-0.0556439627073098,0.0455508346671332,-0.3864094468822915,0.1500710524643873,0.3173940495227171,0.1089872715403704,0.2918768890333879,0.1061410583993028,0.1257355437976026,0.3778616807189108,-0.0082672272616997,-0.2938590275725145,-0.1127371267334961,0.1551900827377382,-0.458532696252065
pabluccio,0.0004724484311657,2.0,1,0.2557499071744425,-0.2903690711218224,-0.2414746674895785,0.1604600312366938,0.038004945665093,0.2366772803927942,0.5843923515531058,-0.4618317913724861,-0.0943567503234632,0.0416175731777946,0.0529013942653722,-0.1913308239132251,-0.1958198466245404,-0.204949776558848,0.0419681813438551,-0.0473307417488561,-0.1396622643807204,0.0076587667754784
pabluccio,0.0013894766725692,2.0,1,0.235248969798737,-0.1426997259981873,-0.352083311337782,0.0812122030236092,0.1984066975425218,0.3300986144724562,-0.1623515620428627,-0.0310133190420393,-0.2724242605248586,-0.0371092049442945,0.1250221270266313,-0.0024431487823473,0.1977162744649199,-0.1789408058230978,-0.4299136849317073,-0.0804074089050077,0.4757843846960091,0.1951523609179035
pabluccio,-0.0016742041940712,2.0,1,0.2126111640979864,-0.2673392854214332,-0.1751746398475664,-0.1682166459519883,0.0089599766653973,0.1908231185450741,0.3000471388087397,-0.429397291088635,0.0634787267309035,-0.0094864229415337,-0.5178894159601238,-0.1831756063245389,-0.2484624986516185,-0.3521717048060322,0.0828340075456905,-0.0241602423257942,0.0032317885427977,0.1197609858732478
pabluccio,0.0068718759865689,2.0,-1,0.0783084680405802,-0.3031529448623212,-0.13515760318358,-0.4929211170890105,0.0331559744824084,0.1626037689727003,-0.4790330871567876,-0.2184358929144319,0.2733851800742072,0.1434832749934189,0.0983802361354608,0.0654747344321308,-0.1139663687993442,-0.2533182428712771,-0.0854859445133671,-0.0327157554685064,0.3647948363972152,0.0899811326750217
pabluccio,0.0004170489838049,2.0,1,0.1981511289126165,-0.2924743210594371,-0.2964407408992425,0.1485724048517906,0.101879763727533,0.1385068905885437,0.1074190955079235,0.1136484930320406,-0.4700031653562496,0.0387455913315829,0.1114940721472587,0.1274436739751243,0.0662532300997074,-0.3230630579853668,-0.3412400198859739,-0.0709531853247396,0.4417309554129964,0.1865045715294687
pabluccio,0.0007086648088907,3.0,1,0.1847986417170456,0.0707363964317312,-0.1870869983287243,-0.0078730409651509,-0.1919785502355184,0.4039088171879322,0.2302149614147702,0.2154780198311967,-0.322852986349969,-0.1068575146803112,0.005562387064222,0.2678557018919492,0.2638177484756489,-0.4107836068119465,-0.2819653108210198,-0.0928587449776037,0.2002493580707135,0.268987605264014
pabluccio,-0.0066504627403138,3.0,-1,-0.0114429620551854,-0.1969316417478321,-0.083203727263086,0.0268074397615551,0.010464655451997,0.452957281894478,-0.1674006013918506,-0.2694432833275647,0.0950276980473187,-0.0543418767161558,-0.0387279184666903,-0.2647860391562162,-0.3717942885887464,0.4462540264445832,0.3282489230694009,0.1077484849207076,-0.1632373591104699,-0.2838504153840592
pabluccio,-0.0005294854995011,3.0,1,0.291267316488018,-0.2349605078344974,-0.1638332042263358,-0.1003517030284664,-0.4796152677095885,0.183503567925418,0.4527953685417792,-0.4029844689195625,0.0204640910369284,-0.0114488220550704,0.1300342827820382,-0.158389743025892,0.0733947726673088,-0.2478608262941648,0.1484474407399426,-0.0247255985100479,-0.2154732602024487,0.1160863860076148
pabluccio,-0.0182712212992508,3.0,-1,-0.2569677369055102,0.2937635377561003,0.163147240453549,0.5675571100266993,0.4327589205146086,-0.1709022594002894,0.1533652321377227,0.1174353457101279,-0.3423192947953064,-0.2162003467971776,-0.0810795121747948,-0.0970349656436795,-0.1109611398911092,0.1926034847193252,-0.0172166173768781,0.0302897320022766,-0.0707261107251089,-0.0979456464378237
pabluccio,0.0014043449476794,3.0,1,0.2393561625480662,-0.3258912072921065,-0.2360939779426021,0.1683035490699527,-0.4943053806162715,0.2573642188806387,0.1471397639601328,0.1276387675335038,-0.4068123296503464,-0.0485789333177483,0.1198015955622381,0.2263070344123813,0.0365099668878976,-0.2609890890565643,-0.201645984818,-0.0644069204505516,0.1524143010435228,0.1816863928301237
pabluccio,4.965459339573687e-05,3.0,0,0.0151738730247019,0.071421536939214,-0.2868923841290601,-0.0185699974447123,0.3899252912300148,-0.3390165345425781,-0.1655756748600742,0.0848176710000026,-0.4099285844185866,-0.1445263655583322,0.0458984858104221,0.2049180956168063,0.2515050792689578,-0.2185683448699885,-0.4312230485654665,-0.0667235563634916,0.1950266248992333,0.1947775013917533
pabluccio,8.706418671759968e-05,4.0,-1,-0.1055716023856619,-0.1840872263958001,0.1361247925951097,0.0441762179747077,-0.0448651257880238,0.0228290291631665,-0.0391334683126589,-0.2814922954758566,0.2535185308685426,-0.166653517350041,-0.1382570879852083,-0.2092237376482547,-0.4625881807256134,0.3876458675892626,0.4721834831692127,0.0960460553607769,-0.1458418953967918,-0.2802461844795629
pabluccio,0.0055312112328001,4.0,-1,-0.0482987677364199,0.1928884851823322,0.0298130100226969,-0.0308387104461248,0.1682591849695844,-0.4471902999422625,0.1448485512618502,0.1958976658929685,-0.1366506319685802,0.3185273901970165,0.0805854994580062,0.1702776375595752,0.3881219011789255,-0.4128918373701237,-0.3323720056688075,-0.0953974923676285,0.0568592359187422,0.2672628474824793
pabluccio,-0.0004686991951436,4.0,-1,0.2128114029773877,-0.2725089223287964,-0.2419277487271026,-0.2510798296583812,0.3634598338098896,0.1836409641550403,-0.146029649637134,-0.3981797979744971,-0.1629862656163525,-0.0563726067162651,-0.4445699344873546,-0.1350986559543025,0.0623106274566496,-0.2799271814928629,-0.2250284226424005,-0.024511600482318,0.1430341166673244,0.1166427733495435
pabluccio,0.0005586673944287,4.0,1,0.2066801580820392,-0.3296564506585414,-0.2650774859463743,0.1105382308081773,0.3435934925700864,0.1078133547046789,-0.1887062372917158,0.0576549458925106,-0.3476284591855885,0.3136600397279169,0.0761593147361497,0.1835723969941214,0.235931242150744,-0.307987621397587,-0.2567008449627117,-0.0456142659273338,0.3087724849930945,0.1579469137943891
pabluccio,0.0002074395006836,4.0,1,0.4662145844916263,-0.0433991626112665,-0.0963714408838725,0.0351000123025907,-0.3891969665168887,0.3200811625412415,0.2928677948091909,0.0666795969726387,-0.0491738862593355,-0.135848377334426,-0.0830537048952815,0.2402875509361903,0.3754374010895612,-0.3803246309435988,0.0526283841537403,-0.0530644930272786,-0.0968904885339451,0.2000369125168019
SADAX,-0.0025956699012706,1.0,-1,0.0288039867022854,0.0230589715279544,0.1958321947034843,-0.0330496724777951,-0.1387059821392056,0.1380031946485532,-0.1254135381036332,-0.2548892945664196,-0.0623814582892587,-0.7491572971199761,-0.0472868455012575,-0.1334339406051264,-0.0312838312639593,0.2807572940571878,0.3179056525362309,0.0212054300200164,-0.0729167361172746,0.2615571072122709
SADAX,0.0036181716476195,1.0,0,-0.4976080420038702,0.4339869021413477,0.1716662887100295,0.0204099818934031,3.240583361432288e-05,-0.2437772563189975,-0.1553429179385561,0.1036276915685667,-0.1124679303691743,-0.1074144572407992,0.0068390156357727,-0.0689802831531929,-0.252867533875664,0.4408176614158739,0.1042781186081361,-0.1439097492124001,0.1747822631172242,0.3007845018814407
SADAX,0.0019817924871658,1.0,-1,0.1371234964630021,-0.412310435758302,0.0638947074829114,-0.1737530774167494,0.0518549393717267,-0.1880475122512467,-0.0455548814035462,-0.433436451852539,-0.071947527409834,-0.1221755501719157,-0.490036180603155,-0.2799284711271027,-0.2612508548068821,0.1359406544842941,0.0889076150712318,0.0484650690895228,0.251544296050403,0.2237695904480247
SADAX,-0.001598572687105,1.0,-1,0.0958774428727332,0.2014609682631324,0.0941993862246994,-0.0847243811711404,-0.0950749618149389,-0.2414224538935203,0.5141493079982892,0.2230438432070575,0.4273100692389251,-0.0293368633938059,-0.1614528122722342,0.0691430657111023,0.0537417903200381,-0.0313575014047398,-0.1495426170032783,-0.1091361447314141,-0.492236685576633,-0.240837479807438
SADAX,0.019183612940567,1.0,-1,0.3155617033178574,0.2973023102299209,-0.3916823868704377,0.0460295935293212,0.126833938133819,-0.1755731864325402,0.1097336314776134,0.228808443957743,-0.2469126620931006,-0.0935805827217611,0.0775031554306208,-0.5673181517234036,0.2507657034808601,-0.1725124805984564,-0.0437697721314157,0.200158161709541,0.0940315434281202,-0.064389021964184
SADAX,-3.860532111019486e-05,1.0,0,0.3285770432375336,0.1963946024618604,-0.3317116926437776,0.038927321682613,-0.1426425993818079,-0.1417474461911343,0.1008945744558512,0.1952190364695323,-0.2298287102615956,-0.0948913271708909,0.1203510614922241,0.2070446431425966,0.4846066290629616,-0.3158440363656436,-0.3195406070297436,-0.1179285690160234,0.1622290049545965,-0.238911629788161
SADAX,0.0019008563139507,2.0,-1,-0.0953454905957512,-0.0796594570035961,0.1571475203789096,-0.0153186319379175,-0.1200567912027557,0.0606893929069884,-0.0433057294222643,-0.0903189891183342,0.0767033887523524,0.0464382841200791,-0.0432854269607495,-0.0864421982089588,-0.1717719767907063,0.1088387908892595,0.189484713435374,-0.90411056621526,-0.0890256882375242,0.1073341377314393
SADAX,0.0090268008882547,2.0,0,0.0061252624470686,0.2588760802013128,-0.3095407778718753,0.0385737777951203,0.2309982469194194,-0.1316332636432529,0.0958928333079207,0.2396716518610786,-0.2267801093580835,-0.0940802572320507,0.1388831258051464,0.2202826228970572,0.3210244499239197,-0.4424573839895762,-0.4092486227888498,-0.0918574862789501,0.0547492324540085,-0.3041028928215626
SADAX,0.0072303705842769,2.0,0,-0.4452682409609711,0.4740331066435412,0.2019415419947965,0.0108951560398178,-0.030050809669924,0.1578670848447236,-0.1588728399724315,0.1987793206390797,-0.0867929030121912,-0.114554762323347,0.2258016277464205,0.0189864827559986,-0.0899840432198816,0.4238211774912,0.0845706476665971,-0.232505354805367,-0.0490971706565927,-0.3495786077550439
SADAX,-0.0005903014851594,2.0,-1,-0.1959846185926406,0.3558044733119108,-0.0454036880096475,0.7025066690281061,0.0341390673281667,0.139085370208981,0.117310014129588,0.3469563818785648,-0.026007184922915,-0.1461293105482254,0.2370987234210531,0.1701064936867518,0.1941548828587834,-0.0342238962615409,-0.1514183213281645,-0.1089482115811138,0.0420050799410238,-0.0464143357281133
SADAX,0.0101733658039374,2.0,-1,-0.1346427915279645,-0.0654599868750966,-0.0823543800898341,0.1328265390577715,0.0292161063284344,0.600884535879548,-0.4647310944746876,-0.249820397388168,0.0010810738254892,0.008623597971538,0.2112627389774408,0.1281094762730636,-0.1096437198840288,-0.0284884181339379,0.2550630283166037,0.2529491705131221,0.0073665764134424,0.3313798379531799
SADAX,-0.0027666931426543,2.0,0,0.2458707993810894,0.0518362026080179,-0.358436516045028,0.0513837889912674,0.3286410844093377,-0.1551974437168877,0.1155570846751345,0.2256039734581799,-0.2192151182905337,-0.1055910859853558,0.1439372304333987,0.1939619254833707,0.4665061877185855,-0.2992524172241291,-0.3085241704580932,-0.0405954328104681,0.1716776375831137,-0.2415976610349146
SADAX,0.0043456444524042,3.0,0,0.1666211979416073,0.0225480598525495,-0.339904964394222,0.0477851914447147,0.2782404283918056,-0.2151897295472106,0.1272508099157186,0.2023108054874068,-0.1705592881378852,-0.0874392273594648,0.1166908122875095,0.1750991828729338,0.3600480057839461,-0.3906067924864461,-0.4424456280998599,-0.1327638165191848,0.188740445779215,-0.2466480356102668
SADAX,0.0028216510123461,3.0,0,-0.0269018094078794,0.3221447850971886,-0.1456171462290035,0.0672115458701281,0.137688745274892,-0.1866743197205015,-0.0900138469220225,0.2874724017976419,-0.1522372996311596,0.1013312679926022,0.6272304009053709,0.2252490482653268,0.2272962519894462,-0.1870122963439304,-0.199077070081852,0.0046404256372717,0.3013032705305583,0.1748013960360738
SADAX,0.0003335653460636,3.0,-1,0.0511723980403589,-0.3307878409264942,0.3080527344755349,0.0687609843630879,-0.2342787971655509,-0.1086150343060566,-0.0672571329641502,-0.2906483966687151,0.4937108295016211,-0.0308784438016223,0.0653281798432351,-0.181873241594469,-0.1717068625941124,-0.0297203482059155,0.2729894290681528,0.1393476146347583,-0.3913410492235643,0.270458092287159
SADAX,-0.0014704971072687,3.0,1,0.3138955952000446,0.039820000443405,0.353726149806295,0.0390581521114127,-0.2724841204442844,0.2500411372869529,0.4198019902933599,-0.0797738947285535,0.3896872757663583,-0.0216878913873059,-0.120556827684237,0.1015231448119798,-0.0549735884015091,0.0975402805934961,0.2412133275230304,-0.0119664295090305,-0.4244558070301792,0.1602404729108024
grims,0.0021906996324059,1.0,0,0.0789179429809445,0.2328268043093281,0.3303171643014146,0.0197714377863958,0.0870711898777786,-0.2742165965998563,-0.0507754310886028,0.2633299016294873,0.1466612434326391,0.5037309341140277,0.0267895694871205,0.1441885395333094,-0.1775905743398282,0.3593370612660184,0.1371073827598833,-0.340455177902865,-0.0480277578230109,-0.2844778184262881
grims,0.0007142661227407,1.0,1,0.2175410887743953,0.0744797212921383,0.1703992729779545,0.0797380697267736,-0.0732724067113552,0.2030173238723532,0.1332855709250394,0.1813658900948797,-0.1011141020921406,-0.0443350127279488,-0.4616196412627508,0.3316519508388394,0.1045342229054801,0.3094603459226414,0.3400296755038637,-0.1702115378120313,-0.2929172858376495,-0.3770012024042967
grims,0.5873231515758759,1.0,-1,-0.0092717406483322,-0.0565910206896341,0.0268977925632593,0.0350744280494211,0.0353072165086495,0.0536994535915394,-0.0052587414858726,0.0258428047585882,-0.0143710931980876,-0.0253433471128385,-0.1070684051169029,-0.9760902685943617,0.0026537595262831,0.0675358502504167,0.0895372137675058,-0.0341645025628805,-0.0308546193986903,-0.1008122629864792
grims,-0.0015270670782135,1.0,0,-0.1206953704738684,0.1295199421129739,0.2920012492648258,0.0406884572184859,0.245079239265379,-0.3774588962785453,-0.1707477515771543,0.102597401121781,0.2041539692421281,0.0285288301076745,0.1482526185540423,0.0650600992484812,-0.2512537471450061,0.4510689757796294,0.0708850489571802,-0.4390838751531711,0.018987028575796,-0.3256392986147088
grims,0.0071005914811307,2.0,0,-0.0356036745995727,0.1352198074350157,0.3127014918078363,0.0258858380310908,0.1236964606491519,-0.2615173393947663,-0.1493714857497594,0.1823043536153397,0.1995502457669982,0.70925304616593,0.138316829007024,0.0836444493802186,-0.1531899145021349,0.2415922626646816,0.0407463401674532,-0.1807564345547789,0.0173907050083884,-0.2393724027620754
grims,0.0039738385673283,2.0,1,0.3553196313779213,0.3673606440634477,0.2825850720549848,0.0356652059828733,-0.0578549015293094,0.0086657118412976,0.1580887567974523,0.3514850099711111,0.1211333694331623,-0.1024927649443924,-0.1061230213959104,0.1605516227357383,-0.0721824707939504,0.2945163155951066,0.2124114448479901,-0.317521631706024,-0.2860503147297791,-0.351825519029
grims,0.0016559143155362,2.0,1,0.1694313490209677,-0.265849390511787,-0.1071625726215605,-0.2425094975306026,-0.2738178483884103,0.2640795462535732,0.2961178451573733,-0.2459678735778221,-0.0262240403382271,-0.0768351593160629,-0.1394070967775618,-0.1210385924592362,0.2885635064118672,-0.2822931441407764,0.3105508831593964,0.4259695190685089,-0.1907166956375043,0.139725352435293
grims,0.004159009994002,3.0,0,-0.2424924615174612,0.2467481993141594,0.1196063809648756,0.035495083101318,0.2532393064311556,-0.2170711323986655,-0.3297411422664564,0.2087540977161611,0.1116688653045363,0.3369160443838189,0.2607767830678934,0.0867849870645908,-0.2629080341606322,0.2599427111917007,-0.3101770990982315,-0.1792423311612094,0.2192071070355382,-0.2942632452327656
grims,0.0162705915643371,3.0,1,0.2743278184470642,0.4387089684065388,0.3397976681462149,0.0116409981884384,-0.0043769597534046,0.1308113352204222,0.1186702629787159,0.3237763600893775,0.1908145932502082,-0.0591691175876406,-0.1301787339116541,0.2166889579779104,-0.1536004677574934,0.2250682522852033,0.0227472953491263,-0.3913210446673825,-0.0767249324264315,-0.3782053116409596
grims,0.0004392013088269,3.0,0,0.0129893946603146,0.3316042377008521,0.0524372279446811,0.2914242305612379,0.2839603486466661,-0.1425994660042968,-0.1608235116042675,0.4304089524729882,0.1649478952122315,-0.0310376979865147,-0.0378126729773994,0.3676753568902888,-0.3108422094477959,0.1192536234901586,-0.2083297599053998,-0.3523782824557723,0.1698722793230545,-0.134347502604994
grims,0.0027440346247855,3.0,1,0.2850339366639008,-0.1518659147063625,0.0637537597652412,-0.0538953022620247,-0.3613101035519799,0.3301632159359217,0.4230486137302638,-0.1372158435159894,-0.0348006734568413,-0.025656703563195,-0.3008578018444664,0.0065637875869372,0.2662035389897637,-0.1738488470988632,0.4478623999078027,0.143209725652864,-0.1818956994957525,0.060668743256655
grims,0.0043237689483301,4.0,0,-0.3750703348229483,0.0917336722391174,0.0829385239996843,0.0291071226245369,0.2377756341828436,-0.2705990529449857,-0.3695649857062149,0.1422093551294003,0.0811899092973099,0.2950918624276201,0.2483985705623811,0.0693369904637352,-0.3855562852975047,0.1032995752648884,-0.3211419666629623,-0.0759594683788313,0.2647164457904462,0.2411152142876267
grims,0.0009517717618503,4.0,1,0.1663335501804947,0.351129759145405,0.2061935266318272,0.2495020269206231,-0.0612712044958269,-0.0419632801586874,0.0014196744975752,0.3794611610798041,-0.2268814292847985,0.0280695042385557,-0.1941475190748362,0.2217059569147401,0.1081515364853584,0.4444551652158058,-0.0564609920408091,-0.2922689583553778,-0.3161207328251871,-0.2405780959030822
grims,-0.0005130346856692,4.0,0,-0.3869091052663632,0.2007441394428721,0.0906807710538444,0.0196441572418704,0.3147191916355704,-0.2915111808157095,-0.3945367970106274,0.1308985394948424,0.1082504924591643,-0.0717954884764616,0.2579308414533821,0.0264132404139206,-0.2593206513131074,0.0671751031554993,-0.3375462884363859,-0.0905020314069013,0.3751276606350522,0.1608299695981049
grims,0.0042262173553573,5.0,0,-0.2874569827788096,0.209242525656474,0.1882906294149278,0.0294892614152769,0.2665061371214923,-0.2661920790245728,-0.3524402058171215,0.2101331128495176,0.1078206572791235,0.3508256687481342,0.2582775324478707,0.1084997092813796,-0.2718472975619939,0.0394605219906969,-0.2856564353323514,-0.0659992340412882,0.3329104164707698,0.2039190010762678
grims,-0.031285719303422,5.0,-1,-0.4041402213171164,-0.4662964110219223,-0.3132805304578497,-0.0552168050182684,0.0661488979637065,-0.2128926522526518,-0.1864081076820481,-0.319878669604021,-0.1775680522930977,0.0222166068510629,0.1787294523820005,-0.2054201827332604,0.1211069897585138,-0.0388705777660564,0.02892094099079,0.2890687159016673,0.0529765538973955,-0.3488958375693832
grims,-0.0011769657361839,5.0,0,0.0299423628514157,0.4188393203006801,0.0569747975020954,0.3514206780410812,0.1940564722711468,-0.2025890979882411,-0.233021784588634,0.4436461510941067,-0.0910973508047927,0.0534618880980216,-0.0113863743636816,0.2507045805436937,-0.1247017377894853,0.30646025933759,-0.2574537646695316,-0.285261188494327,-0.0603143636781599,-0.1794747380112166
grims,-0.0013005630039895,5.0,0,-0.4022515374959191,0.1671693139811178,0.0874096709435516,0.0198511531215879,0.3439840985954474,-0.3038324284313342,-0.411826134574688,0.101860580866895,0.1156608047978757,-0.0573272159586854,0.2629122893043938,0.0270590389067269,-0.2702138124245343,-0.0012241928179445,-0.285486627142615,-0.0145000950427299,0.3809908817121789,0.1587300775529548
grims,0.0037189948906018,6.0,0,-0.4024070734909546,0.1000483876382348,0.1232871955276602,0.0311398266650544,0.3088918525504236,-0.3291754597620909,-0.395309167989092,0.1487548343042958,0.1040976287197522,-0.0699568796492207,0.2634475702660633,0.0953187459662677,-0.3089474563721638,-0.0309710285916115,-0.2485464590328873,0.0306677783498032,0.3866565520994964,0.1639329146232031
grims,-0.0054745101162057,6.0,0,-0.4848047181349867,-0.2100349177650418,-0.1173308387885703,-0.106336612178001,0.220606769827321,-0.2495620723622843,-0.2297799400073475,-0.1118080254106475,-0.026617199842074,-0.09047099836665,0.2306010154657763,-0.1780755359942556,-0.17902972698066,0.1723896414134469,-0.3144541952064775,-0.2093293925808456,0.1940313774629456,-0.4285181948115605
grims,-0.000228218011941,6.0,1,0.2344241550636984,-0.0518408568703048,-0.4497154632213159,0.0361695063086145,-0.3473916023323754,0.1191913001958172,0.1588680581542026,-0.0094600927634994,-0.4485170236606984,-0.0458807182057537,-0.2551549516336863,-0.0364393314748972,0.3602514323875838,-0.2263456574926531,-0.1735567287064548,0.0889513324720609,-0.2456965378391582,0.1716700695791634
Pa0l0l0,0.0006641966596605,1.0,1,0.2000533582934733,0.087809033178607,0.3246671781981722,0.0312626051362383,-0.0479994295969382,-0.1081185103698599,-0.2316554033043653,0.0197161321302602,0.2356616477725348,-0.0423720113420452,-0.2467224494551552,0.2153188171675201,0.5785405005140332,0.2537258485713487,0.3953038877766893,-0.0619177238009372,-0.0372052219292306,-0.2295659334252662
Pa0l0l0,0.003686500286802,1.0,1,0.662909818588301,0.5141595123139823,-0.2419914900845393,-0.0032364972630006,-0.1212819647431678,-0.0413429466359186,0.2230118745082631,0.2597931791393601,-0.1075192392391532,-0.0629507878345914,-0.1449078262217114,0.0866476350129209,-0.0748040111264761,0.0878033212430405,-0.0426535326137694,-0.1097375892792716,-0.1432834688414462,-0.1106738834651839
Pa0l0l0,0.0008667247320924,1.0,-1,-0.1864191353868228,-0.397511652060201,-0.0689926302721367,0.1360222424612497,-0.0193711729435195,-0.0952423269455337,0.2371530211329901,-0.3518392128075091,0.4709573446796783,0.0046594191399239,0.4640111490257241,-0.2767363920654986,0.0867978049421159,-0.0667983746307586,-0.0887265403380995,0.0253396768189129,-0.1593368890978587,-0.1867648164511932
Pa0l0l0,0.0002544788316432,2.0,-1,0.2356525478695952,0.1597691829144117,0.003602724980489,0.0401899308828966,-0.136656551090774,-0.1469484232393461,-0.1940296653382304,0.2127672250806447,0.1238579418959287,-0.09056572668947,-0.2056103033804381,0.1952201047795451,0.5638080834942052,0.2822812507823093,-0.0524986889383316,-0.098364363700765,-0.399185108662827,-0.3476422325384634
Pa0l0l0,0.0068903270313681,2.0,1,0.5835688257073273,0.3694882099015516,-0.3821329327879982,0.0432541579210881,-0.1914914063784941,-0.0897239866209945,0.2698711896747478,0.1743972738403656,0.0439828683781362,-0.0397834671388035,-0.0599796419064013,0.0652061855708031,-0.1209558773413854,0.1618424499438007,-0.0577635227204203,-0.1606031931229349,-0.3169388461230129,-0.2128262224930478
Pa0l0l0,-0.0005526547180288,2.0,-1,0.0922156009455427,0.3979053091325285,0.0979609770373306,-0.138040646052333,0.1309014833220208,-0.5445007514733109,-0.1354940947902358,0.3965150807774712,0.0139278577136448,-0.3289283458506291,-0.2238966639979803,0.2664015382286739,-0.0842017949712679,-0.0881968048047841,0.0485817685357942,0.0418743947332912,0.1777123335988644,0.187791549979343
Pa0l0l0,0.0064510277907629,2.0,-1,0.0499138600122476,-0.0596577566982281,-0.0153360020106501,0.0466403513685794,0.0012055171650236,-0.0760975420429469,-0.0671234636593353,0.0950062982301789,0.0669254494475412,-0.1005147085087897,-0.2238925276920931,-0.9150459686658544,-0.0541669202856368,0.1388578021308023,-0.0690830601956803,-0.0643755395607186,-0.0847673512771223,-0.1785442782921571
Pa0l0l0,-0.0001350779399442,2.0,0,-0.222569990295202,0.2250084246112124,0.3223733619342225,0.0089277829073906,0.3948479802052699,-0.042347232209877,-0.2141373324760326,0.2084337823619265,0.0403683645264152,-0.1563872910270776,-0.1034626229303307,0.1815075473726945,-0.4086161234252477,0.1556237384178302,0.3750963449468031,-0.057895088965751,0.3200688491104937,-0.2035109545595829
Pa0l0l0,0.0029183505550389,3.0,0,-0.1242446459321693,0.2493160392141754,0.3366529837168034,0.0068619028918572,0.3895974520131922,-0.0369478405093796,-0.2224969125672695,0.237444380691306,0.0076196904943056,-0.1716246763426381,-0.0963409556338637,0.1783836205999295,-0.3575908140491228,0.2128763042264725,0.4018808311013603,-0.2257645023742959,0.2611453421224919,-0.1597148613787269
Pa0l0l0,0.0071415380376753,3.0,-1,0.2645519987311471,0.1614589203797395,-0.144273978116818,-0.0043178180381598,-0.0717439464936611,-0.0495662369282311,0.1290666087387142,0.1651371010979055,0.0001067829968208,-0.1050650240923525,-0.1390549573622033,0.1147493719967454,-0.1481120687776897,0.1292491151877075,0.0312280743512377,0.8515888049884744,-0.084233248856255,-0.1269581064107195
Pa0l0l0,0.0008756960582017,3.0,-1,-0.1976004948812718,-0.1699554967654188,-0.0716477979918377,-0.3470130234630309,-0.0962378694664847,0.3364132414579523,0.1374207601856279,-0.2975625560446258,0.0137592024301377,0.19964184533694,0.1658645884541239,-0.1441423291924077,0.1509207477582151,-0.5156715510351856,-0.3436275149780419,0.0531776861844211,0.2557194973663536,0.1154362132222615
Pa0l0l0,0.0030184814223311,4.0,0,-0.1206134069820732,0.2330778835063615,0.4279291746686327,-0.0020986467362305,0.3816070479617199,-0.0509073174354352,-0.2153596251236739,0.191330429181823,-0.0093657516252641,-0.1402086204380906,-0.0488257724681632,0.1540199118060509,-0.2987780584446109,0.2348222709341132,0.3779930898690963,-0.0850797382912122,0.365514940024493,-0.206920583626023
Pa0l0l0,0.0064422847050634,4.0,1,0.637286476155501,0.3308518405143305,-0.3928312574735577,0.0323347603259181,-0.184514259269473,-0.0892330819032546,0.2989259365087577,0.23310529954317,-0.0026659759737187,-0.0814998970002407,-0.0978108284342193,0.0838636064614862,-0.0137103569849571,0.1303505133618591,-0.1539475568562189,-0.1219630581557632,-0.1799028021605163,-0.1788008189036203
Pa0l0l0,0.0006422977239834,4.0,-1,0.0173880524861219,-0.3509338745605818,-0.2635395878001196,0.0899321433959616,-0.2554548867688748,0.114643215108731,0.256829348361175,-0.3850949373993944,0.001666468808238,0.1931088489934312,0.2025297364148137,-0.2237994489296423,0.297705488577581,-0.3154791923703318,-0.3572912502845984,0.0862279770234849,-0.2165033020105127,0.088445030363663
Pa0l0l0,0.0021760260267511,5.0,-1,-0.1303093695676192,0.1280245970937094,0.2270244663360377,-0.0191003158207186,0.1967808870863028,-0.0327923502174605,-0.1368276110083901,0.1234135098661904,-0.0849171398050089,0.3583718104806814,-0.0646283086112418,0.0950668481235824,-0.1351450494702561,0.0899427850187004,0.2164295374210794,0.7504541185502381,0.1619520715733158,-0.1717911662800068
Pa0l0l0,0.0019454217461851,5.0,-1,0.200448156772716,-0.3057469210221035,-0.0949102297173713,0.1068659867487206,-0.0864473785396825,-0.0624364358014999,0.5122988472429134,-0.2089361312123839,0.6155441082969106,0.0853820398848601,0.114440510995553,-0.0540407638558293,-0.0708078671484577,-0.2596960511088989,-0.1103505251800033,0.0943462302913511,-0.1635933239028869,-0.0770486690008937
Pa0l0l0,2.8509051732364913e-06,5.0,0,-0.1496225870304879,0.1878022188016702,0.4355499336844376,0.0084170899204517,0.4208885792289448,-0.0533291875225903,-0.1806701257668062,0.2088210113236104,-0.1205257672194095,-0.140622036291759,0.0173951700889924,0.1025557606461523,-0.3132806838982427,0.0725456306362768,0.3546115315573492,-0.096279482889001,0.4138018846536065,-0.2038373922948619
Pa0l0l0,0.0041169485111067,6.0,0,-0.1243262593844385,0.2080659056547047,0.4410739184268553,0.005178617959827,0.3875472991826527,-0.0974093555135399,-0.2046158713943221,0.2307325183354965,-0.0798912548590714,-0.1426983610881182,0.013454044796207,0.1079687666213189,-0.3208347192643885,0.2139393976322598,0.3909315028926094,-0.1441296477002549,0.3339094218674507,-0.1396671687906469
Pa0l0l0,0.000764115486069,6.0,1,0.6105158381966634,0.173215551291527,-0.3515540254228459,0.0444441052560472,-0.3093023845585003,0.2286846033138124,0.2883721592139094,0.1897715652806995,-0.162403333826586,-0.1000955830294013,-0.0527846391015111,0.0270059657913846,-0.0149934718422754,0.1242929682798405,-0.110254018516032,-0.1901147208613312,-0.2549586884951841,0.1888871810161949
Pa0l0l0,-0.0003197177010935,6.0,0,0.1204077437471437,0.260653680772693,0.2187289312178894,0.5064049337772306,0.2668416686056608,0.0696852287969634,-0.1508401953175234,0.3245672678905595,0.3462200171051993,-0.2604549046498924,-0.1544211657927976,0.1860317432222902,-0.1599812561190275,0.1112881488330743,0.1393328031251257,-0.0173027231582817,0.1612749565043477,-0.2815238973000106
Pa0l0l0,0.0004964100894489,6.0,-1,0.2483623823931243,0.0029438001736538,0.343104029164463,-0.0297565690637631,0.4129079544276456,-0.029449327574903,0.2484482471756452,-0.0543990373538685,0.4541196732354652,0.076902361048917,0.3727469466768376,0.0734607242520721,-0.1117176295280319,0.0095590100753261,0.1750616732043025,0.0374993416820957,0.2766470188427193,-0.3256096171508829
peppe,0.1765773068391325,1.0,-1,-0.025698693486971,-0.0498197698802373,0.0338117379416544,0.0646444600435954,-0.0216815315936798,-0.0443362531979456,-0.024704353669448,-0.0480954209305976,0.0314872156064795,-0.9848200770610408,0.0877494440654313,-0.0150228724380924,-0.0437536018889317,-0.0323724865349478,-0.0074399187760662,0.0491267790004191,-0.0352564583638311,0.0267266588992072
peppe,0.0053025074688963,1.0,0,0.0529897396357434,0.0788531736917066,-0.0683828037528181,-0.1003833036991441,0.0420052218030103,0.0546368557575802,0.0204995159021037,0.0710335648663541,-0.0803694058811023,0.9513279634933436,-0.1770182198579792,0.0108466675072217,0.1015630892134912,0.0430120065930316,0.0181693478818428,-0.0777258352694444,0.0558104809768211,-0.0376438133379645
peppe,4.705796110849127e-05,1.0,-1,-0.3945145613063739,0.4564857872256666,0.2014043097803602,-0.4294146370142104,-0.0921644842309568,0.2233482479304327,-0.1757195574535653,0.257204221093564,0.1873504551464808,-0.1088150709840365,0.2251526670608198,-0.1096076126904989,0.0713510866524636,-0.0060927417676081,0.3314824850530664,-0.1417030003150584,-0.035189445740373,-0.0981479238405819
peppe,-0.002329639272526,1.0,-1,-0.0843243474218986,0.2924676970745068,-0.1605533261888542,-0.3589059565304635,-0.0909566557612422,0.4246222758904429,-0.042052349158389,0.1562759359163943,-0.1797882146629258,-0.1929714824999915,-0.1838574439910898,0.5347057161036283,0.3142354797384698,-0.0441690421754832,-0.1489758843736154,-0.0106631114643607,0.0763947137170496,0.1409942150858874
peppe,0.0002944970376229,1.0,-1,0.282108697770959,-0.2057278995695731,0.330593822408161,0.2079632245846201,0.014284999525813,0.1669775384651549,-0.2591143054705207,-0.3738007693428509,-0.1580810942677966,0.0368911786472716,-0.152848054974764,-0.0952183570273291,0.0820540113542272,-0.4570789193855033,-0.1452068696156472,0.4253204448943744,0.0417229031103916,-0.1115346005166952
peppe,0.0017122831701086,2.0,-1,0.1945575224801475,0.1179506944496073,-0.5420873719495055,-0.0873962528257255,0.0781425189879803,0.2607493094382801,0.4420128638123231,0.1558239127664362,-0.2132439182873808,-0.1828805820931095,-0.3929218542994962,0.1474387273059059,0.0365487121768365,0.2660101318336977,-0.0499733909538647,-0.0311093047896121,0.0509450473351864,0.1406538236007839
peppe,8.16791951998158e-05,2.0,-1,-0.2929155913336453,0.3082939872959377,-0.2960276114199172,-0.3184046856357853,-0.0423688595296881,-0.0659126926215609,0.1113771083932831,0.3989647246819592,0.0894102374873905,-0.2608410073430752,0.2189043785490458,0.1414559095416085,-0.0020505076554895,0.3813535387329524,0.2316439919568982,-0.3260081458810411,-0.0328568054046757,-0.0448151666598945
peppe,0.0017287048299023,3.0,-1,0.219742808028782,0.0122987348873164,-0.2667753275810176,-0.0621777273036945,0.095090894571062,0.2660890403550177,0.3587013669778934,0.1724437217669583,-0.2375623333041763,-0.164065233482466,-0.4307525180389521,0.1498580389267946,-0.0195404669570848,-0.0128868240661539,0.0169903672767937,0.5069059439178488,-0.0235325042607331,0.297615719872211
peppe,0.0027923716565238,3.0,0,-0.1950317607850119,0.2554346178566127,0.1502297261758642,-0.2671377100639573,-0.0346505292584378,0.1722442753979768,-0.4257077202132376,0.3645753171369681,0.2531644330778389,-0.1244527736283892,0.2509137392578193,0.1838176956038462,-0.2411815099251179,0.1263174913072105,0.1703711649992932,0.0030683394720965,-0.1225289399476129,0.4040695177574281
peppe,0.0048047398059858,3.0,-1,0.1739355679110363,-0.1711700416414097,-0.1108443807339924,0.1424459232789906,-0.7046058683284364,0.055788871568984,0.2823452439416462,-0.2214934888144965,-0.1312555830728223,-0.022560105764973,-0.0766105241908571,-0.0826167531734763,0.3286728065895887,-0.1981767180797627,-0.2667903418004438,0.1309897836602505,0.1150175801208775,-0.0146260460528902
peppe,-0.0293249688192919,3.0,-1,-0.1599665190273669,0.1209337643424777,0.0698971677617211,-0.0936774441325497,-0.0740384297252295,-0.0488271091993451,-0.214339889945493,0.125444643967565,0.2773695007889655,0.0052446595157241,0.0788440884724026,0.010675822422649,-0.3164653526861514,0.0108842557547451,0.045380380322462,0.0452169300841463,0.8195091990441885,-0.1316098919974208
peppe,0.0008150148731542,3.0,-1,0.2836716173190381,-0.1472770470396209,-0.3859328346057978,0.1073157607542235,0.1586811374948917,-0.1174034462634763,0.3137000079850108,-0.0528682952583079,-0.2737962437540905,-0.0199014816007472,-0.2350273186470493,0.0562866253599424,0.4411843972660856,0.1091032305307631,-0.4177794680730675,-0.1090838081352431,0.1807104724222549,0.1944328555300957
bigw,0.0002311196217235,1.0,0,-0.2098627705980063,0.1730356184159621,-0.4384952502757006,0.1070471462533073,0.1588356219343663,0.1944470781946958,0.078486465792962,0.1304218606017896,0.0851867098986919,-0.0928189346319368,0.1023668764365481,0.0633668344186307,-0.480355525168791,-0.0730932063684073,-0.4014467761882623,-0.4374416225754236,0.0228560252290357,-0.1287754339404445
bigw,0.000112669360749,1.0,-1,0.0579348818880777,-0.1671720007075225,-0.1499674698772429,0.082630924822453,0.1702761840816567,0.0800291954327208,-0.0978708582680058,-0.2730283013493337,-0.2205444846918685,-0.1554745484077432,0.0391810201096226,-0.2530651954384657,-0.1407357822937197,-0.4857871570669916,-0.1362350720339945,-0.3175992214345213,-0.2442447517503337,0.4965755922259299
bigw,0.0018451950431062,2.0,1,0.2945273972640838,0.235262468766402,-0.0586933549718692,0.0789586449944455,-0.3999922684175827,-0.2625406615953077,0.0612484175523164,0.3056065724979124,0.2735029267059929,0.4007168855880933,-0.0576266705366307,0.2369304136934635,0.2658396162445883,0.138445912507402,0.2062503801105525,0.2034546864509857,0.2248441558029064,-0.0547450740392836
bigw,0.0355305183457221,2.0,-1,-0.0120469434109005,0.2888366004163739,-0.1133950158219545,0.1014262474788077,0.1785310486513771,0.2401381216106111,0.0393191947080525,0.2743178971815426,0.2973605518215931,0.3462428287505252,0.4159254939001051,0.1108488357621244,0.1690402503359359,0.2503545213708777,-0.2958752684104178,0.2597234705145809,0.1912604458191249,-0.2247815252962113
bigw,0.0006651764154195,2.0,4,-0.3264573422565992,0.3851122672073455,-0.3241732716265335,0.1328331070900049,0.2131826181493425,0.2852701676961764,-0.2397980400561437,0.2233950368644617,-0.1709688051040138,-0.2226714427262247,0.1233726670836227,0.0126554761258489,0.2349995145755241,0.243535651069199,-0.0620332478177141,0.2907558155989054,-0.0023045453266006,-0.3017055139425251
bigw,0.0004265547628326,2.0,-1,-0.1314389893836779,-0.2812729927107168,-0.051498158905715,0.1929924058253484,0.1624968855397923,0.2329457509920818,-0.4971350180044576,-0.3015818517546507,-0.2887331294005807,-0.0809049352938663,0.267515573679157,0.0983371835469569,0.1964797525123464,0.2422019524266169,-0.0804249842460899,0.2608001505077715,-0.1811366683539061,-0.2631324493348955
bigw,0.0020043745472822,2.0,-1,-0.0161810992002291,0.2342828643746791,-0.1590662803837357,0.0988313300805134,0.0876175491923281,0.0870041137303342,0.1346568653972251,0.3686758772012212,0.2787464403587185,-0.0144024497221218,0.6086731159828934,0.2574254626010873,0.1501280991711508,0.2445115619574885,-0.0225618854446463,0.1828091640444592,0.2289445753064281,-0.2390670121401318
bigw,-0.0003713252929488,2.0,1,0.3505692211627834,0.2477198307042629,-0.188635593849207,0.0619812601322204,-0.5228084683853551,-0.3846112721483342,0.0472756278173278,0.2596702420363748,0.0741454830109002,0.2562449084384334,-0.2619564506177525,0.1832167001502807,0.3118896826924199,-0.015021056132371,0.0406098161515604,-0.0626592984609769,-0.0002265569893137,0.0947003085970841
bigw,0.0014575400151756,3.0,1,0.1779243636278625,0.3095350778550071,-0.2361301703414796,0.0775340280853617,-0.338003921751822,-0.1315757116285341,0.0208931087275296,0.3208536625118424,0.0778887827442758,0.4571610662304348,-0.3420879639947712,0.2065329491260021,0.2812672003068723,0.161903577161271,0.1994599315031313,0.2237841324937758,0.0071289426010589,-0.0764080646236037
bigw,-0.0018719301968458,3.0,-1,-0.4065352203914854,-0.0958110349191532,0.0710134458380796,0.1986067931349832,0.2732329060290659,0.2905183243304797,-0.1146584898160341,-0.3130046469342122,-0.2714514217734943,-0.1823321200170395,-0.0688572736771868,-0.386287205160212,0.1226076535871949,0.2816412725690567,-0.0241024830043466,0.2932960403851364,0.0906624519424946,-0.2466142143162993
bigw,0.0007291468157699,3.0,-1,-0.2950544299591205,-0.2667807735627278,0.0340321226484905,-0.1635193949405971,0.2413801134060633,0.1034107467417773,-0.167984336952247,-0.2361944845703024,-0.5658574261191267,-0.1345075418644905,0.1619277833914288,0.0153273231154387,0.034992110410956,0.1451425983875024,0.148947773866259,0.1810790102105416,-0.4441153076366116,-0.1471825255891652
bigw,0.0011058253895613,4.0,1,0.389471009536641,0.2448676417102834,-0.1691804697265082,0.1012473421237673,-0.3499473771488209,0.0164424432716086,0.0921730973443765,0.3072256841897327,-0.037994807330285,-0.2915656218554693,-0.352967092003802,0.2328695262599752,0.3329951293344776,0.1857403143706917,0.1799837651484734,0.2391684878452218,0.0927752086823262,-0.1224982074208222
bigw,0.0004190869314977,4.0,4,-0.2768126363625164,-0.1095138906076803,0.0612020386186167,0.1469706946462498,0.2897472015970455,-0.0325625892788571,-0.269183552877814,0.1142591237352931,0.0657442942237499,-0.2986351932220508,-0.4219157129559266,-0.042161549524351,0.1412248417812609,0.3537441115336035,0.0555845298217819,0.2951440482876756,0.3452196779228531,-0.2962352416497487
bigw,-0.0005872375457697,4.0,-1,0.0411320285685459,0.4213823993331064,-0.1683351070338392,0.567346434003078,-0.1755778722912876,0.206040066427439,0.1417385571673023,0.3649350892569856,0.0048976408513488,-0.1693049536641865,0.0826563078360718,0.247657955375183,-0.0238863091760714,-0.1716996101764265,0.1493990415799805,-0.1871552471455984,-0.1863565712966652,0.1581040262584752
bigw,0.0005935418686589,4.0,1,0.4042937206972892,0.187260329812961,-0.0326007551150928,0.075498477930983,-0.5071113453615075,-0.3795588628944671,0.1643566652442818,0.1664105577852711,-0.0467042191491483,-0.1960321647648967,-0.2760712999693916,0.2492246943819622,0.3110695635208145,-0.0717955571776293,0.1149546947971084,-0.0119121361867376,0.1564992189343128,0.14170153956157
bigw,0.0030536554217028,5.0,1,0.2819413956853886,0.2973465997371272,-0.1321036902157151,0.0842314093091173,-0.4139425119476393,-0.2053987128171876,0.1379516662852352,0.2096173538987102,-0.0182220318960931,-0.255663737809456,-0.344482730871972,0.2518334040542343,0.2704546864002326,0.140049333269295,0.2577332937029598,0.2173738843945878,0.2717921978754565,-0.0542935467219066
bigw,0.0044218524531155,5.0,4,-0.3843463339862497,0.2766920579532205,-0.0517741443326219,0.0319343438259271,0.2432873380372526,0.2756896675205538,-0.2049628537466913,0.2713156551924907,0.0451309692418456,-0.1308856056821798,-0.4020890663403358,0.0629687369665258,0.0935394703690848,0.2569501089337352,-0.0298434176948978,0.2887219647895239,0.3158495981444996,-0.2785858414238678
bigw,0.0006492406711111,5.0,5,-0.0717433682784902,-0.4152122729092894,0.1887050290728337,-0.5110522721063666,0.1890352924630823,0.040804929774491,-0.1836629498167604,-0.3245043804888741,-0.0527849033416926,-0.0066797479374772,-0.0062951140639111,-0.4394537768201229,0.0734514854345511,0.2053737363121412,-0.0229962356053425,0.1872679106794908,0.1919013853865441,-0.1823327777388953
bigw,0.0022353814300184,7.0,-1,0.1983541497442446,0.2667258407133888,-0.0817661973696167,0.1078156631523163,-0.038104234927635,0.2303413590034513,0.0614120515677989,0.2226967217153576,0.1122933339348014,-0.2378886526932961,0.4647330355979601,0.3157577684874374,0.2570785166554157,0.2355528664751187,0.2997021433842439,0.2148243040471432,0.2739818037250995,-0.2140951101034645
bigw,0.0008601491434026,7.0,4,-0.3482198356900386,0.1866614727336176,0.0418141086293038,0.1412713737682729,0.2475941288156325,0.2750897765616409,-0.2435618074060527,0.1928662605358289,-0.0861888783070781,-0.0499626655541113,-0.3621721574998657,-0.0282000485859716,0.2555096230114151,0.2907694314084222,0.2792104574224149,0.2381344488879752,0.3144543547998925,-0.2518504760787488
bigw,0.0005576159472312,7.0,-1,-0.3708362026671225,-0.368862254692482,0.0232075085472924,-0.3684481937529247,0.129166747765085,-0.2823208917950723,-0.4383653757784041,-0.3229872149269913,-0.3266186649892295,-0.1447801514260443,0.1356590334205034,-0.1261255675189264,0.0356835128385297,-0.0106967828577134,0.113796383574211,0.1172411228197877,0.039698650737962,-0.0751233515502992
bigw,-0.0008203687655702,7.0,0,-0.2671614072058705,0.124824937591632,0.4807193511613782,0.0556720393695443,-0.0353534980149809,0.093409716305461,0.2728078601480402,0.1043462384381492,0.25739933588251,0.1038535683669978,0.073969210311969,0.0947989901306364,-0.4424930865084384,-0.0183546080659722,0.5357555900234079,-0.0112970226930343,-0.0934581439721924,0.0058428321431788
qwe,0.0005570413881522,1.0,-1,-0.052638790034577,-0.0815924486405008,-0.0127567213537287,0.0515493322500793,0.0192373339649816,-0.2114917357295776,-0.1977190128689994,0.2291462404348914,0.1825491368890361,0.4639837899176662,0.3417863939988226,0.2971419932244783,-0.0473850837256319,0.1301352382915612,-0.2022592753131717,0.5199727500502921,0.1340681084967087,-0.2211343897877881
qwe,0.000104897070478,1.0,-1,-0.1335102160817204,0.2226446308621734,-0.3454121970855419,-0.0535552919568413,0.1597853487662631,-0.1617527404422948,0.0670473699698649,0.2509705030720964,-0.2841758572861923,-0.1000677855643669,-0.2154041356544308,0.1749204676294252,0.1453979605549063,0.1107172000768545,0.3153566322694301,0.5960330587427746,0.1173072602702456,-0.1470344276386388
qwe,0.0004583513732258,1.0,-1,0.2163932787853803,-0.1501062708856686,-0.0142362909796678,0.1082000688916009,0.1223828884587021,-0.2457090695228049,0.1741563370671442,-0.119136401873899,-0.2717082072094807,-0.1866958436274309,-0.2360692495272467,0.0381076311918565,0.2291039504039178,0.1177695912452158,-0.0426437613442348,-0.1220794684176827,-0.6018845747002993,0.4331869160502786
qwe,-0.0010511303559049,1.0,1,0.1410999217275152,0.0404031168994204,0.1420113552826044,-0.0303216414848702,-0.4018425822837884,-0.1516386954274042,-0.104733767837208,0.2026326577383865,0.0395858732356622,0.3950125385695232,-0.3107250731883704,0.2524776939607687,0.3347272806459803,-0.023385585528018,0.373433499439501,0.3624811944313571,0.0645053057469705,-0.1240100436074853
qwe,-0.0007490972642157,2.0,-1,0.0820237593244951,0.071151187352232,-0.0591018086230264,-0.0503772750745673,0.4268590820405319,-0.3375117911370627,0.146578513234101,-0.1902713431308148,0.0085732342258018,-0.278558988036108,0.303500478064154,-0.2228122599432208,-0.2271513986798988,-0.0323218419928132,-0.3027855193078617,-0.4390444125337431,-0.1712188829205516,0.2062607633924456
qwe,0.0010455221325537,2.0,-1,0.0112952291273239,0.0989731891467623,-0.5822517394793599,-0.0255054759623335,0.22906669607156,0.2134187574607292,0.0956212003090091,0.2559096581792942,-0.4009984754319262,-0.1955215848516336,-0.2553563899397637,0.1271473603455072,0.013757287090602,0.0029506609559952,-0.0175044798370649,-0.1173661769926806,0.227075771235514,-0.3626464086419928
qwe,-0.000508174744782,2.0,-1,-0.0669080493563882,-0.1905548531651577,0.1567256125051763,-0.1871685329970452,0.218541523390968,-0.2452071244225048,-0.1669276319012104,-0.2426632269241072,-0.1119195488693472,-0.2098249506594536,0.3302404078440653,-0.4538735657907288,-0.0491903005454923,-0.1358791631227647,0.0032190038229433,-0.0990513006979692,0.2890983894819259,0.4680654938893633
qwe,-0.0022370514659517,2.0,-1,0.0653913084364652,0.1790623099514276,-0.0787407352653845,0.8216258404565063,-0.1178555125214302,0.1286970122371828,0.1779209896658337,0.1617174839544573,0.1663300962486156,0.1214245717323407,-0.1687990708882654,0.2330036434493806,0.0438299701565835,0.057802417086497,0.0086243787301835,0.0566551980214711,-0.1488524185806509,-0.1955336378826971
qwe,5.100758323500368e-05,2.0,0,-0.4099029333256064,0.3424832498882844,0.3910654425461626,-0.0345930901847398,0.041486335099104,0.0952394388393633,-0.0583739485456791,0.2544490595595534,0.3499577151281464,0.2085054950436763,0.1073890716995051,0.1018796254096039,-0.4167250489575022,0.227965112359845,0.2034285814864019,-0.0288505599272654,0.0623533455275917,0.1484058027014993
qwe,0.0009348253340948,3.0,-1,0.1456512237666088,-0.0320592228344889,-0.2799867401982597,0.0107721794543482,-0.0424984540913244,-0.1962892612270534,-0.036322227936837,0.2020667857788464,0.0749866115591651,0.4697803807108687,0.3658179082858087,-0.1851341191300855,0.0381652574412504,-0.0949171071830407,-0.5016689535726593,0.2667712739377703,0.1456141636482893,-0.2604639465122293
qwe,0.0008386072263642,3.0,-1,0.1117793101787824,0.0032332018263139,-0.2792404356778957,-0.0326069805388309,-0.211895840725917,-0.2319682370907143,0.1916086725638546,0.1197298579105847,-0.1111593842049981,-0.2380156167701814,0.3275963361127013,-0.4541950773511958,0.033245747771889,-0.2365905964790114,-0.3489514093730637,-0.0771623618792401,0.2536138709474466,-0.3563094040933293
qwe,0.0006473131096388,3.0,-1,0.1994123088423776,0.0471928466856391,-0.3447415880207028,-0.062548839853152,0.1915720360730639,-0.1989383807519846,0.3797122904351592,0.2212021932105107,-0.1874385546418303,-0.2394602558690393,-0.3443555791058413,0.2623707030656864,0.122634338282293,0.1366976590027064,-0.1821978413438811,-0.1279477741583608,0.2777963412334973,-0.3542651369981001
qwe,0.000325169134786,3.0,-1,0.2101982465716684,-0.1976674469126211,-0.1406088102190282,0.0109532656698104,0.189443655831546,0.0250858595645094,-0.1919593496127445,-0.2908475401538215,-0.1893083942017824,-0.2412330785987302,0.3062459532474753,-0.4714448617691096,0.118355107121843,0.1103251118434906,-0.3082653700244745,-0.127699784421646,0.2914287838077458,-0.3261465997341631
qwe,0.0023064765789049,3.0,5,0.1691270454476439,-0.1659022926439877,-0.050394874182359,-0.8184653556777994,0.0786024384903194,-0.1541425013265922,-0.1653711199934223,-0.2606757221653067,-0.1710559422952103,-0.1640948396717481,0.0924410020739238,-0.219362896595389,0.0624299879360835,0.0304363331800897,-0.1299422274303631,-0.0371566248107117,0.0983267167688795,0.0244808331499539
qwe,0.0021554130165887,3.0,-1,-0.1653334846364179,-0.0284115572703942,0.2455360048158552,0.0229070520936319,-0.0300210171964957,0.2496492175973537,0.3104179629341856,0.2164775899740972,0.3970327864192252,0.4942124453625912,0.1384918246865983,0.2566192318612983,-0.4102093878731643,-0.0192665395169766,-0.00505524784919,-0.0702990250477686,0.0836310618809724,0.1925567782836057
qwe,-0.0023145050065163,3.0,1,0.3254183517660801,0.0571767424431398,0.0574588862699061,-0.0198272178956445,-0.2633847565363555,-0.0910439469814744,-0.0292835160168034,0.1646794811485585,0.0964203842654506,0.3758686485957853,-0.2381018173893425,0.1969197282194598,0.4312090801593498,-0.1084540471811244,0.468806345043309,0.2141837185413911,-0.2326083821969328,-0.1341396168951743
qwe,0.0007948064552332,4.0,1,0.3174774261420447,0.0363516777382676,0.0393251685245011,-0.0207280873534903,-0.2004139015970544,0.0212240841875774,0.1251275068008727,0.1921515917882503,0.0032370747173424,0.1710218610058687,-0.2694751974364781,0.2396401116838559,0.4971319451426992,0.0710105723436206,0.5502815672859641,0.1094554739337119,-0.1721421027657266,-0.2163471640856455
qwe,-0.0013798184692092,4.0,5,0.2048976193333971,-0.1766446125915285,0.1905958833210428,-0.228135501969268,0.2069239667939472,-0.1613308111004611,0.1998205993799713,-0.2955402698911003,-0.1053781108049752,-0.1577487036039221,0.2763527806690914,-0.3224598892447223,0.3750289456031559,0.2801258494906507,0.2067247775975611,-0.1428463641609199,-0.3635998165682736,-0.1073353707737264
qwe,0.0019956662512578,4.0,5,0.0671769816627121,-0.1549154055423206,0.1884860884821939,-0.7579086430201131,0.1396316595521927,-0.1448022308505155,-0.0099870446821755,-0.2372867341869511,-0.08842175593421,-0.0762310868357146,0.187884729302582,-0.2304078298878947,0.2512138305067625,0.2019759037097192,0.1487318403171713,-0.1069527509355968,-0.0138074905892302,-0.1580985590744955
qwe,0.0010749968421448,4.0,-1,-0.201427739021615,0.128062670335117,-0.1557098570167006,-0.017954266768246,0.254657319449496,-0.2616598296399399,0.0396424580973529,0.2526498658801983,-0.251761579664063,-0.2406867875058873,0.1164596340714047,0.0300669903431052,0.4144813259894375,0.0759444184119405,0.2459975709858047,-0.172441973226163,0.3418000459818331,-0.4464500861405859
qwe,0.0074844338887792,4.0,-1,-0.0037313905201101,0.1531248802074507,-0.0870648165395082,0.2649122935752738,-0.2215906685293649,0.2147757058491609,-0.1022329977812351,0.2994831313258989,0.1858691749718878,0.1741984937054571,-0.3116629556197643,0.4364877261047475,-0.2598838261876611,-0.0970941513062539,-0.1417301085986565,0.118720861158673,-0.2861922749774125,-0.3972461727034488
qwe,0.0030833378733072,4.0,5,0.0907709095516818,-0.2029553922789556,0.1601765606686875,-0.7820226223599871,0.1069136264820706,-0.1001166742131549,0.0345202868392863,-0.2938420469656301,-0.0614285685213634,-0.07570037682378,0.1885489016783718,-0.2305824210854686,0.1465445805245152,0.0543397023468303,0.0806611618764631,-0.0584849048566983,0.1353458744416013,0.2312333885721828
qwe,0.0003152274373149,4.0,-1,-0.1696101627761456,0.6564257808463917,-0.1577455862646085,-0.0543848534236643,0.0636515345642835,-0.0186915285439333,0.0514879400970838,0.3565425564040816,0.0251928328766271,0.1594208447785029,-0.0830134828804574,0.1936797943021235,-0.0720078846867345,0.5293083770793228,0.0100444291517153,-0.0532972684011824,0.0730573716916413,-0.11932125956457
qwe,0.0018792829279912,4.0,2,0.0902886631237875,-0.2434738730831757,0.2727866685606618,0.1947653980779516,-0.127724106502045,-0.2517079148680216,0.0687851681787918,-0.3287043091800251,0.0956844511552073,-0.1846392126639274,0.2579565699849342,-0.4706468493880904,0.0426617035702113,0.1893202205578496,-0.1571614518617914,-0.1707803701914053,0.2686714920543447,-0.3643688562388186
qwe,5.659245305419629e-05,4.0,1,0.4129254705730523,-0.0885258411751149,-0.0232161151069959,0.0916616805317042,-0.3858753577692358,0.1250660268696054,0.311264263462669,-0.1862847133132041,-0.3105027398948253,-0.1183422730367727,-0.2846107633060338,0.1602679800458938,0.2395892284822865,-0.0537244498117998,0.2207397965213074,-0.0053979992281489,-0.3849347852359711,0.2055745206386846
qwe,-0.0003947545027282,6.0,-1,0.0876396637952006,0.0347067328655322,-0.2362515719145926,-0.0135691438086124,-0.0333084903588883,-0.4648424474767286,0.0864541054988171,-0.1589814270486416,-0.115761124628188,0.240259980603478,0.2940297409114516,-0.3145280159882643,-0.2699339800253721,-0.0878013109911799,-0.4832569849337342,0.0484821595436107,0.0746072921602154,0.326564050948824
qwe,0.0052061187484976,6.0,6,-0.1634536538428735,-0.0298698618045113,0.153359387117202,0.0172998335439337,0.1640408447844711,0.3708743468903518,-0.5953262248213577,0.1090823071277716,0.1600880598802491,-0.2181726969836598,0.3482981385625641,0.1842784742540381,-0.0561915370544297,0.0912677646023436,0.1635288189190206,-0.1430232168950891,0.1896775079719823,-0.3076410846762783
qwe,0.0006401152012412,6.0,0,0.0483349903116785,-0.0104803870680109,-0.1058253791052807,-0.0032272730963869,0.2387967805923686,-0.0302414212132003,0.3595261004653427,0.2774870865949047,-0.1191166026710503,0.437298376922985,-0.3939790117312545,0.1957443107938743,0.2146000675655174,0.0596833175486481,0.1395348669051539,-0.1826708155380109,0.2679399063279769,-0.3859382059493754
qwe,0.0005085253715269,6.0,6,-0.1723793906609926,-0.0203567309442276,0.0366718779535299,0.0136283818550159,0.0447590621289232,0.3962148675592318,-0.6832965433422519,-0.0464260337195797,0.2387454381366031,-0.0319486109837931,0.3055090283428257,-0.3733533506384188,-0.0039660165149297,0.0250689991027675,0.0093856294860181,-0.0788974099162984,0.1061317872949575,-0.1770074339439364
qwe,0.0011696128607739,6.0,-1,0.0045368777576208,-0.1705228220302908,-0.254786453373549,0.1450805904559534,0.3310005662684578,-0.2853203231342005,0.1190891389431066,0.1249894468654348,-0.107362763086853,-0.2315394742277672,-0.432983621123423,0.1628191800693106,0.1215362292980708,-0.001365127881733,-0.011673140837963,-0.2066290771374748,0.3325337785875993,-0.465679675340729
qwe,-0.0002906537380186,6.0,1,0.237426195700431,-0.2053291693325807,-0.1262497485768361,-0.134271943145165,0.1565997895246526,0.0724276292886197,0.0797928042993232,-0.4433414062940961,0.2579101925356081,-0.1619719222722615,-0.2135408824203965,-0.1767609518345193,-0.2009700418294498,-0.4216118275935778,-0.4148300599107414,-0.0881931158747079,0.0430130976121265,0.2556534667329939
qwe,0.1297872195976233,6.0,-1,0.1712971998342283,-0.225806313975037,-0.1469952366368284,-0.45669519072454,0.1036032353047565,-0.1652634421158395,0.1029259858077065,-0.4244042205231513,0.2326657810737521,-0.1604173040461779,-0.2146238253100481,-0.1785555574064743,-0.1528941921962558,-0.2442981448531481,-0.323135718622846,-0.1139562227765678,0.2053369200704762,0.245551648689539
qwe,0.0001319819536468,6.0,-1,0.234637575735809,0.1167982303773114,0.2391900052610593,-0.1037558155961192,-0.1459773147485037,0.0291848643198447,0.5820183484703639,0.2498783949979651,0.2112942183462597,0.126185874013738,0.1636305858280834,-0.037832622601727,0.1214987040307405,0.3095381576727398,0.1922923528715748,0.0969089327796933,0.361266859488651,-0.2524854708532191
ocran,0.0025624521668112,1.0,-1,-0.0813345464952765,0.2544970789832791,-0.2543551601938447,0.1251192312511191,0.2264142944161119,-0.1320925031805644,0.1616092937726353,0.1348847461665252,-0.1011129133344986,-0.1082669845574971,0.074811915116593,-0.3047690661282621,-0.4215189070328031,0.372771892578146,-0.2138125358264141,-0.4696338103883075,0.1021696299301838,0.1465170573537573
ocran,5.226760364472255e-05,1.0,0,-0.158962889226506,0.2705197471531185,0.2463784554350515,0.1677483155221968,-0.2084228785164071,0.2996411129088054,0.0365260292907375,0.3034653750947299,0.0225975410662497,-0.1378884644351841,0.195414259817947,0.2546979224281601,-0.0506584907121245,0.3281079087892712,0.5204723993435216,-0.1073952726889692,-0.1320691851053494,0.2310573321028178
ocran,0.0040839647501564,1.0,0,-0.3678984146372949,0.2977502114713017,0.1650888137810358,0.1486073596567958,-0.0664936728276969,-0.0899393206250015,-0.290557044396723,0.3165822289369515,-0.064227671221626,-0.1751332577746974,0.323489723805555,0.5300036663774343,0.1532485095980499,0.1318165430974169,0.2105887692265971,-0.0298805207069116,0.0075455190789302,0.1516392241784048
ocran,0.0003006235373276,1.0,7,0.1398264255424657,-0.2266615343565166,-0.0445618544475932,-0.3186300259393748,-0.0709588786061264,0.1031772442277733,0.0250216442605325,-0.3229236543368579,0.0718879750289842,0.205317334545451,-0.2931912270301616,0.0738788177011282,-0.3175492596284076,-0.3105662184951877,0.0752346995127224,0.272764642202323,-0.323958984033881,-0.4288757232523817
ocran,-0.0033464042337468,2.0,7,0.0047199661893545,-0.2610247176260033,0.3421886725801112,-0.1026487900209625,-0.2258223415686508,0.0137121583475051,-0.1004543643949967,-0.1385358666080316,0.1940891116348602,0.0728161926622265,-0.126387710367962,0.1159039906945136,-0.1817307327209542,-0.3734949163059559,0.438257084115187,0.4865499778524805,-0.1649099854859344,-0.1511509204455509
ocran,0.0007924290254555,2.0,0,-0.2877223608226529,0.1495792389800362,0.3169764650159682,0.176720595015522,-0.1693798760497643,0.1390624441063992,-0.320971845316597,0.2668283230907833,0.1703327106204196,-0.0754511755055639,0.2717539380116448,0.5497208083715374,0.1087923830867858,0.1756877145439577,0.2012221498604464,-0.0675125355339776,-0.0423941278319661,0.2014762146125652
ocran,0.0008810891282157,2.0,7,0.0484344180466744,-0.3492126125030201,0.307435366173618,-0.3116872068945954,-0.3315873842634377,0.0249032415154162,-0.0652258107853101,-0.3131476473745734,0.3648842395501155,0.2167855207426087,-0.2565255769619899,0.0863183633569288,-0.2604903133943888,-0.0974537306735812,0.3283763511396678,0.1793324594839566,-0.0203763536989629,0.0012366288082983
ocran,-0.0029765583151814,3.0,7,0.0166679838731608,-0.3003823547044687,0.2956688036711717,-0.0969812265477673,-0.3303520832144403,0.1179633494026291,-0.0855663304857773,-0.1390391432330213,0.1271339014256182,0.0885964124290043,-0.1242119936012078,0.1464605333010224,-0.0993576688477122,-0.3789539223160088,0.4493905091100583,0.4394956694201967,-0.1819170744766594,-0.1428079532847712
ocran,0.0056823445015057,3.0,0,-0.2888924173907655,0.3000658953668454,0.1922801964539775,0.0358306057066303,-0.0472150921332943,0.0058037006624322,-0.2244811847910202,0.2950896734772512,-0.0976495028989498,-0.130533895183305,0.3505587906448604,0.2050684032619084,0.30959226358831,0.3782077681333738,0.0420873938625412,-0.437688130415253,-0.0441512846151935,0.151044195978249
ocran,0.00096791441972,3.0,0,-0.5169609393004403,-0.1442200307477147,-0.2031193595141199,-0.0764007641600272,0.3382574013599334,-0.2373099323836768,-0.3833975129098931,-0.0128250751333336,-0.440489197665984,0.0041533450295046,0.1154407253110797,0.0714238117274315,0.0320879497443126,-0.1988967595011588,-0.2432770968911761,0.1194638031969053,0.134341187551027,-0.0489575959352606
