Username,Adjective,LogNumber,Label,1,2,3,4,5,6,7,8,9,10,11,12,13,14,15,16,17,18
pedro,0.0010915810833683,1.0,-1,0.0099879110682795,0.0789119256760315,-0.1119977419822588,-0.1997661877646029,-0.1846482985471541,0.2493760954968651,-0.1822278670183928,0.1492406542626813,0.0712484400442566,-0.2861772219923723,-0.0742675009624052,0.1756740751754816,0.507540296950077,0.2595796109367262,-0.3069301958021325,-0.2039028062889142,-0.3708386883741385,-0.2604353688386635
pedro,0.0006930563453226,1.0,-1,0.0253643420362067,-0.2831980326781079,-0.4007932218755421,0.3390174613756401,-0.1255618148897923,0.0656330841970034,0.2686105344812922,-0.3083307962524611,-0.1828683825554291,-0.2451064179718598,-0.1043869166494109,-0.260326573742763,0.08312354594603,0.2259178490990369,-0.3292364308765692,-0.0115322338332396,-0.2524776607862731,0.2321356630814474
pedro,-0.0077506212661212,3.0,0,-0.0556869913290423,0.1589417036151602,0.4576190803795574,-0.36850100532133,-0.0152298756643432,-0.0185243601599062,-0.2309387068365112,0.2230661909577209,0.1866547972149475,0.2388909750915296,0.0706424743738165,0.2451223148435732,-0.2102419551523427,0.1919046688614829,0.3210883727679804,0.0654965338144052,0.3192164324424493,-0.2747034694579269
pedro,0.0007428592253673,3.0,-1,-0.2410633076831166,-0.0970481551980942,0.1206416383218461,-0.0499793992067171,0.1260252254410641,0.0223521203801311,-0.2370941194670386,0.1072261750086241,-0.0141614895994113,0.1512075557452691,0.1194174021668946,0.3219741135894334,0.4965130814990077,-0.4398745365314728,-0.1600828345733176,-0.3699205184590445,0.1380053803714365,0.2623062862907498
pedro,0.004281219005579,3.0,-1,0.2771710499228985,-0.2199312035437797,0.1024578991446064,0.2619395945994294,-0.0664873394591526,-0.1656906854331887,0.2843524038917467,-0.244256889887715,0.3093570813212655,-0.1084709056900025,-0.0600422471124389,-0.3430907730745927,-0.3346173328235376,0.3740721072051452,0.0999200277031104,0.2971608036245183,0.0142049619205607,-0.2100754317264568
pedro,0.0022174548953165,3.0,-1,0.0270563196863995,-0.114367747383504,-0.4924227210370328,0.1663844005303437,-0.1382022725911204,0.1686095158430408,0.1605080840992257,-0.2483174971005362,-0.0674264201628877,-0.2746142552434736,-0.0831776097371172,-0.2056648957553884,0.0261780756110519,0.4444653045195793,-0.352497655280284,0.0959530601756005,-0.3142924096906306,0.1463513855936841
pedro,-0.0029722806214971,4.0,-1,-0.051994971604822,-0.1467338959583433,-0.464174676750706,0.2283439286780352,-0.067747300369327,0.0530723215271832,0.1213524098752441,-0.188587816905991,-0.0448587272621575,-0.2874830802090716,-0.0720376148006989,-0.2027918847649684,0.0988283452852783,0.1542701716836322,-0.440291121488839,-0.2734366590776746,-0.4296632946464767,0.1808173674363677
pedro,-0.0008473144535313,4.0,-1,0.1414997619451133,-0.087187497389974,-0.3829698036910637,0.1952320388235988,-0.2403649941986948,0.2279669092974303,0.0836012122801221,0.1064819493683739,-0.2588259346496084,0.0892380008805787,-0.2237322615470814,-0.2825282344869658,-0.2827096662654101,0.2632237741497354,0.1363844673967818,0.4517021887467181,0.1037454946847965,-0.268477346792799
pedro,0.0028175431321747,4.0,-1,-0.0197306926293216,-0.2316011291622318,-0.2086686876577097,0.246099447545082,-0.1764750685372646,-0.1423910930717354,0.1648275009325301,-0.3810319222925944,-0.6498073479159981,-0.1346861971458325,-0.0623171398408927,-0.3069715568317905,0.0216981799788382,-0.0079967794559962,0.0117388423259247,0.2188151146440256,0.064409882179459,-0.1639688458645017
pedro,0.0003757592499343,4.0,-1,-0.446066555975512,-0.3183048957367058,-0.1158243848494936,0.2584654478693812,0.4231358198088646,0.2650352615726034,-0.2894151171291034,0.1115150099407048,0.0906888310601669,0.1765528992988868,0.0761505290704578,0.1104076099305063,0.1204951879405496,-0.0984809458890091,-0.2620972612127616,-0.0934353804461427,-0.2809351355602389,0.1898715617732226
xxx,0.0001839902435979,1.0,-1,-0.2469347800459995,0.2434983917154094,0.030645223087994,0.0486411812668055,0.0190184716047723,-0.1353256260806525,-0.0116326933768931,0.0558658405691588,-0.2710782082530754,-0.0731941306351505,-0.077365116292593,0.2494412644490315,-0.2793738288691043,0.0195144861280564,0.7182845139452245,-0.294883097725953,-0.1192272440532359,0.1091520112601164
xxx,0.0182990704068495,1.0,-1,0.0038899380998197,0.172549782936077,0.0385581255490382,0.0464409835752221,-0.1765600617573034,-0.1397788397272416,-0.0032316916556325,0.0647451793926603,-0.2136607329816534,-0.0555184570564257,-0.0332155296685397,0.1593575500706509,0.0795180422439613,0.0985473375465397,0.5735604495570388,-0.2605865281703571,-0.2543538902788221,0.5990118120309549
xxx,0.0014307783765472,1.0,-1,0.3099235909208023,0.373144571928019,0.3286202154501981,0.0627479933053988,-0.2389491629005865,-0.1793372354531916,-0.1048675321769162,0.2608743543054084,0.012405795511582,-0.1371469543142031,0.0777958512179901,0.0717749028115909,0.0781315128539078,0.0674920189013705,0.4909356967627198,0.1469925093992517,-0.402190946741005,-0.13878697108403
xxx,0.0003203919537807,1.0,-1,0.0666885999160981,0.2462311133405131,-0.0266046916549044,-0.1036668420558821,-0.0193613165261046,-0.0572372921206663,0.6247261842834755,0.371426648046186,-0.0930130885742198,0.0313726031629237,0.4293096777014411,0.3682616982349009,0.0375761697619493,-0.0595471897321838,-0.116119153108732,0.1953438332627214,0.0205965773352868,0.0706586047810931
xxx,0.0018884161012659,1.0,-1,-0.2125568962954666,-0.2131365644421395,0.0444774581975327,0.1090471072249271,0.057666945505171,0.0733240125687249,-0.8409696834558582,-0.0713142070720645,0.2022951545151848,0.0276649591015405,0.1814855167153616,0.0912934016077614,-0.0199132081337363,0.0718609289850117,-0.0019111365360089,-0.2345107075284462,0.1328760721172857,-0.1154538065572477
xxx,-1.9294039623483455e-05,1.0,0,-0.3480086998879772,0.2014094397752183,-0.2955608842187263,0.0300760698129022,0.3377869853948129,-0.0741798346559908,-0.0616827730225084,0.1631496009494963,-0.0604252441691212,-0.0866244020537392,0.145014422820192,0.078403299645439,-0.2064471078346639,-0.0905228113981933,-0.2672182546434963,-0.1604028233133355,0.3673689327733847,0.5280127695009973
xxx,0.0029945746165769,2.0,0,-0.409410160238957,0.263740821594713,-0.2931189924809503,0.0356092482564667,0.3418469335051762,-0.0907017671493891,-0.039438905868366,0.1977871388784738,-0.1260366449279722,-0.117815526683506,0.1739452184349903,0.0986163735634334,-0.3598592254964978,0.0185919956859786,-0.3200277380293432,0.1665828005376624,0.4089956657607505,-0.1133084167840696
xxx,0.001665161345701,2.0,1,0.335075444607867,0.2308680951301159,0.3893628272910574,0.0798484461185687,-0.2441387817162889,-0.0616842739094701,-0.0686552343886247,0.1500320571903542,0.1243539483284727,-0.0826651510602042,0.0328206575407723,-0.044397275450047,-0.0073660547081345,0.3074981852446558,0.1028002712429002,0.6285837824053934,-0.2400012826302559,-0.050715961489079
xxx,0.0037762193146322,2.0,-1,0.1062302196647241,-0.3204873585960899,-0.0196026537255099,0.0491611921644196,-0.1015154197198627,0.0207933766642224,-0.173982338679149,-0.4724474058213561,0.1068889567401897,-0.0395712800890588,-0.5349813504969375,-0.3975922919096573,-0.0376035959302551,0.2180465360563867,0.0227693188580528,0.3120674979284812,-0.1194376919881599,-0.0241597847020861
xxx,-0.0297974305169499,2.0,-1,-0.0961886161818457,0.4527014713178794,0.0895053180675393,0.5533595891274731,0.1134025406211569,0.1163214358338383,0.2844554624694363,0.3015420324342551,-0.4295356041644614,-0.1104296940547383,0.0078349172357705,-0.1551185107158816,0.0494453816879194,-0.2009494022294888,-0.0324392917016682,0.0559573229049307,0.0629553299100115,0.0395811690404604
xxx,0.0067417888426466,2.0,-1,0.1166656432293373,-0.4206062833631283,0.1319799157178813,0.1811874747500755,-0.1886660303755689,-0.1724298305185777,-0.2149685823397187,-0.0035191951719368,0.0973794664385366,-0.017200807986039,0.0157141054869999,0.2876400132545722,-0.0373347063655233,0.4745407115942109,-0.1241058039730136,0.530938995543686,-0.1715586531339095,-0.0400642536287027
xxx,-0.0013812399239616,2.0,0,-0.395853615109471,0.2305425325161836,-0.3277515200297629,0.0401265228368896,0.3962139660158598,-0.0881526732466074,-0.187914600517767,0.1613822141707692,-0.1068683186438158,-0.13346225461683,0.1347625378393808,0.1617550471672055,-0.113583639620731,-0.2834443741027675,-0.2723913852630598,-0.1958066840510212,0.3861836999215907,0.1628820554517294
xxx,0.0049069755856697,3.0,0,-0.4475090255980702,0.2613960198937884,-0.2614836495952414,0.0317383254009274,0.3376167649640966,-0.1430249944933139,-0.0800745860254503,0.1956525191612705,-0.1116655158227372,-0.12247541614395,0.1246714206526791,0.1388920563255513,-0.3494113047841912,0.040362497193633,-0.2966231514398249,-0.2454429400054897,0.3727383045277177,-0.0985471913760189
xxx,0.0017809098684321,3.0,1,0.285016560552969,0.1859468055603922,0.4589108528162091,0.0786236814830837,-0.2768275164368189,0.2627045052178079,0.0198294051045978,0.1769970833141263,0.1612656141525215,-0.0777461445749348,0.0897333206367366,0.0535862002632535,-0.0637363124896392,0.3140442182602611,0.0004236941213712,0.531318775526885,-0.2396584429043563,-0.0681432191479702
xxx,-0.0023361067576058,3.0,-1,0.1612480027437049,-0.339520903593843,0.0187328028209222,-0.2980573764307592,-0.1782236392722229,0.2729682953549698,0.2300394794413756,-0.4299985587688381,0.1270236854737737,0.4165121761743418,0.2411114170072164,-0.3157092720216037,-0.1004138805228044,0.1745058945770954,0.1402554337336266,-0.0798539620508277,-0.0990415074156998,-0.0403243768933795
xxx,0.0029297934153601,3.0,-1,0.3951012064743766,-0.3498628214214982,0.1174378912078736,-0.2573811523630194,-0.241134972660623,0.0225903613047605,0.5131356780887509,-0.2763687872556534,0.3932204689463799,0.1046453408065911,0.0069670523881989,-0.0280394009555773,0.0732754894513074,0.0939170574365179,0.0029039014290654,-0.1553832667318952,-0.1145156444995333,-0.1588909321486709
xxx,0.0039596234940117,3.0,0,-0.2187789382391547,0.1799522726005753,-0.2704390057224139,0.0440990728689332,0.3835115327244988,-0.0734658282500325,0.066494600487468,0.1800791737353446,-0.0474665126287649,-0.1063083913576618,0.1443260465223667,0.0968016648347649,-0.0650853942514646,-0.3363426962959414,-0.3076896670124628,-0.1813606651558005,0.3770666266696333,0.4737943779259174
xxx,0.0041569385704602,4.0,0,-0.3885991276891013,0.2869709396357861,-0.1209454257936101,0.0452656206134461,0.3730451997186773,-0.1053365567329066,0.2229245900516435,0.2635687261622664,-0.0874515420026205,-0.1705468675364859,0.1773859997994549,0.1107753132076969,-0.330718366160506,0.0570485939765762,-0.3143578403515555,-0.1865095767303854,0.3743854778267768,-0.1169100461417056
xxx,-0.0069058406787966,4.0,-1,-0.2561520001644771,-0.3848982004469813,-0.4968504250207883,-0.027845162922628,0.2105308543238794,-0.4538838966043685,-0.1984508132851256,-0.3036782252893434,-0.0535388698124272,0.1473245328023563,-0.0221599534212644,-0.0980264984101377,-0.0383384244901657,-0.1220302959628919,-0.1561294654916122,-0.175700706264984,0.2019738238012257,0.0979480477609345
xxx,0.0005965914303281,4.0,1,0.3817476842191675,0.114723183889435,0.4743828718207485,0.0901972119164778,-0.1904635098596357,-0.1654747114107953,-0.1425531833770798,0.1017764185459431,0.2058428304179975,-0.0484935363781638,0.2074133427494581,-0.0117904056459016,0.0466606836363242,0.2815212210048052,-0.0873461644055891,0.5514965266017539,-0.1550211669418185,-0.0920413999528634
xxx,0.0729378162915238,4.0,-1,0.2166417279322006,-0.3111279681976798,0.0702008457138616,0.1327869750276068,-0.1168739569315217,-0.1204406630822137,-0.1706976884679725,-0.4526999076980802,0.1741194007939445,-0.0354197348328747,0.379981989274175,-0.5155890771542238,-0.0752313821156788,0.326180031918801,-0.0281184369785064,-0.0739422594814879,-0.0779218759875727,-0.0727406225214618
xxx,-8.528641110074811e-05,4.0,-1,0.1248922025522997,-0.304555629151037,-0.031007526912286,-0.3283902362846245,-0.0722803393510921,-0.0647364458212579,-0.1367125011713005,-0.4257638507414268,0.0753843472861878,0.4425536071534079,-0.4475055928562167,-0.3350858766219881,0.0268515163006822,0.1687032012417205,-0.0009455231594519,-0.1630965976315673,5.9122034258564146e-05,-0.0600192132414589
xxx,0.003722644718693,4.0,-1,0.2769233151131899,-0.4662748300077119,0.1414557148677222,-0.0673173237391916,-0.2053532340390744,-0.1034387849255665,-0.2096610604260687,-0.3501770202800299,0.5371018867805599,0.1153473313130881,0.0718163224791372,-0.0123550566622241,0.0827685972414536,0.2520353150060043,-0.0479437729021232,-0.1661937777012394,-0.0025363196214393,-0.2334890884136282
xxx,0.0004071703538558,4.0,0,-0.3619674573488857,0.1916624613908559,-0.2882519422299466,0.0470680866931396,0.426581194861087,-0.0868108903625766,-0.02148124586509,0.2599236852898193,-0.0802906688041911,-0.1117771866543573,0.1850614820750592,0.1192248186531039,-0.1863293958356863,-0.3973747675320585,-0.3652823548869718,-0.0328391518199604,0.3067329568473157,-0.0280705455671152
xxx,0.003185285460089,5.0,0,-0.3959905674730166,0.2806344724950871,-0.1127133709828313,0.0385713377499156,0.3198045057533401,-0.0413614742527783,0.1741962117840509,0.3368441669044377,-0.1217511035983403,-0.1460840378085821,0.1869557289900783,0.1170388975027631,-0.2994284721766482,0.0705985671991259,-0.2963444985380022,0.4099445227457769,0.2408827075920709,-0.0953659233398616
xxx,0.0047809828950836,5.0,1,0.248534671801319,0.22986291023046,0.5671752054923108,0.0604980299831349,-0.1585995245078253,0.3292705420940758,-0.0611687038669117,0.1021441648636138,0.1885431590386884,-0.0794664677733199,0.0613516105626021,0.0274215556298366,0.15591319944103,0.2744764353268645,-0.1002746629405025,0.4675895568678653,-0.179332754853033,-0.0736003539217731
xxx,0.0011392127212384,5.0,-1,0.2512469945373585,-0.3596666310988928,0.1965851256787252,-0.0288443142645193,-0.2271351527702722,-0.0608359153306925,-0.0873351603363325,-0.3751752613917691,0.2193967142783854,0.1523586496755979,-0.3168741947611113,-0.2442880271601464,0.1384805229841908,0.4350328905227723,0.0537804919933661,0.3092428366621817,-0.1550929843828577,-0.0438190914699872
xxx,0.001917936463265,6.0,-1,-0.2987371595904846,0.2411406352723161,-0.0734091524015784,0.0240789919950442,0.2322608392436746,-0.0685075558133019,0.1168149318185704,0.1641004755096329,-0.110373898359185,0.7006740188671347,0.0998720261061582,0.0993797637076375,-0.2000747865853538,0.0440060282034102,-0.233662054415379,0.2950425272507508,0.188307686783708,-0.0733075956881211
xxx,-0.000386331378563,6.0,1,0.2851309123216624,0.1214536046095483,0.5933875697513447,0.0948943443021585,-0.1640419677706165,-0.0979061654026591,-0.0534004202078803,0.0668734315424934,0.2481559872676254,-0.0703692274380996,0.2045130544989361,-0.0046431155878496,0.1155635582137496,0.2318083217189217,-0.1570263457301314,0.5183390539649417,-0.1564216522823716,-0.0758011181650429
xxx,0.0741592164691615,6.0,-1,0.1655341623637647,-0.2568648519945684,0.2655687080890046,0.1266016781632239,-0.0994297957234327,-0.1192758737977634,-0.0320809961992197,-0.4798768254167705,0.2448292936500921,-0.0167765062335637,0.2119217801364994,-0.5252426754804795,-0.0065594699114622,0.1908116707343754,-0.0713842018073204,0.3589692837023139,-0.1026304330976505,-0.0518350148024919
xxx,-0.0012423971789099,6.0,-1,0.1025729639119581,-0.2487073801907362,0.0845628168202676,-0.2922201849378084,-0.06770694166866,-0.0865417012527675,-0.0416582001738099,-0.4447920726302385,0.0908781517532176,0.4499573394459873,-0.413246854811943,-0.3643704160373539,-0.1786698732961822,-0.264587836383264,0.0397300732711702,-0.0505720371056209,-0.0377379869974319,-0.0410098662157903
xxx,0.0007708711002422,6.0,-1,0.2982670940218282,-0.3197296361876257,0.1888433436540208,-0.0859397381454127,-0.1310200496472267,-0.058295655015279,0.1036643270696355,-0.0598081160258979,0.2768345455802146,-0.0377115626523386,0.043316515729771,0.1027798972884725,0.067057929057415,-0.7251451044843931,0.2183045352428372,-0.1713595754907418,-0.1777323116046549,-0.0378526149460647
xxx,-3.432301289125382e-05,6.0,2,0.1737368785061444,-0.0285847020133831,-0.3496611089225397,0.0431078786932155,-0.347032017681966,0.111880831745576,0.1889224850151113,0.0172149757110082,-0.3621083929752806,-0.0355140567296581,-0.181163106975374,-0.1107803013377341,0.4755334295226949,-0.0643692237055409,0.3350085700397093,-0.1119422496553303,-0.3760906844117317,-0.0445319472129236
slasto,0.0022774231617322,2.0,-1,0.0887537493346395,-0.0279116821616708,-0.2826966586025391,0.0251753755959311,0.0893394025587966,0.2004144154818459,0.2701019597364968,0.2484288971915163,-0.3995921151986281,-0.131839474588271,0.0296574262490556,-0.4315769394329663,-0.2716650220820726,0.0188721472821759,-0.4239998462709361,0.2369424071912454,0.2117466850724518,-0.0941650642310431
slasto,-0.0005303967761928,2.0,-1,0.2197670607897946,-0.0296668673310137,0.2390597002282926,0.0208409471014115,-0.0289929704356325,-0.4277946936711241,0.3801134269461207,0.2327927644450581,-0.049545447821044,-0.1369730172701653,-0.1406444532117872,-0.3707063634798581,-0.0278364992674948,-0.2082809893849349,0.3357914178166392,-0.1710288628648284,0.2722615995859064,0.2683308643806447
slasto,0.0003174603747147,2.0,-1,-0.2306196269090311,0.199743647960786,0.3288835235984808,-0.0181958492853753,-0.1323316746326404,0.0958973427114667,0.2283316891542665,0.1187550095186206,-0.0600216780047972,-0.099739703397828,-0.1250394688443184,-0.2201180660594699,-0.5142265129628066,0.2867928050726209,0.3677844808246324,0.1922126511427638,-0.3095967088598378,-0.1144456434466811
slasto,7.375475918955376e-05,2.0,-1,0.4615545040855455,-0.0324372771346668,0.2712241636973443,-0.0513757876649638,-0.084715353137464,-0.1384381372394363,0.2339040147574918,0.1707338893747358,0.1779115886460601,0.2948469493755268,-0.1336086558738788,-0.2332033550254552,0.3877454530842566,-0.2762203497868806,0.2726596818355501,-0.1269218863813269,0.0787537782793388,0.2922141486480163
slasto,0.0069133794764616,2.0,-1,0.3108157460261239,0.081165102859389,0.2393879265380364,-0.0173402817641049,-0.3199138352926475,0.0148164594951683,0.3937327065508569,0.1736235189058506,-0.0495021233492377,0.3707926322745631,-0.1431813564836832,-0.2009335304658505,0.4447680428521562,-0.0518233789684596,0.159672109000958,-0.0972981909207441,-0.3199268814535623,0.1132746577845342
slasto,0.0019346573005694,2.0,-1,0.0882734340966593,-0.0408852428692352,0.1328148967929886,-0.016729450862004,-0.4976669901222421,0.5266555710488026,-0.2695697523756689,-0.2231859558337038,0.0691536223386413,-0.0579230616043505,0.0598184153615065,0.2767746716984601,0.2070811346534165,0.0660776940876401,0.347155280035529,-0.0706362470856329,-0.2530206705444858,0.0019567154593523
slasto,-0.0001178055182873,2.0,-1,-0.1703681522421345,0.0443800447740053,-0.1668771446954748,0.0029044370192385,0.2901629871570476,-0.2885124430638313,0.091624968296721,0.1158806124723439,-0.0868985994977084,0.6674604088603647,-0.0193195694176613,-0.15659299689555,-0.2249139151392948,0.0717738333633377,-0.2797624908053184,0.3539645510935314,0.024032373872998,-0.1186111654742265
slasto,0.0028390995964314,3.0,-1,-0.2006090342419131,0.0604322514594858,-0.193725389934783,-0.0037424220089658,0.2658482906833335,-0.2547582408970847,0.0912481936156057,0.1273218079899922,-0.1224379733118303,0.6252893334022952,-0.0066869854174878,-0.1739120172375398,-0.2357346558516267,0.1078605867811482,-0.3059907013087439,0.3750120441141061,0.0361985749486307,-0.1392801082652603
slasto,0.0003287238522827,3.0,-1,-0.4645407996350583,0.2210136282828815,0.3144466203097346,-0.0148789794321238,-0.0133362271188119,0.1577089560198056,-0.3680640654178714,0.3334803200848373,0.2775372533992779,-0.0778510985228861,0.0433920230903706,0.2713787621745414,-0.0875422406056868,-6.072196307551256e-06,0.1033572152908876,-0.1347971780786606,0.2364689075343708,0.3368609631804719
slasto,0.00387784243063,3.0,9,0.1896106099196806,-0.1727318171483346,-0.1456581946453086,-0.7801886640632973,0.0620583824528019,0.1212258215030742,0.0704646170655637,0.0134697589355389,-0.0731801814646501,-0.0255171539640019,-0.0314508531918524,-0.1724723123819885,-0.0340329540181824,-0.1219225666733109,0.0372972193985378,0.2912642006248712,0.3036010328294073,0.222355701849708
slasto,-0.0010848918899453,3.0,-1,0.3472913765227737,0.1119880716314564,-0.2697737661163273,-0.0205983691586493,0.396165743080184,-0.2569885425835961,0.2976888459384493,0.1199529291836713,-0.1571152889943491,-0.1004800155837065,0.0337454355756867,-0.2425333604879905,0.4138030606993952,0.1025512315265573,-0.2347140450774063,0.0089863240541699,0.3621301009420886,0.0696090843724807
slasto,-3.8781608821459535e-05,3.0,-1,0.0745502968885794,-0.5364145499618799,0.2366393409984565,-0.0152789981020392,-0.2884598561007027,0.2462315438018241,-0.0500381821222653,-0.235400962313923,0.1477082194597495,0.0847168520649422,-0.0338620548422255,0.1221097232645397,-0.1246658446611139,-0.4689918485054602,0.3137296293596402,-0.212329286991519,-0.1163739052447175,0.1054213375038032
slasto,0.0015196773901482,4.0,-1,-0.1580174609276141,0.0555197390003123,-0.3132280861682017,-0.0199704235762238,0.3121132895849288,-0.3697659772348065,0.0166681627402078,0.0478744230216372,-0.3675878718133384,-0.0758381569805385,-0.0132980935564223,-0.234781567661446,-0.2861522317021283,0.0561658207952469,-0.3855569763398365,0.4218288344503998,0.0049512640074583,-0.1699957713145944
slasto,0.000476983342901,4.0,-1,-0.3751325642768514,0.1606711111218535,0.222480559282289,-0.0367893822539655,0.1103396993817304,0.0547820467169723,-0.4620300749043816,0.2789250780519601,0.2487467887922073,0.3269166611835051,0.1873403045215188,0.2099099756805942,0.1934605787391275,0.1603039764211633,-0.1226699944023855,0.3156283454569285,0.054124811371091,-0.2180167257961751
slasto,0.0007063031705078,4.0,2,0.1818230845375527,-0.2428561712889213,0.0109946016609474,0.1181123922329425,-0.2139276717216467,0.1873186462182931,0.51252690857891,-0.3532465269575491,-0.0738783493479331,-0.045009137474515,0.2779788175515382,0.0461867615123792,-0.0371347704882934,-0.2245209648227078,0.3654082130998099,-0.0975717165837232,-0.3686818636735858,0.089005147875596
slasto,0.0027778607738257,4.0,-1,0.1239240368521461,-0.2110654642816272,-0.0552071789304761,-0.5648224310361739,-0.0527434814568322,0.126748486804492,-0.1865427072775031,-0.506202897367088,0.184752634121646,0.0055275659922168,0.2666263247949213,0.1894313535435494,0.0716052545540129,-0.1504864119427274,0.1837303983632619,-0.0613388105521574,-0.0953516350374893,0.3043234175680395
slasto,0.0008924351580102,4.0,-1,0.1352444581157861,-0.1990521653071052,-0.047888842546749,0.1463611310165173,-0.1625198698086412,0.1999586809757167,-0.081063725411423,-0.4673103498607756,-0.0976778260469035,0.4639002447274915,0.3943455399963055,0.1749791295953187,0.1610783563793415,-0.1263016635565871,0.1991092141339923,-0.0660824739189768,-0.2822287367133482,0.2249277714274796
slasto,-0.0012345485652286,4.0,-1,-0.2239736877532707,-0.0387659288718621,-0.168211619009455,0.0269165425828788,0.5478917382615375,-0.5120072175241771,-0.1108783555865117,0.0826731544915214,-0.1807873833956364,-0.0602677977369554,0.0659992976174035,-0.2730017923117042,-0.2934841984615442,-0.0159082059024234,-0.3013887044403188,-0.013715614586404,0.1316894978412939,-0.1670153372409922
slasto,0.0017347097409857,6.0,-1,-0.3414216590091025,-0.0789979278984382,-0.242723332575179,0.0721688639646306,0.2618191256727188,0.1932243435042354,-0.1539485202563646,0.1607952235117023,-0.2910529725041419,0.1619549256413237,0.0245607295500806,-0.3306104521682595,-0.3169777362198959,0.1751406534697039,-0.3858994491565083,-0.2130615773572428,0.1369324526217462,-0.3042474035318044
slasto,0.0112661443573596,6.0,-1,-0.2420724039946269,-0.0487510045901959,-0.0735351478550725,0.0435144708378048,-0.0763517112049718,0.1437977620881938,-0.1680218446425278,0.1271333120044771,-0.0696527161308598,0.8266266874692614,-0.0816314723211732,-0.1369084190963156,-0.1195859954497686,0.1202232935931941,-0.101802615443717,-0.1577001129202106,-0.0513563226725176,-0.2839470896508305
slasto,0.0006484844284004,6.0,-1,-0.4442535034967497,0.1921613042760033,0.2567455726692298,-0.03390107754816,0.0335160138539928,-0.0665379909773793,-0.3342017084306488,0.3314793799043715,0.2511465208765002,-0.0897725614028736,0.2884066997641372,0.2498459205480554,0.0130573053656663,0.0885430178012772,-0.0130728871188948,0.4154045342696801,-0.0390918587304183,-0.2692950810025361
slasto,-0.0134644118572728,6.0,-1,-0.1720621507013426,0.1911160061172834,0.1471996055913781,-0.1478037252620331,-0.0894037063081187,-0.1690072402829209,0.2629845284596855,0.1483884455558881,0.3481984721336251,0.075705609400035,0.5147771598237464,-0.2749477344672891,-0.2433901653864833,-0.0413849955871695,0.1501982580817282,0.1133464900275879,-0.2861211326637032,-0.3418042241538746
slasto,0.0016404738978215,6.0,-1,0.2362713392144003,-0.2210026731046784,-0.1816653815662623,0.167366463562893,0.0310366237641316,0.201270417376032,-0.2294893269361727,-0.1545429185809439,-0.3112586646513652,0.0709107525032957,0.3355764700571616,0.424981173027631,0.2560966411212431,0.0287931004703937,-0.1345695360370705,-0.1312932140591925,0.1762516800633182,0.4339827186754945
slasto,0.0002630995991793,6.0,3,0.402909146440626,-0.2891168484457884,-0.1714814935558394,0.2215352894767659,-0.1906387630782816,0.2542183139533004,-0.051288941351016,-0.3044976557901748,-0.0511648065689236,0.0569667788810919,-0.5299385487975468,0.0327047839755053,0.1541184621264172,-0.0254500270859336,-0.0756635648708735,-0.2009137259854393,0.1751856197036598,0.3005384964686707
slasto,-0.0001386336912358,6.0,3,0.3008925653432815,-0.2474628819917722,-0.2083010295157212,0.188078024608621,0.0494498818799481,0.1983922179525513,-0.1881923356462114,-0.3165832126202385,-0.1236093360729485,0.0593436588965171,-0.4497900459354557,0.2748744355361441,0.1097238813767267,-0.0359621126396413,-0.1066933216278891,-0.1806467713676436,0.3304759911094135,0.3588668157182308
slasto,-0.002491993303873,6.0,3,0.2283053951812527,-0.2116681644121139,-0.1453024024473607,-0.2333054177223131,0.0047248480037689,0.1517089932513186,0.2181143739362816,-0.4039328315006562,-0.0141693910217834,-0.0868434516726894,-0.6828911973787815,-0.0083381032609124,0.0501809587325598,-0.0359905964682359,0.0117710263743364,-0.1296087724022004,0.1051502820969796,0.2963038655138088
slasto,0.0009370189311769,6.0,3,0.1921760634451182,-0.1594999684358571,-0.2280102211101536,-0.2160820707020427,0.1511906146532436,0.1509180196731902,-0.1072839413412821,-0.4591179262236611,-0.2213388414243163,-0.0026395742579108,-0.5962537716222102,0.1193081604155241,0.0709074914046078,-0.0670669252739685,-0.0184404950240087,-0.126017718757377,0.207588212916536,0.2888320584595551
slasto,5.0618387332395286e-05,6.0,-1,0.0050064119335848,-0.0105455761809393,0.4501621420232716,-0.0139984726970189,-0.4430487003724186,-0.1647046125999474,0.0052626537302461,-0.0389388159080084,0.4163407088140329,0.0378644881375866,-0.1350312277306645,0.3166531484877528,0.1824125311652557,0.0079167629431778,0.4274560412278995,0.1415570260275361,-0.1976018457792416,0.0603458282520779
slasto,0.0020372563942072,7.0,-1,-0.0933361768849082,0.018878874075958,-0.4396339416805969,0.0190410593112707,0.244000751824521,0.1725913059054644,-0.0039089209617659,0.0617202457280168,-0.4869920699567641,-0.0748635235935792,0.102534209551532,-0.382832963519975,-0.187283695288811,0.157230884765758,-0.3802264141502985,-0.1751437122272364,-0.0408085524297015,-0.2599863542985737
slasto,0.0012851989535253,7.0,-1,-0.4432393239765188,0.1300102513943855,0.2967966828017853,0.013884040304807,-0.0539338343839193,0.0352497187312745,-0.4008766806696358,0.3130251371150518,0.3145587542733463,-0.1021849632193739,0.1083329952811193,0.327119452320002,0.144306288476031,0.0999574601826038,-0.0260134249431658,0.3051060531888854,-0.053676143702842,-0.2827038526797319
slasto,-0.00053820011649,7.0,2,0.1845727672546046,-0.2241761066703883,-0.0509974350316621,-0.0661802436517451,-0.325019355230404,0.1587971071469745,0.3505573718269104,-0.4175150059706131,-0.0108599015405713,-0.084361812680473,0.2949015452192464,0.0193423288146291,0.1670422153554534,0.0016915211389213,0.1636996830037136,-0.1176402744589777,-0.4932817261318789,-0.2723756697165845
slasto,0.0023314152843367,7.0,2,0.1512323272204576,-0.1961865209518427,-0.0574387873790396,-0.313128032562049,-0.2239462217121109,0.1335773265214673,-0.0136206549502051,-0.5472733396472089,0.1470861964765092,-0.0231986545858809,0.3024712698769317,0.1592036044231786,0.2446869385501452,-0.038712872866766,0.1609244507084125,-0.0865370057753893,-0.4041049059669027,-0.2693309024871777
slasto,-0.0008341273270199,7.0,-1,-0.0343108530322182,0.0229467574197386,-0.388730159419168,0.0089716508184455,0.3990237322488293,0.1448777105683997,0.0174615910667046,0.098928431868202,-0.3145189064793219,-0.078114011725846,0.1373644668013044,0.5310710338399532,-0.2069605109478432,0.0439777728375412,-0.419537214349305,-0.0427399139983845,0.0424623633990821,-0.1626838872107872
slasto,0.0005634731184935,8.0,-1,-0.1895158549915087,0.0210206476895705,-0.2262213883963463,0.0326571442882414,0.0351660814648989,0.1687492567835007,-0.1005835473013821,0.2017198479542454,-0.2173554056333675,-0.1133585989283837,0.1461910112312198,0.6274501094053573,-0.2580526695995744,0.1116092428582063,-0.4467270060218634,-0.1310009183304137,0.0121044158357099,-0.2445378923574542
slasto,0.004385168793362,8.0,-1,-0.4541790226317991,0.0926792583111261,0.2997802553482287,0.0422726713061796,-0.0994102766319757,0.1867166371054763,-0.4181304110607135,0.3042781313514174,0.369993373343426,-0.0623197431218999,-0.032454535156531,0.3100851021699694,0.0958375021065146,0.0430322742089564,-0.0581232665805347,-0.1926471452518136,-0.061225435198605,-0.2967351588845331
slasto,0.0366760914263066,8.0,-1,0.1100125836829742,-0.1915614713844665,0.0402639399864306,0.1528172749991366,-0.3863122510799436,0.1837968732950482,0.141360793223172,-0.204024385587101,0.3114539942173932,0.1132504403248576,-0.531590252184175,0.1150310993650239,0.0193849541724765,-0.0380681700386396,0.0857254821324604,-0.1325130719943065,-0.4078294496976512,-0.2879094694296991
slasto,-0.0014121385673827,8.0,2,0.1338831711926721,-0.1970281687517854,-0.0246763924983075,-0.1635777654967025,-0.3091877599993815,0.1396815927875871,0.3681882919383709,-0.3514163294466396,-0.0230900074124007,-0.0388444063640971,0.2696188945468447,0.0388906886210099,0.0513770934311497,-0.1651357544342321,0.2649615491189921,-0.0865325948014975,-0.5684473591704418,-0.1863902041634858
slasto,-0.0002982551874585,8.0,-1,0.3303884672106895,-0.0199246204140403,0.3043319862721235,-0.0178564606483425,-0.3879355903305847,0.1141980073478627,0.3252066779561023,-0.0260668158131739,0.3672322098119633,-0.081296269190132,0.0238054982168199,0.2926643359330862,0.2990798352508555,0.0086154089243393,0.2153306163546308,-0.0959575759075665,-0.3364573433095519,-0.2038289662773398
minestra,0.0003542918175001,1.0,4,-0.4574853352802082,0.1976001798246792,-0.1999009687057654,-0.0724866387973727,-0.1117705182931198,0.151173422354128,-0.1731490242186024,0.2271052461035162,-0.1228037396207278,0.0544181188034547,0.1426742133335519,0.1974708202424357,-0.4666048120923795,0.2573120452679918,-0.3526316812355657,-0.3222060848182628,0.0073437984638004,0.0010566724735288
minestra,0.0002473922249474,1.0,-1,0.2869687601819664,-0.3504754937095947,0.1318063814471769,0.1695707861143534,-0.1274725471512479,0.120351479528539,0.1068142883391217,-0.3798745977428054,0.1399387660744037,-0.0701717625116084,-0.1969722032028306,-0.3575417490581182,-0.1076057156258988,-0.3574585848274819,0.1813525567424418,0.3781021460752335,-0.1331984065211088,-0.1953264969869112
minestra,-0.000453161270426,1.0,4,0.0436774686238899,0.0871109855388231,-0.265802869626936,-0.0706737161831986,0.3001426841189979,-0.3968305289635301,0.0629034080752429,0.1970616749126173,-0.3661731358111033,0.2869507305632773,-0.2523300882443626,0.1256406328236706,0.3450827605030774,0.1416347451686758,-0.2822371637360717,-0.2087506826118554,0.19376714200268,-0.1694265681858909
minestra,0.0012554182213348,2.0,-1,0.0420612115510753,0.078337807648531,-0.2488684059196474,-0.0624978542828704,0.2168850521314669,-0.2317207110378062,0.0652118626940723,0.2265345083243232,-0.3558706002257121,0.4201304774856041,-0.1644351640776795,0.164320761348297,0.3623795301346201,0.1586110203574302,-0.3525426916212201,-0.218569394637955,0.2099112583543788,-0.2003913898777125
minestra,-3.3137545539260804e-05,2.0,4,-0.3016046874727839,0.2656804220825399,-0.1796515627496983,-0.1139966927488724,0.1648115561159245,0.1526345394150755,-0.3171354463472056,0.3030970135635986,-0.256706342623577,0.090389715818014,0.1092719536360214,0.3460581233326786,-0.0594724262997442,0.2784733777149386,-0.3014335116281196,-0.2537658916261747,0.2817596961827542,0.1696423117578463
minestra,0.0013519679239708,3.0,4,-0.2467014124233069,0.3301259253907551,-0.3651557388139197,-0.0958211408123971,0.2164376611326296,0.1280410778913476,-0.0773285449727538,0.213200630855479,-0.3658133971971374,0.340795177761635,-0.1551626717196408,0.130536387032323,0.0207138885930455,0.2585825807666519,-0.2156550524694777,-0.1378371934157449,0.2487728779899788,0.2952909375777123
minestra,0.007270252311457,3.0,4,-0.3632469455582707,0.521084625826326,0.1068771851768433,-0.0775966133830795,-0.1554434667580763,0.1163958244049053,-0.1726005591630808,0.3081749300923989,0.0584692038989107,-0.0683668255050766,0.1911228370042377,0.2481248251725991,-0.1075260317404599,0.3521027935318963,-0.1922093219301079,-0.2608119285776486,0.1094981750945705,0.2406723984545589
minestra,0.0008934352495645,3.0,-1,0.0959209675313562,-0.1601101239029452,0.1704223875691861,0.1247208339208713,-0.1562033590865152,0.0898055361139623,0.1515777096377466,-0.2737189701615021,0.2148880084300996,0.0739974527916352,-0.0934242388254808,-0.2899256314985179,-0.4369982291836433,-0.3533738016097297,0.2863593096693531,-0.1164214176070588,-0.4326654968407873,-0.2171853378849131
minestra,0.0032059321485335,4.0,4,-0.142109382509473,0.1883346468499285,-0.1103490778431365,-0.0935188174443791,0.051789744143762,0.1652439137361244,-0.0856349591699563,0.2780260036752552,-0.1992437722770831,0.5681173474998406,0.1888088812148514,0.1674015338238537,0.215574236669392,0.2526987922306153,-0.1710025985434005,-0.1956493777765938,0.2068589673041793,0.4025234934181166
minestra,0.0016608887777627,4.0,4,-0.1790987722122496,0.4741675460051148,0.3005042532208634,-0.09125600783496,-0.1949239854549856,0.1199466352483197,-0.0086749679120138,0.3782410981590713,0.1668931462336075,-0.1021265956747786,0.2290797057107983,0.2511736057966302,0.2530830748828649,0.2949630812347157,-0.211511882483908,-0.2901936292854427,0.1213499966089921,-0.0188575138381709
minestra,0.0012129814639129,4.0,-1,0.2141757069611721,-0.0988070454234224,0.1299133221912355,-0.6949857139747843,-0.0736957293621908,0.0978652711403321,0.1322076370219899,-0.2008431676696099,0.13928334806858,0.0651572099259178,-0.0215088678471744,-0.1681715189832113,-0.1938692259191886,-0.3082938212469874,0.2129044856596096,-0.1893623020736133,-0.3143902808787733,-0.081303135890034
minestra,-0.0021739788979136,4.0,4,-0.2427960258339897,0.2412484126786936,-0.2046485995332254,-0.0631711444597767,0.2394108541964414,-0.3788499856755402,-0.2116978878409542,0.209417769515038,-0.3655849500032785,0.1680362773011832,-0.2525458578547327,0.087901622735566,0.126432699591536,0.2349379484746319,-0.1890031020007628,-0.2666936631900977,0.2316717345597767,0.2869944071148781
minestra,0.0031350964095472,5.0,4,-0.3148966285842098,0.2926721408705471,-0.1271330381156197,-0.061342544967378,0.1090287996206358,-0.1422339058101782,-0.2077776552356752,0.2414243906449266,-0.3080617702794794,0.3529735359863284,-0.0659870593331928,0.1338963373846477,0.0902905656388093,0.3024881983014688,-0.2117073310557045,-0.2976017827182325,0.2541514831698883,0.3496801111123413
minestra,0.0008866734330136,5.0,4,-0.3318775679140536,0.5401003492751745,0.1771130349345139,-0.019151223940038,-0.0622080295317562,0.0545046393466308,-0.2193222987380726,0.2610572722794739,0.0604419565958899,-0.0782899951360831,0.1364321565334139,0.1035632375024739,0.0707964492820637,0.4051217626013972,-0.1748725907937308,-0.338092890015771,0.1589747080182572,0.254758194227706
minestra,0.0012098381390746,5.0,-1,-0.3920285963589207,-0.0407497183602116,-0.0534337537758726,0.0903661446509471,0.2417875275836453,0.0470168929605371,-0.5618248687581333,-0.1286424950195749,-0.1235107371479264,-0.0765463694068935,0.2568894135376346,0.0444229906050977,-0.0170229677008832,-0.0242550554534157,-0.285574072836168,-0.0627931628232602,0.4964065420956421,-0.1374447680145992
minestra,0.0003449791265323,5.0,4,-0.1150697774852284,0.1858898425416884,-0.270491934773214,-0.0459178169543469,0.448386837095816,-0.2535501484214851,-0.1037910655945298,0.2267251934536683,-0.3258836402282151,-0.0120564951193138,0.1342761283459699,0.1237507518481188,0.207783908750265,0.2053581495163141,-0.1264302184429851,0.0663406428558758,0.3515772416740879,0.4247187946134128
minestra,0.0053003079457559,6.0,4,-0.2615085546364835,0.1585895544072525,-0.1622044055944138,-0.0482875020413744,0.1532869567099243,0.1741086277515157,-0.1630364257321134,0.2998319290029445,-0.332398725316876,0.4260919248972237,0.0183911428553384,0.1787542711071325,0.0890905352540137,0.1940050467645174,-0.2386893057609702,-0.0017290994692943,0.316866143023258,0.4245474491522601
minestra,0.0006841733564279,6.0,4,-0.2544806766614013,0.3507886508198674,0.287802755599516,-0.0263328353323708,-0.3291342809398998,0.1580338747733079,-0.0878453052854194,0.3303377645004343,0.2284720838280579,-0.1079646637068713,0.22993799779846,0.1813838221852968,0.1015015490920243,0.2493805562905688,-0.2443398807652426,-0.2110460955555955,0.0415890310234451,0.387848431021616
minestra,-0.0002356835493745,6.0,-1,0.1246385388587691,0.2457405768395443,-0.4521551710809455,-0.1378105215301746,0.2781648281283372,-0.1665089735376323,0.2561625819730325,0.2479729618484167,-0.4379441231540307,0.0711126844502746,-0.1743903656451335,0.0605486031232423,0.0841920023142941,0.1924398809240653,-0.3331164721570811,-0.2797028843627374,0.0413830067298474,0.049654336980762
minestra,0.0002403875365918,6.0,-1,0.081925818221267,-0.0612654891301623,0.3284566136786217,-0.0208250889909554,-0.5300328184084807,0.1412112578440786,0.1791223457801207,0.1936940665956713,0.3677295188490643,-0.1028772127681778,0.2416397554433597,0.2431754526932905,0.0576151626712284,-0.1065593488200017,0.1314983365431795,0.3063160511030403,-0.1453079441524148,0.3170121864866326
dan,-0.0001051151686242,1.0,-1,0.1652988422831642,-0.1220368671972724,-0.2470266275746468,0.1024611738840401,0.0858651682382396,0.3745325692251688,0.1027508139396107,-0.2394828035825294,-0.1646492159159295,-0.3467689087659064,0.1149605573612292,-0.0614372129150118,-0.1534919992715745,-0.3045040236456,-0.353532482471114,0.4225298883431297,-0.0705204474863879,-0.2856304984627238
dan,2.6510363375867934e-05,1.0,-1,-0.2276408144433284,-0.2091111045263411,0.3900187341423859,0.1776082919394602,0.1659571985463236,0.0002255877318145,-0.1295810426178494,-0.1044014686019166,0.3649555154589213,-0.0497685772266907,0.2495710415212255,-0.1330317790910024,-0.3635159368316851,0.3145604128557079,0.3537958525785395,-0.2351689222682111,0.0547149399131613,0.1880047636320223
dan,0.0001134798812457,2.0,2,0.2781922264610633,-0.3301159889786665,-0.241060896727049,0.3282972285137022,-0.2845137917455324,-0.0705162374983535,0.2107891163211706,-0.3409524772424255,-0.2881376145905587,-0.0876412388970996,0.1550229980255594,-0.1616244490210888,0.0726991554810749,-0.2921290757142042,-0.2643538832333601,0.3065245971869832,-0.0757731933282118,-0.0087465836693876
dan,0.0014284787892828,2.0,-1,-0.2360304034801913,0.4437183728868401,-0.058711588031185,-0.4313476225299343,-0.0570531227753641,0.0281957818577863,-0.0868747010725838,0.3518760713690643,0.0921623472216222,0.4241824722620882,-0.0786242110696309,0.1191493089425186,-0.1930395028005769,0.2500689400360587,0.0098305885361303,-0.3354961269332995,0.0311739749553169,-0.0159362087755024
dan,0.0001529141687164,2.0,-1,-0.086313302429805,-0.4187424799232365,-0.2650076819166198,0.3925221821299236,0.0518436347735209,0.0534208672756168,-0.2289222801628721,-0.4076157600447721,-0.2922018236176363,-0.0324093598147055,0.1118303287999905,-0.0282616247039494,-0.011008191388986,-0.3269441186529138,-0.3456063766739483,0.1774229679391394,0.085987738279688,-0.0611328487011922
dan,0.0014520576948402,3.0,5,0.2714554126119868,0.1904760205279048,-0.2202901799658592,-0.185259842769141,-0.0822294468464422,0.0605129059168999,0.4366912283277101,0.2331510675480761,-0.1836909172338883,-0.1579360612839512,-0.1797647270369691,-0.2761809238766179,0.1878651229471793,-0.174601731749728,-0.1851588319267636,0.3448148903741688,-0.3607875530693333,-0.187868271229698
dan,0.0009781529525968,3.0,-1,-0.2354449592635515,0.2344018979024441,-0.2724218026971059,-0.2055068232151269,-0.1346688710593611,0.0615495076342728,-0.200800074923458,0.3328405827809108,-0.2107604636224855,0.5231175184395346,-0.1172421316091158,0.1555286855592973,-0.1200402537855527,-0.3281916168769107,-0.200391081024744,0.2527187972737083,0.0968298958227141,-0.0928523183020648
dan,0.0001584208951886,3.0,2,0.1786028232980672,-0.156876951208374,-0.2096228391061469,0.1724542480109669,-0.0734623423483495,0.0629151359206983,0.3074353800896134,-0.4259482537592981,-0.3614579240565592,-0.0480930428091947,-0.0426721307415552,0.0845063405336765,0.2297966832451652,-0.4169565660521723,-0.2291146142019786,0.3436269999625805,-0.1814443366262844,-0.1114613254456859
dan,-0.0014035478723254,3.0,5,0.4024064734134507,0.2079228441212021,-0.1109102727728823,-0.2090183749555323,-0.0124366131148112,0.0454511514002177,0.4670577193078921,0.117981279424062,-0.0007921570349963,-0.0677593901728453,-0.0538042612635726,0.0347601528953322,0.3992900122592246,-0.0197714462752638,-0.0786183151017914,-0.0733021973756712,-0.5539463036583395,-0.1327978435443529
dan,0.0011787983430885,4.0,5,0.4199377303854344,0.2486141059102727,-0.1540559018786708,-0.2308904688341179,-0.0406762910708204,0.0217413280698395,0.4026283608559264,0.2140212036161529,-0.0635798895297952,-0.0269220651715117,-0.0929545129085802,0.1102255277281372,0.4544950416082879,-0.0301865748587193,-0.1031268124551092,-0.006733228442727,-0.4666495027309271,-0.1152439418638989
dan,0.0064951931552236,4.0,-1,-0.0930500856113351,0.3489072037190175,-0.2186484912458435,-0.1948623935412884,-0.057157047269364,-0.6318250242356126,0.0650661714450354,0.2968273809738262,-0.2082272697178239,0.0051998137803549,-0.1064605034244936,0.141895975290035,0.1504944073798578,0.0165425090898694,-0.0462875460333879,-0.4283161053700264,0.0742760399875517,-0.0112572035347459
dan,-0.000292339151464,4.0,2,0.4180856151699283,-0.0561542700149626,-0.1500862153086092,0.0717180477116192,-0.0593037453591858,0.0377973212715871,0.4522207848031266,-0.2291465892276869,-0.3324267513271903,-0.070118011159504,-0.096355868160954,0.1772018427279203,0.2290984639965033,-0.363736030775904,-0.2290840691457969,0.3140519294725003,-0.139887795699918,-0.1443905917377836
dan,-0.000410059352893,4.0,5,0.4083477232049868,0.2313241852558584,-0.0922059040829949,-0.2414918467680058,-0.0082417518433208,0.0374751037990951,0.4231248241402116,0.1109573467458018,-0.0377597503181976,-0.08209799992251,-0.0671354044161816,-0.2568536621982008,0.3296272692769973,-0.0904233037733317,-0.0895292976452121,0.0633137530946934,-0.5384021604600908,-0.1507454409552385
dan,0.0010364495481984,5.0,5,0.3996585045932914,0.3415456308486879,-0.2008973301880477,-0.3448914461919414,-0.0657683348240312,0.0527402375322241,0.3547615758680498,0.2717660823442736,-0.1287571553611378,-0.0281262533039534,-0.1144775395095915,0.0911515745290541,0.3138849417865844,-0.1344253725724266,-0.1844936019456241,0.2641254346300968,-0.2802033962270631,-0.140708941423977
dan,0.0032058738295357,5.0,-1,0.0525415747700574,0.321717048257755,-0.2438173091332485,-0.2188874593194473,-0.1327021656289889,0.061053277752629,0.0805816178217511,0.3918261567178113,-0.1906492996693221,0.6697047459840633,-0.098204018076752,0.1650610218039047,0.1323513850184614,-0.1236265839226039,-0.145566332356983,-0.0810689922740207,0.1163263991539921,-0.0958418411674323
dan,-0.0004630361903751,5.0,-1,-0.0967770221405909,0.3184582271699042,0.2499056733830824,-0.3866492816772224,0.1181406434962368,-0.0472710303255068,-0.0173037342349445,0.4697901129592835,0.4618266968514543,0.0922955224836402,0.0352982781373046,-0.0689887542193706,-0.0797594798111714,0.2860164213431152,0.2754995996629187,-0.1415420118150877,0.0870464796155884,0.143485593139682
dan,-0.0001146364712433,5.0,-1,0.0462883366712751,0.0277088821252082,-0.0156285756095827,-0.0297310096159421,-0.0012296778338055,0.0056897491221919,0.0367029531808563,0.0237090115347093,-0.0065424645163213,-0.013708003487989,-0.005223755629134,0.0252860022522099,0.0246543469096765,-0.0229953414613734,-0.0155231672393414,0.0328812721786594,-0.0771339130069756,0.9923268214034144
dan,0.0005616643650513,5.0,5,0.4516281692507584,0.2256926896357383,-0.1263642666655657,-0.2197482404910779,-0.0278250813315138,0.0312997773568457,0.3719727289293228,0.1048038829301383,-0.0647343996570917,-0.0771230620938392,-0.0601038695160594,0.2282177513250959,0.3571703959405405,-0.0959990176359221,-0.1418653952843137,0.314735657147018,-0.4300818444441382,-0.1515274452965895
dan,6.837014511226382e-05,5.0,-1,-0.0684479301498968,0.1995362920623188,-0.3824344721754397,-0.2172823870681828,-0.1781209408518134,0.0870002141848801,-0.0337293071442378,0.1535305497110518,-0.3260494207971459,-0.1528842674753321,-0.1901907114587105,-0.2211493627345807,0.0271753356613963,-0.3356671571414467,-0.3217237834707022,0.4413512853281821,0.1540848406275152,-0.2186672961275145
dan,-0.0049744257163191,5.0,-1,-0.0004632244645338,0.1023293374638528,0.2767314028443139,-0.1541427649432228,0.1185975046515512,0.0273328026699143,0.0196568859513357,-0.0576741783572166,0.1874607192762883,0.1745215552574503,-0.646732624788797,0.3740814559472528,-0.025083605553653,0.2140599434046128,0.2373935577278741,-0.3130264116843269,-0.1224415480021066,0.1762944793187529
dan,0.001102560738713,5.0,-1,-0.0326176330697513,-0.0481310183471538,-0.2096211009356647,0.1032963938202641,-0.0860860963207206,-0.7536849343846921,-0.0553511580885945,0.0403511222966842,-0.151774355998306,-0.0994484233769848,0.2825058626805338,-0.3101045556429048,0.0207841109103992,-0.1722524743318778,-0.1907398620202506,0.2612863282229493,0.094557796844573,-0.0962726895211949
dan,-0.0062727458806401,5.0,-1,-0.1435786652978026,0.2479339507552161,-0.3791790285868633,-0.2380128451770777,-0.1636852980740625,0.0854495572215259,-0.0817118312157098,0.1980482434157701,-0.38020537830995,-0.1705153043824661,-0.2910387937905673,0.27663232928923,-0.0306163049024162,-0.2810847194245607,-0.3160158167608713,0.2638026321866036,0.1613516395398009,-0.1649056118269663
pabluccio,3.369322066701535e-05,1.0,-1,-0.3396949696980131,0.3076445081040299,0.3588070671144262,-0.0525628891945795,-0.1243349730096779,-0.1848766349229262,-0.0602260095471267,0.217404986270099,0.2102925768023642,0.0030564999354117,-0.0381259708126865,-0.0430347524429668,-0.3316513955603521,0.2910975964180418,0.2802210298893021,0.1949687050065263,-0.2822900092770093,-0.3455915800930695
pabluccio,0.000582962538271,2.0,4,-0.0424508410478111,0.1369797471416422,-0.1188004039045094,-0.0395021408931831,0.3366956001332206,-0.2930044168783099,-0.126329414474021,0.2324490370837552,-0.2566787695804138,-0.090713391248441,0.0678406291788612,0.2404810739387506,0.4089808266276466,0.0874605564596547,-0.4386153463453556,-0.1260082479464671,0.3591539249630909,0.2141009404590813
pabluccio,0.0055256112178456,2.0,-1,0.0177111987709801,0.2533547075150848,0.2217962775393241,-0.0576184188222526,0.0522634614458872,-0.369201884370898,0.1214490818986095,0.3138003458833177,0.1106223029952255,0.3885491231003883,0.1128864374173248,0.0982812127764992,0.3380977990105526,-0.0078009198423094,-0.2757496212939576,-0.1001177210099768,0.1471242174683489,-0.4722647717847006
pabluccio,0.0007183849013443,2.0,2,0.2496423096229466,-0.285992971849237,-0.2363589391375596,0.157801295877695,0.0385020177785723,0.2292009368902816,0.5891769407920893,-0.4610191746335625,-0.0960454099727351,0.037316675302138,0.0490808536211758,-0.198350982392857,-0.2055454306620029,-0.2044133049559571,0.0450945301904691,-0.0453966573213756,-0.1447011104554216,0.0007163495990675
pabluccio,0.0014108437547128,2.0,-1,0.2194984482545565,-0.1571558004818575,-0.3411340002573505,0.0879208829127917,0.2067016014436914,0.313811020654161,-0.1924456508128827,-0.0138538799886794,-0.2921596068933217,0.0395528658485527,0.1580702797481392,0.0314840302702538,0.2038365401313273,-0.1633794519604132,-0.4090419534377851,-0.076766042272144,0.4860263483711112,0.1844412408616541
pabluccio,-0.0002394275056853,2.0,-1,0.2231528050313836,-0.2631974494781073,-0.1793697298496848,-0.1155175085463017,0.0018937478883922,0.1954863656221951,0.3230371989666317,-0.4243504544591154,0.046712357423037,-0.0080504803501853,-0.5143718298611663,-0.1870434364684723,-0.2445945689355905,-0.3586954531591171,0.0825339912982638,-0.0246553037728183,-0.0035725771180137,0.1226187935647405
pabluccio,0.0077350461224756,2.0,-1,0.0785724250754588,-0.2839042276217829,-0.1232856593595015,-0.5579245907368634,0.0293456922595665,0.1483438578653154,-0.4558978242207047,-0.238716728553082,0.301565084862258,0.0955311696217844,0.0795132029869261,0.0532041554730285,-0.120986008455382,-0.2413154230775312,-0.0640106552902092,-0.0289111475679563,0.3243875409778661,0.082450040227984
pabluccio,0.0003122794027078,2.0,-1,0.1884506416199843,-0.2977176549117339,-0.2931024361392916,0.1504748509867631,0.1014675491858829,0.1466170167071859,0.0836221228674237,0.1129807572145553,-0.4612971753161942,0.0700211936725003,0.1229764061968927,0.1322823708211663,0.0608401741502272,-0.3196594485106381,-0.3411953119257442,-0.0704977664457307,0.4519278592730213,0.1841813816162711
pabluccio,0.0008149442538442,3.0,2,0.1868483760735929,0.0649263493858248,-0.191161862179331,-0.0065038046136617,-0.1951426526220304,0.4140722414318923,0.2305421512243027,0.2082919749316855,-0.3273579012393698,-0.1282101926721434,0.0009915596432043,0.2668903158872098,0.2593877224496972,-0.4045494793427095,-0.2741961215622724,-0.0913347490060021,0.196396730035069,0.265223340690036
pabluccio,0.0069695609617692,3.0,-1,-0.0068819070607453,0.2166155951701748,0.0952024774772049,-0.0372639460142593,0.018889038938195,-0.4443087562178869,0.1384275207697496,0.2947436161482457,-0.0765737713389207,0.208809326588975,0.0743741204635887,0.2324137473520355,0.3472879521372886,-0.4181569358331382,-0.3455915709296221,-0.1028453598292917,0.181376630142783,0.2671896326952664
pabluccio,-0.0005473608440269,3.0,2,0.2881477528218247,-0.2293776858652467,-0.1613332724218665,-0.0573993152100622,-0.4749780567876015,0.182631741381118,0.4691061669842228,-0.4003984505173223,-0.0035583165423568,-0.0100521361130049,0.135545681426857,-0.1629907714789533,0.0748652196610301,-0.2449687044044892,0.1492432632168214,-0.0248526812661767,-0.2207530175446368,0.11578307880626
pabluccio,0.0163339367546704,3.0,-1,0.2366133395707691,-0.2691282562471578,-0.1499861946943409,-0.638213497672481,-0.3918977712671831,0.1534412897980462,-0.1259772236740546,-0.1430851015337207,0.3677627981409334,0.1757925602346209,0.0527298226202776,0.0771280582174042,0.0846207653254316,-0.1869207008600987,0.0257161307567361,-0.0247897838587138,0.0463785019335557,0.0888345106515087
pabluccio,0.0015700096285678,3.0,-1,0.2375598954097528,-0.3250079271824956,-0.2299432522221032,0.1676216719389647,-0.5039871050726761,0.2644711093962952,0.1490036437824071,0.1271110644742988,-0.4035890303001698,-0.0595855852944349,0.1155791706483736,0.2241092049417476,0.0276506479182193,-0.2581931824203605,-0.1967655739438143,-0.0635592748709646,0.1498917509688673,0.1788480522081826
pabluccio,0.0001003879764947,3.0,6,0.017110022071716,0.0667793640658543,-0.2914670740554171,-0.016585050813758,0.397613718812472,-0.3389962736919263,-0.1443041828199876,0.0860160063963375,-0.4138335356554722,-0.1455634488044938,0.0489425486754637,0.2028048072454808,0.2508377791556011,-0.2177625243386964,-0.4282949238849963,-0.066322538706098,0.1914634647876907,0.1948753126072563
pabluccio,9.376168081665215e-06,4.0,-1,-0.1004198171150939,-0.141439952049336,0.2230567315604909,0.034078852077998,-0.0057199765200592,-0.2594239348432451,-0.032914363454392,-0.2246059088852328,0.3680182392448375,-0.0257598356896089,-0.0918807010819371,-0.2402204329964901,-0.3970489133367686,0.3389197354569436,0.4647897231940865,0.0920448761980648,-0.1641094930974443,-0.2719066922508828
pabluccio,0.0016898843647126,4.0,-1,0.0326066686952567,0.2101433119023805,0.0284975473827498,-0.0464840364889769,0.0920247431515418,-0.4190577601217178,0.084008658382942,0.2810864307499269,-0.0916945606875618,0.3025490272251022,0.1765572441234689,0.1485331148805535,0.4275088197873918,-0.3797750451659408,-0.3592604375454087,-0.0863180565797811,0.0781485852709708,0.2426137314167612
pabluccio,-0.000327452901306,4.0,3,0.2150956593011224,-0.2700921466650011,-0.2446855538095379,-0.1819454962511725,0.3688010901767142,0.1813687392415024,-0.107143901557489,-0.4067186294914631,-0.1814776817139248,-0.056478902801099,-0.4681293267158268,-0.1499618345096172,0.0551710847138195,-0.2776764161099104,-0.2296415029107478,-0.0237828920111907,0.1317669610050354,0.1158927550178692
pabluccio,0.00106544511557,4.0,-1,0.1694738036448685,-0.3194474025925197,-0.2517108471178031,-0.0226155164446719,0.3901187124265407,0.1092035089954981,-0.2981347092216789,0.0237631465307332,-0.2959012983066278,0.3132054869627118,0.0911776031562541,0.1617969768866308,0.2009413436281089,-0.2808432637531003,-0.2693393646170347,-0.0400194204720276,0.3452401326135693,0.1380649674512333
pabluccio,0.0001017714844773,4.0,2,0.4593451252538668,-0.1108466217550665,-0.1274921862968881,0.0680280926015935,-0.3608736964937408,0.3090054149006845,0.31030986265244,0.0491679084124654,-0.1354455671695185,-0.1354705338297705,-0.0821114035851295,0.2489188234796684,0.3665527601153024,-0.3727638147676224,0.0484975133944085,-0.0530948166821356,-0.0897933738787419,0.1986474305830337
SADAX,-0.0027390239120361,1.0,-1,0.0440606594973459,0.0100464113433181,0.1916422045126867,-0.0336493034017118,-0.1388477890686296,0.1433657763854136,-0.1283405152952087,-0.2642517132818882,-0.0625920926754488,-0.7506440021396869,-0.0540153204908999,-0.1357691887776402,-0.0241790096657996,0.2685726857237496,0.3173388864039653,0.0269889511873411,-0.0767300963919486,0.2553333116078439
SADAX,0.0031524126113687,1.0,4,-0.4983791406498287,0.4589009082251035,0.1727290016101226,0.0142586550626419,-0.0046141328463558,-0.2343393958638001,-0.1214258412153511,0.1294359932655715,-0.0972618427137339,-0.1097038256704425,0.0737067527880935,-0.0516542566296033,-0.2452046394662861,0.4387005794591087,0.1040923109573374,-0.1492141417454439,0.1587277871822186,0.2899684138087246
SADAX,0.0016490604471577,1.0,-1,0.1359854666526115,-0.3965211434883903,0.0664577775322237,-0.1170020482662942,0.0514993037763952,-0.2058043787474641,-0.0187042389151413,-0.4309446175301594,-0.0556167173745196,-0.1285856198575798,-0.5107653867745215,-0.295537739602887,-0.2657371768267617,0.1398188893746756,0.0885883088564799,0.0477224802809695,0.2385185304246337,0.2237605616234685
SADAX,-0.001226166448182,1.0,-1,0.0925373152294451,0.2172300704402718,0.0867122057128727,-0.056260969833903,-0.0895767658773133,-0.2400815700989202,0.5206966115587951,0.2334579537682057,0.4248381037579796,-0.0308910906229776,-0.1612828819225692,0.0455804929983342,0.0560368230382004,-0.0333589494444088,-0.148044794411835,-0.1044780446181122,-0.4894243272363499,-0.2368954207351924
SADAX,-0.01415462371987,1.0,-1,-0.2540502054794562,-0.2799225736148304,0.3654722345590033,-0.0476996888353509,-0.1916058073952148,0.1790476959511628,-0.099995515873702,-0.2179266982310181,0.2376887269398217,0.0855635283558907,-0.0696755817889788,0.6441074474041645,-0.1794517926038863,0.1475132467703499,0.019168965439341,-0.1984735730263808,-0.1317075670497993,-0.0194752456927056
SADAX,0.0019177118581502,1.0,-1,0.3322964029824291,0.1946226220177215,-0.3063155614487012,0.036997778441104,-0.3583312098369604,-0.1339517276213101,0.0926873867508582,0.1789841138496853,-0.2333301900114859,-0.0844020401980972,0.1182995050523716,0.1975353762896794,0.4870465108269601,-0.2883859165166566,-0.2529396333715821,-0.0515610632626308,0.1343825695440091,-0.2233257579221029
SADAX,-0.0003820667660129,1.0,-1,-0.2534180892119517,-0.1705487598089096,0.336284904170625,-0.0360471530265149,-0.2753444012006352,0.1345534787766925,-0.1021756479649589,-0.2009322802039074,0.1724500955212108,0.1038666528348879,-0.1001322647441745,-0.1925529802903484,-0.3814232395386151,0.3112015903789127,0.4072923879513829,0.2439309389859404,-0.1931312023646466,0.2343566248009472
SADAX,0.0020898848868586,2.0,-1,-0.0922891168814005,-0.076895887681599,0.1515237959001636,-0.0147707464278599,-0.1158549559369519,0.0585366375707591,-0.0419359263557918,-0.0872309330622126,0.0737844727235286,0.0449155103592812,-0.0417227263747411,-0.0833728214808319,-0.1657749322168577,0.1036719594596677,0.1827593345802885,-0.9111827124516828,-0.0859536720426547,0.1036813757398583
SADAX,0.0087073370784171,2.0,-1,0.0229467489140459,0.2510640774008318,-0.315550689437006,0.0383840586501982,0.235252243217817,-0.1347943521928639,0.0951938119066163,0.2362198652206288,-0.2243213258764164,-0.0944283533930724,0.1352506007033842,0.2191577719688221,0.3273509121257011,-0.4377106784064495,-0.4121425476386833,-0.0991773996638743,0.0665683606048522,-0.2976273083462299
SADAX,0.0064107441759892,2.0,-1,-0.4475904968921425,0.4712180374053545,0.2046185051305675,0.0136512889511769,-0.0314281575383352,0.1650099149705013,-0.1525009139528373,0.1922543523336248,-0.0843256828927703,-0.1151515653892249,0.2121625803946601,0.0120660430482508,-0.0964158817499746,0.4321499341828694,0.085215727373788,-0.2351187194067794,-0.0507822654519988,-0.3470255604853386
SADAX,0.0088889487840757,2.0,-1,-0.2093191758163301,0.2225183374902661,-0.0575868445718484,0.262436377588027,0.0294355397305928,0.1852254482932941,-0.211107657470085,0.3325025628189003,-0.0303283402181065,-0.0961968453594088,0.5673741711963031,0.2951763652584479,0.2992030740426575,-0.2030731815006325,-0.1470877781751353,-0.0269380295206714,0.1941613207514462,0.1847868912096136
SADAX,0.0034025916164451,2.0,9,0.1594771626921332,-0.3809190104461134,0.0463112273583248,-0.7205191303218188,-0.034867734153695,-0.0975703428875576,-0.2425540502431474,-0.3433733826195922,0.0296277885513538,0.1177707612321939,-0.1124006727321117,-0.1121415927836798,-0.1502703750836011,-0.0183409023257822,0.1535290205431874,0.1297762951791854,0.0084713500987846,0.1316887470058595
SADAX,0.0095456389851927,2.0,-1,-0.1438020726943202,-0.0663127023571428,-0.0517962949702633,0.1314105240424875,0.0136936511146798,0.5941963426550402,-0.4806173376987823,-0.2724852863717326,0.022182565106846,0.0079817058736178,0.2022312537052781,0.1138469690097856,-0.1136353349979526,-0.0320983018573724,0.2575898336560778,0.2441566215589757,-0.0018658379380473,0.3196057023945672
SADAX,-0.0027666931426543,2.0,6,0.2458707993810894,0.0518362026080179,-0.358436516045028,0.0513837889912674,0.3286410844093377,-0.1551974437168877,0.1155570846751345,0.2256039734581799,-0.2192151182905337,-0.1055910859853558,0.1439372304333987,0.1939619254833707,0.4665061877185855,-0.2992524172241291,-0.3085241704580932,-0.0405954328104681,0.1716776375831137,-0.2415976610349146
SADAX,0.0044479680698153,3.0,6,0.1530517572208795,0.0319589884765422,-0.3357541265157475,0.0496955549437447,0.2789208751984759,-0.199465691000581,0.122352266139047,0.2095658251525766,-0.1748600925692734,-0.0917899541901538,0.1282799010928096,0.1758704555546205,0.3587683497085769,-0.3840881192108704,-0.4434015045352092,-0.1387873124448445,0.1860355123602273,-0.2660449930541743
SADAX,-0.0048783026289143,3.0,-1,-0.3698631589999017,0.1442599524055175,0.2286440316401284,0.0576256252669504,-0.0852396478287974,0.5086983371178748,-0.1687026580465615,0.033616729541225,-0.020625419909211,-0.0635932701509639,-0.1645644852453812,-0.0976527242191312,-0.1456997414043395,0.3462821937748089,0.1454479749875651,-0.1406518132091739,-0.1731176005717928,-0.4878795737444532
SADAX,-0.0013737506582211,3.0,-1,-0.0415599617165467,0.3267262963936482,-0.1371827643177765,0.0474918041630931,0.137246509498267,-0.1785148453473792,-0.1084283569400171,0.2916836762753478,-0.1443548416219876,0.1043565832226098,0.624490672100857,0.233967577352965,0.2291764017277314,-0.1826018451696097,-0.1983071024149444,0.0002960074977614,0.3046422517900676,0.1686768744606515
SADAX,0.0005976034255692,3.0,-1,0.0392904201956282,-0.3511726983456419,0.2991814538930398,0.0464113832044844,-0.2212805312726586,-0.1259507787402856,-0.0952731312231712,-0.3056352543015341,0.5049984224597504,-0.0307299789303138,0.0729650196088425,-0.1467293814829068,-0.1689327187449566,-0.0386510388295448,0.2664325867539574,0.1434054962471092,-0.3748933811329893,0.266837165126629
SADAX,-0.0014325908846025,3.0,-1,0.3147747898853418,0.0410068120281118,0.3534993056880276,0.0393389812831604,-0.2760882960092273,0.252715127748059,0.4216649719402144,-0.0766592529236916,0.3825857736433443,-0.0214417488213566,-0.1221676173443782,0.07814776600355,-0.0576436850950256,0.0993199371958553,0.2424472731920309,-0.0123587123518124,-0.4275859422186943,0.1616918755210001
Pa0l0l0,0.0006803685262412,1.0,-1,0.197926381545766,0.0862691539381749,0.3259133476706117,0.0311964544267027,-0.0472187236733378,-0.1077884624604297,-0.2328759261639489,0.0187815665760835,0.2358707500298892,-0.0421917671396513,-0.2465993453343301,0.2153315591049477,0.5786475783373263,0.2534755332802076,0.3957933333813692,-0.0615087362267586,-0.0359897799744446,-0.2288017830840197
Pa0l0l0,0.0027080637158774,1.0,2,0.6626977236210689,0.5064030181849516,-0.2535777428251535,0.0019301193869713,-0.1305563024538243,-0.0483889076636997,0.2352381424108363,0.2504182292533838,-0.1000909813253446,-0.0728517674858261,-0.1151924958977567,0.0629743813209407,-0.0668802466741629,0.086557188600523,-0.0492910037203868,-0.1113887976694711,-0.1656710586908377,-0.12585648939608
Pa0l0l0,0.0008532448920389,1.0,-1,-0.1878257210786964,-0.3968189093336224,-0.0686114442986459,0.1359086076282693,-0.0195269110064483,-0.0952436442749228,0.234929193360707,-0.3523832233507044,0.4695865347925106,0.0041633876480866,0.4651751025987919,-0.2777788021862778,0.0876769625297923,-0.0664038441703193,-0.0887240999413885,0.0253165479854451,-0.160158336305211,-0.1868720546351969
Pa0l0l0,0.0004367430184702,2.0,-1,0.2012439595251512,0.1298540993725055,0.0398257220216353,0.039876460879369,-0.1230425776730719,-0.1459575026264211,-0.2271707782226773,0.1964157987939358,0.1301393159243861,-0.0837304963581489,-0.1974945143801968,0.191106834738649,0.5964020645446362,0.2813612521114028,-0.0475922223309686,-0.0902493728668013,-0.3856642285548702,-0.3454770302260843
Pa0l0l0,0.0054361819810596,2.0,2,0.5755258622996428,0.3882291609113486,-0.3759804065709634,0.0375183580696077,-0.1869474043209439,-0.0861444382531581,0.2642301683608883,0.1997981404889298,0.0374411151286736,-0.054613915099389,-0.0925560214498606,0.087103836915477,-0.1125375856820505,0.1573224327066543,-0.0545150599678543,-0.1553288393760623,-0.3100437733359909,-0.2049214050204719
Pa0l0l0,-0.0010717158179571,2.0,-1,0.0982280616929409,0.3970534021117086,0.0942830626734795,-0.1363153694921114,0.1280654506982764,-0.561054880483431,-0.1379589456370616,0.4031664685717476,0.0143855071767966,-0.3373232485017306,-0.2393785840603969,0.2044898837428206,-0.0871388034598519,-0.0810959485536535,0.0443828818916544,0.0384042806094895,0.1715050433828986,0.1798023597882437
Pa0l0l0,0.0024115192209665,2.0,-1,0.1406373981232576,-0.3631050984455319,-0.2137443597271197,0.1618006019562209,-0.2216498584370976,-0.1857481210194144,-0.0850026599242552,0.1740187085070403,0.0412157830085619,-0.1515830845370974,-0.3617489658075464,0.3004778610428821,0.0045066245054827,0.2725562677547997,-0.170590788168098,-0.1253272371162685,-0.3656673406071049,-0.3958754080140343
Pa0l0l0,0.0033940695407098,2.0,-1,0.0772581060696472,-0.0839823895416699,-0.0625971779265687,0.0517382128828686,-0.0508352899438277,-0.0766353748545613,-0.0429118389815465,0.0805375580252,0.0415112004551718,-0.0937576447781647,-0.2409864323325352,-0.9058375016456904,-0.0291090694887868,0.1344883642384681,-0.0880293220021323,-0.0672647490938122,-0.1198536307667994,-0.1699858460284975
Pa0l0l0,-5.594893439030888e-05,2.0,0,-0.2207223828299741,0.2253637614210468,0.3196498343608515,0.0086157595458269,0.3930347354636483,-0.0415018862224023,-0.2128764953068735,0.2088889844912396,0.0364019953672667,-0.1559186930285527,-0.1014077603328273,0.1784773351063664,-0.4103235703893857,0.1555964201609904,0.3785113472989801,-0.0606946288292994,0.3243951532613944,-0.2013872586547628
Pa0l0l0,0.0027977877919434,3.0,0,-0.1150182810939768,0.2586069453801909,0.3324498253037322,0.0068885485314836,0.3880528677590009,-0.0381693352390902,-0.2194754725250939,0.2444109922790369,0.0062243830724277,-0.1751084835309823,-0.1009290175326673,0.1823235259246018,-0.3646180038738639,0.2185654241347186,0.4049433211541757,-0.1921473533202118,0.2572817580945967,-0.165631422320381
Pa0l0l0,0.0068130830706965,3.0,-1,0.2606126187193739,0.1595682215203879,-0.1477757815007741,-0.0017302578298655,-0.0761175237079702,-0.0416820225123156,0.1266238597787586,0.1538909253785829,-0.0008425426938208,-0.0900803775882709,-0.1263362589169728,0.1030731764890521,-0.1389609500576287,0.1152012367481162,0.0196600039111735,0.8649727109660619,-0.0834462949500107,-0.1213338680099276
Pa0l0l0,0.0008697773193611,3.0,-1,-0.197834963512593,-0.1688488075524743,-0.0713759510457767,-0.3422944939262277,-0.0961352487757736,0.3388148968864801,0.1340774060038245,-0.2979149910965585,0.0138939056322394,0.2038393671732044,0.1678806846302832,-0.145954578102551,0.1518426255417283,-0.515479715675119,-0.343877387608379,0.0531923782725184,0.2546713419239761,0.1156696007159682
Pa0l0l0,0.0031327079299834,4.0,0,-0.1058198707555298,0.2435457252560068,0.4211008515619822,-0.001954319284508,0.3773685193759846,-0.0538291908498787,-0.2114757001056422,0.1995393009620134,-0.0114837700539833,-0.1440516689572057,-0.0525374679767584,0.1568884654881766,-0.2985271578697792,0.240026152459913,0.3776153080161003,-0.0885978131670177,0.3618667118190987,-0.2143292741963886
Pa0l0l0,0.0054776633817392,4.0,2,0.6339753424478796,0.3382058121664676,-0.3903181170492217,0.02925612304373,-0.1861258587729749,-0.0889706865377212,0.2957603235338322,0.2386849636878404,-0.0091145063123079,-0.0852879728212876,-0.1011776691318895,0.0833257007695391,-0.0069201600578388,0.1276516134126646,-0.1468813838853585,-0.1195236258820741,-0.1803796147485972,-0.1849534242182369
Pa0l0l0,0.0015724510624938,4.0,-1,0.1115544615128293,0.3017959185987593,0.1215703775352603,-0.1148000421292449,0.1029663082889999,-0.2133235359631858,-0.1072957836507874,0.4475676851813346,0.0014152235198886,-0.4200570482377186,-0.347815704885099,0.2787512892570641,-0.1995885750703718,0.2547372572853197,0.2453426169676769,-0.0475371370203309,0.0515917525445538,-0.2358157746766318
Pa0l0l0,0.0025803004741963,4.0,-1,-0.0631288477796161,-0.3931886473098814,-0.2226674901948416,0.1221499675968124,-0.1756042520532652,-0.0345532824645125,0.344944881041398,-0.3179967620844494,-0.0592832021154424,0.0756138847115109,0.1546974332282165,-0.1476503050795776,0.2335886705879211,-0.4652525355528049,-0.3604167401216246,0.1082859180040598,-0.0891434032531763,0.2218473534921071
Pa0l0l0,0.0002524036184268,4.0,0,-0.2320017360674573,0.2253924636382759,0.3697431870381451,0.0020514637859894,0.4031283457449354,-0.0502402466982899,-0.185456923711342,0.2055163927855789,-0.0501813432770528,0.0208132826082109,0.0012274580086131,0.1354324761307327,-0.3534539326142916,0.1001570865341689,0.349821002383783,-0.0699920333646655,0.4304787185567806,0.2194308613603244
Pa0l0l0,0.0021850557383024,5.0,-1,-0.1319187287770909,0.1222412634507211,0.2267077069937393,-0.0155789570677394,0.1990309825929072,-0.0360353143099198,-0.1318672201100177,0.1122962118647918,-0.0708669391954246,0.3590372494797722,-0.047058631008131,0.0846056622612324,-0.1391832174500698,0.0865405022701421,0.2160149517152906,0.7577307103402314,0.1639799635980612,-0.1650233594080758
Pa0l0l0,-0.0014015153745512,5.0,-1,-0.1832117949611869,0.303927390498085,0.0744405944575187,-0.1133408876735827,0.0598387952852325,0.068998501009637,-0.5035444654631015,0.2211572590479215,-0.6315680441059542,-0.0707012333267041,-0.1544788569414026,0.0724141496613741,0.0924591446290557,0.254449079081759,0.0940667237814495,-0.091501958232879,0.1342434500966737,0.0578369344641397
Pa0l0l0,-9.226913047148184e-05,5.0,0,-0.1507595559943307,0.1860179515354344,0.4345157588629025,0.0086262663338457,0.4207556809589968,-0.0535197685070094,-0.1784821515819409,0.2056873829004037,-0.116206129846294,-0.1396331603257607,0.0180388987401396,0.1026147443510383,-0.3091424100940959,0.0914946412164269,0.359994666570066,-0.096333212220493,0.4148984654040455,-0.2022717950953242
Pa0l0l0,0.0040283220811057,6.0,0,-0.1197086808083112,0.2111026777732528,0.4411400447791555,0.0052570380280023,0.3861534117978164,-0.0864179696216566,-0.2049492989022844,0.2344121164149468,-0.0817598736288046,-0.1449745803576602,0.0131656448453824,0.1089278311544258,-0.3221603649619638,0.2160736915692961,0.3912273328044438,-0.1464645855442909,0.3317990841942461,-0.1346111095171834
Pa0l0l0,0.0054731553960888,6.0,2,0.5491472735177219,0.2642673084617613,-0.2536331037139654,0.0074608454467923,-0.244028319293822,0.4485154064247307,0.1954190995754833,0.2591418426936513,-0.1161891364153931,-0.1526305308470869,-0.0546456187652866,0.0429992522782369,-0.0503418080364082,0.1126313181400413,-0.0792715438735102,-0.1752054344140808,-0.2397806069917645,0.2163996072973921
Pa0l0l0,0.0011826139966126,6.0,2,0.628110461620275,0.1108623257340607,-0.3961533919259995,0.0647455919348151,-0.330380918605857,0.0454355598618453,0.3251924220772923,0.1535602562158335,-0.1721647195187032,-0.0605318469878256,-0.0746107373104885,0.0401304911773162,-0.0013356655494338,0.1279737712876386,-0.1229742360823046,-0.1928241427920893,-0.2423999671481929,0.1535833499904344
Pa0l0l0,0.0046977805367353,6.0,-1,0.1048827092275967,0.2029881303441454,0.1559643774906645,0.1814676532826303,0.3153638730969068,0.0222598001155575,0.0033450323665059,0.4083736246986025,0.156960691776942,-0.3091954231257572,-0.3439619466238067,0.3560993631536808,-0.2463135008230164,0.0261738690887103,0.1214792340270387,0.0044569966066189,0.2735056891307367,-0.3278979619313614
Pa0l0l0,0.0012925131684801,6.0,-1,-0.1237205624346982,-0.2350693198465194,-0.1910441878711638,-0.6256465729513117,-0.230327079374522,-0.0651929799739529,0.1427991224266402,-0.3034080876717689,-0.3121509308899095,0.2580163511891352,0.1408345638843805,-0.1686239044892444,0.1420317083429842,-0.1114434641255591,-0.1198731881176227,0.0218325987951769,-0.1260047325350939,0.2369815423045057
Pa0l0l0,-3.3222475851819104e-05,6.0,2,-0.0947393327221934,-0.300961444028181,-0.3355165439392565,0.1249920025468378,-0.3656212360673598,0.0994578911923063,0.0092155904512555,-0.0222382972565192,-0.485692701019728,-0.0177809616898085,-0.236024030862838,0.1352032243081228,0.1138815720141956,-0.10307101065894,-0.2326698744765576,-0.0146693393702232,-0.2305889238400099,0.4321885142073514
Pa0l0l0,-0.000240289948289,6.0,2,-0.2555562679607744,0.0167249962906375,-0.3516766187711982,0.0237656330375652,-0.4083914155580013,-0.0062533522014183,-0.2287962490859004,0.0434806833860937,-0.4741015950837299,-0.0735856154869347,-0.3687009830862932,-0.1133190740161334,0.1038236927392964,-0.0093088432515765,-0.1692179128850455,-0.0368414181518955,-0.2705036067649968,0.3100162461676879
peppe,0.1765773068391325,1.0,-1,-0.025698693486971,-0.0498197698802373,0.0338117379416544,0.0646444600435954,-0.0216815315936798,-0.0443362531979456,-0.024704353669448,-0.0480954209305976,0.0314872156064795,-0.9848200770610408,0.0877494440654313,-0.0150228724380924,-0.0437536018889317,-0.0323724865349478,-0.0074399187760662,0.0491267790004191,-0.0352564583638311,0.0267266588992072
peppe,0.0057931650282598,1.0,-1,0.0490529000917643,0.0799628485138356,-0.0642605931775224,-0.102298190811182,0.0400508262570023,0.059367234934449,0.0261146910217262,0.0735053222178287,-0.072633164755081,0.9544618160207202,-0.1704204522900068,0.0161914776252698,0.0919410009115841,0.0398685897366797,0.0195484148525425,-0.071661510741278,0.0548784989420427,-0.0352394901295285
peppe,4.204608632414885e-05,1.0,-1,-0.3952173877374491,0.4541973253938701,0.2045063379834008,-0.4266837976550125,-0.0920621674624878,0.2194470875212725,-0.1738067106999994,0.2571546802817648,0.1906333982206807,-0.1073991712019081,0.2289635603535726,-0.1152060806916384,0.0658946869867527,-0.0063620752547295,0.3343634558643412,-0.1406881892361572,-0.0361467749548423,-0.0990082905176801
peppe,0.0014996706495934,1.0,-1,0.0554147259177255,-0.2610528404941652,0.1598688811482719,0.3242749413786822,0.0790025022478481,-0.4384027767950625,0.0672482721146934,-0.1169665225811888,0.1671761101073563,0.1623253682003067,0.1945913143718499,-0.5847656389027477,-0.2978281801373474,0.0530954546639955,0.1844588152299217,0.0035206294116084,-0.0706095140625131,-0.1294933366997383
peppe,0.0003103254408415,1.0,-1,0.2814201103994354,-0.2042483661887265,0.3311639505875203,0.2060944281969931,0.0131370333344661,0.1665910130192692,-0.2627565151108811,-0.3712168344094686,-0.1653052019740159,0.0384242191625289,-0.1529157289221844,-0.0925663536711377,0.0847993831960613,-0.4564384507635916,-0.1418531362916609,0.4260098031444669,0.0424512499567581,-0.1117274846318241
peppe,0.0014724608147286,2.0,-1,0.1988563634578762,0.1139313922417527,-0.540174873056011,-0.0846670326438719,0.0803315400586743,0.2581125950180805,0.4445321594374765,0.1527840653299078,-0.2179759058846417,-0.1821719082690402,-0.4004234045358423,0.1438051184298587,0.0386698335182536,0.2608954294834812,-0.0501857971431919,-0.0276514275059865,0.0513128493327486,0.1315081184514797
peppe,8.177513519976758e-05,2.0,-1,-0.2929504559271139,0.3084527498959513,-0.2961490580238472,-0.3182579635601172,-0.042593083921652,-0.0651191290077337,0.1109514485116275,0.3987683420640857,0.089882942704342,-0.2605894018130792,0.2194742785079092,0.1418966239993691,-0.0023576236506641,0.3816472810167337,0.2311917605036827,-0.3262599601055529,-0.0327710411698111,-0.0417698493100541
peppe,0.0017785656747234,3.0,-1,0.2217500609068031,0.0099207590989565,-0.2658913926031041,-0.057765109465922,0.1003427747518203,0.2589266969090463,0.3703099522926287,0.1643244876412641,-0.2455110540662856,-0.1618754430492672,-0.4473010680405233,0.1394497533803826,-0.0129636835357243,-0.0169404648055216,0.0181074244280758,0.4923507759670549,-0.0198788640027306,0.293016307848909
peppe,-0.0009403397207673,3.0,-1,-0.0326966401904823,0.1090844523099838,-0.052405877550236,-0.1930070264565542,-0.154586468769874,0.2784925464483652,-0.3250345390524619,0.2951947896637237,0.182579468237517,-0.1213077669621004,0.3518758743074076,0.3322469041216747,-0.1986302166747646,0.090217843973383,-0.0254514855325744,0.5507638314036514,-0.1069974672601241,0.0866325824059439
peppe,0.0032035544213749,3.0,-1,-0.0888834137608579,0.2232772381779422,-0.090824940509364,-0.2963973098827946,-0.114460331129096,0.1930411990856158,-0.3251443106914208,0.2884808504406201,0.2543272834718538,-0.1526186737550647,0.2571906414054605,0.1629430805935242,-0.0310684773302084,0.0401787364078387,-0.1574048919021473,0.1710800190060068,-0.0259360167826361,0.6073476364561873
peppe,0.0049395315396369,3.0,0,-0.2395804364501656,0.215698374596437,0.3219563171887125,-0.1684431544645511,-0.0128959036577546,0.0945203257269097,-0.3894995256765114,0.3365118916935028,0.177445745631576,-0.0629599586122735,0.1726783182531567,0.138045837692315,-0.362000135779507,0.1695773994632881,0.4202710341679548,-0.1574917691883038,-0.1769663048685603,0.1145489411489749
peppe,0.004779377510165,3.0,-1,0.1685892133458729,-0.1655733308604307,-0.1083664096407561,0.137862963793566,-0.7204796755850351,0.0550185803661882,0.273430399099992,-0.2163140432663426,-0.1204837576023745,-0.0220078905434392,-0.0740582493369007,-0.0822222585545149,0.3160000389305769,-0.1957653848595658,-0.2639019111873426,0.1312181656205688,0.1306669656717356,-0.0194298432010156
peppe,-0.0236734058883332,3.0,-1,-0.1508317249537124,0.1157420682310535,0.0664412751495687,-0.0910823453739051,-0.0697482505476199,-0.0462649972006642,-0.2039828816136709,0.1190332066413985,0.2639807015216607,0.0050971217840843,0.07484305970293,0.0101078649183712,-0.3006076097827069,0.0150381070802296,0.0448033130443599,0.033741163623131,0.8372454521875262,-0.1350098705703352
peppe,0.0007877178174285,3.0,-1,0.2971771561905869,-0.1500372749257231,-0.3770315444047095,0.11152711966908,0.1571850110011909,-0.1165608774765195,0.3018037122135607,-0.0575455414658628,-0.2733480566051446,-0.0154213823410731,-0.2280195299857229,0.0529495404258296,0.4487089525132969,0.0953405400460685,-0.4131603228456228,-0.116648608440927,0.1831137121355752,0.2094537437599632
peppe,-0.0005803739346716,3.0,-1,-0.2268145817435967,0.0575166423202466,-0.1539840799782114,-0.1392236145210592,-0.0186211069749734,0.1862148233467278,-0.1680507415010164,0.1545807273793442,0.0135329754446596,0.0082986816099069,-0.581109850053263,0.1348487303632506,0.0347718300809695,0.6367662783287503,-0.1888218612220963,0.0261240245143047,-0.0042942325713164,-0.1258327834178527
peppe,0.2963783375773841,3.0,-1,-0.020478886131581,0.0366897002929467,0.0288255370500827,-0.0733274145160931,-0.0375223589070894,0.0915553878514417,-0.3308175337583786,0.0476744470018732,-0.0101789919242483,0.8672681128106233,-0.2148289899214308,0.0351268422437778,0.0763503416401189,0.2353743326578909,0.05465490919955,-0.054858154132325,-0.0063618338361586,-0.0601063077358004
peppe,0.0077705569010421,3.0,-1,-0.017339517561429,0.0681559008274932,0.0380739445027025,-0.1377067815056662,-0.0748091456107482,0.1930062220605888,-0.6715684048407411,0.1159856212290064,-0.0092156233114101,-0.2772385811792826,-0.4628251893287105,0.0776673831080788,0.1823571187568433,0.3420454105715109,0.0549667787149955,-0.0115583812211944,0.0087222958529028,-0.1291162063251171
bigw,0.0002483474750038,1.0,-1,-0.211588280194711,0.1744117405745396,-0.4386468266884827,0.1057638032644421,0.1571007069106551,0.1984918324691693,0.0763067836879071,0.1342666214789644,0.0883560958082995,-0.0903930263869212,0.1026612992459515,0.0672352260415316,-0.4788485305939247,-0.0675217671874971,-0.4011369132561532,-0.4347078169110943,0.0251123075224991,-0.1337122837481175
bigw,0.0001100839230315,1.0,-1,0.0603379044435875,-0.1653398385354287,-0.1484496713908966,0.0835685524494618,0.1700897581044579,0.0730063084923495,-0.0916886091551703,-0.2737975364917608,-0.221021792172201,-0.1559633557378027,0.0381609137845627,-0.2544626489576173,-0.1414151522078543,-0.486937929632901,-0.1353943144125907,-0.3178990720112297,-0.2442305302255005,0.4968291933942202
bigw,0.0019510052002866,2.0,7,0.3013781037292685,0.2289176226795666,-0.0557615123460075,0.0761744089833377,-0.4204759616532718,-0.2816092282507048,0.0586187773128629,0.2988858884007423,0.2599793208083635,0.3855507096283601,-0.0902829199592065,0.2328723521427969,0.2631760655261728,0.1272854941866243,0.2120353542818187,0.1977871664288277,0.2210650620101046,-0.0441866144256722
bigw,0.015659717847432,2.0,-1,-0.0084455653209029,0.2509285255798616,-0.0911463389560566,0.0950926541614867,0.1699840749558877,0.2235945991400586,0.0594080734756333,0.2674953295986789,0.3334995355371481,0.3938701137502413,0.4579280360791948,0.1401533253424001,0.1737776091907056,0.2543072844072677,-0.2065447803927036,0.2341070547854606,0.1799417505972061,-0.212668017168392
bigw,0.0017302136299244,2.0,8,-0.2284805189598866,0.4859322529739996,-0.2782992697008122,0.1020791819582114,0.1923407670595489,0.2568424179312358,-0.1397478883093306,0.3245445342094066,-0.0858602200643685,-0.1754699724200104,-0.203426073180365,0.073758583000903,0.2007144263779219,0.2005181084327315,-0.1848325393842279,0.2703316436869298,0.2268353303385242,-0.2679546982245721
bigw,0.004295556570308,2.0,-1,-0.3307351832404722,0.2992109343955269,-0.3028174764448026,0.1157977110659078,0.1820706720751507,0.2415298914810866,-0.251719753511116,0.1910779358457689,-0.1861335297879048,-0.2010334188094088,0.3746981596287498,0.043275479815877,0.2156564201024911,0.2125679684531772,0.0385370374045379,0.2393900623178564,-0.2663564527704473,-0.2566253868119454
bigw,-0.0003432455871193,2.0,-1,-0.1273803807259379,-0.2389606396983694,-0.0987165077456524,0.1940100127405673,0.1542880146674097,0.2234800906038437,-0.3367024909370847,-0.3863226839004826,-0.2289095021760596,0.0263564932805806,0.1223093544359584,-0.1888262410997484,0.1653158996198541,0.2645441243050879,-0.0828893274887334,0.2447295140631485,-0.4585412504829712,-0.2547154188586363
bigw,0.0023918535405597,2.0,-1,-0.117324661318235,-0.2405692384851749,0.0060024443509468,0.1745787575511418,0.1618754414029537,0.2276778736165614,-0.5162263801771462,-0.1792812165263826,-0.2637354993902626,-0.1113458968275134,0.3289711267586199,0.2769395481098045,0.2092948384527014,0.2193216269039197,-0.0519544068855691,0.256383249980355,0.1680608930106903,-0.2563611752554394
bigw,0.0042355417901232,2.0,-1,-0.0351325818601273,0.2300755623587272,-0.1373346037107159,0.0967517551500119,0.1080282528026479,0.1174765780778258,0.1313272865518315,0.362782580077202,0.2926530701997898,0.1167048834187912,0.5904362612714146,0.249164765524335,0.1533199684757371,0.2489877492692658,-0.0126105799891938,0.1915912197136039,0.2273839767379036,-0.243402588288033
bigw,-6.857668576605328e-06,2.0,7,0.3515263438251374,0.2475854253418722,-0.1874267432490533,0.0617920148742632,-0.5207952381627281,-0.3837106066082964,0.046771704868552,0.2589188514018915,0.0720332617996925,0.253837178022163,-0.2700789041612239,0.1827178093246703,0.3131535562843776,-0.0153486262238569,0.042657403527212,-0.0570983299916395,-0.0031637556545683,0.0956788740570171
bigw,0.0018848523096079,3.0,7,0.2383408692592743,0.2759168775749839,-0.2268266464962412,0.0717639676396348,-0.3969857963373478,-0.1807933732849203,0.0395033590643906,0.2988987727210327,0.0770328505637356,0.4412449346579062,-0.3153865938727017,0.2076273364320717,0.2781474381766052,0.1390505159625418,0.2084881780537601,0.2072130507222378,-0.0203142935464927,-0.0505064803719681
bigw,0.0006066650942521,3.0,8,-0.4366674246260315,0.2516305404416861,-0.104879695518435,0.1375212734817401,0.2586560385177918,0.2988437201578561,-0.2032467409229728,0.1527465713708664,-0.1335570341054596,-0.1338228958878526,-0.3053002926024791,-0.0614804874629878,0.1686976157471157,0.2652021523568639,-0.0946632991829656,0.3001146986600843,0.3200110287006479,-0.2495560979865722
bigw,-0.0027666932580652,3.0,-1,-0.341762451376799,-0.1763952745398054,0.1539060901935929,0.1954802134922215,0.2497263980502234,0.2450999001971665,-0.0119004390889999,-0.4436131027142623,-0.2346248483841904,-0.0539802749878808,0.0092947546379987,-0.4420053774005133,0.0937738083242173,0.2651834194557233,0.0417483641399763,0.2544194230092887,-0.165448277657589,-0.2107918051465317
bigw,0.0007019436993122,3.0,-1,-0.2963738254128176,-0.2656429697313831,0.0353150192557527,-0.1596178589161139,0.2417609633039819,0.105134706015576,-0.1665484274947543,-0.2384913101698126,-0.5633690228318587,-0.1280348172695453,0.1604017640868124,0.0106282677970791,0.0355704691626789,0.1471421418157501,0.1492265467916427,0.1822546360904753,-0.4480979681071156,-0.1481241880986801
bigw,0.0014123168946307,4.0,-1,0.42315951632881,0.2277795841367729,-0.162733108607256,0.0961212943091528,-0.3997545487580801,-0.0163155178470217,0.1021261567235772,0.2943248045857053,-0.0448975643760665,-0.2696401696363485,-0.3314467153912496,0.2383946085409845,0.3288098981316427,0.1625798954788112,0.1819604801699174,0.2291773322283223,0.0662660008115838,-0.1011070316349082
bigw,0.0004648770358383,4.0,8,-0.2703648830808105,-0.0757556167223356,0.0451403821243388,0.1582040201991114,0.2899971850355722,-0.0057120285336169,-0.2592304193298982,0.136292569676411,0.0608626512342265,-0.30869918566935,-0.4269037008567942,-0.02952393869044,0.1498811804673693,0.353188206709584,0.0539320438700673,0.2937198124627408,0.3436825986587745,-0.295920257563625
bigw,-0.0006452085900166,4.0,-1,0.0257759772396004,0.4162372029427892,-0.1693594286807847,0.5712167943049394,-0.1578901467852288,0.2244192389546671,0.1323701167685511,0.362250960940201,0.0006610647944636,-0.1696972000244554,0.0917611401198191,0.2437819202170585,-0.0344617129227357,-0.1743350839326724,0.1482801990300652,-0.1906773310943265,-0.1893396448541164,0.1569969601050197
bigw,-0.0007252819723296,4.0,7,0.4094501524897507,0.1867555529573942,-0.0251590637244746,0.0749592783576339,-0.5094883107612469,-0.3802622102765739,0.168614391657764,0.1639188496075359,-0.0481331373223495,-0.1946315752695027,-0.2781431596625736,0.2507437784912311,0.3083545945282075,-0.0392251736651954,0.1093823430216137,0.0690023703707329,0.1603419806475636,0.1106902014356137
bigw,0.0034059620650211,5.0,-1,0.3056159067568672,0.2766777171631523,-0.125535741940538,0.0820216300504348,-0.4421408080037103,-0.2286435666850244,0.1467980884252758,0.2007706936842419,-0.0282438674095808,-0.2438023321440451,-0.3320333521669813,0.2556340274588433,0.267220023311067,0.1269452411528474,0.2441506346421479,0.2119025762422918,0.2618245210384674,-0.0389681648690006
bigw,0.003849163469496,5.0,8,-0.3686176887245024,0.3186145623763238,-0.068138414371886,0.0554500200533767,0.2355596799480065,0.2661900880396154,-0.1868842505262893,0.2756553544906175,0.0649666741791204,-0.1580945625033465,-0.4003653362034912,0.0695754269117196,0.1057682805290941,0.2551423223102915,0.0152404110309032,0.2741955219979166,0.3097581512750045,-0.2750150654392699
bigw,0.0006255019720533,5.0,-1,-0.0721774100715196,-0.4147877196977486,0.1882750301892602,-0.5125072143232148,0.1886392151012424,0.0417739162052872,-0.183798306052618,-0.3238423283438343,-0.0527593785357632,-0.0075827888974177,-0.0064287772858947,-0.4389056931539589,0.0736847489341096,0.2053546798865973,-0.0218088413224661,0.1869898959702783,0.1919678064137864,-0.1822961690515418
bigw,0.0025449657424294,7.0,-1,0.2048303450218785,0.262108738720753,-0.0835613718549625,0.1058736766350712,-0.0450527897303602,0.2260502486206836,0.064309088189506,0.217161293222853,0.1105803817606403,-0.2491376182516986,0.4738947577830306,0.3160719950640809,0.2546691858601147,0.2306364981008255,0.2975295121382655,0.2110070781374702,0.2699134082739387,-0.2097681826903785
bigw,0.0008570157561228,7.0,8,-0.3467725757842902,0.195815282273521,0.0407457951081506,0.1439768424498864,0.24729601950461,0.2775176161095099,-0.2401139724199803,0.2050524187783986,-0.0809304030972352,-0.0182456872583311,-0.3650701475489373,-0.0204945922461546,0.2515118225738419,0.2896037662300849,0.2761957743223486,0.2376457966095511,0.3118436066336423,-0.2518522628850654
bigw,0.0004990086982919,7.0,-1,-0.3755345064751944,-0.3752900616130393,0.0544248170098915,-0.3808468495100721,0.1301123375185105,-0.2992125091695785,-0.4228811132924718,-0.3205657104486162,-0.2978794094550818,-0.1367011537610896,0.1406904728024425,-0.1277821467368154,0.0293552769206186,0.0014774110890335,0.1121499526213533,0.1264122240191,0.0452992971039941,-0.0840334821454657
bigw,-0.0008941031277777,7.0,0,-0.2656452713727852,0.1226977821443416,0.4903359232693746,0.056760192528191,-0.0358617443320137,0.0829066633773996,0.2759294653722657,0.1084365030934366,0.2684684744593165,0.109263180807409,0.0772921794054027,0.0973416053417209,-0.4406968103918288,-0.0128804822181367,0.5219209163195289,-0.0068287589530175,-0.0915264843163785,0.001921217615415
qwe,0.0009379104247451,1.0,-1,-0.0547264765294527,-0.0896141261415832,-0.0016344729397813,0.0549037332233204,0.0284129304008393,-0.192689359800753,-0.2086589853299998,0.2348486423116784,0.1939250012519046,0.4785982730448747,0.3564390683651171,0.3102591608262923,-0.0566811253427952,0.1371796083686032,-0.2197021124853778,0.4587347284416784,0.1549892561142883,-0.2336584807835352
qwe,-0.0025430992000323,1.0,8,-0.0926164422504341,0.0320922877560019,-0.1188493769440982,-0.0279638698074995,0.2838834157054658,0.0812643231799315,-0.0090561235039261,0.1475268557346083,-0.3297114392682975,-0.2667325542780806,-0.3597387007959053,0.213672397520211,0.118197866557991,0.4258502277177386,0.3446928586621589,0.1609841871721875,0.2811614876924669,-0.304009098874225
qwe,0.0001269399733928,1.0,-1,-0.1324098056643001,0.2180308634500185,-0.3418693742039017,-0.0528130845106103,0.1591272813725646,-0.1603093289484304,0.0656775246270881,0.248055747136588,-0.2843102619077497,-0.1028196306904697,-0.2165420249512595,0.1741599068771044,0.1447503128898097,0.1147943920756897,0.3177129663256309,0.6009973064972506,0.1064910637764224,-0.1488763402236391
qwe,0.0002293241086742,1.0,2,0.2694968240196934,-0.1292458992229359,-0.0223830216585563,0.09824835103547,-0.0758033728458587,-0.2123017677095364,0.1500372188015495,-0.1601500002064344,-0.3259759973572799,-0.1665133765249874,-0.3015363571793621,0.1106555023635541,0.2296899155155212,0.1293235521995109,0.0171044592188572,-0.1182091197565369,-0.5628983965763912,0.4046941654992446
qwe,0.0009847084682592,1.0,7,0.2103895219377936,0.0675071254484971,0.1800368764874625,-0.0479532407790172,-0.4605202849555171,-0.1760991671121953,-0.0192518990168603,0.223006551245802,-0.0023467523150554,0.2524672531291308,-0.3427874275847161,0.2962862855352061,0.3615577247597339,-0.0340121004440152,0.3733083708572778,-0.1061037105746406,-0.2361015955201456,-0.126482897365811
qwe,-0.0015259471075922,1.0,7,0.109459844505746,0.0307243434300013,0.1253942108394538,-0.0231986669621278,-0.3427614989343957,-0.1301253340498642,-0.1179514693600641,0.1787315282793378,0.0460071987215818,0.420766539989812,-0.2686579197108465,0.2165244239811476,0.3132460079741838,-0.0224570664494239,0.361407078744095,0.4662538592471437,0.1551843436117913,-0.1469651920437927
qwe,-0.0008608603825302,2.0,-1,0.0820913391109425,0.0720245653749227,-0.0695118195796722,-0.0508871069858014,0.4329000918631973,-0.3253536170255949,0.1477274807031259,-0.1864746452572916,-0.0012157604744405,-0.2867931511800695,0.2958967611288109,-0.2184344654481261,-0.2305207245696241,-0.0337686236562062,-0.305170032925582,-0.4458665943800221,-0.1656418062045483,0.1990854486385137
qwe,0.000906585862441,2.0,-1,0.0109664399467713,0.0889046605274113,-0.567729417052254,-0.0219982747208611,0.2353872512259785,0.2498798808538673,0.086412795680972,0.2444628020236304,-0.4037423724233196,-0.2009733391005087,-0.2627102387671538,0.1308802558140854,0.0058204853339792,-0.002028229147947,-0.0205615209331737,-0.1181930388258561,0.2350441533935741,-0.3533809900327843
qwe,-0.0001905613862985,2.0,-1,-0.0775800957062996,-0.1850071247307512,0.1549442230419579,-0.0764652477464927,0.2213069917216189,-0.2491764841790108,-0.1663538191436339,-0.2370158773505843,-0.1112136151352642,-0.2140849571934746,0.3380225748242315,-0.4663061363751014,-0.0509728227326494,-0.1408973957473513,0.0053218548978493,-0.1003224304804028,0.2927114968952597,0.4762966236203339
qwe,-0.0021483896553461,2.0,-1,0.0587036143609022,0.1785927271522542,-0.0821486923406597,0.8276674224221229,-0.1159823754666815,0.1265026081777829,0.1721747579525924,0.1678673821202698,0.1604728859802816,0.1176741679154129,-0.1646047002215057,0.2251990356651461,0.043853040518145,0.05736183144352,0.0099196203116982,0.0551478499692288,-0.1472197800300351,-0.1953546530617193
qwe,5.092935670484336e-05,2.0,0,-0.4101487738210401,0.3427698199447661,0.3903095457224202,-0.0346798204961749,0.0414103637795408,0.095675004010501,-0.0585184164205572,0.2546538011080362,0.3498524784052095,0.2088066405082473,0.1076369375416742,0.1020225339370383,-0.4165191425703119,0.2281559272662002,0.2031054618576352,-0.0289369223011718,0.0624694793641628,0.1485762551040382
qwe,0.0009322913032812,3.0,-1,0.1604888070288278,-0.0202786371158568,-0.2662946777028018,0.0050548179828026,-0.1329993682778673,-0.1769004892978539,-0.0487906219173539,0.2051014052127107,0.1041074074850967,0.5107465293766205,0.3225858207605278,-0.0628580871183977,0.0597283544944626,-0.0342735597853499,-0.4814513937842973,0.3571045418762228,0.1194657615530122,-0.2267543750376622
qwe,0.000766050076348,3.0,-1,0.0869015389412157,-0.0190126326589925,-0.2664889345819546,-0.0127927651103004,-0.0267883725327452,-0.2230606519384367,0.135573703385544,0.1111607642342605,-0.0937644721926834,-0.1627410183716132,0.3912309701911362,-0.5238932347606015,0.002904871320631,-0.2499424944669882,-0.372260912271085,-0.0722114040004126,0.235074805337705,-0.3396487655924754
qwe,0.0006985558082052,3.0,-1,0.1969543968613255,0.0491884498192012,-0.3433997455760054,-0.064109565106908,0.1891323844612507,-0.200911495231457,0.3821323597921264,0.2228942657459307,-0.1858731308954107,-0.2365129939278402,-0.3498521387282025,0.2704482065800253,0.1212477997099966,0.1358088192659418,-0.1790677127320718,-0.1266551849197255,0.2745631771720379,-0.3496423970232476
qwe,0.0007496892835087,3.0,-1,0.206642719212288,-0.1846215407407702,-0.1423902024200506,0.0726915673636043,0.18839567334696,0.060998973862658,-0.1861419403497558,-0.2506630004546555,-0.1815766371038476,-0.2445090924799432,0.3068388586477583,-0.479880177832064,0.1177823287079287,0.1080355870694758,-0.3012028014187122,-0.1258891579136126,0.2885267664847314,-0.3583391743976331
qwe,0.0023073512266836,3.0,9,0.1600695771854859,-0.1669233581585057,-0.038975456400551,-0.8337690476731535,0.0780773437701671,-0.1383046452003546,-0.1553132954446436,-0.2586610015579607,-0.1537919121438146,-0.1440460876956758,0.0999950476342217,-0.2099711547175604,0.0481992713742129,0.0309767566173731,-0.1326965686207261,-0.0411473982029759,0.103928689143453,0.0412179525327972
qwe,0.0019963485975573,3.0,-1,-0.1741724575130521,-0.0248477673873313,0.2539313861456732,0.0212118141698324,-0.0287888064096877,0.2675379695575826,0.3049523139359795,0.2096581299562605,0.3962305906979337,0.4822370768177577,0.139298140808982,0.2497066343263358,-0.4115071931622244,-0.0169478501372038,-0.0051701946956271,-0.0685927289408954,0.0792712325433961,0.2069008747011924
qwe,-0.0022036936960726,3.0,7,0.3260887502941689,0.0571924537441084,0.0573023159904044,-0.0199025110629878,-0.2658259043610059,-0.0919162359742416,-0.029031057441127,0.1659466548034791,0.0973597590242074,0.3784616331580056,-0.2399672849578741,0.1983017268835047,0.4316669265013431,-0.110017156638123,0.4667377302213097,0.2090871677426568,-0.2265655119041663,-0.1351620779444407
qwe,0.0010536647871999,4.0,7,0.3222421974238464,0.0355512732559103,0.0491520433011801,-0.0223053765723604,-0.2363492016124185,0.0384118468813335,0.0860176013981638,0.176326831964651,0.0202930340202217,0.2043883814575754,-0.2493233323457704,0.2315372193798006,0.4831804238645267,0.0704085291848664,0.5467708305150031,0.1357755895244597,-0.2051370898714198,-0.2007554216544935
qwe,0.0008809266847396,4.0,-1,0.1819155778463758,-0.0196448257462537,-0.0227575526582524,0.0393808355360955,0.257602991217267,-0.2337142539000038,0.477409709134818,0.1142829351989182,-0.1673630694448442,-0.2210266338847567,-0.0313510676085955,-0.0501578242385128,0.4774512273409488,0.0890416995814322,0.3234866565311116,-0.1694071463221682,0.2318289674443999,-0.3148852806689832
qwe,-0.0013685793482528,4.0,-1,0.1939905627759667,-0.1773658396576609,0.2000832781625411,-0.1719133790663891,0.1943188510137954,-0.1391024342733882,0.1618230312153209,-0.314707306716132,-0.0892079889478321,-0.1487149814656051,0.263331082847056,-0.3051888796539533,0.352642422120974,0.2968235056208643,0.1938322368931801,-0.1374732976790001,-0.4554289571667863,-0.1004033588646658
qwe,0.0021790349218565,4.0,9,0.0818851795818677,-0.1629424778991766,0.1897763499809912,-0.7810246018744907,0.1294742087618424,-0.1331902412606053,-0.0024651292727744,-0.2480582834848431,-0.0876311630473036,-0.0734565848168976,0.1802839341590195,-0.2176779322631268,0.2293625707694947,0.1947133156604887,0.1343427634878073,-0.0976188920322717,-0.0585476255549453,-0.1010004457381833
qwe,0.0071074836668251,4.0,-1,-0.1944529937562185,0.1445269357934195,-0.1583242521380253,-0.024887409783036,0.2322315802499853,-0.2420265399522493,-0.0147782398177339,0.2845134535598753,-0.2211709277305196,-0.2522619327460456,-0.2507460806701118,0.1447119923517511,0.4129728914568475,0.0707650933032311,0.2612427772938656,-0.1657532279144754,0.3192010097152417,-0.3903921854770602
qwe,0.0033682223163215,4.0,-1,-0.0047281991581506,0.1573911300002886,-0.0905014637412439,0.1199530481662643,-0.2249701847451187,0.2176332833585134,-0.1063361649557042,0.3176284358900809,0.1902811707805719,0.1743779489518508,-0.3126853140736977,0.4336023844931804,-0.2606932889564682,-0.096632329795975,-0.1410536962116056,0.1191357964665825,-0.2902025608588514,-0.440966960429992
qwe,0.0027887927699843,4.0,9,0.0843402695816896,-0.1845527233605211,0.1544676973643982,-0.7945678876334625,0.1104833562078116,-0.1041567725870484,0.0380776875948965,-0.2840560149289245,-0.0595025607276941,-0.0653499977700131,0.1818389141190358,-0.2244375998765496,0.1458648713560622,0.064589073783556,0.0843220918449578,-0.0604711322814682,0.139176239662437,0.2271597824002209
qwe,0.0003092269174018,4.0,-1,-0.1681690734810502,0.6566655951960824,-0.1564020840326739,-0.054196648787655,0.0667842653206909,-0.0222554149699023,0.0538025999334203,0.3576663550087394,0.0273994153254982,0.1607467417999105,-0.0811636974317576,0.1869763602494223,-0.0724263196224765,0.5299032193577047,0.0095505793656471,-0.054577979313605,0.0753176653487475,-0.1200480134284742
qwe,0.001280239884177,4.0,-1,0.1530253653462721,-0.1887358208804613,0.2226261609088574,0.1458811187965825,0.0895479753491787,-0.2391621043727721,0.0950592131658363,-0.1957528364737217,0.1233730328535722,-0.1883575838895602,0.3208713784827795,-0.5260731469006129,-0.0160705819236317,0.2429485333071394,-0.2008512468177635,-0.1794817358028795,0.2629788932412423,-0.355161356926725
qwe,9.571689566569244e-05,4.0,2,0.4139656951135078,-0.08637507877757,-0.0228072956949167,0.0902245715603905,-0.3831616822697712,0.1185702371615416,0.314148178428826,-0.1801906480654047,-0.3119548019083069,-0.1178822359950828,-0.2879760102593917,0.1658073770782749,0.2411728294905057,-0.0526893641725202,0.2247852883845652,-0.0035475190924018,-0.3826488742738139,0.2023502313289879
qwe,-0.0007736696604583,6.0,-1,0.0700755762954974,0.0331735766620568,-0.2273882643787451,-0.0115180443493212,-0.0145959372905934,-0.4426673222244939,0.0379382659448121,-0.154702577652442,-0.1042402124944764,0.2312998311602127,0.3416665483670185,-0.3116985626530034,-0.2907803055332607,-0.0833335887357329,-0.4911158231098756,0.0322316813568991,0.1024238527753006,0.3132596853314444
qwe,0.0034591520012093,6.0,-1,-0.169675508192132,-0.0313018312732761,0.164704591146374,0.0212093269900208,0.1550232959718558,0.4000672243046928,-0.5787619999603796,0.1062337372841432,0.1599422086997086,-0.2114281310843841,0.3596697668947461,0.1806858385352564,-0.0597910597348539,0.0859598601958837,0.1665228043868369,-0.1377807317661998,0.1837237948228405,-0.2976423353410847
qwe,0.0006625624344638,6.0,-1,0.054783229723262,-0.0096847237244608,-0.1067415906132337,-0.003817136112448,0.2330726450732563,-0.0643988887018153,0.3675984789485927,0.2690553081895936,-0.1221619277165441,0.4856791915022975,-0.3733720659953793,0.1835423812188765,0.205885618573633,0.0553348675966047,0.1342599858065674,-0.174508935833759,0.2560219647054653,-0.368954844703788
qwe,0.0004546734066969,6.0,-1,-0.1757623257171707,-0.0188798632515379,0.0176538078889451,0.0119066021352886,0.0694618521759259,0.396407135706988,-0.6758882696327255,-0.020182107345052,0.2330270063575638,-0.0570728759760406,0.2861509143855512,-0.3663958715618461,0.0138745119475312,0.029037867437594,0.0210145460744142,-0.0970816641729702,0.1349086938202423,-0.2152026936575777
qwe,0.0013010598711362,6.0,-1,0.0124873618516452,-0.1086300513718504,-0.269264715349941,0.0938052426430009,0.3172162445314433,-0.264735389411309,0.2222645976965075,0.2092253140829536,-0.1415141963105708,-0.243925770399967,-0.405437368456532,0.1860731966050847,0.1585753466917097,0.012776432886914,0.0509348968220109,-0.2006312505472785,0.3248676237109081,-0.4366103010572426
qwe,-0.0002220903832359,6.0,-1,0.2412437141492302,-0.2025085909142635,-0.1239083180469409,-0.0507163058403578,0.1589201778542855,0.0886265018806933,0.0813596590200187,-0.4425982883738641,0.2595376040946454,-0.1615570780910352,-0.2133009361284629,-0.1761157306617118,-0.2044348676316138,-0.4312854108872732,-0.4189859508778236,-0.0861542923934198,0.0374006297008073,0.2551422993880949
qwe,-0.0171020155025629,6.0,-1,-0.1374225551412917,0.1840371959877265,0.1198325361779365,0.69664756457837,-0.0848451054545802,0.133698242106151,-0.0766818910004613,0.3428908361586597,-0.1857373010431413,0.1291172850556667,0.1724780396418848,0.1436622181979119,0.1216150418632815,0.1974223946221324,0.2608690495377751,0.0921316260643083,-0.166415294904958,-0.1986998804063682
qwe,0.0001414555670428,6.0,-1,0.2365394739012997,0.1152847379968224,0.2381223036503053,-0.102381327713427,-0.1454324944976342,0.0274261551800788,0.5847490233582022,0.246749771646751,0.2134358161405085,0.1252223895139753,0.1618378270977754,-0.0395687153712999,0.120434500398294,0.30807494661336,0.1897097114425031,0.0962694083793233,0.3635065714227134,-0.2511030893651394
ocran,0.0028097601019059,1.0,-1,-0.0790165861340693,0.2517860748951235,-0.2595947406309299,0.1213893782909412,0.233996410763586,-0.1481744469155705,0.1573002677663554,0.1300667562701709,-0.1014559943617465,-0.1051080325992636,0.0740188244896087,-0.2964007020118614,-0.4214845596967398,0.3656391577284071,-0.2309881095115362,-0.4676840093030134,0.1071463964257584,0.1424290056701777
ocran,0.000916259884679,1.0,-1,-0.1227002196888428,0.2333952058234505,0.2271295591816555,0.1674218068099364,-0.2163761275485552,0.396817394208711,0.0975905559677867,0.273496811017053,0.0282690514870445,-0.1301926623373078,0.1524081858269994,0.1245180432274006,-0.0805334574456428,0.3452050743313388,0.5359579517251416,-0.1290784608139008,-0.1448442862840268,0.2349890434205216
ocran,0.0031416223744951,1.0,4,-0.3626267451945887,0.313880145426842,0.1747250082650457,0.1419182764417099,-0.0684958544529902,-0.1422336893135515,-0.2829417185455888,0.3239025870700265,-0.0605615555086168,-0.1742380485710259,0.3151673756044342,0.5143423676842858,0.1538022058949349,0.1341071581982607,0.2169293695720277,-0.0286140751647889,0.0004331338173762,0.1483177929257856
ocran,0.0003006235373276,1.0,-1,0.1398264255424657,-0.2266615343565166,-0.0445618544475932,-0.3186300259393748,-0.0709588786061264,0.1031772442277733,0.0250216442605325,-0.3229236543368579,0.0718879750289842,0.205317334545451,-0.2931912270301616,0.0738788177011282,-0.3175492596284076,-0.3105662184951877,0.0752346995127224,0.272764642202323,-0.323958984033881,-0.4288757232523817
ocran,-0.0037143281571523,2.0,-1,0.0024286043391597,-0.2567472577834444,0.3461128250644049,-0.1005575933263487,-0.2300782095192567,0.0229145440654902,-0.1030132127309739,-0.1329022723206556,0.19405341199224,0.070407960307448,-0.1216309302460948,0.1265161799023855,-0.1835154297809946,-0.3691056805852412,0.4413912006901525,0.4846578926783559,-0.1656025929186776,-0.1481829974049451
ocran,0.0007493498704588,2.0,4,-0.2870447371543543,0.1844962587629396,0.3041264005701932,0.1702505733867719,-0.159115773040657,0.1534830532816758,-0.3076529205235383,0.2918813800131785,0.1363981695349688,-0.0928801739822672,0.2794982282017752,0.5456654509109985,0.1148361474939988,0.1870206567087043,0.1800739223045372,-0.0846978774577072,-0.0366721857157978,0.202874080460351
ocran,0.0008712483026289,2.0,-1,0.048610342343051,-0.3496083310478531,0.3073455361392712,-0.3082309643747955,-0.3321833750674862,0.0278578269509174,-0.0666696602209994,-0.3123770771331962,0.366075306799603,0.2163659105671522,-0.2537953777867247,0.0895384229369309,-0.2620208974804439,-0.0967170846025049,0.3296903413572536,0.179993314991159,-0.0208925643101524,0.0019465039313124
ocran,-0.0033936723730177,3.0,-1,0.0105321067705773,-0.294610351622328,0.3026999763643947,-0.0948475407959069,-0.3350099854690013,0.1285747607574588,-0.0889524516332532,-0.1337022065510798,0.1274370218619035,0.0861482506238312,-0.1193538956333425,0.158719260562773,-0.1003487996395034,-0.3706511984291354,0.4538116039520974,0.4342606575582118,-0.1821624191045069,-0.1402034375270169
ocran,0.0055482200880729,3.0,4,-0.3266769762188748,0.3298395916871496,0.2188380775666756,0.072863553984681,-0.0291579610462518,-0.0119671970429897,-0.2413330809282612,0.2927624766142243,-0.1034724301117808,-0.1245816018286389,0.3033017314832595,0.2569554458540151,0.2882409435059983,0.3819591102747456,0.0300884803814145,-0.3799166613313166,-0.0133443922206731,0.1664423259897694
ocran,-0.0099263092561304,3.0,-1,-0.1582918111470923,-0.2984677099980088,0.0982917789522096,-0.1296032159287426,0.1103621226882292,-0.2560462922226861,-0.3712287659474408,-0.3595996990067157,-0.2762807020760393,0.1094955239826265,-0.4444764736336477,0.1065941785369638,0.0860389068836864,-0.2123536899713629,-0.1293163347632903,0.3441444496004268,0.1631465179131366,0.0550143839867262
ocran,0.0015249707178632,3.0,-1,-0.5233264096995945,-0.1311690982099099,-0.2158124474258559,-0.0681333907399486,0.3442160660728997,-0.2331194516632726,-0.3723664516136341,0.0048737192277172,-0.4379179450576095,-0.0007262957046789,0.1367725883433642,0.0698198270329732,0.0256056160950698,-0.1944578874996936,-0.2452214164173983,0.10986912287644,0.13166104192321,-0.0532347707706687
grims,0.0027605828510413,1.0,0,0.0611419269405754,0.2270430602420896,0.3201009352431563,0.0161287936989995,0.0995795185801033,-0.3027277415548559,-0.0573702392021408,0.2500268459528795,0.1621017329319407,0.5446685573868523,0.0545386925288042,0.1203531041148371,-0.1974282987901957,0.330048233554173,0.1128049373782024,-0.3214172011650531,-0.0132053067715029,-0.2647737978409105
grims,0.0006623978024061,1.0,2,0.2184883865708292,0.0806414495506159,0.1723916247845907,0.0772428919392985,-0.0755737579289699,0.2011264288720159,0.1292949038222515,0.1856171633219832,-0.1024138814811319,-0.046308159995274,-0.4519703362691245,0.3343139697323972,0.1064607297354438,0.3157112608958328,0.3368384922931791,-0.1791640290783191,-0.2980184932879565,-0.3724000742980471
grims,0.1102205235978103,1.0,-1,-0.0148745311312828,-0.0889837287901035,0.0428255379892398,0.0550912453961786,0.0562848723752779,0.0848720626392068,-0.0081490955039165,0.0405773321185247,-0.0222133705673029,-0.037318554768639,-0.1649531447543988,-0.939967744970854,0.0034874085513701,0.1069727077817978,0.1404325822575652,-0.0574080879608137,-0.0439303158627652,-0.1608421191149276
grims,-0.0015201140862369,1.0,0,-0.1205958114974188,0.1319072369485429,0.2919447508783896,0.0395257110642694,0.2442664803122201,-0.3815170535399749,-0.1712172898634149,0.1019733770849908,0.2054330120388119,0.0294495708467315,0.1530387455008628,0.0585711813881614,-0.2516796908255747,0.4492989303772948,0.0680407371064997,-0.4382165322498694,0.0202138343064043,-0.3226798720656192
grims,0.0082346046339744,2.0,0,-0.0411640037123824,0.1296509595401229,0.3088645903677668,0.0255056250074187,0.1262188568268366,-0.2669159688380202,-0.1518395617903688,0.1766454172835509,0.2012732897181207,0.7150091663997019,0.1411228663356401,0.0809519761466845,-0.1565517145226548,0.2343359316057678,0.0341237867045308,-0.1753248872658326,0.0256704598092835,-0.2319745041392932
grims,0.0030965358880914,2.0,2,0.3527268287491064,0.3590841425319951,0.2740539615884955,0.037156507579342,-0.0646973110660807,0.0338628412519566,0.1576034111060755,0.3428434194374248,0.0996467243385682,-0.1038796166257374,-0.1027082054480167,0.1476499017029906,-0.0447040973033015,0.3024757500236314,0.2297698334861145,-0.3093050110499493,-0.309613685636809,-0.3627105648043314
grims,0.001595454668083,2.0,2,0.1689858365815854,-0.2663794064886565,-0.1077777538083884,-0.2408597902431546,-0.2732476695070607,0.2639540230485309,0.2955671748073139,-0.2469286642488521,-0.0277243104780983,-0.076768638919157,-0.1370565672370062,-0.124026432710743,0.2894392837247611,-0.2810597789844188,0.3112362288542524,0.4261434151104419,-0.1932258114008914,0.137059651167762
grims,0.0046233352048857,3.0,0,-0.2556224667185613,0.2303684211367072,0.1093231983527547,0.0346591130480599,0.2565369400996514,-0.226565977306961,-0.3379492975026658,0.1972216384805496,0.1070244272115511,0.3477246904148016,0.2661748715054254,0.0814291237834664,-0.2607705658134864,0.2525664034482719,-0.3118780926032017,-0.1672848934846784,0.2258246643159069,-0.2833704201255467
grims,0.0114896698268015,3.0,2,0.2699721248548462,0.4545036609897702,0.3325046687794289,0.0079794337697432,0.0032271691208513,0.1273404192309865,0.117190365051169,0.3353258867560186,0.1936123167552141,-0.0738965353855947,-0.1248500017898568,0.2201986150567523,-0.1600902862408898,0.2232013261246811,0.0050010934864779,-0.3994291226366122,-0.0705572699065978,-0.3471301537870339
grims,0.0004779333059511,3.0,10,0.0169664387229279,0.3223707981017464,0.060214954667528,0.240844795529557,0.2851661268277406,-0.1409153630604502,-0.1377474436697867,0.4184072515396747,0.1881210681785636,-0.0173873442301265,-0.0672278735478989,0.4001933152447088,-0.3159632385999186,0.1144963312261927,-0.2001374760911226,-0.3679083325278715,0.1885013379293646,-0.1211969096231533
grims,0.0026927980076053,3.0,2,0.2784733694779492,-0.1601601833557604,0.0630458393881464,-0.0763615081058319,-0.3599368350158955,0.3263169237031977,0.42547104971977,-0.1482100323377753,-0.0301149541484276,-0.0081817104753364,-0.303754059804302,0.0071079243689763,0.2659680583157935,-0.1755764269640324,0.4446795433838105,0.1433880470477204,-0.1747376358006569,0.0653918259562018
grims,0.0044686254292049,4.0,0,-0.3761463857256587,0.090114220823067,0.0820574437524235,0.0290079460116742,0.2377677889254947,-0.2693477963061075,-0.3700494951677709,0.1409750172882706,0.0806412597202455,0.295660610117043,0.2487723380065597,0.0686791507332527,-0.3851032479643757,0.1027578895356443,-0.3209435180015115,-0.0750380838133003,0.264967504845408,0.2422735161141633
grims,0.0009515143098336,4.0,2,0.1640661355285392,0.3606640666746645,0.2112929274256996,0.2467808081394675,-0.053760341270701,-0.0574544846816911,-0.0027506282574434,0.3837926835523662,-0.2171148065445439,0.0240653755553623,-0.1891164480240146,0.223792853428893,0.0983227112234275,0.4433174860074318,-0.0631868457646673,-0.296707200876203,-0.3062277777981842,-0.2416515853063781
grims,-0.0006739108115328,4.0,0,-0.3876127345179172,0.195582110264913,0.0857625045617408,0.0201615463934897,0.3165950363107451,-0.2932299323063401,-0.3952183900109807,0.1233526563229739,0.1090500913363267,-0.0676204062893365,0.2617993431014105,0.0205269620274497,-0.2601506857190988,0.0640688059234423,-0.338209967459766,-0.0839740251452693,0.3759550967294995,0.1616320150746804
grims,0.0044028176049048,5.0,0,-0.2925842433104097,0.2020356819316699,0.1846202213216675,0.0290856089920245,0.2674681178470577,-0.2692861802283573,-0.3551754433633348,0.2053176971146669,0.1057400452870488,0.3538470325294614,0.2604779554112759,0.105909296504801,-0.2703345476540973,0.0384875579581934,-0.2847456606975393,-0.0616296690566148,0.3337279328918505,0.2000433139853609
grims,0.0232279417541124,5.0,2,0.3615748147632435,0.5102715952838289,0.2881953613793319,0.0320224792660552,-0.0434289663229491,0.1750402853863192,0.1605114489900028,0.3466969817364268,0.1787467293179576,-0.0690774757857599,-0.1774061218391725,0.2370146071935608,-0.131320373845886,0.0708746928480171,-0.0729556470824875,-0.3314654865228455,-0.0330259999188587,0.2887816239263544
grims,-0.0010999726344482,5.0,10,0.0487554013625724,0.4189182630030253,0.0548050659637917,0.35824183063823,0.1782295038805195,-0.1899467244209904,-0.2185130551483655,0.4484396298145424,-0.1009879676331037,0.0545880018741949,-0.0221393637334535,0.2500889681430568,-0.1137780175470345,0.3124744205368273,-0.2479231475024554,-0.2897720885608207,-0.0788706698639618,-0.1887986429487876
grims,-0.0013403216509427,5.0,0,-0.4006139567422574,0.1607542608058817,0.0845884655561788,0.0206785495874891,0.349529131087206,-0.3074946167360942,-0.4107028358682615,0.0891034874328008,0.1165360716124024,-0.0506005049164197,0.2703694423523843,0.0173735782267163,-0.2691396335645518,-0.0057178666462298,-0.2841568015348708,-0.0074092227185811,0.3794145030469656,0.1611743811381715
grims,0.0037474372393547,6.0,0,-0.3946078253367752,0.1109597375383646,0.1294841761774812,0.0319906714885684,0.3085670852124444,-0.3258648099526804,-0.392776609281106,0.1571151573982704,0.1083433978819521,-0.0723114440969674,0.2604336151771579,0.100894405096947,-0.3108839582671792,-0.0321015369294427,-0.2477500730191267,0.0276957207582925,0.3867657403151165,0.1715694278217712
grims,0.0138940011859356,6.0,2,0.497529661628818,0.3838590735387354,0.1929637527449688,0.068777523457722,-0.1459079894109086,0.2274622654264901,0.2112325519250056,0.2597225375124308,0.1184755503615287,-0.0033325416315252,-0.2459955694389329,0.26702560121929,0.0699858800406715,-0.1043324907609297,0.2119388998056265,0.014447643175129,-0.141201178395814,0.3890191879436248
grims,-0.0004609605478715,6.0,2,0.1149501343649901,-0.188595298158213,-0.3564659276089117,-0.0017444868281084,-0.360356796633536,0.1353465434340248,0.1757568195083814,-0.2000585708373834,-0.425020999160867,-0.029289837653519,-0.1953943670413977,-0.1552616492422722,0.34231418444853,-0.3603463320530924,-0.023627743492181,0.2259414977971212,-0.1560636901014083,0.1956517610510892
grims,0.0004298213290399,6.0,2,0.287520535005795,0.0142219955999233,-0.4613657983593731,0.0415225195157987,-0.31807082006545,0.1074453097281643,0.1445518699459402,0.0836537433392624,-0.4227032312314326,-0.0530025539380189,-0.2678504616107545,0.0251755813532781,0.3579355286204076,-0.1502456009046968,-0.2352245796425483,0.023037250304654,-0.2804562067077082,0.1512179461561928
grims2,-0.0011989130980867,1.0,-1,-0.1794203766996996,-0.1767997181599502,-0.0068223658923971,-0.0435000654238011,0.0524708325295424,-0.0546643144597145,-0.0301935574691014,-0.2020016140784568,0.0674593650682948,-0.0593786004311715,0.1045786896175146,-0.1781163107556114,-0.0623536816131867,-0.4643171217520803,-0.0136141488664085,0.5454499426755361,0.3054780704847528,0.4753091571205903
grims2,0.0367108891949957,1.0,2,0.1184495594260026,-0.3785623889203204,-0.0987700540014957,-0.3507928512189631,-0.212139924518086,0.2037079545291348,0.4489957449021945,-0.4371274862301569,0.0150462090477068,-0.0847461269153055,-0.226608387567977,-0.010878550950679,0.3122318889209676,-0.0821333319939757,0.2167670246418937,-0.109933279982662,0.0007169642055739,0.0921127390748907
grims2,0.0008075503073783,1.0,2,0.2241317096596798,-0.3872005108932519,-0.1458109827733424,0.2074024223744371,-0.1835610961980971,0.289035982351709,0.3437952796131494,-0.2791177144412827,-0.0475454228603816,-0.1059608922795734,-0.158210004821449,0.1264136827564395,0.3589429645543263,0.1355963999458161,0.3579264845797537,-0.185670370319177,-0.206656219484848,-0.1233230700306284
grims2,0.0024596278394746,1.0,2,0.2342504380555948,-0.17799249819821,-0.1587037707291237,-0.0170494484783338,-0.2745918861410052,0.2276950450807223,0.2519030355873057,-0.0817145049233746,-0.1905618254171711,0.0271228127848125,-0.2146963818258993,-0.0219842687818493,0.2444957522811679,-0.3620601285882446,0.2634757617916476,0.3426212584539312,-0.1245569769973808,0.4623563999152335
grims2,0.0052896099094501,2.0,0,-0.287570262553219,0.2471273389056717,0.2282419307083193,0.0131104324152558,0.2097807854252816,-0.1898005340336835,-0.293628652870935,0.1741879469447263,0.1957789784906383,0.2514240132493923,0.2177958371310508,0.0923297665061895,-0.3200446238805531,0.3452120953660749,-0.2929444145797749,-0.2337537040345643,0.2378983930007678,0.1766851319115273
grims2,0.0038759896590212,2.0,2,0.3839939687329394,0.1974214268895101,-0.1512618620382637,0.0255110157250538,-0.106559753556543,0.0782743185489563,0.1464663816327344,0.1950040146560023,-0.1507711849305639,-0.06245238748713,-0.1592418966589339,0.1026372205303815,0.1471777984823504,0.1963270361227002,0.0351216182088394,-0.1952695423682926,-0.3078897667098698,-0.6754195443458696
grims2,0.0053797400114958,2.0,2,0.0140129143140519,-0.3192443999689875,-0.2411616581623648,0.1745795084729799,-0.0840892718129338,0.092594784872876,0.1512011027438345,-0.3987626521551237,-0.1158979670797186,-0.0600039698975551,0.2145790375703827,-0.5083357574538484,0.2008276294002224,-0.0823153702616724,0.1730359636230106,0.3221456310250996,-0.2582168907624495,-0.2067522246562504
grims2,0.0034123558787594,2.0,2,-0.078593984756495,-0.445409453738917,-0.1978849563977348,0.2299968460295199,-0.0121736723535285,0.332015264237507,0.2741470488240171,-0.4492131216816741,0.3197561713574952,-0.1031500096527564,-0.0835620317593675,-0.0280863187539526,-0.0032920016270584,0.0314213146720664,0.3600383117617681,0.1173249317063462,0.0529183775537184,0.2195414022408202
grims2,-0.0041849108072977,2.0,0,-0.340986812899854,0.1479100005686019,0.1625660270225652,0.0170286806595796,0.3271897048758014,-0.2827611972531337,-0.3107743324905,0.0955913995528437,0.2331394839147989,-0.070537322877186,0.2467932856912361,0.0192779749818413,-0.3146834628698985,0.2690065466708707,-0.3196463495892194,-0.2346814213471624,0.2774685071663804,0.1271664389089809
grims2,0.0047090632851182,3.0,0,-0.3170642608783792,0.1549667420140833,0.246676339242242,0.0105587126690713,0.262040451613198,-0.238559327705537,-0.2921895574396936,0.1323776486657866,0.2252853779870513,0.3738900395552301,0.2406200943880791,0.0575825435677352,-0.2948077564077175,0.2129727415477407,-0.2700762246808583,-0.1794569708346662,0.3015849257066276,0.0767531559905534
grims2,0.0073313029756022,3.0,2,0.4693261102739067,0.1280201449917478,-0.3718335892257097,0.0452922766151639,-0.2448657404637093,0.1005634878367372,0.1680801023145081,0.2216927584491687,-0.2389842140780186,-0.0526110033916435,-0.3537816220747167,0.2931155650974072,0.1948034585734862,0.0876492030286589,-0.0421032298072278,-0.0834333416647461,-0.308287988585231,0.2349378405124059
grims2,-0.0021202532349494,3.0,2,0.0902321031577129,-0.3377773245891244,-0.2770589808922817,-0.143501746699086,-0.3062637289897125,0.1886499337626225,0.1875163521732749,-0.3573380203914413,-0.3374267212238257,-0.0337622628084174,-0.0544718201991994,-0.3138794563257324,0.3615241217515424,-0.1244563216595566,-0.0590803846320124,0.2497450952002127,-0.219157637833303,0.1077250567960264
grims2,0.003202984150748,3.0,2,0.2550154759410351,-0.2553004918370019,-0.261890192004625,0.0430027660836104,-0.3449649856431831,0.2840639873091667,0.3668542120875016,-0.1999650744658788,-0.2607265749786414,-0.0218346923488629,-0.2652935196616497,-0.0431038780703223,0.3192268959045578,-0.2104212193730695,0.256083631859141,0.1691465455399523,-0.2062355557712036,-0.0386359827357512
grims2,0.005712478932396,4.0,0,-0.2547765243127558,0.1366734284130434,0.2133721512593477,0.01374659450616,0.2201788440545977,-0.240212176420672,-0.2560813355068236,0.1737535042575246,0.1831489799727083,0.5267543608222788,0.2285781827101237,0.1366219076392813,-0.2607310501351641,0.1912784766332323,-0.2734827988555922,-0.1927377363713127,0.2525797617424548,0.0806940139989839
grims2,0.0168050127055163,4.0,2,0.45969767389827,0.1271696206194544,-0.2918718937925729,0.0311652782327924,-0.1499521527780637,-0.4200869402678295,0.1799823920509248,0.2767598703561581,-0.1787741986892876,-0.0748337969424029,-0.3121638893286108,0.2762443450459432,0.1338918088861985,0.0312398743786985,-0.0514707730546121,-0.1677855443828835,-0.2747044076039684,0.2047262953949418
grims2,0.0021347880190491,4.0,2,0.1731580187078127,-0.307422270790468,-0.2842452310890212,0.086021812868301,-0.2556417548005144,0.3067446416679086,0.3237701951175172,-0.3115882866507012,-0.1835078039760165,-0.0488530098151157,-0.1232427057481087,-0.2001133591557041,0.2890224592536561,-0.1925061099879067,0.275218667396799,0.2721137439359841,-0.253491021149243,0.0040030359841922
grims2,0.0054748541196615,5.0,0,-0.2802091498785145,0.1197602070572432,0.296902293399836,0.0127765320657177,0.2774650027284003,-0.3035770958862662,-0.3057059851194266,0.1135824809874189,0.2338089120028549,0.3001079487651554,0.2662031111747839,0.059033323678536,-0.2664843558701706,0.121092287029352,-0.3056461630779682,-0.1673501046463799,0.3374930576472459,0.0569054741007422
grims2,0.0071663214131591,5.0,2,0.4790555765332679,0.2400551308565987,-0.3020928763443699,0.0232286824150949,-0.1793321771930325,-0.0166587778906507,0.1538721104920573,0.2996626800256631,-0.2094447891299959,-0.0764781354165637,-0.31775971539763,0.297323021613116,0.2010703766719312,-0.0319190244808756,0.1424040248454635,-0.094164577878247,-0.3499428790957157,0.2074258043806984
grims2,-0.0015316998587883,5.0,2,0.0267750919066504,-0.3093031573839223,-0.1158380490677268,-0.2392233087087846,-0.181956795199607,0.1803442898447566,0.0978881029674608,-0.3426285454855853,-0.2795506923793345,-0.040250081240707,0.0824018370690218,-0.4481695051989843,0.2776139930022465,-0.3545767651185518,0.1875207875005315,0.2970345031927016,-0.1480639036977479,0.0695296158943469
grims2,0.0014144233355878,5.0,2,0.2709204191839486,-0.2368077254908004,-0.2225302832718622,-0.1030053633814067,-0.3341453782797043,0.3054609407898435,0.3803256173365537,-0.2157440539912122,-0.2014359727404635,-0.0881707351820156,-0.3091608820601351,-0.0485354593204234,0.278510535785398,-0.1801401218309201,0.2755779266229994,0.1466648044827886,-0.2361419778306771,-0.0687004937346306
grims2,0.0043704501131078,6.0,0,-0.2744435369918656,0.125390099625152,0.3000432975497064,0.0094270563008424,0.2972385063584976,-0.2598604175844151,-0.2870316255144521,0.1294836818975532,0.2172764497408879,0.4537425404330032,0.2731532562203917,0.0781667888453164,-0.2481853532586355,0.0197583113671922,-0.2045685219700236,-0.0923325415504904,0.3395593632891869,0.048345392658197
grims2,0.0054992994011623,6.0,2,0.5600717646062053,0.0687477058677646,-0.200600313361794,0.0724695712993494,-0.333006844859138,0.307753989413301,0.1964102289016654,0.1549980175499589,-0.2199607429021665,-0.1027882205498496,-0.1668045573009407,0.1494657081968639,0.2482979875971583,-0.2839073026995888,0.2586853976154932,-0.0655775501666933,-0.1495696632966994,0.1514490687299289
grims2,0.0013977999220873,6.0,2,0.2221387146991611,-0.3202462375300989,-0.2331351270829181,-0.1528303413582967,-0.345353777757782,0.2442255592253904,0.3348999576907055,-0.2523659432562749,-0.2919775381346525,0.1315290950280533,-0.2346710053391055,-0.0850204587391405,0.3327335113474977,-0.2616909607226883,0.1921350847837196,0.1307572312346636,-0.1318580845670204,-0.0135033121540571
grims2,0.003239345293209,7.0,0,-0.3735732262426979,0.1794345718777703,0.2817466575823117,0.0079242309103373,0.2675584255982796,-0.2067955252898086,-0.3182721325176165,0.164492317576353,0.2208401793342874,0.2096371883549741,0.2549127273806238,0.0938365997342126,-0.33382616281492,0.1193042311988849,-0.2983947239049447,-0.1064002984078024,0.3282567426182522,0.0761922654615959
grims2,-0.0015760751560708,7.0,2,0.2891837243346996,0.0914492005074879,-0.2619133344221385,0.0394384488984021,-0.0814546416298831,-0.3506500319672956,0.0607776901721316,0.1463888200726884,-0.3014344970865006,0.008014980018767,-0.6049429973439479,0.2077766381303535,0.1903888661325267,-0.1176916457802508,-0.0039176858398712,-0.0054073656454567,-0.3362967058678346,0.1408845274564543
grims2,0.0039924253836009,7.0,-1,0.1383489788864579,-0.0630915374050161,-0.157639097035984,0.0422298526935405,-0.0971936914284171,-0.1732858530436039,0.0441100318082847,0.0017553255434618,-0.2853037177721314,0.0386964985410134,-0.4107569921888102,-0.7308434455569295,0.1772594069498684,-0.1270110579186227,-0.0335824930654755,0.0119027419965136,-0.2423375409056991,0.1245932102429772
grims2,-0.00315040512494,7.0,0,-0.3303415286118826,0.2211185904093598,0.2303790171455542,0.0064687309757553,0.2926131877724695,-0.2440426685512824,-0.30479489221687,0.1218130402095975,0.2401336568118924,-0.0874584133448316,0.2427537990518115,0.0345344667319646,-0.319606153192395,0.2580670319333679,-0.060599813780469,0.1347031772742913,0.2024313590047564,-0.4230478157710951
grims2,0.0041851923844142,8.0,0,-0.2591076081689105,0.263876733853101,0.3069262929538237,0.0005177582222688,0.2142606076279369,-0.2006883177042144,-0.2443054973151905,0.1780756625658049,0.2061873037643258,0.3311283204819745,0.1848875671712194,0.1119704507284448,-0.2907337174805162,0.3125893400394566,0.0943532579576871,0.0852554234692977,0.1428000200553092,-0.4168545903038614
grims2,0.0013331506516757,8.0,2,0.3620977567953667,0.2582796054810181,-0.1120572141772851,0.0202000363706702,-0.18385297684991,0.1856730590144696,0.0997552510811306,0.1859941020394412,-0.1616223386947889,-0.0484026407314218,-0.1996125890831676,0.1066786956864783,0.1870308992910349,0.0529925752862069,0.2581638044364273,0.1036043244237498,-0.3683398359533893,-0.5880945028490402
grims2,0.0017578159263324,8.0,2,0.2062456544334887,-0.3006336768176727,-0.2311577595213546,-0.1355701129162171,-0.3480714395995328,0.2464649023551408,0.2991968208918134,-0.2574464797954718,-0.301991647724995,-0.022506647584317,-0.2111508283921049,-0.1375517858208457,0.3499183321141993,-0.2472967624481135,0.1471652437567941,0.2381901898297447,-0.2007542813255563,0.0083185879682472
grims2,0.0034170825491261,9.0,0,-0.3733920497260051,0.1330086567477481,0.3098119853553898,0.0086669654818308,0.2723917103709159,-0.2793822694750175,-0.3192681317135047,0.128405181137508,0.238525927569163,0.2861383317853194,0.2716699578606327,0.0836946723579795,-0.3227766883967501,0.0414126510167204,-0.1112318281251566,-0.0224392623288623,0.3685235674418233,0.0446338405379179
grims2,0.0009565384487104,9.0,2,0.1447375261257924,-0.3452764681438885,-0.1074306898941919,-0.1591996242752099,-0.24265321453763,0.2445330212011333,0.3102270628938281,-0.355960460038993,-0.0933466180325186,-0.0428387967327578,-0.1521280445072851,-0.1856242718158642,0.2503227568759841,-0.3859811717774919,0.3342415512890111,0.2903806369813579,-0.0726580687583256,0.0146675710281392
grims2,0.0046459188026299,10.0,0,-0.3630907275296821,0.1001485111980544,0.3335721434039682,0.0061857398085128,0.2717387687502564,-0.2850178032600258,-0.3092020568155498,0.0918987566703688,0.237262629042064,0.4081249901793557,0.2844460448299915,0.0802540855850837,-0.2548840565149567,0.0750515309239483,-0.0554549846604657,0.0110325462888465,0.3204010239870059,0.0321888873204355
grims2,0.0134531644801629,10.0,2,0.5202074596443012,0.2678174033165695,-0.1559424260053131,0.0463262727967085,-0.1829670642780061,0.3234219347033308,0.2042319013044023,0.2532900664748099,-0.1429573175734056,-0.054195454935034,-0.2866204493086045,0.133222378411403,0.0693455650115845,-0.1040715340342818,0.247390781653701,-0.0121511545330367,-0.360951948267226,0.2381163074823946
grims2,-8.977264837394203e-06,10.0,2,0.0344868516660572,-0.3139032347977868,-0.1008509242804675,-0.0932143943542523,-0.0614441732609533,0.149978056746882,0.1092651688589988,-0.3378157147611326,-0.056944764810504,-0.0438956366619077,0.2169309452312283,-0.5033623861674487,0.1405115347025584,-0.2907254323951144,0.3527355191340975,0.4124994438849089,-0.1135534874966588,0.1083922747567944
grims2,0.00418529789426,10.0,2,0.0086657096458768,-0.3764297245000703,-0.0471922787651996,-0.3666580960266581,-0.0525154384398709,-0.0354875620374729,0.2713776607402524,-0.3960177775130407,0.3362573890166048,-0.0959469040166507,-0.1107119515463556,-0.0764323051884355,0.0593208747295231,-0.3081761783157605,0.4195820241468762,0.2378219285424985,0.1097463663772429,0.0595746423988795
grims2,0.0024040224040821,10.0,2,0.0943255932229611,-0.3553819112691737,-0.0037121088683662,0.1752938393321008,-0.1501728221523756,-0.1723811910575487,0.2910701954668885,-0.2828013500847319,0.185818072379857,-0.1059107236004615,-0.1413859296821711,-0.0668734468537653,0.2383822885238491,-0.372782835600856,0.4761738845506126,0.3310577393912569,-0.0510687747408311,0.1102252539468312
grims2,-0.0023593456751811,10.0,2,0.1122428782676244,0.0482137746158815,-0.5173480494192937,0.0179299851134264,-0.323828391596935,0.105121088236285,-0.0070222506659235,0.0188616815157657,-0.4765425254663704,-0.0454147411721415,-0.2612200539742889,-0.0556175788820669,0.2319339598125251,-0.0698249160050568,-0.4117976603161603,0.0050732749100577,-0.261670577156671,0.0596506704855083
