Username,Adjective,LogNumber,Label,1,2,3,4,5,6,7,8,9,10,11,12,13,14,15,16,17,18
grims2,-0.0011989130980867,1.0,-1,-0.1794203766996996,-0.1767997181599502,-0.0068223658923971,-0.0435000654238011,0.0524708325295424,-0.0546643144597145,-0.0301935574691014,-0.2020016140784568,0.0674593650682948,-0.0593786004311715,0.1045786896175146,-0.1781163107556114,-0.0623536816131867,-0.4643171217520803,-0.0136141488664085,0.5454499426755361,0.3054780704847528,0.4753091571205903
grims2,0.0367108891949957,1.0,0,0.1184495594260026,-0.3785623889203204,-0.0987700540014957,-0.3507928512189631,-0.212139924518086,0.2037079545291348,0.4489957449021945,-0.4371274862301569,0.0150462090477068,-0.0847461269153055,-0.226608387567977,-0.010878550950679,0.3122318889209676,-0.0821333319939757,0.2167670246418937,-0.109933279982662,0.0007169642055739,0.0921127390748907
grims2,0.0008075503073783,1.0,0,0.2241317096596798,-0.3872005108932519,-0.1458109827733424,0.2074024223744371,-0.1835610961980971,0.289035982351709,0.3437952796131494,-0.2791177144412827,-0.0475454228603816,-0.1059608922795734,-0.158210004821449,0.1264136827564395,0.3589429645543263,0.1355963999458161,0.3579264845797537,-0.185670370319177,-0.206656219484848,-0.1233230700306284
grims2,0.0024596278394746,1.0,0,0.2342504380555948,-0.17799249819821,-0.1587037707291237,-0.0170494484783338,-0.2745918861410052,0.2276950450807223,0.2519030355873057,-0.0817145049233746,-0.1905618254171711,0.0271228127848125,-0.2146963818258993,-0.0219842687818493,0.2444957522811679,-0.3620601285882446,0.2634757617916476,0.3426212584539312,-0.1245569769973808,0.4623563999152335
grims2,0.0052896099094501,2.0,1,-0.287570262553219,0.2471273389056717,0.2282419307083193,0.0131104324152558,0.2097807854252816,-0.1898005340336835,-0.293628652870935,0.1741879469447263,0.1957789784906383,0.2514240132493923,0.2177958371310508,0.0923297665061895,-0.3200446238805531,0.3452120953660749,-0.2929444145797749,-0.2337537040345643,0.2378983930007678,0.1766851319115273
grims2,0.0038759896590212,2.0,0,0.3839939687329394,0.1974214268895101,-0.1512618620382637,0.0255110157250538,-0.106559753556543,0.0782743185489563,0.1464663816327344,0.1950040146560023,-0.1507711849305639,-0.06245238748713,-0.1592418966589339,0.1026372205303815,0.1471777984823504,0.1963270361227002,0.0351216182088394,-0.1952695423682926,-0.3078897667098698,-0.6754195443458696
grims2,0.0053797400114958,2.0,0,0.0140129143140519,-0.3192443999689875,-0.2411616581623648,0.1745795084729799,-0.0840892718129338,0.092594784872876,0.1512011027438345,-0.3987626521551237,-0.1158979670797186,-0.0600039698975551,0.2145790375703827,-0.5083357574538484,0.2008276294002224,-0.0823153702616724,0.1730359636230106,0.3221456310250996,-0.2582168907624495,-0.2067522246562504
grims2,0.0034123558787594,2.0,-1,-0.078593984756495,-0.445409453738917,-0.1978849563977348,0.2299968460295199,-0.0121736723535285,0.332015264237507,0.2741470488240171,-0.4492131216816741,0.3197561713574952,-0.1031500096527564,-0.0835620317593675,-0.0280863187539526,-0.0032920016270584,0.0314213146720664,0.3600383117617681,0.1173249317063462,0.0529183775537184,0.2195414022408202
grims2,-0.0041849108072977,2.0,1,-0.340986812899854,0.1479100005686019,0.1625660270225652,0.0170286806595796,0.3271897048758014,-0.2827611972531337,-0.3107743324905,0.0955913995528437,0.2331394839147989,-0.070537322877186,0.2467932856912361,0.0192779749818413,-0.3146834628698985,0.2690065466708707,-0.3196463495892194,-0.2346814213471624,0.2774685071663804,0.1271664389089809
grims2,0.0047090632851182,3.0,1,-0.3170642608783792,0.1549667420140833,0.246676339242242,0.0105587126690713,0.262040451613198,-0.238559327705537,-0.2921895574396936,0.1323776486657866,0.2252853779870513,0.3738900395552301,0.2406200943880791,0.0575825435677352,-0.2948077564077175,0.2129727415477407,-0.2700762246808583,-0.1794569708346662,0.3015849257066276,0.0767531559905534
grims2,0.0073313029756022,3.0,0,0.4693261102739067,0.1280201449917478,-0.3718335892257097,0.0452922766151639,-0.2448657404637093,0.1005634878367372,0.1680801023145081,0.2216927584491687,-0.2389842140780186,-0.0526110033916435,-0.3537816220747167,0.2931155650974072,0.1948034585734862,0.0876492030286589,-0.0421032298072278,-0.0834333416647461,-0.308287988585231,0.2349378405124059
grims2,-0.0021202532349494,3.0,0,0.0902321031577129,-0.3377773245891244,-0.2770589808922817,-0.143501746699086,-0.3062637289897125,0.1886499337626225,0.1875163521732749,-0.3573380203914413,-0.3374267212238257,-0.0337622628084174,-0.0544718201991994,-0.3138794563257324,0.3615241217515424,-0.1244563216595566,-0.0590803846320124,0.2497450952002127,-0.219157637833303,0.1077250567960264
grims2,0.003202984150748,3.0,0,0.2550154759410351,-0.2553004918370019,-0.261890192004625,0.0430027660836104,-0.3449649856431831,0.2840639873091667,0.3668542120875016,-0.1999650744658788,-0.2607265749786414,-0.0218346923488629,-0.2652935196616497,-0.0431038780703223,0.3192268959045578,-0.2104212193730695,0.256083631859141,0.1691465455399523,-0.2062355557712036,-0.0386359827357512
grims2,0.005712478932396,4.0,1,-0.2547765243127558,0.1366734284130434,0.2133721512593477,0.01374659450616,0.2201788440545977,-0.240212176420672,-0.2560813355068236,0.1737535042575246,0.1831489799727083,0.5267543608222788,0.2285781827101237,0.1366219076392813,-0.2607310501351641,0.1912784766332323,-0.2734827988555922,-0.1927377363713127,0.2525797617424548,0.0806940139989839
grims2,0.0168050127055163,4.0,0,0.45969767389827,0.1271696206194544,-0.2918718937925729,0.0311652782327924,-0.1499521527780637,-0.4200869402678295,0.1799823920509248,0.2767598703561581,-0.1787741986892876,-0.0748337969424029,-0.3121638893286108,0.2762443450459432,0.1338918088861985,0.0312398743786985,-0.0514707730546121,-0.1677855443828835,-0.2747044076039684,0.2047262953949418
grims2,0.0021347880190491,4.0,0,0.1731580187078127,-0.307422270790468,-0.2842452310890212,0.086021812868301,-0.2556417548005144,0.3067446416679086,0.3237701951175172,-0.3115882866507012,-0.1835078039760165,-0.0488530098151157,-0.1232427057481087,-0.2001133591557041,0.2890224592536561,-0.1925061099879067,0.275218667396799,0.2721137439359841,-0.253491021149243,0.0040030359841922
grims2,0.0054748541196615,5.0,1,-0.2802091498785145,0.1197602070572432,0.296902293399836,0.0127765320657177,0.2774650027284003,-0.3035770958862662,-0.3057059851194266,0.1135824809874189,0.2338089120028549,0.3001079487651554,0.2662031111747839,0.059033323678536,-0.2664843558701706,0.121092287029352,-0.3056461630779682,-0.1673501046463799,0.3374930576472459,0.0569054741007422
grims2,0.0071663214131591,5.0,0,0.4790555765332679,0.2400551308565987,-0.3020928763443699,0.0232286824150949,-0.1793321771930325,-0.0166587778906507,0.1538721104920573,0.2996626800256631,-0.2094447891299959,-0.0764781354165637,-0.31775971539763,0.297323021613116,0.2010703766719312,-0.0319190244808756,0.1424040248454635,-0.094164577878247,-0.3499428790957157,0.2074258043806984
grims2,-0.0015316998587883,5.0,0,0.0267750919066504,-0.3093031573839223,-0.1158380490677268,-0.2392233087087846,-0.181956795199607,0.1803442898447566,0.0978881029674608,-0.3426285454855853,-0.2795506923793345,-0.040250081240707,0.0824018370690218,-0.4481695051989843,0.2776139930022465,-0.3545767651185518,0.1875207875005315,0.2970345031927016,-0.1480639036977479,0.0695296158943469
grims2,0.0014144233355878,5.0,0,0.2709204191839486,-0.2368077254908004,-0.2225302832718622,-0.1030053633814067,-0.3341453782797043,0.3054609407898435,0.3803256173365537,-0.2157440539912122,-0.2014359727404635,-0.0881707351820156,-0.3091608820601351,-0.0485354593204234,0.278510535785398,-0.1801401218309201,0.2755779266229994,0.1466648044827886,-0.2361419778306771,-0.0687004937346306
grims2,0.0043704501131078,6.0,1,-0.2744435369918656,0.125390099625152,0.3000432975497064,0.0094270563008424,0.2972385063584976,-0.2598604175844151,-0.2870316255144521,0.1294836818975532,0.2172764497408879,0.4537425404330032,0.2731532562203917,0.0781667888453164,-0.2481853532586355,0.0197583113671922,-0.2045685219700236,-0.0923325415504904,0.3395593632891869,0.048345392658197
grims2,0.0054992994011623,6.0,0,0.5600717646062053,0.0687477058677646,-0.200600313361794,0.0724695712993494,-0.333006844859138,0.307753989413301,0.1964102289016654,0.1549980175499589,-0.2199607429021665,-0.1027882205498496,-0.1668045573009407,0.1494657081968639,0.2482979875971583,-0.2839073026995888,0.2586853976154932,-0.0655775501666933,-0.1495696632966994,0.1514490687299289
grims2,0.0013977999220873,6.0,0,0.2221387146991611,-0.3202462375300989,-0.2331351270829181,-0.1528303413582967,-0.345353777757782,0.2442255592253904,0.3348999576907055,-0.2523659432562749,-0.2919775381346525,0.1315290950280533,-0.2346710053391055,-0.0850204587391405,0.3327335113474977,-0.2616909607226883,0.1921350847837196,0.1307572312346636,-0.1318580845670204,-0.0135033121540571
grims2,0.003239345293209,7.0,1,-0.3735732262426979,0.1794345718777703,0.2817466575823117,0.0079242309103373,0.2675584255982796,-0.2067955252898086,-0.3182721325176165,0.164492317576353,0.2208401793342874,0.2096371883549741,0.2549127273806238,0.0938365997342126,-0.33382616281492,0.1193042311988849,-0.2983947239049447,-0.1064002984078024,0.3282567426182522,0.0761922654615959
grims2,-0.0015760751560708,7.0,0,0.2891837243346996,0.0914492005074879,-0.2619133344221385,0.0394384488984021,-0.0814546416298831,-0.3506500319672956,0.0607776901721316,0.1463888200726884,-0.3014344970865006,0.008014980018767,-0.6049429973439479,0.2077766381303535,0.1903888661325267,-0.1176916457802508,-0.0039176858398712,-0.0054073656454567,-0.3362967058678346,0.1408845274564543
grims2,0.0039924253836009,7.0,-1,0.1383489788864579,-0.0630915374050161,-0.157639097035984,0.0422298526935405,-0.0971936914284171,-0.1732858530436039,0.0441100318082847,0.0017553255434618,-0.2853037177721314,0.0386964985410134,-0.4107569921888102,-0.7308434455569295,0.1772594069498684,-0.1270110579186227,-0.0335824930654755,0.0119027419965136,-0.2423375409056991,0.1245932102429772
grims2,-0.00315040512494,7.0,1,-0.3303415286118826,0.2211185904093598,0.2303790171455542,0.0064687309757553,0.2926131877724695,-0.2440426685512824,-0.30479489221687,0.1218130402095975,0.2401336568118924,-0.0874584133448316,0.2427537990518115,0.0345344667319646,-0.319606153192395,0.2580670319333679,-0.060599813780469,0.1347031772742913,0.2024313590047564,-0.4230478157710951
grims2,0.0041851923844142,8.0,1,-0.2591076081689105,0.263876733853101,0.3069262929538237,0.0005177582222688,0.2142606076279369,-0.2006883177042144,-0.2443054973151905,0.1780756625658049,0.2061873037643258,0.3311283204819745,0.1848875671712194,0.1119704507284448,-0.2907337174805162,0.3125893400394566,0.0943532579576871,0.0852554234692977,0.1428000200553092,-0.4168545903038614
grims2,0.0013331506516757,8.0,0,0.3620977567953667,0.2582796054810181,-0.1120572141772851,0.0202000363706702,-0.18385297684991,0.1856730590144696,0.0997552510811306,0.1859941020394412,-0.1616223386947889,-0.0484026407314218,-0.1996125890831676,0.1066786956864783,0.1870308992910349,0.0529925752862069,0.2581638044364273,0.1036043244237498,-0.3683398359533893,-0.5880945028490402
grims2,0.0017578159263324,8.0,0,0.2062456544334887,-0.3006336768176727,-0.2311577595213546,-0.1355701129162171,-0.3480714395995328,0.2464649023551408,0.2991968208918134,-0.2574464797954718,-0.301991647724995,-0.022506647584317,-0.2111508283921049,-0.1375517858208457,0.3499183321141993,-0.2472967624481135,0.1471652437567941,0.2381901898297447,-0.2007542813255563,0.0083185879682472
grims2,0.0034170825491261,9.0,1,-0.3733920497260051,0.1330086567477481,0.3098119853553898,0.0086669654818308,0.2723917103709159,-0.2793822694750175,-0.3192681317135047,0.128405181137508,0.238525927569163,0.2861383317853194,0.2716699578606327,0.0836946723579795,-0.3227766883967501,0.0414126510167204,-0.1112318281251566,-0.0224392623288623,0.3685235674418233,0.0446338405379179
grims2,0.0009565384487104,9.0,0,0.1447375261257924,-0.3452764681438885,-0.1074306898941919,-0.1591996242752099,-0.24265321453763,0.2445330212011333,0.3102270628938281,-0.355960460038993,-0.0933466180325186,-0.0428387967327578,-0.1521280445072851,-0.1856242718158642,0.2503227568759841,-0.3859811717774919,0.3342415512890111,0.2903806369813579,-0.0726580687583256,0.0146675710281392
grims2,0.0046459188026299,10.0,1,-0.3630907275296821,0.1001485111980544,0.3335721434039682,0.0061857398085128,0.2717387687502564,-0.2850178032600258,-0.3092020568155498,0.0918987566703688,0.237262629042064,0.4081249901793557,0.2844460448299915,0.0802540855850837,-0.2548840565149567,0.0750515309239483,-0.0554549846604657,0.0110325462888465,0.3204010239870059,0.0321888873204355
grims2,0.0134531644801629,10.0,0,0.5202074596443012,0.2678174033165695,-0.1559424260053131,0.0463262727967085,-0.1829670642780061,0.3234219347033308,0.2042319013044023,0.2532900664748099,-0.1429573175734056,-0.054195454935034,-0.2866204493086045,0.133222378411403,0.0693455650115845,-0.1040715340342818,0.247390781653701,-0.0121511545330367,-0.360951948267226,0.2381163074823946
grims2,-8.977264837394203e-06,10.0,0,0.0344868516660572,-0.3139032347977868,-0.1008509242804675,-0.0932143943542523,-0.0614441732609533,0.149978056746882,0.1092651688589988,-0.3378157147611326,-0.056944764810504,-0.0438956366619077,0.2169309452312283,-0.5033623861674487,0.1405115347025584,-0.2907254323951144,0.3527355191340975,0.4124994438849089,-0.1135534874966588,0.1083922747567944
grims2,0.00418529789426,10.0,0,0.0086657096458768,-0.3764297245000703,-0.0471922787651996,-0.3666580960266581,-0.0525154384398709,-0.0354875620374729,0.2713776607402524,-0.3960177775130407,0.3362573890166048,-0.0959469040166507,-0.1107119515463556,-0.0764323051884355,0.0593208747295231,-0.3081761783157605,0.4195820241468762,0.2378219285424985,0.1097463663772429,0.0595746423988795
grims2,0.0024040224040821,10.0,0,0.0943255932229611,-0.3553819112691737,-0.0037121088683662,0.1752938393321008,-0.1501728221523756,-0.1723811910575487,0.2910701954668885,-0.2828013500847319,0.185818072379857,-0.1059107236004615,-0.1413859296821711,-0.0668734468537653,0.2383822885238491,-0.372782835600856,0.4761738845506126,0.3310577393912569,-0.0510687747408311,0.1102252539468312
grims2,-0.0023593456751811,10.0,0,0.1122428782676244,0.0482137746158815,-0.5173480494192937,0.0179299851134264,-0.323828391596935,0.105121088236285,-0.0070222506659235,0.0188616815157657,-0.4765425254663704,-0.0454147411721415,-0.2612200539742889,-0.0556175788820669,0.2319339598125251,-0.0698249160050568,-0.4117976603161603,0.0050732749100577,-0.261670577156671,0.0596506704855083
pedro,0.0010915810833683,1.0,-1,0.0099879110682795,0.0789119256760315,-0.1119977419822588,-0.1997661877646029,-0.1846482985471541,0.2493760954968651,-0.1822278670183928,0.1492406542626813,0.0712484400442566,-0.2861772219923723,-0.0742675009624052,0.1756740751754816,0.507540296950077,0.2595796109367262,-0.3069301958021325,-0.2039028062889142,-0.3708386883741385,-0.2604353688386635
pedro,0.0006930563453226,1.0,0,0.0253643420362067,-0.2831980326781079,-0.4007932218755421,0.3390174613756401,-0.1255618148897923,0.0656330841970034,0.2686105344812922,-0.3083307962524611,-0.1828683825554291,-0.2451064179718598,-0.1043869166494109,-0.260326573742763,0.08312354594603,0.2259178490990369,-0.3292364308765692,-0.0115322338332396,-0.2524776607862731,0.2321356630814474
pedro,-0.0077506212661212,3.0,1,-0.0556869913290423,0.1589417036151602,0.4576190803795574,-0.36850100532133,-0.0152298756643432,-0.0185243601599062,-0.2309387068365112,0.2230661909577209,0.1866547972149475,0.2388909750915296,0.0706424743738165,0.2451223148435732,-0.2102419551523427,0.1919046688614829,0.3210883727679804,0.0654965338144052,0.3192164324424493,-0.2747034694579269
pedro,0.0007428592253673,3.0,-1,-0.2410633076831166,-0.0970481551980942,0.1206416383218461,-0.0499793992067171,0.1260252254410641,0.0223521203801311,-0.2370941194670386,0.1072261750086241,-0.0141614895994113,0.1512075557452691,0.1194174021668946,0.3219741135894334,0.4965130814990077,-0.4398745365314728,-0.1600828345733176,-0.3699205184590445,0.1380053803714365,0.2623062862907498
pedro,0.004281219005579,3.0,-1,0.2771710499228985,-0.2199312035437797,0.1024578991446064,0.2619395945994294,-0.0664873394591526,-0.1656906854331887,0.2843524038917467,-0.244256889887715,0.3093570813212655,-0.1084709056900025,-0.0600422471124389,-0.3430907730745927,-0.3346173328235376,0.3740721072051452,0.0999200277031104,0.2971608036245183,0.0142049619205607,-0.2100754317264568
pedro,0.0022174548953165,3.0,-1,0.0270563196863995,-0.114367747383504,-0.4924227210370328,0.1663844005303437,-0.1382022725911204,0.1686095158430408,0.1605080840992257,-0.2483174971005362,-0.0674264201628877,-0.2746142552434736,-0.0831776097371172,-0.2056648957553884,0.0261780756110519,0.4444653045195793,-0.352497655280284,0.0959530601756005,-0.3142924096906306,0.1463513855936841
pedro,-0.0029722806214971,4.0,-1,-0.051994971604822,-0.1467338959583433,-0.464174676750706,0.2283439286780352,-0.067747300369327,0.0530723215271832,0.1213524098752441,-0.188587816905991,-0.0448587272621575,-0.2874830802090716,-0.0720376148006989,-0.2027918847649684,0.0988283452852783,0.1542701716836322,-0.440291121488839,-0.2734366590776746,-0.4296632946464767,0.1808173674363677
pedro,-0.0008473144535313,4.0,-1,0.1414997619451133,-0.087187497389974,-0.3829698036910637,0.1952320388235988,-0.2403649941986948,0.2279669092974303,0.0836012122801221,0.1064819493683739,-0.2588259346496084,0.0892380008805787,-0.2237322615470814,-0.2825282344869658,-0.2827096662654101,0.2632237741497354,0.1363844673967818,0.4517021887467181,0.1037454946847965,-0.268477346792799
pedro,0.0028175431321747,4.0,-1,-0.0197306926293216,-0.2316011291622318,-0.2086686876577097,0.246099447545082,-0.1764750685372646,-0.1423910930717354,0.1648275009325301,-0.3810319222925944,-0.6498073479159981,-0.1346861971458325,-0.0623171398408927,-0.3069715568317905,0.0216981799788382,-0.0079967794559962,0.0117388423259247,0.2188151146440256,0.064409882179459,-0.1639688458645017
pedro,0.0003757592499343,4.0,-1,-0.446066555975512,-0.3183048957367058,-0.1158243848494936,0.2584654478693812,0.4231358198088646,0.2650352615726034,-0.2894151171291034,0.1115150099407048,0.0906888310601669,0.1765528992988868,0.0761505290704578,0.1104076099305063,0.1204951879405496,-0.0984809458890091,-0.2620972612127616,-0.0934353804461427,-0.2809351355602389,0.1898715617732226
xxx,0.0001839902435979,1.0,-1,-0.2469347800459995,0.2434983917154094,0.030645223087994,0.0486411812668055,0.0190184716047723,-0.1353256260806525,-0.0116326933768931,0.0558658405691588,-0.2710782082530754,-0.0731941306351505,-0.077365116292593,0.2494412644490315,-0.2793738288691043,0.0195144861280564,0.7182845139452245,-0.294883097725953,-0.1192272440532359,0.1091520112601164
xxx,0.0182990704068495,1.0,-1,0.0038899380998197,0.172549782936077,0.0385581255490382,0.0464409835752221,-0.1765600617573034,-0.1397788397272416,-0.0032316916556325,0.0647451793926603,-0.2136607329816534,-0.0555184570564257,-0.0332155296685397,0.1593575500706509,0.0795180422439613,0.0985473375465397,0.5735604495570388,-0.2605865281703571,-0.2543538902788221,0.5990118120309549
xxx,0.0014307783765472,1.0,-1,0.3099235909208023,0.373144571928019,0.3286202154501981,0.0627479933053988,-0.2389491629005865,-0.1793372354531916,-0.1048675321769162,0.2608743543054084,0.012405795511582,-0.1371469543142031,0.0777958512179901,0.0717749028115909,0.0781315128539078,0.0674920189013705,0.4909356967627198,0.1469925093992517,-0.402190946741005,-0.13878697108403
xxx,0.0003203919537807,1.0,-1,0.0666885999160981,0.2462311133405131,-0.0266046916549044,-0.1036668420558821,-0.0193613165261046,-0.0572372921206663,0.6247261842834755,0.371426648046186,-0.0930130885742198,0.0313726031629237,0.4293096777014411,0.3682616982349009,0.0375761697619493,-0.0595471897321838,-0.116119153108732,0.1953438332627214,0.0205965773352868,0.0706586047810931
xxx,0.0018884161012659,1.0,-1,-0.2125568962954666,-0.2131365644421395,0.0444774581975327,0.1090471072249271,0.057666945505171,0.0733240125687249,-0.8409696834558582,-0.0713142070720645,0.2022951545151848,0.0276649591015405,0.1814855167153616,0.0912934016077614,-0.0199132081337363,0.0718609289850117,-0.0019111365360089,-0.2345107075284462,0.1328760721172857,-0.1154538065572477
xxx,-1.9294039623483455e-05,1.0,1,-0.3480086998879772,0.2014094397752183,-0.2955608842187263,0.0300760698129022,0.3377869853948129,-0.0741798346559908,-0.0616827730225084,0.1631496009494963,-0.0604252441691212,-0.0866244020537392,0.145014422820192,0.078403299645439,-0.2064471078346639,-0.0905228113981933,-0.2672182546434963,-0.1604028233133355,0.3673689327733847,0.5280127695009973
xxx,0.0029945746165769,2.0,1,-0.409410160238957,0.263740821594713,-0.2931189924809503,0.0356092482564667,0.3418469335051762,-0.0907017671493891,-0.039438905868366,0.1977871388784738,-0.1260366449279722,-0.117815526683506,0.1739452184349903,0.0986163735634334,-0.3598592254964978,0.0185919956859786,-0.3200277380293432,0.1665828005376624,0.4089956657607505,-0.1133084167840696
xxx,0.001665161345701,2.0,-1,0.335075444607867,0.2308680951301159,0.3893628272910574,0.0798484461185687,-0.2441387817162889,-0.0616842739094701,-0.0686552343886247,0.1500320571903542,0.1243539483284727,-0.0826651510602042,0.0328206575407723,-0.044397275450047,-0.0073660547081345,0.3074981852446558,0.1028002712429002,0.6285837824053934,-0.2400012826302559,-0.050715961489079
xxx,0.0037762193146322,2.0,-1,0.1062302196647241,-0.3204873585960899,-0.0196026537255099,0.0491611921644196,-0.1015154197198627,0.0207933766642224,-0.173982338679149,-0.4724474058213561,0.1068889567401897,-0.0395712800890588,-0.5349813504969375,-0.3975922919096573,-0.0376035959302551,0.2180465360563867,0.0227693188580528,0.3120674979284812,-0.1194376919881599,-0.0241597847020861
xxx,-0.0297974305169499,2.0,-1,-0.0961886161818457,0.4527014713178794,0.0895053180675393,0.5533595891274731,0.1134025406211569,0.1163214358338383,0.2844554624694363,0.3015420324342551,-0.4295356041644614,-0.1104296940547383,0.0078349172357705,-0.1551185107158816,0.0494453816879194,-0.2009494022294888,-0.0324392917016682,0.0559573229049307,0.0629553299100115,0.0395811690404604
xxx,0.0067417888426466,2.0,-1,0.1166656432293373,-0.4206062833631283,0.1319799157178813,0.1811874747500755,-0.1886660303755689,-0.1724298305185777,-0.2149685823397187,-0.0035191951719368,0.0973794664385366,-0.017200807986039,0.0157141054869999,0.2876400132545722,-0.0373347063655233,0.4745407115942109,-0.1241058039730136,0.530938995543686,-0.1715586531339095,-0.0400642536287027
xxx,-0.0013812399239616,2.0,1,-0.395853615109471,0.2305425325161836,-0.3277515200297629,0.0401265228368896,0.3962139660158598,-0.0881526732466074,-0.187914600517767,0.1613822141707692,-0.1068683186438158,-0.13346225461683,0.1347625378393808,0.1617550471672055,-0.113583639620731,-0.2834443741027675,-0.2723913852630598,-0.1958066840510212,0.3861836999215907,0.1628820554517294
xxx,0.0049069755856697,3.0,1,-0.4475090255980702,0.2613960198937884,-0.2614836495952414,0.0317383254009274,0.3376167649640966,-0.1430249944933139,-0.0800745860254503,0.1956525191612705,-0.1116655158227372,-0.12247541614395,0.1246714206526791,0.1388920563255513,-0.3494113047841912,0.040362497193633,-0.2966231514398249,-0.2454429400054897,0.3727383045277177,-0.0985471913760189
xxx,0.0017809098684321,3.0,-1,0.285016560552969,0.1859468055603922,0.4589108528162091,0.0786236814830837,-0.2768275164368189,0.2627045052178079,0.0198294051045978,0.1769970833141263,0.1612656141525215,-0.0777461445749348,0.0897333206367366,0.0535862002632535,-0.0637363124896392,0.3140442182602611,0.0004236941213712,0.531318775526885,-0.2396584429043563,-0.0681432191479702
xxx,-0.0023361067576058,3.0,-1,0.1612480027437049,-0.339520903593843,0.0187328028209222,-0.2980573764307592,-0.1782236392722229,0.2729682953549698,0.2300394794413756,-0.4299985587688381,0.1270236854737737,0.4165121761743418,0.2411114170072164,-0.3157092720216037,-0.1004138805228044,0.1745058945770954,0.1402554337336266,-0.0798539620508277,-0.0990415074156998,-0.0403243768933795
xxx,0.0029297934153601,3.0,-1,0.3951012064743766,-0.3498628214214982,0.1174378912078736,-0.2573811523630194,-0.241134972660623,0.0225903613047605,0.5131356780887509,-0.2763687872556534,0.3932204689463799,0.1046453408065911,0.0069670523881989,-0.0280394009555773,0.0732754894513074,0.0939170574365179,0.0029039014290654,-0.1553832667318952,-0.1145156444995333,-0.1588909321486709
xxx,0.0039596234940117,3.0,1,-0.2187789382391547,0.1799522726005753,-0.2704390057224139,0.0440990728689332,0.3835115327244988,-0.0734658282500325,0.066494600487468,0.1800791737353446,-0.0474665126287649,-0.1063083913576618,0.1443260465223667,0.0968016648347649,-0.0650853942514646,-0.3363426962959414,-0.3076896670124628,-0.1813606651558005,0.3770666266696333,0.4737943779259174
xxx,0.0041569385704602,4.0,1,-0.3885991276891013,0.2869709396357861,-0.1209454257936101,0.0452656206134461,0.3730451997186773,-0.1053365567329066,0.2229245900516435,0.2635687261622664,-0.0874515420026205,-0.1705468675364859,0.1773859997994549,0.1107753132076969,-0.330718366160506,0.0570485939765762,-0.3143578403515555,-0.1865095767303854,0.3743854778267768,-0.1169100461417056
xxx,-0.0069058406787966,4.0,-1,-0.2561520001644771,-0.3848982004469813,-0.4968504250207883,-0.027845162922628,0.2105308543238794,-0.4538838966043685,-0.1984508132851256,-0.3036782252893434,-0.0535388698124272,0.1473245328023563,-0.0221599534212644,-0.0980264984101377,-0.0383384244901657,-0.1220302959628919,-0.1561294654916122,-0.175700706264984,0.2019738238012257,0.0979480477609345
xxx,0.0005965914303281,4.0,-1,0.3817476842191675,0.114723183889435,0.4743828718207485,0.0901972119164778,-0.1904635098596357,-0.1654747114107953,-0.1425531833770798,0.1017764185459431,0.2058428304179975,-0.0484935363781638,0.2074133427494581,-0.0117904056459016,0.0466606836363242,0.2815212210048052,-0.0873461644055891,0.5514965266017539,-0.1550211669418185,-0.0920413999528634
xxx,0.0729378162915238,4.0,-1,0.2166417279322006,-0.3111279681976798,0.0702008457138616,0.1327869750276068,-0.1168739569315217,-0.1204406630822137,-0.1706976884679725,-0.4526999076980802,0.1741194007939445,-0.0354197348328747,0.379981989274175,-0.5155890771542238,-0.0752313821156788,0.326180031918801,-0.0281184369785064,-0.0739422594814879,-0.0779218759875727,-0.0727406225214618
xxx,-8.528641110074811e-05,4.0,-1,0.1248922025522997,-0.304555629151037,-0.031007526912286,-0.3283902362846245,-0.0722803393510921,-0.0647364458212579,-0.1367125011713005,-0.4257638507414268,0.0753843472861878,0.4425536071534079,-0.4475055928562167,-0.3350858766219881,0.0268515163006822,0.1687032012417205,-0.0009455231594519,-0.1630965976315673,5.9122034258564146e-05,-0.0600192132414589
xxx,0.003722644718693,4.0,-1,0.2769233151131899,-0.4662748300077119,0.1414557148677222,-0.0673173237391916,-0.2053532340390744,-0.1034387849255665,-0.2096610604260687,-0.3501770202800299,0.5371018867805599,0.1153473313130881,0.0718163224791372,-0.0123550566622241,0.0827685972414536,0.2520353150060043,-0.0479437729021232,-0.1661937777012394,-0.0025363196214393,-0.2334890884136282
xxx,0.0004071703538558,4.0,1,-0.3619674573488857,0.1916624613908559,-0.2882519422299466,0.0470680866931396,0.426581194861087,-0.0868108903625766,-0.02148124586509,0.2599236852898193,-0.0802906688041911,-0.1117771866543573,0.1850614820750592,0.1192248186531039,-0.1863293958356863,-0.3973747675320585,-0.3652823548869718,-0.0328391518199604,0.3067329568473157,-0.0280705455671152
xxx,0.003185285460089,5.0,1,-0.3959905674730166,0.2806344724950871,-0.1127133709828313,0.0385713377499156,0.3198045057533401,-0.0413614742527783,0.1741962117840509,0.3368441669044377,-0.1217511035983403,-0.1460840378085821,0.1869557289900783,0.1170388975027631,-0.2994284721766482,0.0705985671991259,-0.2963444985380022,0.4099445227457769,0.2408827075920709,-0.0953659233398616
xxx,0.0047809828950836,5.0,-1,0.248534671801319,0.22986291023046,0.5671752054923108,0.0604980299831349,-0.1585995245078253,0.3292705420940758,-0.0611687038669117,0.1021441648636138,0.1885431590386884,-0.0794664677733199,0.0613516105626021,0.0274215556298366,0.15591319944103,0.2744764353268645,-0.1002746629405025,0.4675895568678653,-0.179332754853033,-0.0736003539217731
xxx,0.0011392127212384,5.0,-1,0.2512469945373585,-0.3596666310988928,0.1965851256787252,-0.0288443142645193,-0.2271351527702722,-0.0608359153306925,-0.0873351603363325,-0.3751752613917691,0.2193967142783854,0.1523586496755979,-0.3168741947611113,-0.2442880271601464,0.1384805229841908,0.4350328905227723,0.0537804919933661,0.3092428366621817,-0.1550929843828577,-0.0438190914699872
xxx,0.001917936463265,6.0,3,-0.2987371595904846,0.2411406352723161,-0.0734091524015784,0.0240789919950442,0.2322608392436746,-0.0685075558133019,0.1168149318185704,0.1641004755096329,-0.110373898359185,0.7006740188671347,0.0998720261061582,0.0993797637076375,-0.2000747865853538,0.0440060282034102,-0.233662054415379,0.2950425272507508,0.188307686783708,-0.0733075956881211
xxx,-0.000386331378563,6.0,-1,0.2851309123216624,0.1214536046095483,0.5933875697513447,0.0948943443021585,-0.1640419677706165,-0.0979061654026591,-0.0534004202078803,0.0668734315424934,0.2481559872676254,-0.0703692274380996,0.2045130544989361,-0.0046431155878496,0.1155635582137496,0.2318083217189217,-0.1570263457301314,0.5183390539649417,-0.1564216522823716,-0.0758011181650429
xxx,0.0741592164691615,6.0,-1,0.1655341623637647,-0.2568648519945684,0.2655687080890046,0.1266016781632239,-0.0994297957234327,-0.1192758737977634,-0.0320809961992197,-0.4798768254167705,0.2448292936500921,-0.0167765062335637,0.2119217801364994,-0.5252426754804795,-0.0065594699114622,0.1908116707343754,-0.0713842018073204,0.3589692837023139,-0.1026304330976505,-0.0518350148024919
xxx,-0.0012423971789099,6.0,-1,0.1025729639119581,-0.2487073801907362,0.0845628168202676,-0.2922201849378084,-0.06770694166866,-0.0865417012527675,-0.0416582001738099,-0.4447920726302385,0.0908781517532176,0.4499573394459873,-0.413246854811943,-0.3643704160373539,-0.1786698732961822,-0.264587836383264,0.0397300732711702,-0.0505720371056209,-0.0377379869974319,-0.0410098662157903
xxx,0.0007708711002422,6.0,-1,0.2982670940218282,-0.3197296361876257,0.1888433436540208,-0.0859397381454127,-0.1310200496472267,-0.058295655015279,0.1036643270696355,-0.0598081160258979,0.2768345455802146,-0.0377115626523386,0.043316515729771,0.1027798972884725,0.067057929057415,-0.7251451044843931,0.2183045352428372,-0.1713595754907418,-0.1777323116046549,-0.0378526149460647
xxx,-3.432301289125382e-05,6.0,0,0.1737368785061444,-0.0285847020133831,-0.3496611089225397,0.0431078786932155,-0.347032017681966,0.111880831745576,0.1889224850151113,0.0172149757110082,-0.3621083929752806,-0.0355140567296581,-0.181163106975374,-0.1107803013377341,0.4755334295226949,-0.0643692237055409,0.3350085700397093,-0.1119422496553303,-0.3760906844117317,-0.0445319472129236
slasto,0.0022774231617322,2.0,-1,0.0887537493346395,-0.0279116821616708,-0.2826966586025391,0.0251753755959311,0.0893394025587966,0.2004144154818459,0.2701019597364968,0.2484288971915163,-0.3995921151986281,-0.131839474588271,0.0296574262490556,-0.4315769394329663,-0.2716650220820726,0.0188721472821759,-0.4239998462709361,0.2369424071912454,0.2117466850724518,-0.0941650642310431
slasto,-0.0005303967761928,2.0,-1,0.2197670607897946,-0.0296668673310137,0.2390597002282926,0.0208409471014115,-0.0289929704356325,-0.4277946936711241,0.3801134269461207,0.2327927644450581,-0.049545447821044,-0.1369730172701653,-0.1406444532117872,-0.3707063634798581,-0.0278364992674948,-0.2082809893849349,0.3357914178166392,-0.1710288628648284,0.2722615995859064,0.2683308643806447
slasto,0.0003174603747147,2.0,-1,-0.2306196269090311,0.199743647960786,0.3288835235984808,-0.0181958492853753,-0.1323316746326404,0.0958973427114667,0.2283316891542665,0.1187550095186206,-0.0600216780047972,-0.099739703397828,-0.1250394688443184,-0.2201180660594699,-0.5142265129628066,0.2867928050726209,0.3677844808246324,0.1922126511427638,-0.3095967088598378,-0.1144456434466811
slasto,7.375475918955376e-05,2.0,-1,0.4615545040855455,-0.0324372771346668,0.2712241636973443,-0.0513757876649638,-0.084715353137464,-0.1384381372394363,0.2339040147574918,0.1707338893747358,0.1779115886460601,0.2948469493755268,-0.1336086558738788,-0.2332033550254552,0.3877454530842566,-0.2762203497868806,0.2726596818355501,-0.1269218863813269,0.0787537782793388,0.2922141486480163
slasto,0.0069133794764616,2.0,-1,0.3108157460261239,0.081165102859389,0.2393879265380364,-0.0173402817641049,-0.3199138352926475,0.0148164594951683,0.3937327065508569,0.1736235189058506,-0.0495021233492377,0.3707926322745631,-0.1431813564836832,-0.2009335304658505,0.4447680428521562,-0.0518233789684596,0.159672109000958,-0.0972981909207441,-0.3199268814535623,0.1132746577845342
slasto,0.0019346573005694,2.0,-1,0.0882734340966593,-0.0408852428692352,0.1328148967929886,-0.016729450862004,-0.4976669901222421,0.5266555710488026,-0.2695697523756689,-0.2231859558337038,0.0691536223386413,-0.0579230616043505,0.0598184153615065,0.2767746716984601,0.2070811346534165,0.0660776940876401,0.347155280035529,-0.0706362470856329,-0.2530206705444858,0.0019567154593523
slasto,-0.0001178055182873,2.0,-1,-0.1703681522421345,0.0443800447740053,-0.1668771446954748,0.0029044370192385,0.2901629871570476,-0.2885124430638313,0.091624968296721,0.1158806124723439,-0.0868985994977084,0.6674604088603647,-0.0193195694176613,-0.15659299689555,-0.2249139151392948,0.0717738333633377,-0.2797624908053184,0.3539645510935314,0.024032373872998,-0.1186111654742265
slasto,0.0028390995964314,3.0,-1,-0.2006090342419131,0.0604322514594858,-0.193725389934783,-0.0037424220089658,0.2658482906833335,-0.2547582408970847,0.0912481936156057,0.1273218079899922,-0.1224379733118303,0.6252893334022952,-0.0066869854174878,-0.1739120172375398,-0.2357346558516267,0.1078605867811482,-0.3059907013087439,0.3750120441141061,0.0361985749486307,-0.1392801082652603
slasto,0.0003287238522827,3.0,1,-0.4645407996350583,0.2210136282828815,0.3144466203097346,-0.0148789794321238,-0.0133362271188119,0.1577089560198056,-0.3680640654178714,0.3334803200848373,0.2775372533992779,-0.0778510985228861,0.0433920230903706,0.2713787621745414,-0.0875422406056868,-6.072196307551256e-06,0.1033572152908876,-0.1347971780786606,0.2364689075343708,0.3368609631804719
slasto,0.00387784243063,3.0,2,0.1896106099196806,-0.1727318171483346,-0.1456581946453086,-0.7801886640632973,0.0620583824528019,0.1212258215030742,0.0704646170655637,0.0134697589355389,-0.0731801814646501,-0.0255171539640019,-0.0314508531918524,-0.1724723123819885,-0.0340329540181824,-0.1219225666733109,0.0372972193985378,0.2912642006248712,0.3036010328294073,0.222355701849708
slasto,-0.0010848918899453,3.0,-1,0.3472913765227737,0.1119880716314564,-0.2697737661163273,-0.0205983691586493,0.396165743080184,-0.2569885425835961,0.2976888459384493,0.1199529291836713,-0.1571152889943491,-0.1004800155837065,0.0337454355756867,-0.2425333604879905,0.4138030606993952,0.1025512315265573,-0.2347140450774063,0.0089863240541699,0.3621301009420886,0.0696090843724807
slasto,-3.8781608821459535e-05,3.0,-1,0.0745502968885794,-0.5364145499618799,0.2366393409984565,-0.0152789981020392,-0.2884598561007027,0.2462315438018241,-0.0500381821222653,-0.235400962313923,0.1477082194597495,0.0847168520649422,-0.0338620548422255,0.1221097232645397,-0.1246658446611139,-0.4689918485054602,0.3137296293596402,-0.212329286991519,-0.1163739052447175,0.1054213375038032
slasto,0.0015196773901482,4.0,-1,-0.1580174609276141,0.0555197390003123,-0.3132280861682017,-0.0199704235762238,0.3121132895849288,-0.3697659772348065,0.0166681627402078,0.0478744230216372,-0.3675878718133384,-0.0758381569805385,-0.0132980935564223,-0.234781567661446,-0.2861522317021283,0.0561658207952469,-0.3855569763398365,0.4218288344503998,0.0049512640074583,-0.1699957713145944
slasto,0.000476983342901,4.0,-1,-0.3751325642768514,0.1606711111218535,0.222480559282289,-0.0367893822539655,0.1103396993817304,0.0547820467169723,-0.4620300749043816,0.2789250780519601,0.2487467887922073,0.3269166611835051,0.1873403045215188,0.2099099756805942,0.1934605787391275,0.1603039764211633,-0.1226699944023855,0.3156283454569285,0.054124811371091,-0.2180167257961751
slasto,0.0007063031705078,4.0,0,0.1818230845375527,-0.2428561712889213,0.0109946016609474,0.1181123922329425,-0.2139276717216467,0.1873186462182931,0.51252690857891,-0.3532465269575491,-0.0738783493479331,-0.045009137474515,0.2779788175515382,0.0461867615123792,-0.0371347704882934,-0.2245209648227078,0.3654082130998099,-0.0975717165837232,-0.3686818636735858,0.089005147875596
slasto,0.0027778607738257,4.0,2,0.1239240368521461,-0.2110654642816272,-0.0552071789304761,-0.5648224310361739,-0.0527434814568322,0.126748486804492,-0.1865427072775031,-0.506202897367088,0.184752634121646,0.0055275659922168,0.2666263247949213,0.1894313535435494,0.0716052545540129,-0.1504864119427274,0.1837303983632619,-0.0613388105521574,-0.0953516350374893,0.3043234175680395
slasto,0.0008924351580102,4.0,-1,0.1352444581157861,-0.1990521653071052,-0.047888842546749,0.1463611310165173,-0.1625198698086412,0.1999586809757167,-0.081063725411423,-0.4673103498607756,-0.0976778260469035,0.4639002447274915,0.3943455399963055,0.1749791295953187,0.1610783563793415,-0.1263016635565871,0.1991092141339923,-0.0660824739189768,-0.2822287367133482,0.2249277714274796
slasto,-0.0012345485652286,4.0,1,-0.2239736877532707,-0.0387659288718621,-0.168211619009455,0.0269165425828788,0.5478917382615375,-0.5120072175241771,-0.1108783555865117,0.0826731544915214,-0.1807873833956364,-0.0602677977369554,0.0659992976174035,-0.2730017923117042,-0.2934841984615442,-0.0159082059024234,-0.3013887044403188,-0.013715614586404,0.1316894978412939,-0.1670153372409922
slasto,0.0017347097409857,6.0,-1,-0.3414216590091025,-0.0789979278984382,-0.242723332575179,0.0721688639646306,0.2618191256727188,0.1932243435042354,-0.1539485202563646,0.1607952235117023,-0.2910529725041419,0.1619549256413237,0.0245607295500806,-0.3306104521682595,-0.3169777362198959,0.1751406534697039,-0.3858994491565083,-0.2130615773572428,0.1369324526217462,-0.3042474035318044
slasto,0.0112661443573596,6.0,1,-0.2420724039946269,-0.0487510045901959,-0.0735351478550725,0.0435144708378048,-0.0763517112049718,0.1437977620881938,-0.1680218446425278,0.1271333120044771,-0.0696527161308598,0.8266266874692614,-0.0816314723211732,-0.1369084190963156,-0.1195859954497686,0.1202232935931941,-0.101802615443717,-0.1577001129202106,-0.0513563226725176,-0.2839470896508305
slasto,0.0006484844284004,6.0,1,-0.4442535034967497,0.1921613042760033,0.2567455726692298,-0.03390107754816,0.0335160138539928,-0.0665379909773793,-0.3342017084306488,0.3314793799043715,0.2511465208765002,-0.0897725614028736,0.2884066997641372,0.2498459205480554,0.0130573053656663,0.0885430178012772,-0.0130728871188948,0.4154045342696801,-0.0390918587304183,-0.2692950810025361
slasto,-0.0134644118572728,6.0,-1,-0.1720621507013426,0.1911160061172834,0.1471996055913781,-0.1478037252620331,-0.0894037063081187,-0.1690072402829209,0.2629845284596855,0.1483884455558881,0.3481984721336251,0.075705609400035,0.5147771598237464,-0.2749477344672891,-0.2433901653864833,-0.0413849955871695,0.1501982580817282,0.1133464900275879,-0.2861211326637032,-0.3418042241538746
slasto,0.0016404738978215,6.0,-1,0.2362713392144003,-0.2210026731046784,-0.1816653815662623,0.167366463562893,0.0310366237641316,0.201270417376032,-0.2294893269361727,-0.1545429185809439,-0.3112586646513652,0.0709107525032957,0.3355764700571616,0.424981173027631,0.2560966411212431,0.0287931004703937,-0.1345695360370705,-0.1312932140591925,0.1762516800633182,0.4339827186754945
slasto,0.0002630995991793,6.0,0,0.402909146440626,-0.2891168484457884,-0.1714814935558394,0.2215352894767659,-0.1906387630782816,0.2542183139533004,-0.051288941351016,-0.3044976557901748,-0.0511648065689236,0.0569667788810919,-0.5299385487975468,0.0327047839755053,0.1541184621264172,-0.0254500270859336,-0.0756635648708735,-0.2009137259854393,0.1751856197036598,0.3005384964686707
slasto,-0.0001386336912358,6.0,-1,0.3008925653432815,-0.2474628819917722,-0.2083010295157212,0.188078024608621,0.0494498818799481,0.1983922179525513,-0.1881923356462114,-0.3165832126202385,-0.1236093360729485,0.0593436588965171,-0.4497900459354557,0.2748744355361441,0.1097238813767267,-0.0359621126396413,-0.1066933216278891,-0.1806467713676436,0.3304759911094135,0.3588668157182308
slasto,-0.002491993303873,6.0,0,0.2283053951812527,-0.2116681644121139,-0.1453024024473607,-0.2333054177223131,0.0047248480037689,0.1517089932513186,0.2181143739362816,-0.4039328315006562,-0.0141693910217834,-0.0868434516726894,-0.6828911973787815,-0.0083381032609124,0.0501809587325598,-0.0359905964682359,0.0117710263743364,-0.1296087724022004,0.1051502820969796,0.2963038655138088
slasto,0.0009370189311769,6.0,-1,0.1921760634451182,-0.1594999684358571,-0.2280102211101536,-0.2160820707020427,0.1511906146532436,0.1509180196731902,-0.1072839413412821,-0.4591179262236611,-0.2213388414243163,-0.0026395742579108,-0.5962537716222102,0.1193081604155241,0.0709074914046078,-0.0670669252739685,-0.0184404950240087,-0.126017718757377,0.207588212916536,0.2888320584595551
slasto,5.0618387332395286e-05,6.0,-1,0.0050064119335848,-0.0105455761809393,0.4501621420232716,-0.0139984726970189,-0.4430487003724186,-0.1647046125999474,0.0052626537302461,-0.0389388159080084,0.4163407088140329,0.0378644881375866,-0.1350312277306645,0.3166531484877528,0.1824125311652557,0.0079167629431778,0.4274560412278995,0.1415570260275361,-0.1976018457792416,0.0603458282520779
slasto,0.0020372563942072,7.0,-1,-0.0933361768849082,0.018878874075958,-0.4396339416805969,0.0190410593112707,0.244000751824521,0.1725913059054644,-0.0039089209617659,0.0617202457280168,-0.4869920699567641,-0.0748635235935792,0.102534209551532,-0.382832963519975,-0.187283695288811,0.157230884765758,-0.3802264141502985,-0.1751437122272364,-0.0408085524297015,-0.2599863542985737
slasto,0.0012851989535253,7.0,-1,-0.4432393239765188,0.1300102513943855,0.2967966828017853,0.013884040304807,-0.0539338343839193,0.0352497187312745,-0.4008766806696358,0.3130251371150518,0.3145587542733463,-0.1021849632193739,0.1083329952811193,0.327119452320002,0.144306288476031,0.0999574601826038,-0.0260134249431658,0.3051060531888854,-0.053676143702842,-0.2827038526797319
slasto,-0.00053820011649,7.0,0,0.1845727672546046,-0.2241761066703883,-0.0509974350316621,-0.0661802436517451,-0.325019355230404,0.1587971071469745,0.3505573718269104,-0.4175150059706131,-0.0108599015405713,-0.084361812680473,0.2949015452192464,0.0193423288146291,0.1670422153554534,0.0016915211389213,0.1636996830037136,-0.1176402744589777,-0.4932817261318789,-0.2723756697165845
slasto,0.0023314152843367,7.0,-1,0.1512323272204576,-0.1961865209518427,-0.0574387873790396,-0.313128032562049,-0.2239462217121109,0.1335773265214673,-0.0136206549502051,-0.5472733396472089,0.1470861964765092,-0.0231986545858809,0.3024712698769317,0.1592036044231786,0.2446869385501452,-0.038712872866766,0.1609244507084125,-0.0865370057753893,-0.4041049059669027,-0.2693309024871777
slasto,-0.0008341273270199,7.0,-1,-0.0343108530322182,0.0229467574197386,-0.388730159419168,0.0089716508184455,0.3990237322488293,0.1448777105683997,0.0174615910667046,0.098928431868202,-0.3145189064793219,-0.078114011725846,0.1373644668013044,0.5310710338399532,-0.2069605109478432,0.0439777728375412,-0.419537214349305,-0.0427399139983845,0.0424623633990821,-0.1626838872107872
slasto,0.0005634731184935,8.0,1,-0.1895158549915087,0.0210206476895705,-0.2262213883963463,0.0326571442882414,0.0351660814648989,0.1687492567835007,-0.1005835473013821,0.2017198479542454,-0.2173554056333675,-0.1133585989283837,0.1461910112312198,0.6274501094053573,-0.2580526695995744,0.1116092428582063,-0.4467270060218634,-0.1310009183304137,0.0121044158357099,-0.2445378923574542
slasto,0.004385168793362,8.0,-1,-0.4541790226317991,0.0926792583111261,0.2997802553482287,0.0422726713061796,-0.0994102766319757,0.1867166371054763,-0.4181304110607135,0.3042781313514174,0.369993373343426,-0.0623197431218999,-0.032454535156531,0.3100851021699694,0.0958375021065146,0.0430322742089564,-0.0581232665805347,-0.1926471452518136,-0.061225435198605,-0.2967351588845331
slasto,0.0366760914263066,8.0,-1,0.1100125836829742,-0.1915614713844665,0.0402639399864306,0.1528172749991366,-0.3863122510799436,0.1837968732950482,0.141360793223172,-0.204024385587101,0.3114539942173932,0.1132504403248576,-0.531590252184175,0.1150310993650239,0.0193849541724765,-0.0380681700386396,0.0857254821324604,-0.1325130719943065,-0.4078294496976512,-0.2879094694296991
slasto,-0.0014121385673827,8.0,0,0.1338831711926721,-0.1970281687517854,-0.0246763924983075,-0.1635777654967025,-0.3091877599993815,0.1396815927875871,0.3681882919383709,-0.3514163294466396,-0.0230900074124007,-0.0388444063640971,0.2696188945468447,0.0388906886210099,0.0513770934311497,-0.1651357544342321,0.2649615491189921,-0.0865325948014975,-0.5684473591704418,-0.1863902041634858
slasto,-0.0002982551874585,8.0,-1,0.3303884672106895,-0.0199246204140403,0.3043319862721235,-0.0178564606483425,-0.3879355903305847,0.1141980073478627,0.3252066779561023,-0.0260668158131739,0.3672322098119633,-0.081296269190132,0.0238054982168199,0.2926643359330862,0.2990798352508555,0.0086154089243393,0.2153306163546308,-0.0959575759075665,-0.3364573433095519,-0.2038289662773398
minestra,0.0003542918175001,1.0,1,-0.4574853352802082,0.1976001798246792,-0.1999009687057654,-0.0724866387973727,-0.1117705182931198,0.151173422354128,-0.1731490242186024,0.2271052461035162,-0.1228037396207278,0.0544181188034547,0.1426742133335519,0.1974708202424357,-0.4666048120923795,0.2573120452679918,-0.3526316812355657,-0.3222060848182628,0.0073437984638004,0.0010566724735288
minestra,0.0002473922249474,1.0,0,0.2869687601819664,-0.3504754937095947,0.1318063814471769,0.1695707861143534,-0.1274725471512479,0.120351479528539,0.1068142883391217,-0.3798745977428054,0.1399387660744037,-0.0701717625116084,-0.1969722032028306,-0.3575417490581182,-0.1076057156258988,-0.3574585848274819,0.1813525567424418,0.3781021460752335,-0.1331984065211088,-0.1953264969869112
minestra,-0.000453161270426,1.0,-1,0.0436774686238899,0.0871109855388231,-0.265802869626936,-0.0706737161831986,0.3001426841189979,-0.3968305289635301,0.0629034080752429,0.1970616749126173,-0.3661731358111033,0.2869507305632773,-0.2523300882443626,0.1256406328236706,0.3450827605030774,0.1416347451686758,-0.2822371637360717,-0.2087506826118554,0.19376714200268,-0.1694265681858909
minestra,0.0012554182213348,2.0,-1,0.0420612115510753,0.078337807648531,-0.2488684059196474,-0.0624978542828704,0.2168850521314669,-0.2317207110378062,0.0652118626940723,0.2265345083243232,-0.3558706002257121,0.4201304774856041,-0.1644351640776795,0.164320761348297,0.3623795301346201,0.1586110203574302,-0.3525426916212201,-0.218569394637955,0.2099112583543788,-0.2003913898777125
minestra,-3.3137545539260804e-05,2.0,1,-0.3016046874727839,0.2656804220825399,-0.1796515627496983,-0.1139966927488724,0.1648115561159245,0.1526345394150755,-0.3171354463472056,0.3030970135635986,-0.256706342623577,0.090389715818014,0.1092719536360214,0.3460581233326786,-0.0594724262997442,0.2784733777149386,-0.3014335116281196,-0.2537658916261747,0.2817596961827542,0.1696423117578463
minestra,0.0013519679239708,3.0,1,-0.2467014124233069,0.3301259253907551,-0.3651557388139197,-0.0958211408123971,0.2164376611326296,0.1280410778913476,-0.0773285449727538,0.213200630855479,-0.3658133971971374,0.340795177761635,-0.1551626717196408,0.130536387032323,0.0207138885930455,0.2585825807666519,-0.2156550524694777,-0.1378371934157449,0.2487728779899788,0.2952909375777123
minestra,0.007270252311457,3.0,1,-0.3632469455582707,0.521084625826326,0.1068771851768433,-0.0775966133830795,-0.1554434667580763,0.1163958244049053,-0.1726005591630808,0.3081749300923989,0.0584692038989107,-0.0683668255050766,0.1911228370042377,0.2481248251725991,-0.1075260317404599,0.3521027935318963,-0.1922093219301079,-0.2608119285776486,0.1094981750945705,0.2406723984545589
minestra,0.0008934352495645,3.0,-1,0.0959209675313562,-0.1601101239029452,0.1704223875691861,0.1247208339208713,-0.1562033590865152,0.0898055361139623,0.1515777096377466,-0.2737189701615021,0.2148880084300996,0.0739974527916352,-0.0934242388254808,-0.2899256314985179,-0.4369982291836433,-0.3533738016097297,0.2863593096693531,-0.1164214176070588,-0.4326654968407873,-0.2171853378849131
minestra,0.0032059321485335,4.0,1,-0.142109382509473,0.1883346468499285,-0.1103490778431365,-0.0935188174443791,0.051789744143762,0.1652439137361244,-0.0856349591699563,0.2780260036752552,-0.1992437722770831,0.5681173474998406,0.1888088812148514,0.1674015338238537,0.215574236669392,0.2526987922306153,-0.1710025985434005,-0.1956493777765938,0.2068589673041793,0.4025234934181166
minestra,0.0016608887777627,4.0,1,-0.1790987722122496,0.4741675460051148,0.3005042532208634,-0.09125600783496,-0.1949239854549856,0.1199466352483197,-0.0086749679120138,0.3782410981590713,0.1668931462336075,-0.1021265956747786,0.2290797057107983,0.2511736057966302,0.2530830748828649,0.2949630812347157,-0.211511882483908,-0.2901936292854427,0.1213499966089921,-0.0188575138381709
minestra,0.0012129814639129,4.0,2,0.2141757069611721,-0.0988070454234224,0.1299133221912355,-0.6949857139747843,-0.0736957293621908,0.0978652711403321,0.1322076370219899,-0.2008431676696099,0.13928334806858,0.0651572099259178,-0.0215088678471744,-0.1681715189832113,-0.1938692259191886,-0.3082938212469874,0.2129044856596096,-0.1893623020736133,-0.3143902808787733,-0.081303135890034
minestra,-0.0021739788979136,4.0,1,-0.2427960258339897,0.2412484126786936,-0.2046485995332254,-0.0631711444597767,0.2394108541964414,-0.3788499856755402,-0.2116978878409542,0.209417769515038,-0.3655849500032785,0.1680362773011832,-0.2525458578547327,0.087901622735566,0.126432699591536,0.2349379484746319,-0.1890031020007628,-0.2666936631900977,0.2316717345597767,0.2869944071148781
minestra,0.0031350964095472,5.0,1,-0.3148966285842098,0.2926721408705471,-0.1271330381156197,-0.061342544967378,0.1090287996206358,-0.1422339058101782,-0.2077776552356752,0.2414243906449266,-0.3080617702794794,0.3529735359863284,-0.0659870593331928,0.1338963373846477,0.0902905656388093,0.3024881983014688,-0.2117073310557045,-0.2976017827182325,0.2541514831698883,0.3496801111123413
minestra,0.0008866734330136,5.0,1,-0.3318775679140536,0.5401003492751745,0.1771130349345139,-0.019151223940038,-0.0622080295317562,0.0545046393466308,-0.2193222987380726,0.2610572722794739,0.0604419565958899,-0.0782899951360831,0.1364321565334139,0.1035632375024739,0.0707964492820637,0.4051217626013972,-0.1748725907937308,-0.338092890015771,0.1589747080182572,0.254758194227706
minestra,0.0012098381390746,5.0,1,-0.3920285963589207,-0.0407497183602116,-0.0534337537758726,0.0903661446509471,0.2417875275836453,0.0470168929605371,-0.5618248687581333,-0.1286424950195749,-0.1235107371479264,-0.0765463694068935,0.2568894135376346,0.0444229906050977,-0.0170229677008832,-0.0242550554534157,-0.285574072836168,-0.0627931628232602,0.4964065420956421,-0.1374447680145992
minestra,0.0003449791265323,5.0,1,-0.1150697774852284,0.1858898425416884,-0.270491934773214,-0.0459178169543469,0.448386837095816,-0.2535501484214851,-0.1037910655945298,0.2267251934536683,-0.3258836402282151,-0.0120564951193138,0.1342761283459699,0.1237507518481188,0.207783908750265,0.2053581495163141,-0.1264302184429851,0.0663406428558758,0.3515772416740879,0.4247187946134128
minestra,0.0053003079457559,6.0,1,-0.2615085546364835,0.1585895544072525,-0.1622044055944138,-0.0482875020413744,0.1532869567099243,0.1741086277515157,-0.1630364257321134,0.2998319290029445,-0.332398725316876,0.4260919248972237,0.0183911428553384,0.1787542711071325,0.0890905352540137,0.1940050467645174,-0.2386893057609702,-0.0017290994692943,0.316866143023258,0.4245474491522601
minestra,0.0006841733564279,6.0,1,-0.2544806766614013,0.3507886508198674,0.287802755599516,-0.0263328353323708,-0.3291342809398998,0.1580338747733079,-0.0878453052854194,0.3303377645004343,0.2284720838280579,-0.1079646637068713,0.22993799779846,0.1813838221852968,0.1015015490920243,0.2493805562905688,-0.2443398807652426,-0.2110460955555955,0.0415890310234451,0.387848431021616
minestra,-0.0002356835493745,6.0,1,0.1246385388587691,0.2457405768395443,-0.4521551710809455,-0.1378105215301746,0.2781648281283372,-0.1665089735376323,0.2561625819730325,0.2479729618484167,-0.4379441231540307,0.0711126844502746,-0.1743903656451335,0.0605486031232423,0.0841920023142941,0.1924398809240653,-0.3331164721570811,-0.2797028843627374,0.0413830067298474,0.049654336980762
minestra,0.0002403875365918,6.0,-1,0.081925818221267,-0.0612654891301623,0.3284566136786217,-0.0208250889909554,-0.5300328184084807,0.1412112578440786,0.1791223457801207,0.1936940665956713,0.3677295188490643,-0.1028772127681778,0.2416397554433597,0.2431754526932905,0.0576151626712284,-0.1065593488200017,0.1314983365431795,0.3063160511030403,-0.1453079441524148,0.3170121864866326
dan,-0.0001051151686242,1.0,-1,0.1652988422831642,-0.1220368671972724,-0.2470266275746468,0.1024611738840401,0.0858651682382396,0.3745325692251688,0.1027508139396107,-0.2394828035825294,-0.1646492159159295,-0.3467689087659064,0.1149605573612292,-0.0614372129150118,-0.1534919992715745,-0.3045040236456,-0.353532482471114,0.4225298883431297,-0.0705204474863879,-0.2856304984627238
dan,2.6510363375867934e-05,1.0,-1,-0.2276408144433284,-0.2091111045263411,0.3900187341423859,0.1776082919394602,0.1659571985463236,0.0002255877318145,-0.1295810426178494,-0.1044014686019166,0.3649555154589213,-0.0497685772266907,0.2495710415212255,-0.1330317790910024,-0.3635159368316851,0.3145604128557079,0.3537958525785395,-0.2351689222682111,0.0547149399131613,0.1880047636320223
dan,0.0001134798812457,2.0,0,0.2781922264610633,-0.3301159889786665,-0.241060896727049,0.3282972285137022,-0.2845137917455324,-0.0705162374983535,0.2107891163211706,-0.3409524772424255,-0.2881376145905587,-0.0876412388970996,0.1550229980255594,-0.1616244490210888,0.0726991554810749,-0.2921290757142042,-0.2643538832333601,0.3065245971869832,-0.0757731933282118,-0.0087465836693876
dan,0.0014284787892828,2.0,3,-0.2360304034801913,0.4437183728868401,-0.058711588031185,-0.4313476225299343,-0.0570531227753641,0.0281957818577863,-0.0868747010725838,0.3518760713690643,0.0921623472216222,0.4241824722620882,-0.0786242110696309,0.1191493089425186,-0.1930395028005769,0.2500689400360587,0.0098305885361303,-0.3354961269332995,0.0311739749553169,-0.0159362087755024
dan,0.0001529141687164,2.0,-1,-0.086313302429805,-0.4187424799232365,-0.2650076819166198,0.3925221821299236,0.0518436347735209,0.0534208672756168,-0.2289222801628721,-0.4076157600447721,-0.2922018236176363,-0.0324093598147055,0.1118303287999905,-0.0282616247039494,-0.011008191388986,-0.3269441186529138,-0.3456063766739483,0.1774229679391394,0.085987738279688,-0.0611328487011922
dan,0.0014520576948402,3.0,0,0.2714554126119868,0.1904760205279048,-0.2202901799658592,-0.185259842769141,-0.0822294468464422,0.0605129059168999,0.4366912283277101,0.2331510675480761,-0.1836909172338883,-0.1579360612839512,-0.1797647270369691,-0.2761809238766179,0.1878651229471793,-0.174601731749728,-0.1851588319267636,0.3448148903741688,-0.3607875530693333,-0.187868271229698
dan,0.0009781529525968,3.0,3,-0.2354449592635515,0.2344018979024441,-0.2724218026971059,-0.2055068232151269,-0.1346688710593611,0.0615495076342728,-0.200800074923458,0.3328405827809108,-0.2107604636224855,0.5231175184395346,-0.1172421316091158,0.1555286855592973,-0.1200402537855527,-0.3281916168769107,-0.200391081024744,0.2527187972737083,0.0968298958227141,-0.0928523183020648
dan,0.0001584208951886,3.0,0,0.1786028232980672,-0.156876951208374,-0.2096228391061469,0.1724542480109669,-0.0734623423483495,0.0629151359206983,0.3074353800896134,-0.4259482537592981,-0.3614579240565592,-0.0480930428091947,-0.0426721307415552,0.0845063405336765,0.2297966832451652,-0.4169565660521723,-0.2291146142019786,0.3436269999625805,-0.1814443366262844,-0.1114613254456859
dan,-0.0014035478723254,3.0,0,0.4024064734134507,0.2079228441212021,-0.1109102727728823,-0.2090183749555323,-0.0124366131148112,0.0454511514002177,0.4670577193078921,0.117981279424062,-0.0007921570349963,-0.0677593901728453,-0.0538042612635726,0.0347601528953322,0.3992900122592246,-0.0197714462752638,-0.0786183151017914,-0.0733021973756712,-0.5539463036583395,-0.1327978435443529
dan,0.0011787983430885,4.0,0,0.4199377303854344,0.2486141059102727,-0.1540559018786708,-0.2308904688341179,-0.0406762910708204,0.0217413280698395,0.4026283608559264,0.2140212036161529,-0.0635798895297952,-0.0269220651715117,-0.0929545129085802,0.1102255277281372,0.4544950416082879,-0.0301865748587193,-0.1031268124551092,-0.006733228442727,-0.4666495027309271,-0.1152439418638989
dan,0.0064951931552236,4.0,-1,-0.0930500856113351,0.3489072037190175,-0.2186484912458435,-0.1948623935412884,-0.057157047269364,-0.6318250242356126,0.0650661714450354,0.2968273809738262,-0.2082272697178239,0.0051998137803549,-0.1064605034244936,0.141895975290035,0.1504944073798578,0.0165425090898694,-0.0462875460333879,-0.4283161053700264,0.0742760399875517,-0.0112572035347459
dan,-0.000292339151464,4.0,0,0.4180856151699283,-0.0561542700149626,-0.1500862153086092,0.0717180477116192,-0.0593037453591858,0.0377973212715871,0.4522207848031266,-0.2291465892276869,-0.3324267513271903,-0.070118011159504,-0.096355868160954,0.1772018427279203,0.2290984639965033,-0.363736030775904,-0.2290840691457969,0.3140519294725003,-0.139887795699918,-0.1443905917377836
dan,-0.000410059352893,4.0,0,0.4083477232049868,0.2313241852558584,-0.0922059040829949,-0.2414918467680058,-0.0082417518433208,0.0374751037990951,0.4231248241402116,0.1109573467458018,-0.0377597503181976,-0.08209799992251,-0.0671354044161816,-0.2568536621982008,0.3296272692769973,-0.0904233037733317,-0.0895292976452121,0.0633137530946934,-0.5384021604600908,-0.1507454409552385
dan,0.0010364495481984,5.0,0,0.3996585045932914,0.3415456308486879,-0.2008973301880477,-0.3448914461919414,-0.0657683348240312,0.0527402375322241,0.3547615758680498,0.2717660823442736,-0.1287571553611378,-0.0281262533039534,-0.1144775395095915,0.0911515745290541,0.3138849417865844,-0.1344253725724266,-0.1844936019456241,0.2641254346300968,-0.2802033962270631,-0.140708941423977
dan,0.0032058738295357,5.0,0,0.0525415747700574,0.321717048257755,-0.2438173091332485,-0.2188874593194473,-0.1327021656289889,0.061053277752629,0.0805816178217511,0.3918261567178113,-0.1906492996693221,0.6697047459840633,-0.098204018076752,0.1650610218039047,0.1323513850184614,-0.1236265839226039,-0.145566332356983,-0.0810689922740207,0.1163263991539921,-0.0958418411674323
dan,-0.0004630361903751,5.0,-1,-0.0967770221405909,0.3184582271699042,0.2499056733830824,-0.3866492816772224,0.1181406434962368,-0.0472710303255068,-0.0173037342349445,0.4697901129592835,0.4618266968514543,0.0922955224836402,0.0352982781373046,-0.0689887542193706,-0.0797594798111714,0.2860164213431152,0.2754995996629187,-0.1415420118150877,0.0870464796155884,0.143485593139682
dan,-0.0001146364712433,5.0,-1,0.0462883366712751,0.0277088821252082,-0.0156285756095827,-0.0297310096159421,-0.0012296778338055,0.0056897491221919,0.0367029531808563,0.0237090115347093,-0.0065424645163213,-0.013708003487989,-0.005223755629134,0.0252860022522099,0.0246543469096765,-0.0229953414613734,-0.0155231672393414,0.0328812721786594,-0.0771339130069756,0.9923268214034144
dan,0.0005616643650513,5.0,0,0.4516281692507584,0.2256926896357383,-0.1263642666655657,-0.2197482404910779,-0.0278250813315138,0.0312997773568457,0.3719727289293228,0.1048038829301383,-0.0647343996570917,-0.0771230620938392,-0.0601038695160594,0.2282177513250959,0.3571703959405405,-0.0959990176359221,-0.1418653952843137,0.314735657147018,-0.4300818444441382,-0.1515274452965895
dan,6.837014511226382e-05,5.0,-1,-0.0684479301498968,0.1995362920623188,-0.3824344721754397,-0.2172823870681828,-0.1781209408518134,0.0870002141848801,-0.0337293071442378,0.1535305497110518,-0.3260494207971459,-0.1528842674753321,-0.1901907114587105,-0.2211493627345807,0.0271753356613963,-0.3356671571414467,-0.3217237834707022,0.4413512853281821,0.1540848406275152,-0.2186672961275145
dan,-0.0049744257163191,5.0,-1,-0.0004632244645338,0.1023293374638528,0.2767314028443139,-0.1541427649432228,0.1185975046515512,0.0273328026699143,0.0196568859513357,-0.0576741783572166,0.1874607192762883,0.1745215552574503,-0.646732624788797,0.3740814559472528,-0.025083605553653,0.2140599434046128,0.2373935577278741,-0.3130264116843269,-0.1224415480021066,0.1762944793187529
dan,0.001102560738713,5.0,-1,-0.0326176330697513,-0.0481310183471538,-0.2096211009356647,0.1032963938202641,-0.0860860963207206,-0.7536849343846921,-0.0553511580885945,0.0403511222966842,-0.151774355998306,-0.0994484233769848,0.2825058626805338,-0.3101045556429048,0.0207841109103992,-0.1722524743318778,-0.1907398620202506,0.2612863282229493,0.094557796844573,-0.0962726895211949
dan,-0.0062727458806401,5.0,-1,-0.1435786652978026,0.2479339507552161,-0.3791790285868633,-0.2380128451770777,-0.1636852980740625,0.0854495572215259,-0.0817118312157098,0.1980482434157701,-0.38020537830995,-0.1705153043824661,-0.2910387937905673,0.27663232928923,-0.0306163049024162,-0.2810847194245607,-0.3160158167608713,0.2638026321866036,0.1613516395398009,-0.1649056118269663
pabluccio,3.369322066701535e-05,1.0,1,-0.3396949696980131,0.3076445081040299,0.3588070671144262,-0.0525628891945795,-0.1243349730096779,-0.1848766349229262,-0.0602260095471267,0.217404986270099,0.2102925768023642,0.0030564999354117,-0.0381259708126865,-0.0430347524429668,-0.3316513955603521,0.2910975964180418,0.2802210298893021,0.1949687050065263,-0.2822900092770093,-0.3455915800930695
pabluccio,0.000582962538271,2.0,1,-0.0424508410478111,0.1369797471416422,-0.1188004039045094,-0.0395021408931831,0.3366956001332206,-0.2930044168783099,-0.126329414474021,0.2324490370837552,-0.2566787695804138,-0.090713391248441,0.0678406291788612,0.2404810739387506,0.4089808266276466,0.0874605564596547,-0.4386153463453556,-0.1260082479464671,0.3591539249630909,0.2141009404590813
pabluccio,0.0055256112178456,2.0,-1,0.0177111987709801,0.2533547075150848,0.2217962775393241,-0.0576184188222526,0.0522634614458872,-0.369201884370898,0.1214490818986095,0.3138003458833177,0.1106223029952255,0.3885491231003883,0.1128864374173248,0.0982812127764992,0.3380977990105526,-0.0078009198423094,-0.2757496212939576,-0.1001177210099768,0.1471242174683489,-0.4722647717847006
pabluccio,0.0007183849013443,2.0,0,0.2496423096229466,-0.285992971849237,-0.2363589391375596,0.157801295877695,0.0385020177785723,0.2292009368902816,0.5891769407920893,-0.4610191746335625,-0.0960454099727351,0.037316675302138,0.0490808536211758,-0.198350982392857,-0.2055454306620029,-0.2044133049559571,0.0450945301904691,-0.0453966573213756,-0.1447011104554216,0.0007163495990675
pabluccio,0.0014108437547128,2.0,-1,0.2194984482545565,-0.1571558004818575,-0.3411340002573505,0.0879208829127917,0.2067016014436914,0.313811020654161,-0.1924456508128827,-0.0138538799886794,-0.2921596068933217,0.0395528658485527,0.1580702797481392,0.0314840302702538,0.2038365401313273,-0.1633794519604132,-0.4090419534377851,-0.076766042272144,0.4860263483711112,0.1844412408616541
pabluccio,-0.0002394275056853,2.0,-1,0.2231528050313836,-0.2631974494781073,-0.1793697298496848,-0.1155175085463017,0.0018937478883922,0.1954863656221951,0.3230371989666317,-0.4243504544591154,0.046712357423037,-0.0080504803501853,-0.5143718298611663,-0.1870434364684723,-0.2445945689355905,-0.3586954531591171,0.0825339912982638,-0.0246553037728183,-0.0035725771180137,0.1226187935647405
pabluccio,0.0077350461224756,2.0,2,0.0785724250754588,-0.2839042276217829,-0.1232856593595015,-0.5579245907368634,0.0293456922595665,0.1483438578653154,-0.4558978242207047,-0.238716728553082,0.301565084862258,0.0955311696217844,0.0795132029869261,0.0532041554730285,-0.120986008455382,-0.2413154230775312,-0.0640106552902092,-0.0289111475679563,0.3243875409778661,0.082450040227984
pabluccio,0.0003122794027078,2.0,-1,0.1884506416199843,-0.2977176549117339,-0.2931024361392916,0.1504748509867631,0.1014675491858829,0.1466170167071859,0.0836221228674237,0.1129807572145553,-0.4612971753161942,0.0700211936725003,0.1229764061968927,0.1322823708211663,0.0608401741502272,-0.3196594485106381,-0.3411953119257442,-0.0704977664457307,0.4519278592730213,0.1841813816162711
pabluccio,0.0008149442538442,3.0,0,0.1868483760735929,0.0649263493858248,-0.191161862179331,-0.0065038046136617,-0.1951426526220304,0.4140722414318923,0.2305421512243027,0.2082919749316855,-0.3273579012393698,-0.1282101926721434,0.0009915596432043,0.2668903158872098,0.2593877224496972,-0.4045494793427095,-0.2741961215622724,-0.0913347490060021,0.196396730035069,0.265223340690036
pabluccio,0.0069695609617692,3.0,-1,-0.0068819070607453,0.2166155951701748,0.0952024774772049,-0.0372639460142593,0.018889038938195,-0.4443087562178869,0.1384275207697496,0.2947436161482457,-0.0765737713389207,0.208809326588975,0.0743741204635887,0.2324137473520355,0.3472879521372886,-0.4181569358331382,-0.3455915709296221,-0.1028453598292917,0.181376630142783,0.2671896326952664
pabluccio,-0.0005473608440269,3.0,0,0.2881477528218247,-0.2293776858652467,-0.1613332724218665,-0.0573993152100622,-0.4749780567876015,0.182631741381118,0.4691061669842228,-0.4003984505173223,-0.0035583165423568,-0.0100521361130049,0.135545681426857,-0.1629907714789533,0.0748652196610301,-0.2449687044044892,0.1492432632168214,-0.0248526812661767,-0.2207530175446368,0.11578307880626
pabluccio,0.0163339367546704,3.0,-1,0.2366133395707691,-0.2691282562471578,-0.1499861946943409,-0.638213497672481,-0.3918977712671831,0.1534412897980462,-0.1259772236740546,-0.1430851015337207,0.3677627981409334,0.1757925602346209,0.0527298226202776,0.0771280582174042,0.0846207653254316,-0.1869207008600987,0.0257161307567361,-0.0247897838587138,0.0463785019335557,0.0888345106515087
pabluccio,0.0015700096285678,3.0,0,0.2375598954097528,-0.3250079271824956,-0.2299432522221032,0.1676216719389647,-0.5039871050726761,0.2644711093962952,0.1490036437824071,0.1271110644742988,-0.4035890303001698,-0.0595855852944349,0.1155791706483736,0.2241092049417476,0.0276506479182193,-0.2581931824203605,-0.1967655739438143,-0.0635592748709646,0.1498917509688673,0.1788480522081826
pabluccio,0.0001003879764947,3.0,1,0.017110022071716,0.0667793640658543,-0.2914670740554171,-0.016585050813758,0.397613718812472,-0.3389962736919263,-0.1443041828199876,0.0860160063963375,-0.4138335356554722,-0.1455634488044938,0.0489425486754637,0.2028048072454808,0.2508377791556011,-0.2177625243386964,-0.4282949238849963,-0.066322538706098,0.1914634647876907,0.1948753126072563
pabluccio,9.376168081665215e-06,4.0,-1,-0.1004198171150939,-0.141439952049336,0.2230567315604909,0.034078852077998,-0.0057199765200592,-0.2594239348432451,-0.032914363454392,-0.2246059088852328,0.3680182392448375,-0.0257598356896089,-0.0918807010819371,-0.2402204329964901,-0.3970489133367686,0.3389197354569436,0.4647897231940865,0.0920448761980648,-0.1641094930974443,-0.2719066922508828
pabluccio,0.0016898843647126,4.0,-1,0.0326066686952567,0.2101433119023805,0.0284975473827498,-0.0464840364889769,0.0920247431515418,-0.4190577601217178,0.084008658382942,0.2810864307499269,-0.0916945606875618,0.3025490272251022,0.1765572441234689,0.1485331148805535,0.4275088197873918,-0.3797750451659408,-0.3592604375454087,-0.0863180565797811,0.0781485852709708,0.2426137314167612
pabluccio,-0.000327452901306,4.0,-1,0.2150956593011224,-0.2700921466650011,-0.2446855538095379,-0.1819454962511725,0.3688010901767142,0.1813687392415024,-0.107143901557489,-0.4067186294914631,-0.1814776817139248,-0.056478902801099,-0.4681293267158268,-0.1499618345096172,0.0551710847138195,-0.2776764161099104,-0.2296415029107478,-0.0237828920111907,0.1317669610050354,0.1158927550178692
pabluccio,0.00106544511557,4.0,-1,0.1694738036448685,-0.3194474025925197,-0.2517108471178031,-0.0226155164446719,0.3901187124265407,0.1092035089954981,-0.2981347092216789,0.0237631465307332,-0.2959012983066278,0.3132054869627118,0.0911776031562541,0.1617969768866308,0.2009413436281089,-0.2808432637531003,-0.2693393646170347,-0.0400194204720276,0.3452401326135693,0.1380649674512333
pabluccio,0.0001017714844773,4.0,0,0.4593451252538668,-0.1108466217550665,-0.1274921862968881,0.0680280926015935,-0.3608736964937408,0.3090054149006845,0.31030986265244,0.0491679084124654,-0.1354455671695185,-0.1354705338297705,-0.0821114035851295,0.2489188234796684,0.3665527601153024,-0.3727638147676224,0.0484975133944085,-0.0530948166821356,-0.0897933738787419,0.1986474305830337
SADAX,-0.0027390239120361,1.0,-1,0.0440606594973459,0.0100464113433181,0.1916422045126867,-0.0336493034017118,-0.1388477890686296,0.1433657763854136,-0.1283405152952087,-0.2642517132818882,-0.0625920926754488,-0.7506440021396869,-0.0540153204908999,-0.1357691887776402,-0.0241790096657996,0.2685726857237496,0.3173388864039653,0.0269889511873411,-0.0767300963919486,0.2553333116078439
SADAX,0.0031524126113687,1.0,1,-0.4983791406498287,0.4589009082251035,0.1727290016101226,0.0142586550626419,-0.0046141328463558,-0.2343393958638001,-0.1214258412153511,0.1294359932655715,-0.0972618427137339,-0.1097038256704425,0.0737067527880935,-0.0516542566296033,-0.2452046394662861,0.4387005794591087,0.1040923109573374,-0.1492141417454439,0.1587277871822186,0.2899684138087246
SADAX,0.0016490604471577,1.0,-1,0.1359854666526115,-0.3965211434883903,0.0664577775322237,-0.1170020482662942,0.0514993037763952,-0.2058043787474641,-0.0187042389151413,-0.4309446175301594,-0.0556167173745196,-0.1285856198575798,-0.5107653867745215,-0.295537739602887,-0.2657371768267617,0.1398188893746756,0.0885883088564799,0.0477224802809695,0.2385185304246337,0.2237605616234685
SADAX,-0.001226166448182,1.0,-1,0.0925373152294451,0.2172300704402718,0.0867122057128727,-0.056260969833903,-0.0895767658773133,-0.2400815700989202,0.5206966115587951,0.2334579537682057,0.4248381037579796,-0.0308910906229776,-0.1612828819225692,0.0455804929983342,0.0560368230382004,-0.0333589494444088,-0.148044794411835,-0.1044780446181122,-0.4894243272363499,-0.2368954207351924
SADAX,-0.01415462371987,1.0,-1,-0.2540502054794562,-0.2799225736148304,0.3654722345590033,-0.0476996888353509,-0.1916058073952148,0.1790476959511628,-0.099995515873702,-0.2179266982310181,0.2376887269398217,0.0855635283558907,-0.0696755817889788,0.6441074474041645,-0.1794517926038863,0.1475132467703499,0.019168965439341,-0.1984735730263808,-0.1317075670497993,-0.0194752456927056
SADAX,0.0019177118581502,1.0,0,0.3322964029824291,0.1946226220177215,-0.3063155614487012,0.036997778441104,-0.3583312098369604,-0.1339517276213101,0.0926873867508582,0.1789841138496853,-0.2333301900114859,-0.0844020401980972,0.1182995050523716,0.1975353762896794,0.4870465108269601,-0.2883859165166566,-0.2529396333715821,-0.0515610632626308,0.1343825695440091,-0.2233257579221029
SADAX,-0.0003820667660129,1.0,-1,-0.2534180892119517,-0.1705487598089096,0.336284904170625,-0.0360471530265149,-0.2753444012006352,0.1345534787766925,-0.1021756479649589,-0.2009322802039074,0.1724500955212108,0.1038666528348879,-0.1001322647441745,-0.1925529802903484,-0.3814232395386151,0.3112015903789127,0.4072923879513829,0.2439309389859404,-0.1931312023646466,0.2343566248009472
SADAX,0.0020898848868586,2.0,-1,-0.0922891168814005,-0.076895887681599,0.1515237959001636,-0.0147707464278599,-0.1158549559369519,0.0585366375707591,-0.0419359263557918,-0.0872309330622126,0.0737844727235286,0.0449155103592812,-0.0417227263747411,-0.0833728214808319,-0.1657749322168577,0.1036719594596677,0.1827593345802885,-0.9111827124516828,-0.0859536720426547,0.1036813757398583
SADAX,0.0087073370784171,2.0,-1,0.0229467489140459,0.2510640774008318,-0.315550689437006,0.0383840586501982,0.235252243217817,-0.1347943521928639,0.0951938119066163,0.2362198652206288,-0.2243213258764164,-0.0944283533930724,0.1352506007033842,0.2191577719688221,0.3273509121257011,-0.4377106784064495,-0.4121425476386833,-0.0991773996638743,0.0665683606048522,-0.2976273083462299
SADAX,0.0064107441759892,2.0,1,-0.4475904968921425,0.4712180374053545,0.2046185051305675,0.0136512889511769,-0.0314281575383352,0.1650099149705013,-0.1525009139528373,0.1922543523336248,-0.0843256828927703,-0.1151515653892249,0.2121625803946601,0.0120660430482508,-0.0964158817499746,0.4321499341828694,0.085215727373788,-0.2351187194067794,-0.0507822654519988,-0.3470255604853386
SADAX,0.0088889487840757,2.0,-1,-0.2093191758163301,0.2225183374902661,-0.0575868445718484,0.262436377588027,0.0294355397305928,0.1852254482932941,-0.211107657470085,0.3325025628189003,-0.0303283402181065,-0.0961968453594088,0.5673741711963031,0.2951763652584479,0.2992030740426575,-0.2030731815006325,-0.1470877781751353,-0.0269380295206714,0.1941613207514462,0.1847868912096136
SADAX,0.0034025916164451,2.0,2,0.1594771626921332,-0.3809190104461134,0.0463112273583248,-0.7205191303218188,-0.034867734153695,-0.0975703428875576,-0.2425540502431474,-0.3433733826195922,0.0296277885513538,0.1177707612321939,-0.1124006727321117,-0.1121415927836798,-0.1502703750836011,-0.0183409023257822,0.1535290205431874,0.1297762951791854,0.0084713500987846,0.1316887470058595
SADAX,0.0095456389851927,2.0,-1,-0.1438020726943202,-0.0663127023571428,-0.0517962949702633,0.1314105240424875,0.0136936511146798,0.5941963426550402,-0.4806173376987823,-0.2724852863717326,0.022182565106846,0.0079817058736178,0.2022312537052781,0.1138469690097856,-0.1136353349979526,-0.0320983018573724,0.2575898336560778,0.2441566215589757,-0.0018658379380473,0.3196057023945672
SADAX,-0.0027666931426543,2.0,-1,0.2458707993810894,0.0518362026080179,-0.358436516045028,0.0513837889912674,0.3286410844093377,-0.1551974437168877,0.1155570846751345,0.2256039734581799,-0.2192151182905337,-0.1055910859853558,0.1439372304333987,0.1939619254833707,0.4665061877185855,-0.2992524172241291,-0.3085241704580932,-0.0405954328104681,0.1716776375831137,-0.2415976610349146
SADAX,0.0044479680698153,3.0,-1,0.1530517572208795,0.0319589884765422,-0.3357541265157475,0.0496955549437447,0.2789208751984759,-0.199465691000581,0.122352266139047,0.2095658251525766,-0.1748600925692734,-0.0917899541901538,0.1282799010928096,0.1758704555546205,0.3587683497085769,-0.3840881192108704,-0.4434015045352092,-0.1387873124448445,0.1860355123602273,-0.2660449930541743
SADAX,-0.0048783026289143,3.0,-1,-0.3698631589999017,0.1442599524055175,0.2286440316401284,0.0576256252669504,-0.0852396478287974,0.5086983371178748,-0.1687026580465615,0.033616729541225,-0.020625419909211,-0.0635932701509639,-0.1645644852453812,-0.0976527242191312,-0.1456997414043395,0.3462821937748089,0.1454479749875651,-0.1406518132091739,-0.1731176005717928,-0.4878795737444532
SADAX,-0.0013737506582211,3.0,1,-0.0415599617165467,0.3267262963936482,-0.1371827643177765,0.0474918041630931,0.137246509498267,-0.1785148453473792,-0.1084283569400171,0.2916836762753478,-0.1443548416219876,0.1043565832226098,0.624490672100857,0.233967577352965,0.2291764017277314,-0.1826018451696097,-0.1983071024149444,0.0002960074977614,0.3046422517900676,0.1686768744606515
SADAX,0.0005976034255692,3.0,-1,0.0392904201956282,-0.3511726983456419,0.2991814538930398,0.0464113832044844,-0.2212805312726586,-0.1259507787402856,-0.0952731312231712,-0.3056352543015341,0.5049984224597504,-0.0307299789303138,0.0729650196088425,-0.1467293814829068,-0.1689327187449566,-0.0386510388295448,0.2664325867539574,0.1434054962471092,-0.3748933811329893,0.266837165126629
SADAX,-0.0014325908846025,3.0,-1,0.3147747898853418,0.0410068120281118,0.3534993056880276,0.0393389812831604,-0.2760882960092273,0.252715127748059,0.4216649719402144,-0.0766592529236916,0.3825857736433443,-0.0214417488213566,-0.1221676173443782,0.07814776600355,-0.0576436850950256,0.0993199371958553,0.2424472731920309,-0.0123587123518124,-0.4275859422186943,0.1616918755210001
grims,0.0027605828510413,1.0,1,0.0611419269405754,0.2270430602420896,0.3201009352431563,0.0161287936989995,0.0995795185801033,-0.3027277415548559,-0.0573702392021408,0.2500268459528795,0.1621017329319407,0.5446685573868523,0.0545386925288042,0.1203531041148371,-0.1974282987901957,0.330048233554173,0.1128049373782024,-0.3214172011650531,-0.0132053067715029,-0.2647737978409105
grims,0.0006623978024061,1.0,0,0.2184883865708292,0.0806414495506159,0.1723916247845907,0.0772428919392985,-0.0755737579289699,0.2011264288720159,0.1292949038222515,0.1856171633219832,-0.1024138814811319,-0.046308159995274,-0.4519703362691245,0.3343139697323972,0.1064607297354438,0.3157112608958328,0.3368384922931791,-0.1791640290783191,-0.2980184932879565,-0.3724000742980471
grims,0.1102205235978103,1.0,-1,-0.0148745311312828,-0.0889837287901035,0.0428255379892398,0.0550912453961786,0.0562848723752779,0.0848720626392068,-0.0081490955039165,0.0405773321185247,-0.0222133705673029,-0.037318554768639,-0.1649531447543988,-0.939967744970854,0.0034874085513701,0.1069727077817978,0.1404325822575652,-0.0574080879608137,-0.0439303158627652,-0.1608421191149276
grims,-0.0015201140862369,1.0,1,-0.1205958114974188,0.1319072369485429,0.2919447508783896,0.0395257110642694,0.2442664803122201,-0.3815170535399749,-0.1712172898634149,0.1019733770849908,0.2054330120388119,0.0294495708467315,0.1530387455008628,0.0585711813881614,-0.2516796908255747,0.4492989303772948,0.0680407371064997,-0.4382165322498694,0.0202138343064043,-0.3226798720656192
grims,0.0082346046339744,2.0,1,-0.0411640037123824,0.1296509595401229,0.3088645903677668,0.0255056250074187,0.1262188568268366,-0.2669159688380202,-0.1518395617903688,0.1766454172835509,0.2012732897181207,0.7150091663997019,0.1411228663356401,0.0809519761466845,-0.1565517145226548,0.2343359316057678,0.0341237867045308,-0.1753248872658326,0.0256704598092835,-0.2319745041392932
grims,0.0030965358880914,2.0,0,0.3527268287491064,0.3590841425319951,0.2740539615884955,0.037156507579342,-0.0646973110660807,0.0338628412519566,0.1576034111060755,0.3428434194374248,0.0996467243385682,-0.1038796166257374,-0.1027082054480167,0.1476499017029906,-0.0447040973033015,0.3024757500236314,0.2297698334861145,-0.3093050110499493,-0.309613685636809,-0.3627105648043314
grims,0.001595454668083,2.0,0,0.1689858365815854,-0.2663794064886565,-0.1077777538083884,-0.2408597902431546,-0.2732476695070607,0.2639540230485309,0.2955671748073139,-0.2469286642488521,-0.0277243104780983,-0.076768638919157,-0.1370565672370062,-0.124026432710743,0.2894392837247611,-0.2810597789844188,0.3112362288542524,0.4261434151104419,-0.1932258114008914,0.137059651167762
grims,0.0046233352048857,3.0,1,-0.2556224667185613,0.2303684211367072,0.1093231983527547,0.0346591130480599,0.2565369400996514,-0.226565977306961,-0.3379492975026658,0.1972216384805496,0.1070244272115511,0.3477246904148016,0.2661748715054254,0.0814291237834664,-0.2607705658134864,0.2525664034482719,-0.3118780926032017,-0.1672848934846784,0.2258246643159069,-0.2833704201255467
grims,0.0114896698268015,3.0,-1,0.2699721248548462,0.4545036609897702,0.3325046687794289,0.0079794337697432,0.0032271691208513,0.1273404192309865,0.117190365051169,0.3353258867560186,0.1936123167552141,-0.0738965353855947,-0.1248500017898568,0.2201986150567523,-0.1600902862408898,0.2232013261246811,0.0050010934864779,-0.3994291226366122,-0.0705572699065978,-0.3471301537870339
grims,0.0004779333059511,3.0,1,0.0169664387229279,0.3223707981017464,0.060214954667528,0.240844795529557,0.2851661268277406,-0.1409153630604502,-0.1377474436697867,0.4184072515396747,0.1881210681785636,-0.0173873442301265,-0.0672278735478989,0.4001933152447088,-0.3159632385999186,0.1144963312261927,-0.2001374760911226,-0.3679083325278715,0.1885013379293646,-0.1211969096231533
grims,0.0026927980076053,3.0,0,0.2784733694779492,-0.1601601833557604,0.0630458393881464,-0.0763615081058319,-0.3599368350158955,0.3263169237031977,0.42547104971977,-0.1482100323377753,-0.0301149541484276,-0.0081817104753364,-0.303754059804302,0.0071079243689763,0.2659680583157935,-0.1755764269640324,0.4446795433838105,0.1433880470477204,-0.1747376358006569,0.0653918259562018
grims,0.0044686254292049,4.0,1,-0.3761463857256587,0.090114220823067,0.0820574437524235,0.0290079460116742,0.2377677889254947,-0.2693477963061075,-0.3700494951677709,0.1409750172882706,0.0806412597202455,0.295660610117043,0.2487723380065597,0.0686791507332527,-0.3851032479643757,0.1027578895356443,-0.3209435180015115,-0.0750380838133003,0.264967504845408,0.2422735161141633
grims,0.0009515143098336,4.0,0,0.1640661355285392,0.3606640666746645,0.2112929274256996,0.2467808081394675,-0.053760341270701,-0.0574544846816911,-0.0027506282574434,0.3837926835523662,-0.2171148065445439,0.0240653755553623,-0.1891164480240146,0.223792853428893,0.0983227112234275,0.4433174860074318,-0.0631868457646673,-0.296707200876203,-0.3062277777981842,-0.2416515853063781
grims,-0.0006739108115328,4.0,1,-0.3876127345179172,0.195582110264913,0.0857625045617408,0.0201615463934897,0.3165950363107451,-0.2932299323063401,-0.3952183900109807,0.1233526563229739,0.1090500913363267,-0.0676204062893365,0.2617993431014105,0.0205269620274497,-0.2601506857190988,0.0640688059234423,-0.338209967459766,-0.0839740251452693,0.3759550967294995,0.1616320150746804
grims,0.0044028176049048,5.0,1,-0.2925842433104097,0.2020356819316699,0.1846202213216675,0.0290856089920245,0.2674681178470577,-0.2692861802283573,-0.3551754433633348,0.2053176971146669,0.1057400452870488,0.3538470325294614,0.2604779554112759,0.105909296504801,-0.2703345476540973,0.0384875579581934,-0.2847456606975393,-0.0616296690566148,0.3337279328918505,0.2000433139853609
grims,0.0232279417541124,5.0,-1,0.3615748147632435,0.5102715952838289,0.2881953613793319,0.0320224792660552,-0.0434289663229491,0.1750402853863192,0.1605114489900028,0.3466969817364268,0.1787467293179576,-0.0690774757857599,-0.1774061218391725,0.2370146071935608,-0.131320373845886,0.0708746928480171,-0.0729556470824875,-0.3314654865228455,-0.0330259999188587,0.2887816239263544
grims,-0.0010999726344482,5.0,-1,0.0487554013625724,0.4189182630030253,0.0548050659637917,0.35824183063823,0.1782295038805195,-0.1899467244209904,-0.2185130551483655,0.4484396298145424,-0.1009879676331037,0.0545880018741949,-0.0221393637334535,0.2500889681430568,-0.1137780175470345,0.3124744205368273,-0.2479231475024554,-0.2897720885608207,-0.0788706698639618,-0.1887986429487876
grims,-0.0013403216509427,5.0,1,-0.4006139567422574,0.1607542608058817,0.0845884655561788,0.0206785495874891,0.349529131087206,-0.3074946167360942,-0.4107028358682615,0.0891034874328008,0.1165360716124024,-0.0506005049164197,0.2703694423523843,0.0173735782267163,-0.2691396335645518,-0.0057178666462298,-0.2841568015348708,-0.0074092227185811,0.3794145030469656,0.1611743811381715
grims,0.0037474372393547,6.0,1,-0.3946078253367752,0.1109597375383646,0.1294841761774812,0.0319906714885684,0.3085670852124444,-0.3258648099526804,-0.392776609281106,0.1571151573982704,0.1083433978819521,-0.0723114440969674,0.2604336151771579,0.100894405096947,-0.3108839582671792,-0.0321015369294427,-0.2477500730191267,0.0276957207582925,0.3867657403151165,0.1715694278217712
grims,0.0138940011859356,6.0,0,0.497529661628818,0.3838590735387354,0.1929637527449688,0.068777523457722,-0.1459079894109086,0.2274622654264901,0.2112325519250056,0.2597225375124308,0.1184755503615287,-0.0033325416315252,-0.2459955694389329,0.26702560121929,0.0699858800406715,-0.1043324907609297,0.2119388998056265,0.014447643175129,-0.141201178395814,0.3890191879436248
grims,-0.0004609605478715,6.0,0,0.1149501343649901,-0.188595298158213,-0.3564659276089117,-0.0017444868281084,-0.360356796633536,0.1353465434340248,0.1757568195083814,-0.2000585708373834,-0.425020999160867,-0.029289837653519,-0.1953943670413977,-0.1552616492422722,0.34231418444853,-0.3603463320530924,-0.023627743492181,0.2259414977971212,-0.1560636901014083,0.1956517610510892
grims,0.0004298213290399,6.0,0,0.287520535005795,0.0142219955999233,-0.4613657983593731,0.0415225195157987,-0.31807082006545,0.1074453097281643,0.1445518699459402,0.0836537433392624,-0.4227032312314326,-0.0530025539380189,-0.2678504616107545,0.0251755813532781,0.3579355286204076,-0.1502456009046968,-0.2352245796425483,0.023037250304654,-0.2804562067077082,0.1512179461561928
aaa,0.0009713755150842,5.0,-1,-0.2471289982370868,0.2228637678586847,-0.1308982641704666,0.0595806817014017,-0.1063545285082231,0.3223948736100341,-0.2589871280493027,-0.1177169704274178,0.216627232022262,-0.061482391180776,0.4758429507547159,0.2653488412589663,-0.1510816647168985,0.2107895368698271,-0.3579113189473832,-0.1735396705247332,0.3140853912480718,-0.0269333244608703
aaa,1.4481593740361653e-05,5.0,1,-0.378576829933387,0.1349171341796285,0.1861909467911149,0.0452596085041547,0.2159983743723485,-0.0990740224540668,-0.363585021764535,-0.0926892136855994,0.3062590130396936,-0.0438941880410424,0.3641115578976269,-0.2288277080236218,-0.490330403760967,-0.0241334942129836,-0.0723670991613011,0.0320208943189067,0.1910750657376422,-0.200165323294881
aaa,0.0002189293444973,5.0,1,-0.25188084902055,0.2958942983327073,-0.1869644675803307,0.0296669383447225,0.2128797145680385,0.1548776430573617,-0.2432325622650323,0.0347456282745776,0.2171557801725349,-0.0614175964661252,0.2385557192675504,0.1434986774095758,-0.2960224447111348,0.4038875117177903,-0.2518520966337282,0.4701001708551785,0.1324770896050382,-0.0483205288230878
aaa,0.0010358787483683,5.0,1,-0.2832235726750553,-0.2941795138957239,0.1709994774507281,-0.2659541453745106,0.2568470407976768,-0.249350198901142,-0.2789241815297323,-0.0136263191758145,0.195391159918177,-0.0599520228978494,0.3119695888800556,0.0712779530128856,-0.3674258423561167,-0.3081559580404232,-0.3446906784479472,-0.1145193157154556,0.0702151609691922,0.1270599121161778
aaa,0.0049205830992277,5.0,-1,-0.2244649997412011,-0.1286887147737579,0.0080970616094244,0.0795766936301048,0.1269262959853643,0.2354977039803894,-0.2492362149788598,0.0022246070656716,0.1179589236889935,-0.1124384079323013,0.3172358085358014,-0.4521482824500685,-0.2332892472887741,-0.1792705166737997,-0.0702932589454876,-0.0891669997036287,-0.2681817489260057,0.5384747948488898
aaa,-0.001872861379455,5.0,-1,-0.1419783897127024,0.1581911254495569,0.3934874428474432,0.030476950231321,-0.1622541389209403,-0.2882401262457043,-0.1378006878445184,0.1405606041028029,0.0969152667065156,-0.1208853439171882,-0.2441853138915984,0.2069172478442407,-0.0573767643410546,0.1347479305933583,0.6266359062700393,0.2601686676321417,-0.2063856233710209,-0.0070664845359156
aaa,0.0015365023118236,7.0,1,-0.1948806344680399,0.2117416282668461,0.192066860265052,0.0252713941869446,-0.1515497099989108,0.1645922838009428,-0.1653873512893381,0.2131637785749649,0.1041998460544922,-0.1361111686048559,-0.2806895428418323,0.196166589404176,-0.0730955221166457,0.2471897723792497,0.6415783689826549,0.3031277832455308,-0.1923618860864042,-0.0565605249505667
aaa,0.0013332669763465,7.0,3,-0.2949352551650457,0.3539437380915107,-0.286454625720854,0.0228582638638659,0.0162305064528119,0.2330383416924389,-0.2683880759022767,0.4010729261844991,-0.1259379163871394,0.3472029898237862,-0.2171543808984184,0.0615164114262211,-0.2682035868516511,-0.0229705441755519,0.2173119705696035,-0.1068360617694783,0.2902793502832304,-0.1224108106623976
aaa,0.0002871165615851,7.0,-1,-0.2897992344884489,-0.3099700534020257,0.3755791990610891,0.0782089608201825,0.0230128484441925,0.1605306302386025,-0.3368924326310875,-0.4329671639266812,0.3001412599510841,-0.0852380377854025,-0.04092229056013,-0.2658911975545436,-0.3111979395781252,-0.2188222378195765,0.0261892315877368,-0.0285819723598361,0.1002303708177622,-0.1396514207559051
aaa,-0.0003251999386025,7.0,1,-0.1789754045213707,0.2199173442161729,0.1123887595734617,0.0161993773441862,-0.0488623670350945,-0.2402301969201131,-0.2113962577939521,0.3886166134897423,0.0175043838434389,0.6255192230332699,-0.2005877155582807,0.1018574295074113,-0.1192984906417598,0.02807805863736,0.3483734345141202,0.1373424279399484,-0.2148217026537462,-0.0855233984878386
aaa,0.0006991853687058,9.0,-1,-0.2533193634500867,0.2999748767247139,-0.1749820237466343,0.0305353298121155,0.1849660685111396,0.217772939179561,-0.2587969864151653,0.407118547345016,-0.1031836163625343,0.4508198527855426,-0.2414726335003764,0.089684836136045,-0.1859556288503382,0.1373000042744898,0.3239706781950558,-0.1485808635258706,0.1763475321020344,-0.0901889889152276
aaa,0.0001274666768809,9.0,-1,-0.2715170750688737,-0.329873503345362,0.2964883435680649,-0.3666432662948634,0.0235456138896497,0.1209259416869238,-0.3519196534147726,-0.457076781637283,0.263937642502674,-0.0654512901705939,-0.0568856364288451,-0.2163148597863168,-0.2404730301029689,-0.0516070741167835,-0.056185473192266,-0.0721898834422815,0.2206355637787818,-0.0753084947242932
aaa,0.004365631260709,9.0,-1,-0.3562321704654698,-0.4208663042243556,0.059739878094338,-0.3704727639686147,-0.3528545416648181,0.0455530307117514,-0.1126776531706373,0.0581164042781579,-0.458104799869733,-0.1347731883808134,-0.1958858372266857,0.1572760597344226,-0.2800958341330991,-0.0355694434654978,0.0724989645578381,-0.1010768378430587,-0.1049686651987732,-0.1231070559036029
aaa,-0.0018910606805912,9.0,-1,-0.3052356439715051,-0.4114898148198206,0.1875528369204779,-0.1485918287535222,0.0558228801418716,0.2225146346090219,-0.316739646381712,-0.5464061326458819,-0.0136287571659763,-0.1156028469281104,-0.0701015583192482,-0.19460069806447,-0.2471263566383543,-0.0717732101114004,-0.0274243139367513,-0.083180274790766,0.2908513382198849,-0.1179716512548907
aaa,0.0009443273889204,9.0,-1,-0.2512508172739916,-0.397298444469782,0.0891795652704368,-0.5494378432417815,0.2456853814838646,0.2162998817066753,-0.1570962128843561,-0.2588148973169066,-0.3834225028947123,-0.0959900909443879,-0.1545758902323852,0.0079918178844871,-0.1958275791551654,-0.0620562658589228,-0.0346261882156665,-0.0679080056767523,0.1718396382184338,-0.1125054538134796
aaa,0.0008232111431261,9.0,-1,-0.2093655840582439,-0.2187108276439978,0.1496054026073998,-0.6300260821605365,0.1939811264447619,0.1647708422275937,-0.2126918481511554,-0.0687351696342605,0.0449517326033571,0.0121409612468637,0.2600500419007524,-0.4072265697172763,-0.1878768558209951,-0.1255019164562567,-0.0603638803830662,-0.0569130487784367,-0.2592830128329091,-0.1161462406796178
aaa,-0.0009769141612015,9.0,-1,-0.05831188339549,0.3513989107339549,0.3776072976097849,0.0048718040642891,-0.1412701371820292,-0.2542723958632109,-0.0430326738684413,0.0272125600612002,0.0956271866197013,-0.1162090386333158,-0.2288385498866702,-0.4059160020947376,-0.0052833794562816,0.2368980814200891,0.5360256187157694,-0.156108310469836,-0.1829175816051088,-0.047103920173787
aaa,0.0013967345689825,10.0,-1,-0.0989461018531768,0.4260352599368155,0.3233411665488375,0.0042293044469745,-0.1605174222260796,-0.1164500612922891,-0.0882247659387263,0.0726108405091196,0.0964711094450726,-0.1403482896286047,-0.1522777251770426,-0.4240052692884519,-0.0466794597845212,0.2551685517707298,0.5487972391063077,-0.1657275259638981,-0.1424156451582811,-0.0597020478206037
aaa,0.0015426213516045,10.0,1,-0.3109177279481646,0.3600113096205501,-0.2803005665014489,0.013473501042749,0.2361078820565072,0.2364399939935811,-0.2595741592053288,0.3367353141544024,-0.1605589896604161,0.3549337847874038,-0.2352102961119545,0.1022417423150786,-0.2557888918190427,0.0244653923496797,0.1248756916832768,-0.1177985488579712,0.2840149313402007,-0.0941062888564554
aaa,-2.6269261312317147e-05,10.0,-1,-0.2832201859364805,-0.3463930794831403,0.1813513102675503,-0.1610233356138385,0.1534120599597588,0.1609866592428344,-0.3792073455497102,-0.4677456268071779,0.3153917255889735,-0.1066724702946801,-0.0304682077502645,-0.237780201018165,-0.2510277332165179,-0.1232169771628876,-0.1225055575516529,-0.0578617705023765,0.2432804014939384,-0.0699157576209317
aaa,0.0034233208336083,10.0,-1,-0.2492590419786315,-0.3782691121627696,-0.0740637032515419,-0.5272128278329361,-0.2565355886184683,0.1574348663823116,-0.0691942309932011,-0.1451757487775304,-0.5631065767173408,-0.0334787142947326,-0.1339753840793887,0.0872050430446787,-0.1788848336672263,-0.0768566145536003,0.0182598954748491,-0.0511645831794678,-0.0545257149413286,-0.0853729863711216
aaa,0.0002388729044851,10.0,1,-0.2601615016401288,-0.0536736544427866,0.0696259467752138,0.0649524796269368,-0.0756211063085277,-0.2770424398563542,-0.2645531375434973,0.4547484437357146,0.1443313731238779,0.5580697449961146,-0.1942747401775375,0.1355146497042333,-0.2093970131598896,0.2537050292663706,0.1332653502967407,0.1553771271829967,-0.0888218989475789,-0.1213601807485553
aaa,0.001946774646447,10.0,-1,0.2274144005668879,-0.1933000689998155,0.0898170418347019,0.1713015332219799,-0.1741171542171259,0.1643325405166424,0.1846123746284461,0.2528243314505659,-0.0828525305670052,-0.1369505628237652,0.5706803431507217,0.2470937650855984,0.1304981435113258,-0.0906490435380352,-0.3487872845317833,-0.1224044320508944,0.340800989291638,-0.1667437968007911
aaa,0.0009654028567307,10.0,-1,0.226191021163141,-0.1913491593590212,0.2015093415014212,0.1283399683477399,0.1401994096661849,-0.1006262071641904,0.1641379792585634,-0.1298272459028412,-0.0143689115715944,-0.0263079004544191,0.3006084725120345,-0.57154661293057,0.2149608723739204,-0.449830520475926,-0.2016145298913851,0.0193159993561273,-0.271399649841858,0.0200881791237277
aaa,0.0025483746070236,10.0,-1,0.2591544359243782,-0.0802682247811461,0.287769146011028,0.1032817815879333,-0.3144618436591804,-0.1720566942372473,0.160568314063446,-0.1857205107034887,0.0054042585026275,-0.0103934645286925,0.1772858529429009,-0.3415594917828709,0.2698551820326093,-0.4738942654591134,-0.0698372523882024,0.0052676216086606,-0.1408641674493936,0.4168669407264212
aaa,1.056071636512548e-06,10.0,0,0.3722937871172052,0.0830836887218274,0.2397578553920593,0.0551694934252419,-0.3382534622790401,-0.2830531045955533,0.3843036561286853,0.0117330749846807,0.1047554456987166,-0.0666469981940508,-0.4032810804321019,0.3228104938466734,0.300843103369694,-0.1609429433969416,0.0249308098150271,-0.014743416829352,-0.1650991823857796,-0.1576130595077557
aaa,0.002328612641716,11.0,0,0.3660552756316879,0.2135954133071612,0.0372385564361833,0.0252119133921083,-0.2483633070796651,-0.0996594153330205,0.3137078144165989,0.0512062516222746,0.0539616095078337,-0.0675005839473634,-0.1987486418521092,0.2018459916039835,0.4430862618008167,0.2918080937734815,0.2013179354346469,0.4185996135271776,-0.2430189828473411,-0.0413037026290923
aaa,0.0004717062035346,11.0,-1,0.3618269210453142,0.1989696472066062,-0.0362548409733513,0.0313799127366518,0.3652463724657835,0.1897828787810661,0.3519119408716264,0.1116972824496136,0.062006651035485,-0.0666577715722834,0.3899370664132496,0.2862564624917403,0.1824720879263358,-0.0072702762387189,-0.1184431374463047,-0.1078410214002188,0.37469314732859,-0.2824329956893284
aaa,0.0050567763631381,11.0,0,0.2141201869920932,0.2930449371612729,-0.407688803854284,0.0294781296410756,-0.1673022977363259,0.1904636814122435,0.2186867672923015,0.3979486546202572,-0.2898234390047709,0.38088371867078,-0.1864475342315075,0.0956198311866293,0.1824764856279241,0.1019599829630706,0.1060394894759887,-0.116967764506554,-0.2548410415893073,-0.1555809146010284
aaa,-0.0002701430519784,11.0,-1,0.2663904519453456,-0.3196694859334673,-0.0498769676471366,-0.2403313615825901,0.1781414634521922,0.220658429562856,0.0825609910355118,-0.4264030872481077,0.4269272898635826,-0.1113584071813596,-0.0504006234329839,-0.2783192525898582,0.2213857828138987,-0.0962346181661304,-0.3144859448563092,-0.0524197924589075,0.1769997518547508,-0.1778197971522371
aaa,0.0010935991068381,11.0,0,0.2301469458779915,-0.360083795202862,-0.3495255958256017,-0.1259973229589756,-0.001746911028028,0.0936069593110454,0.3316688391892832,-0.2488400328896304,-0.5466505232451442,-0.0999016414485715,-0.0803465267499328,-0.0069801627158825,0.2446941464209555,-0.0995329253418225,-0.2063462712465613,-0.0685536419761913,-0.2477277309965069,-0.0699772716483174
aaa,0.0009137392489645,11.0,-1,0.2432523458792508,-0.0375971111177332,-0.2340591346616652,0.0648353256682472,0.1917580956165589,-0.1220835275600929,0.2557250649066273,-0.0948010515668532,-0.0822299044234001,-0.089655715040014,0.1905852849338017,-0.2824162365366601,0.1929496013108997,-0.3587063468742235,-0.1687887315152219,-0.0853471133344781,-0.259788225407873,0.5952514483828932
aaa,-0.0013226180540637,11.0,0,0.3746569125253355,0.1371527411637222,-0.118897785872442,0.0408420269156709,-0.1840658668556063,-0.3087523236136011,0.2981033953030242,0.3289094240171338,-0.1437454456301951,-0.1537778774915014,-0.1865701471968304,0.1258639051180635,0.4316197352884151,0.1742690239376006,0.3414075263990259,-0.1019180674820392,-0.2399149379425707,-0.0512825104507712
aaa,-7.362422861852235e-05,13.0,0,0.3697242645385449,0.2707262798843599,-0.2802244843884493,0.0233067806076432,-0.1250335330583152,0.0404424484381358,0.2872610713435071,0.3556337880359788,-0.1794516022861789,0.012877232431786,-0.2034883739408166,0.1147189937627728,0.4172729982419446,0.2803344316346762,0.328334955968725,-0.1720521359212144,-0.0804516197197497,-0.0340577822363924
aaa,0.0022222988446168,13.0,0,0.2222963440383854,0.2312990042708015,-0.5853006696168075,0.0312512118875425,0.2494070597949995,0.1974347055519384,0.1987602922935838,0.251862422780125,-0.2724113497774737,0.3141473798932949,-0.1030133064649487,0.0290066036409194,0.246709957738618,0.1698520242988523,-0.0095981231816158,-0.1254198463043084,0.2368523875011972,-0.0584845525540486
aaa,-0.0032680953272445,13.0,-1,0.265960505604337,-0.3661020246786257,-0.3622250194749882,-0.2258038291004221,0.0462611892657224,0.2299377612433463,0.1086567703425365,-0.4163711911829124,-0.0804972485483738,-0.0871190834525042,0.025014657311776,-0.2778148064862601,0.2734918365852064,0.1088584421394967,-0.3416262123890395,-0.0868512869179534,0.2597094056943192,-0.0513066438119158
aaa,0.0006491003648501,13.0,0,0.2765977624821187,-0.2740455672968632,-0.3735196361416593,-0.1032098984475431,-0.2321555304661017,0.1085701478452173,0.3797366860135795,-0.1733241965013103,-0.552002199834717,-0.1247506798865278,-0.1245502374023922,0.0691803613823089,0.2789201529308401,0.1023742454558562,-0.0987161614510712,-0.0892103155958782,-0.0891608561305889,-0.0616506783818289
aaa,0.0008750830645256,15.0,0,0.3711568144172381,0.3507788463978709,-0.1570918228152695,0.0049919385871933,-0.2019541234457145,-0.0891110309556796,0.2664232219949973,0.1490195932895655,-0.1856847645351653,-0.0339567776585586,-0.1834832970665554,0.1058450530856567,0.3993995418982453,0.3197980252868301,0.3587651195636708,0.3008474741449808,-0.1043773631632769,-0.0130933101905251
aaa,0.0004802016265411,15.0,0,0.1905917482524939,0.2477214768421809,-0.5669982107895266,0.0146651482568096,-0.1961541393876508,0.1800245271354438,0.1879658585916673,0.2584978930450976,-0.2830241957342698,0.3043976325246552,-0.1466211688555535,0.0520065192783986,0.2332604360997799,0.2478608294834565,0.1656853524894602,0.1147504305191079,0.2275543204907119,-0.0485846592242673
aaa,8.616653203361211e-05,15.0,0,0.2407671122307655,-0.3172680942905921,-0.2027597924218227,0.1252284859542509,0.1639369605156521,-0.0058177884076242,0.3204859498010367,-0.3496774203478879,-0.5582478328963154,-0.046104009344498,0.0195158791005056,-0.2104978188147901,0.3563519775424859,0.0613495826349854,-0.1372719910775461,-0.1163934867052041,-0.0964653787317291,0.0421923127163484
aaa,6.346810393305538e-05,15.0,-1,0.1805623489764762,-0.0067702292849836,-0.1563738959495885,0.0596752140867672,0.2074994226497873,0.0057274864269243,0.1999448729291072,-0.028113869820601,-0.0076163884494161,-0.0629267667828511,0.2939606103782478,-0.4027447350388226,0.1119954536447244,-0.2784352126094052,-0.2220531356468319,-0.0511769754817452,-0.2182255904313133,0.6428282308484919
Pa0l0l0,0.0006803685262412,1.0,0,0.197926381545766,0.0862691539381749,0.3259133476706117,0.0311964544267027,-0.0472187236733378,-0.1077884624604297,-0.2328759261639489,0.0187815665760835,0.2358707500298892,-0.0421917671396513,-0.2465993453343301,0.2153315591049477,0.5786475783373263,0.2534755332802076,0.3957933333813692,-0.0615087362267586,-0.0359897799744446,-0.2288017830840197
Pa0l0l0,0.0027080637158774,1.0,0,0.6626977236210689,0.5064030181849516,-0.2535777428251535,0.0019301193869713,-0.1305563024538243,-0.0483889076636997,0.2352381424108363,0.2504182292533838,-0.1000909813253446,-0.0728517674858261,-0.1151924958977567,0.0629743813209407,-0.0668802466741629,0.086557188600523,-0.0492910037203868,-0.1113887976694711,-0.1656710586908377,-0.12585648939608
Pa0l0l0,0.0008532448920389,1.0,-1,-0.1878257210786964,-0.3968189093336224,-0.0686114442986459,0.1359086076282693,-0.0195269110064483,-0.0952436442749228,0.234929193360707,-0.3523832233507044,0.4695865347925106,0.0041633876480866,0.4651751025987919,-0.2777788021862778,0.0876769625297923,-0.0664038441703193,-0.0887240999413885,0.0253165479854451,-0.160158336305211,-0.1868720546351969
Pa0l0l0,0.0004367430184702,2.0,-1,0.2012439595251512,0.1298540993725055,0.0398257220216353,0.039876460879369,-0.1230425776730719,-0.1459575026264211,-0.2271707782226773,0.1964157987939358,0.1301393159243861,-0.0837304963581489,-0.1974945143801968,0.191106834738649,0.5964020645446362,0.2813612521114028,-0.0475922223309686,-0.0902493728668013,-0.3856642285548702,-0.3454770302260843
Pa0l0l0,0.0054361819810596,2.0,0,0.5755258622996428,0.3882291609113486,-0.3759804065709634,0.0375183580696077,-0.1869474043209439,-0.0861444382531581,0.2642301683608883,0.1997981404889298,0.0374411151286736,-0.054613915099389,-0.0925560214498606,0.087103836915477,-0.1125375856820505,0.1573224327066543,-0.0545150599678543,-0.1553288393760623,-0.3100437733359909,-0.2049214050204719
Pa0l0l0,-0.0010717158179571,2.0,-1,0.0982280616929409,0.3970534021117086,0.0942830626734795,-0.1363153694921114,0.1280654506982764,-0.561054880483431,-0.1379589456370616,0.4031664685717476,0.0143855071767966,-0.3373232485017306,-0.2393785840603969,0.2044898837428206,-0.0871388034598519,-0.0810959485536535,0.0443828818916544,0.0384042806094895,0.1715050433828986,0.1798023597882437
Pa0l0l0,0.0024115192209665,2.0,-1,0.1406373981232576,-0.3631050984455319,-0.2137443597271197,0.1618006019562209,-0.2216498584370976,-0.1857481210194144,-0.0850026599242552,0.1740187085070403,0.0412157830085619,-0.1515830845370974,-0.3617489658075464,0.3004778610428821,0.0045066245054827,0.2725562677547997,-0.170590788168098,-0.1253272371162685,-0.3656673406071049,-0.3958754080140343
Pa0l0l0,0.0033940695407098,2.0,-1,0.0772581060696472,-0.0839823895416699,-0.0625971779265687,0.0517382128828686,-0.0508352899438277,-0.0766353748545613,-0.0429118389815465,0.0805375580252,0.0415112004551718,-0.0937576447781647,-0.2409864323325352,-0.9058375016456904,-0.0291090694887868,0.1344883642384681,-0.0880293220021323,-0.0672647490938122,-0.1198536307667994,-0.1699858460284975
Pa0l0l0,-5.594893439030888e-05,2.0,1,-0.2207223828299741,0.2253637614210468,0.3196498343608515,0.0086157595458269,0.3930347354636483,-0.0415018862224023,-0.2128764953068735,0.2088889844912396,0.0364019953672667,-0.1559186930285527,-0.1014077603328273,0.1784773351063664,-0.4103235703893857,0.1555964201609904,0.3785113472989801,-0.0606946288292994,0.3243951532613944,-0.2013872586547628
Pa0l0l0,0.0027977877919434,3.0,1,-0.1150182810939768,0.2586069453801909,0.3324498253037322,0.0068885485314836,0.3880528677590009,-0.0381693352390902,-0.2194754725250939,0.2444109922790369,0.0062243830724277,-0.1751084835309823,-0.1009290175326673,0.1823235259246018,-0.3646180038738639,0.2185654241347186,0.4049433211541757,-0.1921473533202118,0.2572817580945967,-0.165631422320381
Pa0l0l0,0.0068130830706965,3.0,-1,0.2606126187193739,0.1595682215203879,-0.1477757815007741,-0.0017302578298655,-0.0761175237079702,-0.0416820225123156,0.1266238597787586,0.1538909253785829,-0.0008425426938208,-0.0900803775882709,-0.1263362589169728,0.1030731764890521,-0.1389609500576287,0.1152012367481162,0.0196600039111735,0.8649727109660619,-0.0834462949500107,-0.1213338680099276
Pa0l0l0,0.0008697773193611,3.0,-1,-0.197834963512593,-0.1688488075524743,-0.0713759510457767,-0.3422944939262277,-0.0961352487757736,0.3388148968864801,0.1340774060038245,-0.2979149910965585,0.0138939056322394,0.2038393671732044,0.1678806846302832,-0.145954578102551,0.1518426255417283,-0.515479715675119,-0.343877387608379,0.0531923782725184,0.2546713419239761,0.1156696007159682
Pa0l0l0,0.0031327079299834,4.0,1,-0.1058198707555298,0.2435457252560068,0.4211008515619822,-0.001954319284508,0.3773685193759846,-0.0538291908498787,-0.2114757001056422,0.1995393009620134,-0.0114837700539833,-0.1440516689572057,-0.0525374679767584,0.1568884654881766,-0.2985271578697792,0.240026152459913,0.3776153080161003,-0.0885978131670177,0.3618667118190987,-0.2143292741963886
Pa0l0l0,0.0054776633817392,4.0,0,0.6339753424478796,0.3382058121664676,-0.3903181170492217,0.02925612304373,-0.1861258587729749,-0.0889706865377212,0.2957603235338322,0.2386849636878404,-0.0091145063123079,-0.0852879728212876,-0.1011776691318895,0.0833257007695391,-0.0069201600578388,0.1276516134126646,-0.1468813838853585,-0.1195236258820741,-0.1803796147485972,-0.1849534242182369
Pa0l0l0,0.0015724510624938,4.0,1,0.1115544615128293,0.3017959185987593,0.1215703775352603,-0.1148000421292449,0.1029663082889999,-0.2133235359631858,-0.1072957836507874,0.4475676851813346,0.0014152235198886,-0.4200570482377186,-0.347815704885099,0.2787512892570641,-0.1995885750703718,0.2547372572853197,0.2453426169676769,-0.0475371370203309,0.0515917525445538,-0.2358157746766318
Pa0l0l0,0.0025803004741963,4.0,0,-0.0631288477796161,-0.3931886473098814,-0.2226674901948416,0.1221499675968124,-0.1756042520532652,-0.0345532824645125,0.344944881041398,-0.3179967620844494,-0.0592832021154424,0.0756138847115109,0.1546974332282165,-0.1476503050795776,0.2335886705879211,-0.4652525355528049,-0.3604167401216246,0.1082859180040598,-0.0891434032531763,0.2218473534921071
Pa0l0l0,0.0002524036184268,4.0,1,-0.2320017360674573,0.2253924636382759,0.3697431870381451,0.0020514637859894,0.4031283457449354,-0.0502402466982899,-0.185456923711342,0.2055163927855789,-0.0501813432770528,0.0208132826082109,0.0012274580086131,0.1354324761307327,-0.3534539326142916,0.1001570865341689,0.349821002383783,-0.0699920333646655,0.4304787185567806,0.2194308613603244
Pa0l0l0,0.0021850557383024,5.0,-1,-0.1319187287770909,0.1222412634507211,0.2267077069937393,-0.0155789570677394,0.1990309825929072,-0.0360353143099198,-0.1318672201100177,0.1122962118647918,-0.0708669391954246,0.3590372494797722,-0.047058631008131,0.0846056622612324,-0.1391832174500698,0.0865405022701421,0.2160149517152906,0.7577307103402314,0.1639799635980612,-0.1650233594080758
Pa0l0l0,-0.0014015153745512,5.0,-1,-0.1832117949611869,0.303927390498085,0.0744405944575187,-0.1133408876735827,0.0598387952852325,0.068998501009637,-0.5035444654631015,0.2211572590479215,-0.6315680441059542,-0.0707012333267041,-0.1544788569414026,0.0724141496613741,0.0924591446290557,0.254449079081759,0.0940667237814495,-0.091501958232879,0.1342434500966737,0.0578369344641397
Pa0l0l0,-9.226913047148184e-05,5.0,1,-0.1507595559943307,0.1860179515354344,0.4345157588629025,0.0086262663338457,0.4207556809589968,-0.0535197685070094,-0.1784821515819409,0.2056873829004037,-0.116206129846294,-0.1396331603257607,0.0180388987401396,0.1026147443510383,-0.3091424100940959,0.0914946412164269,0.359994666570066,-0.096333212220493,0.4148984654040455,-0.2022717950953242
Pa0l0l0,0.0040283220811057,6.0,1,-0.1197086808083112,0.2111026777732528,0.4411400447791555,0.0052570380280023,0.3861534117978164,-0.0864179696216566,-0.2049492989022844,0.2344121164149468,-0.0817598736288046,-0.1449745803576602,0.0131656448453824,0.1089278311544258,-0.3221603649619638,0.2160736915692961,0.3912273328044438,-0.1464645855442909,0.3317990841942461,-0.1346111095171834
Pa0l0l0,0.0054731553960888,6.0,0,0.5491472735177219,0.2642673084617613,-0.2536331037139654,0.0074608454467923,-0.244028319293822,0.4485154064247307,0.1954190995754833,0.2591418426936513,-0.1161891364153931,-0.1526305308470869,-0.0546456187652866,0.0429992522782369,-0.0503418080364082,0.1126313181400413,-0.0792715438735102,-0.1752054344140808,-0.2397806069917645,0.2163996072973921
Pa0l0l0,0.0011826139966126,6.0,0,0.628110461620275,0.1108623257340607,-0.3961533919259995,0.0647455919348151,-0.330380918605857,0.0454355598618453,0.3251924220772923,0.1535602562158335,-0.1721647195187032,-0.0605318469878256,-0.0746107373104885,0.0401304911773162,-0.0013356655494338,0.1279737712876386,-0.1229742360823046,-0.1928241427920893,-0.2423999671481929,0.1535833499904344
Pa0l0l0,0.0046977805367353,6.0,1,0.1048827092275967,0.2029881303441454,0.1559643774906645,0.1814676532826303,0.3153638730969068,0.0222598001155575,0.0033450323665059,0.4083736246986025,0.156960691776942,-0.3091954231257572,-0.3439619466238067,0.3560993631536808,-0.2463135008230164,0.0261738690887103,0.1214792340270387,0.0044569966066189,0.2735056891307367,-0.3278979619313614
Pa0l0l0,0.0012925131684801,6.0,-1,-0.1237205624346982,-0.2350693198465194,-0.1910441878711638,-0.6256465729513117,-0.230327079374522,-0.0651929799739529,0.1427991224266402,-0.3034080876717689,-0.3121509308899095,0.2580163511891352,0.1408345638843805,-0.1686239044892444,0.1420317083429842,-0.1114434641255591,-0.1198731881176227,0.0218325987951769,-0.1260047325350939,0.2369815423045057
Pa0l0l0,-3.3222475851819104e-05,6.0,0,-0.0947393327221934,-0.300961444028181,-0.3355165439392565,0.1249920025468378,-0.3656212360673598,0.0994578911923063,0.0092155904512555,-0.0222382972565192,-0.485692701019728,-0.0177809616898085,-0.236024030862838,0.1352032243081228,0.1138815720141956,-0.10307101065894,-0.2326698744765576,-0.0146693393702232,-0.2305889238400099,0.4321885142073514
Pa0l0l0,-0.000240289948289,6.0,0,-0.2555562679607744,0.0167249962906375,-0.3516766187711982,0.0237656330375652,-0.4083914155580013,-0.0062533522014183,-0.2287962490859004,0.0434806833860937,-0.4741015950837299,-0.0735856154869347,-0.3687009830862932,-0.1133190740161334,0.1038236927392964,-0.0093088432515765,-0.1692179128850455,-0.0368414181518955,-0.2705036067649968,0.3100162461676879
asss,0.0006045427167444,1.0,-1,-0.3198552959498093,0.00043316521817,-0.2276962433220817,-0.0082028444702686,-0.0715329472585532,0.0557288260566021,-0.2617014640330766,-0.0324985309316803,-0.2526190710992013,-0.1207944143571039,-0.2003847761302503,-0.3066912765340672,-0.343419358168258,0.3607787343475652,0.3657559835801514,0.1566551345184123,-0.3117410641446934,-0.2275804583698263
asss,0.0025112489227219,1.0,-1,0.2815257817583277,0.5784443892681711,0.2817496095549615,-0.145173422517108,-0.0626291401024371,0.2003410853393964,0.1835409540004149,0.2749168955305568,0.1954540320212613,0.2649153189120449,0.0243099037626995,0.0677943644588681,0.0331895858217718,0.140020735572465,-0.2633706606457567,-0.0893914451216199,-0.0147935536126223,-0.3471469790372668
asss,0.0002938617884567,1.0,0,0.1700198076764109,-0.3373757414272978,-0.2193454866868084,0.2288294175490747,0.0057236493648005,-0.2617357466119052,0.0495774723335582,-0.1667735919070939,0.1802557991179117,-0.0835569508161207,0.5075492039331571,0.0584291279238518,0.3617448015656551,0.197592126809139,-0.2975267245809417,-0.1067392232386287,0.0852851612690044,0.2835503735774342
asss,0.0001241340007154,1.0,1,-0.3738724000834451,0.2386567869580589,0.2364996469864764,-0.1752741708983988,0.2118330747796097,-0.2400502350105129,-0.250248993141536,0.0740030476802841,-0.1586192338215216,-0.0919223592792705,0.1113769440516562,0.1262682142705468,-0.3341967060448907,0.1900256197372499,0.3658433261094336,0.1606691990781137,-0.3197757314235972,-0.272659093358163
asss,0.0024837624520761,2.0,1,-0.2540567651099608,0.1112624963385626,0.0226465783049153,-0.0875195316430401,-0.1682031893744094,0.1545436942844182,-0.2652310768216379,0.0627525699968725,-0.1831027430473104,-0.1604631183368011,0.09227691721494,0.12609219270475,-0.3318541012327155,-0.075374231871496,0.3532223510422755,0.3819438405448414,-0.4392175262370723,-0.3540973410036764
asss,0.0034994364895458,2.0,-1,0.3182501295471499,0.4792656870659865,0.208141066129373,-0.1503223001129206,-0.0352060135999541,0.178431282998235,0.2270374707234745,0.2815460719326347,0.2106068691255538,0.4561928100687876,0.1101394980825807,0.080179414119008,0.1055304871339694,0.0557221504218125,-0.3294160663428699,-0.106853598934167,0.0838774443223307,-0.1642378898987586
asss,0.0009662912843568,2.0,0,0.1145353999687922,-0.2174499920206731,-0.0714585948306438,0.2059736567396921,0.0493021121214632,-0.373562953192927,0.1384242260024671,-0.2820735417631883,0.4997956092514036,-0.0558464322895569,0.3583931810482709,0.0564444504686101,0.2006904691833987,0.1488124816268109,-0.289581120061913,-0.1036338065664118,0.2125483819345358,0.2541987205798933
asss,-0.0006350993441995,2.0,1,-0.3179721227524632,0.2189741329800634,0.2990862206503906,-0.1691410680110403,0.3797942841783673,-0.2781571022015045,-0.2487145836826025,0.1389434673908263,-0.1014964295903615,-0.1036709947145705,0.1349284990430798,0.1637138556070095,-0.3546622684402907,-0.1829708103911629,0.3108987962021541,0.0932180468292481,-0.0822412062964178,-0.3044198355985366
asss,0.0031225332439668,3.0,1,-0.2691124307214765,0.1894667078627734,0.2276390682955216,-0.1369616100457262,0.0985593895129725,-0.0505787100170429,-0.2565564720007449,0.1057742905655415,-0.1426017402875269,-0.1775496915761283,0.1025442376634593,0.1514701460182361,-0.3489490859291457,-0.2184401313059875,0.3873791727812355,0.2747212052952105,-0.355905050686472,-0.3532976864568662
asss,0.0007467684888285,3.0,-1,0.2818763402022397,0.4725021573924741,0.2577765330836045,-0.1569070429805553,-0.0564672130207602,0.0983683128457218,0.1726926808516561,0.2918266342295897,0.1272207266217382,0.390524086827669,0.0828009571344832,0.0613257444899801,0.0827474857647541,0.1173109302555623,-0.2247650625487631,0.4585082276781555,0.0420680760138641,0.1262124727646906
asss,0.0046784894735583,3.0,0,0.0478357091809782,-0.3615217730120189,-0.1933402934015324,0.2358837327457977,0.0741359743305835,0.0407510252762815,0.0555878505349591,-0.538553278779437,0.4691491082308815,-0.0004719920884528,-0.0468848238751412,0.2156482465805857,0.2091401381701456,0.1493150215844393,-0.2776379707712149,-0.125207365513244,0.0339207405205003,0.2120314547143996
asss,-0.0015153820308274,3.0,1,-0.3643934127902036,0.1569431258635022,0.157134295914583,-0.17808380586733,0.3889505684355404,-0.308387092087088,-0.2867780843528698,0.0901327600907849,-0.1314725539089924,-0.1227973921920879,-0.0474333415339563,0.2154069773287933,-0.349676238130671,-0.072689037007842,0.3175252883821771,0.0421258900491652,-0.0298518085254917,-0.3706359703844875
asss,0.002484976916036,4.0,1,-0.3196563602115629,0.1450482302736343,0.1078050370227083,-0.1489134513700553,0.0629056146352381,-0.055263602287831,-0.3246979585683302,0.0349933450914949,-0.1820052716899077,-0.2698548893617919,-0.0908922860252791,0.1928582772259524,-0.3577250950703576,-0.2126394173597725,0.3916502356257015,0.2071759173864452,-0.2617708017774749,-0.3740286229072917
asss,0.0018879021302741,4.0,-1,0.3950966187055397,0.2476033060268603,0.2531720217280197,-0.0449764736216807,-0.0479832363374106,0.2695826105066131,0.2848904096746289,0.2510972997326837,0.3067150501357674,0.3447422164033923,0.0944579950463734,0.143072216472703,0.1767164284987047,0.0275477009171971,-0.3495459536156507,-0.1710084399790288,0.1264799995520363,0.2357083420247289
asss,0.0029832115122609,4.0,0,0.2611005034189026,-0.4914751973026391,-0.1673508289074512,0.3546402294785378,-0.1506741244593403,0.3125623077533255,0.1024513560095078,-0.0314371934510862,0.0094846976697182,0.0178536766693396,-0.2232302877764648,0.1088713572993202,0.3404304902214427,0.147585788226335,-0.241547702718397,-0.1913094576486196,-0.1865023970400751,0.2740885326749169
asss,-0.0190194707883277,4.0,-1,-0.1330112908017324,0.324693695514313,0.0774457732167748,-0.2268234526121469,0.1044781322470498,0.2733322377932274,0.0063065782185226,-0.0939561491657122,0.2432361912626852,-0.5848516650495396,0.1977719729855934,0.3782744269018657,-0.2106825409937781,-0.1069353805877481,0.1706340606870686,0.11907804081702,0.1166605789414979,-0.1696861187298032
asss,0.0011858316666554,4.0,0,0.1912594215184048,-0.280859097730762,-0.2085665740091695,0.238970316913355,-0.2954884984236672,0.3020346784643135,0.260522691763093,-0.3550047683767722,0.1559233668560355,0.0763943077272919,-0.0572434827927334,0.3649311935536111,0.2790937226267719,0.1092640060658931,-0.2303725264352283,-0.0276913507793115,-0.1208734686387246,0.2942989964671668
asss,0.0037916811907259,11.0,1,-0.1709423833258497,0.1009484991373335,0.0404727146188009,-0.0856202306937944,-0.1541049442414454,0.2198293575162081,-0.2326745267883408,0.0744610608764962,-0.1222654393698506,-0.1393924521400566,-0.1646023902478284,-0.2583919198390048,-0.3923836357192686,-0.30379262592573,0.3195952997955159,0.3244215803538913,-0.2966425639489725,-0.3872756672811948
asss,0.01573206661719,11.0,-1,-0.0964544617126026,0.2494677342380082,0.1620316975021756,-0.2158637121453005,-0.2502991169654098,0.3873153998002391,-0.0156129607020871,0.1733870786309779,-0.0592090018604747,-0.2677112860001211,-0.0146695047161337,0.2973676718858292,-0.2218389167862881,-0.5454073791687297,-0.0790401676783752,-0.1755595840629072,-0.2314201410853811,0.1073218798708843
asss,6.147145605293514e-05,11.0,-1,0.3678459357117953,0.2779961710815246,0.1181868081975965,-0.1123686972283042,-0.1228713685109429,0.2614102184801776,0.4044601166978798,0.1819485857979201,0.1378464606703983,0.335775472302406,-0.0354184868011192,0.128461350030146,0.0846307679414495,-0.1373462061945312,-0.2536348973059082,-0.1562248469293272,0.4272947340783711,0.183954065407093
asss,0.0009502977197319,11.0,0,0.2715719558572537,-0.3278276791974136,-0.2140394284789317,0.2919368219166346,-0.3943881430723177,0.2907127515910916,0.4257013766262309,-0.2665566050449255,-0.0120132320608285,0.0070133303516539,-0.1521838903554556,0.0363968012034197,0.3059113639797621,0.1095171982904887,-0.1797843322506908,-0.0565615364266527,-0.0398300995227322,0.1674685214165416
asss,-3.523308142583713e-05,12.0,-1,-0.1743875333307895,0.0071642089199792,-0.0387078358967264,0.0033130649296153,-0.1646187273871973,0.1648151708934296,-0.311628609958158,0.1576600370332387,-0.1339586506873628,-0.1505106422638238,-0.032918119549976,0.2631248260081268,-0.2590889281640656,-0.6453866283944588,0.2335831466858808,-0.0535254855014453,-0.2578315738493211,-0.2707861482888996
asss,0.0028744790961509,12.0,0,0.1523702822074008,-0.2446337316699949,-0.0685688506748998,0.1539845644005162,-0.2847769511619385,0.3674779713046427,-0.2618901439014768,0.2992893758450035,-0.1384837621657483,-0.1084584599996654,-0.0470166835944129,0.4010190585568355,0.3362955752636621,-0.2792792129450563,-0.1201021647001022,-0.1713669573868895,-0.1448349978055012,0.2537683483884878
asss,0.000681251886291,12.0,-1,0.3904741279681288,0.027722819910381,0.1421797023436371,0.0163532198847597,-0.0739483467927004,0.2341342120914132,0.2264929439827585,0.1366908446436031,0.1734795797628528,0.6121849144969138,0.236807423437316,0.1627841225303881,0.2882491602850915,-0.0608950904963342,-0.2216753096408418,-0.1450568146690461,0.1378444697810484,0.18052148341346
asss,0.0022769666750913,12.0,0,0.2491790586661221,-0.2845730711618394,-0.127191287649963,0.2376202410035787,-0.243241837737409,0.2726343328159074,0.3722984909193029,-0.5483322174275362,0.2267223498672856,-0.0082918662984978,0.117625147487887,-0.0479510276256944,0.305741661434582,-0.0010654153090782,-0.1490061350169679,-0.1034269206399457,-0.0588550681176161,0.1186034317129329
asss,0.0042689631713004,13.0,1,-0.2418744397292367,0.2103150716614688,0.3612609023822381,-0.2105969247875723,0.2395735256758029,-0.1146969909579161,-0.1941452999153831,0.1557376853204608,-0.0466496163019188,-0.144004041959366,0.0296589431045248,0.2419262502697517,-0.3705641211974264,-0.2331788542405708,0.4286169377161132,0.2385004842828871,0.1732048625176899,-0.2128379165202552
asss,0.0008831918804789,13.0,-1,-0.2505342601675941,-0.1487475461756929,-0.2943835964534608,0.0662145370800721,0.0001252233471307,-0.2331377117470781,-0.2489187575847079,-0.1442708005364212,-0.3343649121804504,-0.5726137486973822,-0.1545993934794101,-0.1750268708283462,-0.0954236813149409,0.0022784885293077,0.2424673757791633,-0.0095662410475381,-0.2839066473826137,-0.2100364046381087
asss,0.0015072039641416,13.0,0,0.1448504432263026,-0.1102320702828755,0.0889808905027833,0.0514580678422868,0.2096918486751173,0.0222395836946553,0.202483174019159,-0.4611588663646416,0.6352486431405514,-0.0484410853959848,0.2840752745362423,0.101236454340939,0.0808355883592955,-0.0337449120990551,-0.1390371041815926,-0.1112058704020778,0.3113790326098042,0.1581343349547479
asss,-0.0005662103550228,13.0,1,-0.1669985001558942,0.1374719861081867,0.2573448457127892,-0.1672457657961353,0.413880972802677,-0.320673639267638,-0.0502627840016157,-0.0125035766225832,0.145306377608067,-0.0953611849131292,0.1740880470066555,0.1971364587088869,-0.33326599435008,-0.0812120890055713,0.3157016453721317,0.1234634384801787,0.2933327458932755,-0.4052284572629315
asss,0.008124876542127,14.0,1,-0.1760101622196007,0.170757636508479,0.2858774634443369,-0.1734229331105874,0.3713620434185321,-0.2353405998647155,-0.0697473503258981,0.0056262000913368,0.0997617167836389,-0.1348885519644584,0.1622142572745247,0.2153407286581393,-0.3314269685757562,0.0265023644879928,0.3134240633763414,0.3206378333463246,0.3072136211085365,-0.350809638595087
asss,0.0008415114876308,14.0,-1,0.3051295731227174,0.0447790296898044,0.3164313439497587,0.0583511742066514,-0.0226907540761291,0.204975397011516,0.2464654175171776,0.154032296781706,0.2066171908393069,0.5606123305669374,0.2106402210237064,0.1256208558228899,0.1363029085651298,0.1182049246584719,-0.1442276944473685,0.3894272193415566,0.1271638775215686,0.1898755282785156
asss,0.0020015996346716,14.0,0,0.2589616584501091,-0.2333933696817862,-0.0584088888724163,0.210047295866067,-0.1373135122593784,0.2420052061730039,0.3929220982843748,-0.5725116946721706,0.3224498063507127,-0.0236660688052973,0.2417926976111169,-0.026772972336163,0.200365761316007,0.0908344963905318,-0.1410131730528366,-0.0977062303406588,0.023099356336525,0.1711122014925606
asss,0.0063878354670741,15.0,1,-0.1390436579206509,0.1472920588126616,0.2752426872966531,-0.1813126334244582,0.4029798454638316,-0.2274564566594318,-0.1146920870267252,0.197726997338445,-0.0104333541733907,-0.1520698385001443,0.0673739458893525,0.2674545972395464,-0.3438636766497933,-0.0369193105070304,0.3249517122584865,0.0663825455757481,0.4061197214548029,-0.3001926324465802
asss,0.0002793107939643,15.0,-1,0.2991615996196188,0.1554411984215339,0.2066366786311642,-0.0564420699195,-0.0460357278934154,0.1925691068423616,0.1983255463589369,0.1733922130583233,0.1709182149785712,0.4681383396290174,0.2295464395736458,0.1417225803659511,0.1003631677546861,0.1831274470701704,-0.2279829094376479,0.4993233574036444,0.1826068791448765,0.1801632456326603
asss,0.0011256191762363,15.0,0,0.2494343721727952,-0.3284322479241018,-0.179185588598573,0.2730524663278612,-0.0693958409212042,0.0329514436834838,0.3058997223934825,-0.5169773513897421,0.290098580083404,-0.0598651774702662,0.3245364559634846,-0.0020394567255731,0.2075037386339379,0.1488429212940156,-0.1479329439464529,-0.1295610405798144,0.1624063112430921,0.1821556572631994
asss,-0.0010506775697827,15.0,-1,0.0432610185670603,-0.4768071123268909,-0.29001075827193,0.3639658819770713,-0.093176808442165,-0.2390020873231291,-0.0980814601083017,0.0535272937128112,-0.1730799977361217,0.0334121571067574,-0.3858266008604926,-0.3488490099713678,0.3069956979830109,-0.1312579584395069,-0.1066683332738693,-0.1222498718927874,-0.02697825203521,0.1891035246060617
asss,0.0002068508305639,15.0,-1,-0.2870828137199428,-0.255454301997616,-0.2828903770239327,0.181572381865484,0.0204569483009385,0.0095004331361317,-0.2254227757706996,-0.1359056855470782,-0.166945305295199,-0.0681756867308474,-0.4355941055525777,-0.3722246308415021,0.0595039183099966,-0.5173133792792166,-0.0111606745405304,-0.0323694045127589,0.1538168551126319,0.1128656803869338
asss,0.0007908295523829,16.0,1,-0.4382902833408264,-0.1305864533059366,-0.2512852791859942,0.0144884948020954,0.1576260983208964,-0.2084383380838595,-0.3432533733166778,-0.106565473623714,-0.2642851370357145,-0.1952573000451121,-0.2230180452717622,-0.2733366876150783,-0.2874659945172321,-0.1662841471493774,0.2812789757996431,-0.1664270689658515,-0.0631327110319705,-0.276608505120554
asss,0.0095844413442087,16.0,0,0.2907524657387814,-0.2219174477834083,-0.0151988334294533,0.1902531287234532,-0.2979790294911233,0.2852874691511066,0.5465257336037262,-0.3619689998508784,0.1064282538709673,-0.0496141361802673,-0.0826381974127251,0.088611641909307,0.3199125179216601,0.2091689153981218,-0.0922345201244367,-0.1286431962790614,-0.0195786249804385,0.1728905148073614
asss,0.0004475470506199,16.0,0,0.0824885213061123,-0.1917019471125028,-0.2612969352522777,0.182405290445647,-0.4173196869309757,0.3036121559247403,0.0816230746891765,-0.1791364411131849,0.0963096958434153,0.1346653943131867,-0.0277040168393218,-0.2253337964808624,0.2807185250810076,-0.0192201974468874,-0.2960539581619933,0.0784628635875832,-0.4281669591457827,0.3384570861149562
asss,0.0076778713333623,17.0,1,-0.0770604812387155,0.2284227453162799,0.2861020151622858,-0.2085759533997961,0.3169142366377073,-0.2168815518014538,-0.0969084753678805,0.1896411752669272,-0.1189158505735683,-0.149798707663639,0.0447250873353608,0.2398701622360152,-0.2787733939900718,-0.0111628262850059,0.341959793764461,0.4009112935104605,0.2960090816378475,-0.2906089378664771
asss,0.0006249341554394,17.0,-1,0.3387185137471759,0.27928845327998,0.3514599412197626,-0.1408489512716009,-0.0698944984059312,0.1570522671659977,0.1833867739523116,0.2612108651627856,0.1804439267047951,0.2759785719782427,0.1496128927595368,0.1443629481568151,0.1686628750201167,0.1876367309448758,-0.1417103518185628,0.4851911325860203,0.1573992447101657,0.1913697461194961
asss,0.0048121441110983,17.0,0,0.3463117171710165,-0.3458737334568001,-0.0544301074467155,0.2751907770704045,-0.2879839918336426,-0.0396077326648088,0.4877886569093337,-0.3608788592419288,0.0400513488312857,-0.0335552822868651,-0.0226827357027467,0.0154521181433386,0.3580870131408744,0.1967741827587729,0.0152031326981699,-0.1478254179647032,0.0241897450383103,0.1896673789150989
asss,-0.0014772975232016,17.0,1,-0.1445444967430071,0.145307116106151,0.1365878509524971,-0.161564090487438,0.4765775027387621,-0.3019704263973331,-0.1476761979346956,0.1492553919668735,-0.0773771848198777,-0.1363343003734643,0.0348613302135947,-0.4276015575119369,-0.2627793262809111,-0.1185958124171282,0.1733910992838752,-0.0813368838399916,0.4498568437769401,-0.1415411271130013
asss,0.004721250572273,18.0,1,-0.2417928386822692,0.0842527447397185,0.1329921504366612,-0.1083524992360586,0.3365009558411321,-0.2906640219447005,-0.1999177688322489,0.0459624993669027,-0.0802275701727863,-0.0785053323931265,-0.0059346054872139,-0.4406403572658882,-0.3436159055758922,0.1000861178665793,0.2929884315503658,0.1601655604896398,0.2604078941669738,-0.3886091539162929
asss,0.0024275778266153,18.0,-1,0.455716460016445,0.1651273796984721,0.2266890431036564,-0.0523766643868093,-0.1155442554367301,0.2642762506400443,0.2540271738361064,0.2631840175336258,0.1832833290525077,-0.1125497113394433,0.1613339764255844,0.1776469877429649,0.218545549611307,0.2245349769143778,-0.2000928194813418,0.397010521291214,0.1900349680873796,0.2411285186203279
asss,0.004324740436299,18.0,0,0.2377072800048231,-0.2477198732818382,-0.0047226394401404,0.4572526134303051,-0.2132085414096483,0.1992883744979372,0.4749202489787113,-0.4870103074927696,0.0303427285096983,-0.0011386005669241,0.051502075746758,0.0377768196603875,0.2383685172212113,0.1613246742856622,-0.0090392751272995,-0.1119062925331554,0.0136228987589342,0.1564889662674464
asss,0.0047616904638567,18.0,2,0.0070266806897228,-0.101668971977008,-0.0712856740681055,-0.9814375586392,-0.0021141065754499,-0.0793303802496655,-5.536403453959828e-05,0.02289209801718,-0.0020423110904578,-0.0201391233934688,-0.0289154355791382,-0.0817049132059,0.0725953883596964,-0.0136708939779921,0.0086139154427595,-0.0141684833500517,0.0077466913754522,0.0278818246184543
asss,-0.000182596862001,18.0,0,-0.0034532888972253,-0.0188196567687964,-0.4801961233969905,0.0038579404911657,-0.4016103230845766,0.1078676745341084,-0.047487563340761,0.0198717664747458,-0.4007380664521857,-0.0632739564440315,-0.4004914047122208,-0.1319674661997574,0.1571227938821981,0.0343225230569339,-0.2224763765459432,-0.0593955500798613,-0.4020829841783358,0.1024264596592773
palma,-1.5661890934550645e-06,1.0,-1,0.1745093783697221,-0.1733557130422752,0.2742561614148492,0.1220668988700753,0.1827953804170521,0.1469790232658282,0.1611691095468347,-0.2512861940726835,0.2411294775662063,-0.0857059530473536,0.1131635258130051,0.082037273686519,-0.4007814113739311,-0.4922137863471928,0.2243912912961368,0.138364968634139,0.1492239445452609,0.354331765463262
palma,0.0007429400600307,1.0,0,0.0358733652125064,0.5001898368725253,-0.2320283868991194,-0.1819761233984643,-0.0612845368898122,-0.08971602943694,0.1273292430692501,0.3965670104637842,-0.2198456638504369,0.5235721841420621,0.0168290244606703,0.0554532065248111,-0.0793577158444094,0.2065041120672203,0.0852746275695359,-0.0973560591932145,-0.014437595642367,-0.2908085807097434
palma,0.0002708693001735,1.0,-1,-0.4466825396926699,-0.365970661812704,-0.1679886427895902,0.1914706045318832,-0.1991682110793531,-0.0614333732914197,-0.1217563391394051,-0.0439730238593481,-0.2035091254244282,-0.1115448043455904,-0.0565033514718205,0.1682889653819593,-0.4128563105566388,-0.0400828896233559,-0.3359569341406448,-0.1006350658128841,-0.1758991212477864,0.360686534373035
palma,0.0009424596813069,1.0,0,0.0763636718630468,-0.2885939229091009,-0.0958119126925362,0.1347544534532302,-0.0516562066566692,0.5494352587291241,0.5732056557178866,-0.2534554683764422,-0.2953057630218331,-0.0919377443064364,0.1089241419855562,0.0437499238787615,-0.0602167977396067,0.0027556346289,-0.0259451143317491,-0.0823985705364813,0.0050481391576425,0.2561897853709021
palma,0.0004439189055629,1.0,-1,-0.3650247363121685,-0.2958119163666448,-0.1970106990843875,0.1755152386072792,0.2150016593803816,-0.1682658686143425,-0.28250098361721,-0.0209798823945289,-0.069455631553647,-0.1192151348151886,-0.2620661056835041,0.2863984406161378,-0.3843363631926054,-0.0110567649474011,-0.3072403564103962,-0.0922606578922115,-0.1920305623899741,0.3122294379392925
palma,-0.0001496787508292,1.0,-1,0.1421139316583761,0.1272353615040421,-0.2219086252843942,-0.0577504234697571,-0.0491083583680721,-0.1029451787710408,-0.1136176124500485,0.0151838347755401,-0.0710593067803761,-0.0911782701489387,-0.1630263556919654,0.1721480611219426,0.3508950925425509,0.2989797417895741,-0.3452452482131297,-0.1153956210988454,0.6549806755073749,-0.2031885202625729
palma,0.0011075536006009,2.0,-1,0.1452735926163846,0.1607630724574209,-0.3414579905645691,-0.0864574611815668,-0.1342256062334526,0.1289205909253523,-0.1578304361395608,0.0205464453660638,-0.1043403545329946,-0.1362357790300177,-0.2527984203167862,0.2554775790974521,0.389120787722805,0.339631116801991,-0.5077586095352711,-0.1358686345462002,0.1108404387945665,-0.2346504245817967
palma,1.018368910458744e-06,2.0,1,-0.4590554817334112,0.2018368836559089,-0.2646612909200288,-0.1411212935503348,-0.0266176456916198,-0.1597238868504442,-0.3580406647758052,0.2449463187650689,-0.1857508578995575,0.084315978660021,-0.1268182637712717,0.1462657209515273,-0.3729643233663399,-0.2459103052579576,-0.2611854987923516,-0.0594500744375894,-0.0682202642627944,0.2984753573376046
palma,0.0034820227472438,2.0,1,-0.2983032629108278,-0.2524256379491947,-0.1265260653690717,0.1451880470717901,0.2586556901344371,-0.1392989779491739,-0.3551230972188524,0.0015949528083587,-0.1218049775095144,-0.073947519262478,-0.1469855619238074,0.1224942804422092,-0.3736918520195851,-0.3189211812158629,-0.2727226614366611,-0.0212318192574323,0.4041540797490709,0.2476823455050729
palma,-2.1661298599674593e-05,2.0,-1,-0.0889438720118494,-0.3512263044954192,-0.1527690451193451,0.1846354468710371,-0.1768526440294139,-0.1246623997115345,-0.0721130148378906,-0.3146167093190131,-0.1492946661890501,-0.1330988199147215,0.1143270500333712,0.073312899920746,-0.2792274395277974,-0.499869823025676,-0.3303208632592468,-0.0542078257842347,-0.1213569500374246,0.3837102901162041
palma,0.0021073611657396,2.0,-1,0.14842622564723,-0.0515015693654058,-0.1022237568784531,0.0294540759985379,-0.0799957621801354,0.4847086293352768,-0.2864311768793238,-0.6188959147927017,0.0932710693890328,0.1524697716780895,0.2038374808303285,-0.1734097772242853,-0.0976600020404472,-0.2066421102923744,-0.2292048371427554,-0.0342215609131848,-0.095363421283165,0.1974271245855287
palma,0.0018661646771648,2.0,0,0.2774220929305405,-0.0759057359859128,-0.2335844952645038,0.0244383003194448,-0.0861511170353579,0.4472674955213514,0.617786563765046,-0.0238096173206182,-0.3991691576454757,-0.1171084317152069,-0.0604030506909,0.1279664765204799,0.026144107615615,-0.1380059073025059,-0.1193491166590692,-0.0593365140125351,-0.0017609393664173,0.2045662796814153
palma,0.002280178325121,2.0,-1,-0.2726256924697194,-0.2406812056785761,-0.1533093317804651,0.0816039782172553,-0.1193679654460631,-0.1439515894441633,-0.3388610209287511,-0.0558108696618054,-0.0565555369236298,-0.1081316102155341,-0.2471788663897915,0.247169264545323,-0.4344027122686076,-0.2620971803630941,-0.3262263525666889,-0.0624794073258326,-0.13347199374055,0.4025526927727122
palma,-0.0014325831512403,2.0,0,0.4096774691535927,0.1034066961065461,0.052262938292595,-0.0933455884751761,0.0151962224842338,-0.1186470752597601,0.173446865626675,-0.0193509085870395,0.0559836926119851,-0.1108493255868442,-0.1255522259237829,0.2229150669631798,0.5550043936168869,0.2124488985149582,0.1440148876496756,0.4718425460347942,-0.1140799097306082,-0.2735502471032197
palma,0.0018044627198117,3.0,0,0.2443180248445096,0.0354310439488905,0.0422509956602456,-0.0335602446423436,0.0173846374645585,-0.1647425767975761,0.0568718194013867,-0.0386781241898808,0.0813771494933467,-0.0673191286940576,-0.0840438376689804,0.1439839789540651,0.4940554281060631,0.3951563887836922,0.116898042101764,0.5984021221997355,-0.0550072907732782,-0.3000081893447171
palma,-0.0006384969578302,3.0,3,-0.2959310059522454,0.3198244091801931,-0.2467683738569407,-0.2233841777781369,-0.2294506649231315,0.2498253386050447,-0.1951835522819786,0.4110279172027437,-0.2051517485899691,0.1431093782153672,-0.1134161085406152,0.1289755373414229,-0.2099203294915627,-0.3237202839477789,-0.1463876747464297,-0.0255168020697782,-0.1594441396251928,0.298012574257605
palma,0.0007279663191445,3.0,3,-0.332495256484228,0.3525131824636445,-0.2731214469382946,-0.1457873274811472,-0.1562570229727629,-0.119053350219034,-0.1462462684284466,0.4205177981217616,-0.2265694119150641,0.4747877605827808,-0.070899038992632,0.0910243315492359,-0.2124541299104515,-0.2297657185702679,-0.1211153816311282,-0.036431343918245,-0.1165013640855772,-0.1222781101992257
palma,0.0001182826512373,3.0,-1,-0.0264578213263151,-0.2533141761103515,-0.1430925434532859,0.116120481360282,-0.1633796524363335,0.1741266230070431,-0.160954701277224,-0.6109917256463684,-0.0309705777300982,0.1963868507923729,0.2820567999929075,-0.1137477692007919,-0.1835444538242224,-0.3972710413546338,-0.2375585665276522,-0.0062046173853346,-0.1012004331535287,0.233866764999144
palma,0.0014953490951371,3.0,0,0.2869701537893004,-0.1492550772106669,-0.2818073275829666,0.0707296644204669,-0.1303250374774845,0.2384474612718511,0.3463227136537484,-0.0613763880849271,-0.5545551221580264,-0.1195828662929787,-0.154134021790124,0.2049526042323939,-0.0092382646027782,-0.3141097806403079,-0.2093990296113152,-0.0458622769727445,-0.0625255633770865,0.2778477051085434
palma,-0.0025154235220765,3.0,0,0.3164689156429045,0.0687779115528308,0.2578424357076118,-0.0575528435279482,0.0850782956863816,-0.0975781984352905,0.2091939863160778,0.026283741714431,0.1505358415550689,-0.0840515391838078,0.0097985588999602,0.1822374066948298,0.3592540885234422,0.2754373120293615,0.5218563853757673,0.4286071655031013,-0.0204514967955326,-0.1992268598937069
palma,0.0019791622986772,5.0,0,0.297868860897819,0.0352394887514336,0.2504088799945193,-0.036295046414876,0.0604833462336958,-0.0216721260762919,0.2010967835038011,-0.0207824256266878,0.1769263098787096,-0.1344864471314162,0.0008003964092734,0.1639853026852442,0.3045800215902907,0.2971285600734161,0.440685676454803,0.5489932917320244,-0.0103917288072537,-0.2190192650984428
palma,0.0287133674947234,5.0,3,-0.1196462802895078,0.3568685064830686,-0.151039276877243,-0.2326898970545034,-0.296873599153738,-0.139247036352839,0.0011806349360907,0.4872771797857104,-0.0685931073010202,0.5613633551052243,0.0193017087677959,0.0808082599275163,-0.0956971514176838,-0.0278351443509865,0.0245836252849371,-0.0899720555967213,-0.1233319006868751,0.2753704516469059
palma,-7.201277835776142e-05,5.0,-1,-0.1639552404123294,-0.1225658095698569,-0.0324193588866665,0.0774832522545514,0.5807770198169423,0.2346481166390217,-0.262724535312719,-0.3947398482143897,0.0482856149749658,0.166460400532604,0.1312823051919734,-0.0816727480987776,-0.1911869609730278,-0.0793267280757404,-0.0944263643480305,-0.0416861774560568,0.4367422874100302,0.1888043577995937
palma,0.0036433052233428,5.0,-1,-0.3695350264798261,-0.1422304172994055,-0.1975056239633272,0.1499884919220594,0.541789523119235,-0.0771688489553289,-0.4134222482700142,0.0171601676097738,-0.2463378183560038,-0.0640318124200401,0.0158491524367197,0.0894228815526388,-0.3021419960400019,-0.0973494500058228,-0.1974293343718513,-0.0707025892779621,-0.1194234438431562,0.2810162070148675
palma,-0.0006460276109937,5.0,0,0.3458910356991811,0.1370710887703399,0.24659986552155,-0.071437253067101,0.0767669729906315,-0.0753352201183627,0.2383599526614652,0.0319186796594653,0.1405590549404267,-0.0755709628972137,0.029988894031653,0.1233065144652035,0.2735229753482243,0.2413075457619342,0.4024515960295324,0.6063870326518332,-0.0091688289135602,-0.147921987248094
palma,0.0028133425079052,6.0,0,0.351067933011581,0.1324712254644098,0.2232887250219185,-0.0840222235592597,0.0418452854897109,-0.0400546272073011,0.2541480660348686,0.0350800065233852,0.1505203847461271,-0.0816604821170117,0.0229277251893429,0.13438363121129,0.2808620861100884,0.2811669713092428,0.3982354308482698,0.5820403011629878,-0.0125706200491813,-0.1724517757335456
palma,0.0032061703269998,6.0,3,-0.1795915054836315,0.5118369784066765,-0.195009117440365,-0.262657750160394,-0.1423579245581751,-0.1025895091646201,-0.0214194954030601,0.4224314234807398,-0.0449501302470357,0.4967866663054797,0.0003599926450059,0.0778574709518736,-0.1201731141892222,0.1138856741061893,-0.007008530786408,-0.1057638597331018,-0.1269687929319679,-0.2817934123299772
palma,0.0021797027062093,6.0,-1,0.1204726553066655,-0.0779951470547248,0.0722627064797696,0.0309581752799561,-0.117972575317303,0.1257478062803056,-0.1899722663593793,-0.5410524956388768,0.2552452643188427,0.2389768893842618,0.2621253345556492,-0.135770902865965,-0.0557773732253334,0.0542282441743466,-0.0449465745490435,-0.054781042760731,0.5694001923587098,-0.2645229722819743
palma,0.0020827909189646,6.0,0,0.3153449133142454,0.2453795582446588,-0.2306806097407628,0.0595479197229506,-0.1164632228430007,0.3504161034909533,0.441580222661369,0.1128169913683483,-0.4583772293483024,-0.1153848160742091,-0.1126828908426128,0.1606260231040791,0.0167715231459526,0.2040039571573514,-0.0021713986105506,-0.1003228623992123,-0.1107210532685742,-0.3366929312226122
palma,0.0008164365594054,6.0,-1,-0.3064315550064276,-0.0513774886127246,-0.2302044785665604,0.0340308651487616,-0.0814191754553542,0.0789577357000691,-0.1675237321912487,-0.031297301737787,-0.1408244223166654,0.0753087068191823,-0.0024439455763337,-0.147418546870415,-0.28447706362379,-0.2214730902327792,-0.4305078845908148,-0.6460014284215,0.0020213942529333,0.1659008926160891
palma,0.0025308447200986,7.0,0,0.2989779203475222,0.0476908307290017,0.2115179989166607,-0.0553070813498634,0.0413151988054965,-0.0536224413651435,0.1576288328611813,0.0307997239248757,0.1399520473381668,-0.0879445568582376,-0.0081489441414797,0.1548047204261545,0.298239919179578,0.2634947018546671,0.4006822206632792,0.6495499608524475,-0.0190673517981848,-0.1939280141939514
palma,-0.0066163797445858,7.0,-1,0.0348674376214441,-0.3438903498931475,0.0855446492520132,0.2037705897435586,0.1456009221357109,-0.3805279470479567,0.0387447941329425,-0.4532102513268278,0.0667809280565169,-0.5468916153676389,-0.0142911529402112,-0.0758973842514193,0.0698042718479643,-0.0456262858349356,-0.0592463710504608,0.1303048282130144,0.0662434112566538,0.3426874157187197
palma,0.0003562173684102,7.0,-1,-0.1258413969363982,0.0580273100075218,-0.0814606991687822,0.0534414156358367,0.5478150896854046,0.4054991400152493,-0.2129235837380754,-0.3441194025247165,0.0191340059240477,0.1348444790550429,0.1216226137905571,-0.0820143794674008,-0.1610018192940474,0.0313764656853923,-0.1128494526944228,-0.0655639982891451,0.4738719647029084,-0.1856273051568882
palma,0.0046375320003554,7.0,1,-0.2976875242546338,0.0986809458911697,-0.3608355587850604,0.0972039689912026,0.5914513907908059,0.1053687986391369,-0.261696643987111,0.0770620139215543,-0.2797727642102323,-0.0547046883812875,-0.1757984564175128,0.0760771312894015,-0.2036310135887813,0.1025930299394014,-0.2639516144049631,-0.05297365564203,0.1567489546978312,0.2442462506508582
palma,-0.0091954582382923,7.0,0,0.263248774096194,0.0467379237058123,0.2763736328431451,-0.04350458408236,0.0919439134606422,-0.0884842274334092,0.207601023930531,0.0466713549910029,0.1984420375529689,-0.0934488054612385,0.0818323206741342,0.1202424995296994,0.2615941753163678,0.1787386229928536,0.4540602019440701,0.6222295557344945,-0.0223428720367158,-0.1587320561439626
palma,0.0047800057082807,9.0,0,0.3618697411779502,0.1242868044629947,0.2804039691494897,-0.1115646870312175,0.0284869681323029,-0.0547297940427036,0.2319601319404048,0.0852175401038864,0.1936601036938064,-0.1376879748808684,0.045236384469474,0.1504949842085048,0.2679050007201667,0.2955148283786282,0.431900966048566,0.4433881453543457,-0.0665072751656124,-0.2642754774479022
palma,-0.0053557206952188,9.0,-1,0.0003875308876085,-0.4819900912573093,0.1197591394955727,0.2079474869659634,0.1100258361289778,-0.2002752659238699,-0.0115725138199626,-0.511839667321219,0.0843948946987772,-0.462576103365528,0.0536284605424327,-0.086335876104742,0.0208594115734617,-0.1294004222581866,-0.0930430002752211,0.1092475057686259,0.2918764615542499,0.2034179012475504
palma,-0.0023833889369344,9.0,-1,0.4064596782156731,-0.0592397263913461,-0.0189859341204817,0.0501796683060361,-0.0621445871043216,0.4573594348992718,0.219829758581104,-0.4984581823444912,0.0176503243238365,0.2216422746699598,0.3354182770265185,-0.1448434849694173,0.0964407067975884,0.1300291813127475,0.073886681205364,-0.1175220172899167,-0.0850520486817577,-0.2879976260499303
palma,0.0014913279225521,9.0,0,0.4831554127815748,0.0460734684220717,-0.0921103250596901,0.0525230580865044,-0.0589477857460762,0.4148092381891826,0.6190201957800321,0.0622828759573225,-0.1906941073029582,-0.0887787094204187,-0.0288310461671773,0.1190997973013029,0.115130763457836,0.1691179794598752,0.0808390996749736,-0.0975696041256292,-0.0551663426517009,-0.2652779760492399
palma,-0.0018153809816191,9.0,0,0.2417287401187627,0.0104095512873765,0.3158343835168936,-0.0380409265843026,0.0633458893958949,-0.0825265617969461,0.1086080277485694,0.0224308850230674,0.2104523764267599,-0.0702951584659545,-0.0251096530982037,0.141644760658118,0.2620656567144227,0.2300458047805976,0.439420026709853,0.6365412825994406,-0.0288384885848304,-0.1628095688549525
palma,0.0052853807143301,10.0,0,0.3355183653550153,0.0519851288803286,0.3250223278786781,-0.0761847620994828,0.017779241606382,-0.0866714875918949,0.1842346120308958,0.0478460993062545,0.2554938512024858,-0.0924466523289925,-0.0385648768143676,0.1714485770960144,0.2605397192427227,0.2541463978158975,0.4286745104831375,0.5066675398887005,-0.0263747322384999,-0.2255559809095177
palma,0.0044947844384994,10.0,-1,0.0048181292318324,0.3563127999700798,-0.1518322190463687,-0.1678157859219595,-0.1661155649472156,-0.0305680214667739,0.0202831189548943,0.441064491504641,-0.0810858603655249,0.4391050513138737,-0.0185652746702578,0.0864217173479925,-0.0184299962823751,0.2196164098049408,0.0433846352765579,-0.1620208512293094,0.4614075932241184,-0.3186255018355994
palma,0.0007126061855205,10.0,-1,0.1347594523703941,-0.0215034125425344,0.1098919050149292,0.0643313349600709,-0.1237806531857498,0.3356482515731489,-0.1233388563288037,-0.4605379057260644,0.2512368840081311,0.2890634356751355,0.2312725712977633,-0.1278482332750017,0.0044336962661756,0.1362632512890697,0.0049948978975442,-0.0711182728153998,0.5551447542154426,-0.2480082759199365
palma,0.0068835275732698,10.0,0,0.2434861348296051,0.1107443895777965,-0.2500566597343167,0.1547481422848345,-0.1211811137997437,0.4813007320589585,0.4103733288773113,0.0372269279619211,-0.4004674319255211,-0.0658237796763624,-0.1563299794332319,0.1401985173071379,0.0238821599773357,0.2887150372539169,-0.0228853429613759,0.1892646307468333,-0.1136361147292082,-0.2895878700633834
palma,0.002392042416499,10.0,-1,-0.1666588708790461,-0.204239872743849,0.2365022894243744,0.2384113981990449,0.6468267357905403,-0.123418427483658,-0.0635158246956663,0.0024434123949084,0.2590196865433945,-0.0944721954628617,-0.1445647299154296,-0.4831840344177735,-0.1156354822804707,0.0006718380685321,0.0751466333162254,-0.100014466245062,-0.1370605889983339,0.0434845454294256
palma,0.0288569664092313,10.0,2,-0.0272336243477686,0.0189130935109658,0.0039767056885105,-0.9809615533340368,-0.0414317773503247,-0.0329819599193259,-0.0273437015819772,0.0189395259918798,0.066510668846557,-0.0328250375736032,-0.0688918964055192,-0.1216479517603589,-0.0449345618336803,0.0104271053621879,0.0169947150930416,-0.0299599146475508,-0.0252221516316511,0.060766544433987
palma,0.0057733691058304,10.0,-1,0.0574617201173029,0.8013851785567317,-0.0437262679375465,0.0294500884763306,-0.0517521313793427,-0.0689761049248993,-0.0275484942957335,0.1588946434037778,0.2051755566226998,-0.0968525963748984,-0.1299330370810621,-0.2671652468157217,-0.0979036990247922,0.2414397450974682,0.0949374978086246,0.2809293491494495,-0.0488067597941479,0.1425697327853326
palma,0.0006314137244514,10.0,-1,0.0817708552590602,0.502989131050449,0.2421716125098102,0.0281323316139021,-0.0040196135944153,-0.1422501208948565,0.079516627643639,-0.0265321715317749,0.2990069362522364,-0.0975366055644358,-0.2067703514786955,-0.4815696750423482,0.0406930946995433,-0.4020052661954761,0.1809582368839915,-0.0230927210221144,-0.0176172143689082,0.2883804533442157
palma,0.002511246271712,10.0,1,-0.2250448562535749,-0.0980317449929872,0.1836565407313234,0.1070128966596059,0.6789954717200418,-0.1244672008022647,-0.1691450888291683,-0.0789668241294663,0.2430788977619881,-0.0746816426980248,0.2114142208047543,-0.3082822150129261,-0.2473420734521809,-0.1626731124354113,0.1039754708062859,-0.0708300568172218,-0.12800930641903,0.2427693011904586
palma,0.0001805272562863,10.0,-1,-0.1823388849890362,-0.2330473731566273,0.2929745158324959,0.1948439435509144,0.1204767551810565,-0.1107869899278871,-0.1300040217703967,-0.0687955719947433,0.2662926696938822,-0.0592251339887048,0.5637472185926614,-0.4076680992167448,-0.2274104107506055,-0.2421073572098894,0.1348230866862859,-0.043578103182907,-0.0758595484826087,0.2136232181038014
palma,0.0207715167380969,10.0,2,0.0420880489803158,-0.1119493678289476,0.0863206298729056,-0.9629221324132442,0.0069288140655775,-0.0311236269868112,0.077479301910686,-0.0180651161394501,0.0683230030599429,-0.0154796153561317,-0.0255570913642423,-0.1271658642213845,0.0428925749181635,-0.1180176639023054,0.0539184744300745,-0.0078436247031157,0.0137599882421557,0.0549690359131335
palma,-0.0001136398807945,10.0,-1,0.3237491535974287,-0.0453038306472984,0.5323422862637637,0.0319445132937583,0.1010611004011075,-0.1128512294462181,0.3337850840190294,-0.0470264369045326,0.3832097502259645,-0.0645549444119039,-0.0412253205880744,-0.0622422372100477,0.2532140558565862,-0.0231369083697935,0.4823228861092178,0.1284056183326992,0.0337786457570013,0.0253940001547359
rkiper,0.0037151172563219,1.0,-1,-0.0016660862501227,0.1044845294081814,0.1383841172263358,-0.1812504115912852,-0.1184673554795385,0.0927504500363485,-0.3232568537391102,-0.1154430862896832,-0.0597037752940684,-0.0517139550264454,0.0614281538018575,0.1526455292971606,0.3237877750236159,0.3668424667552943,-0.0416427091544194,0.4968200177708168,-0.493191757044283,0.1791419797764541
rkiper,0.0023675276802531,1.0,-1,0.2555648527876317,0.0604797557119337,0.0365875308527027,-0.1576090447588356,-0.3666171225795556,0.4658692812763222,-0.2302780151523796,-0.0672366561594313,-0.0373324814285383,-0.0605433691399816,-0.1119992809615377,0.1988467551866116,0.3513902490127965,-0.2535875853017466,-0.2345725928743632,-0.1354612501105339,-0.4010390127102227,-0.1293341262760742
rkiper,0.0001336082167595,1.0,0,0.495035029181996,0.3324757428589016,-0.1835142396665301,-0.2474154876042269,-0.0999476998072542,-0.1721922969919777,0.3235513736100965,0.3642624542902216,0.0461183445108774,-0.0758011462801966,0.1632947287123997,0.1091726032613699,0.20920776600213,-0.344694565241884,-0.170557700881779,-0.1246038427941845,-0.0219949888187548,-0.1354892742788333
rkiper,0.0002887331480636,1.0,0,0.2838845895996849,-0.3723773403437507,-0.1877115607613121,0.3363281204826816,-0.159118255544058,-0.0358623551202339,0.2188461094587092,-0.3082617609166072,-0.1396177312650084,0.1297095360711755,-0.1090841370955646,-0.0679307727967341,0.2987524758442714,-0.4342049097035934,-0.2730616391877499,-0.1046168086018106,-0.0313573994360319,-0.2139148896724024
rkiper,0.0030858560661795,2.0,1,0.2265426778958605,0.2307103187354015,0.4595751072832119,-0.2213214617183333,0.1263182444664761,0.1747830628839968,0.0355110196524617,-0.133525595224533,0.2020964683033541,0.0226034697935089,0.2548918700664074,0.1746017818688589,0.0119565183721473,0.2158150351818389,0.4879761232798909,0.3222840646764,0.1101234954481647,0.1789402860835312
rkiper,-0.0092228099762097,2.0,0,0.472814430851496,0.1286938127774206,-0.1094577096422393,-0.5596350041653312,-0.1289886446292956,-0.0307695490572613,0.2933807318093164,0.293770163367515,0.0543691521993487,-0.0722330935361194,-0.1442000594187653,-0.3417162002525621,0.1682415701194842,-0.1974428906481279,-0.0773013506104034,-0.1175003806673784,0.0122337970320804,-0.1086113344400321
rkiper,0.0124274576754223,2.0,2,0.027437205886726,-0.0863983913078236,-0.0405804573105052,-0.9890587462640872,-0.0563853544544866,-0.0230285590047979,0.0240226430226116,-0.0057959239376176,-0.0195505598150236,0.0079283578633957,-0.0152954869358869,0.032047356599259,0.0479795826500093,-0.0347286279308674,-0.0293497477870314,-0.0155834085222395,-0.0005904308715214,-0.0354887684962513
rkiper,0.0007229802559301,2.0,0,0.2202707615087842,-0.2837873786019864,-0.3574515987918347,0.2600750401296559,-0.2571981109438743,-0.0955758215808242,0.2780873895887683,-0.2731735800997933,-0.3823580101984669,0.0635209369800159,-0.2307660146919418,-0.0119471081277449,0.2242723884356389,-0.3272299600757829,-0.247767098737801,-0.0877138636056115,-0.0305845117610689,-0.1314129810112579
rkiper,0.0040752478809806,3.0,1,0.1420389189483189,0.2136617369486988,0.440406734097987,-0.2021094321658069,0.1808379994375605,0.052170575486946,-0.0203299936832423,-0.1523300381091407,0.1463307321575552,0.0586928444470605,0.1405086301176142,0.1892070605559859,-0.0440967420087131,0.2463167642571034,0.5431334462962328,0.3994604522857203,0.1336611924545518,0.1577386910339614
rkiper,0.0041893175289071,3.0,0,0.4572969783232504,0.4202342934349696,0.0432583400494929,-0.1854187116840565,-0.0900613903680714,0.42495068478458,0.348138270424894,0.3745251207420121,0.1107717013679242,-0.0765624829183047,0.0420217149226708,0.1936253978868291,-0.03925052632027,-0.0489270839841696,0.0371568612210729,-0.1546108506710174,0.1596352218720599,-0.125602356358662
rkiper,-0.003728528208157,3.0,-1,0.1352326815313619,-0.5019824900978517,-0.0701580929123778,0.3712964859703198,-0.0174510111936344,-0.2030836042962438,0.3254129950598439,-0.181019898376075,0.0272165074542094,-0.0847125304476096,0.1287553517510596,0.1857897112203932,0.2221456285565984,-0.4209825205520592,-0.1986113831906943,-0.1211871839371639,0.0363720533702265,-0.2563000998022335
rkiper,0.0016949809956354,3.0,0,0.1348479724192767,-0.3542228564359186,-0.1018629873210986,0.3043564847187325,0.0189675646878526,-0.1539346591497286,0.3806440327424821,-0.444275818573431,0.3458125296403574,0.0975032134903001,0.0690489352533235,-0.0913382762999669,0.0703096355661317,-0.3778634587664815,-0.1461089176831131,-0.1099072687292684,0.1124836077639569,-0.2258293195022587
rkiper,0.0012813295104169,3.0,1,-0.0415147505157057,0.05747365564649,0.4120182723028832,-0.1124512016881307,0.2956522288015903,-0.1185232134056159,-0.0391963443541791,-0.0853328779062048,0.1559240474311998,-0.0404251908186277,0.2760387935264161,0.1606766572087918,-0.0526723531003506,0.1132595281137749,0.4946606811892431,0.5296044126671134,0.066887645268425,0.1705460131934484
rkiper,-0.0063256923167053,4.0,-1,-0.0212733450598784,-0.0835122420570127,-0.4465406362348673,0.1570162659066623,-0.2329695750362029,0.0366961661906716,0.0390816069616509,0.0738858764547025,-0.1668857000449161,0.0412130038211184,-0.2732972781480287,-0.1897712915102013,0.0669393103038742,-0.2085828142932531,-0.5420814145266851,-0.4314456339534823,-0.1061608802443536,-0.1624909022159109
rkiper,0.0047552137664121,4.0,0,0.4879599853708409,0.2355439362202218,-0.1303102934240931,-0.1733184425864385,-0.1244156140733663,0.2004376784986342,0.447133117173293,0.4654746552909341,0.127680368367524,-0.1486863080230131,-0.0775110554130268,0.2450794753416819,-0.0307269078793876,-0.0954816172577187,-0.075236474727059,-0.2301562569538928,0.0295382703446149,-0.1144431545752263
rkiper,9.820232958544464e-05,4.0,0,0.4502505385275064,0.3580248907600505,-0.2464486917673771,-0.1968590014281523,-0.0810347655683819,-0.1956492372640234,0.3335137510979821,0.4854931693511091,0.0981268131731019,-0.0857353404441836,0.0474186001577533,0.238041999505086,0.0302558101308371,-0.2214712063259793,-0.0974573811829397,-0.1703391613478908,0.0122653553640631,-0.1153310565895476
rkiper,0.0024108273804059,4.0,0,0.1421817865445296,-0.3742969890651436,-0.1764327553249121,0.3696772930897835,-0.1344261939180979,-0.103575557232378,0.5269135618675852,-0.4287386407086457,0.0546104519224431,0.080620137497111,-0.1255629504223988,0.220573999427728,0.0255330544582706,-0.2048046876922689,-0.1258796225037611,-0.0860540597423064,0.1085352854621637,-0.1735356634747937
rkiper,-0.0076400446185341,4.0,1,-0.021245711249222,0.0500399223127782,0.4129194786399398,-0.1275397776118114,0.3747475041964789,-0.1351346793192749,-0.0391160425500811,-0.0899671997605884,0.2045746217078213,-0.0026467535769278,0.3155188393960492,0.1332144229966879,-0.0437063750671166,-0.0067335111575524,0.5562904727755328,0.3374360259810718,0.1206377979684764,0.2072854815421275
rkiper,0.0045720078982874,5.0,1,0.1312655305790748,0.1737436573183729,0.4178167308291776,-0.2209013045563318,0.2419689378247595,0.0167314948864381,0.0138480375941598,-0.0201739742953008,0.1587636914070143,-0.0164231707364194,0.2567128125208402,0.1990242250876119,-0.0573629569578121,0.1881326219456201,0.5202450503811008,0.430428825632857,0.1370642099916492,0.1593863579073637
rkiper,0.0027600770617072,5.0,0,0.3965183168048913,0.3828773434349758,0.0420994123794382,-0.2174113639444574,-0.0744232727740521,0.5640498782964039,0.309097557217898,0.3511182773340401,0.1212925247248195,-0.0749286973159817,0.001261661014905,0.1913378929144893,-0.1033766066204126,0.0700720834047353,0.0138675911311984,-0.1734820315442179,0.0028533868081127,-0.04231329824015
rkiper,0.0002416050419595,5.0,0,0.1790859472822494,-0.2872074053637334,0.0164313494249012,0.2435465427665804,0.073673150973331,-0.1815803781276265,0.5280329652625868,-0.4330313700265665,0.4569824700005703,0.0381422186987359,0.107939079800306,0.1000450851414828,-0.1578519130937561,-0.1441947210889297,0.0466454099885955,-0.1762793726891322,0.0996081866004788,-0.0170897097226209
rkiper,-0.0066613402209841,5.0,1,0.0345062720410379,0.081479967908665,0.4218911398529687,-0.0640445699239165,0.3584876912694184,-0.1044138963622547,-0.0359842474321068,-0.0543495001878942,0.2627140474119519,-0.0438418931312565,0.2373910291744859,-0.1385026535005391,-0.0634663878402911,-0.0582342017750025,0.4884580681111427,0.4870895697414694,0.0717787059610824,0.1775243133541874
rkiper,0.0035123142515931,6.0,1,0.2285061087111074,0.2849119137175279,0.4198518097070539,-0.2068468582009971,0.1642173244573796,0.1262324558807556,0.0316184856260204,0.0463834749814499,0.1887819333103823,-0.0566448218763284,0.1684070525569107,0.2020051141295096,-0.0608312474759194,0.2408356237992027,0.5141901698316723,0.3781518272688513,0.0983131036299638,0.1213407651545027
rkiper,0.0008760803500341,6.0,0,0.5156036999141993,0.3818442380854904,-0.1368582026191992,-0.2656880779003567,-0.1367321508699739,0.2220644039458125,0.371784822315777,0.3679400777978855,0.0928716886370512,-0.1149992277004132,-0.0129321562452999,0.2242618923959607,0.0829140215746578,0.0598904727201061,-0.0261817993740271,-0.2315922413150206,-0.0341478021223944,-0.1384073902199006
rkiper,0.0001429796962627,6.0,0,0.0333823841480545,0.0553246555284222,-0.2387283316580911,-0.1115581445744842,-0.1536096012997385,-0.0965239712643939,-0.1831695512166428,-0.1308259646039281,-0.3092795910386621,0.0259577600512669,-0.3921955683692037,-0.3832476775456691,0.383464730113115,0.1107411298901123,-0.2645646200250893,-0.100818882185965,-0.3980946649581083,0.2187194489513807
rkiper,-0.046142341286927,6.0,1,-0.2198629749158726,0.1883171688012871,0.2812952029156075,-0.0355184347544996,0.1324393713766502,-0.0531905555962218,-0.1497817952343726,0.1010187854652027,0.4467859851697023,0.4872002008345412,0.4611968618408269,0.0224768632427698,-0.1922390845432214,0.0666678560071523,-0.0182312753225728,-0.0412373551826866,0.2854910659745828,-0.0875873224541887
rkiper,0.0011577521241582,7.0,1,-0.1432301861324769,0.3516802858806896,0.2867740597008489,-0.2102184261297716,0.0558925884620576,0.257566458970376,-0.1736335341792396,0.1583697748621051,0.4704175719119351,0.2127369946334567,0.4608877658234105,-2.7307848066092146e-05,-0.1874762962479285,0.0432645354899273,0.0147211228154921,-0.0381240053966179,0.2812463297406616,-0.0890213743150607
rkiper,0.0050174785971318,7.0,-1,-0.3457602095186277,-0.2603414232227425,0.0977950359699015,0.1770381114876159,0.198807905221402,0.3926984628775466,-0.2525853466281174,0.0320038438635602,0.0339789584275576,-0.0681788419714527,0.0676104619631869,-0.62210458233054,-0.1972083657010397,-0.0549332795617671,-0.0282749509960527,-0.175883168267561,0.1499140448805953,-0.140356660997633
rkiper,-0.0023642564460805,7.0,1,-0.3760280258795443,0.0556118235358344,0.3893753184288426,-0.078528045250635,0.3967583970932246,-0.1162967936411035,-0.2251812201727987,-0.0034636303432179,0.1122024175161197,-0.0537856750344273,0.1508662553346945,-0.142729587304164,-0.2775120193058195,-0.0458062898107734,0.4695229363946415,0.1897528525900896,0.1338984762053878,0.2528975930025465
rkiper,0.0031836260226951,8.0,1,-0.2849255544823657,0.2339718537058629,0.4341070993675789,-0.2288049449053228,0.189948668291025,0.1108469903501712,-0.1791744138120245,0.0525150386056649,0.0990746730839592,-0.0662860707472347,0.1208471306452196,0.191042560919865,-0.3142604954877401,0.2320207119304561,0.4668216009127552,0.2160611789617336,0.1953205328851557,0.139233359018927
rkiper,0.0056762167536567,8.0,-1,0.0195189511717165,0.5533374292036213,-0.0535996399718664,-0.347121138116554,-0.0615541379389614,-0.0460066204382856,0.0468125894964364,0.5364238052846045,0.1592895586401777,-0.1366342071196971,-0.0573077811714424,0.0999897367442922,-0.3826482395734032,0.0866081595421637,0.0377969760331922,-0.217889729634553,0.0804391353364868,-0.0871975207161499
rkiper,-0.001710439365982,8.0,-1,-0.2110936966537298,-0.3325212804942316,-0.3379599224533809,0.3088846323138262,-0.3411095888950698,0.1447962372167973,-0.1467653111032872,0.0589131184009412,-0.465467048408104,-0.1066370766432588,-0.3474295958817183,0.1889045905887767,-0.0374777083343797,0.0491906517555199,-0.1595946115943838,-0.1373584285245331,-0.1574640019894053,-0.1246178701702199
rkiper,-0.0028237548601572,8.0,-1,-0.0167152753208525,0.2787131405218678,0.4339795810285615,-0.3182128217469333,0.331716857238965,-0.1187658725897472,-0.245432260698877,0.2621452006977439,0.4321078773396117,-0.0613732711298636,0.315658797569249,-0.0209607270892227,0.0072835793246445,0.0597481200488418,0.2000881756949781,0.1233710571623153,-0.0078701368285683,0.172740133229524
rkiper,0.0025214281008213,9.0,1,-0.2760192414855748,0.2522386461884146,0.4145155427483665,-0.2092104625284144,0.1540004013317449,0.1408827981095684,-0.1482915448988383,0.1213254659118543,0.1143054571700337,-0.0932468456766833,0.1633404283317391,0.1727262454759437,-0.3612991678089117,0.2985138680651236,0.42691779934239,0.2251456981763871,0.1370377793170178,0.1211240128379028
rkiper,-0.0056045462177455,9.0,-1,0.023365044590884,-0.3211842640894759,0.0006105901338011,0.2155446386191133,0.0389876812150753,-0.5107872609933622,-0.0088560093300724,-0.4490041843170442,-0.1181091449368739,0.1280374833070537,-0.0511601997925756,-0.2361586980070733,0.4506275152623936,-0.1660165052320178,-0.0816757433549899,0.21995089062847,-0.1052440176190741,0.015623744004394
rkiper,0.0063987147608582,9.0,-1,-0.3002725231006018,-0.4617433867516174,-0.0146075448473175,0.3444126484909244,0.0162194106658435,-0.2630342351511783,0.0134965654399137,0.3325714587671132,0.0342623155963977,-0.3225478284324368,0.1364812502818566,0.3057322585686042,-0.3109160148200887,0.0931429979117645,-0.0488371030487007,-0.2325366085162057,0.0777524571303562,-0.1113618960219064
rkiper,0.0004484815444143,9.0,-1,-0.1968465102451601,-0.3232964455772122,0.0981857152007118,0.2805712500907799,0.0861063518825017,-0.0231693546390275,0.2782569735519936,-0.2191132698040348,0.4574091124073819,-0.0506612503645143,0.197436949960281,0.2100589106450964,-0.4536908112700705,0.0164194827914772,0.0970014878559266,-0.1820925168888411,0.2964291846207546,-0.0595278709855197
rkiper,-0.0003398396912643,9.0,1,-0.2910760705114639,0.1188399734258472,0.4278238392536403,-0.1028327021487437,0.3295423318187311,-0.1055054045738072,-0.1554458273758927,0.0889210950521826,0.1583978095293054,-0.1186222579455196,0.2366454640807766,0.1477712865654336,-0.3023675719374088,0.1520920218577015,0.4429048135010573,0.2957275018369283,0.1257517533661113,0.1573355500810502
rkiper,0.0010556224916474,10.0,1,-0.1790251857316705,0.3186035661252332,0.4021972724671116,-0.2316027828854645,0.1422020910066047,0.2043958168643005,-0.0978800855725326,0.2225118502280733,0.1749405119141268,-0.14859542078193,0.1749178367855194,0.1701795153225562,-0.3702826514367608,0.3068749665478312,0.3826947751119693,0.1176377853513188,0.1227080593274849,0.1052299532620569
rkiper,0.0002734597100083,10.0,-1,-0.0653284154578358,0.0240637081429672,0.0414131822104834,0.0783483849472973,-0.1457821560196001,0.6810723043793163,-0.1387521403970228,0.3919006150160942,0.0015106648513374,-0.0270110262858568,-0.0517158400559802,0.2385637034218862,-0.2752430317804001,0.345093527341375,0.0688987661296488,-0.2123184338973554,-0.1550038022288098,-0.0181602345072134
rkiper,0.0194967732074916,10.0,1,-0.0575324029356221,-0.1415176054757674,-0.0191796580407794,0.1393509821805907,-0.0789487603009692,0.2653314566503432,-0.0882221048589473,0.1368774068517506,-0.0684163465203136,0.8997348193868978,-0.0435778116239616,0.0896548495131551,-0.0524586878488874,0.1062227836193569,-0.0068089718038714,-0.0757059004545373,-0.0985554305604606,-0.0075703409656417
rkiper,0.0015833682245503,10.0,-1,-0.1375365853644721,-0.3675742059761563,-0.057978825768343,0.3703016141990312,-0.1307957349303641,0.3363837192412134,0.3423366915918568,-0.3728502618523187,0.0775876492159714,0.0022738946005596,-0.0384065303962432,0.2103689567057005,-0.3977788469397884,0.2159967680664989,0.115007201824591,-0.2034853579269624,0.086993201086654,-0.0132758930405012
rkiper,-0.002917085865569,10.0,1,-0.2981923812518854,0.0295466938684857,0.353053638966635,-0.0252589364167768,0.339858582499532,-0.0037975615927677,-0.1584756595579738,0.0793744302795142,0.1787044588096035,-0.1456058724558497,0.1702105535405705,0.181580184323049,-0.3442214495196706,-0.0706620658608934,0.4945965845349148,0.3068451115545013,0.1282931473019708,0.2102155545371737
rkiper,0.0025333603054256,11.0,1,-0.1477589162446242,0.2926703076289745,0.220004391421204,-0.2113702271078653,0.0904606064720143,0.1175371551394774,-0.0705087400949846,0.2594321967794915,0.1362374191972848,-0.2333659000715242,0.0667331554746939,0.1738772133910395,-0.407431287010302,0.2484460401269692,0.3064322742740798,0.5105004226678309,0.0946444207443659,0.0790941528981706
rkiper,0.0138260458665093,11.0,1,-0.0750883842801414,-0.0992312867153952,0.0052952717840711,0.0863016470918336,-0.0016514946861799,-0.0689200975480894,-0.0890915682993359,0.1744179660371599,-0.0721338553822162,0.940930848361854,-0.0365659112282917,0.0789083421901916,-0.1107923607624502,0.1259682093488532,0.027545420201509,-0.0798892160488789,-0.0224332150118444,0.0047180977754997
rkiper,0.0008070919447385,11.0,-1,-0.2787301682420794,-0.3648892096606349,0.1014801991621233,0.3598735190926136,0.1314154172150215,-0.1095790217633104,0.0957090853808094,-0.1915436990816997,0.3340500236823783,-0.0413809212457135,0.1104998233625757,0.2029139234730625,-0.5104395242260948,0.204478606550502,0.1507342101735207,-0.2028834969630067,0.1895356108449315,0.0733419655619728
rkiper,-0.0029598446337291,11.0,1,-0.37231665847751,-0.0106522967354772,0.4524216457763225,0.0390619540113431,0.3277673729510607,-0.1238105336525286,-0.1605624662562571,0.0719603920208549,0.1483041395111111,-0.1362539455788332,0.1898403828766849,0.1479396706065988,-0.296484448160656,0.0349314162262954,0.4729296378157747,0.2247623332960378,0.0797590007577652,0.182171618381963
rkiper,0.000581260352329,12.0,1,-0.2019677695406051,0.1123676461502047,0.2235035111920993,-0.0137351097912143,0.0184468232820086,0.1442514778130079,-0.1117049423496377,0.2675227651921536,0.0873978097619259,-0.1839225164234293,0.0237669444162994,0.19484865905704,-0.3887982312640786,0.4025827117654796,0.3060409342789869,0.5464125739807791,0.0243942790019596,0.0720304428164132
rkiper,-0.3718364823983614,12.0,1,-0.1416670402269022,-0.2079154967776319,-0.1152612102491897,0.1965812978838042,-0.18124868973763,-0.0844097373657504,-0.2407233069288115,0.2259457371065348,-0.1618630397347897,0.7565932990929013,-0.1929678168459848,0.092189181600739,-0.0302255826382071,0.23767286647194,-0.0034345446368179,-0.0388134553109781,-0.1802786076146679,0.0028005811599043
rkiper,0.0051653130987454,12.0,1,-0.1451409082109449,-0.1943119938665117,-0.1520813150682378,0.1735232652014377,-0.1745080341844739,-0.0771810983221174,-0.1550097407162,0.1127622308572924,-0.2072790248124899,0.8075507424260315,-0.2240503215845632,0.0818372193476268,-0.0413439401312693,0.1875963634114457,-0.0201320471093717,-0.0421742157101176,-0.1539326206592394,0.0022347814636239
rkiper,0.0026251016944412,12.0,-1,-0.136045157621532,-0.2584012252361115,-0.3664687542297049,0.2455431642429213,-0.2755074285100262,-0.0885309105417645,0.1111474702298437,-0.163910059764558,-0.3372161992773328,-0.003104864414952,-0.2615426768105633,0.1420414892658184,-0.2114779414149187,0.3216790999978907,0.0105679452638753,0.490210018728044,-0.0777456841832471,-0.0141539857548072
rkiper,-0.0005550856488021,12.0,1,-0.2980412565733911,0.1217906736212807,0.348783184827448,-0.1376606079456484,0.2891480901688231,-0.1063896413044177,-0.1807785751961793,0.1673485544206238,0.0494038368514689,-0.1559713489102828,0.186460804390726,0.1372712161827245,-0.2428636095232064,0.0563633039454307,0.4379609292438067,0.47567669200794,0.1141426306646797,0.1627313044714387
rkiper,0.0017239621037067,13.0,1,-0.0889159614535539,0.2350179883640762,0.2697880174893757,-0.19586373933853,0.0697293835569593,0.2287117659678754,-0.0797090150487321,0.2954691792028658,0.0975243237738422,-0.0976692417881593,0.0930739591745163,0.1583782558403117,-0.3603640887021623,0.3743087774937644,0.2532932392281388,0.5330658406862827,0.0442459339189287,0.0429545404614273
rkiper,0.0170414730636604,13.0,1,-0.0823687182609399,-0.1713497635190034,0.0835468878766115,0.1576537370878475,0.0040211887291452,-0.0788238356355557,-0.0961131983948755,0.1514691683918877,-0.0159491718924019,0.9079097262052768,-0.0050519742927406,0.0814535306757923,-0.0973150607946922,0.1976303574920749,0.0484040645642944,-0.0971195089695038,-0.0437043552059855,0.0134906286572704
rkiper,0.0021691659387266,13.0,-1,-0.1722646601976457,-0.3689401132514297,0.105406040322482,0.3187434067789113,0.0217423103344432,0.006106675887628,0.1899835022576169,-0.2796336981899891,0.4030037625118474,0.0129315903322873,0.0885448902685347,0.1863922229370726,-0.4242214619456252,0.2373897714156356,0.1640392808661575,0.3655438750524178,0.0281802892486798,0.0624253381250932
rkiper,0.0006419671367915,13.0,1,-0.2997012603041775,0.2115421740628894,0.3763434298349353,-0.163594090018068,0.214848719999122,-0.0274360960648286,-0.1322566068147643,0.0715265312315898,0.1357939957807534,-0.1097569763184734,0.1920947803947301,0.1572682378302796,-0.3319840950566682,0.165419789584763,0.4405036613280061,0.4169309241654043,0.1099837807801979,0.133575212300672
rkiper,-0.1371469404426175,13.0,-1,-0.2809893574167539,0.0202865621915447,-0.2324629411451776,-0.0015047654721209,0.2539310954580488,0.329246508559405,-0.3710095513776261,0.1988996102500578,-0.2053382663992413,-0.1658148766962674,-0.1148007874707701,0.0738393156994853,-0.0756602572447844,0.4508535394569998,-0.0053641589413538,0.3726130395691108,-0.2794117441274924,-0.0477005363452095
rkiper,0.0013783367655295,13.0,-1,-0.245789300063731,-0.0174157580381274,-0.1656228246730713,0.0070279176120234,0.6227919006644601,0.2246741133349207,-0.3065159453509153,0.0775928427252703,-0.1918910614050437,-0.0766848646057438,-0.1845552551976499,0.0360658300540997,0.0330229783714723,0.3100385606742312,-0.0919405435347516,0.2500107394160084,0.3564468176972149,-0.0138488009873642
rkiper,-0.0006300072583296,13.0,1,-0.2384006403818895,0.026539745164022,-0.2163863320252954,-0.0325210630785773,-0.2077456639942603,0.1834358575030475,-0.2302201436965662,0.0945444573001041,-0.2949474685421427,0.74220493472165,-0.1266749515525574,0.0245037894203058,-0.0419793943508661,0.2092670921090248,-0.0171176542454009,0.1887082213413313,-0.1407603725894863,-0.0071930885894876
peppe,0.1765773068391325,1.0,-1,-0.025698693486971,-0.0498197698802373,0.0338117379416544,0.0646444600435954,-0.0216815315936798,-0.0443362531979456,-0.024704353669448,-0.0480954209305976,0.0314872156064795,-0.9848200770610408,0.0877494440654313,-0.0150228724380924,-0.0437536018889317,-0.0323724865349478,-0.0074399187760662,0.0491267790004191,-0.0352564583638311,0.0267266588992072
peppe,0.0057931650282598,1.0,1,0.0490529000917643,0.0799628485138356,-0.0642605931775224,-0.102298190811182,0.0400508262570023,0.059367234934449,0.0261146910217262,0.0735053222178287,-0.072633164755081,0.9544618160207202,-0.1704204522900068,0.0161914776252698,0.0919410009115841,0.0398685897366797,0.0195484148525425,-0.071661510741278,0.0548784989420427,-0.0352394901295285
peppe,4.204608632414885e-05,1.0,-1,-0.3952173877374491,0.4541973253938701,0.2045063379834008,-0.4266837976550125,-0.0920621674624878,0.2194470875212725,-0.1738067106999994,0.2571546802817648,0.1906333982206807,-0.1073991712019081,0.2289635603535726,-0.1152060806916384,0.0658946869867527,-0.0063620752547295,0.3343634558643412,-0.1406881892361572,-0.0361467749548423,-0.0990082905176801
peppe,0.0014996706495934,1.0,-1,0.0554147259177255,-0.2610528404941652,0.1598688811482719,0.3242749413786822,0.0790025022478481,-0.4384027767950625,0.0672482721146934,-0.1169665225811888,0.1671761101073563,0.1623253682003067,0.1945913143718499,-0.5847656389027477,-0.2978281801373474,0.0530954546639955,0.1844588152299217,0.0035206294116084,-0.0706095140625131,-0.1294933366997383
peppe,0.0003103254408415,1.0,-1,0.2814201103994354,-0.2042483661887265,0.3311639505875203,0.2060944281969931,0.0131370333344661,0.1665910130192692,-0.2627565151108811,-0.3712168344094686,-0.1653052019740159,0.0384242191625289,-0.1529157289221844,-0.0925663536711377,0.0847993831960613,-0.4564384507635916,-0.1418531362916609,0.4260098031444669,0.0424512499567581,-0.1117274846318241
peppe,0.0014724608147286,2.0,0,0.1988563634578762,0.1139313922417527,-0.540174873056011,-0.0846670326438719,0.0803315400586743,0.2581125950180805,0.4445321594374765,0.1527840653299078,-0.2179759058846417,-0.1821719082690402,-0.4004234045358423,0.1438051184298587,0.0386698335182536,0.2608954294834812,-0.0501857971431919,-0.0276514275059865,0.0513128493327486,0.1315081184514797
peppe,8.177513519976758e-05,2.0,-1,-0.2929504559271139,0.3084527498959513,-0.2961490580238472,-0.3182579635601172,-0.042593083921652,-0.0651191290077337,0.1109514485116275,0.3987683420640857,0.089882942704342,-0.2605894018130792,0.2194742785079092,0.1418966239993691,-0.0023576236506641,0.3816472810167337,0.2311917605036827,-0.3262599601055529,-0.0327710411698111,-0.0417698493100541
peppe,0.0017785656747234,3.0,-1,0.2217500609068031,0.0099207590989565,-0.2658913926031041,-0.057765109465922,0.1003427747518203,0.2589266969090463,0.3703099522926287,0.1643244876412641,-0.2455110540662856,-0.1618754430492672,-0.4473010680405233,0.1394497533803826,-0.0129636835357243,-0.0169404648055216,0.0181074244280758,0.4923507759670549,-0.0198788640027306,0.293016307848909
peppe,-0.0009403397207673,3.0,1,-0.0326966401904823,0.1090844523099838,-0.052405877550236,-0.1930070264565542,-0.154586468769874,0.2784925464483652,-0.3250345390524619,0.2951947896637237,0.182579468237517,-0.1213077669621004,0.3518758743074076,0.3322469041216747,-0.1986302166747646,0.090217843973383,-0.0254514855325744,0.5507638314036514,-0.1069974672601241,0.0866325824059439
peppe,0.0032035544213749,3.0,-1,-0.0888834137608579,0.2232772381779422,-0.090824940509364,-0.2963973098827946,-0.114460331129096,0.1930411990856158,-0.3251443106914208,0.2884808504406201,0.2543272834718538,-0.1526186737550647,0.2571906414054605,0.1629430805935242,-0.0310684773302084,0.0401787364078387,-0.1574048919021473,0.1710800190060068,-0.0259360167826361,0.6073476364561873
peppe,0.0049395315396369,3.0,1,-0.2395804364501656,0.215698374596437,0.3219563171887125,-0.1684431544645511,-0.0128959036577546,0.0945203257269097,-0.3894995256765114,0.3365118916935028,0.177445745631576,-0.0629599586122735,0.1726783182531567,0.138045837692315,-0.362000135779507,0.1695773994632881,0.4202710341679548,-0.1574917691883038,-0.1769663048685603,0.1145489411489749
peppe,0.004779377510165,3.0,0,0.1685892133458729,-0.1655733308604307,-0.1083664096407561,0.137862963793566,-0.7204796755850351,0.0550185803661882,0.273430399099992,-0.2163140432663426,-0.1204837576023745,-0.0220078905434392,-0.0740582493369007,-0.0822222585545149,0.3160000389305769,-0.1957653848595658,-0.2639019111873426,0.1312181656205688,0.1306669656717356,-0.0194298432010156
peppe,-0.0236734058883332,3.0,-1,-0.1508317249537124,0.1157420682310535,0.0664412751495687,-0.0910823453739051,-0.0697482505476199,-0.0462649972006642,-0.2039828816136709,0.1190332066413985,0.2639807015216607,0.0050971217840843,0.07484305970293,0.0101078649183712,-0.3006076097827069,0.0150381070802296,0.0448033130443599,0.033741163623131,0.8372454521875262,-0.1350098705703352
peppe,0.0007877178174285,3.0,0,0.2971771561905869,-0.1500372749257231,-0.3770315444047095,0.11152711966908,0.1571850110011909,-0.1165608774765195,0.3018037122135607,-0.0575455414658628,-0.2733480566051446,-0.0154213823410731,-0.2280195299857229,0.0529495404258296,0.4487089525132969,0.0953405400460685,-0.4131603228456228,-0.116648608440927,0.1831137121355752,0.2094537437599632
peppe,-0.0005803739346716,3.0,-1,-0.2268145817435967,0.0575166423202466,-0.1539840799782114,-0.1392236145210592,-0.0186211069749734,0.1862148233467278,-0.1680507415010164,0.1545807273793442,0.0135329754446596,0.0082986816099069,-0.581109850053263,0.1348487303632506,0.0347718300809695,0.6367662783287503,-0.1888218612220963,0.0261240245143047,-0.0042942325713164,-0.1258327834178527
peppe,0.2963783375773841,3.0,1,-0.020478886131581,0.0366897002929467,0.0288255370500827,-0.0733274145160931,-0.0375223589070894,0.0915553878514417,-0.3308175337583786,0.0476744470018732,-0.0101789919242483,0.8672681128106233,-0.2148289899214308,0.0351268422437778,0.0763503416401189,0.2353743326578909,0.05465490919955,-0.054858154132325,-0.0063618338361586,-0.0601063077358004
peppe,0.0077705569010421,3.0,-1,-0.017339517561429,0.0681559008274932,0.0380739445027025,-0.1377067815056662,-0.0748091456107482,0.1930062220605888,-0.6715684048407411,0.1159856212290064,-0.0092156233114101,-0.2772385811792826,-0.4628251893287105,0.0776673831080788,0.1823571187568433,0.3420454105715109,0.0549667787149955,-0.0115583812211944,0.0087222958529028,-0.1291162063251171
bigw,0.0002483474750038,1.0,1,-0.211588280194711,0.1744117405745396,-0.4386468266884827,0.1057638032644421,0.1571007069106551,0.1984918324691693,0.0763067836879071,0.1342666214789644,0.0883560958082995,-0.0903930263869212,0.1026612992459515,0.0672352260415316,-0.4788485305939247,-0.0675217671874971,-0.4011369132561532,-0.4347078169110943,0.0251123075224991,-0.1337122837481175
bigw,0.0001100839230315,1.0,-1,0.0603379044435875,-0.1653398385354287,-0.1484496713908966,0.0835685524494618,0.1700897581044579,0.0730063084923495,-0.0916886091551703,-0.2737975364917608,-0.221021792172201,-0.1559633557378027,0.0381609137845627,-0.2544626489576173,-0.1414151522078543,-0.486937929632901,-0.1353943144125907,-0.3178990720112297,-0.2442305302255005,0.4968291933942202
bigw,0.0019510052002866,2.0,-1,0.3013781037292685,0.2289176226795666,-0.0557615123460075,0.0761744089833377,-0.4204759616532718,-0.2816092282507048,0.0586187773128629,0.2988858884007423,0.2599793208083635,0.3855507096283601,-0.0902829199592065,0.2328723521427969,0.2631760655261728,0.1272854941866243,0.2120353542818187,0.1977871664288277,0.2210650620101046,-0.0441866144256722
bigw,0.015659717847432,2.0,-1,-0.0084455653209029,0.2509285255798616,-0.0911463389560566,0.0950926541614867,0.1699840749558877,0.2235945991400586,0.0594080734756333,0.2674953295986789,0.3334995355371481,0.3938701137502413,0.4579280360791948,0.1401533253424001,0.1737776091907056,0.2543072844072677,-0.2065447803927036,0.2341070547854606,0.1799417505972061,-0.212668017168392
bigw,0.0017302136299244,2.0,-1,-0.2284805189598866,0.4859322529739996,-0.2782992697008122,0.1020791819582114,0.1923407670595489,0.2568424179312358,-0.1397478883093306,0.3245445342094066,-0.0858602200643685,-0.1754699724200104,-0.203426073180365,0.073758583000903,0.2007144263779219,0.2005181084327315,-0.1848325393842279,0.2703316436869298,0.2268353303385242,-0.2679546982245721
bigw,0.004295556570308,2.0,-1,-0.3307351832404722,0.2992109343955269,-0.3028174764448026,0.1157977110659078,0.1820706720751507,0.2415298914810866,-0.251719753511116,0.1910779358457689,-0.1861335297879048,-0.2010334188094088,0.3746981596287498,0.043275479815877,0.2156564201024911,0.2125679684531772,0.0385370374045379,0.2393900623178564,-0.2663564527704473,-0.2566253868119454
bigw,-0.0003432455871193,2.0,-1,-0.1273803807259379,-0.2389606396983694,-0.0987165077456524,0.1940100127405673,0.1542880146674097,0.2234800906038437,-0.3367024909370847,-0.3863226839004826,-0.2289095021760596,0.0263564932805806,0.1223093544359584,-0.1888262410997484,0.1653158996198541,0.2645441243050879,-0.0828893274887334,0.2447295140631485,-0.4585412504829712,-0.2547154188586363
bigw,0.0023918535405597,2.0,-1,-0.117324661318235,-0.2405692384851749,0.0060024443509468,0.1745787575511418,0.1618754414029537,0.2276778736165614,-0.5162263801771462,-0.1792812165263826,-0.2637354993902626,-0.1113458968275134,0.3289711267586199,0.2769395481098045,0.2092948384527014,0.2193216269039197,-0.0519544068855691,0.256383249980355,0.1680608930106903,-0.2563611752554394
bigw,0.0042355417901232,2.0,-1,-0.0351325818601273,0.2300755623587272,-0.1373346037107159,0.0967517551500119,0.1080282528026479,0.1174765780778258,0.1313272865518315,0.362782580077202,0.2926530701997898,0.1167048834187912,0.5904362612714146,0.249164765524335,0.1533199684757371,0.2489877492692658,-0.0126105799891938,0.1915912197136039,0.2273839767379036,-0.243402588288033
bigw,-6.857668576605328e-06,2.0,0,0.3515263438251374,0.2475854253418722,-0.1874267432490533,0.0617920148742632,-0.5207952381627281,-0.3837106066082964,0.046771704868552,0.2589188514018915,0.0720332617996925,0.253837178022163,-0.2700789041612239,0.1827178093246703,0.3131535562843776,-0.0153486262238569,0.042657403527212,-0.0570983299916395,-0.0031637556545683,0.0956788740570171
bigw,0.0018848523096079,3.0,0,0.2383408692592743,0.2759168775749839,-0.2268266464962412,0.0717639676396348,-0.3969857963373478,-0.1807933732849203,0.0395033590643906,0.2988987727210327,0.0770328505637356,0.4412449346579062,-0.3153865938727017,0.2076273364320717,0.2781474381766052,0.1390505159625418,0.2084881780537601,0.2072130507222378,-0.0203142935464927,-0.0505064803719681
bigw,0.0006066650942521,3.0,-1,-0.4366674246260315,0.2516305404416861,-0.104879695518435,0.1375212734817401,0.2586560385177918,0.2988437201578561,-0.2032467409229728,0.1527465713708664,-0.1335570341054596,-0.1338228958878526,-0.3053002926024791,-0.0614804874629878,0.1686976157471157,0.2652021523568639,-0.0946632991829656,0.3001146986600843,0.3200110287006479,-0.2495560979865722
bigw,-0.0027666932580652,3.0,-1,-0.341762451376799,-0.1763952745398054,0.1539060901935929,0.1954802134922215,0.2497263980502234,0.2450999001971665,-0.0119004390889999,-0.4436131027142623,-0.2346248483841904,-0.0539802749878808,0.0092947546379987,-0.4420053774005133,0.0937738083242173,0.2651834194557233,0.0417483641399763,0.2544194230092887,-0.165448277657589,-0.2107918051465317
bigw,0.0007019436993122,3.0,-1,-0.2963738254128176,-0.2656429697313831,0.0353150192557527,-0.1596178589161139,0.2417609633039819,0.105134706015576,-0.1665484274947543,-0.2384913101698126,-0.5633690228318587,-0.1280348172695453,0.1604017640868124,0.0106282677970791,0.0355704691626789,0.1471421418157501,0.1492265467916427,0.1822546360904753,-0.4480979681071156,-0.1481241880986801
bigw,0.0014123168946307,4.0,0,0.42315951632881,0.2277795841367729,-0.162733108607256,0.0961212943091528,-0.3997545487580801,-0.0163155178470217,0.1021261567235772,0.2943248045857053,-0.0448975643760665,-0.2696401696363485,-0.3314467153912496,0.2383946085409845,0.3288098981316427,0.1625798954788112,0.1819604801699174,0.2291773322283223,0.0662660008115838,-0.1011070316349082
bigw,0.0004648770358383,4.0,-1,-0.2703648830808105,-0.0757556167223356,0.0451403821243388,0.1582040201991114,0.2899971850355722,-0.0057120285336169,-0.2592304193298982,0.136292569676411,0.0608626512342265,-0.30869918566935,-0.4269037008567942,-0.02952393869044,0.1498811804673693,0.353188206709584,0.0539320438700673,0.2937198124627408,0.3436825986587745,-0.295920257563625
bigw,-0.0006452085900166,4.0,-1,0.0257759772396004,0.4162372029427892,-0.1693594286807847,0.5712167943049394,-0.1578901467852288,0.2244192389546671,0.1323701167685511,0.362250960940201,0.0006610647944636,-0.1696972000244554,0.0917611401198191,0.2437819202170585,-0.0344617129227357,-0.1743350839326724,0.1482801990300652,-0.1906773310943265,-0.1893396448541164,0.1569969601050197
bigw,-0.0007252819723296,4.0,0,0.4094501524897507,0.1867555529573942,-0.0251590637244746,0.0749592783576339,-0.5094883107612469,-0.3802622102765739,0.168614391657764,0.1639188496075359,-0.0481331373223495,-0.1946315752695027,-0.2781431596625736,0.2507437784912311,0.3083545945282075,-0.0392251736651954,0.1093823430216137,0.0690023703707329,0.1603419806475636,0.1106902014356137
bigw,0.0034059620650211,5.0,0,0.3056159067568672,0.2766777171631523,-0.125535741940538,0.0820216300504348,-0.4421408080037103,-0.2286435666850244,0.1467980884252758,0.2007706936842419,-0.0282438674095808,-0.2438023321440451,-0.3320333521669813,0.2556340274588433,0.267220023311067,0.1269452411528474,0.2441506346421479,0.2119025762422918,0.2618245210384674,-0.0389681648690006
bigw,0.003849163469496,5.0,-1,-0.3686176887245024,0.3186145623763238,-0.068138414371886,0.0554500200533767,0.2355596799480065,0.2661900880396154,-0.1868842505262893,0.2756553544906175,0.0649666741791204,-0.1580945625033465,-0.4003653362034912,0.0695754269117196,0.1057682805290941,0.2551423223102915,0.0152404110309032,0.2741955219979166,0.3097581512750045,-0.2750150654392699
bigw,0.0006255019720533,5.0,2,-0.0721774100715196,-0.4147877196977486,0.1882750301892602,-0.5125072143232148,0.1886392151012424,0.0417739162052872,-0.183798306052618,-0.3238423283438343,-0.0527593785357632,-0.0075827888974177,-0.0064287772858947,-0.4389056931539589,0.0736847489341096,0.2053546798865973,-0.0218088413224661,0.1869898959702783,0.1919678064137864,-0.1822961690515418
bigw,0.0025449657424294,7.0,-1,0.2048303450218785,0.262108738720753,-0.0835613718549625,0.1058736766350712,-0.0450527897303602,0.2260502486206836,0.064309088189506,0.217161293222853,0.1105803817606403,-0.2491376182516986,0.4738947577830306,0.3160719950640809,0.2546691858601147,0.2306364981008255,0.2975295121382655,0.2110070781374702,0.2699134082739387,-0.2097681826903785
bigw,0.0008570157561228,7.0,-1,-0.3467725757842902,0.195815282273521,0.0407457951081506,0.1439768424498864,0.24729601950461,0.2775176161095099,-0.2401139724199803,0.2050524187783986,-0.0809304030972352,-0.0182456872583311,-0.3650701475489373,-0.0204945922461546,0.2515118225738419,0.2896037662300849,0.2761957743223486,0.2376457966095511,0.3118436066336423,-0.2518522628850654
bigw,0.0004990086982919,7.0,1,-0.3755345064751944,-0.3752900616130393,0.0544248170098915,-0.3808468495100721,0.1301123375185105,-0.2992125091695785,-0.4228811132924718,-0.3205657104486162,-0.2978794094550818,-0.1367011537610896,0.1406904728024425,-0.1277821467368154,0.0293552769206186,0.0014774110890335,0.1121499526213533,0.1264122240191,0.0452992971039941,-0.0840334821454657
bigw,-0.0008941031277777,7.0,-1,-0.2656452713727852,0.1226977821443416,0.4903359232693746,0.056760192528191,-0.0358617443320137,0.0829066633773996,0.2759294653722657,0.1084365030934366,0.2684684744593165,0.109263180807409,0.0772921794054027,0.0973416053417209,-0.4406968103918288,-0.0128804822181367,0.5219209163195289,-0.0068287589530175,-0.0915264843163785,0.001921217615415
qwe,0.0009379104247451,1.0,-1,-0.0547264765294527,-0.0896141261415832,-0.0016344729397813,0.0549037332233204,0.0284129304008393,-0.192689359800753,-0.2086589853299998,0.2348486423116784,0.1939250012519046,0.4785982730448747,0.3564390683651171,0.3102591608262923,-0.0566811253427952,0.1371796083686032,-0.2197021124853778,0.4587347284416784,0.1549892561142883,-0.2336584807835352
qwe,-0.0025430992000323,1.0,-1,-0.0926164422504341,0.0320922877560019,-0.1188493769440982,-0.0279638698074995,0.2838834157054658,0.0812643231799315,-0.0090561235039261,0.1475268557346083,-0.3297114392682975,-0.2667325542780806,-0.3597387007959053,0.213672397520211,0.118197866557991,0.4258502277177386,0.3446928586621589,0.1609841871721875,0.2811614876924669,-0.304009098874225
qwe,0.0001269399733928,1.0,-1,-0.1324098056643001,0.2180308634500185,-0.3418693742039017,-0.0528130845106103,0.1591272813725646,-0.1603093289484304,0.0656775246270881,0.248055747136588,-0.2843102619077497,-0.1028196306904697,-0.2165420249512595,0.1741599068771044,0.1447503128898097,0.1147943920756897,0.3177129663256309,0.6009973064972506,0.1064910637764224,-0.1488763402236391
qwe,0.0002293241086742,1.0,0,0.2694968240196934,-0.1292458992229359,-0.0223830216585563,0.09824835103547,-0.0758033728458587,-0.2123017677095364,0.1500372188015495,-0.1601500002064344,-0.3259759973572799,-0.1665133765249874,-0.3015363571793621,0.1106555023635541,0.2296899155155212,0.1293235521995109,0.0171044592188572,-0.1182091197565369,-0.5628983965763912,0.4046941654992446
qwe,0.0009847084682592,1.0,0,0.2103895219377936,0.0675071254484971,0.1800368764874625,-0.0479532407790172,-0.4605202849555171,-0.1760991671121953,-0.0192518990168603,0.223006551245802,-0.0023467523150554,0.2524672531291308,-0.3427874275847161,0.2962862855352061,0.3615577247597339,-0.0340121004440152,0.3733083708572778,-0.1061037105746406,-0.2361015955201456,-0.126482897365811
qwe,-0.0015259471075922,1.0,0,0.109459844505746,0.0307243434300013,0.1253942108394538,-0.0231986669621278,-0.3427614989343957,-0.1301253340498642,-0.1179514693600641,0.1787315282793378,0.0460071987215818,0.420766539989812,-0.2686579197108465,0.2165244239811476,0.3132460079741838,-0.0224570664494239,0.361407078744095,0.4662538592471437,0.1551843436117913,-0.1469651920437927
qwe,-0.0008608603825302,2.0,-1,0.0820913391109425,0.0720245653749227,-0.0695118195796722,-0.0508871069858014,0.4329000918631973,-0.3253536170255949,0.1477274807031259,-0.1864746452572916,-0.0012157604744405,-0.2867931511800695,0.2958967611288109,-0.2184344654481261,-0.2305207245696241,-0.0337686236562062,-0.305170032925582,-0.4458665943800221,-0.1656418062045483,0.1990854486385137
qwe,0.000906585862441,2.0,-1,0.0109664399467713,0.0889046605274113,-0.567729417052254,-0.0219982747208611,0.2353872512259785,0.2498798808538673,0.086412795680972,0.2444628020236304,-0.4037423724233196,-0.2009733391005087,-0.2627102387671538,0.1308802558140854,0.0058204853339792,-0.002028229147947,-0.0205615209331737,-0.1181930388258561,0.2350441533935741,-0.3533809900327843
qwe,-0.0001905613862985,2.0,-1,-0.0775800957062996,-0.1850071247307512,0.1549442230419579,-0.0764652477464927,0.2213069917216189,-0.2491764841790108,-0.1663538191436339,-0.2370158773505843,-0.1112136151352642,-0.2140849571934746,0.3380225748242315,-0.4663061363751014,-0.0509728227326494,-0.1408973957473513,0.0053218548978493,-0.1003224304804028,0.2927114968952597,0.4762966236203339
qwe,-0.0021483896553461,2.0,-1,0.0587036143609022,0.1785927271522542,-0.0821486923406597,0.8276674224221229,-0.1159823754666815,0.1265026081777829,0.1721747579525924,0.1678673821202698,0.1604728859802816,0.1176741679154129,-0.1646047002215057,0.2251990356651461,0.043853040518145,0.05736183144352,0.0099196203116982,0.0551478499692288,-0.1472197800300351,-0.1953546530617193
qwe,5.092935670484336e-05,2.0,1,-0.4101487738210401,0.3427698199447661,0.3903095457224202,-0.0346798204961749,0.0414103637795408,0.095675004010501,-0.0585184164205572,0.2546538011080362,0.3498524784052095,0.2088066405082473,0.1076369375416742,0.1020225339370383,-0.4165191425703119,0.2281559272662002,0.2031054618576352,-0.0289369223011718,0.0624694793641628,0.1485762551040382
qwe,0.0009322913032812,3.0,-1,0.1604888070288278,-0.0202786371158568,-0.2662946777028018,0.0050548179828026,-0.1329993682778673,-0.1769004892978539,-0.0487906219173539,0.2051014052127107,0.1041074074850967,0.5107465293766205,0.3225858207605278,-0.0628580871183977,0.0597283544944626,-0.0342735597853499,-0.4814513937842973,0.3571045418762228,0.1194657615530122,-0.2267543750376622
qwe,0.000766050076348,3.0,-1,0.0869015389412157,-0.0190126326589925,-0.2664889345819546,-0.0127927651103004,-0.0267883725327452,-0.2230606519384367,0.135573703385544,0.1111607642342605,-0.0937644721926834,-0.1627410183716132,0.3912309701911362,-0.5238932347606015,0.002904871320631,-0.2499424944669882,-0.372260912271085,-0.0722114040004126,0.235074805337705,-0.3396487655924754
qwe,0.0006985558082052,3.0,-1,0.1969543968613255,0.0491884498192012,-0.3433997455760054,-0.064109565106908,0.1891323844612507,-0.200911495231457,0.3821323597921264,0.2228942657459307,-0.1858731308954107,-0.2365129939278402,-0.3498521387282025,0.2704482065800253,0.1212477997099966,0.1358088192659418,-0.1790677127320718,-0.1266551849197255,0.2745631771720379,-0.3496423970232476
qwe,0.0007496892835087,3.0,-1,0.206642719212288,-0.1846215407407702,-0.1423902024200506,0.0726915673636043,0.18839567334696,0.060998973862658,-0.1861419403497558,-0.2506630004546555,-0.1815766371038476,-0.2445090924799432,0.3068388586477583,-0.479880177832064,0.1177823287079287,0.1080355870694758,-0.3012028014187122,-0.1258891579136126,0.2885267664847314,-0.3583391743976331
qwe,0.0023073512266836,3.0,2,0.1600695771854859,-0.1669233581585057,-0.038975456400551,-0.8337690476731535,0.0780773437701671,-0.1383046452003546,-0.1553132954446436,-0.2586610015579607,-0.1537919121438146,-0.1440460876956758,0.0999950476342217,-0.2099711547175604,0.0481992713742129,0.0309767566173731,-0.1326965686207261,-0.0411473982029759,0.103928689143453,0.0412179525327972
qwe,0.0019963485975573,3.0,-1,-0.1741724575130521,-0.0248477673873313,0.2539313861456732,0.0212118141698324,-0.0287888064096877,0.2675379695575826,0.3049523139359795,0.2096581299562605,0.3962305906979337,0.4822370768177577,0.139298140808982,0.2497066343263358,-0.4115071931622244,-0.0169478501372038,-0.0051701946956271,-0.0685927289408954,0.0792712325433961,0.2069008747011924
qwe,-0.0022036936960726,3.0,0,0.3260887502941689,0.0571924537441084,0.0573023159904044,-0.0199025110629878,-0.2658259043610059,-0.0919162359742416,-0.029031057441127,0.1659466548034791,0.0973597590242074,0.3784616331580056,-0.2399672849578741,0.1983017268835047,0.4316669265013431,-0.110017156638123,0.4667377302213097,0.2090871677426568,-0.2265655119041663,-0.1351620779444407
qwe,0.0010536647871999,4.0,0,0.3222421974238464,0.0355512732559103,0.0491520433011801,-0.0223053765723604,-0.2363492016124185,0.0384118468813335,0.0860176013981638,0.176326831964651,0.0202930340202217,0.2043883814575754,-0.2493233323457704,0.2315372193798006,0.4831804238645267,0.0704085291848664,0.5467708305150031,0.1357755895244597,-0.2051370898714198,-0.2007554216544935
qwe,0.0008809266847396,4.0,-1,0.1819155778463758,-0.0196448257462537,-0.0227575526582524,0.0393808355360955,0.257602991217267,-0.2337142539000038,0.477409709134818,0.1142829351989182,-0.1673630694448442,-0.2210266338847567,-0.0313510676085955,-0.0501578242385128,0.4774512273409488,0.0890416995814322,0.3234866565311116,-0.1694071463221682,0.2318289674443999,-0.3148852806689832
qwe,-0.0013685793482528,4.0,-1,0.1939905627759667,-0.1773658396576609,0.2000832781625411,-0.1719133790663891,0.1943188510137954,-0.1391024342733882,0.1618230312153209,-0.314707306716132,-0.0892079889478321,-0.1487149814656051,0.263331082847056,-0.3051888796539533,0.352642422120974,0.2968235056208643,0.1938322368931801,-0.1374732976790001,-0.4554289571667863,-0.1004033588646658
qwe,0.0021790349218565,4.0,2,0.0818851795818677,-0.1629424778991766,0.1897763499809912,-0.7810246018744907,0.1294742087618424,-0.1331902412606053,-0.0024651292727744,-0.2480582834848431,-0.0876311630473036,-0.0734565848168976,0.1802839341590195,-0.2176779322631268,0.2293625707694947,0.1947133156604887,0.1343427634878073,-0.0976188920322717,-0.0585476255549453,-0.1010004457381833
qwe,0.0071074836668251,4.0,-1,-0.1944529937562185,0.1445269357934195,-0.1583242521380253,-0.024887409783036,0.2322315802499853,-0.2420265399522493,-0.0147782398177339,0.2845134535598753,-0.2211709277305196,-0.2522619327460456,-0.2507460806701118,0.1447119923517511,0.4129728914568475,0.0707650933032311,0.2612427772938656,-0.1657532279144754,0.3192010097152417,-0.3903921854770602
qwe,0.0033682223163215,4.0,-1,-0.0047281991581506,0.1573911300002886,-0.0905014637412439,0.1199530481662643,-0.2249701847451187,0.2176332833585134,-0.1063361649557042,0.3176284358900809,0.1902811707805719,0.1743779489518508,-0.3126853140736977,0.4336023844931804,-0.2606932889564682,-0.096632329795975,-0.1410536962116056,0.1191357964665825,-0.2902025608588514,-0.440966960429992
qwe,0.0027887927699843,4.0,2,0.0843402695816896,-0.1845527233605211,0.1544676973643982,-0.7945678876334625,0.1104833562078116,-0.1041567725870484,0.0380776875948965,-0.2840560149289245,-0.0595025607276941,-0.0653499977700131,0.1818389141190358,-0.2244375998765496,0.1458648713560622,0.064589073783556,0.0843220918449578,-0.0604711322814682,0.139176239662437,0.2271597824002209
qwe,0.0003092269174018,4.0,-1,-0.1681690734810502,0.6566655951960824,-0.1564020840326739,-0.054196648787655,0.0667842653206909,-0.0222554149699023,0.0538025999334203,0.3576663550087394,0.0273994153254982,0.1607467417999105,-0.0811636974317576,0.1869763602494223,-0.0724263196224765,0.5299032193577047,0.0095505793656471,-0.054577979313605,0.0753176653487475,-0.1200480134284742
qwe,0.001280239884177,4.0,-1,0.1530253653462721,-0.1887358208804613,0.2226261609088574,0.1458811187965825,0.0895479753491787,-0.2391621043727721,0.0950592131658363,-0.1957528364737217,0.1233730328535722,-0.1883575838895602,0.3208713784827795,-0.5260731469006129,-0.0160705819236317,0.2429485333071394,-0.2008512468177635,-0.1794817358028795,0.2629788932412423,-0.355161356926725
qwe,9.571689566569244e-05,4.0,0,0.4139656951135078,-0.08637507877757,-0.0228072956949167,0.0902245715603905,-0.3831616822697712,0.1185702371615416,0.314148178428826,-0.1801906480654047,-0.3119548019083069,-0.1178822359950828,-0.2879760102593917,0.1658073770782749,0.2411728294905057,-0.0526893641725202,0.2247852883845652,-0.0035475190924018,-0.3826488742738139,0.2023502313289879
qwe,-0.0007736696604583,6.0,-1,0.0700755762954974,0.0331735766620568,-0.2273882643787451,-0.0115180443493212,-0.0145959372905934,-0.4426673222244939,0.0379382659448121,-0.154702577652442,-0.1042402124944764,0.2312998311602127,0.3416665483670185,-0.3116985626530034,-0.2907803055332607,-0.0833335887357329,-0.4911158231098756,0.0322316813568991,0.1024238527753006,0.3132596853314444
qwe,0.0034591520012093,6.0,-1,-0.169675508192132,-0.0313018312732761,0.164704591146374,0.0212093269900208,0.1550232959718558,0.4000672243046928,-0.5787619999603796,0.1062337372841432,0.1599422086997086,-0.2114281310843841,0.3596697668947461,0.1806858385352564,-0.0597910597348539,0.0859598601958837,0.1665228043868369,-0.1377807317661998,0.1837237948228405,-0.2976423353410847
qwe,0.0006625624344638,6.0,-1,0.054783229723262,-0.0096847237244608,-0.1067415906132337,-0.003817136112448,0.2330726450732563,-0.0643988887018153,0.3675984789485927,0.2690553081895936,-0.1221619277165441,0.4856791915022975,-0.3733720659953793,0.1835423812188765,0.205885618573633,0.0553348675966047,0.1342599858065674,-0.174508935833759,0.2560219647054653,-0.368954844703788
qwe,0.0004546734066969,6.0,-1,-0.1757623257171707,-0.0188798632515379,0.0176538078889451,0.0119066021352886,0.0694618521759259,0.396407135706988,-0.6758882696327255,-0.020182107345052,0.2330270063575638,-0.0570728759760406,0.2861509143855512,-0.3663958715618461,0.0138745119475312,0.029037867437594,0.0210145460744142,-0.0970816641729702,0.1349086938202423,-0.2152026936575777
qwe,0.0013010598711362,6.0,-1,0.0124873618516452,-0.1086300513718504,-0.269264715349941,0.0938052426430009,0.3172162445314433,-0.264735389411309,0.2222645976965075,0.2092253140829536,-0.1415141963105708,-0.243925770399967,-0.405437368456532,0.1860731966050847,0.1585753466917097,0.012776432886914,0.0509348968220109,-0.2006312505472785,0.3248676237109081,-0.4366103010572426
qwe,-0.0002220903832359,6.0,-1,0.2412437141492302,-0.2025085909142635,-0.1239083180469409,-0.0507163058403578,0.1589201778542855,0.0886265018806933,0.0813596590200187,-0.4425982883738641,0.2595376040946454,-0.1615570780910352,-0.2133009361284629,-0.1761157306617118,-0.2044348676316138,-0.4312854108872732,-0.4189859508778236,-0.0861542923934198,0.0374006297008073,0.2551422993880949
qwe,-0.0171020155025629,6.0,-1,-0.1374225551412917,0.1840371959877265,0.1198325361779365,0.69664756457837,-0.0848451054545802,0.133698242106151,-0.0766818910004613,0.3428908361586597,-0.1857373010431413,0.1291172850556667,0.1724780396418848,0.1436622181979119,0.1216150418632815,0.1974223946221324,0.2608690495377751,0.0921316260643083,-0.166415294904958,-0.1986998804063682
qwe,0.0001414555670428,6.0,-1,0.2365394739012997,0.1152847379968224,0.2381223036503053,-0.102381327713427,-0.1454324944976342,0.0274261551800788,0.5847490233582022,0.246749771646751,0.2134358161405085,0.1252223895139753,0.1618378270977754,-0.0395687153712999,0.120434500398294,0.30807494661336,0.1897097114425031,0.0962694083793233,0.3635065714227134,-0.2511030893651394
ocran,0.0028097601019059,1.0,-1,-0.0790165861340693,0.2517860748951235,-0.2595947406309299,0.1213893782909412,0.233996410763586,-0.1481744469155705,0.1573002677663554,0.1300667562701709,-0.1014559943617465,-0.1051080325992636,0.0740188244896087,-0.2964007020118614,-0.4214845596967398,0.3656391577284071,-0.2309881095115362,-0.4676840093030134,0.1071463964257584,0.1424290056701777
ocran,0.000916259884679,1.0,-1,-0.1227002196888428,0.2333952058234505,0.2271295591816555,0.1674218068099364,-0.2163761275485552,0.396817394208711,0.0975905559677867,0.273496811017053,0.0282690514870445,-0.1301926623373078,0.1524081858269994,0.1245180432274006,-0.0805334574456428,0.3452050743313388,0.5359579517251416,-0.1290784608139008,-0.1448442862840268,0.2349890434205216
ocran,0.0031416223744951,1.0,-1,-0.3626267451945887,0.313880145426842,0.1747250082650457,0.1419182764417099,-0.0684958544529902,-0.1422336893135515,-0.2829417185455888,0.3239025870700265,-0.0605615555086168,-0.1742380485710259,0.3151673756044342,0.5143423676842858,0.1538022058949349,0.1341071581982607,0.2169293695720277,-0.0286140751647889,0.0004331338173762,0.1483177929257856
ocran,0.0003006235373276,1.0,-1,0.1398264255424657,-0.2266615343565166,-0.0445618544475932,-0.3186300259393748,-0.0709588786061264,0.1031772442277733,0.0250216442605325,-0.3229236543368579,0.0718879750289842,0.205317334545451,-0.2931912270301616,0.0738788177011282,-0.3175492596284076,-0.3105662184951877,0.0752346995127224,0.272764642202323,-0.323958984033881,-0.4288757232523817
ocran,-0.0037143281571523,2.0,-1,0.0024286043391597,-0.2567472577834444,0.3461128250644049,-0.1005575933263487,-0.2300782095192567,0.0229145440654902,-0.1030132127309739,-0.1329022723206556,0.19405341199224,0.070407960307448,-0.1216309302460948,0.1265161799023855,-0.1835154297809946,-0.3691056805852412,0.4413912006901525,0.4846578926783559,-0.1656025929186776,-0.1481829974049451
ocran,0.0007493498704588,2.0,-1,-0.2870447371543543,0.1844962587629396,0.3041264005701932,0.1702505733867719,-0.159115773040657,0.1534830532816758,-0.3076529205235383,0.2918813800131785,0.1363981695349688,-0.0928801739822672,0.2794982282017752,0.5456654509109985,0.1148361474939988,0.1870206567087043,0.1800739223045372,-0.0846978774577072,-0.0366721857157978,0.202874080460351
ocran,0.0008712483026289,2.0,-1,0.048610342343051,-0.3496083310478531,0.3073455361392712,-0.3082309643747955,-0.3321833750674862,0.0278578269509174,-0.0666696602209994,-0.3123770771331962,0.366075306799603,0.2163659105671522,-0.2537953777867247,0.0895384229369309,-0.2620208974804439,-0.0967170846025049,0.3296903413572536,0.179993314991159,-0.0208925643101524,0.0019465039313124
ocran,-0.0033936723730177,3.0,-1,0.0105321067705773,-0.294610351622328,0.3026999763643947,-0.0948475407959069,-0.3350099854690013,0.1285747607574588,-0.0889524516332532,-0.1337022065510798,0.1274370218619035,0.0861482506238312,-0.1193538956333425,0.158719260562773,-0.1003487996395034,-0.3706511984291354,0.4538116039520974,0.4342606575582118,-0.1821624191045069,-0.1402034375270169
ocran,0.0055482200880729,3.0,1,-0.3266769762188748,0.3298395916871496,0.2188380775666756,0.072863553984681,-0.0291579610462518,-0.0119671970429897,-0.2413330809282612,0.2927624766142243,-0.1034724301117808,-0.1245816018286389,0.3033017314832595,0.2569554458540151,0.2882409435059983,0.3819591102747456,0.0300884803814145,-0.3799166613313166,-0.0133443922206731,0.1664423259897694
ocran,-0.0099263092561304,3.0,-1,-0.1582918111470923,-0.2984677099980088,0.0982917789522096,-0.1296032159287426,0.1103621226882292,-0.2560462922226861,-0.3712287659474408,-0.3595996990067157,-0.2762807020760393,0.1094955239826265,-0.4444764736336477,0.1065941785369638,0.0860389068836864,-0.2123536899713629,-0.1293163347632903,0.3441444496004268,0.1631465179131366,0.0550143839867262
ocran,0.0015249707178632,3.0,1,-0.5233264096995945,-0.1311690982099099,-0.2158124474258559,-0.0681333907399486,0.3442160660728997,-0.2331194516632726,-0.3723664516136341,0.0048737192277172,-0.4379179450576095,-0.0007262957046789,0.1367725883433642,0.0698198270329732,0.0256056160950698,-0.1944578874996936,-0.2452214164173983,0.10986912287644,0.13166104192321,-0.0532347707706687
