Username,Adjective,1,2,3,4,5,6,7,8,9,10,11,12,13,14,15,16,17,18
pedro,0.0018909830758726542,0.032046661598108324,-0.3103547604902409,0.1066350353245175,0.005050695262561908,-0.18062808603011524,-0.39165079800069397,-0.1647242501488051,0.22241599593989528,-0.0877592665340481,0.3836096991049793,-0.24326716150669658,0.3644270793099409,0.20099145788188763,0.038153512214311874,0.08249223674234311,0.23662585314790194,-0.31675155489330725,-0.2771478327353933
pedro,0.0006723389270240085,0.03621136596562212,-0.3008918854452646,0.08818712634283297,-0.029401480883082275,-0.21552965610459426,-0.3189701828536864,-0.18708806684303952,0.20603436367592848,-0.0854166459861967,0.33197052587434517,-0.256178322746163,0.3751000597465098,0.18634153210604945,0.025020489846420635,0.030198819679230916,-0.3769999313660641,-0.26146562323934924,-0.32137529154125744
pedro,-0.0025263638704018515,0.020232626035623244,-0.3044858702078975,0.04529537924338422,-0.01433553709511192,-0.238982861159904,-0.40061706533048314,-0.1381833553646734,0.17818025838832133,-0.07362273545830078,0.40165623166181375,-0.26292873202084865,0.3876100768332826,0.17814878474964427,-0.04161334563845785,-0.02985911290308845,-0.3248135462750463,0.26609833772946995,-0.1984404552883247
pedro,-0.004583266540171445,-0.03792081983148099,0.3059077683587568,-0.07715719892454619,-0.006823451463035482,0.2043355773119742,0.3967829232353659,0.13757078312456794,-0.1712673346091137,0.07355510761754903,-0.4153354437822559,0.2565322551918037,-0.38608310692739134,-0.21067652965601058,0.025324968548433177,-0.027225405241290475,0.33352433084098454,0.2023762158550817,-0.24655644838651666
pedro,0.005831370219874564,0.0875813655255808,-0.2627621818936915,0.14246090115984864,-0.005960815806538145,-0.18507734688555835,-0.3967046828141303,-0.13823783799654515,0.10429117205526767,-0.06729997014674877,0.39539608014624855,-0.23450218645603915,0.3666541539326342,0.22823027397010587,0.11077911542474314,0.08602968803933582,-0.36273550555289863,-0.19073876466618697,-0.30220180545426
pedro,-0.00853614834920231,-0.14701661063895366,0.1784976846750883,-0.2274644507573707,0.10635884647607009,0.18100241487648108,-0.32990223351710163,-0.039476933388842145,-0.04679899014671231,-0.06316430042639637,0.4287080633286354,0.09335493616590128,-0.340903786855451,-0.05603011369911048,-0.18850402815458173,-0.038227848374614,0.4120029280921264,0.19443881609060498,-0.42157826738116033
pedro,0.036301103649377796,0.17839944719832468,-0.10539643385387364,0.26216759694701314,-0.17111329184038399,-0.1798830672100869,-0.44405816523727826,0.14961706705816039,0.0764263958284308,0.2009476663156966,-0.2596240614062024,0.0033603877999194027,0.27762572904077476,-0.03237373535734215,0.16030655929151258,0.029423859019247624,-0.4300500120161964,-0.18491561698969758,0.4118992835814941
pedro,0.0014469073177550164,0.1891386591311595,-0.05262754488189103,0.27197041348241174,-0.18885569882406583,-0.16429678298108435,-0.4155097414431094,0.19825935185084986,0.16667275152439032,0.27578779334738457,0.2571150222743751,-0.010401645351339807,0.2839524797609118,-0.07258095246357062,0.10878734514297235,0.041318289372148216,-0.40499634485804686,-0.16349760271568656,0.39067446716549015
pedro,0.04468693829871928,0.1869167478209147,-0.10959827594915379,0.24550758292140573,-0.15424812355038214,-0.176090922892618,-0.41986078926614123,0.20932585836269382,0.089526657630824,0.2419143514466208,-0.38370739911621243,-0.13253512307253282,0.16701413378375266,-0.05360864388243428,0.07856144087405784,0.04673968821106529,-0.3989915452793301,-0.18433074855525566,0.3927401087129254
pedro,0.031202700108664327,0.1802913230806617,-0.13818280431839294,0.21825487642188993,-0.12627213936764797,-0.19205820371539495,-0.2883991665211748,0.2045061883801607,0.03498246448916119,0.18735312311425648,-0.3670083450564401,-0.1570380773552794,-0.4164151121001934,-0.04039716571744341,0.06571053594565576,0.046144370505251615,-0.3910197430036361,-0.1966857055008902,0.3926755458936862
pedro,0.0031262525855727122,0.13920157007313552,-0.2260007111385014,0.12314556622033125,-0.04796545501258969,-0.27623527536189124,0.4175476520691463,0.1276542277084956,-0.01962054932408424,0.012728931071237556,-0.37487739929032654,-0.22827055268841295,-0.29238363781024274,-0.0021363398165729682,0.03150226528724137,0.03090326541835424,-0.3877169135213615,-0.23892146132683262,0.3963558804005176
pedro,0.007983292441143208,0.04809436228783934,-0.285289256518149,0.025838721299125424,0.03736605607492981,-0.3292982265586748,0.39184899680663876,-0.05609527600816031,0.09112051881014827,-0.09075450573754451,-0.22834321178470213,-0.26080567134603305,0.38369056328133333,0.012207224853618446,0.025639072284350868,-0.017209858560760367,-0.37504473670683364,-0.27895287767518445,0.3815883307765889
pedro,-0.0037740725980712625,0.00871146548332613,0.28002023489985267,0.011538277721114357,-0.02562088778028134,0.34093730956291857,-0.37558852184837205,0.1713474521749105,-0.17009032373796595,0.08478891432843351,-0.295677252696646,0.2896060853209455,-0.3416956979337113,-0.007687217952522631,0.006264327900073139,0.06629454162547678,0.349901121113203,0.3228046474599945,-0.28063997137284447
pedro,0.007855236723301705,-0.028312114876452778,-0.24402177466852062,-0.0279461073979501,-0.05637763947735857,-0.32574342244994553,0.37241802558377807,-0.1899410847512761,0.15847979858056985,-0.06758785614216654,0.23886388291196858,-0.27804418514968327,0.3289852103445225,0.008601456533094038,-0.029965762019908814,-0.11424607509266324,-0.327254821537422,-0.3632844525120057,-0.35977163527196027
pedro,-0.000457702037181159,-0.022151866556470546,-0.2427307644072615,-0.054259643326432044,-0.04734690748386797,-0.31724886692616466,0.3803945038632388,-0.19123037470038234,0.12550186159315477,-0.055271926046523374,-0.37985898450976424,-0.2878675341015423,0.33342362010998156,0.04020088431182961,-0.013251686141626265,-0.20569507169017673,-0.33366562379655773,0.23288635068535385,-0.2944160210807988
pedro,0.006649070085220788,-0.01000427211394539,-0.18617834032301758,-0.11040238925174042,-0.05230648593366649,-0.3060844711401795,0.36047276987609866,-0.1934342909664022,0.04228429162725942,-0.044522818852099834,-0.35756696553887807,-0.3004345089730487,0.2731360998687915,0.04942794973321944,0.10429292595172107,-0.2697951964416228,-0.341784290676191,-0.35502356029825255,-0.25260903138552177
pedro,0.005859440632860093,-0.00891047785800203,-0.20335752662611345,-0.11535790102575526,-0.08042374790489777,-0.3117107963023421,0.24846602657603264,-0.13372300130293632,-0.10172959186006793,-0.07903857830256528,-0.35977928100061274,-0.3098961443213513,-0.3475645226306172,0.08095517915396042,0.08431306327978581,-0.24543757355605356,-0.3507053352744659,-0.2973084196018448,0.33741316966967444
pedro,0.00018616324961499958,0.02713211583721727,-0.25966709057800164,-0.010370691315016367,-0.05731713975759792,-0.2569450443321285,-0.3995711001862195,-0.08088612421506128,-0.28530427232213557,-0.03580632347773706,-0.35060703131239884,-0.25350925318801304,-0.292000956715111,0.22536111460094652,0.044542554304807636,-0.12501192935296304,-0.34654750417779207,-0.2600664473433851,0.29147360968084574
pedro,0.009029778538900642,0.1529375918620218,-0.10510384204802492,-0.05093992285403436,-0.168894968001259,-0.24352779194308488,-0.4014556391877209,-0.09348766902556319,-0.12494512008125094,-0.12620020716825248,-0.3309807784432693,-0.25526380587669745,0.33541435691613825,0.27100122188219733,0.21175038471811072,-0.10428444181978314,-0.25680836183381667,-0.3202040241907918,-0.29807011378827225
pedro,0.00794536209671999,0.17344215676483085,-0.032783942609159185,-0.07713401405215213,-0.23449070485564633,-0.2523898536428799,-0.404665129499133,-0.015178299455106329,0.02389830090965397,-0.19511122949558748,-0.35480762722640324,-0.20475661453334218,0.27883554343477657,0.2808659945778454,0.22319599421306802,-0.1082982308336481,0.2555506665959117,-0.32122590011919916,-0.2951223583878883
pedro,0.025955104668754836,0.18196403603903485,0.011765535077567552,-0.09151840107126107,-0.2379547884676816,-0.24750771639205058,-0.3936126252153219,0.025993465564384914,0.1552669698913856,-0.21636536366397788,-0.2180823651742877,-0.16663436625591518,0.24444983655122093,0.27325722157937515,0.22134986179121904,-0.10821770422728179,-0.40071360095907776,-0.3170274626022368,-0.2871016107279703
pedro,0.006867660105196079,0.186397236417901,0.04167065311429616,-0.10138505380763649,-0.23178181560991765,-0.2483313575425386,-0.3884789863944953,0.03759711804598538,0.2264314164302333,-0.2203853213305993,0.380927431413285,-0.1490473917877683,0.24273816894983746,0.2594343975968437,0.21621156225831223,-0.10675605629329796,-0.2403662509369132,-0.3108154883308205,-0.2821413233366045
pedro,0.008541874565299507,0.1915930165116477,0.07805938316953406,-0.10416450215885183,-0.2164047077693464,-0.23435401783890897,-0.3757506390831561,0.050994301228547985,0.29500063693444734,-0.22796384574185588,0.36969847298626257,-0.16774384892622046,0.2571628028266058,0.24508060040102383,0.21368669472998295,-0.10555703679711605,0.18869793000555504,-0.32155903322387774,-0.2738436961389827
pedro,0.008404226509623268,0.20199721350110134,0.09136131819170473,-0.09145676271411127,-0.18598156176195912,-0.21546145310762319,-0.36442394543790557,0.03674580310332889,0.29102002941506583,-0.21147284312874293,0.3712358736713523,-0.17233670477315133,0.26302658239500504,0.2575147333816595,0.2272310447398984,-0.10615783933783246,-0.24106316688550428,-0.32761335028471356,-0.25796589475274695
pedro,0.036022451970584346,0.21864061990261244,0.09240789411355631,-0.08252455896288134,-0.16852824845096642,-0.21643784388911874,-0.37219596828905405,0.00482767137424831,0.261422933348453,-0.18156868295893872,0.15601331094332951,-0.16867532861799178,0.27549233540365625,0.28590742518392714,0.2561974336604867,-0.11184343614778784,0.39167314054582575,-0.34422006967824753,-0.24751843959600076
pedro,-0.0026578510436600874,-0.24325739107373845,-0.10882670213966449,0.06888065592790774,0.12373774525716504,0.21592711830736777,0.3708498847150449,0.09216534567052467,-0.1800609750646768,0.10866088138338614,0.2218482520154815,0.17174710013102318,-0.2934449298876327,-0.31401503490261085,-0.2846279005052141,0.12423256708172366,-0.37483478466109005,0.3419458746856304,0.2339771659007634
pedro,-0.0028790337549202127,-0.2698863214784115,-0.17326551329411852,0.054177537742242515,0.11008880001622573,0.21494197299433535,0.18104666932575725,0.19922739245461354,-0.05664072114610015,0.04548531541422494,-0.35250062020015815,0.18484511886373445,-0.2864594691094956,-0.33632644176774107,-0.3417251663635323,0.12954181584038466,-0.3403389756490343,0.32027434671843547,0.22929619181466532
pedro,0.00943972572072881,0.2678421027449816,0.17045174822286205,-0.046695136809164046,-0.13237575918779926,-0.21975586966857952,0.36116136872902393,-0.20827819470879191,0.015932738282127375,-0.046269538489664475,0.35229934435695404,-0.19888704080755024,0.2770315537958015,0.3361294257012628,0.33380843631489804,-0.12800679809561874,0.12116888808269294,-0.3119915054517241,-0.2485227550369222
pedro,-0.00010874541271490394,0.03438807707420241,-0.2862827064944628,0.05032796331513323,0.2083318829558979,-0.10057371113529073,0.24098914621797224,-0.07024919513628794,0.10670068646902704,-0.08566782647910694,0.18836460236990485,-0.08940295722709518,0.1595995295353749,0.12012815574083431,-0.21316372167796696,0.06954910577968323,0.22916817510976467,-0.44946507283798065,0.6252080789979952
pedro,-0.004505625191824747,-0.150586630041886,0.021755704224680112,-0.41681783949412793,0.0668996656247389,0.0959689983554095,0.3944742503909352,0.10889212653965483,0.0518704251709705,0.08319969447862373,-0.3914186399113956,0.1610583784894315,-0.2984430484810002,-0.09144066182022552,-0.04644607214129025,-0.4056781521726078,-0.23608910032467006,0.18048138929212598,0.2841229920900472
pedro,0.00033906184313851125,0.12684831015322062,-0.22507248401862212,0.2064366812531847,-0.07981512598576374,-0.15284474560971245,-0.41006368136803434,-0.14708233027505574,0.12206913353452827,-0.06630434248009939,0.3335070564983681,-0.20160567159729617,0.3410221342694046,0.13142778501340713,0.04540633650940958,0.13035841474193816,-0.3873406295431091,-0.25251557405028036,-0.36541502832266215
pedro,-0.0033722247013138833,0.2653911522858687,-0.037790675303832066,0.26244703464598096,-0.1826233659171779,-0.179490301058716,-0.3919872572912633,0.16939718939327816,0.052784902643609875,0.26625733507094373,-0.27151971323958257,-0.0335924560564863,0.2840438983809222,-0.07984075569369264,0.30831866588190987,0.08777068755402453,0.3307217908920666,-0.24697841545275656,-0.320340501447407
pedro,0.0015576794654167865,0.2723646051507629,0.042700297166494705,0.2903303042734292,-0.18024578846413725,-0.1767082960008841,-0.3681282580328948,0.21221525146035655,0.12338546618588286,0.3567525654348331,0.17215074776869646,-0.03382874570138298,0.25950756262352453,-0.1659366689899702,0.31165547941998134,0.12339850776345036,0.3096284232101246,-0.17688795877095545,-0.2962485511999661
pedro,0.026122230935133883,0.27808732040445866,-0.01237615419801502,0.2505017047574012,-0.16493101874713023,-0.2083335896242067,-0.2617500845259798,0.15747149955604672,0.04340164536082704,0.28095984792925593,-0.3471717512451018,-0.0844599450905245,0.32293407887184933,-0.11347935811305312,0.32319744990329013,0.13212173023612717,0.3259127271621227,-0.2051333208788852,-0.31620927415680944
pedro,0.021622076837128218,0.2599070021485305,-0.06777091481374525,0.1853473607599613,-0.12458120536461409,-0.26075648702179705,0.37988268249461016,0.10771961687062795,-0.0014441421755505095,0.16946184003991957,-0.31735645461245576,-0.1562513002402096,0.3249518835983159,-0.0668401210324277,0.3114340648145119,0.1177669449604914,0.3389969339969498,-0.2360073528412149,-0.329672685248584
pedro,0.03756232045812535,0.23226554651889214,-0.10913429994901352,0.13013265542646038,-0.10364319476837157,-0.3084700217014026,0.380651770275244,0.08131755042668025,0.01225386028672646,0.045799680441264666,0.15750655841397665,-0.25047362221255526,-0.3841485966107795,-0.030201549196675788,0.2964025969543598,0.10102590916781169,0.3588728912983695,-0.270929742396979,-0.34824578083097774
pedro,0.0023058338201678683,0.17129895665343675,-0.15624272218887036,0.04885700477224661,-0.0807394873777719,-0.3119585391273084,0.37836073464469905,0.0534922637641439,0.04078230757610024,-0.12061668862596961,-0.37334732452248726,-0.2924825317319063,-0.2511741841422005,-0.01685495617362913,0.26238422425736513,0.07732924212525089,0.35143336046642115,-0.2925828382661406,-0.3248827388519414
pedro,0.029993020390874276,0.11299346682391684,-0.20467714503545198,-0.02397766147216576,-0.03778987018382965,-0.3133256600869993,0.3845191136906457,0.02814210116583935,0.06114018453558628,-0.21256763070895393,-0.36829766029047417,-0.30395377239643656,0.22535023918918312,-0.03501728978693013,0.25060454602795273,0.06860810592297781,0.33306937717720864,-0.3004561967751905,-0.31438014315193835
pedro,0.000283522869672139,0.06834328834483222,-0.21683868769567682,-0.054478692392514017,-0.12083232585557534,-0.3089302753630972,0.3942742232199649,0.032526422848030354,0.044744706952855234,-0.15828758895663977,-0.342654348901057,-0.2649799649610711,-0.2705393267564372,-0.04219435909675484,0.2521321510295999,0.05365248123760417,0.3284276110313693,-0.32596281685333656,-0.32950381443886095
pedro,0.010764389284534104,0.21396358627790205,-0.04444524976466514,-0.11547381234316148,-0.21917140649474365,-0.3105668796413213,0.4174888131838259,0.2231595281277929,0.28541878025855744,-0.05093434921300409,0.20069720393483037,-0.1258347439728526,0.2974645757015033,-0.07741336630040989,0.13618751541781018,0.03627839336671124,0.36784783198758253,-0.267775804954157,-0.32984240769115863
pedro,-0.008305232705730805,-0.19229840931519282,0.04438605350251329,0.16349736270404602,0.22887135225457758,0.3164775455616616,-0.40424240395725847,-0.1053534974582877,-0.247252059681985,0.12633433443256262,0.35033812094608124,0.15978789738571708,-0.3008483563949129,-0.006448939118162883,-0.1061401220487891,0.04224664477147459,-0.2560104296158753,0.29967281952761987,0.35065441276884085
pedro,0.006415562838481677,0.15840579590465473,0.0007790231515428335,-0.20730566125105127,-0.23100771111479285,-0.2882554035631556,0.17695444720574538,0.021364957623175838,0.27132971713570075,-0.2937276385794103,0.36639642833174435,-0.1989179879199024,0.24068186540094716,0.0804487114946792,0.06140633918434032,-0.12370590436671673,-0.3678144033795351,-0.3369549699095155,-0.3125637537237409
pedro,-0.0009314926243559776,-0.15019805418519627,-0.07547530976017226,0.24939480654723586,0.23286894339953626,0.24109027690845442,0.33253219256294086,0.006748093157203347,-0.3134737485171833,0.3430614983508786,-0.32813268920491584,0.2038655815209124,-0.22320662793148663,-0.14561942608035167,-0.09826552943967386,0.18903743990540706,0.17645234694205794,0.3327190104486332,0.2512499074534148
pedro,0.005523325319990571,0.15405280156608758,0.12779137532185836,-0.27815101764577504,-0.24336692868319473,-0.2296867493293185,-0.3172639877755245,-0.03903271164407897,0.2558572720409287,-0.29691232575433785,0.07929104374402376,-0.19767728848344732,0.23634884461748376,0.20015418256429135,0.23815747235345797,-0.23365437497058167,0.3289801583074768,-0.32446869407905066,-0.22063250491396638
pedro,-0.004483166740147459,-0.13588995390937242,-0.12750068057590772,0.29726511657724275,0.26859689901082234,0.2600951044116341,0.15084400639158818,0.11259604723186954,-0.11873050916509495,0.2337010804007058,0.3337703474717671,0.21176789620897613,-0.24248200303753725,-0.19395627919064917,-0.2974396663914215,0.23103469802559773,-0.28439460073588213,0.3167993327631061,0.23920271150709138
pedro,0.0305887756543326,0.07500920567862265,0.07617994783868884,-0.3138157265725823,-0.2751078025648746,-0.3360665152815627,0.30965548043946794,-0.20019049780651574,0.06561645340590956,-0.22242359049087002,-0.13335366097947998,-0.24936714720085223,0.2311952559850224,0.13561928772019652,0.14030534224864852,-0.22103289943304444,-0.33867019109144364,-0.3179950687662308,-0.27487067817065347
pedro,0.028947162014697436,0.06007195635660146,0.05954898701335581,-0.31643581817402855,-0.26730604947256265,-0.1318649656639933,0.30938536676009587,-0.21800609961954978,0.06715184297861952,-0.23075068237120147,0.34599634747514457,-0.2590030944563377,0.227930832478014,0.12099413428040512,0.07960226384096576,-0.21727202946712415,-0.3335213770976306,-0.3209424174569591,-0.28583076466789425
pedro,0.024890831437551702,0.03855077364879034,0.032744878445829545,-0.30830264964732307,-0.26813758279422933,0.2824747049203369,0.3067283920117052,-0.23006822451782294,0.06250561175551718,-0.23915394372752227,0.2837107249326423,-0.26422734607889403,0.22315477377006224,0.10636953392617796,0.020552380149343127,-0.2058320645814893,-0.32688160195668065,-0.3259746543485047,-0.2743454342676048
pedro,0.007688548226023874,0.03278117927451606,0.008966298956226179,-0.2936624975277443,-0.29031003574785946,-0.3243407058591871,0.14964556695590564,-0.2269141382645361,0.05756674498274653,-0.24975036686951532,-0.34441321467469665,-0.2663228257444093,0.2265647279705544,0.11853067296098743,0.018854210110826965,-0.2017538015420152,-0.3294170285216168,-0.3326617805099935,-0.2615121533162471
pedro,-0.006382225694057517,-0.09768539331635762,0.009217084312017294,0.27022657124259364,0.23930445919390883,0.2484119649408002,0.33224135281910827,0.21545667699805982,-0.051013189162177494,0.252938584853813,0.3610727532883867,0.2691282669336581,-0.24683266092438813,-0.21044373809024183,-0.12083995843854523,0.19075617526840252,0.2020304828375104,0.34197326979622444,0.24128857777786952
pedro,0.0021793071803543557,0.1801069634331649,0.0029060848713605703,-0.22129914577414397,-0.20369764978446392,-0.2044714727592594,-0.3241943706025674,-0.2028991550600332,0.03713553669375175,-0.2513560546928074,-0.38362629792580927,-0.2569057308557088,0.259479157539211,0.2553487850015588,0.21763888986999574,-0.13903235350716506,0.24026142173018422,-0.287828147209643,-0.2673575067080007
pedro,0.010950282673001672,0.18953782180497816,0.025002588419241446,-0.2290489197739672,-0.24271924051373767,-0.234775722378065,-0.349119794486649,-0.19511148250409874,0.01617096798793663,-0.2432201074662987,-0.32664182342280035,-0.25189409264951,0.2565332820958463,0.20153929684920158,0.2558050084453041,-0.22138174601211638,-0.1672949981424056,-0.31025257898082437,-0.2496410991937751
pedro,0.021201410962822614,0.18084281986199185,0.04310084695831151,-0.22858916083847197,-0.2309782998916441,-0.23028217560510925,-0.33447885196820626,-0.1976982064592623,0.002994036916316151,-0.22736107954577003,0.3579920177692097,-0.24237993434300342,0.23711154192687958,0.206569484899449,0.2955450229132481,-0.23161405078328604,0.1926338284816444,-0.2889702078489006,-0.2381994308691163
pedro,0.0074030649396005675,0.17161274858985837,0.0497102350247062,-0.2401030270729174,-0.2460586866191985,-0.23867244288254133,-0.33736286552601347,-0.20739599382141796,0.0017604917514432424,-0.22807130482512053,0.35644213524023477,-0.24767222009663295,0.2334918311085954,0.2024285857242772,0.2907796265260493,-0.23379149150008446,-0.1344967182434529,-0.28591366750710767,-0.24725922309864948
pedro,-0.005016856795150025,0.13607003727711411,0.03269309921761973,-0.2699660406587595,-0.2631066142566553,-0.2783088822589837,-0.16485110463169367,-0.2255287434438051,0.027575612754568272,-0.23481612939090965,0.36482664564907136,-0.2686525546500428,0.24086224808258164,0.16396347158728358,0.21763778688060798,-0.2376911736638735,-0.2673630856410997,-0.2952320403177341,-0.2724624602949788
pedro,0.007397550897422583,0.07378576590162889,0.007922138356873387,-0.288835012303898,-0.23707596379590365,-0.06510670554111689,0.321724825453467,-0.23238454127388553,0.05360735735130043,-0.23578147239181937,0.3600463994248118,-0.27774263557660533,0.23698083119799299,0.09224315563354471,0.1095942036907619,-0.22486687942243283,-0.34267775684484925,-0.3149410176285881,-0.2898486890888691
pedro,0.0006901567652549345,0.017698967855882097,0.020378046893809693,0.3086094620538256,0.14101782898734908,-0.31199837965684446,-0.2949495534863345,0.2667951005811889,-0.08724471949423317,0.26827140144443684,0.1805970835441371,0.2982092608586413,-0.23023246885852724,-0.024353381173666824,0.0036969129794815468,0.23171663589580999,0.3336891736839993,0.3316404673747098,0.31442381664643404
pedro,0.00023556856322902442,-0.09224249526149916,-0.01637449018738271,-0.31203572801027235,-0.1079958606296775,0.28537897452469096,0.28809844184344074,-0.30144612273606636,0.14032265480206693,-0.30257584530896925,0.3365103915650418,-0.31043303693859725,0.21108994838451292,-0.024651313932067025,-0.08797035162876014,-0.24506747559894657,-0.30002180896460917,-0.11914593581969055,-0.2980927925483215
pedro,0.0005934581436296896,-0.16743269656818813,-0.012308452831266359,-0.31835619070822707,-0.14042603002786955,0.2759895200121694,0.29769595693960493,-0.2808073815508234,0.20106167346348644,-0.20959117047679066,0.24062682034840213,-0.3224386909691311,0.24862507385691154,-0.10502048675200919,-0.09997910279498394,-0.25790113910611084,-0.29611650269455003,0.32128356018891613,-0.14358233677839008
pedro,0.020481588560897344,-0.24165926432700238,-0.012957643088539628,-0.3124290565110065,-0.10864967217674046,0.25779816661039945,0.2936269654552211,-0.21232044356621832,0.17975116180081277,-0.0744230349873066,0.23287203919570168,-0.3157439443836974,0.2703668501027345,-0.23692616906602443,0.004388928763588092,-0.27665808633800665,-0.23326666311576516,0.30287007542434785,0.30091835737418154
pedro,0.010337034247087503,-0.27355662277464765,0.016682841949398886,-0.31592029724310094,-0.11792320313852023,0.24908682887667022,0.2878808521047225,-0.2115302738701007,0.1539097546718888,-0.07694221842444984,-0.3130609013998938,-0.052733032736534936,0.2721294126983544,-0.2934503613068058,0.043949428231708505,-0.3033608735691034,0.23244022310554902,0.29713037837897865,0.3076917447052818
pedro,0.047025291872843655,-0.28852095604868727,0.025356541303741147,-0.3194838856580645,-0.12345982128066753,0.24831883657871656,0.28929422711693303,-0.21475897201522373,0.1323739592004675,-0.08005020750091776,-0.3127873643166363,0.12980198502155763,0.2761609614187658,-0.31368919473556517,0.04205566773480538,-0.3153670957942107,-0.12961605196642206,0.289395270695201,0.3037587953376567
pedro,0.006666054215813005,-0.27328577748015537,0.005388746813690453,-0.312663017194417,-0.13475669334035037,0.2547201846986641,0.29176082324771396,-0.20994512477488098,0.11280545703700263,-0.08700882802690721,-0.3080031223957156,-0.306027792034388,0.27685912584055333,-0.27252857358616284,0.059816618288203734,-0.3004662206872925,0.2074643720481017,0.27965159586444854,0.2011039858095057
pedro,0.06412734057585667,-0.25107387833920625,-0.02752234615695986,-0.3316251654625889,-0.15595147614745178,0.2992474936335539,0.3265595896610617,-0.2201577624163693,0.1358106036454129,-0.10870241483339138,-0.14507112421528714,-0.3065850859070412,0.30004023273219077,-0.18488011884798844,0.13648017255728453,-0.27834170676764447,-0.15151522041616816,0.27056127146002223,-0.3090013898056348
pedro,0.008284448870468497,-0.2122657479999641,-0.03333794957583085,-0.3210443307015548,-0.17597283605705966,0.31791338328259994,0.12262328259879218,-0.2051840964947716,0.15350867743598137,-0.11922630581907573,0.3331489006141734,-0.2793905560270378,0.29870969648553203,-0.11752948886103938,0.16540193686688853,-0.2385352097846116,0.30510863553452594,0.26732343248572477,-0.2879450007680325
pedro,-2.0575073766948074e-05,-0.16533191963389857,0.25276063397903065,-0.07631514607218666,0.044691070431587404,-0.15996842219388838,0.06355594512000518,-0.07484852319194842,0.22644720261355383,-0.41979826917559565,0.13366610020069264,-0.1885142307700116,0.32342661880482515,-0.06473916708274294,0.4423083792886787,-0.4800517850294986,0.21126833473175044,0.0050616613596779604,-0.07258870077299188
pedro,0.00833324569260425,0.15194840027039677,-0.2006738876208667,0.22749291472376224,-0.14976235627648793,-0.07512065642198626,-0.4294005677956524,0.058951758962852756,0.16103701450040492,-0.09254526058658269,0.46312612939614967,-0.09183398248842996,0.3526076627009494,0.023274104460637622,0.05178449190760452,0.21504523802070924,0.3427702347111118,-0.20121876798219723,-0.28241709377643875
pedro,-0.006471537165700476,-0.1822144751404946,0.18905587850542407,-0.20253354745274962,0.19428217892559888,0.15602175407906058,-0.4377959888123494,-0.06539532977026372,-0.17991687125989078,0.0549341766598991,-0.442723815230289,0.06470913768525424,-0.3490787314058247,-0.0551008272501029,0.048521960219023115,-0.12909058464332146,0.3240992583752986,0.2394142062891649,0.3002596973183799
pedro,0.005310173821432172,0.2315011885814158,-0.1423550849487174,0.18371877027743594,-0.17701989226890916,-0.1857814302017037,0.3652936596492048,0.127105188679575,0.1550954517502982,0.08245839654267831,0.37303289592437433,-0.044361417702439176,0.3191772415872011,-0.14931783024558515,0.31165093642577363,0.048508420226025625,0.33624663544321415,-0.24271375499496048,-0.3306767987857883
pedro,0.02832433696135876,0.2579479080348789,-0.08446788439754337,0.23554737965254904,-0.14298725324360276,-0.15029336189506895,-0.40622931685579033,0.21991568844492052,0.04643503068926235,0.2887672072140751,-0.22952336431009215,-0.018818520178561237,0.27207733710226084,-0.28246956194756356,0.32507676248144224,0.05127725122160782,0.27897409881598995,-0.17487090989672702,-0.3245354723849466
pedro,0.0018618241307699207,0.25407608640463386,0.016125768848055166,0.30489028600253637,-0.151096889929384,-0.13863536405365734,-0.36389721500546446,0.23526171791623798,0.11412787881179448,0.3573734664974284,0.19489336113162736,-0.028628199796616047,0.2503697200993472,-0.21316198461958527,0.31142638943600387,0.03986265020571312,0.30561431402663264,-0.14677031617857267,-0.33350242692800974
pedro,0.029923559304093867,0.258952425257458,-0.0876538058291982,0.23817726123294858,-0.12947817572928597,-0.1838920494034864,0.40348430918581984,0.18640268757179704,-0.017944089082588134,0.19175529307275938,-0.3693592230459363,-0.12448241643928545,0.20468368005652407,-0.2013910745287215,0.33253449005384783,0.07220069625417605,0.3099180761104021,-0.1630863722232976,-0.3324141091832215
pedro,0.011880001356079611,0.25711697055077476,-0.1240953225662657,0.20039280200752518,-0.12058552136140231,-0.20740340363642945,0.40172852439521034,0.1702223342905145,-0.017446877279842187,0.1221313094678504,-0.3947890771886732,-0.16850735771311098,-0.20362917080461598,-0.19191483270595622,0.3259066301565673,0.08111698291408731,0.3145078490669384,-0.1707665345210893,-0.334326514907403
pedro,0.0033798615362774787,0.21077753097930782,-0.20840690478366286,0.0651051279819986,-0.10132405998440092,-0.2347378090008864,0.37808180210561576,0.12794358717351714,0.004771981043250819,-0.016744060157997134,-0.399554041449079,-0.19086930031127586,0.3387753931060474,-0.1134204466009909,0.2721422292335677,0.06859974790059868,0.33823067518377786,-0.23466606096164963,-0.3331228183017989
pedro,0.02714020906399077,0.1774197208077133,-0.21524702955522923,8.102979107930348e-05,-0.12310938303519785,-0.23445779118386323,-0.41932905334462683,0.10351081047012416,-0.021295162214516637,-0.033029014029980805,-0.3928666902090924,-0.1876028229045049,-0.28564085824145635,-0.09278671662676975,0.2686263976306456,0.0446514632105499,0.3437186582545196,-0.2759121637913648,-0.3403024696054031
pedro,-0.004674290149502342,-0.17578837824583649,0.21270430184858816,0.002270021074342438,0.12685742171094525,0.2312945480469031,0.4175703723385914,-0.0974706348224528,0.03262488017381045,0.037760792784355936,0.39725119704987816,0.18843155104211845,-0.2730859053489023,0.10430068673674556,-0.28098070868643865,-0.04669915710644622,-0.33384476173193983,0.28299892773574514,0.341267055199454
pedro,0.04342779478803599,0.1800032860370839,-0.21129076461798563,-0.0015215269865962837,-0.1316367972898126,-0.23686151285705834,-0.42817338946237926,0.09352139664932688,-0.04014792722523586,-0.04240200642193434,-0.4080901303342658,-0.19283283378588145,-0.17285310520780406,-0.10650398191513381,0.29466629046502923,0.04929990897739141,0.3390420150554311,-0.28923917707061475,-0.34816915301059914
pedro,-0.005113841002073567,-0.17794812943544913,0.20323652252887356,1.8568142085513293e-05,0.13243672010703436,0.23133349745080714,0.4199072646130288,-0.09014590917586447,0.04376895454456409,0.042725436086029134,0.3991601215040302,0.1895278857218561,-0.261237497756502,0.09478175379684642,-0.2906682995047688,-0.04533244597100057,-0.33531938008425505,0.28174843287347606,0.3419686193208864
pedro,0.002504588694099362,0.18320026753838867,-0.19010316573931285,-0.002632417508615509,-0.14828497303795332,-0.22711918345318882,-0.28653748122986544,0.08945936084959977,-0.07316931922469695,-0.04397533311283339,-0.3902169454145028,-0.1877013677637593,-0.414197868845904,-0.07747472800065984,0.2906895921821577,0.03395187965631529,0.3299707904730011,-0.2886945711017163,-0.3411509260527619
pedro,-0.00015941761717814965,0.18714563252663743,-0.18683121806682124,-0.0067924477224330666,-0.18512271827024826,-0.2197928443456949,-0.40411781504889366,0.08537154003422145,-0.08722945001852844,-0.05551249406985245,-0.39088818048015206,-0.1907679739964825,-0.29041288304374735,-0.05868365464419279,0.29475462181003964,0.0392613673479704,0.341991364067066,-0.27881928916966636,-0.32567713874088244
pedro,0.0016841097984003376,0.23023634786948516,-0.18222290259992469,0.06066044893391934,-0.15885493392595185,-0.18089541184545432,-0.4128323480140099,0.11837378560411635,0.01629229483518117,0.0143123147280911,-0.32361281247221607,-0.11914993776953003,0.33078260912665214,-0.10255550533445563,0.31047900588372057,0.042209574817483594,0.3673641217340848,-0.2760447731095099,-0.3450252506898942
pedro,0.0007294715149625456,0.31282844466127335,0.02512263120469249,0.2083602903212687,-0.18139747692155758,-0.15270937473578367,-0.3825529007006087,0.250225235143939,0.18521064349915536,0.2911181783528814,0.2521645853502431,-0.004640196398194135,0.24653109472711074,-0.1498312689915066,0.2574561493056751,0.0455418490034435,0.351204964794557,-0.16216509168465224,-0.3301820262335812
pedro,0.03240704371672606,0.34887824036452836,0.05524290800120345,0.19028301659824054,-0.2570799474683725,-0.190076012750465,-0.2318487602330806,0.18701874078121566,0.20461658823792075,0.18922038285893106,-0.376747739021977,-0.030787662731300694,0.28346395051777595,-0.05481209471052685,0.22365797223106063,0.05213222108742283,0.38349730398181653,-0.1837213836898927,-0.3325599458616842
pedro,0.007037271589252708,0.3592003630531697,0.036926410382947014,0.136254818300383,-0.23222994821570134,-0.20800640417412286,0.40012118607088354,0.1607093061070376,0.23222800293212695,0.044075234926355046,-0.2568911582233098,-0.09857461718154814,0.2993170479969271,0.010929626664252609,0.19988324587932932,0.034346803427555306,0.38646887605169045,-0.21683970557821505,-0.3303346716949553
pedro,-0.0007605299989154505,0.3590072792533713,0.11316563694315218,0.028480765106036653,-0.27137520563755,-0.1832303940727771,-0.3070671937477462,0.18846909371085513,0.31634447653243014,-0.099379637643156,0.32340051630785044,-0.1283710286884272,0.2649639072795676,0.20875499358294444,0.22222640132374585,-0.02387298970960689,-0.2637658951646414,-0.27922777717809205,-0.27959014828008655
pedro,-0.014905402456157369,-0.3459126014536079,-0.12380254473421234,0.02175853862309512,0.2786137594130477,0.1735675462707587,0.3521986147051274,-0.044274468659196646,-0.12226554420670908,0.10174916636698324,0.3373498269909428,0.14440338132491526,-0.29353324273905435,-0.2999177387591915,-0.3164644240905371,0.05741305200595453,-0.20180142261260842,0.2742121446774735,0.2745087201683876
pedro,-0.007943439094555516,-0.3109347033297952,-0.012913938712769062,0.07588286564731428,0.2799146775905498,0.20970597616366352,0.3533539940385934,0.0635280498729679,-0.06670614001238111,0.15917802718839272,-0.30187465332217944,0.21019616580694703,-0.31401372577342107,-0.19810709552231967,0.006236073636981165,0.06866416486700673,0.367350240957066,0.25953578944668676,0.3690028982411126
pedro,0.007566302596758473,0.18260702329457856,-0.06227778722585697,-0.14891158356115117,-0.2424699337747533,-0.3169606351024087,0.37404948907244084,-0.1359977812632811,0.057310376416229006,-0.19485014601948514,-0.3932011789408039,-0.2707247916027016,0.28426742113311415,0.12084470259700061,-0.15402747587454685,-0.12591942820398735,-0.3289559802943124,-0.28231683568273974,-0.17572938554527928
pedro,0.032918294435037986,0.08976276660066926,-0.10013467818787801,-0.19124131161546537,-0.12286631208962433,-0.28455556726743136,0.34970680521423886,-0.1869098066774288,0.07636615070030736,-0.21114153430252725,-0.29833910001042135,-0.3027643248743585,0.27150526218229765,0.06243483755001773,-0.1637317560672675,-0.17599429878987116,-0.3249058810684402,-0.29756453968133467,0.3625679935247893
pedro,-0.0025840354514173962,0.06852983970279478,0.08032511179444113,0.24865530639702582,0.0715605616567154,-0.32473618459374376,-0.32753760079129424,0.26952015271207413,-0.14492724630610557,0.26133128999670546,-0.28195183783777555,0.19095200414099012,-0.24202815149870488,0.0511909721581428,0.16264442476432955,0.2318586811284302,0.313779254090289,0.27305807642381774,-0.34181894505793625
pedro,0.0020527037248606896,-0.24679691648675572,0.02418478426221582,-0.2897245109044787,-0.12637225727115675,0.2636597322569307,0.30117195556294757,-0.2876977527578386,0.19923204515885715,-0.16967538501510881,0.2655852336911633,0.30972871717864836,0.24968886299686127,-0.18487912445924906,-0.06004199846977215,-0.26293714839375626,-0.16568776026681795,0.2790822780033167,0.29334185752429653
pedro,-0.0004501955074848185,-0.30983552850412205,0.028342321401359623,-0.2919636129839745,-0.13866505373943763,0.24563588889019583,0.29056496490646533,-0.22306592075747994,0.14664001268656332,-0.02246356922740261,0.28513535069882895,0.2939610207193006,0.26742938941612854,-0.3037156796198172,0.007809722642859487,-0.30612961030302677,0.2797675331471867,-0.0008946670732566386,0.2804864796297118
pedro,0.00031575234514863437,-0.3086282947068938,0.014374807611379055,-0.2907016015653746,-0.13521080614543568,0.24658216243598952,0.29057033229428614,-0.2147192430385781,0.12664280840021472,-0.02562243890698405,0.28707594460675157,0.2987734555273421,0.27092026434460614,-0.3087613878756225,0.0060768696488626445,-0.3073774774864735,0.2792377602279942,-0.0026109789387094295,0.2842735776678527
pedro,0.006561305263500093,-0.29778074384180553,-0.02144829515948504,-0.29298216632210733,-0.12939702706126957,0.2656701442184765,0.30469339952614233,-0.226145838684799,0.11857353233979136,-0.054506413153550516,0.30720480873055855,0.0931404687303557,0.27869063063338306,-0.266072891089663,0.018619070708792866,-0.2874306081038272,0.29350124128826643,0.2988489184920176,0.2583859945957523
pedro,0.01207932280832999,-0.2210797392774625,-0.06617096926146752,-0.29740202860762976,-0.14564273356711527,0.23872037242558852,0.24749290254770084,-0.24209505582644994,0.16797426109187213,-0.10391734790028911,0.3121815911883684,-0.2800899512243631,0.28636730313439146,-0.11408344521321122,0.10885271766903998,-0.22005832751070808,0.312587562918557,0.30689412647742037,-0.3132450800039444
pedro,0.017814963566174527,-0.1066855771198936,-0.08974503842182936,-0.29759382853564403,-0.14404496084941748,-0.29758931020255974,-0.34634626421837744,-0.2137356918729088,0.19647494372702992,-0.15137619747611658,0.35288008409698884,-0.25771940796552817,0.30903634681285297,-0.010216971687248631,0.16126569614798322,-0.18201832664772938,0.323289265212412,0.10176612433713184,-0.3081828305313565
pedro,0.0481425892844487,-0.02645738017207617,-0.10175674218097808,-0.28614546873026925,-0.08529047231074408,-0.2631684129288133,-0.3543535688040783,-0.16395880301936658,0.20588623916711704,-0.17561960756750455,0.2336774482747488,-0.2256010520075321,0.3250615629749354,0.0344498361182423,0.16763071706399701,-0.1603480074680495,0.3379826483724203,-0.356402123494451,-0.3121455648116879
pedro,0.0032180527764927407,0.15195898735465527,-0.08721780454546046,-0.21976107006333429,-0.0569346518460089,-0.240342299386408,-0.39396916486785966,0.06015015608040258,0.1712419429656714,-0.17212200532434865,-0.3208430752565083,-0.12856294820604497,0.3219357171209534,0.016013477394662266,0.1400453397776942,-0.11339064451782006,0.3736754711141802,-0.3278205839688243,-0.3732070591769891
pedro,0.0006323954325947086,0.3309702330228564,0.13239570250513666,-0.12870287552185541,-0.10660736101057368,-0.2042031367075598,-0.3640791114593407,0.3046629048941472,0.29766231314102437,-0.14830783018368815,0.3617636012704067,-0.11796201849594248,0.25115244709540596,0.03435843670052117,0.0745768716618227,-0.10600133486034558,0.22047617690557533,-0.25665196265191725,-0.3563796989748459
pedro,-0.00462102680354376,-0.35168725919179067,-0.21272913137513697,0.10600470125557383,0.1977954802024972,0.19261999984077496,0.35102834536673766,-0.190351329383646,-0.2226030839718511,0.16163672462469497,0.27183802935830503,0.12018864819234915,-0.259638416685921,-0.25411796420604543,-0.17437815091768463,0.13594122723329377,0.2732347411407561,0.3022276460128617,0.2706491838337093
pedro,0.004000890713627912,0.33999863873834685,0.19746805003688328,-0.11638928313476686,-0.20115369833123226,-0.19475269936981704,-0.34128584346955104,-0.04936291606835198,0.0718069005083405,-0.1684247375410759,0.3396966304511149,-0.1578387456689008,0.27858586927964835,0.3345952582190408,0.2986327706243256,-0.15329805929664034,0.19562078223397678,-0.2735867912059879,-0.21298724038727898
pedro,0.009404631661739549,0.2869157619156763,0.05117247116147021,-0.15725995554947061,-0.209683810067707,-0.2277460973613556,-0.3636972137389722,-0.09982033279888786,0.026645256602239622,-0.19382712745254943,0.25343245216096716,-0.22107084649773173,0.30077414108229844,0.25257348979447725,0.07833166094543507,-0.17529385704807757,-0.36999688985913387,-0.23778732440929864,0.3410464538213377
pedro,0.034769342628920355,0.20147211957445121,-0.02350429593471276,-0.19120181790387486,-0.2392386317878671,-0.28161665241107264,-0.30316182387306473,-0.1293508649823065,0.039504500123773933,-0.19224400199036085,-0.38770486296292994,-0.2798945146428695,0.31749487343889576,0.1512787649391394,-0.03329144716229547,-0.20152397339919367,-0.30365530440862665,-0.2535664821594236,0.2967005897742024
pedro,0.005845670924096014,0.11038391233603057,-0.05801358929417092,-0.2158982519182175,-0.20776288434356965,-0.34478002379307254,0.349225533485426,-0.16240766871256246,0.06834087245201449,-0.17595154184317302,-0.13953342930984433,-0.338547274203011,0.33403449488468095,0.06621754306805748,-0.05042408984529801,-0.21974977269479332,0.3741485254473429,-0.2722664985897462,0.2771977216779645
pedro,-0.0001558966108290369,0.27483503230144185,-0.2551332096146603,0.060797147870217914,-0.11501213038983553,0.002962334876814541,-0.2515780569601808,0.07754648498702847,-0.034415478935242445,0.012033521085229792,-0.34373073290781886,0.04980584672958249,0.0762549187626116,-0.16146200283429193,0.4912688303644531,-0.32910494649228234,0.2578944762519103,-0.3186371444834362,0.31873991653422906
dan,0.00910681353451768,0.002339487189436492,-0.39240365893526824,0.20544313863192795,0.28330704820642383,0.1688231301573775,0.42995670950762604,-0.2721530202598151,-0.16369239844049926,0.22772132926139294,-0.39749526488473524,0.13524271326798207,0.2907766175747257,-0.13326785176962005,0.06477127108435145,0.041206819292268826,-0.08429037784964233,-0.0452892916797306,0.25260025655991736
dan,0.0006785272508635009,0.07460142038406126,-0.4179462264134397,0.20540381057641194,0.3296258283862938,0.1426633637431489,0.4335167911216266,-0.07532579323972435,-0.2054846288276113,0.23286751835877198,-0.3735577867036041,0.10747130969360427,-0.25823891553414763,-0.20901639068679337,0.15052793107639,0.06870987338841682,-0.06120976967760704,-0.13386105123742473,0.2190457078876222
dan,-0.005755807223102964,-0.07885684048977937,0.38006560678374135,-0.24819956218388486,-0.2921935643858288,-0.13097652406817892,-0.4344564666067282,0.06363082810332177,0.10900202522582729,-0.3305304179336085,0.240675953025632,-0.1910856512285014,-0.2924933281682113,0.27670650669440944,0.00399087197021852,-0.046363369157278005,0.06159544499282945,0.1710070229966509,-0.28196331526142887
dan,-0.0010399149564282067,0.11992275454421714,0.16416915461082404,-0.3516742593474501,-0.1149085682417187,-0.14582025976653049,-0.3247075369552781,0.13823921012858453,-0.10559534734604502,-0.3676000292920873,-0.41129322274253527,-0.2252885632666044,-0.2553128535779926,0.14028349098576087,0.020666204144609745,-0.05571534917946749,0.25784711080003736,0.1288367206080628,-0.371891111638204
dan,0.030408019143539817,-0.21439647589165078,-0.011797007916343904,0.38775188009056694,-0.007089133077905557,0.14120928868563662,-0.22908137726617053,-0.1641033926247958,0.17126302476679192,0.35257704417086766,0.384982364315078,0.21496615491685298,0.24413584201411512,-0.0614434472075796,-0.04603396712869998,0.06880755135205571,-0.3647171496823202,-0.1091073006114217,0.37540280081705446
dan,0.03409257793301779,-0.21482728062083994,-0.011682227984570403,0.38825466089902444,-0.015543936384865004,0.1396890804149064,0.40336305093294356,-0.16552455649597572,0.16125832703601645,0.3448968311083236,0.22903948541176522,0.21560884594748372,0.24631196490112084,-0.06075486170975908,-0.016584686917379007,0.09518068892421315,-0.3676945318984733,-0.11141566561135978,0.35763682146516473
dan,-0.0003288419168835713,-0.07806601162232504,-0.20523656745063812,0.34316094809455155,0.1600839316301406,0.12127031775280317,0.41261351203851976,-0.053737956410285496,-0.047460826508587316,0.2888478888932068,-0.34439494716575225,0.1732701674129847,0.33291819597747613,-0.19273252678844507,0.1731021642399481,0.2538542709135319,-0.22413796218696083,-0.18611508755268696,0.2428451396569066
dan,3.7469573990077334e-05,0.14807192410241724,-0.3266059715293165,0.1912451931877112,0.247400525011759,0.08479985926096237,0.39008846343852477,0.16460987992286394,-0.17112538852120268,0.2691765291098481,-0.2870278318666377,0.1194463165378529,0.3232119682233426,-0.294279868499721,0.2642788806722201,0.1721331983598593,-0.037254420705972936,-0.2580433356233757,0.1739503511273797
dan,0.0003778982094853758,-0.011199445568754978,-0.17976260726070473,0.22596685660115973,-0.023470414009881136,0.13658244379871973,0.4657505814322219,0.10486550405187328,0.028595722299856838,0.2406758070042319,-0.4217309872110808,0.2171674076085983,0.338761967519172,-0.27492477723453235,0.23264251610248618,0.11003197400875253,-0.050302233542180434,-0.28001375554218494,0.21931892201298456
dan,0.0015737086667658334,-0.3232285605761249,0.25424821589838165,0.3087668347154561,-0.2639957983676988,0.1467071884508123,0.3903801622007625,-0.17175524965260824,0.20895523215431147,0.25172788158877374,0.2462032161299951,0.18916923533500982,0.26404816576633966,0.00043292858337801626,0.08490160383875708,0.045791068047875194,-0.3473218458368486,-0.15771758039799885,0.18565183186031461
dan,0.00047692463733608033,-0.052050318754051306,-0.0988434134780869,0.2576808358171999,-0.03993880196233408,0.10200066698294355,0.4294051178142853,0.2756399941061899,0.02611004778835345,0.272089972814016,-0.3546721169985882,0.16352501303127714,0.299919637620223,-0.3265617030328442,0.30441955746377974,0.1003445321368594,-0.11461259480627502,-0.3004049279718996,0.13709377171214096
dan,-0.0001203209352265752,-0.2014240521537844,0.22514318566893654,0.35629797847203387,-0.28769688962594964,0.11559931287834385,0.3917137906484351,0.09121239995350827,0.29200161373323535,0.2826194786779018,0.2524170997959721,0.219425604831979,0.2232053374050762,-0.11693637141417547,0.07883604419170007,0.11435291741712404,-0.2671620508144141,-0.23229035973224954,0.19691883678889957
dan,-0.0005502925757621528,-0.049301640157134924,0.005451023044434566,-0.3425197854186768,0.05441792119071038,-0.06170739969176587,-0.36375542060354527,-0.34802729739251304,-0.01760491137200058,-0.26514120237022565,0.27422311868787,-0.13764514694871682,-0.23794906496394752,0.25620847511812456,-0.29753095324994905,-0.27891590339683625,0.18031691541238637,0.31230064687962417,-0.1913850651842339
dan,0.0011246865311435761,0.15036074339873254,-0.05523728143896012,0.29748192645206645,-0.03388322237927746,0.05857623493918421,0.36979564490069694,0.31972706674466184,0.04436862610379922,0.2395382784446444,0.2851719025504697,0.15278307613927664,0.24890883163588132,-0.2780032433474527,0.23980204954985132,0.2997479344772518,-0.11153271111056093,-0.3676948316043162,0.20986756008429053
dan,0.004735189063599884,-0.10930760714631885,-0.011673735506477767,0.259409151764822,-0.16687032867449791,0.1476896396387084,0.4506078096147339,-0.0006987648649683412,0.11661524831582239,0.17522907805570745,-0.3534435345571109,0.23841950631353193,0.29382152123228183,-0.30173025320453184,0.18231091912297304,0.3026159372754875,-0.048449347242616514,-0.3309338644997029,0.16672021641833965
dan,0.0007727351117872907,-0.331974906488552,0.14310346638515214,0.23825671637808227,-0.2724341159388991,0.15991878928217496,0.32740393512277904,-0.1572118989556062,0.20129067241051604,0.14666253278993124,0.41297258557885225,0.256901832452369,0.2784984758720331,-0.22924391081198484,0.16512835126046566,0.22840178461193159,-0.12955862225211487,-0.2329683894700242,0.04078166483666765
dan,0.042307247576820806,-0.4166205586497303,0.24382814493904773,0.23804013173205302,-0.29127858777579785,0.16630062818210975,-0.16859354682518296,-0.2407449736529086,0.2450436547771597,0.07873155488028136,0.39386103349592094,0.2717482967060812,0.276425447941645,-0.19017465092304822,0.014773680642648399,0.20526723375013517,-0.15377729495286183,-0.18396523307790777,0.06157362375005818
dan,0.025030299736329142,-0.4102923437831368,0.2426365913784823,0.23340645546420247,-0.2674259209690366,0.16238037357868446,0.277180673230236,-0.24859356765312704,0.239465625537723,0.07542581015674965,0.38070530336644237,0.2654743706656425,0.27016667006905626,-0.16960416011392518,0.014643332511951762,0.20048693513612273,-0.16401130130936675,-0.17599026995940986,0.057566291973263246
dan,0.009225595559981259,-0.4101599187239908,0.24154909942728092,0.2331494311621345,-0.24885120598823643,0.163954647170262,-0.2609606856683174,-0.26341378356735173,0.24630525078016935,0.07626046691774951,0.38293199157370333,0.2661830698419095,0.27818636584920464,-0.14110074747538903,0.03681062239060095,0.21493042784372626,-0.1856111976762115,-0.16951109605445908,0.027638380496810097
dan,0.013336615659004727,-0.39722986683307876,0.22025231963684244,0.2303770444545181,-0.255644530386291,0.16492384165607493,0.4217308456010385,-0.2541018393163893,0.21495751852441583,0.08438100997127222,0.2103175732218331,0.2642238834485341,0.2859055140110078,-0.12047220044140955,0.1136913240732666,0.2500657809277058,-0.19013989054040195,-0.17338126532345804,-0.018496397336249353
dan,0.00030060711316630547,-0.15725907005580045,-0.07693913451986223,0.17179402715366918,-0.05894695432511371,0.1600804057853019,0.41065149340298307,0.09526370637665192,0.01239498444170975,0.18310101716249313,-0.43538323160355125,0.21077410027223345,0.3539122161425569,-0.3027086785301231,0.30189352506017053,0.2875776115013025,-0.06331407186272187,-0.26306249165017626,-0.037749652020740196
dan,0.0031002703618798985,-0.11389626867787697,-0.19403354215899438,-0.15424211478424374,-0.05244781032801155,0.3026843838796049,-0.3717921601579969,-0.0029258384455129027,-0.07162567394861562,-0.12850469484513896,-0.4272682283496757,0.34174543325197926,0.4086136660620034,-0.16863204219016845,0.37337096358050015,-0.1821259198451065,0.03760499489930506,-0.04972472707763492,-0.011195343715633856
dan,-0.001701232172694865,-0.16905594090188394,-0.029950613567599503,-0.10160862029840714,-0.04276297458216943,-0.18529423724095467,0.05824547998380767,0.07807443225350512,-0.058282294735376466,0.279561733932504,0.12508689100803858,-0.09123035818938205,0.3658933426219126,0.27364542779066003,0.2411973314278656,-0.3750398437632946,-0.1713984839667189,0.600983653645179,-0.10429320888153237
dan,0.029029875005316272,-0.18996557852024515,-0.16823022613518843,-0.1520166013164636,0.007934221655017488,0.274761472306166,-0.4338813063918224,-0.29686034313652593,-0.10625792357263651,-0.24947263776567216,-0.39307696160595373,0.2793571670721113,0.2946655835151334,0.07135690269508185,-0.19109989464317745,-0.30709301211762113,0.08092810179761438,0.13261674113116512,-0.08722399885641675
dan,0.030270373307038134,-0.19180741541297336,-0.16403138031229603,-0.15635618347664246,-0.0028785883523352973,0.27824661827391267,-0.43788164208889796,-0.2936122144080359,-0.09985237029559813,-0.24864972481644265,-0.399320860330223,0.27890944900772213,-0.29755183261630397,0.0732534730011997,-0.1727590059532278,-0.30091321020756284,0.07080769612049986,0.1393155648204375,-0.09334595321740206
dan,0.050682081219367625,-0.19944817910586898,-0.16596212981200564,-0.16252264674269484,-0.01046089031882621,0.2881669810403079,-0.18722560888847428,-0.30424672599251573,-0.09692847347992767,-0.2562703595624411,-0.41391679384980073,0.291132173104184,0.45479527467935993,0.07339714712407355,-0.1700365376509611,-0.3037204487352783,0.07340411207843722,0.1370388983525475,-0.08238521950629933
dan,0.0020937822789566683,-0.22732128760539683,-0.14131558409081701,-0.15080068230784704,-0.028306967303447266,0.27683171585140975,0.4487575491865975,-0.34624097870743176,-0.08001463588776261,-0.20454849961984728,-0.3037729282501649,0.3146336939762257,0.3667272409224275,0.062110995361328344,-0.13337061038326808,-0.29616512250923066,0.07326938629549558,0.12438288132005258,-0.05204251078627612
dan,0.0033314219948544703,-0.34701060617540513,0.008508421545400132,-0.14451605061314735,-0.15361665907838626,0.27296345531928745,0.31016049656958233,-0.4253513733792813,0.06168409446156357,-0.13160839108964922,0.4128215338889165,0.3573193564610337,0.2374259113292575,0.10499319203051759,-0.026780451955120434,-0.2636843830131328,-0.03483442825869952,0.14146253942963144,-0.07283612851802637
dan,0.010384268053801835,-0.39728649973624974,0.1502834056932121,-0.11828603530409898,-0.26746745032525754,0.2531935390040822,-0.29854654295752814,-0.41328667673156216,0.09774788329497448,-0.11695255482656665,0.3586376295201282,0.3298036631925703,0.23839907203526906,0.125395651740864,0.04239062930617415,-0.2192400667396285,-0.1053269216426704,0.11755113917848818,-0.04525134123073078
dan,0.0021608441126423285,-0.36871052375183466,-0.012994581978324926,-0.051851941593509025,-0.13230236027259304,0.23758635947863543,0.4691924869644474,-0.22728420229174115,0.0554017002095892,0.02005321684662539,-0.46856000749399696,0.33641402522468317,0.3093056320115657,-0.06738273537022602,0.16255934109648007,-0.19921257622786365,-0.024021855997752885,0.027713405167742247,-0.10762499378960916
dan,0.04017448004811301,-0.2155128768941271,-0.20482666919476736,0.05606613340207032,0.07025980015141957,0.18780325772773454,0.49244329631763406,0.13709575921177694,0.11056840546543271,0.1961783019171739,-0.37131740645956535,0.27855169509421324,0.34864362529836523,-0.31883154067714714,0.26721573190100195,-0.11152553878191701,0.06606765439368772,-0.1341099705397438,-0.10666382244817729
dan,0.06526454172134422,-0.17806433597757054,-0.23495078805121922,0.08074211347475391,0.10663874615030945,0.17740388337782773,0.5003154481924876,0.19181740342918963,0.10844136484771934,0.20955320549539233,0.23075345129455616,0.27981571002342037,0.3497903795189379,-0.3667179545078843,0.2876769070622695,-0.06352174330615033,0.07743779151587676,-0.17030637130671025,-0.10379397874624642
dan,-6.752212349021435e-05,-0.01670143973771995,0.3162306073476202,-0.04813367458752952,-0.1759459768727979,-0.18821569543630542,-0.47455539987738427,-0.1313952623455546,-0.01370085583110083,-0.11444151787407585,0.4705694425938817,-0.29172615563311177,-0.33213943016946534,0.29960011015789334,-0.08008720447567341,-0.07321073960998367,-0.14300243831917503,0.18726233431360298,0.03689082937387999
dan,-0.0004275989425424078,-0.024136636878760494,0.22971206008512202,0.1840546615794756,-0.01547459846176494,-0.2962944410785931,-0.4814844542029562,0.16111147833237144,0.1633307509276903,0.17122332960673897,0.4003669054642316,-0.3724988360143964,-0.3276638219903695,0.060729864379617464,-0.021451003875716957,0.21296267620406734,-0.188841415249264,-0.03587196900678833,0.1345488761456367
dan,-0.009758936984694138,-0.02907127875748261,0.18941137591262652,0.2557750221168278,-0.009869402680161923,-0.3319911439664983,-0.46502914928875033,-0.13294233665665153,-0.07693042029642803,0.0897439491686513,-0.3334636161396404,-0.31885849874619665,-0.4566047098217983,0.036652710465569505,-0.15101491434629052,0.1707150516671237,-0.14670259628791998,-0.07237283063885254,0.1955380905146425
dan,0.0021067736594631158,0.019974189306683952,-0.24816655864907933,-0.2366650879962068,0.13932601595251723,0.31734212715071275,0.4454429266826619,0.09281211860086946,-0.005612507423728466,-0.10244503124309122,-0.4480416143137732,0.31521002948978166,0.36751646115392383,-0.07675923939417513,0.1186619870200038,-0.18029289197587825,0.15835245229908984,0.056848821435518095,-0.1684453178435769
dan,0.024881845207766408,0.08226951863847592,-0.17929680485112617,-0.2778284551185066,0.013580808712827743,0.3535141747541519,-0.4573027593977432,0.08968482062104782,-0.05901813866737506,-0.12839619631082533,-0.4349701296772765,0.31741051295156414,-0.3458747555825419,-0.0901024919158154,0.045573177174772384,-0.10958363817902715,0.1615067970600998,0.06391134501756977,-0.2442340475148274
dan,9.262686543675909e-06,0.23597497264199713,-0.17878571449958602,-0.2905279574470871,0.09674527210827176,0.28102278280669307,-0.41484658542294267,0.10757296507070636,-0.04205568617760252,-0.15687095493565575,-0.39059345562211134,0.3540041450405538,0.3894084495449109,0.03521224432717031,-0.01406330706893464,-0.20951263667242145,0.14335296927053587,0.1682644878369811,-0.07646807627240683
dan,0.023442090445856417,0.32823845309046457,-0.1701418552850834,-0.2610571091654896,0.10450312266503158,-0.3666544723805317,-0.36450777172981474,0.12059590444486373,-0.01762236594808906,-0.1691661054552852,-0.343982102064309,0.19833226188014882,0.32208044553865484,0.17408111834514498,-0.0975453695464361,-0.2622633964393033,0.16162806654049863,0.2748012089081871,0.042791293486744264
dan,0.028226040666093744,0.3349431838256295,-0.17378972020762495,-0.2629329660471907,0.11106398064656929,-0.3678426272910369,-0.3668795261197193,0.12452641420719356,-0.011860757232447448,-0.17269444433037057,-0.34798478285388046,-0.14108657626572238,0.31101709925605,0.1853053436853195,-0.10712833215483919,-0.2668941193412638,0.16403818879139836,0.2734309557237754,0.06565881313145516
dan,0.002989554816776629,0.3277761228336879,-0.18409102297795998,-0.26035163197128053,0.12783547681692745,-0.19950190330471795,-0.3612897247041378,0.1259741259834095,-0.02877722690337339,-0.17859397136864044,-0.3344493836913324,0.3481256294864801,0.2841480242547667,0.19615167996820013,-0.12154204482910093,-0.2712897353259078,0.1865774331157982,0.2817058007507855,0.028643070085191222
dan,0.020058111958568842,0.30145419220538705,-0.20313274326869715,-0.2547806896291607,0.16041296586658815,0.346308459489219,-0.19233135434847812,0.11877448500202456,-0.0776055858744865,-0.1865598247120593,-0.31920888891475957,0.3043857577143804,-0.34167941955006154,0.18484509391476778,-0.16490356305515969,-0.26859744047413503,0.2155867518480272,0.27055467448645426,-0.02981070980704063
dan,0.0011369989769018103,0.2696504656168504,-0.1921149658554322,-0.25716740048884734,0.11832941864556074,0.33054766139148195,0.3525661500595568,0.10477070915966413,-0.17650235358652044,-0.23775039174966087,-0.30595148444267356,0.30135704041356975,-0.1891350281557804,0.17299876742887685,-0.2317650175323109,-0.24593770915617386,0.22510965410359107,0.2477146079628312,-0.04078471316100716
dan,0.0005705344918829665,-0.28435930035778134,-0.07627191413733403,-0.07548925773095848,0.06806097184576868,0.0707843689949283,-0.09221066771094025,-0.06059292029613568,0.9214792982793357,0.053160806057478416,-0.12309442999576399,0.005677340351348464,-0.005655091170681123,0.04947916802961769,-0.017580759751268795,0.04811057856731272,-0.018667946474586607,0.08564736835250449,-0.07670880706554628
dan,0.019571294902027858,0.30009743711720716,-0.054831817275694895,-0.28932927290497146,-0.09346079391213503,0.3139551918602867,0.32961835882327634,0.19541984445490576,-0.04984988339352485,-0.3242239834672759,-0.321971217677028,-0.11951726543340016,0.308658942994759,0.2802826692878293,-0.13975794110194634,-0.1854863094440143,0.16351375973964014,0.284636453573434,-0.08948036669291316
dan,0.003569360889745618,0.3015222553994883,-0.04924253264024269,-0.2929536639016848,-0.09035958347339408,0.3093947593161557,0.32440463556294474,0.1895044492635453,-0.04630359188117363,-0.3177117361622847,-0.3169724359649606,0.12171439174224341,0.3162289725347196,0.2913066054120082,-0.10710879703506461,-0.18300445934537665,0.16480903790350634,0.29409302157120276,-0.11811324009223417
dan,0.0063008835857480405,0.3009335679196075,-0.056659696242565526,-0.3011558366649303,-0.07399077926901178,0.31149632260221466,0.3271837960350326,0.18501469845197005,-0.05311257627453937,-0.3206344373618218,-0.3158734582478121,-0.07612210875747938,0.31748647092288157,0.29734340537502546,-0.06716828221511235,-0.19478280894822295,0.16399011352225823,0.2960052670617798,-0.11990411867369798
dan,0.002158462264621696,0.2919234529987275,-0.07129143230374202,-0.3157060584610583,-0.05927743236952555,0.318487745015945,0.3420275899822017,0.15056217172034594,-0.04041677634028118,-0.3047690983008873,-0.28194151947251744,0.20450863775367917,0.2579692109905891,0.2962882158411185,-0.06155307658332714,-0.2426055733932221,0.18688833756267098,0.2965614755035296,-0.09868266475824176
dan,0.007114884992403606,0.28535925378577376,-0.05506348202823655,-0.32490002376598665,-0.10296448374319409,0.3235921946798859,0.3500053012689142,0.13028159413110862,-0.0008994955024393193,-0.2964591375687975,-0.08576030111635163,-0.3119089447139829,0.2380549728125199,0.28098889252613063,-0.05689569055655197,-0.28871420719240554,0.19277314224437897,0.2974352264491335,-0.12169428170720249
dan,0.0009429958795008489,0.26218605896233815,-0.06954149273871857,-0.3302596351506818,-0.013752064652916559,0.30621336555580575,0.3379199984789989,0.17023247387313284,0.034987837794802114,-0.3242162055952125,0.18618181614033394,-0.2329790498633336,0.22106670630746006,0.3072335986220073,-0.12385826972511602,-0.27533411389301093,0.19843188437698586,0.31345199245965666,-0.1135912592410949
dan,0.00017024174192776045,0.0476165333344306,-0.2731839179723943,-0.16693114587174923,0.1807237583052221,0.26414582307928336,0.42617880979733563,-0.20130555920258872,-0.26871735894890453,-0.04872918938287201,-0.37402158392050616,0.3028940128596918,0.3126450154485643,-0.03962720992109523,-0.12531801721189273,-0.24307994805764485,0.26090943179808757,0.10263430654572787,-0.10822709835858534
dan,-0.00590897578861056,-0.1525330853257706,0.2157708070628213,0.26055660424732296,-0.12572379588847232,-0.32468807369601416,-0.40290738080985417,-0.16821521898879405,-0.045681206076661894,0.14946554443097176,-0.2824353653847864,-0.35551382716399677,-0.3898555350096,-0.061572746727430405,0.04994403494531455,0.23939965551508732,-0.19696488539215626,-0.17738471593728886,0.18437774324546
dan,-0.002117033245807714,0.17150919355262087,-0.20564494593862637,-0.26438036325590913,0.10723455805688306,0.3239542086381647,0.3969232632647744,0.16726889443661913,0.04063677310392426,-0.1551994155051076,0.22532628443145408,0.3531553071632053,0.38154489453093254,0.08838505921809708,-0.07907404542098025,-0.2501906354927605,0.22789048597044603,0.19116657770119364,-0.210905683221345
dan,-0.0003531155551043168,0.21829239060969582,-0.12543672967908392,-0.25266982008214584,-0.015257474119546678,0.30076127820150284,0.3569221086652676,0.12487180129568032,-0.18789314395153134,-0.2544324438733769,-0.3137065558018004,0.3243952467387731,0.20560284744700638,0.10873879671818773,-0.28397838652463947,-0.1902219815892796,0.2905837835324178,0.17121450611713504,-0.22524124607893972
dan,-0.0038574316625489685,-0.2855289803685759,0.05882344173393869,0.28733393736485063,0.09599172052445266,-0.3015760571693814,-0.3363426570186503,-0.20095961334284668,0.19079110715724884,0.3062739197649719,0.30322797958075154,-0.19618375200275484,0.20035119243279365,-0.1883936115959086,0.1897107159974878,0.18301361671006128,-0.22170051461827464,-0.21362632936848938,0.27970356169147637
dan,0.04218079258553422,0.3040170106904411,-0.04205854714317234,-0.30104437283619734,-0.10084802773900357,0.30165875986120694,0.3311444684391133,0.22966490437890538,-0.08020926447178511,-0.3101969293063488,-0.3290159212916814,-0.1950734474149931,0.1951938670266784,0.2190165597785949,-0.14579831992227113,-0.1842857673811798,0.20350598671651093,0.2192676315689095,-0.26807648237189363
dan,0.02562171499194753,0.29975764130778293,-0.03914138151028994,-0.2939493035302537,-0.11226011297030218,0.29110619511994357,0.3179390703016101,0.22066204448595236,-0.07092310562307322,-0.2973481319958145,-0.3175876895065274,0.2420046863670624,-0.24215217476327314,0.2187356488624369,-0.12559318748051843,-0.17604726871794946,0.19101652095723912,0.2208805423306802,-0.28928531533970164
dan,0.00968495561229675,0.30545465504759794,-0.0387353043172748,-0.3034005811642985,-0.10101120089207884,0.2973368815699565,0.3229751165704536,0.22443197504474446,-0.07389821278695215,-0.3021874601343711,-0.31913156042170926,-0.2661920175011664,0.12690889723952495,0.22795082654505183,-0.11798143497269797,-0.19489159669872091,0.18818200802990911,0.23031868621456147,-0.28625107818449214
dan,0.0013302420285965326,0.29250050524320964,-0.03749637605585526,-0.2962419840194234,-0.11211216063185173,0.2894670298271673,0.3152786504578227,0.21830924115543096,-0.07021766390746893,-0.2944162646446237,-0.3125152127081689,0.0012748104065987242,-0.3190275438923597,0.22613370369299118,-0.09925280297510901,-0.2017107460915995,0.17752366219999435,0.24074153672899087,-0.31568174578570424
dan,-0.0007612958477022647,0.30468055512608944,0.10450166220022765,0.002145543361126815,0.1716967638469886,0.03383585010722681,0.02346781463958112,0.004006530333404881,-0.13700077982260758,0.42222227687599956,0.2131782683340659,0.3447061346481122,-0.5704698100157621,-0.05190523784734135,-0.08379518150357741,0.009072247195702661,0.19701171233103787,-0.3208964253149846,-0.1634715260594245
peppe,0.00044439623868907215,-0.12161045610864347,-0.3567373356291116,-0.022050297572462473,0.02406527227804007,0.0032689106871433143,0.36057093159019166,-0.07871838683298554,-0.24350825053292488,0.23331705039833514,-0.39810957730306745,0.1910205054794156,0.3287730567342686,-0.04112725109849917,-0.3810309178828604,-0.013927258223512358,0.3681111518456789,0.12930412906183095,0.06756542684350422
peppe,3.019788783588536e-05,-0.19984906361027482,-0.34150849613026024,-0.11854445394600527,0.2590601766024774,0.18474163164267104,-0.307525601122748,-0.22460213709995322,-0.321380708050829,0.09991708176478595,-0.26131575812143654,0.22231680835266518,0.3320513656130781,-0.1411391412366051,-0.329166439720934,-0.07399642029503646,0.2655408736691432,0.19021311385696635,0.03798305949347327
peppe,0.02973886945724084,-0.1566836870232671,-0.3691891576263658,0.08341544932288177,0.28492084345781776,-0.12294247111100007,-0.20951443407694761,0.006160025544240609,-0.3256947049650784,0.10677391439179652,-0.2723297585426899,-0.06727286218247527,0.3463068298139718,0.013507304041478426,-0.3669679074325639,0.36952869490798285,0.2611902219709197,-0.16266305803325515,0.0989355956583719
peppe,-3.982479936382535e-05,-0.016735308755132353,0.35337924265261944,0.0762176552078314,-0.03549094617866327,0.21102077135309688,-0.3799694288752119,-0.10255751273690035,0.24520823931269922,-0.0722050051124913,0.3428813626773592,0.10704122942468425,-0.38570951513304824,-0.18174960439615032,0.37336425120552874,-0.214325899029993,-0.2883502507316375,0.13917111147059374,-0.06578722959038237
peppe,0.001599137389738838,0.1913876512670847,-0.25506389603934065,-0.17076969590279845,-0.15729460313420648,-0.3131417756592732,0.3620899408833373,0.1964493371213619,-0.0705250441133116,-0.19334985879911132,0.22038439644491475,-0.11638909390323977,0.27615039000050323,0.3288215461119025,-0.3169268934086705,0.19668178994028443,0.13954930822759207,-0.26722903564057743,0.24037888067964436
peppe,0.0005091335162962646,0.22714716911315921,-0.25569569279039606,-0.05184145557816686,-0.16847591953291374,-0.24605392424156408,0.3937279153924108,0.3040527163682997,-0.12435998007697022,0.04344844116030946,-0.27200060777835994,-0.05709375174844065,0.27110797468285225,0.23964418011236197,-0.33402898370575984,0.1819938323467761,0.10682933442270998,-0.2038377642494361,0.3474973688396348
peppe,0.000696698971965497,0.21303285068922548,-0.23070250153681937,-0.1857787309730786,-0.1695294680376503,-0.29952943632813495,0.35087691585240915,0.18360707176785449,-0.061200592588168436,-0.23120929440956794,0.21730273650283635,-0.1326043485072364,0.2564328243206553,0.32888131677246274,-0.30123857495985285,0.1863599796928343,0.09580872120873635,-0.28171069375008884,0.28574819138618995
peppe,0.00044265184515126344,0.2603437613253694,-0.22859731508625925,0.06520779427062162,-0.19206568831204257,-0.2440885199609978,0.38404800247602566,0.35581873259103425,-0.1300430155729456,0.04201482609791202,-0.30266334970104697,-0.07385717082046118,0.2581988973820394,0.2076508541456292,-0.3144764837738328,0.1855907877762007,0.02188300082523436,-0.2002260084666176,0.3251359413245161
peppe,0.00036900610716279487,0.24263323886390825,-0.1905295536738041,-0.07351345233991743,-0.20455352200362115,-0.32825504696778096,0.38530483039616126,0.13451500256411233,-0.019799869210084215,-0.2091001171633084,0.37556659417883115,-0.12094744087999293,0.2976841685111128,0.25559846157915794,-0.22443434883324384,0.17613150325156054,-0.006775037550377653,-0.3218687557584992,0.21094405256623608
peppe,-0.0015484356956484125,-0.3331601406295126,-0.2024782429650947,-0.06139215327962762,0.31136116701000804,0.31460374030694493,-0.22103062951089478,-0.10260056917859632,-0.2551900528416388,0.08413432653196865,-0.344290693818425,0.06507228572085885,-0.266091305257587,0.021132422121801154,-0.2680436307148638,-0.1217910251191088,0.30433190093910023,0.3516754132997595,-0.14049569893667965
peppe,0.0012861637607772284,0.3416718837767003,0.28345737258138126,0.05456783168156884,-0.3181845806330238,-0.2824421142986956,-0.1911008351886966,0.11060289199411225,0.3032939834144573,-0.05373689712669452,0.3318363234413857,-0.05370839617678019,0.25262291508009616,-0.02586661018334931,0.31679929773830806,0.09176984129210455,-0.3219684369120462,-0.2915986102203067,0.01810845174233535
peppe,0.01552822053253917,0.3568623435913359,0.0381526527612981,0.01986684867217336,-0.3093597868184001,-0.36935475562970005,0.40908450568338556,0.04911725066192142,0.12795208032070807,-0.10498948555305045,0.25209227217418123,-0.05987865780819008,0.3233297008459193,0.02463330890966504,0.16028823771686337,0.06988133241434884,-0.3179155862346371,-0.37044549919822517,0.01883092052433772
peppe,0.0004917784595274607,0.12338026215213806,-0.2538767954111735,-0.13346143788056955,-0.20879348592384217,-0.40827369090562876,0.38653928340022214,0.08271280345479518,-0.14903606321849916,-0.2508910342022964,-0.3425332492456119,-0.09880755449879852,0.29779589201306145,0.08349502598008607,-0.14447531489598814,0.18212370907371753,-0.010576823175528228,-0.35170562360388674,0.22410057552370546
peppe,0.0011007483122113788,0.052715411236689526,-0.3089165183130399,-0.2848432604654204,-0.08657781852525316,-0.3491549888482164,0.3683881700691531,0.14280570136136397,-0.14448476192369145,-0.32707807091687463,0.25311230240711713,-0.14849627716237818,0.2737777000063864,0.14035100793179578,-0.20622011260080686,0.16580629770092753,0.11318593123177959,-0.2697437616111263,0.26632875838931785
peppe,0.0007618198360159371,0.03330739412694092,-0.36390229977261346,-0.22253275801430533,0.10969048681499999,-0.23710229415747436,0.41100525933535925,0.12818470614662852,-0.2568046169624259,-0.07013303310679996,-0.36094798663609745,-0.02300459276632762,0.3597513283784369,0.15955323995083698,-0.25308459318441856,0.15925843625128874,0.1952618606157392,-0.19400566577299533,0.20396112481559692
peppe,0.0018479971020737627,-0.19550046460138654,-0.39262224755678354,-0.1286386061354661,0.19084478859387785,0.03436986466467553,0.3474493932562395,-0.0644069264775222,-0.21041431474285752,0.019815695333055206,-0.4130490618476454,0.12239147669791764,0.4177077351597698,-0.12143445129833941,-0.31182663499671026,-0.06450288171456309,0.30704014945353375,0.09770438514091975,-0.06251957398646445
peppe,-7.196090623605772e-05,-0.2704270839776656,-0.12628368441777735,0.0414223352405021,-0.15372941305749602,0.16624884089146932,0.04407182247425593,0.21132081009609316,-0.20586298599927555,0.03375681774260552,0.051365185402821936,0.1300428473770573,0.08708147379487355,0.33376778661839046,-0.1714240463151774,-0.1659231096207817,-0.7374111564308199,-0.07865712137864404,0.14967972682303815
peppe,0.000802061518909024,-0.2664397642469511,-0.3162539559154858,-0.17774463551061637,-0.0347016078631614,0.10022838634564159,-0.2912677123914481,-0.2662541796050415,-0.1905077580684301,0.08774887655392404,-0.3674830612020633,0.29661473646134323,0.28976559597520296,-0.22573747874689937,-0.24374585429028736,-0.30220817124226973,0.20827529151438418,0.18455904479670157,-0.017346206108035323
peppe,0.00029020371035741465,-0.13885760535411404,-0.3974444829575582,-0.11708642362611998,-0.06703799552701992,-0.11756167328085491,0.4881622437215298,-0.0013167145065236714,-0.2727811953566754,0.0286776643094834,-0.43692281850194303,0.02064880577414448,0.3831468366238776,-0.04700626042464095,-0.2987062807051793,-0.01505892872733725,0.20838417608574566,-0.028076245234569072,-0.056505006278917934
peppe,0.0069207327279565195,-0.09655800061548825,-0.368167355356329,-0.05897318809178905,-0.10654702525641256,-0.11739899305773838,0.3670432848584923,0.01859827564687619,-0.4069111025647679,-0.1394519998142604,-0.41610075857481943,-0.028544987792649502,-0.44720942229223415,0.10009057445780846,-0.27560984059775073,0.06386006743807596,0.12782334779088161,-0.137059502654779,-0.08540779460415221
peppe,0.0008355696925607378,-0.02599235224898095,-0.34423346762328333,-0.11682610004120542,-0.1377118025411093,-0.1042729063828513,-0.4595745364593004,0.06478999632156186,-0.39411369108880406,-0.15581282131442709,-0.40973909791740015,-0.021993674715724578,-0.3498254324280533,0.20967727956728743,-0.25510464897958635,0.0017104164751872992,0.13479587438573376,-0.12309579898195445,-0.09600109081975373
peppe,0.05135813882696714,-0.03770070617017153,-0.3753133725553254,-0.19451789429932256,-0.13212093790899876,-0.09778137738834151,-0.4960860862296922,0.02981395275896658,-0.3183303190298621,-0.02706629800223801,-0.44828326427705567,-0.00708491570324066,0.30355337833029483,0.18561787783952852,-0.2757319559500659,-0.040750274601837264,0.1602703145687604,-0.11295291180486587,-0.008170871661737609
peppe,0.07105749100346312,-0.037890026326983635,-0.38716135098069143,-0.20219405239217442,-0.12186847223839595,-0.09809308531049894,-0.5087186243778057,0.02860221804941098,-0.3244476991636247,-0.011114683034997729,-0.4583178115670283,-0.007934859810482867,-0.23215286049448403,0.1693992224552727,-0.28840847351690807,-0.0451660628910601,0.17157566979660957,-0.09951851002310168,-0.032256152885337085
peppe,0.010164572715699947,-0.03973250502546877,-0.3730177624698013,-0.19109668021832704,-0.1113013255441418,-0.09228679142008751,-0.49025539337870444,0.02674198459949753,-0.3131524287845633,-0.008314914776341028,-0.43720602460372754,0.00958502097525154,0.3807897412515196,0.13462989702583267,-0.27457812876523774,-0.04801555861278899,0.15713120876212588,-0.07306937969421606,-0.02371122909688654
peppe,0.06933192202775229,-0.04816008099192901,-0.3923708702883921,-0.1952547354526573,-0.12317729443737824,-0.09435424757793834,-0.5178275998992145,0.023305668513386026,-0.32777161440250047,-0.02034456077561313,-0.4594259735651772,0.027019729590003184,-0.2314615311624459,0.1316062124454372,-0.28862297865727954,-0.042928751589720024,0.16895531147850584,-0.053900712709181516,-0.07546524499288645
peppe,0.04073123295734453,-0.04999289809322178,-0.3774614489924752,-0.1816949963971743,-0.11468595870319809,-0.0878567403026609,-0.4969831869194974,0.01753186938624541,-0.31594931109854096,-0.0267585722581061,-0.4404043992633179,0.031056426190898555,0.3582762089613398,0.13311870803854942,-0.2760393834964953,-0.03867816086304141,0.164501380617061,-0.05805856419845169,-0.06458299160417882
peppe,0.010705229272622662,-0.06742331144284619,-0.38188471020112713,-0.16471415553351207,-0.09435173136213125,-0.06458561031566575,-0.4932076947723934,0.00599225126097616,-0.324671299804076,-0.0031994961613836946,-0.4293975240888346,-0.0032535000417873534,-0.3868724010712355,0.12771441566673292,-0.2766694331049542,-0.040823393446916253,0.16675447309268973,-0.05779715112694854,-0.0311175136674858
peppe,0.005824735199013137,-0.09138730966220865,-0.37965177430917046,-0.14940268663221518,-0.06728406713855886,-0.033869569093270095,-0.47511768901988816,-0.15610296380234695,-0.3507219345626077,0.1659483868856169,-0.392961504360496,0.057306602863395284,0.3798097166646586,0.08349658560724452,-0.27150619150934546,-0.053060767375972456,0.16213123497396512,-0.012792462234712067,-0.08340626279271536
peppe,2.083420222976861e-05,-0.01473982134042142,0.22981694772820743,-0.08761512071530622,0.40533540390343226,-0.005149470820430212,0.24188282583224943,-0.02267205996579559,0.03637513819102479,-0.3871919323732109,0.004472151006803991,-0.03268811645081623,0.06941711654388957,0.13275382290379462,-0.13415893777286061,0.2680103306110102,-0.619518356752442,0.19715174612954342,-0.16933497954995272
peppe,0.001489427191276004,-0.13599708071205033,-0.39039851314178187,-0.12930328208406572,-0.06769827361330281,-0.04874367496254781,0.4153612112514436,-0.018245080191005368,-0.25245376286936244,0.07006390874700351,-0.48183043686698623,0.23820204501007916,0.34410687006078067,0.10896224054502185,-0.2810239071568399,-0.010453512561130298,0.20624276202466002,-0.028741000240377707,-0.14928782713762806
peppe,0.0005240504190533195,-0.10294095211495005,-0.3309722321808847,-0.08329065953996626,-0.10067366425673108,0.0018850098849548169,-0.3224272577252202,-0.19068906660207036,-0.22393502562987855,0.08067489353679723,-0.3713323063523819,0.216582249511668,0.3618592310237505,0.0913551742411421,-0.2801049172609778,-0.051895417377019776,0.3729352270044941,-0.0029936487767959,-0.34854341082234375
peppe,6.5871474926961e-05,-0.0022133276624043755,-0.3270948523929913,-0.0969399413814121,-0.12719824121300047,-0.16933039413135262,0.4217828622358764,0.100214532644595,-0.2793320930782426,-0.09921774283779673,-0.3075362774014517,-0.04254603002730922,0.41655841515864056,0.24184488425266623,-0.24358282822166843,0.003041891398013267,0.20984904747646518,-0.08517975613823986,-0.3520050690472048
peppe,0.0008346091919114831,0.14388134285343931,-0.28056583149775094,-0.2309563961419603,-0.19655337278648177,-0.3186919052079763,0.3647111311782699,0.17758909515861143,-0.10280752548894379,-0.30509822254566094,0.3338251287475544,-0.04449631454762537,0.35203311006953414,0.23845584619492075,-0.2488493953581099,-0.010501055195711758,0.1752732328555238,-0.15149350374210055,-0.1700618349638532
peppe,-0.0022155325408269033,0.018277548180517373,0.36493388905907764,0.052373609246658584,0.07050150031363854,0.07921491191074272,0.47232415055101784,0.01932768581407356,0.20350572833087008,-0.11068496704497625,0.46140613621453985,-0.15038402401643114,-0.403058877659655,-0.15427690046338338,0.2809097611130076,0.03202361414302629,-0.20798817303071432,0.08397732164416105,0.152824895048632
peppe,0.0017308029600100936,0.1685615414806966,-0.27052192007456044,-0.2111823585576734,-0.12959301841318344,-0.3191357774422366,0.3669912303912867,0.2783561585793834,-0.10683672101087058,-0.3170378212605023,0.37262211103187093,-0.1431019256219754,0.3060824635757695,0.2252022821254473,-0.23789897577890484,0.01293019031420035,0.11643204188903153,-0.1854656793293181,-0.05126541306928346
peppe,-0.0027248799823790066,0.059065795914578424,0.3512694774080741,-0.04760295779362906,0.11229616469722957,0.05939999610200888,0.46025290170075817,0.0567314181576157,0.16830523647081033,-0.1301268089447009,0.4959069401218223,-0.1824623722768914,-0.3888549204768824,-0.06141316026538022,0.30168155563268517,0.059034773376065615,-0.1986508276321709,0.05106415925301816,0.15376224749558393
peppe,0.0016831426727913648,0.15262114925457082,-0.27228621386014185,-0.19734976518726344,-0.1440011107500703,-0.32246859680637324,0.37501626201044,0.2248238836665002,-0.10161122696041237,-0.31594212838224206,0.38040592307625765,-0.12318130059262258,0.31986292503935715,0.22549225408562076,-0.24477460963773537,0.03580994899512887,0.12079935632127231,-0.18311237247467088,-0.12332711592688488
peppe,-0.0009627855692194358,0.040770035083155035,0.3612608505359771,-0.03990335885961154,0.08216872349057623,0.07032474605533375,0.45212235359514996,0.016419793689649596,0.20049690723931837,-0.17659386156954734,0.48445334013483593,-0.1457791044946532,-0.39560571609445805,-0.09371210772589268,0.30832435380363016,0.04694612366181926,-0.18449947105192807,0.07055281648380195,0.1447487229919643
peppe,0.0010236311707225766,0.19811262075044328,-0.25572450143096526,-0.23353057882258846,-0.12933459458442365,-0.346882579243121,0.36636512234624025,0.28102717315124126,-0.11710898458418711,-0.2863872307927411,0.338129753522128,-0.12475718447507597,0.29585156373558685,0.2401521896912369,-0.23962320558288408,0.06089477244806233,0.06962747164584439,-0.22538407485899414,-0.054427144737067466
peppe,-0.0001024625402631386,0.06652784728733059,0.3088408464218715,-0.22699774446377183,0.14647404902493164,0.050465351128712664,0.3996734878607555,0.06808224366932387,0.21319220223372656,-0.377189131615079,0.4478454213682841,-0.19363583745701535,-0.322876084612512,0.09721752106823724,0.31496094557544574,0.11853156960242157,-0.06902146490710107,-0.010202854362043708,0.0518323743266304
peppe,0.007837642957291401,-0.00887084113212322,-0.27789832829259364,0.2450484966184601,-0.1559733004046035,-0.08717740861410304,0.3627849975546642,0.061816073001239424,-0.18674399207308862,0.4240636358576886,-0.4601289196371341,0.14260070273637093,0.30073548749056633,-0.15565076080389154,-0.31200961844918224,-0.1887632483300583,-0.0007096465181171322,0.029564567677113737,0.001146460371638956
peppe,0.001357410023994675,0.029247119165666823,-0.21517330226879716,0.34280072808013146,-0.2105240590361856,-0.0638706499778111,-0.3696578187045501,0.07528555137667133,-0.13619383201817156,0.3948280580227112,-0.4303729573741193,0.1230908038276729,0.29016258223163166,-0.14191772233176753,-0.300356715613011,-0.23277301405380288,-0.10003193304216593,0.025606656368343625,0.1020460258459296
peppe,0.046732642689855886,0.10812673878192548,-0.3256693981964265,0.14048794287803495,-0.19159857146979087,-0.25414251633870977,0.5107072974695152,0.2319013270597413,-0.12772965551317375,-0.009982354642079043,-0.3921625893270918,0.02988511251363702,0.38816223534309546,0.0314777231807546,-0.3198156247794667,-0.05853599676452825,0.044655056447151245,-0.09983007380078586,-0.07863890747896203
peppe,0.0007143529724836456,0.15923274756614886,-0.293312968288587,-0.1225523825421232,-0.14640551544109745,-0.3383217239830727,0.41220864837923693,0.3000201053339362,-0.1318201214521867,-0.20406721684459203,0.35614888387752464,-0.05938660261100703,0.3125566494247536,0.19688432751870646,-0.2611037497301827,0.04759604321495428,0.06375338548904835,-0.1709796785247086,-0.2195135256057463
peppe,0.04183679521717354,0.21473271494814547,-0.279485706910536,-0.20128394708350755,-0.1615509539948557,-0.32861125533143487,0.4162092526842248,0.37201148143445006,-0.13215422784179157,-0.19123470118685085,-0.266842343711584,-0.07063807939988206,0.2966646293121848,0.21650436898148542,-0.26522091472826226,0.052521576113741274,0.046125499794941446,-0.21374343617685077,-0.05938925652810621
peppe,0.051383764921176134,0.2353764778697172,-0.2789246248788497,-0.20244595495275,-0.17240942808940585,-0.3275887148693351,0.42841134649394846,0.39616233000512524,-0.13083130082492755,-0.18230193969405772,0.19057687390998737,-0.06879088218184311,0.30243373802848456,0.2010188276852216,-0.27478641002462106,0.04569776483652733,0.033737124335624015,-0.2150296967194147,-0.006726024993076316
peppe,0.02354075716829087,0.2424268118447304,-0.2577991221159696,-0.1899453667066003,-0.17752749051775543,-0.30405782133616527,0.4142407905782743,0.39713350015443455,-0.11888145436363486,-0.16097501056501595,-0.33002125963267687,-0.06954488702299391,0.2905688875902711,0.16904294596873476,-0.269037569796826,0.03621555125713556,0.014119089040387453,-0.20359823872817978,0.05714497452316848
peppe,0.02834856156386817,0.25873321930838716,-0.2465943116660421,-0.18901383417286333,-0.20206380991350886,-0.29306298537508807,0.4191895134121642,0.4144030324217973,-0.10803031628838183,-0.15256894976363702,0.29895148996297205,-0.08056704627571051,0.28326909068955347,0.14141146942934057,-0.2767410984321007,0.025813683614021542,-0.007349654339914559,-0.2032363693477709,0.11267759583311232
peppe,0.011308905304633644,0.26588575797564373,-0.24948417113397073,-0.18730098098555126,-0.2092863591906167,-0.2880635528299576,0.4248781361104594,0.3971696438796308,-0.10303053848485083,-0.13435521103823322,-0.3107030129383329,-0.05999917371562195,0.2972684493757693,0.1327755988807139,-0.2848700220213947,0.01644599823918509,-0.011985738591067515,-0.19745751812668483,0.10760534077965557
peppe,0.013626738598108135,0.2597339529438513,-0.2809635552483509,-0.19232508623811323,-0.17667472977703305,-0.2984265626840654,0.44871889780190705,0.3101172201948643,-0.09478173423104112,-0.130134814526061,0.3113407329776021,0.01990174993759661,0.3434645709029447,0.19294215512607202,-0.28862029274611106,0.010397346278020587,0.02686220410304958,-0.1884323297028867,0.0271042067265937
peppe,-0.007733684875220436,-0.20857029710517283,0.3173951672193586,0.17731586561591348,0.08366405806021997,0.26204505685212454,-0.3697111998492129,-0.1828973996175266,0.10376482234954373,0.1400488780415805,0.45885811561752765,-0.02287208951284969,-0.38856172038981923,-0.2568351949349288,0.2771484076825939,-0.014430829699346002,-0.07756225221174537,0.18000367599112582,0.0683866504521625
peppe,0.00012352141420227296,0.13418748961585927,-0.13396179361298552,0.4258562886061494,-0.3240703434113675,-0.15596761877136783,0.1182864114376003,0.01698313350056549,-0.37071695664303417,-0.27514409845631166,-0.00112975260403797,-0.10803229981100174,0.0970259069129169,-0.17072684543881597,0.04002352148836548,0.28061766951896383,-0.0011792877093354827,-0.49491258016899,0.2245206105998746
bigw,0.0056450977909883356,-0.07513392728473325,-0.22611043927101293,0.3542904188116849,0.055256728306909565,0.12775728350041896,-0.411200495889529,-0.07945171217694133,-0.02970040177371639,0.35042714926213697,-0.3527288251426685,-0.022149336145820715,0.39108475279192495,0.002728308619476173,0.09075936777121668,0.21904758574126743,0.3146895847817379,-0.036961737724714235,-0.25450845066996813
bigw,0.008834734184767552,-0.09008964384109273,-0.2702541293633614,0.36985160053188487,0.07849774678757895,0.06876545750092522,-0.40937741047755016,-0.10104529721230214,-0.03657365072695829,0.32563478918073185,-0.34868647253499524,-0.053998434395389594,-0.26459458075490533,0.03160261624760448,-0.03348304354132111,0.24486205196902017,-0.4082890239632117,-0.09926652953931436,-0.22989278464712035
bigw,0.002078372281009372,-0.11859040571312804,-0.24776258540253215,0.3717623901885087,0.12806084897264475,0.033866268162710336,-0.34250092634215146,-0.11236593609149353,-0.028383942012351747,0.23346864275510543,-0.32727551306488717,-0.0822774303687752,0.34547148889978974,0.09357094202623224,-0.060617188737090606,0.35072340901136473,-0.34556411949113314,0.06228287402013216,-0.30263842364738186
bigw,8.748539075839109e-05,-0.05168635461328175,-0.29354028734984206,0.20896873249804576,0.18749687752519925,-0.1731051067685598,0.39437661647828215,-0.08785170891065405,-0.05765961715475127,0.09122563321830156,-0.31994540756157,-0.1946351165460393,-0.3822636011067969,0.29115447640362524,-0.22874309831494938,0.053761496395559556,-0.2210119549829605,-0.29643000063005676,-0.25377476413663125
bigw,0.0002722813521628083,-0.031613379947339294,-0.28430790351947177,0.14431520932075234,0.20750209792804586,-0.20680124472961375,0.22288768392745126,-0.09645505413431367,-0.07596252903800788,0.031561110471733045,-0.28382686746391267,-0.21615913341003296,-0.3481657025416438,0.3389251130769569,-0.2927581803502436,0.02606461138270098,0.3613250946857262,-0.3426399612331828,-0.21921043521447772
bigw,0.00029507697306698844,-0.03130494486880595,-0.2772798554222844,0.15692989454854003,0.2243891000760728,-0.21337235096628815,-0.22036103424781156,-0.10400522140069546,-0.06926639305591432,0.02842188674700445,-0.2832782108619754,-0.2309836893048122,-0.34444468199136496,0.33420621076393164,-0.2530423442123662,0.031713800803726384,0.3525393435772428,-0.3526888973835359,-0.24290610056473527
bigw,0.00028677736263001667,-0.024875700674624978,-0.2879620451818763,0.141998199994667,0.23949556572005448,-0.20857208353221393,0.3699854384385837,-0.09945541960824084,-0.060975218666818064,0.02232213713733667,-0.2899675665642416,-0.24007450916764037,-0.34435167235219893,0.32363230902177414,-0.2543104861660209,0.03705792883811857,0.18520986724869623,-0.3342890761051779,-0.259434714094652
bigw,0.0002483356989042436,-0.001197760241653967,-0.3152554700818744,0.15553921951665156,0.2372519454868344,-0.187049702295171,0.41470009654012857,-0.051821022103111625,-0.07640974454645678,0.07142936781915574,-0.33253232206873296,-0.20011170603740142,-0.39104345680776154,0.2263947640125936,-0.19312629346143506,0.05167356373168558,-0.21505251568111897,-0.219962783324885,-0.3318895734537492
bigw,0.0008582699422620318,0.06310237907082367,-0.2603992468135571,0.07371709274030495,0.2024814421341958,-0.16742404229799826,0.27476173974566787,-0.0027443236509001804,-0.05092241808361506,0.01926445228675445,-0.32972996061773213,-0.21616499529011113,-0.3550922356507143,0.35072113749215733,-0.17566000893636516,0.06345998529753773,0.38624506484518234,-0.35082222939846525,-0.25217206769729933
bigw,-0.002214023776393589,-0.03985580160313318,0.30049317824198984,-0.12383775996337525,-0.23994303697246855,0.16532288984966378,0.22236936447421396,0.0314841708033785,0.05383558081627522,-0.033013632469567955,0.3122708841400199,0.22956930676530798,0.3370081444655022,-0.3774664437954043,0.21149300811364904,-0.1068659723164075,-0.3581735448996254,0.319081895278774,0.24683182181165658
bigw,0.0007553252795607122,0.004042072039481664,-0.3031223483762986,0.18404888274646625,0.26335787725599147,-0.16578022553967744,0.32877058014420524,-0.06645691813624299,-0.06067472101052969,0.03384328534638792,-0.3008303202641642,-0.23614655953928637,-0.33142139246549956,0.3399945319891863,-0.21018709616612608,0.11435355811005023,0.2592389752512335,-0.3175065610727843,-0.2511603809653439
bigw,0.0006471323977183364,-0.03123191933147123,-0.28523700132032404,0.2709549155920623,0.14893978865860422,0.07704339850301033,-0.4094067932009814,-0.03321299825045333,-0.06443452197264454,0.1263034078651578,-0.3455786494494914,-0.1575313062708844,-0.38970961878060945,0.1380274822875268,-0.12483408383241097,0.2852622906799362,-0.25631308056364127,0.09761956009934673,-0.3741092608834258
bigw,0.011376909586189435,-0.015469311863966606,-0.2881716365193657,0.3268404762995239,0.195458884482624,0.0010102378093871285,-0.264964631289968,-0.054287069199639035,-0.05925571130531085,0.09612031161938146,-0.34233526265888026,-0.1808819255195039,-0.394955491965887,0.184211064368218,0.15370683240416208,0.09274476668519292,0.35708055070577427,-0.19875482419900367,-0.3830294741673024
bigw,0.024802841947347345,0.00270242865300858,-0.2711681790099106,0.32930961359501304,0.19743706537313635,-0.10546517860601134,0.3992282909944998,-0.061413362448796666,-0.07056922118266605,0.10479132342340104,-0.32920085464942517,-0.1708939578507903,-0.2698990623253378,0.20521721099729642,0.04989238410283165,0.07894665081161162,-0.39337742917741636,-0.20922436666305738,-0.35918701716558604
bigw,0.002298914208133826,0.014151813154137771,-0.28424565871503693,0.28577405077668366,0.21948285160657438,-0.19911573403542637,0.3920173513332425,-0.07277914861768366,-0.004599285658311021,0.10898280353737874,-0.36148370737875585,-0.14859573939898268,0.3707602442737324,0.17323748302743247,0.050097343685206346,0.09661953707852433,-0.26086983070164316,-0.2144009169615101,-0.3640786501601674
bigw,-0.004654039395605151,-0.03789967199333488,0.2966909520789732,-0.22636573817167552,-0.23520089004244385,0.25454519304451717,-0.2882566501749453,0.02930435116244724,-0.06536571454667431,-0.14679200157432165,0.3787171185879513,0.12246187551353496,-0.35805298906830557,-0.0660166141834367,-0.29828176537424506,-0.14671944292233982,-0.34907317141123434,0.06172194610805597,0.31979483325623376
bigw,0.0012632868213161034,0.16776163697472388,-0.27545067035965975,0.08971195305222854,0.22049606562793805,-0.23682947228049045,-0.4282611297881587,0.19161281821002954,0.09105747397490763,0.17491519721373544,-0.321029838801803,-0.04436515162125703,0.2708259217697855,0.09110746338874294,0.29163644281990025,0.10215690495909394,0.3688627455847788,0.010033211167510476,-0.3254139571091405
bigw,0.001579042408718556,0.3086987725556536,-0.20438238324160296,0.046472371796851056,0.10556370255644495,-0.19583428348081683,-0.3298279240350101,0.3570124416221744,0.12413928464105657,0.20024762283356198,0.4059645081912211,-0.006126171551195908,0.216407434159654,0.14216931901694174,0.2509613394896533,0.008484122193733495,0.3539972971330898,0.08324114758202247,-0.3038728297110473
bigw,0.007510537197211592,0.34918397880292457,0.014096486743959108,-0.006431578761961114,-0.2660520042111995,-0.33633773846788045,0.3909008421972015,0.35043207444522434,0.153959647200417,0.19644353344766696,-0.25228719373499187,-0.021040369015188243,0.2027302780369713,0.1672329367354469,0.18815135415830236,0.0472690728673499,0.3169495562803684,-0.00956420540652148,-0.2910021459117269
bigw,0.04503259438641328,0.3759050870250079,0.03289513108230784,-0.02046764417738744,-0.24432544810540816,-0.31769081723476583,0.3243564071182766,0.3630154211123927,0.17500590362829027,0.19341778493486764,0.3294435103141034,-0.021725557386186322,0.20961084612742528,0.1767261838207532,0.16925990581035677,0.05644998644876941,0.3104633417093114,-0.010067837055550767,-0.2811564494890101
bigw,0.03244466640509658,0.3979398688885171,0.0025317317039735415,-0.006997483016806009,-0.16275399177669866,-0.2721848019685639,-0.4052525497364696,0.3762174641307768,0.18988586049172315,0.19639600983481012,-0.2345822396327699,-0.023751594167942692,0.21612161822456954,0.19959638764109347,0.1672079484114092,0.07518016337882477,0.33039109418313545,0.020358990537655646,-0.27439799595765507
bigw,0.023053655132764223,0.3996361708535372,-0.01835512695787684,0.008031029135290068,-0.13879354573486552,-0.2406407519208631,-0.39677361150441726,0.37402984679671125,0.19522644494469765,0.19664201314979796,0.27063124376266995,-0.02263659648159419,0.21591821361681662,0.21540076157081878,0.1604751235056974,0.08156304967043737,0.33994228995921877,0.024813146713315127,-0.27065796504079653
bigw,0.0006438719942127497,0.3311789879251429,-0.16977716020954958,0.08522317697592043,0.004657221550852582,-0.17884595877944248,-0.32291072555960676,0.33371078979601254,0.1097151836936497,0.18962872128494065,-0.38293208658979655,-0.04120341449981583,0.24690984588003612,0.21855780678634448,0.25848740823306976,0.0705482900017899,0.37728426106908775,0.03572759017225259,-0.2934545431232327
bigw,0.04172907053132082,0.24164880679803147,-0.28159344122418023,0.06701106780209724,0.11599836251156496,-0.19096834690706263,0.27830318198161097,0.3321726882912317,0.037477382565375084,0.18106441718524052,-0.44206591158906133,-0.00527779491715025,0.20784322693278431,0.11442199228047935,0.2806304844265069,0.013188090025880006,0.3870261885702835,0.07496573181435831,-0.3159713454972559
bigw,0.0004019932950402512,0.36655692496534537,-0.08883617463208515,0.041666189642898775,0.05166013976228288,-0.14754400200903608,-0.35673020686430307,0.3785311561308504,0.16784640417005742,0.18759493472706226,-0.405956748931556,-0.0022933939371432904,0.22234996277420987,0.1434758549186512,0.1814612583137211,-0.06467226247318729,0.36636106711283717,0.0970389742304575,-0.28650458453894934
bigw,0.0017711196544387537,0.18679960358627598,-0.26795428128795085,0.0029679138904117053,0.18239649120303064,-0.1807045929505065,0.43440480546821597,0.07667677420067164,0.2777330314148101,0.024877859013799426,-0.3005032467264107,-0.08121998672535849,0.335809557371052,0.13899881100032105,0.2851678440221247,-0.02391097352456735,0.3780951655052576,0.008736680845299208,-0.3179956477352554
bigw,0.0011244937622612297,0.10068436269139508,-0.2491605022622866,-0.0507937558501566,0.1329826116247152,-0.18950514486445644,0.42551031140441015,-0.002021775264255841,0.3081376826288688,-0.11449142893232758,0.30351599601681684,-0.11870265642648158,0.31840496535353263,0.099571833072426,0.34423275791314334,-0.045239874012941196,0.37007022401742806,-0.032706468203764376,-0.32620824215590616
bigw,0.0009183063361186998,0.08320759169892653,-0.3087279630391614,-0.12393239107450764,0.22921755508591787,-0.15973918892341354,0.41335266682180993,0.041732092880298936,0.16986682430876887,-0.03909138251572549,-0.38515389818603685,-0.12771090083748737,0.24395392200595759,0.1102173392029025,0.33545224145655966,-0.06800528991322637,0.36990582357088475,0.025196555415023535,-0.3323086684383917
bigw,0.005162142855651866,0.09416133964446073,-0.30783378866966715,-0.11327648849435464,0.21158302356472197,-0.1717699462845096,0.4218085402632698,0.05889916197295375,0.09736963485626227,-0.01330399269359034,-0.38487460134257767,-0.16551264956286316,-0.24385169480354216,0.12025453484126683,0.3324484983737534,-0.0524558666151543,0.3754693943622665,0.028551052116103835,-0.33720172116625446
bigw,0.001538469434252135,0.11908230868412632,-0.10157771003821403,-0.02217577957906235,-0.23699002951393733,-0.13651456915869464,0.32552890440415533,-0.013718293114402471,0.30778568086514535,-0.1471296021729881,0.3926879809195392,-0.1392590649491721,0.3619311728904295,0.10996332146823382,0.30920910056004397,-0.059992616469998324,0.3781040824482345,0.018376696909327087,-0.34420905826231435
bigw,0.0011905748671479735,0.06696050348502881,-0.17276453047470175,0.022198872586930377,-0.07712926049613301,0.031418877809683776,-0.3408784938673329,0.009503733305946784,0.29975815233822317,-0.0872796487018184,0.43057492324727453,-0.08828802645810818,0.38357456630268255,0.09577260208376069,0.31463041685993753,-0.08605526633952257,0.3954346596878693,0.06376553289180267,-0.357987280664266
bigw,-0.0002077714163346926,0.09587262789955986,0.3324574925151713,0.18211212354460013,-0.27827540578891286,0.14320838360404095,-0.3584696636325189,0.14703689877480558,-0.23921693977421787,0.18938515155411986,-0.33178275391144535,0.09942398935133767,-0.30721691158798065,0.032503910004439064,-0.27322070596264825,0.1099377435851494,-0.3397120597056092,0.014714352766093442,0.2969808744609974
bigw,0.044633990913208986,0.08676758264536491,-0.176372331087594,-0.168327322531942,0.33278486981693844,-0.15743896856744705,-0.47547072918596306,0.2594224056940816,-0.06998033960690156,0.12079472840879771,-0.2791362098522051,0.024526917729516512,0.21447155463052703,-0.11194992576695091,0.17884395815212062,-0.21662126659915332,0.3872593132051121,0.07831893768300496,-0.3355194407785261
bigw,0.01006801209616933,0.10945027224049299,-0.1532173973404109,-0.14884683029454066,0.3157518056904975,-0.15041137826515208,-0.47303275052251115,0.25298075191447833,0.007097898345991688,0.1290167288469809,0.2976308698182892,0.0654626041542096,0.24861988969317916,-0.10808902640518125,0.1609596758501615,-0.23777795838365912,0.3769047948347773,0.09876631409529124,-0.33910028600418424
bigw,0.00960639591560402,0.11372895188953275,-0.16809978370602832,-0.13020859887537295,0.30274711369102925,-0.14728837237594017,-0.4725590133026906,0.24113082092023003,0.03221870956884022,0.1485141517887849,-0.2808699915072252,0.016613667385490142,0.2572107186906105,-0.0848402431366351,0.16171599198370443,-0.2068920923193883,0.4001077112695917,0.10386260915523116,-0.3627732463549721
bigw,0.0002243473318050549,0.02411280109616423,0.31628787749897214,0.10467914782918161,-0.3651640569130855,0.16297667183024714,0.3189354436445322,0.09177137042414535,-0.2631908453387338,0.11958029983658659,-0.358347429474219,0.05226130119674852,-0.30059058472731703,0.028407131333964438,-0.19990056529049532,0.0804153612853135,-0.3851379122817017,0.023894101008002898,0.34230275796739706
bigw,0.0018066504449380045,-0.1550119898906003,-0.3097767860786441,-0.1247936602975828,0.2664814051057007,-0.16753895152443427,0.38127553744649656,-0.2453313957173161,0.2479022651007951,-0.22834320277838902,0.19201365557010314,-0.14970231859162675,0.28158549270580335,-0.06805331155973234,0.25634973634382896,-0.07419356109081326,0.3443994673548774,-0.10376284533976211,-0.32000091261214675
bigw,0.001998219631516011,-0.18973018677778267,-0.310742965608238,-0.212799279974455,0.21734945938168543,-0.15045262365529322,0.43029965883394394,-0.11750988899832224,0.07425471340792851,-0.057823578619674465,-0.30614370456763923,0.015158998696662316,0.2397237101262707,-0.09749533009029378,0.2650054948840138,-0.13613694220097264,0.3925483968600374,-0.06857790665712205,-0.3687442762108271
bigw,-0.00020199891146454655,-0.10706147359883927,-0.10878703568229275,-0.24215821477017663,-0.061321578225174894,-0.12001064132071154,-0.4611643679812387,-0.041820009125754024,0.2106808024084782,0.015688378588311288,0.37408100983322135,0.03604704412423954,0.23903783486417435,-0.17100465654740366,0.21035781379219512,-0.21704739400982745,0.41193840562760964,0.06311292659698994,-0.38495658796342125
bigw,0.01192209151240517,-0.08972634005529133,-0.020219452820735107,-0.2857393187901498,-0.06045292966064241,-0.1409085181889449,-0.4712702680546184,-0.023386337416288146,0.25233149171811475,-0.00898035601257156,-0.33697603818832844,0.015378349589415963,0.22897313010098264,-0.1809350921799297,0.15635068552318473,-0.21453341566810305,0.42457652684436276,0.043771552436884714,-0.3852043252539168
bigw,0.0015970094255228565,-0.022513120021960376,0.334143096666775,-0.2382389492912533,-0.126632898366814,-0.11228997342266575,-0.4122023110664482,-0.0029814898927194872,0.39065340192111986,0.00392181386576251,0.31654961994321523,0.012110286938203953,0.226952450426042,-0.19467969057185192,0.03509825561671786,-0.20283717358953332,0.37238903319923305,0.025622287981885646,-0.3292884919235081
bigw,0.00503294198435345,-0.041724708617694395,0.1689788354827503,-0.26797431548659,-0.13283942931999748,-0.1731211429297672,-0.3153734917420115,-0.0751726940628051,0.3745786602152791,-0.05270188444385302,-0.4190801285931517,-0.028557137623306958,0.26961561322610045,-0.20238671557596324,0.09548708099276046,-0.20002087151049078,0.37342194693626,0.05052551742294383,-0.3476494693945476
bigw,-0.0006219774960307567,-0.13053118312067236,-0.14653152488126964,-0.33130889245313816,-0.048132617095213895,-0.3273666135543134,0.3642222676588599,-0.18247853698915661,0.14154776645040262,-0.313764058327912,-0.3194235873451203,-0.2520457339424677,0.07233527090749334,-0.03723728022711118,0.20774083615584324,-0.10819746663074803,0.3376085443028687,-0.12652792394365783,-0.3174424080105146
bigw,0.0008427441835379643,-0.12647745611185598,-0.15789013174412514,-0.3368740767425252,-0.03704314257203736,-0.3192869282093676,0.34525087797660214,-0.1614628421464258,0.08940180790538867,-0.3271400395780499,-0.27064332183598405,-0.31027300817965786,-0.2224539547639432,-0.03364816809691289,0.22961171279684214,-0.08984905440604961,0.31626847202623076,-0.10420550928266854,-0.30029641643914295
bigw,0.011521933728691877,-0.12096854810439406,-0.1929447536736989,-0.31169529561847714,-0.013526872488464304,-0.24712435602864233,0.2256844501963621,-0.2355479737425895,0.29765580554240484,-0.2382663870990841,0.3481203825929136,-0.09488925949966007,0.30974685283754444,-0.0578527609025308,0.2177261860595745,-0.11640774012390703,0.3601881878847786,-0.076286188083508,-0.3345937660881219
bigw,0.008411512565132583,-0.1259518592766662,-0.20013197539146632,-0.264929866215546,-0.011944354217970247,-0.18592581431738595,-0.42288087705432953,-0.1629400296917842,0.29304222161602483,-0.16520805834207442,0.265556430929868,-0.06136630986814234,0.30696268033623114,-0.10404861748145698,0.2113095002792597,-0.13076456183665597,0.38670819841257065,-0.03583910435594576,-0.35877887940932474
bigw,0.048916917452214215,-0.1389491625962376,-0.19207707846046096,-0.21952820640880316,-0.008463595082455262,-0.1511292032185676,-0.46932927377147515,-0.09239777943204618,0.2503826211196375,0.00537879715094185,-0.28604589513437195,0.003977521197865093,0.2633875366574589,-0.16230827632379305,0.22078860593558539,-0.15184845637649846,0.4219786812260344,0.02043112559245394,-0.39156541292910174
bigw,0.06584120599750612,-0.1428536218246455,-0.17254544883065134,-0.20723993775426142,0.003526412198409596,-0.1452449703191781,-0.48802245278146206,-0.083503943219029,0.23540073987721935,0.06154684026086049,0.2139303703066176,0.04029190753338585,0.25679797402439924,-0.18258893735325066,0.23537583056186195,-0.16264315114874714,0.434445269644648,0.034121156641840907,-0.4037184101149083
bigw,0.011996508557918414,-0.12357689396124315,-0.11571224259760611,-0.15975290085073432,-0.03500462230937933,-0.11801091619830059,-0.47962373611380754,-0.06581892297300858,0.21639962288258627,0.15307229923194204,-0.33721544882130483,0.06517244827264626,0.23351191499672777,-0.2048768729251385,0.2236955982594185,-0.17790488174959918,0.41681006227608663,0.07043136748617665,-0.3888321320075923
bigw,0.001993146381367883,-0.06012256206869417,0.01591468575674415,-0.0933930270011796,-0.13053687302123618,-0.05189345146378438,-0.45463423991603114,-0.03977126638257504,0.3174848977521715,0.20772583656237115,0.3542249596035411,0.07459856325031183,0.241954885717946,-0.18930820242439922,0.12110396566339088,-0.23932879201114673,0.4075957760667041,0.13412711182618647,-0.3660154890574103
bigw,-0.000367850578470264,-0.1240887085122135,-0.1959792380655947,-0.10605678027574482,0.07859377251438344,0.16340671607598237,-0.41131221476362473,-0.2488942728420147,0.0714724611241847,0.20322869594943876,-0.3345527776489095,0.13379412378303854,0.24606399105701574,-0.14581754574833802,0.15195284835608894,-0.2797910099608539,0.38944336456364625,0.202131845446538,-0.3449612644991117
bigw,0.001638221149508123,-0.2042593152549449,-0.27839923547459966,-0.16686279685305305,0.18860264525819678,0.2970532622593296,-0.29746006998391994,-0.3256357708631169,-0.2543469690375558,0.10296146991964462,-0.2249197405165375,-0.1053196076670108,0.04380178312176856,-0.11101508260602984,0.19113743381258647,-0.30857039437674644,0.3116066353706833,0.26375779284672535,-0.2914832471896672
bigw,0.0020831466862515123,-0.17292282553043647,-0.28208741937829157,-0.14689474029214436,0.04852917358350433,-0.04313092597502102,0.42003564278681377,-0.16361634892897564,0.21200427009975653,-0.002192696017687508,0.2695260775151306,0.10777443511924262,0.28855259071433315,-0.16351302255911232,0.2940726220726735,-0.250541968421973,0.36408240781417006,0.10791602602622033,-0.3589839800297887
bigw,0.001161138901907905,-0.1101503377313821,-0.18733309167623802,-0.3246805924210257,-0.046733635589122656,-0.33471262842592475,0.36890996545781524,-0.14335747342993674,0.18197337581340559,-0.2946503447775241,-0.2502827010651016,-0.13819922939386486,0.2576167075518338,-0.06252390029782624,0.2532817966803086,-0.08274231081078179,0.3496655036188702,-0.07871637940492142,-0.32416636862348075
bigw,0.010275340234103925,-0.07110935811113951,-0.17883954911086355,-0.3600818120787686,-0.05067365371708395,-0.2666931688599224,-0.40651196863331157,-0.12752719905034718,0.2775469321905788,-0.16407504212821677,0.26606930336194445,-0.019767790108122497,0.2929484696368477,-0.06211693606811315,0.2347737167078981,-0.11515473652994156,0.3615760535767534,-0.041709232989238926,-0.3352948530065031
bigw,0.006048617447647991,-0.029299798420333922,-0.12350375171881113,-0.36730867437747783,-0.06593868658026943,-0.22469335192735873,-0.43771826584529344,0.00263332977800513,0.25112015746984756,-0.10561075539559697,-0.3259812482203905,-0.027874392691879135,0.24808427206184458,-0.11468425582202987,0.19405854685725013,-0.17163399706792654,0.39012400947423503,0.024644790477304813,-0.3558909842613129
bigw,0.0022984361949008984,0.037322221371138664,0.0720429579344507,-0.33251583791132955,-0.10625768848377293,-0.1956274040066426,-0.4415543501946742,0.08108517481713144,0.31773005944176946,-0.0904406052599807,0.3384171290033063,-0.015554171329257706,0.2285205506718547,-0.1672214475866731,0.1039895927420554,-0.2189602067003472,0.3823632678041718,0.07076249043574177,-0.3430644462514059
bigw,0.03535506598587651,0.01471966815755997,-0.012427174169060171,-0.3343744278633072,-0.13434225504143307,-0.25757200070068603,-0.26393403083708156,0.002637003409557165,0.30359299728323497,-0.14868639112786391,-0.4384974887186633,-0.046420055484346384,0.2573482311706611,-0.12960596988940115,0.1666156940957499,-0.181466486503915,0.38935302507052816,0.013661788700724684,-0.3599347132669153
bigw,-0.001341323300897552,0.060063865655107886,0.12057332885597938,0.33333309772023817,0.10116623779140957,0.3338593673317977,-0.319365536501088,0.13166014264409917,-0.26876851820626585,0.2552110640854985,0.33218408237523256,0.14603468191101887,-0.2552059768095575,0.05356285364804922,-0.2105291929435519,0.10600071544453292,-0.35411384086708986,0.06486891560240476,0.3278933955103827
bigw,0.04580491739340995,-0.013383834686944825,-0.0803577831116713,-0.27619105091915985,-0.12912090147536934,-0.19190976051382738,-0.44942290113344885,-0.004091510871580835,0.30641487445748855,-0.04384382719913729,0.2682533678211879,0.005319828863575339,0.24560091610684573,-0.15691346144864982,0.2881478383826335,-0.19373774914739295,0.3904656298105935,0.07135194988539041,-0.36155578179814685
bigw,0.061497922215990264,-0.0002411868771822107,-0.0354622589686597,-0.2738546167604855,-0.15694991904757888,-0.1802997005704774,-0.46293336582035827,0.031129170893067985,0.30201182898356577,-0.015313428052249913,-0.2032201240186539,0.012445857238606499,0.23973956682129016,-0.16907270609568215,0.27266001924187877,-0.21694927322636426,0.40562608792429017,0.08917481496387182,-0.3721205252295489
bigw,0.0623049609091299,0.009042868876009079,0.005829059923802348,-0.26961804401880063,-0.17968753517598535,-0.17081610480696657,-0.467800904655998,0.05213316765938401,0.2997805801423367,0.0077097198260795245,0.20842898805534418,0.02008064147124273,0.23660385703977305,-0.17364154867812234,0.22122969055663425,-0.2345723555888673,0.4112218437102492,0.0988158483335053,-0.376068912504285
bigw,0.010330036207481443,0.03204247339196221,0.12016854635650188,-0.241082146660578,-0.18612255590532034,-0.136863531470368,-0.45014576831012193,0.0884636326836476,0.29797415059190724,0.055896550742823375,-0.3241132600394849,0.01879666629209708,0.22909840852481436,-0.17566604156115997,0.13011993931334392,-0.2528320975833778,0.39792710156376726,0.10968979530637757,-0.3615085954035312
bigw,-0.003902728874501201,-0.06213122246847136,-0.2827599047775449,0.20376507666621269,0.17519213068081796,0.10722836931109254,0.4151292592060997,-0.09839194979685115,-0.3473182461049797,-0.09282198568684104,-0.31058742865171857,-0.017875581611426536,-0.2390352267113283,0.1860608306166053,-0.05747635497084791,0.26165771499942275,-0.37013411592804696,-0.12362256285150948,0.32958507221638905
bigw,0.008051926083128859,0.022119088100313225,0.07380117011503773,-0.22073125431613974,-0.154498779302139,-0.19974724117081954,-0.4043944681531663,0.007794051994799056,0.33600823671231933,-0.10638748941430454,-0.4069752169324851,-0.07100503441781757,0.2636408965471364,-0.14802939897744427,0.14322520212244993,-0.20534186809527188,0.37358510240782905,0.06751180920296888,-0.3533629372667442
bigw,0.0017657315959552816,-0.06285293683868276,-0.13801007695625325,-0.29496499962531997,-0.06083181621407086,-0.35973907255135956,0.3715336804576137,-0.15735340483460455,0.2473598682891726,-0.3315253011209747,0.2499160648182711,-0.17799491781421256,0.23615629337346397,-0.0508607021376106,0.20186122177199103,-0.0799250276683604,0.33820152843861195,-0.06842514684791622,-0.3229509138310109
bigw,0.0077255763220866235,-0.09090602079277374,-0.1560146209968789,-0.32291871328695376,-0.051233729877365033,-0.37628821409978297,0.3653969527344528,-0.161979514337596,0.24166923488402622,-0.33030250127234473,-0.20945096662158386,-0.1763470128474784,0.23329938658976845,-0.020785898935632274,0.18669502258759957,-0.05080296295033925,0.34213835123929753,-0.09652878104517308,-0.31305622835603614
bigw,0.003305313254822065,-0.08992182746705848,-0.17558663488806092,-0.30873640568776567,-0.053178508825835295,-0.3154089701735822,0.25951047349745976,-0.17067270857304426,0.2838434490476415,-0.2546028960760554,0.3855512923761586,-0.11423036371912593,0.2640092554479708,-0.050534949316300315,0.2029014841252361,-0.08725527821622413,0.3549047372978453,-0.05852597665970443,-0.3308650164576184
bigw,0.002158628010839534,-0.1281134653196605,-0.22978092593374688,-0.18228449415700024,0.028374674831804513,0.005845963334295422,-0.4109367428437518,-0.1643204315491375,0.31402381070397456,-0.1290383406887445,0.40717720018921516,-0.006328348504621039,0.3305752505513465,-0.10861234398921467,0.2202115300611777,-0.1571567888269749,0.2716156698078995,0.11908964512489359,-0.37085027451958535
bigw,0.0019438010275705621,-0.2591064060682837,-0.23841630693272364,-0.048356184152146875,0.17247999988967133,0.2262947831535519,-0.34246704861746896,-0.15362352855945147,0.25176622715913966,-0.1532141831084427,0.3896348450640205,0.0300477422598104,0.32148420844114944,-0.19677893825098244,-0.0211702926805543,0.10502427973232059,-0.3993050508636778,0.15241639024525136,-0.27574274563091483
bigw,0.0015326100963482558,-0.29847155712696244,0.18041857800063954,0.26696161355952047,0.0010644945180867166,0.16311448297797768,0.3836774931493054,-0.1502692275823283,0.0625995932684869,-0.28419377313948574,0.2955529646011313,-0.04710109432205468,0.2443814186981869,-0.18865275454886474,0.19608266637395166,0.24311779954006574,-0.37111860044869266,0.17734959771989375,-0.27275455397045884
bigw,0.0027201605965331945,-0.22251950382450691,-0.25229647725476506,-0.10306547747661106,-0.014014233639372924,-0.11778270476383705,0.41577701384033205,-0.2190036811100433,0.19461623891789173,-0.12653629485388393,-0.4049755510111617,-0.12458507777510312,0.3890078747055862,0.03443824803410098,0.007425120549326645,-0.1489704739063706,-0.2730580204070339,-0.2316639943285551,-0.32388866572615477
bigw,0.0029606962659842156,-0.18511320649596452,-0.2557965809298189,-0.200881388512752,0.015398617957345043,-0.13282539114960037,0.4091081623190781,-0.21804370942962736,0.23688601512902852,-0.19692303022374033,-0.26656293424553457,-0.15500137629554409,0.3710422874735679,0.044056548935801076,0.03982275786938062,-0.08368103080458539,0.3743013465630691,-0.28210249633654544,-0.2632407594721611
bigw,0.007302015566801644,-0.17779551653457118,-0.2536170655762888,-0.21826980227910067,0.03576610178300908,-0.09396539345882757,0.2709767043393673,-0.2360961998474459,0.2848587409475906,-0.26224943142916507,0.3995442605581152,-0.1664394153605168,0.33962950328679636,0.06532658442512215,0.04135746430557951,-0.04239514004222339,0.35217112357329633,-0.2500442310935149,-0.26499019472409985
bigw,0.004648278073613628,-0.17694395807596552,-0.2580025159739966,-0.2269046873933128,0.04860316213692315,-0.08209391447703082,-0.40485820893138114,-0.2294538367987614,0.2793151777142904,-0.2725723292112941,0.2444788233573851,-0.17051295704275296,0.33864096155366685,0.06973502436388261,0.02995320948065468,-0.04652167254648316,0.3560978543244124,-0.24667948140547766,-0.27122518168894183
bigw,0.0027118580764819056,-0.18016000339369137,-0.26679432175659545,-0.22583880770950288,0.05007821832206255,-0.0481508276271176,-0.4056454110654693,-0.21139572032136034,0.26923751552292874,-0.25747524672213673,-0.295715081443529,-0.1556967060721989,0.34326244179098825,0.05008372702387183,0.0036697785671268596,-0.03622031677105764,0.37568967260154407,-0.20523564751564172,-0.2754974341878592
bigw,0.02144685605949749,-0.2021543983527992,-0.29911984380075207,-0.18995205732368678,0.13104503961469988,0.0787589391291753,-0.3958028727964762,-0.21270696458794308,0.2887158935701344,-0.253932255392906,0.400893903322365,-0.12501820113792117,0.3380040171013217,-0.04505040961403052,-0.03928677663835767,0.017871756747593226,0.27042935013650155,-0.02673670732715911,-0.30352804499851055
bigw,0.0021213358861123083,-0.2501333632034924,-0.2846357287008948,-0.09435796212444719,0.17159645402482107,0.17790022157864832,-0.38781521752940834,-0.18680935211749267,0.23786155408124837,-0.20302725943752123,0.29484120959314436,-0.08376952415057663,0.31980116996549135,-0.15283220470636164,-0.007212552022743017,0.060750030063787125,-0.3773885837871546,0.14797512312176042,-0.3401197895569254
bigw,0.005695836378819368,-0.3217255040085468,-0.10295534260294596,0.09741020126218858,0.0982555089851377,0.22599219025896305,-0.39104924260313934,-0.15741402787584477,0.1343922889734036,-0.13167427464194117,-0.2574516940679974,-0.04530042325405946,0.29400499579797573,-0.24211362917897902,-0.023335977838327512,0.20881375037615607,-0.3536336638142828,0.29512042810788425,-0.36453725631886164
bigw,0.02991123671682157,-0.3338743793634482,-0.05468632092136408,0.13823461852298413,0.05291438840627997,0.2354536839529301,-0.3894163680136819,-0.15734207408030051,0.11852524525837792,-0.11691912348879702,0.3869140866668887,-0.03294266120328242,0.28686838197161474,-0.2379769369718079,0.08937722405752326,0.20273482543537005,-0.21678568792023845,0.3043387007827616,-0.35446886606539785
bigw,0.0010312639547160674,-0.3463698427590867,-0.11231135982764195,0.1348137316272531,0.09926008503770221,0.284531689858172,-0.3847945357743105,-0.16436577179638456,0.14333642353743536,-0.05364037007454715,0.38141035646426563,-0.003672745726869366,0.29290955463149215,-0.2232826639378797,0.2728149059853349,0.027796722116852073,0.23819471914423496,0.22424936178324653,-0.3107399305695538
bigw,0.002046454102964046,-0.3641150981088494,0.10459025951810738,-0.12559675517216476,0.03194486373071916,0.18519516071056574,-0.15632467756767152,-0.08221972054407453,-0.005691342835859135,-0.10337168209259265,0.5149851145197798,0.17789469599135865,0.261376564852182,-0.18217199108014848,-0.3867604461742623,-0.26377403559988905,0.03333464286547381,-0.37441972714884947,0.06819804804722122
bigw,0.001130135934601504,-0.3489972910162276,-0.23044965697746633,0.05022336021619403,0.2021698821707799,0.291704316492427,0.3751112647255905,-0.16174702500927912,0.15541541132107178,-0.020158184018470096,0.37451422454303596,0.007108485250043142,0.2870759064148784,-0.2652138970187942,0.10697851470564218,0.055857062009308706,0.2127352933139472,0.26785328154924176,-0.283809805934864
bigw,0.00246954793885915,-0.3487927263182412,-0.07380191694650662,0.16195902571946855,0.09474638304997778,0.2152494146868506,0.39353547600277666,-0.1777966978096393,0.11966156188927733,-0.13247697366598538,0.37432772887418697,-0.02395397871781645,0.29148945578228674,-0.23993543824421718,0.10072264176232539,0.2025602123121953,-0.3040588366690651,0.23453850629516854,-0.30189433017319917
bigw,0.01081389893380381,-0.29229092163964476,-0.21467136059116257,0.023200736959987193,-0.02267025983401778,0.07900726559694898,0.4253912040843405,-0.22821316628714605,0.22974837357994296,-0.15113246621246265,-0.4339726334032616,-0.06219126400696102,0.3470799886254279,-0.035779367334343753,0.24192234685380665,-0.034836359313788826,0.24483410541446315,-0.13765420191480512,-0.31614317022674565
bigw,-0.002163643147299227,-0.2494388677096061,-0.25727334061912677,-0.08158566685408229,-0.012914317064665426,-0.0020433350064039896,0.42742427830300533,-0.23470012336366486,0.26261028652832175,-0.18705358381698253,-0.3068608880085651,-0.09283994666400408,0.3582594577317158,0.03256502034689369,0.10269615740669133,-0.07280690830425839,0.37445921205369587,-0.1736404811481202,-0.3234553934093985
bigw,0.00023411580650361106,-0.19064902530919522,-0.30175848051503107,-0.21882763564234514,0.09480196356130347,-0.01911997981213552,0.30598220254586406,-0.20988580533777612,0.28688851206201704,-0.2561288360333178,0.40279823111595275,-0.11187335188144841,0.33468668715021926,0.0467543933888137,-0.011893080616659365,-0.06875372485630692,0.3407088230039545,-0.18876452014366674,-0.29021683288516825
bigw,0.005808889836345673,-0.17714091099235274,-0.27631748640021664,-0.20819381047218308,0.055516662208635575,-0.010556182129662493,-0.39178631664422986,-0.19155996340906345,0.2596268633507428,-0.23687254989271275,0.38382917774593783,-0.08716113871229025,0.31811568752506647,-0.09313520175786394,-0.18973931566663843,0.13260454913709602,-0.23044922268044848,0.24746279798240378,-0.31512185753271943
bigw,0.009936261113841669,-0.174021449469687,-0.27084091140422367,-0.21219322852691555,0.018856744555466397,-0.03468786731334248,-0.241849006021374,-0.2085824924748418,0.2782865985789086,-0.21736812735893368,0.4110076266483799,-0.06376417526407764,0.34210912482664796,-0.1399736023184558,0.2720208381421368,-0.12138566474888615,0.3761325230004794,0.054634231334112944,-0.28332352725937726
bigw,0.004165118598471763,-0.1498201783691003,-0.1792139294130528,-0.19824684912731078,-0.1353006923208352,-0.06910787704681923,0.32384254950227154,-0.15344051755165578,0.25929152970491176,-0.07765652850379523,0.4239475982356091,0.04536049117835014,0.2911249870173596,-0.19115245385780938,0.28055058458636856,-0.29514688963303953,0.31420534720294413,0.11615334706179871,-0.31662689913846886
bigw,0.0019127584775806609,-0.10584128650113638,0.0562466937696946,-0.1284871985753128,-0.3979328472083476,-0.045868212860495805,-0.3192813320813513,-0.09581921271482963,0.31307168552231396,0.09658859900685395,0.4198709782146499,0.0825192973981272,0.26800361163416897,-0.18868816680894385,0.10635804030870176,-0.16887887435809776,0.38701857163087344,0.11679330106111616,-0.310514104937998
bigw,0.0047148196664876085,-0.12197092117747177,-0.06765204722663068,-0.1826349705144675,-0.27080347648007075,-0.20616397487156746,0.41466641501303714,-0.11156771575642813,0.2530247396786387,-0.056629363631453204,0.29834225589727903,0.009859355501464806,0.27708932523528607,-0.18501986260480063,0.28120231678362695,-0.19966424064197877,0.35737129327596284,0.12871379484656473,-0.3411604811765374
bigw,0.02327084399737954,-0.13045829941251352,-0.12237641133621843,-0.22800505441558325,-0.15212163346184585,-0.29355674976158236,0.38310398030164033,-0.13012943465735793,0.20027566452981665,-0.24677208300623654,-0.2819282196771681,-0.0901100115629197,0.2596132301562839,-0.12776713470165085,0.31875093111942576,-0.14306798217281158,0.35270357086742277,0.04511917465839474,-0.34951351137199715
bigw,0.002722333059949747,-0.13206924582022395,-0.13400751688352391,-0.2585517503646547,-0.1048547365168152,-0.3263382752668634,0.3659318884405953,-0.1596635872925048,0.1922762970944926,-0.34362099997201634,0.38619576229762315,-0.11834385924170304,0.23737292298502294,-0.05606748450070558,0.2886850360532414,-0.07716953619914851,0.21186174412872014,-0.020746206676334675,-0.329489662977346
bigw,0.002879836498261512,-0.13010826056177083,-0.14268748640311496,-0.2862366213566667,-0.09882939344905588,-0.33164765209603636,0.36151739142360034,-0.18029665864258662,0.22172383842496995,-0.3570360786266747,0.3619429679606023,-0.11851539780593141,0.23823634008758532,-0.010676008041258154,0.23315045589109873,-0.05609228179701783,-0.2297860823328474,-0.0571734539229084,-0.3251004517516075
bigw,0.005527011817184346,-0.13233606215104232,-0.1627563227541301,-0.23099407693654658,-0.1043815996881492,-0.2092504315625765,0.28567281397389127,-0.19377636226706385,0.2782646566276787,-0.19322277386913378,0.39000692313389274,-0.019162021719463188,0.30950271303253923,-0.08591160865456902,0.2631941414067106,-0.11296624138437554,0.3815151993568381,0.007810837762543478,-0.36158100751216143
bigw,0.004919684300849077,-0.13533187090974652,-0.11996052780844779,-0.12665975826557568,-0.17217891582061115,-0.08399158969160257,-0.43317094292564934,-0.1632008412699837,0.27835111748711067,0.04541955509444859,0.3322004804646567,0.0598639499694814,0.29121875799691677,-0.17838903921676888,0.2337355892686055,-0.17439323356657824,0.39329131635003123,0.11448240639589606,-0.3705894796219271
bigw,0.05149765208590018,-0.13509166343945395,-0.05841968732733733,-0.0484536295728644,-0.18673906152724792,-0.0442169783484208,-0.45422262710640415,-0.13883355317776533,0.2909887237056013,0.2004896313009634,-0.19408468547521615,0.10348818403117246,0.2587920497178582,-0.22667365679975174,0.20888701288279196,-0.2077106749575506,0.40896904858751965,0.16776787838586682,-0.3738814473130147
bigw,0.0023326587685807095,-0.14404354581655085,-0.08351605076394009,-0.02459382036131603,-0.1124550139699148,-0.04128483127725754,-0.35185605831280387,-0.1434650430768846,0.28785969660773414,0.19453750151425814,0.4350017812188293,0.10464464309349783,0.26183958368924304,-0.2056100093575149,0.20905000829298512,-0.1927467533947934,0.3903685859047111,0.14273585802961497,-0.35721321988887833
bigw,0.000562971890130013,-0.12022593390497854,-0.11183530877444436,-0.29629719370690577,-0.15976452945110145,-0.2986550466506791,0.29281896856048617,-0.17553139338046822,0.2562282769813623,-0.24626934455212451,0.38372583898393453,-0.052951859633825954,0.2524451687748717,-0.07731449345752948,0.23695196409232958,-0.11077478985297456,0.36444694411438805,-0.04119191192540917,-0.3240063768683147
bigw,0.0012798629625480574,-0.11259387908449803,0.04228688471189923,0.062468453089949194,-0.16370950021412667,-0.03150329141319983,-0.34694842465757364,-0.09519322704901335,0.2932317018203189,0.2645046174277253,0.4303023979416788,0.09310619627703427,0.24154642948461114,-0.22746798661160547,0.1711400028751313,-0.24769134698590667,0.3637578621323046,0.18780371522056383,-0.3260539636502617
bigw,0.001508073040313369,-0.10063029351614652,-0.09948500137468008,-0.2212398492648159,-0.17209320253460297,-0.2970186243773502,0.34375896795089556,-0.17983336628537971,0.2822055254002414,-0.22789310247838432,0.3733276563073553,-0.03901501254098112,0.25817661569107936,-0.07875870354145019,0.23207772793298187,-0.08522602897089752,0.3795656329165537,-0.03867070959585974,-0.3326630906949559
bigw,0.007584776523945481,-0.16245324096710484,-0.03704378918510326,0.08482868677284977,-0.19963881686394347,0.0403990619018371,-0.4288154793328589,-0.21076126206410292,0.2526335869209648,0.24738044651847013,-0.24420977530983523,0.14578888435345502,0.25547399288167255,-0.20414521469721897,0.24455331487136084,-0.2191693513639486,0.3667216965717616,0.15901102293373398,-0.338796894606781
bigw,0.003810157566560345,-0.16795194126974422,0.10211162898787873,0.17379021143201354,-0.23028197317527355,0.056426936638186605,-0.33039181834123216,-0.19078201435786749,0.275320672884395,0.32951102347073435,0.322504101824447,0.1524569750515786,0.21301482978962324,-0.2034550026957693,0.18734004043508168,-0.2696929151593297,0.3094625834826523,0.19420052277489305,-0.29946660072424175
bigw,-0.004300856856068935,-0.15521358195965582,-0.10471359814942538,-0.10320914334108863,-0.148645727442571,-0.23878821928445176,0.4104280766811189,-0.16828806542893562,0.23385725661976034,-0.13300990101248084,0.39500200487215315,0.002904602500896355,0.24273188318464714,-0.1531860762791764,0.2926662117850959,-0.10438153634309698,0.3866120344903554,0.03340322283921567,-0.34708783466141613
bigw,0.0015792754181460915,-0.12274630442147108,-0.1380276054195666,-0.2944152170239696,-0.11645991034098473,-0.30199660966764075,0.273841006700776,-0.1832741040173792,0.25398089796251255,-0.3198149594486816,0.36774655067714906,-0.07576280152147002,0.237805697771815,-0.06776665246688525,0.23668674386612246,-0.08861850940459515,0.3596982652006075,-0.06197534671839147,-0.3159925722390108
bigw,0.008272943117156262,-0.1818981150984546,-0.17038355773408936,-0.04995548491935433,-0.09507546421684215,0.055406764337643744,-0.42493397839073255,-0.22506034560894567,0.27949023930096706,0.06393064032398968,0.3007400576510045,0.1254504418293858,0.2921279160648906,-0.1813708309061653,0.2575124910989138,-0.1756121362419209,0.39467269293405466,0.09869015212905394,-0.35039930059662083
bigw,0.003816679757865504,-0.2073278590985589,-0.11415714693831915,0.07262053565659417,-0.10929347738307388,0.11245784687020761,-0.39860448988170855,-0.23720237043157263,0.21315369427959957,0.2662518569644773,-0.28405518346990793,0.16941181617305923,0.23813653657450198,-0.20523172453036095,0.23648916631520409,-0.2501837711637669,0.3461346923564414,0.1799186424419418,-0.322066621214304
bigw,0.022454940465782225,-0.2160465386629322,-0.057483164892570514,0.1327577924443873,-0.11764891817972205,0.12866884654976904,-0.3786795997848872,-0.2487390344150101,0.19175589982911925,0.3581948912131344,0.21750456664604137,0.1775540096014329,0.20999179396925627,-0.20631791887364898,0.20864256638539455,-0.29640136582442705,0.31248391573809753,0.21671803838353293,-0.3002649825034019
bigw,0.0012879135478465792,-0.230913039200488,-0.09120335799855672,0.12058495044301155,-0.09024785317352632,0.145954412374219,-0.3773325932303774,-0.2682779347254509,0.1890118890563085,0.32587333384707845,-0.321459417282406,0.14718042388739155,0.17887434041861802,-0.19450388403508354,0.19690845414445357,-0.2295622489541579,0.33281978419867175,0.21737571924355112,-0.3062387266964259
bigw,0.0010255907050980145,-0.26170570878270216,-0.2389982684677702,-0.00020618575679249809,0.10530679210373466,0.2792114143054794,-0.3535940722586046,-0.2089987363086452,0.23027483271120475,0.13816257876627708,0.3562343326860292,-0.022833800762455538,0.27336376204030893,-0.20322404525852075,0.12111482243075601,-0.1470412689338,0.21680883627762018,0.32670482012733604,-0.3332156196294077
bigw,0.0015288741635825092,-0.2985007179009768,-0.2538952383865417,-0.03403327178693824,0.14507387747467027,0.31980393439477006,-0.37401597293291605,-0.1743502872349624,0.28250962301591215,-0.026160661123229186,0.3405883393379785,0.12106320565861031,0.30728786552182463,-0.3035217964613024,-0.09086544621252444,-0.031847292665212384,-0.2576234509567742,0.1758338031621774,-0.21773163148630395
bigw,0.0006087197984293302,-0.31857243463725904,0.1666723723758934,0.01157365898359234,-0.09142569989164706,0.08510999755740957,-0.9058970477436364,-0.05567956315627533,0.0024565327204653987,-0.01565792195736137,0.060951128831312595,0.06870340966752814,-0.0046231088299380045,-0.05544180024947848,-0.04206640330376905,0.01823489766368045,0.10618251427175956,-0.0648236937390512,-0.04342151573924314
qwe,0.0023540670386852447,-0.08147115475966314,-0.28786444576544135,-0.1399156401695149,0.014144351858070114,0.35439430524313104,-0.37210042529682097,-0.04796471578420163,-0.3323976839573636,-0.006653625555895948,-0.28592512102725615,0.2648187741957307,-0.37405779638643893,-0.02012526930974223,0.11232356599053595,-0.20260634607558758,0.24539969114808452,0.1986772910281718,-0.2612793501759194
qwe,0.0002694940363017138,-0.0833304981637813,-0.278465360338519,-0.1356476315805688,0.006459645839944197,0.3423390365227773,-0.3535255221843397,-0.051945496361395664,-0.32669075786845286,-0.003571187077747312,-0.27818648326425305,0.2611530148414195,-0.3197710628172036,-0.02680323459650681,0.08683907859169368,-0.23716295356771971,-0.28456826423330606,0.2661099985610804,-0.28515843156059434
qwe,0.0001081126784322368,-0.05237209922771915,-0.0687928760347476,-0.266858004466089,-0.2499641065048609,0.30276051394689923,-0.3199080919642357,-0.0366364847539311,-0.32366554365963635,0.004107054469462953,-0.2634114264406142,0.2648342012788947,0.30602346929221974,-0.00020584124100326212,0.29576449300101654,-0.3079692013233676,0.1570273190063951,0.27118978081856254,-0.21215459899306127
qwe,0.0011273381347573163,-0.03873137232155025,-0.10069527687485591,-0.2696786953220919,-0.18845266193155277,0.3070121090619234,-0.32301080160892126,-0.03326670309713552,-0.32472175317326074,-0.0053758390333059,-0.2599615650008119,0.26687216172222783,0.3103743892171481,-0.01027934847152467,0.2632662014306976,-0.3142244388024073,-0.3027737111436069,0.22244864457281177,-0.17466262172350921
qwe,0.005784943702425327,-0.06021921874530398,-0.2196261747895345,-0.2163796555717794,-0.06250024059681906,0.3204071998310561,-0.3462514908170971,-0.036922684676622096,-0.33657335468394506,-0.013280071906056946,-0.2666335036004552,0.2675010901922527,0.23711947585746368,-0.04385233161942348,-0.025382497034955914,-0.3129490097867632,-0.2430807381541174,-0.3062411863935857,0.32830964391009526
qwe,0.0005475053699639221,-0.0793066899042179,-0.3195788014383383,-0.15605034032757803,0.1433216996046702,0.31959508862877256,-0.3733130049173517,-0.055945708329197985,-0.36450508145963273,-0.0072068160691865155,-0.2723884674578222,0.24913653024139698,-0.3435731271371337,-0.08919097120927169,-0.19405480037864556,-0.3131230502662837,-0.1975429972961336,0.10961163141299847,-0.1418954491479015
qwe,0.0010575018406630975,-0.04938562792584019,-0.20759385725560597,-0.2428970161295939,-0.13135244885552672,0.33782719739842737,-0.35346986111025624,-0.031259414727955535,-0.29630284146067015,-0.037038475197466704,-0.2798769630195053,0.2855211889247693,0.2794417682292519,-0.002922405397010863,0.20202634842913042,-0.3572053861093897,0.251544532092487,0.20777047159634066,-0.19025675424378521
qwe,-0.00029212674198628716,-0.039885285685382826,-0.23616896327517028,-0.2341901920300562,-0.11082877183978837,0.3730857201793616,-0.37238588599810457,0.03519018476680586,-0.02585914617040984,-0.151838669457422,0.15193839971547396,0.30354501527856836,-0.3205557872107136,0.03662080511095205,0.020073845167894868,-0.27676828839535167,-0.36310748032673706,0.2877328014216289,-0.24842763853303074
qwe,0.02254397148612941,-0.03767060325785553,-0.2303883127539966,-0.2324374117614565,-0.10725167598748984,0.3690351149247443,-0.3646651936679623,0.058851674364410946,0.048587692116076074,-0.17432562438092708,-0.3490130466764964,0.33331555923934747,-0.12324889239652087,0.04017494556503469,-0.008580095059773796,-0.23770154647066546,-0.3481567592646076,0.29057627320067314,-0.25030726131499603
qwe,0.006307122194438552,-0.035983830597648266,-0.22394088297438688,-0.23500169279814825,-0.10454080196715881,0.36501582255023596,-0.35887157146671644,0.07179459377892608,0.10095798128535612,-0.1949769893165344,-0.330712455355894,0.3579140171802203,0.12357785551177912,0.04137786986672744,-0.028398270367314446,-0.20031884509625617,-0.3379061246526769,0.2980884263227416,-0.2618865472987718
qwe,0.0002456492112624347,-0.03536864969114759,-0.1818986930667862,-0.27323952139562036,-0.13198557469653457,0.3529671976262023,-0.3470456870095839,0.09929736959597904,0.1319060530062713,-0.2378819355443002,0.24660065483525245,0.28032495923671835,-0.3095137442225307,0.03438517923547863,-0.0787300985633791,-0.13942659631543405,-0.3187591982343919,0.31348093075745304,-0.2877800656803138
qwe,0.006662617553206376,-0.060739189910605146,-0.26725921657829355,-0.20933447919547746,0.023104664485808266,0.29205701022879027,-0.39434287629913034,-0.04673458927213646,-0.2566281614445583,-0.12282102226191907,-0.32694078698597995,0.2565337644904872,-0.24791557779128107,-0.008241373522569036,-0.09863139393719635,-0.1965653373953244,-0.3147889490843721,0.3375048017097492,-0.24698220687742956
qwe,0.009327036357928066,-0.09014068380263018,-0.2877129878110602,-0.16190950773047108,0.032847713471622485,0.2751011814796358,-0.25376580149839695,-0.07680757902408822,-0.24214581917567532,-0.0757775937945299,-0.3296202576829216,0.24708277215645724,-0.26932178462478634,-0.0353138009660354,-0.10116268462862346,-0.1849538054425402,-0.3293319810411178,0.3443946447346273,0.395548381770115
qwe,0.007852504939224193,-0.13146925055764624,-0.3001586941237546,-0.10771401110155616,0.038574796834138635,0.2630607309448126,0.2827399749938673,-0.10793041468045228,-0.18722423009656036,-0.019068191930977387,-0.3264913753718633,0.2560883531645133,-0.28416740691935904,-0.06452804490777046,-0.09989332710809828,-0.153724039017514,-0.34167380607949543,0.33736475070828237,0.4025709611201878
qwe,0.009364451347744007,-0.1670712812119202,-0.29665649404541816,-0.055160100277466706,0.025587046977503986,0.24806282989300055,-0.40187525867938195,-0.14235139804037958,-0.1386477642991485,0.0232850930035793,-0.30029892022072646,0.130865679985164,0.3158777100896844,-0.08646842573200411,-0.09278459869351414,-0.1267561615236772,-0.3384193811669469,0.3204081388350395,0.40111173614945894
qwe,-0.0013873286741108515,-0.23195031626554574,-0.30383562725654867,0.013025698134900168,0.06708139160403045,0.18479964500147353,0.2605041098749465,-0.18948711295979756,-0.06390431659160133,0.13838455436866073,-0.33501745590483556,0.29474243335467304,0.31417489269040727,-0.13424958270577655,-0.08909147828266466,-0.14074871552850957,-0.33714306543870887,0.2881438488449436,-0.38442455673748116
qwe,0.004157114146535891,-0.2203481319231203,-0.30016085969494294,-0.08763865006403058,0.02923448598882025,0.23706288131913283,-0.3924753455530361,-0.15654091008619797,-0.046110705113969475,0.14664283441199202,-0.35164786623800065,0.27422824952080227,0.3083601483872451,-0.15155074810982064,-0.07382287918520858,-0.16757502482788053,-0.34387729337676654,0.2668626466984345,-0.2335261296522997
qwe,0.03753033201287903,-0.21469749425929105,-0.3004219552689333,-0.10606096677724668,0.032072792360923766,0.2462199672538486,-0.40085476606604925,-0.15058341016411292,-0.04579477341841163,0.1308935917838464,-0.35975403879232437,0.29374878116828324,0.3140648979020016,-0.1501214300019947,-0.0739238912852492,-0.1639687614461975,-0.34811595294789727,0.2704279765992397,0.1568711155486583
qwe,0.02271066026255672,-0.20804329886440248,-0.2932023583956179,-0.10670288512066044,0.028815087564924048,0.2427162468325102,-0.394487383153729,-0.14983432531363103,-0.04912569478150457,0.12363799843356622,-0.3514631478038084,0.29082010908941575,0.30888324061764283,-0.14538889476098735,-0.06747479877480653,-0.15843381750582222,-0.3327242791817468,0.26613459083050833,-0.26079955094275453
qwe,0.0037991566228849404,-0.2073727758619608,-0.2929307788447466,-0.10052101313970097,0.03478669776160214,0.2510949035352344,-0.39291981304338186,-0.1572944314829994,-0.062155391127545076,0.107842608763855,-0.34443897906420884,0.3043279642613506,0.31087674458640585,-0.1421150300284536,-0.06389031738131018,-0.14674854248267308,-0.3353146880727876,0.27288499150622125,0.24817331614273688
qwe,0.0338860900657042,-0.21615495755959468,-0.3008125475372975,-0.0881383483119939,0.028898387446250735,0.26672606691690465,-0.39516608551264565,-0.1649006300673744,-0.07151371058486784,0.09333002444455711,-0.34274416605409835,0.3239793472809284,0.31956208809647163,-0.14418548790259994,-0.06518279521236166,-0.1386822927066365,-0.3372232286234336,0.28214753357551603,-0.15399848286901388
qwe,0.0005451943418783147,-0.19777049441532835,-0.3264650383715819,-0.04929432528282511,0.20701719501495078,0.25659120821881215,-0.21701133512142323,-0.17397920132253689,-0.12176204320848355,0.02652281810683917,-0.3012762100735395,0.31341519219260466,0.3225786484964564,-0.13442810463091137,-0.07821315323625397,-0.12871285540321,-0.3150478248269643,0.2871445205630785,0.36711637683479686
qwe,0.004479708684290777,-0.21760518107040838,-0.3145269950256588,-0.007094243341145196,0.11097478620440412,0.20451326665093475,0.22188588056301128,-0.15698599286136777,-0.08446307634379291,0.04905555611367226,-0.32734592083734926,0.3141141982300807,0.34608240465125756,-0.1552749145058097,-0.07288132021677163,-0.1224489933138098,-0.3425313302670067,0.27890939855576746,0.38856263736320307
qwe,1.257459145870546e-06,-0.16064288011919584,-0.33679951598120383,-0.033907345117137826,0.25238102455135497,0.2544604122195098,-0.20987564023568112,-0.24446581773926968,-0.05609034286146451,-0.06112718204838535,-0.32640787967572277,0.3023451950677727,0.3107138652207353,-0.11626548199078665,-0.07030443271257932,-0.1223690880197427,-0.3034280499161385,0.28757668841016776,0.3431743745693284
qwe,0.005909785698222106,-0.14466169613721505,-0.343583939500885,-0.028893279584746554,0.277392402021548,0.25304933477493036,0.0794916003634707,-0.3285031390715838,-0.08457557652838517,-0.033595634255485944,-0.3280153303164508,0.2596355996989372,0.31100332352018667,-0.10170823482577004,-0.07271349276895661,-0.12172564884596837,-0.29906088714084766,0.2917199208354405,0.3463786518911862
qwe,0.003832370745202915,-0.14553512651324715,-0.33897904587448524,-0.0280464419343089,0.26634426373356085,0.2504002783447648,-0.13106427450661787,-0.3304615294973399,-0.10976498594423513,-0.04140790968352178,-0.32180580096626915,0.25013427023060686,0.3211784686588993,-0.10062999971806609,-0.07181952362968659,-0.12075107475831594,-0.2970793352653922,0.28907569900325975,0.34405383467277467
qwe,0.00033763810114920557,-0.15327991778672098,-0.33970087243973834,-0.03461933877248252,0.2486132785757411,0.25424658096071695,0.218110944373389,-0.2745745760561532,-0.04809189474557314,-0.04202322802448605,-0.33640784268517254,0.27383567126776875,0.29411138577846724,-0.10627602709301436,-0.06680209061931758,-0.12043964423997583,-0.3055509843485832,0.29175932897667106,0.3507312152843244
qwe,0.0004727887248093935,-0.14587671660613638,-0.28378756913535474,-0.13990400013394882,0.09389344107421992,0.32500482167091743,-0.3655698638871514,-0.08974192676908141,0.013889417051395661,-0.2098852953345136,-0.3282645036900897,-0.29736550295549674,0.24444685199336336,-0.07018855823091347,-0.053276647016932396,-0.12298493991295119,-0.33221750746198714,0.3500755679174544,0.2578334145216161
qwe,0.001160778459702751,-0.14032169313289072,0.04530520114346037,-0.3183823297758308,-0.1444829042120174,0.3136842718249748,-0.3346778273121201,-0.053809498361432895,0.2733020723850373,-0.30864278587301913,-0.32455605077455685,-0.2695970656164123,0.2023604775667351,-0.0431132438801902,-0.013605846693368654,-0.10113786114126351,-0.3145769665162579,0.33459627629262145,-0.17493620113743144
qwe,0.0009837953448833562,-0.12801067127617508,-0.011956768531694362,-0.33578943251646,-0.11231843464103758,0.32252616245078103,-0.2316071579864095,0.03256668789455747,0.17092437091240936,-0.32826185247141376,-0.26808880541287045,-0.268577774628759,0.23032406065566868,-0.054624955551424104,-0.022408702480444444,-0.12041343610127818,-0.3213251900669547,0.34356262590193365,0.35507515659770894
qwe,0.044434257505192754,-0.18076999540144972,-0.19472243378620965,-0.2305455452339041,0.01643010996943374,0.23780540335757508,0.3621327843155723,-0.11665077639542235,0.23859391070425626,-0.09230026891138997,-0.2735205754392433,-0.25973442579065287,0.3080593749712503,-0.08420051305523946,-0.03722968699385979,-0.19006824977094033,-0.31120471565608465,0.3080354742354059,0.36841121742623234
qwe,0.01022825050118289,-0.19453908186164717,-0.2226297569146678,-0.19722947188764292,0.04763176743602262,0.23262938090790666,0.3659304007855358,-0.12515074453980743,0.22640870521119466,-0.023954867473576988,0.37525304647346885,0.35172206600760625,0.3183918904988562,-0.10296391233205052,-0.03704107470171439,-0.20023082472673018,-0.30645610346673036,0.288617578240956,0.14396268861703448
qwe,0.0014738576328911861,-0.23330344443079643,-0.27532529124708527,-0.09670839847489113,0.0260306086477965,0.2450993488026616,0.24128129277221735,-0.1520653908249883,0.2139985177805535,0.1105386216322687,0.3747934491923368,0.27392655753475886,0.3302629791438688,-0.18701553945139535,-0.015541245026208813,-0.1737426805193885,-0.3166498492020562,0.24832535922254279,-0.32922939580820915
qwe,0.0005013796202099687,-0.2623483227368885,-0.21032872649609113,-0.04661807920892511,-0.25648325391261323,0.2607498956621195,-0.3703222266914404,-0.13945200989869402,0.23775755513612118,0.18926986945436497,0.3479944868709015,0.25025175781725295,0.3214139549305773,-0.20413133695460764,0.1408039025314962,-0.12878029011694142,-0.20967650522789844,0.1358233538459461,-0.2729938782457561
qwe,0.0022849511690292592,-0.2437889858297598,-0.18567668444842367,-0.10926364525000896,-0.3015562447579719,0.2671222502344284,-0.24006419100905488,-0.1071989236652898,0.18589230519325775,0.19439258235357385,0.35773028150552316,0.2398862536447775,0.31929791546325126,-0.2231059125940391,0.22139548121167785,-0.12312787622727504,0.3638242894201911,0.07439328072810317,-0.22599238185848347
qwe,0.0045418155729094745,-0.24551806870667559,-0.18167151552728542,-0.11456374004914195,-0.32041458046406834,0.25972440542735936,0.381163729955803,-0.07670577494623783,0.20409807009869008,0.22150220480693483,0.3420396460068412,0.23214431290506646,0.3133813006484134,-0.21342082707115903,0.22625915886153963,-0.12073505622718622,0.19505286510792402,0.08796444816565524,-0.23534759023282842
qwe,0.00042202363433836644,-0.29913556144589964,-0.20832515909412963,-0.006027549182395646,-0.27062640468214305,0.19513867569551083,0.2665413897846776,-0.05738290859409863,0.21048056584624983,0.22438771967872864,0.38271960018821055,0.22572971153795507,0.335324886423531,-0.23955445544937343,0.12593426281512493,0.06215252316434104,-0.361160362625139,0.0351125534943213,-0.2610096659033018
qwe,0.008552941787284885,-0.3224060097944093,-0.18875731893961953,0.04336459045548519,-0.29969613071682005,0.2175407464784435,-0.2218607369192551,-0.018572453336098235,0.19955311023247876,0.27351733089947455,0.36675234025772474,0.20792698548918545,0.31409747103047275,-0.24531744081279067,0.08316948744801496,0.193470164621139,-0.3416827631123774,-0.017662456139576642,-0.24334499824316158
qwe,0.002123722042922863,-0.3300612733811933,-0.16655494110125274,0.08564191623544867,-0.3009360535339868,0.16287563401683905,0.3595915697807942,-0.0354879232597781,0.16825663441996816,0.2553144125604603,0.38155240233903703,0.18816376288533126,0.31786933529468914,-0.24382947558417742,0.11348929981425138,0.24316150720570592,-0.21590541216803438,-0.05868726160151496,-0.22645972878707957
qwe,0.0016015441385382613,-0.3347325090395391,-0.13165819849245153,0.15595129295209886,-0.3368051318016668,0.12811262179177219,0.34845732670187046,0.04452454941258299,0.1700078146109919,0.235028269689005,0.35811653639069063,0.14190949555350652,0.3148822058145453,-0.24513341231616123,0.15046822246651792,0.2834759118634993,0.21016521963351473,-0.07226688852467218,-0.2210992489060866
qwe,0.008216372564077154,-0.330210208258692,-0.11822016095092522,0.1742414150372725,-0.36025459696148676,0.12089495572786287,0.34651449010166213,0.09706292680717726,0.17805336827676294,0.23451651782872587,0.3438987811044155,0.1246647155431995,0.30324075769775527,-0.23507551748927927,0.15490517575807278,0.28767769974487584,-0.21149726934202048,-0.07455822729322421,-0.21900789469345108
qwe,0.02686778740242039,-0.32998661581680944,-0.12458672518862773,0.1708727061864092,-0.3543597066008531,0.1247352741839413,0.34956105432308,0.09901830841567852,0.18235242507215818,0.23349386678876724,0.34418826754568865,0.12845638652112099,0.30485943527060727,-0.23375016566753334,0.15298336031294094,0.2844374512221482,0.20957100929063058,-0.07715129893257032,-0.2208269353876709
qwe,0.0006109286994384602,-0.2950964912308302,-0.26605831861539375,0.06478200994763392,-0.10271069240010282,0.15768961011748384,0.38862495479851455,0.02895911463814414,0.19584847143736123,0.24597023427334774,0.38627128337969435,0.17707556691339826,0.3341905646140387,-0.24983469785883877,0.06807149514783525,0.24657156162183247,-0.2792216272049064,-0.07183222750288748,-0.22039745460414698
qwe,0.0020344050179600393,-0.23965479458750913,-0.30043740514873896,0.06546193857818255,-0.05883468999739815,0.1506968179341704,0.3955789908246447,0.1106289933471366,0.22881333125257292,0.24250728441896804,0.3707838581388333,0.1697807764555099,0.34237583363976143,-0.26040514899084166,0.04339727639839144,0.260410953302234,0.2736379252595493,-0.06366695101698171,-0.20492236248241003
qwe,0.06575017246472552,-0.21640458620466627,-0.3266732790996355,0.02165424310761918,-0.030870456136424255,0.190159812964829,0.33580632399415383,0.08521805950924084,0.21798813855539437,0.2632751810719483,0.3960367897033304,0.1721247141287458,0.3497754989162746,-0.26340626842763315,0.07663470003947416,0.16255364125583704,-0.33713913618944513,-0.04336604935746736,-0.21441205836774216
qwe,0.007145182969229327,-0.2004974421116823,-0.3289067292410136,-0.01906919972509674,0.01411693470581743,0.20507578442003208,-0.2946173291856561,0.07906991101813443,0.2315970592483721,0.2357125626018017,0.3935802929906651,0.18052189420813705,0.3459981936776347,-0.27260257752192546,0.1191069513852322,0.05424173539883727,0.4037178231906414,-0.016972613595703623,-0.21172578813525325
qwe,0.0009355235597497061,-0.2514467811168667,-0.30942738262647207,-0.09030458386458276,0.16156180043230273,0.18976280549550217,0.3679324392306935,0.17750028875848953,0.12868044410558857,0.19611265175252848,0.37062800525166295,0.13791106476935977,0.3197701671267869,-0.33033610401146357,0.202405657482122,-0.08358193243526264,0.2906726851581796,0.04386806566763571,-0.21618095706605794
qwe,0.01054562087785238,-0.2487921310337252,-0.34004555194527253,-0.02615022839816297,0.13794727703230536,0.17131608053747355,-0.2622852939416634,0.15247745997347023,0.1378089842892064,0.19559794470747158,0.38071012081489897,0.139492180206167,0.33644489649761367,-0.3165318428162478,0.1697599515766762,-0.07998304066276797,-0.3899355567052629,0.05834521618833417,-0.2359252397372576
qwe,0.0008526837606979615,-0.22039909685837386,-0.33724471961538616,0.041802012988363245,0.04578152351703258,0.13962491454201015,0.4193066482482601,0.15600924967586574,0.22194584022273622,0.21131414514724003,0.39731768264639344,0.14463813414692273,0.3539952466390876,-0.2759575441522942,0.055901517791064954,0.07133602551623137,-0.3450794676099904,0.05815169770659509,-0.09674290835808252
qwe,0.006398482631696573,-0.19957515354784036,-0.33356952152065394,0.0656406891177932,0.07676395565259662,0.14490393539416038,0.2720728882891754,0.18724294082396642,0.26636078873088564,0.2039373626187,0.3780327501006853,0.1266038473878713,0.3456406808537154,-0.23964887693200887,-0.13629460581843078,0.13920336273526934,-0.3116810077279558,0.22451222757179237,0.273385329521788
qwe,0.0010658476918010773,-0.17981996492800034,-0.3417587740728383,0.045740990763594426,0.15876566921730564,0.18229308760969654,-0.28468119981402634,0.1375292007309823,0.21947500091138517,0.22637542607249375,0.3612210820211408,0.14459081392955564,0.3282275833037444,-0.24132253824464983,-0.2535653567505777,0.05821703120395111,-0.3146232689545038,0.2549971428359929,0.20472018490955216
qwe,0.039358930370209544,-0.19910056773440823,-0.31689240897305504,0.14053894060860236,-0.007309720198652354,0.13351215118428736,0.16475619135167993,0.1463287587484377,0.19962357435490055,0.224036031691953,0.3876689709903543,0.13983187442613423,0.3597860071066905,-0.23365576279522485,0.07570248262389355,0.20063459047369575,-0.37917127652413085,0.17165041528585437,0.3325787488734593
qwe,0.0409004926499037,-0.20001972797396458,-0.31483884661107603,0.148491376803508,-0.014061561555055774,0.13044940723018847,-0.16596126950375145,0.15359618485373064,0.19330968133934204,0.22229369013169906,0.38751892496169843,0.13239885015414934,0.3596084869023298,-0.2321019375591484,0.06775261699290723,0.21500854779636325,-0.38215124786227783,0.17621375801058445,0.32386137884231603
qwe,0.010093493249337619,-0.189824771937548,-0.3328012669313372,0.15819029448324004,0.07793975378847263,0.11732019193291257,0.3427791270010092,0.1266650678771221,0.15467235140735788,0.22482330839221823,0.32981046708664685,0.10388041947795511,0.367116245447718,-0.2338021166422781,-0.14353404902872197,0.25046338592539535,-0.336123336357034,0.1900538075868093,0.24269180875834337
qwe,0.0023944199477684905,-0.17020629593808081,-0.3408420036259435,0.17345541909296322,0.11885299554077101,0.10539922054099511,-0.3879833069090543,0.06617742478062019,0.12650983227164955,0.2362397376996501,-0.2607271504835272,0.10011616618843508,0.36593890697586573,-0.24060078780151808,-0.24845169826618804,0.27653116154004337,-0.2927683120432509,0.17634333649708897,0.21908989117683883
qwe,0.0008272034572563152,-0.20122090750344646,-0.3080026198154092,0.13413895224992278,0.006160829829928739,0.14891730799715647,-0.3986560227612237,0.13974371827590845,0.16774165391837317,0.2272452002896196,0.39674847230141025,0.09078025654802388,0.36595020379755344,-0.24933828232096436,-0.04066103319611904,0.19850887992550964,-0.3270310067412426,0.17245517449954637,0.1634493232308287
qwe,0.002253792173789534,-0.2640086740664031,-0.17802713840226803,-0.06931527383046888,-0.1460873922657168,0.2219028586063594,-0.26196799104313295,0.09589570686104365,0.08114258371614165,0.2567028044032503,0.38261808818161935,0.15160238406361912,0.32371104965863234,-0.26744799469510144,0.2866910526171059,-0.16201062598709992,0.37943254586606034,0.11557517351786416,-0.24789522868821282
qwe,0.0012832738411465221,-0.293442595729478,-0.11444611686385087,-0.10224715293576786,-0.20842381773899304,0.20639993325436032,0.2488876829972634,0.1294601395478201,0.060157006771816325,0.22497515406221416,0.3636959433593345,0.14444538780181418,0.31366237855268675,-0.26554999312877603,0.3359338882594941,-0.1619378093802641,0.36560819538155676,0.10211826882975829,-0.25719042815736903
qwe,0.009316201942850924,-0.2988437754192567,-0.1250897501689903,-0.10231618071839652,-0.22007964310554948,0.2068978185678348,-0.22446804623181066,0.11871016666413327,0.06241807234360529,0.21601853631295345,0.3670309698964595,0.1488449217595839,0.318329010807624,-0.2619922557014992,0.3351302883590727,-0.16488273288655675,0.3715985969948201,0.09741810056103409,-0.2537366537095303
qwe,0.0015633078162219335,-0.32721691393655294,-0.1254384190440354,-0.043850262322347365,-0.15631097184746523,0.1737093858747768,0.35238039798184817,0.1463397067294799,0.05872667522724248,0.20156893232437936,0.3692655250873712,0.13198342530046536,0.32258676632083544,-0.32076477878472764,0.3096482951997438,-0.07719889013045939,0.313449488128723,0.07764901023190887,-0.25327191542670124
qwe,0.0296412125561536,-0.30843486225849714,-0.19131041612747135,0.021770645196640993,-0.08269042384259255,0.16636435507680544,-0.33440496744195697,0.14624605591216744,0.09096340946794598,0.20986920522240074,0.3717624971009039,0.12521321968253965,0.32951151738540957,-0.3131756909691683,0.23843480786593899,-0.0360026258606433,-0.35854177321782227,0.1508575504678624,-0.2788285670994291
qwe,5.1750776215842494e-05,-0.29899650168038255,-0.150968909434108,0.11613405382831445,-0.10870568965503984,0.12984146046029654,0.3636243164576594,0.18810637083004786,0.0955340074955003,0.23578287726448244,0.3951321199259335,0.11313858101870049,0.34874492047740224,-0.2912098720414603,0.1841863308082993,0.14991317560499554,-0.3567818738222044,0.15987621718356973,0.16944454312376203
qwe,0.0027033445351255132,-0.3698217024311292,-0.005680728646435984,0.054544446473736144,-0.1357021207356808,0.18535527792570308,0.39521290234196144,0.13048944331941456,0.05455118874690154,0.267747502947891,0.3216192293217085,0.13119298492493617,0.32622653931766665,-0.3700192168508295,0.1652092231391599,-0.0024426771975970337,-0.2869953676015206,0.1569011426512855,-0.24757774235914906
qwe,0.0010398229224230812,-0.2119213653949772,-0.30071923420222735,0.0055794306552487275,0.2628442046574308,0.1790267909644397,0.2388937243173435,0.1363041221715117,0.028333663560547475,0.3206769928558721,-0.343267988916572,0.0036377200848883655,0.3355569721991755,-0.3199933784684748,-0.07598825798553245,-0.06320879995261783,-0.251706796413273,0.25441379647369744,0.33691286072838006
qwe,0.007495862657452712,-0.1614158366691018,-0.3355779792289299,0.0029143840194224627,0.26398180442750235,0.18297295492203997,-0.37977857438172885,0.1226424378330421,0.00608539901157066,0.3282081624599783,-0.32832508263463284,-0.03250645450048414,0.13999058535085676,-0.29837755761041224,-0.1361527210128291,-0.07242902272222189,-0.2735941952113266,0.2909156593261172,0.3006293463382342
qwe,0.0037628846491596975,-0.14519610997162546,-0.3263572970695975,0.008955636181388405,0.26561280157706707,0.17234672643244728,-0.2074067536275882,0.09788920360683659,-0.12094287229981117,0.3559595975818419,-0.31631472857240006,-0.07136315445385487,-0.3123528206466736,-0.28152962316020513,-0.17897809815927757,-0.11217677308704663,-0.28194791710130435,0.32166493338568347,0.26189751683595497
qwe,0.009396296028556697,-0.15408931133290882,-0.3232497048224726,0.011686826440716364,0.2384389094220752,0.17754789565623091,0.3828664130224253,0.05095804817144665,-0.2310200896096086,0.3682343280114467,-0.2892742768553271,-0.010776734984187623,-0.138682771906218,-0.2759098705739943,-0.2046762860223371,-0.12538111663238835,-0.2646204784002119,0.2775662875761464,0.2475241109970386
qwe,0.0006067069366010971,-0.18321012726005068,-0.32559075578542507,-0.005896049476045977,0.18489624410997652,0.23111894204575123,0.42483991525450565,-0.11640073918970058,-0.2532914981881976,0.274600914921575,-0.29925172180260473,0.3516281397542791,0.16534823599037596,-0.24459742805279006,-0.20188878572209354,-0.14124803996598947,-0.2727489544296698,0.05560534464542684,0.02512186770314792
qwe,0.008069929104546594,-0.1625295766864096,-0.3093491494809027,-0.02831811494940524,0.1705128835349271,0.2149807105237992,0.4109433695926086,-0.22830621843116342,0.04504715952264524,0.15724057112678902,-0.34210468161491076,0.2826053791578413,0.2805010040215276,-0.15868772696883843,-0.042769448795537734,-0.1064989744247675,-0.2938972179750965,0.2837096854157702,0.27062873122295916
qwe,0.003814766238838989,-0.20417411056060958,-0.27184166099303264,-0.015469845817675135,0.10173928181715465,0.21321628600664572,0.36027648404011653,-0.324533738150605,0.15673962175826806,0.10926655664089346,-0.2895680337222454,0.32407362665459233,0.22287269168998514,-0.0784377726720766,0.026435319872360693,-0.12335141621114303,-0.30828040732845735,0.26467661605561127,-0.3619846391162964
qwe,0.0036709029994012933,-0.26131118942763,-0.2120745302730457,0.007805122086474476,0.0935446177611033,0.21264655089269902,-0.37855021833638397,-0.3689852255753001,0.22989478716380995,0.0697217817346265,0.19005344900744361,0.324867038732041,0.2045310466819528,0.0024402470946551817,0.08208766638604792,-0.0640440594849121,-0.3323273803320792,0.29368078167262557,-0.32329545985700764
qwe,0.001619490458954229,-0.16515055806579887,-0.29049424475735275,0.007856739944181049,0.18232585619718114,0.21792777579574338,-0.30698807274587037,-0.3176915216507402,0.0732123070109286,0.07152908477381555,-0.35612971419668027,0.32494020416275515,0.23851122858488297,-0.016402852637538275,0.10999718715577589,-0.09988641789868295,-0.328972582854042,0.2676376933315,-0.33225690585897005
qwe,-0.00019233592945301956,-0.03166750111998468,-0.3527849942656016,0.02562360840519514,0.2334157338105486,0.23869391928872377,0.2998776549030579,-0.028027724969938463,-0.2657355702522207,0.11644583583933023,-0.2875298870325192,0.20301965208568423,-0.3716580335959012,-0.08966720202293951,-0.1254605627753702,-0.05814826008890018,-0.2637404265582971,0.2912678735527173,0.37942139222556875
qwe,0.0009401448084254981,-0.02330917616074503,-0.35570509974496045,0.1701275980758488,0.21819236220162008,0.21838241152395874,-0.4064881655966698,0.03681342073200252,-0.24076327582134965,0.20370544083191802,-0.28678923501178716,0.18236395486920726,-0.3843343132399301,-0.0729682134751185,-0.12466591339953412,0.05677129431583501,-0.26151870639136776,0.24231519821643407,0.2611943740151814
qwe,0.00017446575512103255,0.13110780035027195,-0.3667032604677556,0.18325948913610757,0.22363378494485717,0.20136934294644399,-0.4020772000103399,0.21070779094372133,-0.2619382808832964,0.22923359842769472,-0.2860127761708139,0.15668756888366428,-0.38846625971344173,-0.06482383689968539,-0.0333932954871844,0.08743289744344765,-0.17681801967455563,0.13114703577880202,-0.2797926723758289
qwe,0.0018039777302602162,0.17676159578796038,-0.3499573926547066,0.1746939644870866,0.2343283291319453,0.17686234288108185,-0.38765879272282233,0.30216688287662496,-0.2634319355178421,0.23272500660502204,-0.2830632110830468,0.1372844502688871,-0.2496765657963168,-0.10980234833810527,0.06672743592252775,0.09153772593797346,0.36788884497275376,0.029366911981058025,-0.20501848561704164
qwe,0.0007888500161923312,0.07367909684705765,-0.2209081743978335,0.19515433122177558,0.059239391152561834,0.16755601496287117,-0.3892209548960122,0.33540663535699755,-0.2298841165114504,0.26623559246695966,-0.3229408684198937,0.14858363302396285,0.3918998228103467,-0.1471821313082275,0.20554378562478143,0.10659035572145154,0.27742004092726397,0.03688920035635241,-0.23416741174739097
qwe,0.023758437486119777,0.1390090024489806,-0.30240977906506716,0.20833644112340632,0.026159849708421556,0.14060304435436216,0.406182604600084,0.3182005939637475,-0.24767845390250537,0.24860224273310152,-0.30512595083756505,0.1420618558160611,0.2722503815356813,-0.07444291785940697,0.1046217339479874,0.16808712417537472,-0.38345164942778687,-0.016056894126910432,-0.23779437231261943
qwe,-0.003664625605270407,-0.14827233325258293,0.29907252534319595,-0.20943243061497507,-0.021534143840035335,-0.12639533611196335,-0.39834319730220014,-0.3222767754314885,0.2507502476476517,-0.24482794353755732,0.2979293976705819,-0.12975924940549155,0.2544054976707018,0.04868109902203976,-0.10989354179146082,-0.2311420535249914,0.38392524467011896,0.04538151385108258,0.23507606175577628
qwe,0.000890235618279742,0.1325720494212188,-0.24985591873021817,0.22224627631466135,-0.048791972838961584,0.1051344304782384,0.37512302592197944,0.35755614666049834,-0.23839236755612833,0.24423523560302784,-0.28632215960771273,0.09070324205887904,0.37683329673418314,-0.028049817550905576,0.158241468254153,0.31009126180841223,-0.2417691216193364,-0.06445947870913922,-0.235206370815169
qwe,0.002104349663633034,0.13578613140830723,-0.2380261632796813,0.2590299321162749,-0.0661011935020319,0.09448648440881355,0.3291552443959186,0.36867464939120176,-0.2304344426324929,0.2550870807996376,-0.27994382724572636,0.07450561006826302,0.3063756589809517,-0.026785724635045794,0.15026951572546415,0.3269942984307277,0.34305926995536284,-0.05990359684729022,-0.22976297725428693
qwe,0.002597754845134918,0.1675812608786926,-0.29565364633887303,0.2201845414624447,-0.0009911921041216222,0.20282533393693103,-0.38071920358380035,0.3411614442571336,-0.22016661237327984,0.26975659461833085,-0.3003288184318558,0.12568993120416302,-0.3882487510356961,-0.041660783485952334,0.1067929133326598,0.1499447265687404,-0.2510916813911857,0.015644387085666067,-0.23802712612028007
qwe,-0.006992986746036434,-0.16539881858879812,0.30676680296321174,-0.14994261416426777,-0.035644132217936234,-0.2622955119367694,0.384136346268219,-0.2960856915914127,0.22556648392986908,-0.2512101721692253,0.303501779501446,-0.1827884791105415,0.2829789854310145,0.04071955890917994,-0.1250261206313792,0.06924718514185087,-0.38754855882221717,-0.09799736184413611,0.2220059791234518
qwe,0.0007549117089136748,0.11937721441437113,-0.20469374712628474,0.045406897955845966,-0.1306797829937987,0.2607475012135759,-0.3836196191963882,0.3034296789900063,-0.23770845589649067,0.2334203098892823,-0.3164941093581635,0.19720372170091416,0.38178132061299663,-0.020272072392499806,0.23456393093845918,-0.15460929536217524,0.25206879525192577,0.1418256963104654,-0.24226870481183774
qwe,0.001820145011494918,0.12354016537703552,-0.24412723963945882,0.07773823988375092,-0.12063543569955283,0.2444557690482736,-0.2733991822463079,0.3108120116544007,-0.23703172294317135,0.23083789573060814,-0.3252459869782865,0.19706339283118438,0.4061271066265579,-0.022482117658076197,0.1279057001658126,-0.1272225407520893,-0.364536271662777,0.14865435001712896,-0.25762318321659633
qwe,0.00022250054226095536,0.11233276799142045,-0.22271510212226653,0.1924133812119915,-0.0921792397526073,0.17475836548767884,0.2572388092562241,0.3502617536967252,-0.24207135746337555,0.2717469693911627,-0.30805031973898483,0.1398051915805982,0.3879776315512947,-0.03665183117271107,0.14140897573577996,0.2608095912896096,-0.35081785220702116,0.03387147160461289,-0.24873639137824732
qwe,0.0024650470302323745,0.10501978429293057,-0.2348283008834987,0.038073173335260946,0.016947882387624107,0.27349422213316293,-0.4011963096976993,0.2985807551693414,-0.22401654644661945,0.23706424414765712,-0.3193430455886757,0.19072734715787912,0.3912754962490705,-0.05023617424684181,0.19955983086096624,-0.15237393088399245,-0.2697551643692977,0.14295658784532014,-0.2248896340693002
qwe,-0.000189146692494485,0.023794497222825343,0.0684229514291872,-0.08216325834213176,-0.16334013711381476,0.2498293110918789,0.2750892328933192,0.3098905979518356,-0.21442874579497712,0.22048012605041298,-0.33947026787452816,0.20232182482562816,0.34239589238566104,-0.07865607591376417,0.35034888108674944,-0.19898802109368352,0.37219528772542265,0.11605519060983316,-0.19665852207246448
qwe,-0.00012468934103665252,-0.015578464467208036,-0.134013132693942,0.08530524446655552,0.24468747113575712,-0.2653833185568387,0.3735499070864478,-0.3015564311211186,0.17452126572768645,-0.2132434539723767,0.34423049307426895,-0.21351789169076107,-0.34071598632206884,0.06109818169018267,-0.29127384908594495,0.26484130606226736,-0.22614203579109746,-0.11819163378734181,0.1838981696676832
qwe,0.006422898405096448,0.02883763711340282,0.057885777339637734,-0.0646663471216076,-0.2097896120507758,0.2768523967559109,-0.37230273902833616,0.29366809943356287,-0.1568733839551678,0.21656083836561907,-0.3470146209844163,0.2258871498144806,0.35395488271108294,-0.055553017713945586,0.23029712035770372,-0.289930631161582,-0.24689968481336336,0.16586891403767684,-0.22189184019982297
qwe,-0.0004976631238538138,0.014733979423811858,0.15051635971740063,-0.08978303052475986,-0.26564543427680404,0.2592398587738067,-0.36284641307499893,0.28803450253944723,-0.14642586722672327,0.20403273400348565,-0.3401320481081675,0.2196629663425109,0.3304866564656773,-0.06444196709955535,0.2848989368529301,-0.2830792911374188,-0.2319649464585869,0.14998571476211076,-0.19667762930389548
qwe,0.00025281999818650767,0.01710494719443116,0.1847326440315622,-0.11541946385600012,-0.3088924702682157,0.27558250367616705,-0.33111417710026764,0.2711878604814319,-0.1253081080009161,0.1841819778549332,-0.3279991937286828,0.21497847403108303,0.3200024275770709,0.012667909037241723,0.3104142786157759,-0.2868239416675666,0.20415163972589745,0.1820086743665495,-0.19571273494240288
qwe,0.000876840131384866,0.03106812235833802,0.18155872429610187,-0.12097291057729577,-0.3115445794351269,0.2793128455482663,-0.3314500072028128,0.2729414168164567,-0.12227120290371275,0.1827335825727192,-0.32741197722182386,0.21984800667598337,0.32163587382157655,0.014589603421305561,0.2930128004473919,-0.30750368227922675,-0.1905477336210736,0.18317114234242426,-0.18491557359737368
qwe,0.0008592809095873763,0.027399894554343957,0.20075932816951925,-0.13612755068498636,-0.33036598178124693,0.2686132270186982,-0.32890072036699897,0.25855599748075797,-0.1202875601788091,0.17264150635712744,-0.32129672699618417,0.22051679574204214,0.31147190438442535,0.0038845275814204283,0.3118006436362163,-0.31088911350803483,0.18118122229271283,0.16900570275272506,-0.18885994753664087
qwe,0.0008889456215015632,0.09028018513168949,0.1771951011531797,-0.20444657652567277,-0.30004293263417636,0.2965613558249689,-0.36541969081802894,0.15782419659187868,-0.022615728543288454,0.0551170488320782,-0.31530173447365617,0.1471828058245847,0.304052501009529,0.05439212666598279,0.26766668553066086,-0.3055693866526727,-0.3483768019762438,0.1852501346809336,-0.2037220966778168
qwe,5.814756359852725e-07,0.1296045891236279,0.2661103682909809,-0.21531306648749637,-0.3006918949651431,0.2747814885741331,-0.333869312888135,0.15994672538057844,0.21817687852488069,-0.1270706491729847,-0.29005748193270964,-0.09813039996066919,0.26833442446327,0.0846298279017042,0.2559813279210074,-0.22912782868869042,-0.30081122566639273,0.23264757757568127,-0.25247013693867415
qwe,0.007936590543096367,0.11652431802410604,0.23157519197480042,-0.19106782810937586,-0.3144449571808691,0.28596490867163676,-0.34772288420246344,0.11133077027736146,0.06453154257610065,-0.07706363742669672,-0.27887805944043037,0.28806463502418794,0.3461597650836043,0.06575421724767562,0.3362178076507954,-0.2632676407124476,-0.1302133788773006,0.19947978908006336,-0.2195980163382663
qwe,0.016358262388149622,0.10666548884080326,0.21225444582520464,-0.1829903595172853,-0.3019580559012124,0.285445500411921,-0.35144628082861795,0.09998059121888464,0.03139071074882814,-0.05992963252929943,-0.28129206164576015,0.2756264227839829,0.3152562955216537,0.0667253780046724,0.34976173766162405,-0.2552700147960372,0.2583523710550976,0.19342824598668995,-0.2207923502489746
qwe,0.003733779177055474,0.10522386575049392,0.0855359800177633,-0.14701588374375343,-0.24901198313879075,0.289872473728585,-0.2778040803495271,0.11838051875226414,-0.09498201184753516,0.0076984663922722695,-0.3115130829910487,0.2684260094930969,-0.3997620318726724,0.058690476783088155,0.22205258693353075,-0.2409365426688973,-0.34016360888004993,0.2544907224487264,-0.3057992591563362
qwe,0.032891137569669646,0.1175157636259464,-0.08613831818389209,-0.02019338415577846,-0.201406161849839,0.20276710087289584,0.41464097145980444,0.1431265002990466,-0.1881275465350702,0.1426281128882456,-0.33653519431870643,0.24752805608977776,-0.3084712893821969,0.025907416400365216,0.04820137422124438,-0.19333232632575992,-0.334253005988422,0.2791095972275021,-0.3858194324756776
qwe,0.00016619663618734997,0.11073766543658427,-0.18991984779169713,0.19159357234254756,-0.16286874573985408,0.1469580041678582,0.40987481425331834,0.17332472542669178,0.030782786220294883,0.34415849174307656,-0.2804423404820449,0.2353252208002505,0.3394359848505461,-0.024728680962125566,0.004603633571418338,0.10363967408251025,-0.34155488615748486,0.1712953248942563,-0.3778714119641853
qwe,0.019826052250348464,0.0865239931795233,-0.18508137213915657,0.29906077514785384,-0.19579814880047444,0.12437155700261994,0.37131351227207104,0.1558041566488681,0.1946107523588371,0.3498331475618974,0.20888688652031515,0.2057477061502126,0.27614117148057504,-0.0406259763477294,0.08619188872068415,0.3012428180697586,-0.34776479828433265,0.08012878309337716,-0.32125252013025074
qwe,0.0017876554427939154,0.0745224962569884,-0.18697642097393952,0.303441311835976,-0.17747977609066942,0.13907919360623472,0.20107915876198237,0.14653661519573014,0.22179256561582408,0.365083736730865,-0.3449448106670913,0.18056475327034485,0.2722991790353682,-0.042824631448338396,0.11281258713020585,0.3026070151336393,-0.34660338571045785,0.10590261051296468,-0.3300989371745536
qwe,0.0021108273135119855,0.06420263407070388,-0.25285870521462706,0.1576385184792376,-0.031188240629905616,0.2733520720044314,-0.32555408797292096,0.08835889559734367,0.15642075471828074,0.2653258024929158,-0.3607449197417853,0.2890132917264068,0.30945450807160335,-0.03871342670221765,0.11492387127085152,0.036714525598006996,-0.3748305676802902,0.19355514950859304,-0.3453912787098533
qwe,0.009181284466179504,-0.0007955095145125522,-0.1832524811887074,-0.0882217714513983,0.031104709632965383,0.2767631717062684,0.42155284884597605,-0.07183830255828386,0.1791683961692158,0.02947476978046924,-0.40982680394106297,0.41415145079784804,0.2583870090449062,-0.07820423762793571,0.19383973221151504,-0.26547367969981117,-0.23830913850061894,0.16949538504546943,-0.24352126344936825
qwe,0.028818815235865342,-0.03451762704240206,-0.09055519975227147,-0.14084487503170778,0.0017865347967021949,0.26445038556706585,0.4084784217266264,-0.11916181226196632,0.23171496877085265,-0.010728986920744534,-0.23198624642200524,0.4074287775447525,0.24352824126643713,-0.0912620889694646,0.22674288619470495,-0.2900421993172271,0.4088974004681561,0.1557752487804321,-0.22698521821874038
qwe,0.0042094558112837676,-0.0774118424954347,0.04111499155328313,-0.1846045760729747,-0.09972801777677863,0.23825236701715283,0.37526723218725294,-0.139470882377877,0.31569855652324624,-0.03718772769416981,0.3165181501144939,0.375904761973545,0.24094228451235522,-0.09533312257378611,0.2699137341621867,-0.27827355643481033,0.31577303861833544,0.143888064414503,-0.2255358445278174
qwe,0.011773050992984174,-0.09586700489341704,-0.006657203124610092,-0.16396649922342557,-0.10854278523450026,0.2451301447109412,0.40216684891167603,-0.11684191511413268,0.18231550110184275,-0.04016568721028476,-0.3473272033020337,0.30579241085787834,0.30807434297327535,-0.11107599489562935,0.17883058275803448,-0.24373368951262256,-0.3435201140458997,0.2462875954118754,-0.3005402318223849
qwe,-0.0006987939249751806,-0.01480171761901092,-0.22341367221924657,0.14270648504530717,-0.04017564939957124,0.18231527977441722,0.42732745881179063,0.023643941866377523,-0.24059575013480394,0.20696703129985822,-0.3386692316894144,0.16519863938825013,-0.3513595198718622,-0.10702844600150842,-0.11691101002597301,0.06453966269096649,-0.3246669345948465,0.28022333255202314,0.36345064173196806
qwe,-0.008395810572508076,-0.05903378146893956,0.2237520204932901,-0.36367778728986283,0.11985542271888074,-0.12186439879520831,-0.3411564668818139,-0.1446713067943389,0.028202671536500915,-0.3429124017805027,0.33156358110216516,-0.1112505079601471,0.30090472131358803,0.05710779157383334,-0.04466031658954273,-0.3127831310611653,0.3396727754404033,-0.15031978274683974,-0.27450488821794433
qwe,0.023622279049334338,0.06795307097238558,-0.21223636702036286,0.35354504800785036,-0.134262803936726,0.1318054127698914,-0.3586326405216087,0.1483337268484144,0.13861121191428755,0.3244860539859467,-0.33918263725092673,0.13904950193948865,0.3353439146090667,-0.04324782463055925,0.1529259563780355,0.3181526927804977,-0.13167296625674846,0.10154742588304426,-0.33742796128585667
qwe,0.006133220239722625,0.07079697475212793,-0.21202877788695906,0.3536929230751138,-0.14261456378186554,0.13907551580130623,-0.35490141972617534,0.14882595066111654,0.15054367318967485,0.3251052792948956,-0.3391452454980049,0.13648394525353605,0.33781415536014237,-0.04356641286100407,0.15393753234419713,0.3212710734427159,0.0773937270083154,0.10021626346326647,-0.340855118518619
qwe,0.003102152312802036,0.07893793753873939,-0.20575316870268157,0.3553366509010486,-0.15421141341978528,0.14997616659600485,-0.35260544606631145,0.13973918200745764,0.12740998900465433,0.34006978866031373,-0.3247834874745388,0.13243369665427857,0.2099092963976695,-0.05231409373032563,0.13903737992551937,0.3160496357144689,-0.34413829462308637,0.11944725084393212,-0.2853395027340875
qwe,0.0002839326274496774,0.164194518429523,-0.29480715265528756,0.16009855977095588,0.024543696208660957,0.1726476670697369,-0.3886975409095282,0.17169901578157917,-0.05242677048545667,0.22969435567117819,-0.3422091763182852,0.186046656633903,-0.34253718850863857,0.03293828799959906,0.016139124932409574,0.0688792738241194,-0.3548158701538361,0.23850741395763472,0.36890554531083647
qwe,-0.008615831627083724,-0.2316403849523725,0.3007693279382499,-0.10246346947501338,-0.1760171509358264,0.3077011567606485,0.34811586303539266,-0.18110147386463338,0.09149503093017342,-0.06357340682606401,0.30079869943360543,-0.2879233425693501,0.3086173639937064,-0.15777854722350157,-0.005160101791532353,-0.02585740063581049,0.32122500350703853,0.3275603567847093,-0.2205208533277984
qwe,0.0008123152701793626,0.25109694404382804,-0.31005030455389315,0.0956320664024893,0.22929318643168703,-0.28787081839929773,-0.3476210787063601,0.22926565359903975,-0.2111243891067173,0.052170825659746824,-0.2921245799937906,0.28996946693601355,-0.2521527350871861,0.2347958617321959,0.03491698165522898,0.010089065485168242,-0.18257277273740835,0.311507624718146,-0.23603018415801955
qwe,-8.871134033723611e-05,0.2991271268273002,0.3314968492231762,0.1948495865048093,0.14454320391425585,0.013305898654760041,-0.24387036711456123,-0.03632445650623793,-0.08400070547575915,-0.2753258798446376,0.04886601877154666,0.29871348566782563,-0.05846701378627087,0.08104879269480841,0.0902924363066921,0.134974292920661,0.22097208222193832,-0.5623824502340535,-0.32382954784635143
