Username,Adjective,1,2,3,4,5,6,7,8,9,10,11,12,13,14,15,16,17,18
pedro,0.0024566598489580505,-0.09115553485090544,0.26661578218911464,-0.30002842463895185,0.23557935581714853,-0.2603144717177829,-0.30124999194963714,-0.2611213951174981,0.2869842579030904,-0.02846098062298303,0.2856445206490038,-0.3103193626714218,0.26585546677037736,0.10328858791037504,0.2393089324209328,-0.21974284756772341,-0.08519343340812428,0.2396959340379409,-0.1889871462186797
pedro,-0.005689755428068532,-0.09182361909398995,0.27233801604583163,-0.3083135075965985,0.2402911295400698,-0.26814516336217026,-0.30841669552805784,-0.2659255895928567,0.29135728502276814,-0.02719944063333768,0.293687309631144,-0.11117917248022371,0.27167974137936896,0.10808802400744269,0.25054699487936305,-0.22287689671479904,-0.2192434109375333,0.24332558390159137,-0.19340768152848087
pedro,0.005716212937984244,-0.08968143159523065,0.2617215846744495,-0.3022237780646205,0.2366391634462453,-0.26511777126878283,-0.3038303388900871,-0.2606765791052483,0.2867238087840103,-0.0246436907011655,0.28772075880213754,0.06987591677326865,0.26722786598268095,0.10649561824301594,0.23671890505100515,-0.22163080434538013,-0.3088076916496789,0.23719208696287405,-0.18856046515748187
pedro,0.00425936372954337,-0.10908384838287344,0.226121484099064,-0.3163290581508854,0.2504225078430426,-0.25902880133821193,-0.09355563464264222,-0.266326210386299,0.29711724569739434,-0.02944532865750623,0.29286135514408,-0.31870860421249575,0.27507280651344684,0.07778480371860044,0.18256273187080702,-0.2357236768225824,-0.2885765168629752,0.24153375342049535,-0.1967285834919147
pedro,0.0014011635686396512,-0.19658034170489652,0.058735686127048825,-0.3011594607921488,0.2835549071040158,0.2961950623077923,0.26003637240249616,-0.24051398764115303,0.26536402840102646,-0.09651117289105225,0.09779308849811434,-0.31282739958640277,0.27680934649698385,-0.12330749320877576,0.22162476729381875,-0.1847431896633354,-0.2702635429322332,0.23607981208392495,-0.28740169422907896
pedro,0.03432469625947365,-0.2324700572901209,-0.10136882592953911,-0.2807464776343835,0.12416805282325843,0.312144742141713,-0.3405876969966901,-0.2475269608313831,0.08651691936132705,-0.24533269111959988,-0.23495675450044431,-0.2568271116842382,0.20156796790737094,-0.16203428731672861,0.21834081145490106,-0.2015357455175014,-0.27126913204367026,0.24508095508378416,-0.29845927729285354
pedro,7.58414375822376e-05,-0.21704923933363035,-0.32197699599240115,-0.1580962299736828,-0.28641350031077956,0.2816599326841539,-0.31838004403047504,-0.21861875264114594,-0.18334586303451195,-0.2835591052018594,-0.29487113825458067,-0.1856236614861038,0.05233613393766921,-0.2527917520131365,-0.10678709791370601,-0.2650630662384627,-0.30480359257373235,0.16776340304372772,-0.0944455102952075
pedro,0.0011842681117928719,-0.24527597578166419,-0.29010634353567166,-0.18177749806517393,-0.30861617139733355,-0.13054606711742842,-0.33053390126114546,-0.2520971389464065,0.3417236939058863,-0.08776423213661928,0.2683056635406902,-0.21675312810669572,0.25952776694320256,-0.057394775833189145,-0.28748137426769726,-0.31404492837918213,-0.19853903432705472,-0.004442266335018887,0.052340705710365254
pedro,0.0050352880527073166,-0.2838505058747696,-0.2821477353692565,-0.18045208040896918,-0.32289754046403285,0.32211858757322276,-0.33535282705912406,-0.23486817098513818,0.2890638491928543,-0.1286587797090413,0.11080406514634522,-0.2450024082906342,0.25488954355403864,-0.07309070443134304,-0.21097491845964778,-0.3156326634895767,-0.20417756359908093,0.05366948118113162,-0.013486396006813341
pedro,0.0034173603969884477,-0.30025244497698866,-0.24496588277612774,-0.19241591081477152,-0.26513206501934977,0.32524601457411223,-0.35763752228284285,-0.3335431906831957,-0.1122923605702962,-0.2455518248275469,-0.28304382324655936,-0.2017812038399685,0.10703596740403896,-0.0797385818822637,-0.13781410632845176,-0.32991004782373845,-0.22300400100827228,0.07895444910650112,-0.04725498594701339
pedro,5.313158372814271e-05,-0.2525092254043664,0.19834093421464594,-0.2570115364063476,0.2822020794102721,0.3324985636150492,0.3606819756245709,-0.33977063342645614,-0.02829369198357036,-0.2122553380911872,-0.2276609389072142,-0.26036162477723085,0.15478234938975965,-0.04757146515737288,0.009765804042447831,-0.27378600209112675,-0.2308274489774965,0.2084529449402193,-0.17786767026468425
pedro,0.0016502346036868624,-0.2278470491039494,0.26690868033327486,-0.2691309306931164,0.23330472893309853,0.29400278970297294,0.3169016898780401,-0.2670080146362854,0.27335205182856387,0.05439301226826715,0.27664316949327095,-0.23762701197150468,0.2380685346117402,0.03894086163856535,0.25628920862396476,-0.11004618150467957,-0.03235259508732332,0.2703046100902103,-0.2665496722695323
pedro,-0.0008761339725562959,-0.2174833346727409,0.2694192020224084,-0.26992275082443656,0.22356544206115478,0.28460730853527516,0.307497949440757,-0.25883676319248256,0.2739320573636976,0.1281442586374463,0.22118838114341616,0.00012786610776739475,0.24567008970327578,0.08473996628234352,0.2941381425208266,-0.03167005392661221,0.26093724199506485,0.2703212865316144,-0.27950123400994015
pedro,0.00021622382855816338,-0.21509547433038245,0.26625570381997243,-0.2715345755275073,0.22350130323943998,0.2843299233314148,0.00012300644233231386,-0.25440418596540215,0.27049171917892834,0.1386226454849831,0.21019879783152354,-0.30055631775145253,0.2617185180150699,0.08220837336851332,0.295553198521182,-0.020100441480304366,0.25608561224670334,0.27805595505000963,-0.2842320366854002
pedro,0.006242995598444025,-0.21284066138443802,0.20334182087958758,-0.2762427461399602,0.2390993298829834,0.28804521298284513,-0.3088068278043113,-0.25318956780409185,0.27617856719686734,0.11959868515972986,0.22500325039623767,-0.210153332984587,0.2759549628244146,0.07797505003242405,0.296144435306361,-0.03330329681302374,0.2710131300119259,0.17873114855897967,-0.275011990332792
pedro,0.017911887898383067,-0.21985976658612127,0.07451980837682033,-0.27397789099694847,0.27221662759946286,0.2924242390113119,-0.3142508831978993,-0.27814231341267187,0.27425196226189497,0.016763719972019496,0.1517476388809958,0.292530492939223,0.25971147117942206,0.06538398876121783,0.2823718537815018,-0.10051126328421132,0.007716754785475958,-0.31129215540247385,0.30445617368810923
pedro,0.0038143604699172515,-0.22656068303409696,0.04743637070381724,-0.26396697100785627,0.27751469969942044,0.28756994446439643,-0.16734919990386732,-0.2860596448856926,0.2513896494569478,-0.03349031078250797,-0.2972718975653244,0.2792717403417275,0.2757099165181117,0.04396368541063957,0.26978768085417465,-0.1262494208415399,-0.30493699199130375,0.16103505608444124,0.3015313504791654
pedro,0.0036739814269671116,-0.2851649002225099,-0.02384418217982731,-0.20064019257829474,0.29556195753696257,0.23203373603541744,0.3148268367914542,-0.30238743175389665,0.2399923616586139,-0.07005456392482179,-0.16055817186086652,0.2781876509302976,0.26688978680529946,-0.014935462383239341,0.26686183839084493,-0.1554548538687141,-0.21497825143406218,0.288956916943374,0.2896336097745093
pedro,0.003356434669138233,-0.2862184815367953,-0.04854452061352663,-0.19829300848235687,0.29521966194698196,0.22827434675563169,0.28068745328985173,-0.26526180465379995,0.2944580753679067,0.04872213868525659,0.26299351509635893,0.2924727940243219,0.24770508249946474,0.03205777518710266,0.29153438086620337,-0.12498895218807385,0.3041201175820835,0.2790554520566776,-0.10412892415397226
pedro,0.00506086970220592,-0.16752368831519562,-0.0414322018040176,-0.2510854621653734,0.29666672760586854,-0.2186585681028517,-0.3155902213673478,-0.27385591669366094,0.29727644800017516,-0.0018292160680156988,0.2830993459019278,0.25077217068902263,0.260412712512821,0.03491753706331201,0.28691074797227945,-0.13117761247704443,0.09331875430709771,0.29755796884825114,0.31550160459558285
pedro,-0.0038148509257692866,-0.10640605487060015,-0.04086252648283803,-0.23591183209003255,0.3001099803765911,-0.24943643820997796,-0.3173650877296119,-0.2637648559624748,0.2863007344360571,-0.06537941622650154,0.30626041106362684,-0.31184552840313856,0.2729901223487372,0.029841894364196687,0.29013687002014205,-0.13221555625815062,0.22168037535255258,0.3038060429314373,0.11391278849842625
pedro,0.0006398382934016937,-0.06258609752097284,-0.017027209035128776,-0.21153328494053145,0.2989168945247538,-0.22562050226560212,-0.12639269502539402,-0.23483892936026646,0.2857891233257589,-0.08599708730929738,0.3084599274508782,-0.28176794195980626,0.2730132444169432,0.04480954885497496,0.30206828972010435,-0.1189087807343636,0.31300568828470976,0.30656618672006725,-0.3196414868525933
pedro,0.0009183335995262592,-0.12670551235755373,-0.038540508858496914,-0.2284319600734771,0.29789705487657236,-0.04047901477880397,0.24343944611333504,-0.2523641128888315,0.28951102232726017,-0.04919849291099136,0.2917382487041022,-0.2974859560704456,0.26495240920022883,0.05103920945912646,0.301755500537823,-0.1251819965420209,0.307822674509221,0.29214130531364596,-0.31219914702630924
pedro,0.020439924297672107,-0.21805411671732555,-0.0569374484812719,-0.23299487569677396,0.30613828448858255,0.2813437463912709,-0.010692288967002625,-0.24249812871082124,0.29218783966516065,-0.037690032506472695,0.2976247094831028,-0.3044692394954826,0.26729122410893397,0.01322066405298888,0.3052460804264736,-0.14128692241659221,0.3187714799372522,0.2796294420461215,-0.17460987723862606
pedro,0.0027294583051421122,-0.2080577461210717,0.07425003294155574,-0.22434340413272763,0.2683066829231376,0.2758182634340084,0.3113981958764211,-0.23624016822865762,0.2851039170250541,-0.030689811395197213,0.28884463064254423,-0.2995101673256896,0.2570780202129205,-0.013212898904196772,0.2893692002690021,-0.1448712325345064,0.08844843370645303,0.2688529315084792,0.30589525889643615
pedro,0.004487259619273725,-0.1908783762174165,0.24197717985760847,-0.23267731972002725,0.2317853119182565,0.2821244791522694,0.24240950241040934,-0.2372664687527523,0.2813574584343306,-0.022199800805646038,0.29258789153386827,-0.17901317017500465,0.25138278699960126,-0.04766504454923404,0.27524848171710486,-0.1530014462933577,-0.29227543384601157,0.2727146005594623,0.2841733702187162
pedro,0.011273448620140422,-0.1689535858298913,0.19465760110276048,-0.247866042364416,0.24509840055554002,0.22670887529236589,-0.30919856770699283,-0.24705989827961145,0.2878999412509741,-0.013116845681871997,0.29005243146390597,0.30838625777701617,0.2587898661788617,-0.007459990941445241,0.28979629814247704,-0.135021233967283,-0.054272651002030894,0.2761414135046612,-0.30542108878195806
pedro,0.0008414574130226347,-0.0683919427011739,0.0811188486604556,-0.1988695853781598,0.2883249355840122,-0.24703338288308643,-0.3249863258038511,-0.2591424626783243,0.3115113155216943,-0.03427932690814541,0.29989174839223026,-0.23671081360361948,0.27744897085511555,0.024618664345836604,0.305237134513878,-0.1283751311573446,-0.24936446950816274,0.23636583800990552,-0.28774761728743514
pedro,-0.002039978385308985,0.018249280351271147,-0.055833844609974204,-0.022690150304649947,-0.33229555507852915,0.09804808922453805,0.32900194102057057,0.15999339745163865,-0.3505326335577289,0.19346693930780362,-0.3208381663929432,0.21026668113716782,-0.29626256607554435,0.04307386131376951,-0.3395905730293775,-0.052486802082980864,-0.22439671220337645,0.24021736245049718,0.3448872736826298
pedro,-0.0003260565313736323,-0.02162925219871644,-0.03798196261735587,-0.15058953023514557,-0.34928793266172575,0.061213959089367914,-0.37152647333558436,-0.04071837004111496,-0.3687709265678419,0.16995685194397414,-0.34228366293378115,0.1455241183744596,-0.2973023199810473,0.009382955279995917,-0.3158870038370433,-0.07765384950810478,0.3481210336018035,0.18438918711990582,-0.23933546885176968
pedro,0.026765709999069853,0.08956820932811269,-0.04863867595130195,0.20247102447098914,0.3720368882194648,-0.05699516432320752,0.37577457778848433,0.10486544518525674,0.3695939124032265,-0.13295000999148876,0.3227005886875922,-0.08824907799881486,0.3109771747166648,0.0013192406093829566,0.3049506726550442,0.07931584642497658,-0.3418470039145229,-0.1715119321837037,-0.21513948432934682
pedro,0.004532363948307527,-0.1355222960423983,0.1618028196347963,-0.1837491058396063,0.3188043785646487,0.05801226438055201,-0.37262133851946133,-0.1700984815975169,-0.35800213484671883,0.07510464420695596,-0.3200180088897224,0.050622003715712585,-0.30828474186489696,0.10852260497373364,-0.3349829490282695,-0.07502006142777881,0.18678174279348386,0.11148115104780028,-0.37169069326659065
pedro,0.0023261180896027066,0.19309111770261014,-0.16206470356895575,0.15900953746203378,-0.27917175510713294,-0.04154753987685681,0.34715270824449035,0.23054590146908652,0.32427078876552384,0.0169230476354441,0.3137522613525779,-0.03048461711058199,0.28658520314852653,-0.27743981297621756,0.34114378886003305,0.05263582782549041,0.2870509994658187,-0.06562635973230396,-0.2967675359228236
pedro,-0.004541121039656567,-0.20888043863026506,-0.08148475502429331,-0.2180456872459509,-0.3293950263401607,0.008556979834680026,-0.2391063993167942,-0.2422618882828992,-0.3581489222940715,-0.009611400724993382,-0.3247985003387045,0.017601933632132787,-0.3073626901905659,0.056950791708774755,-0.286352974902275,-0.13509518213252522,0.3252990568139668,0.06765797122774508,-0.3677231648705597
pedro,-5.2164901798440356e-05,0.17511652921556875,-0.11647003835802539,0.015845327661503116,-0.16979799910197682,0.04401425164674553,-0.01788984710233054,0.20655899232742536,-0.04008803944752098,0.18287222130377687,-0.12666012595111026,0.16005470599613747,-0.34883083894717637,-0.4974865818872769,0.5650426954414564,0.01943015005421983,0.23502919747913306,-0.18152819502656556,-0.16743697469950564
pedro,-0.0055541345414135464,-0.167931697097908,-0.2814645647539791,-0.35627650641694186,-0.2779567838651684,-0.004131993304217864,0.2493743455071864,-0.23443185742617395,-0.3154248202122371,0.014991248401852524,-0.3220014724771516,0.05353498360275333,-0.29480973119825277,0.15482478238590341,-0.2588703380795228,-0.2943535817637465,-0.20835686516538768,0.0968940357490622,0.21819688137783141
pedro,0.0030952536257182897,0.22702747714765018,0.06515429983927556,0.3424038745016254,0.19208908019652474,-0.0461002743394817,0.3601692184021382,0.2433390396124952,0.3330037663403054,-0.007936682662948514,0.3279984189473578,-0.04868186024006359,0.30381617696510155,-0.07679128458019856,0.1724650437019537,0.29492990092717253,-0.311226973782125,-0.13276517588662382,-0.2206549548547206
pedro,-0.006273801916555073,-0.25596079684867423,0.20693542016548458,-0.2635417607064916,0.3465583346984693,0.0690962639241307,-0.2985055113876599,-0.24480461608592854,-0.32532058984108925,-0.035275029790159736,-0.22082248453304798,0.044027262499935,-0.303119764612576,-0.08691583618599559,-0.21636990376755827,-0.20768915110679517,0.3011659393366619,0.14367811485612347,0.29964303621257854
pedro,3.147989328303082e-05,0.2602571179183286,-0.3103571218430906,0.137206976365245,-0.327367793508295,-0.06606014741270283,-0.3738961306301426,0.2957464574507852,-0.10801657678454724,0.3065880986258496,-0.3196610830502632,0.09639129159725036,0.1138174873914125,0.09478187546217576,0.1409872586840166,0.11931868567358002,-0.326907369012854,-0.16929316541048095,-0.2638213790757183
pedro,0.0002915066259497906,0.2555623800408296,-0.306963789949786,0.09683119266175112,-0.2547571325844534,-0.06664408116311317,-0.38627968691891507,0.2721454329759438,-0.09533726681038947,0.29148615992122506,-0.33628327719198126,0.12564194557429173,0.09546805084806105,0.2884652526643446,-0.04905189859157153,0.18400284552387822,-0.3451629807270141,-0.2366536533988601,-0.10867115473922256
pedro,0.007718729628557436,0.2880000811012433,-0.12060180409260406,0.1721127233103836,0.19315505888139292,0.01188758144571796,-0.38967322780430425,0.2668794728739123,0.38088537998487376,0.1849772435604954,0.35848559227943066,0.10722841346589372,0.2564795608136274,-0.060694135851987255,-0.084433461750971,0.14400920728543523,-0.30106533710699257,-0.31222846186425285,-0.08722407807199939
pedro,-0.0028927940938012374,-0.28107467412568965,0.209849752509169,-0.1334322844404011,0.3758195002900553,-0.0128706566726889,0.370863884110399,-0.25834724729557185,-0.39251683181188873,-0.11397489841499614,-0.3155575080046579,-0.1020210581620802,-0.2691143792100472,0.06384111242839428,0.19367536035353186,-0.15940624551947283,0.2613953355920223,0.1673853433621464,0.025651072039984926
pedro,-0.002185465227110772,0.27262660117346454,-0.2642865968711054,0.10939784936737483,-0.34984653487046913,0.009733107161855607,-0.36413469132739634,0.2547639846283209,0.3861394086177229,0.08456138354769314,0.30304084305253604,0.09756635159857877,0.2671215631033874,-0.01308752630321742,-0.28517997615067053,0.19780594214468136,-0.24245611938557132,-0.12447650325108545,-0.0025963285410362073
pedro,0.030592411359158023,0.2670467013944488,-0.27085721496317305,0.10402967067434013,-0.34101724131278865,0.00828180773826076,-0.3592320510121538,0.24782694721647913,0.3780295038342218,0.07985091974695892,0.2990323778425945,0.09538242953931264,0.26285940398109614,0.0018645536728192002,-0.3119677846602275,0.21695271847594566,-0.23386240687194373,0.142872519527137,0.03573926133691692
pedro,0.025806144653291785,0.26942210416473555,-0.2717990254326587,0.10344942471838275,-0.34245664694935785,0.0069769760678101925,-0.36085282734442187,0.24500632266943095,0.37839616576277374,0.08046235247997136,0.3020120752701606,0.09585072476615149,0.26364884602466293,0.007934857650041902,-0.32085175115169595,0.22867309543051867,-0.21299565110061391,-0.12238860256498639,0.007322160277730644
pedro,0.008127187977350112,0.27281947083487235,-0.2691662175290292,0.1031626955284515,-0.3434333287492559,0.005046421269828126,-0.36111595659920415,0.24058729656772432,0.3778793276814696,0.08366510524850024,0.3061312332256479,0.09508861976076588,0.26170356357854146,0.020231571293874304,-0.3205398660446752,0.2345790958968068,-0.20883709010912305,0.11562291856147872,-0.003743002563953367
pedro,0.0023916949409853463,0.2888701969350647,-0.26710282944782404,0.10403968905645117,-0.35438749222779475,-0.014252050558138323,-0.36699748228202267,0.2366449466993601,0.3455972466580059,0.11425024780148027,0.18771853584685858,0.07130319220391618,0.2625218076268633,0.044541047717299165,-0.29926563593774924,0.22123968686470943,-0.22468727632400623,-0.2739038483280604,-0.10087144300382353
pedro,0.002086117826373326,0.31693654997672127,-0.24532034921724555,0.06367388148466267,-0.30620545871574184,-0.10636729529675162,-0.4083505891372075,0.39434772950679853,-0.04869728789848861,0.18335633667241508,-0.3044025526725194,0.10952348065861078,0.14784481069247235,0.03398995389520199,-0.16866253741347684,0.2271521648764467,-0.24847792321861167,-0.2784479169769316,-0.1581085203671116
pedro,0.012700108899534055,0.33322086983527255,-0.12444289820976974,0.06535672427418994,0.41526184995096266,-0.1315369991845618,-0.21471944433649898,0.4289422186447641,-0.24939389121640163,0.21927797668252955,-0.27393975331658704,0.1607315034604538,0.08329822855719321,0.039538886464502085,-0.11657731449442749,0.2263874587084968,-0.24883829507199046,-0.2737117936466885,-0.16741027684095122
pedro,0.0006096870887862519,0.3411054633310106,0.2384244666522336,0.18114161616198038,0.3315079633567859,-0.08782357839898733,0.3866709487389897,0.37409555202842243,0.055149412991830495,0.15921613730345185,-0.32782528808489536,0.06792394299260056,0.19169103616361333,-0.015698397578249534,0.06766348050887423,0.18296288987780956,-0.26848975382399304,-0.18361887724517456,-0.2561123186896435
pedro,0.006192138295329025,0.3280106536450395,0.3612368498313288,0.22717500128986373,0.2745995062660749,-0.06696503712844418,-0.2322554401274313,0.27124637155932146,0.23781867180887212,0.051748737275587695,-0.3548670466408374,0.009977148751627654,0.25294576964237503,-0.029781910564877924,0.20204404639319237,0.10848632833337299,-0.28646462629233316,-0.10398305816714545,-0.32757014463952405
pedro,0.007150490946482864,0.3234906318782658,0.3705587594149048,0.22978795864585227,0.2693205116349599,-0.06577050710489261,0.17978497421996112,0.25520286870530245,0.25861967074722186,0.02301067417060795,-0.36331045114126737,0.01498361494043179,0.24907030826094836,-0.058253802172946435,0.22767700662062748,0.09840552536971928,-0.29567474968167223,-0.10449533146224738,-0.32557891791319166
pedro,0.0232253470879266,0.31511939480481177,0.3668511182285006,0.22648712370146382,0.2622971131331338,-0.06365808868531656,-0.3669035529234737,0.2456408306931623,0.26817205588173887,-0.00026624553790260356,-0.20044665036687967,0.014800011274795096,0.24248180471255754,-0.08312776156378365,0.24240316243674612,0.09021521204554946,-0.29858508774306536,-0.1012567705031782,-0.3204495367252
pedro,-0.0029101399392183645,-0.30249997886636604,-0.32979162833050985,-0.23336229862969407,-0.26771366120761275,0.051424970349002855,0.35932527411884596,-0.2340235736360615,-0.2769480163233532,0.015721038224474564,-0.2032445863687709,-0.009805803091883846,-0.24639501931381827,0.11868416880016519,-0.26987631792285016,-0.07931115070959481,0.3160022028900057,0.09569420361738418,0.3252535907252403
pedro,0.004010486552916531,0.20510043002581427,0.10206114124419641,0.23220677908283135,0.3410624391439636,0.033533045571115444,-0.3718118888953618,0.20498756623538697,0.27041458720784795,0.1293952385557076,-0.3080460119469945,0.06165075899480513,0.2722771633164254,-0.12918099266339322,0.3296991636628369,0.07356295139871542,-0.257960653591494,-0.10388680148994427,-0.3536285900976603
pedro,0.005495375464631347,0.19513101591073012,-0.0495218455070343,0.19716698713537434,0.346741727955745,0.008946362322009144,-0.13425999900731883,0.23260894600979776,0.3318475015427804,0.06141495004108581,0.3434122041506464,0.007690813095909681,0.27212377187763365,-0.255519902778309,0.36353399794203084,0.03448555807863521,0.3323760458775151,-0.10389737173183376,-0.3198624395839353
pedro,0.00046564826569808065,0.3142281365072472,-0.03908095482831353,0.10161656936785875,0.33211726916305484,-0.13077451092280648,0.3472356765786892,0.24035861563439834,0.323520972318872,-0.08179923948798164,0.29049098422735553,-0.06615067554688876,0.27483942143388945,-0.21334343293404912,0.34266706277956466,0.05843254239322999,0.15411723843832265,-0.11353441223568621,-0.32405469742114784
pedro,-0.012224586148937991,-0.3369189341295443,0.03641281585811492,-0.10901205122983398,-0.33673044944359076,0.1296881529166074,-0.269333279457658,-0.22148433634701484,-0.3338506139089474,0.0644975346478094,-0.2989151930562116,0.05245825071325653,-0.2929961585583829,0.06196019555769193,-0.331693403483871,-0.0896286577414685,0.2675181682431705,0.14051951246299657,0.33868025970304233
pedro,0.0014656791417483129,0.2651813357065011,-0.09037844210293067,0.1727967190087615,0.17528077804597056,-0.046562807278748335,-0.3552809478807697,0.2293060477601643,0.3319738839628466,-0.021389293437615774,0.31348275798775616,-0.023248857994269644,0.29068147199148503,-0.10982506410938879,0.3404987459566028,0.08310578172417633,0.35162644605374543,-0.12939616610965343,-0.33270221370833036
pedro,0.0051617447986688336,0.2586931546018536,-0.19163985329724498,0.16003568455784703,-0.31119952232419745,-0.05697046124091304,-0.22918191095175772,0.23486682627904876,0.3286540282276833,-0.0014012271384896482,0.3142940756430661,-0.00883685548848497,0.28584762994777224,-0.11893409265902716,0.3449730302580564,0.08006700032818245,0.33726819741675224,-0.12204039178206258,-0.3258431547589887
pedro,-0.005931557238509234,-0.22439185364534264,0.0005234751944319507,-0.2100561538066912,-0.34277315598502267,0.009939544808086427,-0.21421178535465898,-0.23985302570151276,-0.34471275330116546,-0.012303766669368789,-0.3395976017551149,0.005084659584165634,-0.3000618360642259,0.05978730480989846,-0.3153849877526969,-0.1316781492840218,0.35746551046684294,0.13950946377358553,0.3041750417517711
pedro,-0.0001003922345278119,0.20200164681752375,-0.01658256710043686,0.23136018242142017,0.05076734372560639,-0.13200455657972102,-0.02448899125724442,0.15445274321736988,-0.5142417056816909,-0.34835336741569084,0.18073268072090745,-0.20135339638381014,0.2505114118704816,0.15010465824447258,-0.22425087962757626,-0.3459121945415877,0.10289019514555797,-0.0029630743702726858,-0.36892626435247355
pedro,0.02860889468760175,0.1781310941093824,0.22045806315503655,0.28345033797481334,0.2934831961008887,0.01751306921852906,-0.3531748983005871,0.24733426055936064,0.330187329142474,-0.04302312087931729,0.33452741820759097,-0.04440044402722937,0.2900878654359146,-0.15283533175178926,0.24884839831057504,0.29966495573249347,-0.13599004198332687,-0.08922362478451129,-0.23777006136648807
pedro,0.007162644878126212,0.18139489757918253,0.22564621322774742,0.28829853845975034,0.29088852434302737,0.014092999478098216,-0.3513933395391293,0.2469966891460646,0.3259288145532134,-0.043555294029029044,0.33458254541080085,-0.04706100425647616,0.2876638867142527,-0.15014727061102015,0.25474602730055695,0.29866890349634195,0.13553455503316947,-0.09746071120536275,-0.2328428529745557
pedro,-0.0032932805738708605,-0.20844318826328812,-0.18119864096015542,-0.29522344597025457,-0.298652922103009,0.009687099556287482,0.2016120497753115,-0.24580760925690218,-0.3253723063202688,0.041921834108505855,-0.3345924772746358,0.049441616757066494,-0.28650563840446364,0.1327240770664593,-0.241467139810118,-0.2929872188004479,0.3443975279291225,0.09962941449894971,0.22759502064146772
pedro,-0.003288557136606587,-0.2767761827796419,-0.03671084258156871,-0.27701613739279696,-0.33636493132610423,0.05913101749326715,-0.37046397821614807,-0.2597165612204905,-0.3198234007433156,-0.01272357504390099,-0.20708035774473604,0.04913662302942424,-0.3000936044279288,-0.024927218517457026,-0.19797112731863717,-0.2482198721274726,0.30342787012004935,0.1221548901460707,0.27884788693342955
pedro,0.029465657570718895,0.29894600101338664,-0.018625620217484016,0.2474181725526907,0.3506470455284025,-0.07136285618992826,0.21309421305952075,0.2946561984437753,0.2579893905752003,0.11282789692268044,-0.3341186956197023,-0.05034572929190824,0.30373247637340267,0.1209342382198371,0.20948580983731205,0.1907933505514215,-0.28338899292838227,-0.11076145978867212,-0.33998559402007256
pedro,0.007501188543990976,0.30508906177943207,-0.09024852872592955,0.22588364379683962,0.22368736510471698,-0.07547528213280039,-0.3808278861195155,0.3257673790510711,0.18298305160032097,0.18337075218933582,-0.2993776444393456,-0.0019217338790182862,0.2616762432137887,0.14751241599127313,0.22507020574158929,0.1717721162273215,-0.28932721551802343,-0.12974066807375556,-0.3364339833544724
pedro,0.0001424065209179585,0.24292423161726873,-0.3640081791807549,0.08356192172776661,-0.32743060521266987,-0.05625112963258246,-0.32933419785181645,0.26461694395353824,-0.1676199349251075,0.308474549633549,-0.3438120911800907,0.13907476046114348,0.06399380567779125,0.19842200235821428,-0.08656522353143889,0.16425157011249153,-0.3254911725029417,-0.2364669877801701,-0.10974447241876792
pedro,0.0075951158662451446,0.17761864489123316,-0.35128942612488295,0.062239337644164575,-0.3139370794539517,-0.00018148864185313132,0.36858891068768557,0.20322533585980423,0.2918651071836481,0.16548713720538458,0.3452528873967901,0.10303405131435321,0.21472418363006648,-0.08795468606016082,-0.37527927315059245,0.19865629387106656,-0.2346922359585406,0.17848977248895354,0.0446269903895788
pedro,0.02380884658698007,0.18195061457239298,-0.3477195881926569,0.07095133732409895,-0.31160839087927816,-0.00018404116875652806,0.3652211020953859,0.20394597035322953,0.32162765059078935,0.13666015787368946,0.3222890545714521,0.1094131834094036,0.227974801452013,-0.08196690144402553,-0.3679533675687516,0.20398557354147623,-0.23068896627546118,-0.20087410915221354,0.04062296872002314
pedro,0.02498399602618377,0.18524684580705084,-0.34449090871262683,0.07646307872865608,-0.31158933156881313,0.0003856861912579211,0.36469956488816346,0.2065222006270573,0.32827619322828805,0.12328423777089799,0.3173194804248835,0.10623983750565705,0.23207184782100526,-0.08065075063985333,-0.3646186257809532,0.2102216443088099,-0.22801590609456016,0.20390286937191093,0.049046360573772825
pedro,0.008120452558453737,0.19010958150457813,-0.343449358436014,0.08541663728290112,-0.31410501462146634,0.0018335812439580026,0.3665884062330822,0.2106069198113425,0.33382572938987276,0.10951629097760915,0.31666058615188264,0.10771294426068732,0.235290092719178,-0.08315046279425277,-0.36340586689879817,0.2218431855913356,-0.21294025463209182,-0.18392368929891112,0.05623753381641146
pedro,-0.008892016864640433,-0.20746122179748816,0.3537573417475298,-0.10828611936233414,0.3355436762258485,0.0010258535523755567,-0.36033137420104155,-0.22746921908445852,-0.3393249228249892,-0.11995360066286798,-0.27898815580400965,-0.09766053093098356,-0.24973954739876036,0.05969724930136048,0.3668187346770404,-0.2524968938571501,0.20406084208868716,0.05288989538084539,0.018261111452257332
pedro,0.0020004458181432745,0.29046484828208746,-0.27440031637552154,0.11938861477981916,-0.2986819822122243,-0.0883194321565804,-0.36403352805132544,0.34967296762155464,-0.16567774149888373,0.23834344197024088,-0.29008567522506573,0.14617623044343867,0.09783801948086865,0.010121510934596241,-0.2552632699523574,0.25424976567989677,-0.24234979377361604,-0.280211053267991,-0.08817933178982822
pedro,0.01322953860974486,0.30832546296360835,0.06627796568132965,0.18104037786936722,0.35688163320098193,-0.0759482181752205,0.2131658309182,0.3857153530556891,-0.2592902735947961,0.3055230945274927,-0.2881209382275013,0.13845061849567222,0.11334959800838577,0.0036140915467242456,-0.19583384393874664,0.2796487274854718,-0.2503901442471202,-0.2629799919032431,-0.12802784823159874
pedro,-4.237785644328509e-06,0.3403891878758414,0.25203440790795195,0.2569700865803367,0.320070504394886,-0.05546708212662487,-0.406218570836049,0.31265573411091946,0.14983488750135762,0.13741062801146936,-0.25911340426665413,0.04846080652106305,0.23064286163247072,-0.05335639106287995,0.08758330023740228,0.18013225095298618,-0.28197842008280966,-0.170981817773602,-0.2656367523814704
pedro,-0.003386389724212518,-0.25076737002734284,-0.20580008486787182,-0.2766058488909756,-0.29580336760452797,-0.010338983977717466,0.34311441214121546,-0.24894776992275447,-0.3122704239768483,0.04292744555303994,-0.34072805497862785,0.009571476043334016,-0.2683722798172315,0.1293163498604963,-0.29039458653105177,-0.08165638967788809,0.3347640756559079,0.08530955931234543,0.1905558836671495
pedro,0.0006955866484568351,0.24043020081830285,0.17704756996585835,0.2773917871397564,0.29896133040742573,-0.011121505625793122,-0.19864135363001026,0.2641787915920926,0.3045470490912654,-0.03959617113506537,0.3454751803153354,-0.01929146989617068,0.26598100145061937,-0.14186322427673984,0.29337510782262605,0.08721293256743745,-0.3226590816043625,-0.07486097583667263,0.3561596525232102
pedro,0.006052364978025457,0.3225491695189035,0.09222294402972178,0.23398131788583099,0.31044257093390343,-0.11631555261859965,0.3401093041690068,0.29817741159876576,0.2888235984052978,-0.04657724118972264,0.08027542604504478,-0.11030574327301793,0.2802810327558292,-0.1395622283419153,0.29497770613778845,0.09619059592384478,-0.3178161022430224,-0.0563082415463851,0.33991829080559594
pedro,0.0013485575327983016,0.34658363841410034,0.09109596368318973,0.21413239093832825,0.31165636895322607,-0.13417259061299194,0.3397005204404548,0.3069420483779649,0.2810334043742649,-0.044566229544115474,-0.3320150975314218,-0.12147106697317213,0.10951306685120243,-0.10370690266487806,0.2643802053759668,0.12042959200666556,-0.3012464421492201,-0.04070316640361581,0.3089935873997729
pedro,0.03047905135437806,0.3022289780293801,0.1327916022827301,0.27463603372174566,0.30715403425471327,-0.05351310551813072,0.13801309747820262,0.27555806197696914,0.30266179474842814,-0.011288436556573736,-0.350727632982629,-0.09325597605552444,-0.3601452144232979,-0.07844616459549768,0.24731936358702647,0.14619534523202535,-0.2984357314880789,-0.04359560906814104,0.301016684281493
pedro,0.007824426687653954,0.24360079612679877,0.14225029338959128,0.2849337189807892,0.30531389247836427,0.007222495768643666,-0.3511350397633607,0.26008543390594635,0.314711215658227,-0.002085552558943929,-0.35492995714595127,-0.08752659353734975,-0.20333640759772273,-0.07496871841063894,0.24813497305725357,0.14770631365145562,-0.2953638751831287,-0.04962453571494833,0.3198235153699643
pedro,0.026033704899345034,0.19447853904020881,0.15165650855232823,0.2802003987506362,0.3034516039154127,0.05019340909243674,-0.3388556556507588,0.25043034858191554,0.32375053946593413,0.0001484282723581835,-0.29497527865911144,-0.07582279458106979,0.3609924920862881,-0.08311899962897738,0.24628950738165134,0.1490016400468231,-0.29219843733765066,-0.06631992417294662,0.2847609645485587
pedro,0.001818019221682247,0.17377714728434557,0.2164197977545932,0.28393523570173795,0.2898270093280581,0.04694253040739129,-0.3467577473167339,0.2655128488665612,0.3189755632922186,-0.021917444471352746,0.26865799304018523,-0.06420130021096078,0.3522777217891386,-0.22293080246165664,0.20759316658147484,0.2443475221427833,-0.22241713850564587,-0.09948269035080202,-0.22564171459839977
pedro,0.021533442504379025,0.15921408133757858,0.2327708955133033,0.2822839076304989,0.28116292273398047,0.034135563298578,-0.3474637303869932,0.2554800922269594,0.30846835357696156,-0.03502674758131657,-0.28317760628445815,-0.06774850140820865,0.3430057053975813,-0.2658597869407862,0.20382542156589342,0.28599227584314313,0.1877748695546888,-0.09986935565056289,-0.19105602840242547
pedro,-0.0009139969630836964,0.1359626622048829,-0.00918314399787247,0.06759443993896108,0.35582877924869954,-0.16536830290776225,-0.11446166051581468,0.09769063401087812,0.14371753854943098,0.28977231676971255,-0.05441546554665933,-0.12215315663575702,0.23489838618149533,-0.17303889757036864,-0.17112793411978164,-0.0953886775639628,-0.41368354473298213,0.4879536582258971,0.38080650764811735
dan,-0.0021239697607107703,0.010233132056224782,0.10168803080202782,0.3360702680110689,-0.27878097457483986,0.2095298639907946,-0.3310110272067799,0.04227335931528915,-0.07502303825316001,0.2995298691720979,0.29748697381859307,0.31959836920781237,-0.2606501604332141,-0.02530493363392408,-0.11331895609211357,0.059493261214126056,0.2718887738645502,-0.3133299647419782,0.31715580042642655
dan,0.002181459770565002,-0.13037920811478731,-0.13080875423903562,-0.3317500865363562,0.29117182343351244,0.3122852753150552,0.32706992008258706,-0.10041810364429204,0.0655189761086608,-0.2574904757056745,-0.2874750495476389,-0.13940244535365723,-0.32562359168932675,0.016272699723915388,0.11512893636299662,-0.06585675682859408,-0.2696302653471169,0.2999209101186203,-0.31186726623253824
dan,0.025606709060096433,-0.14860954780010538,-0.1369059836510148,-0.3284985193831775,0.2947430258029208,0.31039167402260803,0.33038226715552615,-0.13882377788120345,0.06762497021964481,-0.23819413028817138,-0.27872634420405934,0.3347604991669019,-0.12513686195480497,0.00686051313275458,0.11496733897855614,-0.07144479950859917,-0.2696471843740135,0.290344334165328,-0.31228131170421947
dan,1.4706867777895338e-05,-0.14145766107347163,-0.21361446749801827,-0.2207775765673225,0.31876736186472954,0.32150708146795554,0.33290428763508395,-0.18911276570029575,-0.11385255608076279,-0.27747757282369623,-0.2545688874728785,0.1556367433576962,0.29480595652851227,-0.034810718431482666,-0.06391815948395375,-0.22886750457968985,-0.21583692351214712,0.2841513306898705,-0.28835296307502933
dan,0.0005497442708694011,-0.08575082055881597,-0.2079768987019957,-0.20716335856740084,0.3070559393442059,0.29522793240472583,0.3117676747579327,-0.20218520751947688,-0.30716641318601623,-0.2412753473658276,-0.18485872609826856,0.003832409987122698,0.2652544196824125,0.02046074839810752,0.22646386707302776,-0.1413960998106051,0.3099114007808842,0.28425193552537564,-0.28513323693732495
dan,0.0007812705804319808,-0.09184516169529502,-0.19392345927416876,-0.21066931769976258,0.3001409660139967,0.29358849838927686,0.3133434903360956,-0.21351114300512525,-0.2921422284267441,-0.2460239380405573,-0.19422069016122143,-0.0025908667158533807,0.2709043684954409,0.01976346897552018,0.22529983614646168,-0.1428710506125551,0.3116214539459186,0.2859702908809662,-0.28650397612925915
dan,-2.836155060098095e-05,-0.13607397283129644,-0.20106362028116886,-0.20750516133106287,0.3046952559329401,0.28116707902182614,0.3136263642186682,-0.2656809645007303,-0.25912231492760096,-0.2852332009942105,-0.25423246166725566,0.2523007601379045,-0.1857592888398401,0.0014214294717904716,0.1988428154100097,-0.15081307775284727,0.13508611396114725,0.28226622809540014,-0.2926613565152093
dan,0.0015178987273470374,-0.15113965345496572,-0.21263656034686898,-0.21553085779294964,0.31269278514696647,0.29930011714665633,0.32130393197907503,-0.2593517271262743,-0.004570492329135697,-0.2921762926183849,-0.11287046924898873,0.2659929652880038,-0.30867555666559987,-0.0163897387383334,-0.03509380739704057,-0.18855797243675895,-0.23068925600189194,0.282382807121771,-0.30571180733298475
dan,0.0055727046005342035,-0.16941588025836574,-0.21557668443325634,-0.2171119509170313,0.31582829365891535,0.30971097524699875,0.3267098887272452,-0.25016681970644167,0.08989391300486495,-0.2655729226698351,0.32000095277743623,0.27304431215596636,-0.12314203311881788,0.005944686906268367,-0.1990047579979615,-0.18886779162433495,-0.18546874951426157,0.2532435566180851,-0.2610139344730225
dan,0.0012850879225277285,-0.15631474612286356,-0.22313284680901513,-0.2182245976382942,0.3253236851800768,0.18565356682072523,0.33830171814095505,-0.23759172625605304,0.1301233954121024,-0.24739817765114197,0.32112087862321986,0.28730553851321083,0.33872622531073665,0.0499949724441916,-0.3048380116790774,-0.19493822869861396,-0.18072165770893694,0.11728813595530493,-0.09260064074780888
dan,0.0009572053613581044,-0.12054797752800606,-0.20744187464392744,-0.19500127456361027,0.3025107024565901,-0.31472849213057486,0.31414746669495663,-0.20991414620307408,0.136370703534674,-0.20647267383474383,0.29751751675068505,0.2756810764798604,0.31407003100053504,0.07780577460036496,-0.25904289046386736,-0.23003826301988378,-0.18951606737906837,0.08399766346041278,-0.2786755711144099
dan,0.006541139117231111,-0.11641990766716204,-0.20675590516227504,-0.2037135610920714,0.30462202577129743,-0.14239498460244274,0.31758071565321866,-0.20648142361062624,0.12033252442713628,-0.18960229447078178,0.27540114616068734,0.2940827629933452,0.31903070461827554,0.07807905825306977,-0.15567054153768042,-0.2488960827906969,-0.22291056888011074,-0.31788994589329034,-0.29677285969887834
dan,0.0035924303261574628,-0.12516534045466757,-0.2067480758366696,-0.21464961886247827,0.3032981976337031,0.31752454104299643,0.3176434013613564,-0.20705638760989875,0.09385846036968863,-0.17234194120977495,-0.3188866274134627,0.3046161536514157,0.3166157729017679,0.0699966415313154,-0.033950131909471805,-0.234839311306604,-0.2525717079866301,-0.11837323452346325,-0.2944323079966903
dan,0.021767377526546783,-0.12818510214109388,-0.20754728278797974,-0.22086423869521649,0.3027291377030263,0.3152953031522677,0.31846170510177335,-0.20930027911999768,0.08798680354206403,-0.16417133880027476,-0.317739919532148,0.30649789746928185,0.31571514903790043,0.06656522820765931,0.026902687443232796,-0.22161608174977082,-0.2699533430486871,0.11717241139333684,-0.29204286888776576
dan,-0.003054342630999735,-0.1304400987079566,-0.2045306208502127,-0.23146602206063238,0.3033989317121936,0.3163754228896758,0.3213012134098155,-0.2146032361099261,0.10268821648511241,-0.1539878541801563,-0.11348795825356361,0.30815338722335156,0.31446006348625477,0.06345631102803907,0.11712991386960712,-0.19504964101717281,-0.3011811990412422,0.2747499070672643,-0.2883996390059132
dan,-0.002188949830713746,-0.1334008975192097,-0.1962265853057051,-0.2406830791571848,0.299554765322531,0.3122457541949239,0.3190502756144106,-0.21077517998975723,0.1087203871208165,-0.1409722843684433,0.11737901123256526,0.30697998584453984,0.3110569994878715,0.07629507431430924,0.23944069479564623,-0.12458153532667182,0.253739252733178,0.31314805760537523,-0.2733830525328802
dan,0.00018374656488479878,-0.13096696282171316,-0.23545222968010138,-0.2311519364349286,0.1584561792430713,0.31078841643205973,0.3219319416094184,-0.1847839506296794,0.018294229575663568,-0.1746533935466593,-0.28237558993467865,0.25915060100905646,0.312304535696779,0.12357345876214174,0.2894180335791133,-0.03047210665286804,0.28523275684048616,0.29405895857905084,-0.2672785796284041
dan,0.0005239086971881143,-0.10286369476213596,-0.246064762109224,-0.23030033423356364,-0.05833662717024769,0.3072069140413192,0.3185148008125925,-0.16679334205366872,0.013848117878332004,-0.1758382174013303,-0.2696604106916451,-0.32111716170000376,0.3066765561302299,0.10115344459427844,0.29125515336779045,-0.051986680182278165,0.30500837423213933,0.2979630910203112,-0.26117305264927954
dan,0.005639063197491759,-0.07551051889863096,-0.17217098781314757,-0.2739740470767042,0.29390980509841963,0.07171729977128216,0.3239528449868902,-0.16739220159145973,0.020747176760013895,-0.17453809829079567,-0.2767011667053974,-0.32275437852775457,0.31043394292486926,0.11596571115510927,0.2743225904100234,-0.058912199937032374,0.31124098897787134,0.30968604393679755,-0.2686195596646614
dan,0.0002768777662546015,-0.06740950081935872,-0.09586774920522911,-0.307739788341379,0.27131167192503636,-0.2501470516563713,0.3303129361440179,-0.1768297893595716,0.035430514998976516,-0.1724511610589392,-0.2867845107443659,-0.21825860611232434,0.31700560399212036,0.09924064879165084,0.24866014309775347,-0.05739502081890338,0.3227621865799875,0.3139520849146554,-0.2755304361718455
dan,0.0019274747391653663,-0.08702266339385967,-0.012979086191825069,-0.32500270168494566,0.24391287556156477,0.3308386378555247,0.32382779203926726,-0.18487737380755254,0.0436197802579066,-0.15953785889747563,-0.28863204194995407,0.32955197216370746,0.3156379744881423,0.08695386078871802,0.23915677359322438,-0.060161543264829594,0.13747483873262942,0.312516308530014,-0.2735007154474205
dan,0.0003060629316044618,-0.1087764922346667,-0.09973076088637134,-0.30608813634299137,0.2819413741932607,0.30636617852850107,0.3316437570039508,-0.18217620438885332,0.06224856069241793,-0.15620190016668112,-0.3002493183881023,0.18082310745191127,0.29443566160769885,0.0699509570737941,0.21278385720183216,-0.08964129271623114,-0.31516661099604204,0.2955079593513345,-0.29211476944457826
dan,0.001759895918717271,-0.12918606153564205,0.0038462620774807705,-0.32177623108802184,0.2431409638419537,0.33468658844617905,0.33263192209132986,-0.16642405013047581,0.12337297006279775,-0.1286517356826994,-0.3231421990148187,-0.2910317967322273,0.24685000276254024,0.07354395638240648,0.23325653137412344,-0.051458840581392204,-0.3352247421492349,-0.14250480487664938,-0.3054612437961896
dan,0.0016854797287839617,-0.10886421129930321,-0.01520222402662863,-0.3311056322259365,0.2519614486344696,0.32909937151266155,0.3370296028462047,-0.16146017368189994,0.08857776888491718,-0.14544925923910448,-0.3089158504284005,-0.29414504185878243,0.24625373304410828,0.07166170080055347,0.224504838695301,-0.05631136892881045,-0.33267210265749503,0.1718061574125224,-0.31039915279158875
dan,0.0037162163645802215,-0.08062808970594167,-0.05196079009165011,-0.3328375517252689,0.2706597005969576,-0.21030715941717718,0.3472831644967826,-0.15821280232245866,-0.007378193782125868,-0.17547988707250436,-0.28216175385308545,-0.2996083442180066,0.25209638094206144,0.08255187228504497,0.1867554370325559,-0.09222449020734907,-0.31890612340869995,-0.31158028886131334,-0.32269785733632805
dan,0.024810974533582792,-0.07909594895390003,-0.053695772150870555,-0.32805649331388576,0.2742516127568167,0.19953328029969764,0.35129671838735693,-0.16757524989862563,-0.12302524910841467,-0.19998281722021516,-0.25445850471067794,-0.2795666642429858,0.22734136703404362,0.07624969069471718,0.1526389936286257,-0.1065067758579129,-0.3056719859251526,0.3575716277258691,-0.3244270592059784
dan,0.0005450536096322884,-0.07989602356160695,-0.030498487854927703,-0.3239732432570277,0.2681865238934831,-0.3580855945377114,0.3551308413534394,-0.17054516918867804,-0.2748991680284802,-0.2177484631783569,-0.2295065219022708,-0.20580212242226908,0.14414323786996805,0.07382769488130093,0.17558907838531257,-0.09239895786364073,-0.317622276817763,0.20854726683600608,-0.3230951281617811
dan,0.0037988059914068,-0.0802197086960966,-0.038870979135486206,-0.32295043857244327,0.2709565142985572,-0.15986763802593473,0.34988968489290007,-0.1712356962298047,-0.2777916415168219,-0.22939640100521594,-0.22788542489113447,-0.21427920996697164,0.15240975142576232,0.07680771654829364,0.18942541417511746,-0.0824222099910888,-0.32332198934814577,-0.3572880023834839,-0.3246593091764602
dan,0.0027883707501921225,-0.08638084298891868,-0.16224831867466205,-0.2896526583656415,0.1961787689585299,0.33530132104996657,0.3376874236502757,-0.17515426080886826,-0.05757299384079554,-0.22508552778119012,-0.2702859928649947,-0.28585368794953603,0.22959994448157933,0.0666352891214183,0.17379115122688704,-0.09409340785615983,-0.3094569815968448,-0.29050798102998765,-0.3187058838406495
dan,0.0011233532715300976,-0.0890517276640829,-0.24982978683595825,-0.22198938827465112,-0.1309896110313615,-0.33896204649100553,0.33244170430555425,-0.16451952858136565,0.06276567614739544,-0.19655845235592526,-0.2896133641527945,-0.2937115571361972,0.24951197114088539,0.05573079329194256,0.15708215680322618,-0.1018641181042318,-0.29404580882537634,0.3383618394823511,-0.31089518362122176
dan,0.001137406995876956,-0.09030940767893222,-0.17987141157380082,-0.2449578963758914,0.3159114659600915,-0.286361215252541,0.34374007636079495,-0.16449589524131272,0.06481546220660282,-0.19228076786692794,-0.29332460665593424,-0.29974581380516296,0.259596008736008,0.05665737137700143,0.16014963520117406,-0.10116882657490131,-0.2936122971025612,0.25063427870004984,-0.31606716808045626
dan,0.00610078778521328,-0.12762850247851237,-0.1756620291820375,-0.25314851495474566,0.3157371762925392,0.3441002463160347,0.34434340294055815,-0.1700056175831363,0.07077366117311766,-0.18972216672998407,-0.29591779877562685,-0.30283880512138794,0.2623798830653056,0.059057540414932504,0.16218410616481704,-0.10241664786751441,-0.28929661663942585,-0.07612997418441408,-0.32296464256309465
dan,0.0009028073694425265,-0.13728968142797274,-0.1706840716124336,-0.2519982090592958,0.309679677151112,0.333949947988953,0.33853308184277775,-0.16929569250390245,0.07057789334074137,-0.18730392054406775,-0.288821307327817,-0.30342889595652084,0.26240827694343904,0.056994115644522024,0.16157860710102667,-0.10078878783006405,-0.28920349484417746,0.17568840878855552,-0.3152733209229137
dan,0.00023863147411937587,-0.11227321375980906,-0.1465611870833189,-0.26396705285875677,0.29748675913907713,0.3378495208809989,0.3377122305672475,-0.17943790203265325,0.12456150638892922,-0.17405635796964802,-0.09999421055043617,-0.2947400245828969,0.25245774541886534,0.05973905386292499,0.1560364240102201,-0.1044373959807567,-0.28922613176826417,-0.3429963654013316,-0.3175052488143742
dan,0.0006037917739314493,-0.10125538734116576,-0.1350988596163688,-0.2668371377340137,0.28835569154721913,0.33122116722580475,0.33238932219390244,-0.23286852640206906,0.2348046097497512,-0.11141387637191474,0.30301065527503607,-0.2894935614831786,0.2413393457578106,0.05400448267244613,0.14703843276015663,-0.10589999303187363,-0.2836115051837971,-0.1572786864990015,-0.3168440117428328
dan,0.0042596215695707524,-0.2057663410866276,-0.14000292816802107,-0.21778970947003054,0.2994036862223793,0.27062237427994157,0.3321867353755082,-0.24586101584303374,0.19451258939984922,-0.0784980506220593,0.29356625234489503,-0.19836554665270592,0.24840399937202262,-0.025428430832901947,0.16004226879378836,-0.11404762601111093,-0.29265136109659373,0.30449124708003794,-0.32877640863453456
dan,0.0005366136278528335,-0.30522065288585615,-0.13853098686371412,-0.1238130085703608,0.305807654628154,0.19540641842616893,0.33470342992485663,-0.2560241342539344,0.15556980999497147,-0.03455050141630434,-0.34858820303537885,0.16709134999304856,0.25614142649109306,-0.1313407368719337,0.16010537745914893,-0.08724353962268386,-0.29744068945266816,0.2627388932936408,-0.3385372807249474
dan,-0.0007880186720205878,-0.0022723230505517066,0.1350963152270568,0.09633296139084248,-0.33714318302932617,0.2515751452580498,-0.33498977742044356,-0.0014396236070210223,-0.15145302633591942,0.10505325186416123,0.3750912193628148,0.19645407213020127,-0.2996149033369978,-0.04731057251896348,-0.1741696008600218,-0.08788782041873941,0.3423199916709663,0.2879537983183349,0.37397738347455595
dan,0.001293986180364351,0.062360073572376544,-0.12558839522173915,0.18415807892640293,0.3514631854696831,-0.05536282413471228,-0.3251867291882292,0.14031396154936798,0.14593943677042281,0.11294285278685393,-0.3808569102741589,-0.04192772175369096,0.3207709417687305,-0.0660671569518622,0.18451299804254262,0.2668977823981576,-0.36112259649075684,-0.14909662652941905,-0.3851710640644131
dan,0.006943681364283865,-0.08619730958275118,-0.1286601186392798,0.20803501653521422,0.3475746102654661,-0.008333957765869334,0.3000535510364531,0.09034579648094186,0.135711814663615,0.18162495262330655,-0.3738099496450541,0.017252282347507752,0.3134833768906535,-0.19804579984983953,0.18867938679819618,0.2613159103735527,-0.3594384406171241,-0.07532088265850086,-0.3820733155415551
dan,0.007289610909795313,-0.1500829406359816,-0.11994365380818349,0.216270941908266,0.3414301058726996,0.004779922089290087,-0.29652843525847256,0.05748328398951905,0.1305409427918091,0.2028873085651799,-0.36445756159523013,0.0286400879930286,0.30918540261041555,-0.23159300245631093,0.18054203551077166,0.2629253441302504,-0.35036617532714115,-0.06332411834501664,-0.3727042290219199
dan,-0.00033743557739998695,-0.02731211947946439,0.13847907148618455,-0.07767560226743947,-0.3572626101308622,-0.024514353086961135,-0.4304071962808771,-0.06544195026471006,-0.14788931393047228,-0.1855403056597471,0.32202282769027807,-0.07984781250069348,-0.3253957037374366,0.25208922201678635,-0.16870191238486354,-0.18744933518430013,0.3151017126189925,-0.0040939723797822096,0.3969483076450891
dan,0.0004983149319019359,0.0035760494648865633,-0.1340681781532127,0.09765613530967925,0.32471423879169153,0.011641867933904418,0.39093288921114944,0.16482051540689857,0.28543216469113303,0.07829681103930006,0.2657133265778781,0.0721483291039302,0.30004126565885153,-0.2714410466911659,0.35710977682482686,0.10018600155402456,0.32038499902444334,-0.010851762833244431,-0.3456330642701675
dan,0.0016212908924481777,0.010312398931715015,-0.24292091547694994,0.0834091144349869,0.3777245704233005,0.02344582795495914,0.3976591181818766,0.04244411705780822,0.14643854869409725,0.13607423466208046,-0.35944271688768725,0.040651946280970394,0.2541240913800762,-0.21679920804888822,0.2069412989954007,0.17634949013497586,-0.3525448673319601,0.008029129538529616,-0.3874234498689801
dan,-0.000245545077110744,0.02659305817058858,0.208245317229394,-0.03775858265717551,-0.379402491846478,-0.045093912481224435,-0.42389689211402665,0.06875814777576732,0.034385240808287976,-0.20276943366386785,0.3460831526323728,-0.02349435602027609,0.22283546259841172,0.20048115243692166,-0.1842211647072711,-0.17591558915808395,0.3630155014817006,-0.00628495085779187,0.41824618660129004
dan,-0.0004930779968838145,-0.1762955949790419,-0.14798274906332445,0.0014240646633668006,0.3358907546335405,0.07505042575146884,0.39848178564417,-0.23788548971619772,-0.02663751974563698,0.218819762643814,-0.3277153955759689,0.09407482018469468,-0.28601298011171694,-0.19777561519485984,0.17941352608251765,0.1354632188251174,-0.3453555721860142,0.016336429240894384,-0.3966761548957236
dan,0.0071110523788017865,-0.2090759746866932,-0.1373544154106199,0.010417227057055223,0.32983505320971845,0.07987370670168921,0.3955144636181565,-0.2489238883324787,-0.004522309481053279,0.21081676745506933,-0.33234030620510646,0.10291968179788233,0.26627499990549647,-0.20463711733927525,0.18340539302924935,0.12877820690869718,-0.3469807908845904,0.020662011497065057,-0.39295971733124496
dan,0.0011894339902907489,-0.25211432206376355,-0.12876398033782177,0.020179395644177953,0.32044781500433234,0.08272297799586115,0.3839567281251111,-0.27922738461748636,0.025834303049123736,0.21983334172853367,-0.3351017277210267,0.09380703477521772,-0.25219413757455816,-0.205496989628884,0.17958922264451924,0.11626420131042799,-0.34047517112756226,0.027566082606267344,-0.3823082343710155
dan,-0.0007028878488953283,-0.27359150405683763,-0.42451307178119035,0.06474104356250182,0.24324039893072827,0.07164219512028676,0.2427363365405518,-0.25900674825163733,0.26188164192744434,0.24132380463284847,-0.3987430088650492,0.21205821966650784,0.032700346245201406,-0.2326000390777657,0.12955395720404497,0.02833561729137429,-0.2504144788528441,0.10553218472832875,-0.27028409084501587
dan,4.563336509438775e-05,-0.03945431146227203,-0.21013447585868594,0.03691230510970858,0.37753403282632214,0.025087845498275946,0.41544620685325956,0.038095741383642315,0.027261990556369388,0.2808823569188544,-0.3534997129341956,0.06792159352663783,0.321538041455531,-0.20862753131636189,0.05726924156778462,0.20213413992812396,-0.32885144275386813,-0.03355945249442258,-0.35522248050668154
dan,3.5922143063841595e-05,0.020958479873544215,-0.273486290563414,-0.04245760148171921,0.36433093497610425,0.027929266608129444,0.3946634207132508,0.11079574514192156,-0.03710388662609882,0.24822448329260902,-0.3479105426442207,0.10057283702898302,0.2364707135044519,-0.23297744350785224,-0.061715745596314375,0.3631550314376544,-0.3445636197726966,-0.08049509569791424,-0.2370058570657576
dan,0.008917638809279788,0.049221260535668755,-0.23776690436374226,0.0032692113794413687,0.3819970671689638,0.002539914617679255,0.252816147851577,0.054333129731370354,-0.1728924729283895,0.3459425233440422,-0.38327766901342386,0.1363550716524308,0.14104418691127382,-0.22844048890321034,0.19770796338844798,0.26699887310680914,-0.3793173256315554,-0.047320645784082065,-0.2908580880446606
dan,0.00035023557758740245,0.14526706210808515,-0.26610866369116504,0.023701306030707768,0.40553208326299106,0.015582020605695364,-0.3003301415240692,0.058806856260897336,0.06405487304121878,0.3005536849452173,-0.4035279366361414,0.1275005332578296,0.2170014297573343,-0.21672100388934035,-0.12273797995851639,0.3294443429916987,-0.32646146732725384,-0.11230023526805422,-0.19696557665079314
dan,0.011243639134967605,0.08119291777938004,-0.2963104071982554,0.03484307645949043,0.24538436004256906,0.01762550729968724,0.4086979483950302,0.0830118653503198,-0.03680453242737618,0.25894911962317035,-0.34547923736823966,0.1256086479779692,0.23688111055942784,-0.21904334088280425,-0.016595929019325002,0.40119324387927285,-0.37935893734371773,-0.0968786843711198,-0.21858467199553952
dan,0.009270998448276248,0.05292734076997939,-0.2995182104788966,0.03921148831527323,-0.2417460518371625,0.013401250387155074,0.40253958942363954,0.08041891895000945,-0.17452571498545272,0.2694426136348172,-0.32254001016591116,0.1602938471019325,0.17773910726480302,-0.20704247066912673,0.07345512565747506,0.3782691046027253,-0.39518416344291596,-0.08941297576292884,-0.2427613122597321
dan,0.0009434925272172202,0.03444411607705931,-0.27011983371186554,0.04082512571619947,0.2750238749079072,0.008522827847084243,0.3862093014732903,0.043790225492832166,-0.26708960658507414,0.30840667375361064,-0.372542275242215,0.15443859661420126,0.09882015285203365,-0.18655151891218974,0.1399327011363017,0.3114930273027198,-0.37676247271490354,-0.08367023254845328,-0.24120327515057421
dan,0.0016220276061591737,0.10640125749224515,-0.30658560108313815,0.020678319751852643,-0.2754180308095527,0.02470331686310265,0.41041342003303305,0.02585741928048962,-0.04241661654792816,0.3442701848529574,-0.4076143551313809,0.14478116192699766,0.17838882912666668,-0.20353985723602436,-0.18647140315792887,0.3110551667855015,-0.31100901299409184,-0.1535810498065009,-0.12711982902289803
dan,0.0009522761100127572,0.1049668431696791,-0.27053081184050043,0.024991613040544453,0.26226504526412425,0.03158882559016755,0.3853637233820112,0.017668209657245932,0.05712485049795232,0.2782271290961917,-0.38178059493835875,0.1368545918943415,0.19474558230205966,-0.22219645939572383,-0.30495803622584716,0.36017817378745526,-0.3457017213282543,-0.11320991935731907,-0.09519510048896283
dan,0.00460212791657792,0.04983613517396677,-0.3176277874109591,0.005143343781636288,-0.36270889119312044,0.018521595174571245,0.39798109127878945,0.04655288325518189,-0.2089903478776267,0.2737782740405144,-0.33384109953013363,0.17483371104289913,0.14099332083207963,-0.20459541887212845,-0.024031835075339045,0.3774087668335715,-0.3061395755154859,-0.10847575312853285,-0.18236127051959297
dan,0.0032865760058539153,0.0035408841773381288,-0.27025930142092447,0.03236167537701372,0.29042809676243064,0.009342117283971026,0.3815560825997853,0.05764545699187991,-0.3153656124194667,0.3179286123345115,-0.3727849980170378,0.1392991718696478,0.08807941217523371,-0.16063768839821108,0.14966471441191695,0.3014658410893072,0.3575792661395392,-0.10785143521668944,-0.21751049880569187
dan,0.005062059838130077,0.028662871807522392,-0.31634126241049043,0.03171450505374026,-0.3124290676453946,0.020862061868730058,0.4037859967580835,0.03983839014745859,-0.11087448491536722,0.3694990576210636,-0.39409134472100515,0.1458474417165299,0.14036792850326754,-0.18444937681756876,-0.07916315996741723,0.3027626719172267,-0.34037862074967296,-0.14337901143530227,-0.14815321200931858
dan,0.007059910128849385,0.06776346196175052,-0.28343191027556464,0.030439777903698124,0.3942578814556337,0.028352914978635343,0.3874154977742233,0.01897293597881897,0.05010416542547192,0.31287497887083626,0.24420518545629857,0.14416334561335598,0.16340982579904512,-0.20465967409893235,-0.3518463272302591,0.31783873891335657,-0.3262873797904212,-0.15005600722887655,-0.06517394298895875
dan,0.022143719252017996,0.08622692695327759,-0.28125766091050497,0.0287617964247174,0.25879645344722946,0.02628976024032853,0.38240765765542994,0.020555476425470114,0.0586354394281417,0.30242942803107503,-0.38541917907753104,0.1435482345120487,0.15856815832089183,-0.2037152959459345,-0.3555125293258153,0.32971999835804144,-0.33109920021843836,-0.12813800846717677,-0.08035510730907965
dan,0.035329403891013966,0.09396300901317514,-0.28683686604270997,0.02880847463486515,-0.1539825407104056,0.02615367852385243,0.3907204854488836,0.023595534974422728,0.05790868974996523,0.3084765499972793,-0.39123388824965455,0.1465558354884604,0.16101606494904597,-0.2097041319540513,-0.35669304385874456,0.34419611451075677,-0.3449544144766899,-0.12122121892821479,-0.09003868538832659
dan,-0.003797057958522173,-0.09818493646188708,0.27931763089739875,-0.025063292823288456,-0.24611900996670388,-0.024007254280935388,-0.3814370049303914,-0.029532655296186202,-0.046035790710724375,-0.3012392003240815,0.380586364145059,-0.14079390207124304,-0.15613381063348883,0.21879668591564308,0.32403444173748563,-0.362347534447429,0.3416743354101717,0.10886245018483477,0.09760368506128154
dan,0.007978239750376202,0.09788432224759548,-0.28541757171355997,0.024209441835924973,-0.35547027199536835,0.019579967859768684,0.3853031280462729,0.040357284429593424,-0.0016369515119086695,0.271742843398296,-0.36361499477025705,0.14662226549502622,0.16433224259051066,-0.23021233741187067,-0.18615261573195557,0.38861069249530844,-0.32813190050630237,-0.10132059907712171,-0.14271855270181166
dan,-0.0031977658603105454,-0.14554343202984021,0.28221706157997223,-0.030967954240142963,-0.40447529145591565,0.009562848531769965,-0.2793057935076886,-0.09040330867410803,0.22139176375244654,-0.2565807876954721,0.32450619951806137,-0.16239784053021827,-0.131277213061821,0.21162992301286945,-0.16147760291528096,-0.3252944228675399,-0.37953864164620277,0.10410115349089416,0.23024127809079473
dan,0.002169432205809902,0.13036795632165835,-0.2564755068407,0.018993100178696667,0.37581228528323324,-0.016918908166926958,-0.2985106033716717,0.1595429223447891,-0.3180296673241732,0.32243546743508356,-0.3289336499844497,0.09786539515674184,0.13199487026477522,-0.20096112275970376,0.26842149063358395,0.21999478798016403,0.2937894296973398,-0.10054047102338183,-0.25143827460690615
dan,0.0002790804997436908,0.06260522477048953,-0.27017004266075173,-0.00028388611717865443,0.39134609739458764,0.02815609531382792,0.39657220829420675,0.16297980157452643,-0.0411456580028531,0.2913825445207184,-0.3678163458051724,0.0974973898303011,0.19871311986654144,-0.3157902381898429,-0.1639706862272918,0.3010781579377649,-0.25053442451525887,-0.08741260721245166,-0.16360790445093865
dan,-0.004147071916387825,-0.17249821747108396,0.1384550443674891,-0.05140909158375319,-0.33827661665892833,0.02764617024995502,-0.4043850238778665,-0.20621494769216975,0.10334174416483144,-0.23413829257717497,0.2615916894715926,-0.08663477065949342,-0.20757865451403484,0.31807834601562046,-0.2291891095644126,-0.25908602047516266,-0.3858766756727373,0.0523762546981769,0.26493085926747945
dan,0.0028887905359772053,0.1737674319264968,-0.13738743302133172,0.08089701017818614,0.34440926193105886,-0.026490117646248312,0.41163737963165953,0.2212696656341281,0.047126780604343874,0.20621509055005618,0.3916968141585465,0.08436896136692844,0.23653572830837527,-0.27522698226262515,0.24424107982714013,0.22945066799513858,0.2743746256509626,-0.06732325887222493,-0.27848852291551635
dan,0.00038683854848920037,0.07766185770960424,-0.2089062869891284,0.09098459843025991,0.3835259672069277,0.016487509900666827,0.4261244954550545,0.17608290062347828,0.18578752095447043,0.156953812736194,0.2576606146847719,0.09767830041538998,0.2962779342013031,-0.2011438349000226,0.15956238183157395,0.21897403055173356,-0.38993701451572765,-0.08168056109520067,-0.2943534477747222
dan,0.0004909837859647005,0.06359780923486741,-0.1845849818052564,0.09361406647693635,0.372148762389432,0.013962264550263535,0.4229432233565931,0.11821350707592429,0.13546555141495137,0.17149398601143062,-0.29656820694558667,0.07109496987555691,0.3516947335867722,-0.20757855920958948,0.1528213149392477,0.2195806962264072,-0.3834850222355718,-0.07264463860937809,-0.3002010576140719
dan,0.009126286276031135,0.16084883447474016,-0.08186189731795677,0.1072495515217005,0.33604940619073215,-0.019362026706462723,0.4189793376431885,0.18351101750764381,0.23602140046508585,0.16379108712110715,0.3975001490832702,0.0878032743585683,0.2737449565479839,-0.25355841578440946,0.2236062645429164,0.2062913489592972,-0.24292479294946806,-0.07311611034884628,-0.29834186102192517
dan,0.00013306671175885969,0.03202641774211611,-0.12145723733141434,0.10823542960811053,0.34115788402545183,0.00992503543839924,0.40644732778371506,0.14594528644659116,0.26855594180497167,0.11508425325662387,0.33221242366540443,0.1078177718197937,0.28792692911780376,-0.25135908675171476,0.32332218670184865,0.14257468273739765,0.29619032338279266,-0.05578912534805813,-0.31682047195876917
dan,-0.0001847546431892502,-0.06613192240226452,0.013481883525417682,-0.3328554689780341,-0.29386651753191745,-0.01706884740610895,-0.3859783997449599,-0.13100607310542264,-0.09730064168768679,-0.2546984990127282,0.2152618404666382,-0.053198843773086486,-0.33998261206897673,0.253717153279455,-0.1875175162273752,-0.2597951941503533,0.3624728733405822,0.007861101325033499,0.30706582727822274
dan,0.010358216519980248,0.02515241344451504,-0.030270960688275714,0.3806864053655857,0.29551168274820105,0.0432384349955734,0.38101868084230656,0.17270284599231334,0.16784704237760717,0.22541179525123103,0.32295261194853114,0.15367102849615183,0.2994010867553302,-0.2695270874985498,0.23794370028930142,0.1971243636989674,-0.1923335569919309,0.027038722831161474,-0.2948728683848372
dan,0.0036247745873892287,-0.13310847450096552,-0.020106364569479555,0.3317002409474752,0.28835304257818767,0.09801149414486024,0.3778828082327935,0.14252135394266335,0.19949816754343033,0.2423341790339033,0.30971672392135435,0.18237708660097568,0.31177838450875694,-0.23980098694956825,0.2459400782438966,0.14894572485703655,0.2459886605494975,0.05253362690526294,-0.2960207468417688
dan,0.03417994110152367,-0.22710579948585666,-0.02062481787560986,0.2744480002113975,0.29132425391566547,0.15594318565713614,0.15026456258884988,0.10696104064207328,0.22026631278305261,0.25903612342656784,0.30905360092986367,0.21241531294815405,0.32977926390342777,-0.20497849099850965,0.2476598984737501,0.11441838265599244,-0.3910584468231835,0.07299128870522337,-0.29960697306193795
dan,0.010769310058044957,-0.23862511630586494,-0.02157473839873527,0.24312010498059533,0.29427103228092666,0.1793680858333024,-0.38993994372406504,0.09299586784327081,0.2235063286360644,0.25792574062724793,0.3129934419851462,0.22324866436401303,0.3360894884827753,-0.18446257525589763,0.2476926521661813,0.09821591828856309,-0.15337499444401845,0.08286769953860322,-0.3022553271152717
dan,0.010577853948329783,-0.2254924254489922,-0.03656648033782558,0.20043938309713405,0.2996703308414162,0.1965534815697396,-0.19282242654910325,0.07798679010262878,0.22952226108571785,0.2555948472194823,0.31568752287344726,0.23148615530731914,0.3373047922138242,-0.15764336916125957,0.2510862079865017,0.07769844995964026,0.39422835564606196,0.09031913638450687,-0.30562661772686567
dan,0.003359332535971389,-0.19223475413671343,-0.08619631922438398,0.14583662257230484,0.32309942464114155,0.17335576812983913,0.382808027426222,0.07615855216047235,0.2281573337376387,0.25102848773882985,0.32698302776341986,0.21559526241733684,0.332747173136269,-0.15823417003917278,0.2645669409829158,0.05850340490870217,0.2524119870699944,0.08731108642105044,-0.313970903434992
dan,0.0011519120282528494,-0.03358870119054908,-0.13849299063649811,0.07793290379395526,0.35856791502508784,0.10523017373924219,0.3977404962231902,0.08968426823902045,0.20216954120365996,0.21561772652106542,0.2647826591544464,0.16210536050186114,0.3491307542524973,-0.18740661854811486,0.2347523493728292,0.03928071964396362,-0.39439807527043613,0.05267921567721785,-0.334650871238008
dan,0.0010815584027466638,0.22224138034770724,-0.14599712569684564,0.13327781246930884,0.3487703432777011,0.04675336199297568,0.3973688831485594,0.13706667778267198,0.18274603842570478,0.19894543330496098,-0.2792315626253411,0.11960273687429851,0.3568954105741061,-0.15915450107924164,0.2068891327221735,0.09413212447306238,-0.36574122691102945,0.021026071604000038,-0.32739428800198683
dan,2.8825430628992093e-05,0.12981859109179578,-0.031374181526644174,0.19635978527378287,0.3232152682109874,0.05092176956280428,0.40449515375415634,0.21357368853295436,0.2386307087754726,0.24513752537650382,0.3394904408350437,0.13329076137278048,0.27213105712075836,-0.21492070770873808,0.23932930463746843,0.14537559506528064,-0.28144716809720177,0.017694813773990424,-0.31475834760076893
dan,0.000659963948947653,0.13029271702941408,-0.18498161393587798,0.12450354999913198,0.357867676214649,0.05424906228310322,0.37675185853414045,0.24444924232510643,0.2658547213078525,0.17915487274675765,0.33533780714664535,0.02403252031531906,0.1441611273934385,-0.17270505856686064,0.32532304786047106,0.019317943616552164,0.3501251957031696,0.055492606236155956,-0.3198528106383724
dan,-0.003240581283454058,0.187877636714966,-0.22264958429215093,0.09960868986366339,0.366054555271866,0.04934765885424584,0.20535227227557312,0.22967367033595085,0.2575866204238072,0.19135099678839973,0.3291846071423237,-0.019371962172445564,0.27535895907050584,-0.1717165659508857,0.33288190457738764,0.016048397456684876,0.3416332178645388,0.08833182444552681,-0.3482239518309022
dan,0.009329780473229113,0.23502381733516275,-0.24634044365969568,0.08965234937784744,0.18249749797643763,0.046417680634620526,-0.3682349081939393,0.24356682990738682,0.27636761792895437,0.1670346237191733,0.31980922917913907,0.08816932272492038,0.27902618402616614,-0.1595652333582116,0.3487768624044845,-0.0015993489168235622,0.3319560857169254,0.024740673369013467,-0.3091247102229842
dan,0.0007058659173964675,0.29982483543892907,-0.26033834649874266,0.0757219354345757,-0.2007199482223769,0.03899145880313004,-0.3520628577565781,0.2568702074767379,0.2885187798745597,0.12408172636785332,0.2887615694734269,0.09187927841615921,0.2882598728841957,-0.14465002476287883,0.33954369935149176,-0.022304416002100324,0.3177990547215575,0.02900800442620829,-0.30454705042969527
dan,-0.004955196865203637,-0.25669519055700374,0.17188902959313734,-0.08380163994388902,-0.34311101853607245,-0.050831641503817665,0.23204852414963048,-0.2619097891048701,-0.2855450629883609,-0.1391790470086935,-0.3158640204887448,-0.08847486578163377,-0.2921256750388702,0.15796432808337607,-0.34417535058992343,0.009444241497663762,-0.34548366002972614,-0.03374066484982146,0.3113658233022908
dan,0.002116145817760645,0.21199129098960495,-0.1333016492966852,0.08156941618477562,0.33522099438641967,0.0599817797782528,0.3939690342962536,0.2623835158596907,0.2799251343953155,0.13593687027449317,0.23142303667678518,0.09978859429107752,0.2970300006473997,-0.15407903578517465,0.3491810003956206,-0.011555097619865584,0.3011514371944543,0.04383992428976083,-0.3218938751229526
dan,0.00014605265835263204,0.1404598780758266,0.01918701314304816,0.2029958268547578,0.3590151922118095,0.06386820931843704,0.41968294544110213,0.08360980085656762,0.06818760629796423,0.22891289746761,-0.2927513948367971,0.1673711090843424,0.26575306778742674,-0.16461827954439076,0.2919744532264038,0.12442258860500048,-0.3680317560361061,0.021144330831668293,-0.342760302369863
dan,0.0008969583337296517,0.020204368698791907,0.06566413785000602,0.2064088109939488,0.29666077587397677,0.0622309496739792,0.3940808564281762,0.27369882314727706,0.2864484355155965,0.13974634138842765,0.26221086927451187,0.11735105973184508,0.29571951544919184,-0.1524890694273211,0.33417015507071235,0.021166940377652023,0.3346870325493207,0.015963684108063547,-0.3337451822637001
dan,0.001495917656514304,0.09363577391870327,-0.19923975059903454,0.12752174081811235,0.3862945000070118,0.08371530366657678,0.4074932624390281,0.08025453955590263,0.12465920592207815,0.2013871220942614,-0.364398605190876,0.0991201115635944,0.2180656977478605,-0.168789401726883,0.2445981441193159,0.10793082519282693,-0.37456164337302783,0.029062662084321234,-0.3452276162500832
dan,0.00019835544053283495,0.15811170270770644,-0.16510366019317158,0.10062458992323954,0.3800819792568817,0.10116063268311279,0.42693807156920893,-0.06973656290628978,-0.0364506238937542,0.21944992354525408,-0.34770236028905144,0.07953049544698755,-0.19744912352404406,-0.14560653083528163,0.22601522921252593,0.12654014088150806,-0.3838957452286271,0.04052366442353076,-0.37785090337345406
dan,0.00047232206216052397,-0.07016302474383285,-0.6279851430371517,0.09340046774904986,0.2764313433001581,-0.4559502706674333,-0.2615912810694345,-0.05192141799498971,0.14352057567029983,0.26569846670773084,-0.18894834867023969,-0.03581531944614062,-0.012139230104402822,0.006570879866032549,-0.09105748411329609,-0.11439837334379288,-0.21490057837844323,-0.12185755599682992,0.16055788450853453
dan,-0.002227899312746194,0.00680408636293444,0.12282625097839661,-0.07108284821440974,-0.34199388448284956,-0.11476354313908035,-0.3994128609657536,0.29420412285810854,-0.07320972394261577,-0.25033168233479164,0.3575228348072626,-0.1260919653217261,-0.26599812495633074,0.12252325533874756,-0.20879991711587037,-0.08158737700937445,0.36108098185940946,-0.04784535750900104,0.35094240576298996
dan,0.011596263440721196,0.014454675463121161,-0.12819053755387544,0.12605091433498636,0.36325749120690587,0.0901475840368832,0.4190733741878318,-0.1375163998866153,0.11686125372942911,0.2433290740839243,-0.3668636415963874,0.11925016563550331,-0.21271174596677594,-0.14993660914685178,0.22615118232367457,0.11407961667210696,-0.38239171577242503,0.03306625297002945,-0.3632848121686852
dan,0.0001637529240534548,0.18725246093340372,-0.22230071161605414,0.04703933511858504,0.3545361398462252,0.09467975607268683,0.43511734884517267,0.02770031301355257,0.0075087783552783595,0.27904826956293194,-0.3645286763210489,0.1870540443642493,0.26172970293842535,-0.2817999731239476,0.034860144078658034,0.18288680214663597,-0.30901059441255135,-0.012409938437320646,-0.2540451671775392
dan,0.001403703877396225,0.1276298160532918,-0.24000929139350435,0.05527133633621832,0.39646558963826156,0.10026027402112146,0.4113490713464611,-0.019589409075393242,0.13453944696235326,0.2258710786902566,0.27134088447288496,0.21412484438565418,0.238036781763462,-0.3359472104870633,-0.17193917930278238,0.2122231293063717,-0.3655568552019061,-0.058568914456984374,-0.1282283913480373
dan,0.0020488401076130536,0.11507916449918941,-0.23846271731886326,0.037466038226422686,0.39484395559849916,0.08894621194709251,0.40679588947966805,-0.05768077374886245,-0.24102916224562612,0.21002987216628055,-0.350028700850186,0.2580597502923927,0.13337657351537008,-0.3114984787111547,0.08945837271201483,0.23361830903063957,-0.2873248482417156,-0.049862364168007024,-0.20518330229182216
dan,0.008605216437364949,0.1247344961380904,-0.22241809103478424,0.02581867242789504,0.38396520798933426,0.0809604914830351,0.4024411789797892,-0.06250461262147985,-0.30668131603538673,0.23586637276091388,-0.37431457433351145,0.23621870753088933,0.10370426569412781,-0.2663223614168137,0.162839665366298,0.2068594087624326,0.2591636151253771,-0.05180764996967131,-0.21913162909038866
dan,-0.005090793382148858,-0.13896420446440594,0.2563668531857844,-0.01592329890683126,-0.40466452379917717,-0.08586353567467701,-0.40902815873103654,0.0940326645491476,0.1905424929834455,-0.27464648552311116,0.2874666773642761,-0.22486407034001696,-0.14672681766212142,0.2530024123122337,-0.10301232502736361,-0.18218323393674635,0.38597131138898394,0.049240121026667666,0.204356473365151
dan,0.001999068620583408,0.17765603197340743,-0.276035809300499,-0.009918319797487815,0.3201105011763872,0.09773423158736651,0.40591645728705794,-0.05158979815960082,0.0852152132456419,0.2349770373172054,0.36625063489972753,0.22823775316533962,0.21019649381886008,-0.315686193434046,-0.22596390967551183,0.18420464748497095,-0.34578697040035095,-0.07172478407984127,-0.10217391826154087
dan,0.011528215364924507,0.22656317771806733,-0.284913771313404,-0.014430045028312176,-0.20353814049900543,0.08840205243842233,0.4028580293071887,-0.04489878744435487,-0.10586971638891456,0.19926363131598304,-0.3911656729532668,0.24084037476909687,0.17652745326958724,-0.34439684341198046,-0.05748821710152808,0.2386624497779553,-0.38873461715541335,-0.044621260309465005,-0.16929661659022982
dan,0.008416144316128485,0.23120840402662207,-0.2596163341312387,-0.010354658641029739,0.3976304527614842,0.08217881169705976,0.4013467731608931,-0.03552548495825506,-0.2499118499844684,0.1980282392687271,-0.36280998478985854,0.24452181127508477,0.12378385352586023,-0.2963549179865594,0.040004463907835415,0.23200785622232603,-0.24889938484758192,-0.04855317943893175,-0.18934643560581635
dan,0.002568903026779413,0.23152113393085194,-0.24481024388664108,-0.009586098175502296,0.3863803108486809,0.07600917914985404,0.3968441090369645,-0.0493763519866083,-0.3035698546867546,0.2360405747833857,-0.36625565737232013,0.22576190338766797,0.10623383689914706,-0.23753292225713463,0.11808213289344538,0.20707090324116106,0.2675536125135389,-0.05812162634914295,-0.1972557382238115
dan,0.013506123179280608,0.2356628409454597,-0.2732643752663668,-0.012811510984527923,0.41757312520133405,0.08422678403991095,0.4213489635998477,-0.0812384322060709,-0.1766715412441061,0.2943627756385555,-0.21567924004834127,0.21948853009744249,0.1560898428095906,-0.2493769684437656,0.026731422773920203,0.1953315718735303,-0.36891017864991427,-0.06698695690328405,-0.1595947101295618
dan,0.002117654329769414,0.20989515461555922,-0.2573944748330589,-0.015137507681970397,0.40190141098006854,0.09233027482556473,0.40972971642193506,-0.048861757743689595,0.004282708339826407,0.2295183559794209,0.3512960280879325,0.22748182017840612,0.20818720922953135,-0.3181064179705361,-0.17747688586264765,0.20206167445822512,-0.2922075810003887,-0.07084787642112549,-0.1184409931418825
dan,0.0014859916246562632,0.23148770090668816,-0.20684396043744735,0.026232063765147254,0.3774497246490785,0.05623359816070008,0.40897194692996314,0.02956149358503586,-0.19634280070963142,0.25191899758719266,-0.37900332295417133,0.18988248407166985,0.16728155798002656,-0.24957860203691026,0.2179305025849,0.17113250904840105,0.2773699416571008,-0.05137033721985141,-0.24665819362497465
dan,-6.547358340890314e-05,0.09440278297845069,-0.17786777432760126,0.03565583690643055,0.3790759343976586,0.10392878068059731,0.32883084222790676,0.10460958229226235,0.2089443545870384,0.20829631164430737,0.372828508298903,0.205246244252828,0.2798927495242506,-0.35373354475526747,0.03452683102233577,0.14883851706593956,-0.37748420425439166,-0.006646666453440441,-0.21698869278344415
dan,0.02156991841680902,0.06143058700094835,-0.1484925380300373,0.010987370375972381,0.35594292297279584,0.1251552285593528,-0.3132400394273517,0.13819563571523083,0.2555394616556195,0.18508751540164645,0.3538978253515517,0.1967887210402824,0.2861910479655704,-0.403115047757767,0.05475990177392162,0.11866634985163509,-0.37983696287317503,0.02500873515618359,-0.211098878515157
dan,0.008021811853757567,0.09917875547109004,-0.1470459611291588,0.022271863507122073,0.3568322343324258,0.11167086991702718,0.4226091803769035,0.1309589462909284,0.225822688183005,0.18808830115756045,0.3651765015801134,0.19012788971652295,0.28274929471263177,-0.3710185056798446,0.13592227393972323,0.1167085174942752,-0.26884494930356123,0.022888346604354966,-0.2326411915124019
dan,0.012180083740143463,0.15567864998007033,-0.143142043255471,0.04536215377743889,0.3610541923039416,0.08973969350908599,0.42612324913449456,0.1122853133362802,0.12630370842172692,0.20606432646429557,0.20336192086358154,0.17826844859985122,0.2681528094976284,-0.33432852062960566,0.22803399894241552,0.104016633789794,0.4203198289208071,0.01664856345318033,-0.256158544618449
dan,0.0014780246254603065,0.2664215212878266,-0.12868209206883785,0.07016333540313684,0.352240792066142,0.05343278258594217,0.41664936374627665,0.13428902450009106,-0.014265003682735124,0.23218099840874926,-0.2493510808148304,0.1629448891562915,0.21729061220833643,-0.2753771137600737,0.2985454171039923,0.07189255274555639,0.3912426031830275,0.010726684647864247,-0.2749703894265356
dan,0.009904170922851119,0.28039613062487373,-0.11933753169299034,0.06422790554235669,0.34525614101042107,0.060610115921809336,0.4147033784169182,0.1766412317524423,0.15569810319328797,0.21008865255936388,0.39087968571515935,0.1736104537150849,0.2510120166440074,-0.24894204431459657,0.23841773481906195,0.08625484597050191,0.2587418058724141,0.0009131272302680539,-0.26351096665284
dan,0.0005852242333492838,0.14051313060454468,-0.11903838094099795,0.012078378162218207,0.3459712263944471,0.10816211988028866,0.39911842740072784,0.3111328933639055,0.2887341466014621,0.13377034725754297,0.3149879241215635,0.20249953701539197,0.3177931565227279,-0.2740266728418395,0.1368278156993111,0.06508837284444627,-0.294875660706825,0.013896804793248145,-0.22533110520788863
dan,0.0002476003222382932,0.14068428655281218,-0.10750901518492484,0.03723285204951769,0.34082170278331575,0.11529686400264748,0.28893692468172155,0.3103790966868126,0.29997435368029884,0.0828091195359447,0.31312347821221975,0.15494672614085236,0.31975539933503216,-0.21716316130377486,0.29018336876357664,0.01956142778785214,0.3664067428177272,0.012975550058905003,-0.2658561774474293
dan,0.02811522022557313,0.33204397512584666,-0.07182185127834971,0.10713978056852254,0.32107008475904564,0.08762248903653146,-0.21378000279630024,0.28051424177311546,0.37999846218500904,-0.031825270067231605,0.271326448527424,0.10502951830726551,0.34206546676958544,-0.23107681192325047,0.2535348739961352,0.030894905619984484,0.3332493331710368,-0.0006451491460466346,-0.24738532596958582
dan,0.0002854867032138425,0.13501296250174727,-0.0008670992816616208,0.10350689926507481,0.30885151584713355,0.08856986669264183,0.4009003809189111,0.27539695343382803,0.2935637774981361,0.13507261331092107,0.3486686801547368,0.12564604733904516,0.30953969463089326,-0.2051225250252847,0.2958841547282173,0.030099458219446113,0.27157038617664847,0.028856682778991862,-0.2975749423497898
dan,-2.8214114215216916e-05,0.05510832862677741,0.01405411753979613,0.13754470892323883,0.3081131705006421,0.08248415834571343,0.40304556712455114,0.17998872535564342,0.20910895256366135,0.17900133756203238,-0.26197614500237143,0.12223512037534419,0.35228300642311766,-0.21668143347110014,0.29386617970207696,0.05889804650396169,-0.40734378125023823,0.04806448798638135,-0.3046430589917388
dan,8.96155896063156e-06,0.0617170683548825,0.06701485220081715,0.18283765439489974,0.28922780228281425,0.08650890280375914,0.39911123962276446,0.2968782156945118,0.2979765063946619,0.161357137277325,0.3399735873199954,0.12790451054697477,0.3053103124190762,-0.15449022120056174,0.3149470729716025,-0.009709631350794877,0.2574252833302977,0.04895957000271378,-0.29649172288415654
dan,0.005199461473748758,0.08476385534798184,-0.03563883040360517,0.27759674798086204,0.29955748483189343,0.09766157998284189,0.3812287001173389,0.3261269550907637,0.29738018578937575,0.18819935778562158,0.2791257956591933,0.17507470708945772,0.3169689665963983,-0.25590934405488447,0.1666540991054351,0.19599509055364384,-0.23192929146225266,0.0014738191778310733,-0.21251385297052414
dan,0.0005689628580981664,0.08245450124470195,-0.045867632721480645,0.3395533488583009,0.30175492416052285,0.09729345642437964,0.38318761753656394,0.2701904292857795,0.18165721816295238,0.24030813598643597,0.19721031840015732,0.14767468220040433,0.2875082280721693,-0.09938338156393531,0.32516475455212496,0.00211820748353542,0.3332746700237956,0.09867981377671725,-0.29139637865271123
dan,0.001885996265240391,0.1121098555358654,-0.04380997027901423,0.3806458707292245,0.30377866007922727,0.10542838013880343,0.3943484119815664,0.04665024403711197,0.0850760201146977,0.3254501453242772,-0.33523026399953737,0.1445264140738227,0.1386610645074107,-0.05044493762601723,0.2979114678771872,-0.015582678353858657,0.3459147813434355,0.09535635520831527,-0.3059392077629519
dan,0.02386460781622886,0.07458729282166246,-0.029079952322634543,0.3761901507433177,0.2951229070632934,0.10263039152610819,0.3904819510726624,0.04523237686994773,0.08291544969878747,0.3337576175433212,0.2638710239100208,0.03447733665909881,-0.2909943121223963,-0.13373150800687617,0.246635458389869,0.04192866829598834,0.3909971807449773,0.09211617060023884,-0.29038015987576865
dan,0.02227109302763176,0.0547472293798307,-0.028837251031154112,0.3739768891163729,0.2924488360123644,0.09792050366758123,0.38528965790122166,0.06286687176512085,0.08548595263499244,0.3228857605882254,-0.34206263508911944,0.03704924563700543,-0.2931913532410215,-0.14199320750185643,0.24266774654353213,0.04599205802600773,0.34601946585170884,0.09279765947237885,-0.28876937595186647
dan,0.009313393528288425,0.03407200748001608,-0.029479577056484806,0.38059823412918126,0.29686898165012476,0.09452067205578572,0.38818001662419876,0.0762427692693047,0.09098642753180139,0.30773055850660874,0.19607816203333814,0.05697891986757099,-0.31124852224772337,-0.15737088894878426,0.24218231041115723,0.049213632305431694,-0.39465687778598596,0.12535838968915994,-0.31733084178369014
dan,-0.003654729202071182,-0.011481929611995567,0.03630960341679637,-0.38189613646114834,-0.30019249620289445,-0.08848582535828996,-0.38441603983498657,-0.08914793538099097,-0.06978782912811018,-0.31336123664474863,0.24270500708015585,-0.035120555858352935,0.2888985024706882,0.18996083518006224,-0.2219403504277651,-0.06062967119292249,0.3725835535869612,-0.12987228671304474,0.3281246137019007
dan,0.0003059106961441603,0.06603338622725859,-0.017340612860039517,0.35898307662289386,0.28429748423621426,0.06871797259468085,0.3674425550601163,0.013510518858892952,0.2083505038279794,0.3042629379391828,0.33543122448994744,0.042625033808489574,-0.34845296755126,-0.1916455068121124,0.2399494300882032,0.10800546023045524,-0.2253370621797065,0.10423865278564257,-0.3261572100950019
dan,0.00013387927161433012,0.0073565321747955355,0.03278043883183879,0.34251898241013085,0.2771718112950272,0.09201881860677852,0.3830183257490387,0.010302491933924202,0.24857783606504855,0.25920208412885154,0.24136346483189586,0.15563032482923733,0.28139921943989193,-0.1630401085868387,0.25381238045152066,0.06415266224202248,0.3752284851967845,0.11407189434805401,-0.33148866526870335
dan,0.001079952939836941,-0.05099600601595248,0.022164483229266785,0.3126624044501227,0.287916287213141,0.11794525694503119,0.39774863504649155,-0.056834174388162344,0.17077093072010294,0.1911466366195155,-0.3803199113567259,0.23506878763404587,0.3140948516708774,-0.1607545452007876,0.2565180837416893,0.0321843576770787,0.23660265083265877,0.12379114446317424,-0.33566211098635657
dan,0.00021298345564156205,-0.0724558798260881,0.015005862733285635,0.35976820793073694,0.28678532906399123,0.10772407187428765,0.3904975646511375,0.03063123082035755,0.11671402553034126,0.2423458728649174,-0.36379541145736005,0.14582115219634165,0.23386177560931912,-0.20361935945059378,0.20980854359572593,0.09941979440017344,-0.34306160335936753,0.11576215539994707,-0.3327191835176696
dan,-0.00022577415067202687,-0.02175995131017274,0.004131687819192709,-0.37539487924774617,-0.29018059502892585,-0.08284101246734046,-0.3858911444938005,-0.04397954601172288,-0.09749250777129216,-0.2566592594718749,0.3611838252110392,-0.09105124305068778,0.2137980477884319,0.2091359313602369,-0.21232768607765545,-0.11488950634544295,0.35519949738425716,-0.11999609313775313,0.33801752778233607
dan,-0.0010730602025167497,0.012362374763933294,-0.005635915085530185,-0.33498227599939945,-0.2914158168473718,-0.12163485686473618,-0.2890968598082017,0.002511868438705168,-0.11582532277350466,-0.2763596223216541,0.35648876220249254,-0.16084007714983972,-0.3216372123802003,0.18551395613431304,-0.21518513607887016,-0.08511010174713773,0.36799516966167695,-0.13873546106463364,0.3398155066540329
dan,-0.00014904883862387609,-0.11195409516393963,-0.03253578972814464,-0.01372557128566949,-0.2894129904133053,-0.3104409699427539,0.3873090099521243,0.08315659230032411,-0.11834604015506482,-0.09554714212589081,0.34994385294498137,-0.19288596233412694,-0.29398021606412467,-0.13192113213646225,-0.20901410210299456,0.0322526515342317,0.37964319091270815,-0.2610121496248145,0.32488588289877984
dan,0.001031459208666341,0.21832610965875318,0.01613650510871889,-0.1806094129874806,0.27714471507817495,0.34454965193199144,-0.3579679615532952,-0.02772593763978712,0.10327490315227417,-0.08830476401593869,-0.33260430883037767,-0.15504527850223218,0.18228055895739703,0.26813057774377047,0.19826150088905625,-0.05950021521246838,-0.36875784448350163,0.2963359319638448,-0.2648142308054701
dan,0.025297343071757294,0.21300237740012223,0.01843718688459837,-0.19805627441032744,0.26021659474883063,0.3347767392260312,-0.33408933131888185,-0.05055715760287872,0.08087237001925514,-0.08891472389758313,-0.32930660906669623,0.2702054472573166,-0.29545437259438945,0.2908849231922603,0.19831255372257034,-0.08821417330940105,-0.3481096189056753,0.12869111406904138,-0.2616204924976931
dan,-0.008599141995809464,-0.23899922464776358,-0.0338672419671754,0.19886120332957374,-0.25412416613439864,-0.33880299598275115,0.32991595394362655,0.07119795133366544,-0.08005904863023586,0.08502683258505464,0.3179899533635678,-0.2686800453175568,0.3011005524215635,-0.30915304655794645,-0.21160998762495548,0.10009405903242569,0.29689860632838605,0.17748014346767596,0.24754398527060315
dan,-0.0008839995031758041,0.318273908798703,0.04462591988424147,-0.20040772527363035,0.24408700971158684,-0.2967257066244389,-0.3129878777718029,-0.05034284331646742,0.1025939065950463,-0.07150218058124501,-0.3029243743820903,0.2984226441732309,-0.14311665441437157,0.3249685809950698,0.20383472605473812,-0.12219798813855066,0.3314468403421888,0.29110596433488123,-0.18655200553171813
dan,-0.006513438410428107,-0.3097765090109762,-0.051107508336042544,0.20821061668622962,-0.24520607461903118,0.15797498501776364,0.2677087119679743,0.044410746762371216,-0.11188949096810871,0.05486378663512184,0.30692874788047686,-0.32125111064470663,-0.332157615551262,-0.30411300761695637,-0.20457368150942032,0.12244830144926534,-0.3363936678577974,-0.2818888779207162,0.18475997068886443
dan,0.0018115898252576536,0.06114882421495405,0.07048803976003148,-0.16333581978434186,0.27481993694654816,0.27364742969970623,0.3698997467651405,-0.14022831060779856,0.14097793659739502,0.04541711186180822,-0.35635763417307437,0.29960164151278984,0.36326632064075015,0.21830700751371476,0.24507274987489144,-0.12272541682838646,0.25647230535803117,0.23285971666344485,-0.21043125145647537
dan,0.0007822194010612648,-0.0035443789948311124,-0.019934647674612727,-0.08947520004236956,0.31676417720426775,0.2459686097878335,0.3990672733760022,-0.22839933828213288,0.05990986784749771,0.06024959369496175,-0.35177746414793604,0.294051530386839,0.21080880054565185,0.0981138641547581,0.23443304425093828,-0.12057262296609178,-0.4024010680744801,0.22364274552536184,-0.25765152476049247
dan,0.008011193607883918,0.04964439983342392,-0.056617707289726316,-0.08147262137060456,0.3168667631362461,0.24143820321770668,0.38688909799139815,-0.34529003813221554,0.011357870133293035,-0.005014823461608298,-0.3445224181581639,0.2572987648556748,-0.19330699734211998,0.11230472018857493,0.22196537914936196,-0.09511215230802633,-0.38583670798701436,0.2220122314377151,-0.2618777412268533
dan,-0.0019530688358100124,0.04671391511001527,0.059614684138909024,0.18831064707716114,0.11984386206021355,0.23335424785783085,-0.27903499840943524,0.5033371261812517,0.16259411108204486,0.05706023815619577,0.4763913622181189,-0.10036065851846956,-0.34239204757703673,-0.08985871910153759,-0.22335362048997429,0.05479851220182403,0.30762043698329605,-0.06888925456039412,0.1203788189337305
peppe,-0.003165381921436894,-0.21769465721103545,0.2928932926205479,-0.08309364390497515,0.2976995776696124,0.09047478675811382,-0.3775798023980109,-0.3636449871603347,0.20152498741834202,0.037192399978325096,0.0026494503197575085,0.3111151863710294,0.2303669759515198,0.1043964180594452,0.22186128272907865,0.03560560377496409,-0.29441539124605853,0.1292192856289986,-0.36286640574323675
peppe,-0.003316799576766679,-0.24537017848780035,0.3006648188322597,-0.06980794399580703,0.29839431331669525,0.09044705517554356,-0.2063892251269847,-0.3682669093504871,0.20587758244949975,0.04043346841806894,-0.28467921582075073,0.3050812054845857,0.2275661091090705,0.09507242531014237,0.22236281218403486,0.036458649771440955,-0.295767858289979,0.13178129672394887,-0.3667456838155296
peppe,0.00026539040208489273,-0.2716735170991018,0.17496310122910796,-0.01729168328724158,0.3424110514337576,0.001637500762623462,0.3949796336470797,-0.2574539996768576,0.2155563554334123,0.08806774529681564,-0.2400136098875891,0.22056620307387187,0.30935475651947675,0.013881191440936169,0.21084227592984514,0.10099490279540671,-0.3023446866507245,0.11635199534494024,-0.37385677815619833
peppe,0.001395186955538005,-0.07847810895867428,-0.05164150827151137,-0.08276899888868403,0.37961394791446473,-0.05213757546971444,0.38917689996872046,-0.0867586218631586,0.32211988304169276,0.06388607517145967,0.23493706917351917,0.15493848444898856,0.36452810798977225,-0.21349433996740033,0.056187780281481525,0.36819773848481707,-0.24413975537590066,0.05699333070682585,-0.33381005634773936
peppe,0.00047506697866246905,-0.06191430098053357,-0.017711933536734392,-0.17341837515749212,0.3962480486031537,-0.09228307604711823,0.4041574225923366,-0.21937572301021704,0.15222184980151984,0.15495308921885162,-0.2377015914631498,0.22712599300015537,0.3172108661027133,-0.15493656534617747,0.14752746546612558,0.2690785276274021,-0.3003007099191216,0.047303290904682375,-0.34971037919518244
peppe,-0.0046813092109894506,-0.07301023807248008,0.10549678801424653,0.16937188461403355,-0.22905862363869478,-0.020615019805311177,0.40203761868268056,-0.005324938577177732,-0.3600045799123354,0.005122962173113673,-0.35745269792969236,-0.1721853063533877,-0.3566714360832945,0.21160304699487034,0.2627319306191982,-0.3000264150846753,0.28872378647793645,0.19209469531409867,0.04417956075698255
peppe,0.005743358781517034,0.11673104769095219,-0.09654288215767637,-0.18510791776933452,-0.4020271610234764,0.015565137495078488,-0.38433062479933144,-0.041737005736468276,0.3458861786386859,0.029935027654087832,0.2754587879484116,0.16703503500096362,0.3563333281621247,-0.23902665913061616,-0.1406089444840022,0.3054233543667313,-0.28033530546707225,-0.13983557940835228,-0.10887293277565933
peppe,0.00962807195763287,0.1249553858986873,-0.15521273213192255,-0.18471699885250253,-0.4007840373663784,-0.018395663394094444,0.28503965878600845,-0.14810714129289837,0.24997696533342556,0.11754513868509649,-0.3404946819680376,0.1912893183381924,0.3479444759960554,-0.24715071362300134,0.1404623493556712,0.2534058214090967,-0.32236137084748584,-0.021515541232530022,-0.2504373178799488
peppe,-0.006380901724731494,-0.1317823550926649,0.14634000329731936,0.17968584200502885,0.28585436149195304,0.05303776751175136,0.41825608741174436,0.23408981776603124,-0.05968005391010256,-0.18638282939453488,0.28426389503818555,-0.32562928486411213,-0.19793938695259744,0.10531235868225323,-0.28591097450523556,-0.17749535869403552,0.37235863856389156,0.003112988829431765,0.29554594444201876
peppe,0.015218294437097027,0.10276088815841067,-0.08077771309594448,-0.16818997301234606,0.4103943403552256,-0.06681130814264054,-0.31933783598914905,-0.2547591193565552,-0.07337403776984211,0.18844917938224537,-0.3076854103401505,0.3094275242372426,0.08403972414791398,-0.00950358828906039,0.32473387199765363,0.1504491377243035,-0.38878534280000054,-0.0037354989368033453,-0.31167386494637184
peppe,0.007268755333277137,0.09339830673919479,-0.08296718958899955,-0.15614817671614198,0.39354670529530067,-0.07462562385566672,0.3997490955434841,-0.24696323301829803,-0.15062345027419835,0.16232968162745567,-0.32295604412975915,0.2464671325806371,0.044420742020577025,0.0452422027649819,0.32360795900180955,0.12346308939683916,-0.38018392597015604,-0.003722920724763608,-0.3100786869818744
peppe,0.00033106937442572623,0.10302161476087489,-0.09801872792253008,-0.22343856257972214,0.304830733521363,-0.06536918645205914,0.38014586359810126,-0.28014568183253946,-0.03695572655818535,0.15387748161010464,-0.34604817716630903,0.3264528255943341,0.13254708820448338,0.03543548991440412,0.2919180847698916,0.1556382896992685,-0.3592848815942392,0.006307893586715505,-0.31766749653754767
peppe,0.03862795863818552,0.12272491253366756,-0.12439365103341378,-0.20738852407510125,-0.4086392920624109,-0.03681640020976895,0.16132403502270887,-0.20858313409296952,0.27665487583290677,0.11182264260275268,-0.39176836772796453,0.29364409260452234,0.2748693513501675,-0.08662644748236135,0.16582723259416624,0.24943930092747935,-0.3177366420383582,-0.01743590399739481,-0.29290420992831323
peppe,0.023318944025509894,0.1279966309141185,-0.12517412827943125,-0.18068005127130762,-0.3976452880088176,-0.029455796468359812,-0.40145392327031143,-0.15636520025994405,0.3093508479676226,0.08158208302681594,-0.26053822056537107,0.2766848628196622,0.29456386176284594,-0.12370853118524118,0.10944036901497985,0.2672471686397706,-0.29914756419613514,-0.03816098309771832,-0.25979717477225794
peppe,0.0007057727506523348,0.1844605260446027,-0.14429436789890804,-0.15759166952237266,-0.3280480127606094,-0.012511906359981577,-0.38254929009714006,-0.02538953847598233,0.34496570383314673,0.03668724001493616,0.35327585438001796,0.22956731302002772,0.31872247090540445,-0.18875386861384874,-0.16756419874011008,0.2910355894153232,-0.31625826649438615,-0.10147322423824078,-0.08601041962670476
peppe,-0.0005363251594219802,0.12114666026546782,-0.12457943316505615,0.04554306610103496,-0.3533376137565067,0.04601111501574029,-0.37619954104093783,0.21093374914004231,-0.15676255342950576,-0.10240416516104091,0.3219264015942804,-0.3231185591718371,-0.21707696892655176,0.003438633808329899,-0.37979995134579647,0.1972086825449955,-0.30947310006150125,0.007658687177562319,0.29246635299317836
peppe,0.000118469665327794,-0.11573223217542797,0.23613126520081218,0.0698255708384582,0.32633795732225884,0.00891755165595696,-0.31730164353147094,0.1133459875084458,0.3530164372080522,-0.08916581761573536,0.35699779377483704,0.27676870621280225,0.3267366058829284,-0.10405762801080136,0.16076167528557844,0.2926695418057261,-0.29539318008796916,-0.05115054337967136,-0.22425712873082426
peppe,0.030013529112431492,-0.14422819228140948,0.2902547490006125,0.06244366687907662,0.2780650627740295,-0.027883707582904007,0.13989949713689656,0.3520862676929301,0.22213665983185912,-0.34282596613245064,0.31159764818232183,0.23748628718180212,0.33616796000273463,-0.09118428600672582,0.16885312839713032,0.264705053513465,-0.2944408658247709,-0.031896238084662076,-0.20355178561650017
peppe,0.028604566484076388,-0.14814517862887142,0.29313793827827084,0.06197474501141718,0.2770784017114709,-0.02875483511984805,-0.13904925525982262,0.35351676809644145,0.22015182100758748,-0.3481544261877508,0.3118663045815225,0.23047444621472046,0.32864693799733846,-0.0824124860777488,0.17566962373266523,0.25936847807639185,-0.2959390563201591,-0.039218742694923314,-0.21039564275222636
peppe,0.0008392080492820351,-0.16118457356091678,0.3119079190431113,0.047488078213385285,0.28074423511546415,-0.03256453016343612,0.3752323255096146,0.18730381399099,0.25811359060638617,-0.16919097957686988,0.33600256083384045,0.2228922313617662,0.31299420472719236,-0.034248302579549306,0.21627900759762073,0.24192226757349447,-0.32324269916392134,-0.03670523368494676,-0.22498170134246828
peppe,0.003999384364343813,-0.17151012654638464,0.33955446112532456,0.03283053161032521,0.29229351527383396,-0.021863660212115617,0.39230326834580415,-0.07033445718520605,0.29989735621109825,0.08531620282776144,0.20843788730070834,0.23435861663632307,0.30939434376668856,0.06493923429314132,0.28140453366799495,0.19647692807378836,-0.371526057386948,-0.052248446380984526,-0.23529583187344238
peppe,0.0022994595454005223,-0.18705036602302275,0.34086479239959977,0.03403790970119436,0.2896275053440767,-0.02637890977721792,0.38631557999507615,-0.1485419986364317,0.22243297651004523,0.11275138273093795,-0.35493373948382645,0.25075885741563286,0.26473675603880464,0.11454001428946875,0.31674674628479144,0.1665295116324091,-0.2510540404394513,-0.04701359848770332,-0.2534347287421874
peppe,0.02915177580914924,-0.21523685610361093,0.3459610808685838,0.005890529289151861,0.2927721266784623,-0.027226402878561977,0.3838289127461536,-0.20792417508479258,0.1538891514176138,0.12911646510856786,-0.330941634900058,0.28108071789616185,0.2249948667858285,0.1331621528318922,0.33759697671546585,0.15984675209383667,0.22009365116061852,-0.04296075253747235,-0.2643659856467362
peppe,0.0008167746223543271,-0.22675059705983586,0.35636967027867816,0.0588429889048201,0.28952725053865236,-0.019519542878477413,0.3809629925550444,-0.18018492925264468,0.24398070237553063,0.09016016245042348,-0.22003953097372442,0.2902841719305551,0.24362347428977155,0.06251976878019777,0.27233345898768746,0.1701143260392526,-0.33990522253201877,-0.005446263769791283,-0.27211652725638147
peppe,0.001191480856718956,-0.23647477411798637,0.2499859523193324,0.07753001925419492,0.31948685092301465,-0.013670417793624936,0.39691244085367233,-0.05005083021871145,0.33252139119166435,0.049517176782687036,0.2316533013284881,0.2711161449845671,0.3039206831196573,-0.06862740134828274,0.18995127163367112,0.2572003547726492,-0.29101229933300854,0.025562524279769232,-0.2973722380937387
peppe,0.000743762426704624,-0.1683522562961235,0.19383130207814891,-0.046265605012406445,0.3527051082282695,-0.07980585308765725,0.4087234445502194,-0.2339555661811912,0.16014018881111042,0.162633057717959,-0.3160756859558054,0.32044083159452547,0.20261260682974622,0.023471038803711125,0.19600332029478823,0.24005147151915698,-0.3095718476331011,0.004226158157922479,-0.3020076059368712
peppe,0.004196356058157399,0.13012122683843141,-0.06294526672432121,-0.02827666663171243,0.3948050984443112,-0.12779268686754647,-0.29454603334945845,-0.011389115884866935,0.35803073311965133,0.045209004511780254,0.3318817804763308,0.257707496157752,0.31957538007218006,0.10458171306400267,-0.08195398210785952,0.3856374781513975,-0.3397386412120832,-0.12938202787444167,-0.10848324456605293
peppe,0.010002995969263311,0.1263648244103323,-0.10148047947154529,-0.06556920277145907,0.40561341691975755,-0.15809863173022676,0.4069548611843307,-0.12292478222022184,0.2596185306511462,0.14115955917722195,-0.3738979403443217,0.26857978206528854,0.2599747608568089,0.04226102969032489,0.18628110908745008,0.298669902938688,-0.22256367986723266,-0.08485357278000116,-0.22342697921411322
peppe,-0.00030264361705954296,0.1353926343565959,-0.1264127328146526,-0.0683975769273304,-0.20916842287605542,-0.21094132773609253,0.41272382295693855,-0.1793490820866383,0.12867643114902894,0.20791541585851406,-0.35266566916134195,0.3228937633784143,0.1809769399218675,-0.005827863151191503,0.320714709256124,0.15350590423140417,0.3831997984650079,-0.06333984190808088,-0.2679051714377511
peppe,-8.468430159690324e-05,0.12341521731608517,-0.16685892460534113,-0.08778141872777769,-0.3710109763276568,-0.3112683956263911,0.38280189034560275,-0.16815943597351052,-0.07213697662617267,0.2569515831815005,-0.34361601184313895,0.32716590085006364,0.07838866432369648,-0.02959670180373037,0.33125362862872965,-0.019623803835545447,0.24245300450574478,-0.03287908371583171,-0.2579389718345788
peppe,0.01500594330979153,0.16859987102403587,-0.14940793619657394,-0.11091013854073768,-0.3761967714284684,-0.26139557624583143,0.32455627322274444,-0.1368166690641914,0.260321163121415,0.13164753225810225,-0.2270531655304454,0.26642446101624095,0.24337965207899684,0.28444415657268346,0.030512294608571223,0.3149824470630913,-0.3291880708035822,-0.14896838082369795,-0.15673642149151937
peppe,0.0013218971274241687,0.28705987013574874,-0.14765959223433078,-0.15148333646626697,-0.3485155050717682,-0.23749464261193626,-0.3550097376786448,-0.02795164275786216,0.3220520526051319,0.04357789734932214,0.286871974529446,0.21584190986963675,0.2787281457549834,0.16514470596819603,-0.11441960551515039,0.34553347166759446,-0.27501846403939645,-0.11095913223408238,-0.09094955950104158
peppe,0.011881875452962971,0.3032797565626757,-0.10559410605952925,-0.1685966280883543,-0.21794006106148195,-0.26000848348702826,-0.374375393960095,-0.08725013505110395,0.26906598177696744,0.0916477987817911,-0.33389751411913093,0.22160484276925865,0.26862759148675175,0.08072822292479755,0.18534836107563046,0.2567342866535257,0.35076673417681614,-0.08253449689307443,-0.23534864997120497
peppe,0.0013575593446052557,0.24674342539501107,0.021148979992822947,-0.0664763361596598,0.3739835277512824,-0.33939969670102343,-0.26625844092438306,-0.11625180666744722,0.07147970027023794,0.18846080501899543,-0.3285004792237727,0.3183268100292553,0.1274993578481459,0.04815555813120744,0.3040118010257558,0.15352274913204922,0.353596074501123,-0.0713310542783163,-0.28324957902700243
peppe,-0.00320964781864429,-0.09131465206900169,-0.1006883100712461,0.006887416626773781,-0.35500403952350595,0.287036174268731,-0.4020509842947451,0.10514414640514765,-0.21654397802565273,-0.16608199369645082,0.35688019033138413,-0.27650360704982074,-0.2196733958523064,-0.11829987339600544,-0.28814447149327993,-0.17842263483371046,-0.2554910370581639,0.06664039082618983,0.2742921060291282
peppe,5.1326907474010964e-05,0.022355073675613894,-0.22862893350238067,-0.10643188817395657,-0.34210913788933006,0.11888992924367205,0.3383567290871029,-0.034685999696052794,-0.39393197920953965,-0.030532413436566718,-0.35397654525510086,-0.24659494428409887,-0.33513405635406873,-0.1834360805713536,-0.08166281109450911,-0.22581790619683464,0.2946425208003253,0.061665803733034825,0.22928865978530116
peppe,-0.000650221330764043,0.002758275332007253,-0.3110172077098977,-0.27153795378283774,-0.3110225758469053,0.3124984903481334,-0.37578933616863686,0.052255812874074305,-0.21712390488046535,-0.28168879625162796,0.23896707454604185,-0.1402923390342278,-0.3170962151316567,-0.10240034953898024,-0.11245853138351786,-0.20799093240127353,0.20156332124342252,-0.020836369054180164,0.28267595481360297
peppe,0.008867539308855366,-0.17025077134472258,0.3476811661513211,0.2791414371172335,0.25844121302472267,-0.09911339963328752,0.34049721645522973,0.08697321675582466,0.3040273685464355,0.022394026787410225,0.2569882799533113,0.20346336809094445,0.12139431823972706,0.1745241737571838,0.3320989199930029,-0.27505919749111735,0.25655900949522953,0.003956206965094775,-0.2733850166589642
peppe,0.0012223422183124282,-0.1600198805127031,0.31642031678218047,0.3200428435918458,0.249687184066259,-0.09826268035994476,0.33127019910544037,0.09062541785659231,0.2963198519901024,0.007026962414875984,0.2557930366931371,0.19628595458885656,-0.10719126280955298,0.2221554472515274,0.32144619210579445,-0.31860220736873934,0.24087093015436506,0.05406136421371909,-0.2519120694303491
peppe,0.0042473202467930545,-0.13299594635418166,0.3308158575233252,0.3184002216516762,0.2598023329007298,-0.09846885054737421,0.3450615092515196,-0.0093565085320779,0.2975371713567886,0.0920812761091125,0.11384337001571555,0.16411766217473134,0.3101846254105122,0.09403313328170276,0.3283539682924158,-0.2732569029659851,0.2931347916031045,0.08277531541824898,-0.24066882911445125
peppe,0.003219727746204795,-0.12277476651277346,0.27573347934921905,0.26683063020581804,0.30659890546831464,-0.06888485474589204,0.26100079669042325,-0.12015565007770396,0.27021863030232235,0.15215226759861153,-0.339393990092846,0.1504434175411977,0.35908634261914785,-0.047138051476717624,0.30658127483092557,-0.09150509858709534,-0.28654710426979524,0.09860914995495963,-0.31151054987524757
peppe,0.009683871086083996,-0.13739941704971562,0.18524084485974604,0.1837569830660937,0.3464517128049504,-0.01156532018631332,-0.2794263993404627,-0.1771463802630541,0.23061510222559584,0.1570852875613128,-0.32235735526854564,0.15382905349614637,0.39558141012596154,-0.03949676499110253,0.2696770167609795,0.058483924318220595,-0.3380280412210165,0.10065054506130931,-0.34553892526559427
peppe,0.00031759426969997506,-0.17334456679567836,0.08689108889829322,0.08017717819150233,0.39043577324957957,0.014548566958014422,0.37347948805656916,-0.18261900465048986,0.236436158315438,0.1444002865876887,-0.1952979824536505,0.1718597068127268,0.3606214243418159,0.007667613812410432,0.25610120702541544,0.13661368786639486,-0.34741675682413015,0.09784556162774985,-0.37606434015366014
peppe,0.007165787495293846,-0.17040869484865562,0.03988089316024341,0.04097007923203297,0.38021878523936686,0.004000052560343178,0.28928176206576656,-0.013191553497620353,0.354329209834681,0.02714005145548541,0.36179728241437986,0.18019841044959897,0.38123567243832335,-0.02120058873990733,0.22752516759413297,0.13032937125396915,-0.32299727580573995,0.08931438313502227,-0.35035582288596195
peppe,0.011317835790032196,-0.1768963400461701,0.06531566591567575,0.03535011173245462,0.3837140674200434,-0.0004915562976112647,-0.2107429405203221,-0.04171257269193875,0.35509714166683515,0.06218707890302717,0.3822015193790933,0.1768879102336839,0.3776877284329499,-0.024440854428454176,0.23090570591251783,0.1444191451019617,-0.32993788263365004,0.08814670585150705,-0.358365121319315
peppe,0.00457883026336908,-0.17645032164737273,0.1060464152584474,-0.000440651188744174,0.36810669276576957,0.00601294661467066,0.4123990324689591,-0.08376500875011093,0.3343242647274091,0.08149847985760203,0.24251656094405463,0.16936532156708806,0.3644105804936839,-0.0137252075760333,0.22682205009554327,0.14409318492586065,-0.32234164429975093,0.08449962675927962,-0.3504832978342108
peppe,-0.0002392230122554776,-0.21868580520896067,-0.1935986006311,0.014752398509152094,-0.41144433427811994,-0.21016698856409982,-0.13979195453558974,0.23798913749886955,-0.1001923470356312,-0.009212581795088583,0.1742742069325246,-0.47518322397879353,0.38866689272653776,0.13691178673914733,-0.006584310099544451,-0.3421249476665685,0.16271761416100033,0.1536376173058836,-0.146854032714487
peppe,0.02442406149400302,-0.28613067542577764,0.2905491621471091,-0.10582140454382688,0.29002053055632115,0.058067320743910106,0.3608935799616319,-0.366820291514311,0.20571936225960277,0.06991675347624401,0.2063977371682829,0.2954864915573533,0.21438569631961593,0.035186001960075555,0.21015392955448775,0.07322491260415284,-0.29134821225214436,0.09029709224829052,-0.3214699627631902
peppe,0.00032862813617022253,-0.3073914067625496,0.17933170911856322,-0.05949131784863662,0.34160310675176947,-0.00928975790093238,0.38995735311552604,-0.25872160539376704,0.23083057326550302,0.08287281490877524,-0.2656756835937642,0.289207598855331,0.2582382783277399,-0.006474709274705366,0.2009870578226545,0.12896435306058054,-0.3037843342148665,0.061125494762052895,-0.31603135100607593
peppe,0.0391541768124421,-0.11547156821026551,-0.07829176571469203,-0.14442315191954683,0.16432149504416488,-0.021486591138194174,0.42580617587400404,0.007841258918710436,0.38848199390360083,0.026526917039573987,0.3657709689289484,0.2883512550899662,0.37207521421440315,-0.07872865078111059,-0.00733997385199591,0.32181039139168083,-0.31991051630180906,-0.12798151996572896,-0.12373478055148411
peppe,-0.0017352740242227045,-0.024417165184727842,0.22578641696255586,0.19059896398527057,0.3628371806060164,0.04380582053837683,-0.2859181195612097,0.03758832327842185,-0.3572633103663363,-0.04974763349904928,-0.36350610383136067,-0.25986119627375914,-0.334315347678999,0.047464668312513204,-0.10758179103617993,-0.302772755478452,0.32954207868554225,0.08535677360220797,0.18010965910021134
peppe,-0.00017686419306081583,0.22044391906157568,-0.28652611169984665,-0.287021639902446,-0.31611523202801,-0.09453678010261843,-0.3861935924403303,-0.22490425658731478,0.04984975082950712,0.1393038508116312,-0.31059719716742196,0.19534571455372612,0.1369357545913745,0.03734479386744372,0.23857849671482897,0.23350724901828596,-0.35452754158445043,-0.050519324211649556,-0.2489536292159571
peppe,-0.0035891198684984884,-0.25933723729526525,0.24496560627514866,0.27780521307677636,0.32851556808075333,0.09071146736322327,0.3799530281836941,0.23901717901802094,0.2227829275214152,-0.15570747656637948,0.3348961328138746,0.24520102180407227,-0.001658616227346447,0.02023934683085635,-0.10822690872903395,-0.28113996568326133,0.3050253714776855,0.07044007158403985,0.20637909126415813
peppe,9.636758141901675e-05,0.32526713444474803,-0.21860076490992586,-0.33716466254629573,-0.31026463951376526,-0.0619134329766312,-0.36567508507599356,-0.21906358297772374,0.13117078119306447,0.11083146012373173,-0.3289661656418339,0.29099733999936317,0.18906876442390377,-0.12437945758636144,-0.11417324368507703,0.2974442844968885,-0.24042468149052662,-0.09485948985452952,-0.09494546017728218
peppe,0.00019225283890469917,0.2868685592898251,-0.26624178438201596,-0.31775351123139234,-0.2938544569211422,-0.11063641097521262,-0.19844677062983418,-0.18657938145230304,-0.27932390557853676,0.17052967282969464,-0.3050664194824374,0.31542638469006257,0.01766262017350557,-0.02121711131335594,0.29848090288399926,0.11958892280820159,0.32146492297087126,-0.04211274067520713,-0.25326151101900246
peppe,0.0011850177858823189,0.19499676288388865,-0.32628451901252076,-0.26670948378748455,-0.30039943849841183,-0.08363527004220739,0.35093828357405743,-0.23570719884659203,-0.3112954710613281,0.1950475659146199,-0.305398684547694,0.30058748456431517,0.03976451773068754,0.00701823944649771,0.2764109295489861,0.1250161559129667,0.17759849118926818,-0.020299393817464866,-0.2534661002200694
peppe,0.0014342991359879015,0.3096385571536675,-0.2798485438920726,-0.31466248872232333,-0.32216097539380434,0.024183804324798622,0.37153986613662904,-0.24289045429524966,0.08568797794043898,0.17190570010068978,-0.2665802409777513,0.3040490950876605,0.16856272400617384,-0.06550312176205111,-0.10607546563162676,0.22960730548628308,-0.3213766705597251,-0.11258554012095104,-0.11111779594865444
peppe,0.004225162757489696,0.2949257336410738,-0.23818664819630198,-0.19807963533665016,-0.3367104437427199,0.06727904025135259,0.3428453073270283,-0.07928295873646941,0.3305082376294083,0.08823209400240523,0.2261443769354732,0.23208189385389819,0.298584101132239,-0.21558059237735705,-0.30985538635821097,0.1915407421733776,-0.250500302940975,-0.13648838776112418,-0.05993553384064035
peppe,-0.009194630244793313,-0.32194777160073484,0.13522384432972862,-0.008237725060631253,0.28441010387367405,0.27621818452493463,0.3815520577381952,0.16205252743275192,-0.14251240092650944,-0.2560910965300255,0.25890361191527816,-0.19466391569177033,-0.21049956209335033,0.31102249334641796,0.23942585535657449,-0.2702318430662349,0.2347452434723868,0.09455416901488582,0.15069597273125085
peppe,0.007301976319944448,0.29753637983208536,-0.07224329332601949,0.03864816829149556,0.3697708498254241,-0.30362338613767076,-0.3652523566599482,-0.1509820957574521,-0.05805206452669691,0.3397450987513091,-0.23148427689815024,-0.19816475845100637,0.02172103445924831,-0.32483745903496913,-0.21263031980697022,0.27224703555116647,-0.22289166581655567,-0.07408736186638913,-0.16581580599333273
peppe,0.03358605016632071,0.27603501993247787,-0.06204965655223377,0.04027451309859491,0.36946595853960257,-0.288409364246558,-0.3705725670175347,-0.1593267540565045,-0.12158692706617728,0.3460876940276528,-0.24111839389271603,0.14916829253257471,0.042080259382965245,-0.3380709862480942,-0.2104388683376628,0.2753789362311023,-0.2232448012147301,-0.06848539294727465,-0.17401073335040262
peppe,0.0087846750903685,0.2520471601841057,-0.05826767991022028,0.037949534211406864,0.3709456527389431,-0.2740821310275309,-0.3763261645471114,-0.1691457603728745,-0.14807677083882936,0.3472917536888699,-0.23962934198117036,-0.13552172093851542,0.04753940786746383,-0.347806052562661,-0.21016260088487898,0.27572067084622154,-0.2250651552412895,-0.06557197863757674,-0.17883977580374272
peppe,-0.003995273337326329,-0.19329004326449473,0.06505677558580288,-0.03480090782437535,-0.3713452568960138,0.247649450945349,0.24169399555120644,0.1965318567250319,0.14217000269635274,-0.36019113885467674,0.23301285722080475,-0.33494431312016015,-0.10819634525839139,0.36287451825351075,0.19377733004516198,-0.26937242909598236,0.22823822824463705,0.055980814612607975,0.18913605662990127
peppe,0.002139140801077494,0.08417973181815529,-0.009795703067407735,0.06706242255173406,0.36827183567084454,-0.15075547069420644,0.39516475697710485,-0.22786435367735738,-0.037637337564345785,0.3612090892540636,-0.25959159870169696,0.281656189028666,0.19015962810473402,-0.36785682876349307,-0.06549032524192142,0.24085500248352545,-0.2352817808882079,-0.019458522197369668,-0.23188265217537576
peppe,0.005326742953008945,-0.1745307306510999,0.18859417563351533,0.2037444817973772,0.31811170386590537,-0.01828216997489355,0.388324193375251,-0.09673630939879499,0.3062228453671391,0.15119799697576056,-0.13645618780238705,0.18114727554701326,0.3308251594283287,-0.08262810615860174,0.3363683522107352,-0.12968133655625258,0.35528067528402246,0.045265650170084215,-0.29698775026071883
peppe,-0.0017040158433815143,-0.22747185968346706,0.23577270846138673,0.25669107537679514,0.2722438124709429,-0.010541142325959662,0.34741573505164614,0.013562149274067252,0.3034376300562436,0.03440344091402087,0.29117375288122205,0.2000674831168393,0.1608365760250078,0.20450041072434355,0.3354491045736583,-0.2645482664221895,0.2601504027272432,0.007788223691590259,-0.3092916082568575
peppe,0.0047524614543275135,-0.2468378737017229,0.2550670426124786,0.27240186073748807,0.2532834872962249,-0.008597564865318312,0.32980702544276574,0.0440464846910658,0.28617332111725796,0.02113777321614926,0.25880450722637083,0.20839611190795268,-0.09408899596947543,0.3004709986923658,0.3263306789879754,-0.28577774192698785,0.2344431572045184,0.01041567115709164,-0.29958458978157004
peppe,0.008318999483916595,-0.24041215966022256,0.2417108415216373,0.23525382500736908,0.2822449778418513,0.005865449959306895,0.3571232685544041,-0.03264811466119066,0.3002927459374663,0.07997726746944975,0.25677373155987593,0.194671462225075,0.3312702671373649,0.10598438136990451,0.3456205828243887,-0.22068767497718852,0.2074466476219791,0.08126217041764143,-0.2845437557779804
peppe,0.002310548368571425,-0.19548616975263058,0.1005780023592292,0.13321652501512335,0.3446195936862347,0.03253436229203445,0.25806760967131076,-0.18635218719574925,0.2602632341991755,0.10069482721453672,-0.3414305920075717,0.1749833173723795,0.37344446151872807,-0.10837432913147602,0.2936006230397806,0.021506162397837897,-0.3518038245625104,0.103858843167725,-0.3395332095649799
peppe,0.00970065968329433,-0.20184221544751096,0.03570358232664341,0.10658792542420274,0.36629968556929376,0.02489669213652646,-0.1978954831068598,-0.1667996303749553,0.2796612663195667,0.08130081218917293,-0.355718735295217,0.14964722690905186,0.39013777660127935,-0.07472511357456617,0.2870303893333273,0.0763567053929105,-0.35289702055184174,0.10771524980962081,-0.35909133534827536
peppe,0.0027253283254996905,-0.21974854571999602,0.033784227949959035,0.09297297077159683,0.35951814351564165,0.039868704283407795,0.23526455416924266,-0.10603836501039712,0.30728831774320076,0.0740552696777929,-0.3750041772543288,0.14814770906995361,0.36764073374435924,-0.08363459658563274,0.27913694269311395,0.0614625629268689,-0.35198445481967533,0.10708322430892542,-0.35041874581245785
peppe,0.0026376954300251763,-0.21449932135834027,0.05118163169600243,0.06976997514586494,0.35525076992920224,0.049115733245339965,-0.2726190551083409,-0.06063966467023832,0.326998901981362,0.07514247032948843,-0.3919783373845489,0.13973166026512526,0.3562542672284425,-0.05393995563300352,0.2629727271651615,0.09087133756615208,-0.3439560433997113,0.09040126898343548,-0.34702333721313783
peppe,0.00011511370775451627,-0.18518099308771951,0.12921202751469907,-0.1356287692444648,0.34236416158639565,0.08108418493576817,0.3958816361866505,-0.20979175253448443,0.2549677592711057,0.021107649651432636,-0.2681734434329363,0.24690476601388267,0.30060594795839546,0.01662799863607715,0.2625421680994272,0.06184337618246893,-0.34046902218154823,0.09001884017282712,-0.3469082856902506
peppe,0.009062103905371738,-0.22401033642289536,0.2087867626233708,-0.21197891220013035,0.29853623655073475,0.1392903922211528,0.36405925689155244,-0.296206650754197,0.2251164280449073,-0.04717261613401005,0.1760864239961387,0.33633022871919693,0.2439590521268736,0.04973111794326162,0.24375976059798574,0.02119398826358608,-0.3143742393952687,0.09437369882824391,-0.32537255157828626
peppe,-1.8185055289490034e-05,-0.2558600103038228,-0.6446084872844126,-0.12033911514878201,0.4699364496274723,-0.014199013442207283,0.14038325403091562,-0.10899601018849563,0.03690721131838296,0.27215273794722955,-0.17794009421915574,0.04785465693438626,-0.2237182644204112,-0.12254830641617404,0.05212079487749982,-0.25707399571551665,-0.02899011969300275,0.054279051797726255,-0.0697450720551442
peppe,0.00018491377040487426,-0.1849877371221465,0.12972938416900293,-0.19791997177168125,0.3717492566848307,-0.0036854365070436764,0.41959057475946093,-0.2681448179885719,0.12996188612226733,0.05749498864392541,-0.32483457652336845,0.2783597158168098,0.2078187302963419,0.00850014583130112,0.22069768967044276,0.09036143918794452,-0.3330211574777032,0.10664314650457121,-0.3130522871673697
peppe,0.004290766542615459,0.010836487553133822,-0.03599183354514103,-0.316687619290819,0.3727770382644628,0.15065702530691882,0.38527153187966423,-0.0441391953893536,0.3453851613987364,0.04806261648951919,0.22005180777932756,0.20653819991745204,0.3520581604696336,0.0592961929987669,-0.1658241881664681,0.10858201387421317,-0.2698181540232016,0.36425063303515004,0.03664172529525109
peppe,0.003758324067124008,0.045641561397704485,-0.06573827694937817,-0.3070943853585938,0.32620225499267086,0.1197811752221276,0.40051748049036834,-0.09595790184763296,0.32025429077603884,0.049627873583415236,-0.3632386532981939,0.20331895094233415,0.36849889086439913,0.049766002836279855,-0.05517302221304963,0.1401657380167018,-0.26535414694594156,0.2891077718227625,0.12509752317140413
peppe,0.010107947190759506,0.08097677705121666,-0.12071901666572439,-0.24348992895255428,-0.41082117013676706,0.029833620204206386,0.4116191198954292,-0.20674360157055696,0.15958037664436164,0.053000487449066665,-0.2528625722431208,0.20180826808947563,0.2001090982994535,-0.05036908413380758,0.2664330683673236,0.0767288261073317,-0.34242358778306214,0.09059102435356584,0.39986097361856987
peppe,0.0001631514743851726,0.16413181669770177,-0.2074290679537072,-0.25883409118730544,-0.39793926419014086,-0.07916061595819511,-0.3394062104254061,-0.2326037567383504,-0.10600953615107564,0.03982724771987129,-0.30119044626549546,-0.10140742098170581,-0.05125690985699801,0.0012474742379430287,0.3161214376661857,0.04935035817032044,-0.3919386888301527,0.10278145141659506,0.3822503174606865
peppe,-0.005336604949837964,-0.13662951032907555,0.1948930409847851,0.3622178397472457,0.38626415302449923,-0.03499710296208571,-0.40637328402324757,0.18027093581908962,-0.28561619265702276,-0.08183644681691389,0.25436030992711484,-0.1272749178169884,0.29730975815573735,0.08576489315602598,0.07850595993171589,-0.1634878336749555,0.2395307138623807,-0.29753203136097167,-0.14273521598365538
peppe,0.008237140719642202,0.1385254593169271,-0.18058605220349697,-0.3261587434965978,-0.3596032829798838,0.08313504628138518,0.37849641613874785,-0.0365177555543869,0.3375644845720802,0.03030702255499983,0.36245314640714765,0.14818601140112897,0.18680858535944916,-0.06777818788808658,-0.17175805764021448,0.15613258546550857,-0.24401653190117797,0.37194756034111986,0.03927510374195767
peppe,0.0038394849016445917,0.12660932699422173,-0.18441871472707116,-0.333980105122602,-0.35438747023974226,0.10954984338412455,0.371762070491571,-0.047215592409585734,0.3269451662897325,0.03497300713234437,0.21810279630550528,0.1518804004677218,-0.3772751726434479,-0.034318018163830705,-0.19074346124844715,0.15516986019410045,-0.2554539023430374,0.33485769404919646,0.01658200305223565
peppe,0.0015476561689496903,0.09214413673884331,-0.17681695257477703,-0.28331550512929987,-0.39576840278298486,0.08859410307683731,0.4088731694323101,-0.1800363481433746,0.2502892546011573,0.07779123428258342,-0.3511513786815281,0.10536235043734538,-0.3196410755920494,-0.10459523266503973,0.01328904237980964,0.20319984877644648,-0.27524243191171344,-0.16538287048128844,-0.23476306953898898
peppe,0.021935116004427203,0.0550017059743725,-0.1288218245957944,-0.19023882384608187,-0.3163545511132426,0.023947425151929037,0.4293643133582122,-0.2773365829689294,0.07274896898059542,0.08863170793803006,-0.2987627558626602,0.017566749843865952,-0.18899275124510082,-0.18676864513326435,0.27215758697008896,0.16229476658386893,-0.3851877783811959,0.03304892765973336,-0.39884609955630457
peppe,-0.004664250272600703,0.021468316191064245,-0.05983321022667154,-0.14456046386513166,0.419978342869886,-0.02558846530098978,-0.34390317878768273,-0.29913107370722225,-0.03665331589240938,0.06191601598585506,-0.29214952511785597,-0.06825971765795412,-0.08970040159846604,-0.04085547434398436,0.3437938650434158,0.17026595584399185,0.40573211785517616,0.03788367290535301,-0.41489086632592914
peppe,0.02058050358976094,-0.04691338501688913,0.077419115778292,-0.06417936882941559,0.3886324120612729,-0.14594916827722706,0.43894249829848564,-0.28994145793700515,-0.044332762872685116,0.06515128384359098,-0.27617352660595174,-0.116710039753642,-0.040205968158657054,-0.01576288876231138,0.35604661708689483,0.17625124153210672,0.4047385971315502,0.05159679767744387,-0.3410808827564419
peppe,0.0018522480635269054,-0.17950711185630644,0.21718045340628422,-0.008264082602625603,0.3591739640492028,-0.08639524777071061,0.3904389407373364,-0.2370624473262394,0.06897459620231167,0.05075103793167726,-0.26073016449886577,0.0019433496832570727,0.061431337949170994,-0.041636875902256405,0.31532279383776407,0.20098440041632332,-0.41029097149624844,0.06653259319667577,0.426634796020081
peppe,0.05927371292710737,-0.2301200071305664,0.17758267124513044,-0.034582507451762286,0.3604267893036779,0.009119673582188214,-0.3387364563344427,-0.2133894367976323,0.26957212784873397,0.08701969292073437,-0.3571774867178731,0.21619441366321865,-0.3038468322774362,-0.06087299712917123,0.12169037888735189,0.1882135724874517,-0.2791085996630376,0.115995526281501,0.36313898211711854
peppe,0.03106751674649083,-0.2164460506196777,0.15929414257220528,-0.04266276287071097,0.3527375892762049,0.022737632583178697,0.42154501902145514,-0.15692769201704512,0.3240698312418949,0.08192870579451415,-0.13921352883426583,0.22058895959081432,0.4158506640666558,-0.06989276532078412,0.07455339632339211,0.17778401786029907,-0.2504112853610354,0.11148916374843716,0.35888412152625776
peppe,0.03569621932379504,-0.2025024567594592,0.14605022249971167,-0.04712653512442397,0.3482807132546918,0.03927529806467332,0.35224148789092646,-0.074573474558916,0.3577163749470051,0.06580237058351668,0.3667399135841494,0.241283963259322,0.39571128449059856,-0.08086138627270505,0.03262777513128528,0.1718946337522536,-0.22759274792073078,0.08382810806847579,0.3246427268902882
peppe,-0.0029281281215976025,-0.19249788970139387,0.13548607874777585,-0.09983166606327028,0.36813892462319636,0.1822487295798185,-0.4162543017061173,0.06292732829129224,0.37570384334376944,-0.0055548258709584315,0.33858414711467566,0.3107012624185398,-0.3717017021048655,-0.0787690495617507,-0.02219548639691929,0.14219212123108918,-0.243218333781117,-0.006192543048779929,-0.10965020609565096
peppe,0.0006795699959468872,-0.1662803885401793,0.10703176528085301,-0.2828606215467331,0.3291250096470904,0.37017534643391575,-0.3594869042393246,0.011545204709990662,0.32622705192099644,0.026141705585562044,0.3136058496843879,0.24335978369599462,-0.21935983343701415,-0.03225613776300327,-0.028918548307715144,-0.052760742523620716,-0.27489305221507687,0.3299032134604504,0.06562112491198195
peppe,0.023743816118090944,-0.17801745922851445,0.1116982455721226,-0.26863195194224554,0.3335862710470393,0.32321448298227473,-0.3276683353539485,-0.020317907211485915,0.3223272018184628,0.050854174432054956,0.34382953643559583,0.21587214649617795,0.2660444290434042,-0.04117021016340418,-0.027571794718470582,-0.07071891331791612,-0.28416010770904054,0.354323377938208,0.06568775490731008
peppe,0.031083262951286786,-0.18091720059818406,0.14168655045335438,-0.10471621128418537,0.3510581995670787,0.09624950384619349,0.4044243653764957,0.009628324460760798,0.3301956045910257,0.09118222503958898,0.2723897666013029,0.1918983767772484,-0.40514426654082586,-0.02611145164371757,-0.0306129082819388,-0.05939124436416749,-0.2968622908733725,0.38852399290234246,0.057792990332198875
peppe,0.0010303298314494871,-0.0851671678737648,0.20536008707436415,0.18767056615435054,0.38690307542627284,-0.30425385556743795,0.4411626385979112,-0.1344358912165754,0.13768764107954243,0.17424556799363192,-0.3378075817254507,-0.015864155737321903,-0.20981562292607014,-0.06462689094677052,-0.02077889714662833,-0.04362252837085697,-0.32178312984240365,0.37530416429785635,0.04213206656266896
peppe,0.012615765091086894,-0.24550257523580007,0.21940487927115263,0.050355286663560386,0.3589367577436833,-0.008095258883993883,0.3142556273766716,-0.20280988470173475,0.16539436846623556,0.17514057131700803,-0.29754414680914365,0.2092071363351474,0.3814635463978101,-0.17331707739345786,0.17417420836165942,0.021840028938251384,-0.3207708468523632,0.019495184624039465,-0.34683454693063065
peppe,0.01244280684144071,-0.25904697735230403,0.20994755875600693,0.05358075330235143,0.32613537656959674,0.022268884065587916,-0.39727721120307086,-0.1483930820318987,0.2534763103575074,0.1364540520987015,-0.34197084528051735,0.19386049785418738,0.3447335335394598,-0.13743331984999713,0.26607773156309067,-0.056302567574412224,-0.2239365685236638,0.039635854738579224,-0.3137275252317763
peppe,0.026897994287801485,-0.2737926642116917,0.21213278228718105,0.06512122065514735,0.31616687343340294,0.03256008077080772,-0.385652157220059,-0.09860420336960163,0.2994904734215321,0.10540561343267701,-0.13080025936430598,0.19782376692385945,0.33221749647174276,-0.07676987364507619,0.31904490643558925,-0.13331753199461313,0.369162225985268,0.04096553510462456,-0.2923908401631234
peppe,0.0020979374832019726,-0.28669610358135517,0.21016303968086222,0.08258937874515579,0.30038481203787265,0.03900117350264882,-0.3671850485662505,-0.0147474327849967,0.317264047720476,0.0462148598910649,0.3264938644605861,0.2194325883828005,0.14328577577371857,0.0588062096981763,0.34573170828493727,-0.22671727300791777,0.31415837668406565,0.06174411460134836,-0.29163714985200917
peppe,0.0012007930485903738,-0.3072503069101126,0.20866456900438712,0.10001711404493274,0.277448781118874,0.04138844030795405,-0.34139765032298686,0.051725379250869105,0.2858296950887643,0.014047413232453981,0.2704866195674478,0.2354405758797459,-0.14449930173425923,0.2353467129466715,0.33323350807219454,-0.3073032565297514,0.25725723175623705,0.05972545919004318,-0.3035565904677459
peppe,0.030082008400500737,-0.2928433646991382,0.2082286435833596,0.062111757518764424,0.2988899620054188,0.04364886286194586,-0.3657100245361768,-0.08332403282261801,0.28240909343888204,0.09644486449891553,0.3509291354852189,0.17465069672174088,0.34343930543728085,-0.038413320158046486,0.3175606568631368,-0.20412608869985704,0.13543726779178597,0.11253035139611615,-0.3153462227726273
peppe,0.0008123325571942493,-0.2919682905614399,0.19563362207586513,0.050932842205916144,0.32198227681910896,0.049031512486483984,-0.22283987598881816,-0.14520855041539382,0.2614640622088736,0.0997692119202168,-0.30101135185829925,0.18658694965002484,0.3632042014706558,-0.10928629906878076,0.29018376185913736,-0.11788412491192812,-0.35232828967771834,0.11530246989317405,-0.3375414217591557
peppe,0.023728992940381735,-0.28621632328165225,0.17461631760743315,0.04619521621087695,0.33271765269301673,0.04865769019261763,0.395344649792721,-0.19399807209002848,0.2181515819081103,0.08655430095221872,-0.3166894481351748,0.1755921045641023,0.2550212975166911,-0.11622662880227656,0.25233082886477065,-0.024053016398129852,-0.3338770364649146,0.1134704219781877,-0.35370080120810077
peppe,-0.0008888848428094424,-0.29143747920652374,0.11263927532871376,-0.04713643927288801,-0.09863209683774092,0.03278187581351681,0.37127514615413815,0.10415538087931216,0.397547994570227,-0.29838766539691425,-0.22437747825367843,0.3062104843248239,-0.1895767168598307,0.12594005620852028,-0.1090484680284229,0.039907479206882146,-0.3677022366041525,0.30608217459734016,-0.23514435716948745
bigw,0.0005296406386304902,-0.29955188112148445,0.2535316079794736,0.10572068366476184,0.30938729285440697,-0.050429209697134054,0.35602996271292636,0.148634053941901,0.3240431654715528,-0.19710849122745283,0.3432787907173779,0.008907590022204516,0.28578901086447606,-0.18260327801627388,0.2886604447002346,0.20353717322771303,0.2583805725008818,0.04949399343138604,-0.13016675597961122
bigw,0.0023599388893355555,-0.16046467188253488,0.14527496761725522,0.2545307376628148,0.33731759190459515,-0.1377416274101422,0.37394426388011903,0.04666621344032665,0.337421027275897,-0.03936697168701768,0.23397939721002933,0.05508887738132226,0.3102003821810077,0.05681161066826661,0.36482958121321374,-0.054369778218780467,0.3360602305797969,0.20519289847835595,-0.22329224667683265
bigw,0.014459552791122434,-0.07629412484942677,-0.013883260095557185,0.19903021300445192,0.2393144169230051,-0.08389135825169132,0.36726582109657313,-0.0655022173253952,0.31049359088554307,0.08818794522054814,-0.3674998060460166,0.0986048166522438,0.33449118188047455,0.013089088592761861,0.3703017257843982,0.05749379156085872,0.39543281405368025,0.19893991879850928,-0.23129716833152134
bigw,0.006436224078626182,0.03788875835550931,-0.22752615381696925,0.10921820252219884,-0.37055109876335485,-0.10145524547630325,-0.40007464729039366,-0.2002151880452812,0.14443995884016061,0.29348122013683164,-0.2841024641269084,0.19528089935406617,0.23922206292608542,0.05813709815468487,0.36263823720006155,0.06532947994942928,0.26882394876487575,0.19043862756791854,-0.2374085993370509
bigw,0.00027577064255043023,0.23247269684925043,-0.3007525123419982,-0.0344264816443596,-0.35473343405082336,-0.09281006109586779,-0.3611551236954142,-0.25384884160693844,-0.17771561189251806,0.26789348055420364,-0.35525949002714347,0.33594667607160617,0.015255390708626897,0.009269555269287839,0.08872571423521283,0.2661355058105071,-0.31742892686103485,-0.04267135251739034,0.031260279346767325
bigw,0.0010156182203657292,0.27818961460801295,-0.3211395743126769,-0.19348529908783535,-0.3144680039479247,0.030092841512581726,0.28901729023856576,-0.19211503577995126,0.013652103130404707,0.05046125193053998,-0.296274673265688,0.30457112630984157,0.06250306191204466,0.024743870983604865,-0.21530160551414,0.3487950784366569,-0.35450969620098804,-0.13785565909817948,0.2476297785682881
bigw,7.818184754523486e-05,0.3143510500945482,-0.30352692625837374,-0.2704576343935557,-0.30028390205066385,-0.07133489626306584,-0.30796434788500204,-0.17642213028427617,-0.18480460634479873,0.07819692965640644,-0.3321407845284644,0.31608823779036427,0.004409745459225828,0.08663439050323904,-0.11664595430196166,0.25531291404831413,-0.33288840609228615,-0.15024994532993047,0.21090081346531442
bigw,0.0010512111295971022,0.259291643725878,-0.33676186197820224,-0.2813820562837144,-0.30102505170659993,-0.006698854167350954,0.2707080700707214,-0.006691333748781558,0.010859739855945398,0.0647299370126786,-0.3021348201531327,0.3236847363163422,0.036450893402929604,0.005894232880010838,-0.2597864215107314,0.31449800050971055,-0.3572730938338825,-0.12649647866691502,0.2538166158138588
bigw,0.000408101231605652,0.2537574052644309,-0.3489681582543417,-0.2630622596506773,-0.286174618869007,-0.08994845689183012,-0.3656349294724501,-0.15500119072603677,-0.35368163240278566,0.11708977744286032,-0.3403919511952521,0.2977983440329266,-0.022092803242954623,0.07168981025510736,0.10430118847879698,0.2784293986503988,-0.22106281224885233,-0.09522906317364273,0.04009944795031106
bigw,0.00045849702827781145,0.225100521101087,-0.3284721542379768,-0.2287506203279845,-0.31414216408847934,-0.08911987076055157,-0.27275494512906645,-0.23789306648622208,-0.2905083498769708,0.17753016338503286,-0.3579457256557082,0.31363374731178667,0.006969928855540312,0.10111087043838346,0.1567634831666975,0.223274593040823,-0.34314734451979045,-0.08015617710725821,0.01470260535822694
bigw,0.000547727117169419,0.17480977041322363,-0.32880911198302776,-0.19009416176491575,-0.3404631445100806,0.09385625668317314,0.3146666775743276,-0.09241686624451065,0.1616572783461284,0.07487524622630025,-0.3472941362428337,0.2936697297700634,0.12653302196702754,-0.028721255486654832,-0.2598181511707429,0.22303681497784353,-0.3258683319719913,-0.1696421172552501,0.2919942552153594
bigw,0.0013396724180825806,0.1253081172909906,-0.21752481026439419,0.05951740167231481,-0.3791032649304415,-0.28030948053574467,-0.3362287304003503,-0.1689060512025568,-0.16364378735654944,0.3765199164538511,-0.2958207914987005,0.3413123366690981,0.03027641777578863,-0.04245388300278853,-0.05742034652594571,0.274472114922228,-0.3007689790550088,-0.0925659199953898,0.1289758094410341
bigw,0.013989893365583792,-0.050600468023203594,-0.0162452542502308,0.26689654235178023,0.4813114202731286,-0.04382560268516022,0.4215619074044967,-0.05588057924419101,0.20739607773221944,0.138454122972297,-0.3507646989942113,0.19095684721125067,0.31066262727566213,0.019484639925520096,0.12491543538674935,0.20502963733533894,-0.35153215669773663,0.07455966635007732,-0.0785777652911116
bigw,0.03714450463723349,-0.08256334132073492,0.008921784737457666,0.3201760878279172,0.4612578199747841,-0.036195382738858105,-0.2817759262437448,0.023028735943123532,0.2607169370015762,0.019549912809280312,-0.37901846690229174,0.1700067953898612,0.3250120724974737,0.06401101535705513,0.19537463409015057,0.1384497058597926,-0.37387910488052817,0.15415202405275388,-0.15831299693512615
bigw,-0.005887857675721263,-0.110417019196967,0.03467468313495136,0.34300488912645793,0.3912329625215065,-0.022923411136263304,-0.3793303938172158,0.15266112051724698,0.272103760986134,-0.13833056532570187,-0.3737825191588186,0.12436174662513984,0.3023912249024212,0.1354320340336001,0.242603123604759,-0.04839671949133901,-0.23940747430641546,0.1867241653355398,-0.1914419963608067
bigw,0.025902211108051076,-0.12536254152962586,0.05064845968582421,0.3529624084982218,0.35148436089829144,-0.02010197150370085,-0.3708012625086528,0.2337591956409412,0.26390167185082125,-0.2308496915388636,-0.13729580630867375,0.09453853433222803,0.285897832809726,0.16664187853793105,0.23871052475917037,-0.16482980319256363,0.35942032673034685,0.18847740028068755,-0.1787890087366965
bigw,0.00046089699729251786,-0.13687425916473264,0.05705568109836445,0.3435311338421537,0.3291075008219734,-0.011908075510397562,-0.17623332125676752,0.2878216791228002,0.25634708460020433,-0.2885218069619681,0.32985553282276575,0.0845744463860259,0.2750226593367978,0.19192551956321116,0.21713919751494004,-0.20147331594746737,0.32759022399124044,0.17277206018593483,-0.1880103409089303
bigw,0.006714399678568637,-0.14787924389083615,0.06125792582787774,0.3333341444717799,0.318381483495053,-0.00871499000917977,0.15864955787517152,0.3172929983852069,0.2547615306937015,-0.322174778774056,0.30947972529933543,0.08259708809411664,0.26730801624138045,0.1969920536397918,0.2166727603131356,-0.20933580838092708,0.3158680380236671,0.16152861993859724,-0.19439178697713141
bigw,0.025328511534196962,-0.1506229256594686,0.06443757612934407,0.3326249208947088,0.32018565817714784,-0.008672553192981642,-0.12589073983471502,0.3196683268505563,0.2607823553605215,-0.32188746231392185,0.3130117298991222,0.08093077762008538,0.27040490988424865,0.19356142946899485,0.22267302605576286,-0.20396453381359167,0.3124462724405758,0.1667698691383748,-0.19631909547416418
bigw,0.005544576663305847,-0.15276390924200212,0.06450776698153693,0.3298231317094313,0.33098956196878465,-0.010085787000373114,0.3170249298596071,0.31988162829957834,0.2789767964514531,-0.28799551108468996,0.16831039820247554,0.08451559897543756,0.2783380644287268,0.1597714705338545,0.24674165153971392,-0.1654307381423916,0.3051143433384745,0.1690650592252726,-0.20510360538561911
bigw,0.000251916826610327,-0.16744146049746725,0.06868803809423696,0.3420273803444673,0.40055674534393193,0.004081558489964504,-0.3725658534602526,0.031038979740627543,0.2546229886023192,-0.03236350663791618,-0.33467083249358526,0.12378826487410137,0.3421059703756851,0.08647240117020151,0.2599359644243281,0.08242597289563887,-0.2918773737614703,0.1483103257851525,-0.22529990616601997
bigw,0.00040672704401673,-0.09462595674524894,0.10412230896902286,0.1426792232356477,0.36464549058803497,0.11023114135788657,-0.3917850219645529,0.1182510799923864,0.3562195492423815,-0.0982904529803897,0.36443105121882086,0.09678577729807117,0.31425824590074264,0.09987814099129151,0.33390658062704803,-0.03155669988787101,0.25209203942167746,0.21530333418010802,-0.19336740769610572
bigw,0.0012745408055190495,-0.12394849940412944,0.32480940186616336,-0.022201917672984958,0.33295230300613615,0.27100539039905097,-0.390863793164206,0.10163049359567623,0.3562490704285476,-0.10251871737877027,0.3766578350539375,0.10580917006207546,0.32036065825379795,-0.1269990869444963,0.19463152576719692,0.1485873531799759,-0.2320559641901787,0.09036591350434418,0.003572627761457703
bigw,-0.0005579758186574635,-0.09897922459329624,0.06495437727745444,-0.05923344215615476,0.31176818301056985,0.155509502441227,-0.33663049730290534,0.1724793025866352,0.2746160043404678,-0.00961188546949599,0.3688810283524401,0.010572594566217461,0.2787557400400815,-0.0997501790859295,0.3713246219586976,0.12959779598251228,0.41428651933259053,0.2692854268576237,-0.14089683394261035
bigw,0.004618379994352548,-0.12019358154544035,0.2881641133457077,-0.018625483097325125,0.3271186602720264,0.2035797113564865,-0.38195450594787583,0.18437922418841154,0.37115971334156256,-0.15218486561762476,0.3566285772524088,0.08148006809810188,0.30800309979015167,-0.1660359764753328,0.2626430133908826,0.17007592276782169,0.2168376210163276,0.0899108456895224,-0.060378205168274336
bigw,0.009323141173238982,-0.10484324777973644,0.2734158098164209,0.08085701196508654,0.33456885613048964,0.09542991063874753,-0.2232923367825864,0.18997644380978018,0.38813711029395753,-0.15347794037408305,0.36567658279732257,0.07636316322174767,0.31448825002787983,-0.08179748686418317,0.2934211146801172,0.15381866633810828,-0.384300252538569,0.10327770951430539,-0.11515531674625398
bigw,0.008868952581816783,-0.08950809291092143,0.26541222127229114,0.1441811502751431,0.3366789708781585,0.019794593860993935,0.39490737993640035,0.15822061003053617,0.3797557611399046,-0.13025204205555468,0.37872599300012655,0.07344074108514477,0.318333754447936,0.003358361622204536,0.3169323118024903,0.12214207857688988,-0.1854092278946127,0.12547630269763027,-0.1708391696762506
bigw,0.0017612417286625207,-0.06378974422404757,0.1719570379500106,0.1866228168101725,0.35115520205377865,-0.04180486849136646,0.3959013562272278,0.09676757994846354,0.3709027107617221,-0.05863378076249524,0.266233843738135,0.09571331378860193,0.3157357294410756,0.07752210090776815,0.3407897261980713,0.04391792113618369,0.38664258667382234,0.12794787640616992,-0.1723298067108623
bigw,0.012433236129219594,-0.036118552773001016,-0.05614787799381908,0.15880376245425315,0.24539453040421882,-0.04215245115946721,0.4303094231253705,-0.02768106554854322,0.3333827333016392,0.037269615315940724,-0.3830780213378457,0.16079735766495468,0.3197416981455473,0.053254193106519285,0.3585495006339696,0.043630197968687626,0.41800328699595707,0.09977999977686614,-0.1305525029124332
bigw,0.050100109711899654,-0.010331854856911108,-0.16317724860941973,0.13412168875001165,-0.4336406225964218,-0.05223972065755447,0.4460376679172159,-0.10632718644317962,0.28114151642640894,0.11028071670887195,-0.36469289135628896,0.1932899180196528,0.3020499140254982,0.04200586382177131,0.3631027478212814,0.070371329123939,0.18089613520886114,0.10986197425781083,-0.13452820259103782
bigw,0.051059735033131326,0.004269862958495889,-0.21593230806986677,0.11583482006310056,-0.4265482088806761,-0.05362317207330059,0.18589198462840775,-0.14109982171703986,0.2450392003467942,0.13919945460875052,-0.35467490458141837,0.2170294267778352,0.2799040774783543,0.03849935481335556,0.36294598746935236,0.08161852592558809,-0.4449709712851186,0.1158482819914042,-0.13673652845590487
bigw,-8.813975125175779e-05,0.14510822294285777,-0.3699335015610561,-0.13466584299893766,-0.3299354805285582,-0.03463755648340416,-0.2979659948991645,-0.22149810649038712,-0.16377793892212988,0.0731173932584584,-0.3500927691832834,0.35123413870374853,0.025174138081489026,0.03365848643314803,0.31775123029120944,0.08983985919826466,-0.3977682037906033,0.11136127885984541,-0.12857411946135622
bigw,0.0005487398189953547,0.17588961087420346,-0.3828461113343413,-0.2557685318176343,-0.29899797935573325,0.014656931247660711,0.3900091409872143,-0.2925664067868093,-0.1824836233862204,0.06709574916269431,-0.35455828376497045,0.3243939480981404,0.03051995762080586,0.030631604615152363,0.18340979874346047,0.12896557766057037,-0.3221630379738618,0.04534568317121283,-0.0550081283970863
bigw,0.0004199647389107177,0.18081009435242545,-0.3727937437829165,-0.23038032775083164,-0.3044881179663944,0.08395054513924982,0.38423364567888374,-0.09646118340910047,0.06000251090108659,0.020408115019148004,-0.31595533733648645,0.2762407724411911,0.14480592251560023,-0.030353011958122053,-0.22906474022834794,0.255909675263889,-0.34496676683699806,-0.12325566414984561,0.2536896488690154
bigw,0.0018789638440046197,0.18651393297616015,-0.3798707860896584,-0.15938788660300904,-0.30329190439687786,0.006212846004948999,0.2506190986994088,-0.24942310764081713,-0.3408816196580302,0.0469034705243199,-0.369878431016175,0.3183626167146341,-0.027847429219393566,0.06936123088600271,0.22555401682669066,0.12248428814180899,-0.3667930612011219,0.06422812425427865,-0.10848475457931393
bigw,-0.007185409890311341,-0.16841600654863675,0.36705163639559657,0.14974688375291473,0.31745839593457303,0.013150226817506622,0.2372623028717186,0.3166617187043566,0.27324556313887366,-0.09725738759938184,0.36834881281105414,-0.33159602035812835,-0.0123436195902628,-0.07917803944747144,-0.2451655591943004,-0.08149064709605333,0.36943754847701665,-0.0658349517409199,0.1149719831435732
bigw,0.00042384968739398593,0.16870760300921261,-0.355081467014968,-0.11969167677692287,-0.34042303015971503,0.05786568990450972,0.3516967995300645,-0.18986419506369553,0.08260525149704631,0.034501518209685667,-0.3350159860194496,0.3031250542422228,0.15886673926167233,-0.009429399644784224,-0.18658051856910265,0.25011693187114853,-0.3609762021160821,-0.15165128590107543,0.2530192154776845
bigw,0.0026423689790453114,0.13174929484661527,-0.2903289787826313,0.011979813522689557,-0.3711988929573282,-0.1630302189720397,-0.41653116804875245,-0.19984181636020573,-0.21674169609449395,0.22082634782653046,-0.3186204545650196,0.37165870395237965,0.005815759938360629,0.07676302823325938,0.2628401152758946,0.08608197771210868,-0.29672224412079085,0.08799316919068871,-0.08250165972703584
bigw,-0.0003831097075799562,0.11584632083184974,-0.20991917001585103,0.08773969477184207,-0.35366805349585767,-0.2486141300457852,-0.3800811362835314,-0.1726220629802039,-0.20943700244658206,0.2146211988844785,-0.2525183239953486,0.23943795334455603,0.013946617784790904,0.19019405301498513,0.3429470801050692,-0.17139875387597528,0.3369099450625943,0.18617953700836173,-0.17638987892648667
bigw,0.0007706458366461647,0.10781812391700314,-0.198291895925374,0.08163350280074656,-0.3619361833919043,-0.24521463176133032,-0.38679124524041003,-0.18047986289049683,-0.20749708458278315,0.19469215033578813,-0.25037042030165324,0.1883525030596167,0.03031048549195284,0.19101795556946266,0.3507418576359581,-0.1636017489356143,0.3462529965141807,0.22047200740267198,-0.18512154073439538
bigw,0.03606074757935074,0.10496836770469455,-0.19895654978529798,0.08379414443725706,-0.3670438617852382,-0.24230567166177588,-0.39156994428467773,-0.1849228968361058,-0.19367250132751437,0.20324929209338097,-0.2500809874248747,-0.15482348850971114,0.030393533960880237,0.15387273993817527,0.3465982465126684,-0.1327743137276447,0.3725169539384723,0.24704170624876293,-0.184204178989444
bigw,0.00018051727657085085,0.17847738049082568,-0.10818553563512513,-0.026080416873323187,0.15360629047366856,-0.2526000296263866,-0.05727706793029735,0.029426840276371848,-0.024700222090838792,0.10899212157788815,-0.16029353258306567,0.35606407828715303,-0.1286908174066258,0.2034284104235263,-0.0460513455008018,-0.2840986839581485,-0.20479867632237472,-0.6390829380035029,-0.32878792064899115
bigw,0.036660088889053255,-0.2817860774616956,0.38630846930005486,-0.05408408715162928,0.3244671432933772,0.1992341277423441,-0.39843853887083036,-0.08418821947089661,0.18013407106112087,-0.10364375096563104,-0.32278189637427307,0.14132202983403347,0.3352233506208022,-0.15485324646108314,0.2565077260552088,0.22002251097382514,0.15389666424470733,0.09571468663997018,-0.08286729633722267
bigw,0.037198709701591504,-0.2753342154344369,0.38292355388847105,-0.05536781506770789,0.3259831557303014,0.20400135059212052,-0.39943630152412546,-0.08621461524371687,0.18018077792626325,-0.10049812197247379,-0.32219041975651946,0.14130505709955013,0.3367964236423746,-0.1512365331187011,0.26046575965537694,0.21832345883098683,-0.15728958998743703,0.09452576604650359,-0.08834799319813393
bigw,0.008919632838770238,-0.2382847979252598,0.3575558029322774,-0.034021054742849284,0.33026345799907514,0.19341472626089487,-0.3159210254261434,-0.07758991818729147,0.18182195721313313,-0.09558507128113812,-0.32043960563182383,0.1365664679789864,0.34247185069729336,-0.12846580263813673,0.28463639155982656,0.210581679256165,0.34412886259715786,0.0955685087503619,-0.10802147014862555
bigw,0.003967062167172466,-0.0693648866681003,0.1641941387632545,0.19822631958370557,0.3734498262551427,-0.04218014373886853,0.33463332273376833,-0.10027984888611319,0.18925844331457378,-0.044557890566685285,-0.3265337762196072,0.15116962670171982,0.36417507988157216,0.0665903704792911,0.29507773519460573,0.19385692245589253,-0.3909543104167788,0.1447854563412977,-0.2507143929214198
bigw,-0.00013227770716728126,0.19311674719601787,-0.3603047310713551,-0.08980360738136095,-0.33716334051127894,-0.05224659906298358,-0.31562251574057987,-0.2294521055981465,-0.23034107476681762,0.11386676019435286,-0.3706024398253405,0.3243064656957608,0.04002433683926435,0.06891789437845851,0.23753541399942502,0.1714943072539282,-0.3558256627428911,0.09035223047921995,-0.14367722356134857
bigw,0.010508606708592503,0.185177046667068,-0.3394153725918623,-0.15635455174853036,-0.3245771405434298,-0.002637969359776651,0.19620349155576408,-0.3794774621228082,-0.247139499023161,0.1712117185951839,-0.36961703001386537,0.3190762442336282,0.019462979725581902,0.07318559247836774,0.2048005519003612,0.17259999484306565,-0.3402592341626635,0.05711324734719684,-0.11348423523775164
bigw,0.0008513218814670885,0.20876239298696952,-0.34274949370491414,-0.16285670809935535,-0.3267299820819355,-0.010494762535344659,-0.33091226626789433,-0.3372478291720395,-0.21123313998780313,0.16730360840322148,-0.36678593254201824,0.3213080238601238,0.02185897372489383,0.048104751908227536,0.14135080932470873,0.18348264821095403,-0.3365925862425704,0.023244545891858998,-0.04078843289860312
bigw,0.0008317353575964709,0.23120858796242957,-0.33688731990767073,-0.16386437979416232,-0.3047740161846271,0.03280977262362985,0.31492367992417136,-0.1028777899847327,0.11205717260934445,0.03981972929047229,-0.302768612239179,0.27145168037075373,0.12598165603106504,-0.0050041839399193235,-0.28369265121569376,0.33323520879263824,-0.3392228084198327,-0.1322008546647583,0.28810319248966426
bigw,0.00021666654962676805,0.23723311555860263,-0.32626729067288196,-0.19868096959338608,-0.3214888498302413,-0.06251374093461899,-0.34967965962268754,-0.2599650561568675,-0.25109757770009605,0.13686430853307494,-0.3624236264178375,0.320228298326296,0.005257658347072282,0.08494187302687439,0.13384572295798522,0.2008786528701741,-0.3379385235899805,-0.05778772335809326,0.04410000438541467
bigw,0.001089642490471845,0.16863548176543983,-0.32093194148455506,-0.12262492699512076,-0.32454883061615936,0.03500845315363858,0.32346854775680595,-0.09332545076929975,0.11913100221341694,0.025362206536073156,-0.302908897031344,0.2794657744557534,0.1314563220531827,-0.057645493618007006,-0.2673029343847631,0.3659296193034505,-0.3567765594957924,-0.11194888736914632,0.28837003755840307
bigw,0.0012049500634085499,0.06981524700773198,-0.14858446025140104,-0.0063061634049615565,-0.38423473820568244,-0.15934101119097563,-0.37690031308280153,-0.2873018834028823,-0.09743963660755861,0.21971025476184708,-0.3935925474773009,0.3508748654083083,0.01525096936563435,0.07109338750052746,0.15370746463856552,0.2503059455328866,-0.3795427043461197,-0.05927234522505291,0.02143548522632822
bigw,-0.0012357009548256152,-0.012786566620713218,0.14290328944643405,0.08570918608760296,0.4023396157040852,-0.16048387631879682,-0.35832461446310465,-0.06386092065162417,-0.316862374625308,0.005800202739088852,0.37743322934722495,-0.19259284865168835,-0.2260397647041122,0.07021261951491387,0.1518364042333833,-0.25704919416271976,0.26631394065177205,0.2815240445017726,-0.2768529846915034
bigw,0.022688398446363816,0.16174005891290638,-0.11384260497852948,0.14300956075153198,-0.4487174482828617,-0.3563650281996521,-0.44972820562764115,-0.07854954420445465,0.0375030322028088,0.313808261728614,-0.256075138288913,0.18052406049109043,0.06438592528688528,-0.016517642117818587,-0.02655128139741375,0.3193001789372595,-0.2794615616634571,-0.1096480762708549,0.09174133982624284
bigw,0.009214359210448567,0.1698839855150162,-0.08998261361558756,0.16214158647817392,-0.27989033349595804,-0.41017776308021425,-0.43767596806205616,-0.08422093978528926,-0.03584732529903745,0.31072673909342235,-0.24829092067261396,-0.4099099551504673,-0.020512878912886646,0.01800794546248169,0.02777602026480525,0.29394537275250193,-0.2757849938782787,-0.0032493758398010448,-0.003973162918686535
bigw,0.005928962161568101,0.15255847613198015,-0.04874305518056177,0.18426454224126476,0.42272385718757066,-0.4166020498854789,-0.3725178019648661,-0.10936359393251885,-0.09066151291642505,0.2940514000434063,-0.24812400524620729,-0.34030612937509874,-0.006192120841432595,0.06263301078270923,0.09387829039079722,0.24025925270017554,-0.27909872050830675,0.09421912848479302,-0.08990122804187921
bigw,-0.0008158910035544953,0.0008710011143763909,-0.007080025699731138,0.20357463860881367,0.45637346974725346,-0.10495995247045599,0.46941693466709616,-0.015713265652748668,0.13943268459149633,0.2097628491480625,-0.3240873409193325,0.20838361427330002,0.2833100104517839,0.10527076994888086,0.19404024066022835,0.1476194275648069,-0.3333726602940289,0.1611891793054139,-0.13713799289607054
bigw,0.002915926939512053,-0.09153196607931714,0.03268031449593635,0.23712185440075292,0.39286115731962984,0.03185042236661723,0.4067933011263782,0.18653166999562903,0.2755275282954315,-0.07064692074253885,-0.20256248313706254,0.1321337012653236,0.3168488921927197,0.18495160356107507,0.2677898464555061,-0.0913216506357099,-0.3805915013868638,0.22048432244280883,-0.17659575365730779
bigw,0.017231178547187975,-0.10157243678781488,0.03739271163638426,0.23430266720900017,0.3703517110595423,0.04164899270711456,0.3828257967286258,0.2422861915598319,0.26870649635702054,-0.155873609048934,0.3742688594097051,0.11615480537329503,0.3132501548303295,0.2074163507559251,0.25812468910979897,-0.14971146708396801,-0.13433816010266722,0.23683583212648407,-0.18664927880258583
bigw,0.00010684602441771939,-0.1093567231923539,0.014825130056101532,0.1868660120452661,0.34159745643327327,0.06161473956577585,0.34509983859605814,0.3026579107881855,0.23000400657335934,-0.27523811665692466,0.3108475041901539,0.12306327743847055,0.0982157351052777,0.23867999280665325,0.20525400858074386,-0.15011145752144742,0.3179875202556112,0.30645470437483224,-0.23448928978720937
bigw,0.010442598610768128,-0.1157072175532346,0.023095524803704616,0.1456329819498332,0.3576495689104618,0.062190189749536676,0.3617108578134535,0.3548515175297154,0.185539707354157,-0.22554478322796093,0.3172409136612555,0.2013283329221364,-0.31462005647404195,0.16844683414819744,0.1633691326022344,-0.10752841148467965,0.20295917531437727,0.2583827821911814,-0.2762207963152307
bigw,0.006695054843701159,-0.10676525193135278,0.02213665572722914,0.11496205522570271,0.38050802253916327,0.060476791411660624,0.3858966872289997,0.3338492212705418,0.17482363075009608,-0.09059960896662388,0.3573629863196889,0.2416772506480855,-0.18015370473823172,0.12226179037098571,0.1426196364420745,-0.011374824565855524,-0.35314152062633297,0.21139385631997584,-0.3223699542822619
bigw,0.03170496774228257,-0.10483236901744433,0.019796954585515485,0.08827800090565789,0.4055426279285173,0.07130587866570905,0.4118136471365272,0.21949803273211657,0.1585761880793099,0.03681642851253522,0.27285759509027135,0.23650835815387167,0.37078075839629737,0.09300367424816422,0.136931483054817,0.08900690605770979,-0.32564651836973374,0.20526907925621332,-0.3400516723652069
bigw,0.0018207855528616739,-0.10964255772046859,0.07361840775768025,0.019390359484482762,0.4073104851211907,0.13770008680357262,0.31624691394389304,-0.04748323372670913,0.15759937754222397,0.03332446867879331,-0.3497646790360077,0.19129342934869178,0.37213904202575543,0.08726863125728138,0.1565804882634322,0.19478953774761204,-0.3151450109013262,0.2613020030001643,-0.36608406255623666
bigw,0.004599113210030463,-0.11927334555090159,0.24346735934502306,0.022283729467093092,0.37545393310796454,0.19722597603418943,-0.32860004682948823,-0.12789754464425104,0.2152763045410152,-0.08115774574396646,-0.35379636142957227,0.14817433456066287,0.4048875376238803,0.04513145807774118,0.191144585594438,0.21371530428997348,-0.33860287932958966,0.14567380160144117,-0.1941377153094807
bigw,0.0199012407455992,-0.1067450853778833,0.3441082591941541,0.04664002778887161,0.35993980788471863,0.16361765094252453,0.3174714628652731,-0.11077079831843618,0.21782437186112732,-0.056103397454696384,-0.357391553180029,0.14642689889175498,0.40374524253276983,-0.09909799525655047,0.1527429310107382,0.2661282772293272,-0.36240914445710554,0.022611495823536023,-0.005694616208873481
bigw,0.0011910159964541084,-0.10486007298908935,0.32960494535230933,0.007426727257038589,0.34258817307108336,0.17108329506067785,-0.40902325750482976,-0.0726197874437937,0.21067085299889607,-0.05054830884367621,-0.3410791637263619,0.12930464842157327,0.38256476361895625,-0.20445264655155818,0.20419132903682816,0.2889004958594954,-0.23989290534932695,0.08836681162390378,-0.04935964168346138
bigw,0.037771916971520436,-0.13448103979834106,0.3289915131989346,-0.02618967463626583,0.3419375385553448,0.1714542962880172,-0.1595832208626063,-0.039359475952974086,0.21003498990320132,-0.06220169224229445,-0.3411160600665965,0.1191605294164998,0.3768697935093445,-0.23919371668169906,0.2522616982180948,0.27452082073776657,0.4012457091104263,0.11748018785873988,-0.08985948091617871
bigw,-0.0004537393502694807,-0.14274607987302115,0.603258327351187,0.06527752042260906,0.026751353760129548,-0.049224406679824834,-0.39241091317040017,0.224920049939196,-0.1412191985013069,-0.1794862365524168,-0.32552153467424266,-0.015250711633921268,0.2594823709580217,-0.0951844855159119,0.2354748699918993,0.1852315623607304,0.1562450203407608,0.1834514792838514,-0.14544913882141744
qwe,0.008652741705839755,-0.07710343412920946,-0.1740180518568969,-0.3495833648871719,0.28254575985962244,0.10704589621953337,-0.37528666606116806,0.17386418826433395,0.26886406487381265,-0.10156734572140604,0.3598147564017281,0.21584604268351895,0.34858704270550644,-0.24261405383485846,0.13088363907719813,-0.09505530493810774,0.21981674548340402,0.035320435639618945,-0.2538444773939693
qwe,0.022022829556861884,-0.07563093499029187,-0.17655828065204943,-0.3469908178273325,0.28201504706478947,0.10401230285783547,-0.3723001012418226,0.16873751869809167,0.26579909005742025,-0.10306407917114829,0.3563585263520403,0.2131677505550832,0.34484380071854853,-0.23943639849428994,0.12972406593808586,-0.09200826385093956,-0.25573815924281085,0.034707743922319755,-0.25183918055131205
qwe,0.035988329600614766,-0.0785843754712758,-0.19084932733892812,-0.3462768570235132,0.2948780548834179,0.09415104052865705,-0.3843688796738408,0.1646066207519282,0.2712962240927138,-0.10568994297300602,0.36482447435120147,0.2175601650834591,0.3526725375639154,-0.2458979752631483,0.13186266023358517,-0.09413183215284136,0.1543030364391778,0.035103403766266875,-0.2559410240194395
qwe,0.010184823925879891,-0.0765461508596057,-0.20803275702077131,-0.3249132324789968,0.30606216853284995,0.06509155863921219,-0.2235236772975831,0.12916429704553817,0.2649831781149284,-0.06547345905609814,0.3649200415823943,0.2187670607036793,0.3522687429643282,-0.24915631489899787,0.12589597179908488,-0.0904212622574696,-0.3794752472840334,0.045098970324650135,-0.2626316788642597
qwe,0.001397007067102448,-0.06135633946643015,-0.2558633530373219,-0.28230644087329476,0.33874664533800675,0.017720439662319617,0.26907380184208285,0.09540451214235415,0.2521747448254505,-0.041303645653058246,0.37277593352447075,0.22812390995356724,0.3603274098449528,-0.22920867322704006,0.10328108421903442,-0.043087548347301656,-0.32790755746222205,0.06811420003645961,-0.3019055917363258
qwe,0.0007570257994219331,-0.02553212628745756,-0.30941804114275784,-0.2766412472425807,0.20954027496362526,0.03292762809737337,-0.37893236133560626,0.12493942091231267,0.24285082350773007,-0.14030248764500786,0.3579095869519996,0.224663736988323,0.3482768922189375,-0.2045596676372319,0.08949446352252526,-0.04073058812858404,-0.29345379713683967,0.08799090429056314,-0.31461986385170343
qwe,0.00032097009629620393,0.09322377244721096,-0.3691537864472979,-0.22024972230415216,-0.34835062797000477,0.005690016517672093,-0.3724874735480967,0.09829140955736244,0.21994151576356763,-0.1856801049258019,0.23119693123564072,0.22507483215320212,0.35141524334089774,-0.19040533171829238,0.08978197316720073,-0.030306381701584017,-0.2924796988245354,0.07216555977141678,-0.30049252314765373
qwe,0.01607085163046114,0.1994192715125038,-0.4300494269553095,-0.2504244303129507,-0.32080016960974345,0.03730274203206433,-0.40653674233431597,0.0374458082660264,0.03916483800717219,-0.22575615591738224,-0.24419394471051714,0.056564249745844106,0.26497444508684487,-0.17870684188662825,0.07274762529739595,-0.035976975841904735,-0.2931433752718132,0.09610955406757037,-0.3498061383860703
qwe,-8.177609839339052e-05,0.25305081450136674,-0.40752896834487196,-0.19107964830095142,-0.30207706052641736,0.053012518834449976,-0.38950884382811074,0.06641172767739564,-0.2600024153877348,-0.1950107488671496,-0.37461070574907646,-0.3409831758649389,0.03140999335591082,-0.10901697335190907,-0.13660798402128374,-0.15657308477421805,-0.19980391311713508,-0.03228289877178344,-0.15472670665016633
qwe,5.569802777550038e-05,0.3095729421086719,-0.38086802575920353,-0.0995506360414277,-0.3009574344679765,0.06240508566042704,-0.37814211222697375,0.12704650169428272,-0.302719803365939,-0.20432233440427255,-0.3515622868727612,-0.2982452957883292,0.014433795610128917,-0.08958886353763183,-0.2538794458406311,0.0620432112337164,0.2604814224462569,-0.04494816711676371,-0.05700029606724877
qwe,0.0004016717940859704,0.3317411428366178,-0.3907203939421927,0.14874116616890232,-0.31434330588969794,0.10604510812781563,-0.38415828902989807,0.12641912884174525,-0.279661973342147,-0.13868486712939646,-0.30712950123831156,-0.2683471036259513,0.0024170109523233264,-0.060663959556277305,-0.24688506781983613,0.07610474887905677,-0.3068620632133144,-0.09567997302236798,-0.06334561175608731
qwe,0.0018853208483590696,0.33106083294035116,-0.3661092087671811,0.1743102890632381,-0.28207252482159334,0.09724087725765695,-0.36042077397798467,0.14943227559172503,-0.3352769459001731,-0.19995298942269232,0.217888534333259,-0.31745916376727285,-0.01165795384044497,0.005831472570749093,-0.24165153869070413,0.07513533157514558,0.3418561993700662,-0.03815078579344693,-0.03931226718220433
qwe,0.002727637616551632,0.33477213537484374,-0.3720414309027895,0.06872614615245327,-0.3187046703250348,0.10318739700503038,-0.2565046400207577,0.11545830642935474,-0.18000576087153566,-0.20498501417519227,-0.3482166384509595,-0.27175043891199024,0.05669166928738783,0.044844055169866365,-0.35162953913714146,0.1120921073886162,0.37743321162683524,0.004767387249642577,0.0029030518965607855
qwe,-0.00022293291594154818,0.35527490511579424,-0.38720482936193856,0.1032934630933621,-0.31860038608573693,0.09590644982661235,-0.379874929008418,0.15591109719937868,-0.21010946091357288,-0.16220227498545908,-0.26464406994715856,-0.2985854328916234,0.03417635699732702,-0.011879981120040337,-0.30737102295606444,0.15725122854387533,0.288405665093117,-0.0016074902452011264,-0.022920855832446855
qwe,1.0884708929171836e-05,0.19428953592385712,-0.22979013896353986,0.07958622380375938,-0.08383738518584642,0.18275868960841607,-0.10747737647519391,0.003975552292982949,-0.12391200998982986,0.06364799782287485,-0.12580169531531862,0.2324442753724483,-0.2932403547975212,0.21823125347499847,-0.1391986230757142,0.04318547436642939,-0.7215848270670646,-0.2580877769585201,-0.14037739007253222
qwe,-0.0013515397921152494,0.004996146898830075,0.2738224338767893,0.10330918502480806,-0.3482596233820831,-0.10869051994715154,0.3954059008724725,-0.09032456425462142,-0.07430785434522834,0.19487148338923382,0.2980939055232552,-0.15258260291509565,0.3563778322420881,0.33795841727901577,-0.1298449449818904,0.22899871914921022,-0.25856300539769667,-0.08054704987671875,0.2778830132256401
qwe,0.0009119970613786997,-0.002000782333461705,-0.3212310117534527,0.007855808693613447,0.3340063249204389,0.04756007828695948,-0.4157518090879475,0.0660124177137481,0.06231745876874554,-0.18587664777522606,-0.29055932785651994,0.15222603922008976,-0.30353684662426356,-0.3156765865808469,0.07150972823387844,-0.04748171084019795,-0.3163457876853353,0.14919161146562052,-0.371748801177526
qwe,0.0012435762080727645,0.2124026166338824,-0.40618834739192355,-0.0229951783668973,-0.4065522415804999,0.07359012274367382,-0.4287527117876104,0.054360076054439176,-0.16123320174399178,-0.13294531501712264,-0.29179227491581744,-0.3509306550849197,0.04433191247603083,-0.173646835347677,-0.023879717419532813,0.008542159607445969,-0.2674324330403452,0.03442075487260191,-0.272856986766549
qwe,0.002958460412827665,0.261816669367746,-0.39412401346319004,-0.025086689696241195,-0.3898909335869559,0.08055417628815163,-0.4230814605251668,0.04794976814877626,-0.20270554156617898,-0.19625403753915652,0.32940843703728284,-0.3697765615418215,0.02805484641582079,-0.10113748126566822,-0.1701241473130526,-0.08857736021321648,-0.2312756963799859,-0.07617352056148309,-0.061181977012372296
qwe,0.001289572317212197,0.30456790470037415,-0.38144214932979714,-0.0007920687903849587,-0.33702922713151007,0.08870967452003742,-0.3992824073325715,0.07416850342201964,-0.1318488828987354,-0.1909290835229813,-0.30407867824542084,-0.3112937245871467,0.06608825879164121,-0.16201395429830226,-0.27989949274713144,0.004712629056965557,0.3499663052360711,-0.0008780763897769795,-0.026252015395260314
qwe,0.0003021164707340969,0.33679712970253406,-0.39048172279319615,0.06699023800054008,-0.32913819001126376,0.09207551087015184,-0.3970426227408798,0.09550652462058531,-0.23465576218458822,-0.203329819515527,0.38383808982143774,-0.3432951625999599,0.01404447681637523,-0.06918961069984006,-0.1291265421276297,-0.0252043433159549,-0.2387052617289168,-0.03805116312581559,-0.06098181540718136
qwe,7.115724786159161e-05,0.32521223397008137,-0.37050597378233896,0.07108173713117782,-0.31722733496108524,0.08770313558826562,-0.3793157535644155,0.08609327969104696,-0.24130644124945289,-0.21451631831792528,0.24265281478245376,-0.32574034489685183,0.022402090918226127,-0.0883220592708037,-0.2821207002238249,0.04947726882797137,0.3641117926171641,-0.011563680374322226,-0.002267433256031767
qwe,0.001418516297273882,0.3123358679881359,-0.36807133400294734,0.05700801507139349,-0.32164033854218826,0.08585734847326788,-0.3796248528149056,0.1138739819314497,-0.29531164288646855,-0.14359025912550863,-0.33908931264405484,-0.32528212674383916,0.005047101732792842,-0.1525890128536732,-0.24181595027018893,0.08172239015105934,0.2794150794286572,0.0012988699624538835,-0.025682116162122636
qwe,0.0001158406270882566,0.2962696871199307,-0.3899145610900169,0.04528605200583622,-0.3300835005010581,0.06529297385219981,-0.39066996164414436,0.10498163184106851,-0.2943213956705695,-0.16531821846917547,0.3825742562543245,-0.35533827064008877,0.0038393731682007937,-0.020689652914093325,0.04741579866780544,-0.012188786574061344,-0.2470202808674972,0.0390474725625894,-0.17120377515935925
qwe,0.025267895772555227,0.2717419698102085,-0.3579622835616928,-0.06568693002882603,-0.27862057121508865,0.06822554939856271,-0.13328400833107532,0.1129774136188326,-0.3359317786677371,-0.1456691665374224,0.35663215684586475,-0.33509122652129686,-0.013635575208998168,0.2351635823055095,0.19441718979996822,-0.12982110559794935,0.32535849173628123,0.1757473518337777,-0.24589609135570908
qwe,0.005296938169263438,0.27016074908585885,-0.35680418099540684,-0.07895268069810996,-0.27740218533764505,0.06771993507596781,0.3566067667202281,0.11451821933417972,-0.3421464009159474,-0.14862294802435438,0.08051060815380118,-0.33671442476945573,-0.015228262982402383,0.2578240711434503,0.19661584223857448,-0.11483002431649637,0.3119409065274328,0.17916192082572505,-0.2543288202537111
qwe,0.0024367835506286842,0.25774381648661787,-0.3528248565605894,-0.11249492001065303,-0.28063600778259695,0.05742179610749488,0.29944315846490804,0.11530322639725364,-0.33809941642542835,-0.16970475547155353,-0.20552214114575598,-0.3207480281885813,-0.013258996317529862,0.2739304293000281,0.19753798018403187,-0.08121562833154405,0.2943524577843851,0.20311174776513072,-0.27286358488662477
qwe,0.0003445084604318444,0.2647902449034685,-0.3459175698965772,-0.08963266355464361,-0.2847024789572682,0.04444363430207904,-0.3494899691492488,0.09723359465994262,-0.30830206703371144,-0.1906067628153991,0.17341141347317407,-0.31227974722870827,0.005136534620164267,0.25627357929045513,0.19153146323232473,-0.15710027546463456,0.303893093922409,0.19646420746825602,-0.2656633393691652
qwe,0.00091064795244736,0.27786685828376484,-0.3422710592467042,-0.08151420868279675,-0.282360658689343,0.0523201690450968,-0.15912367401406408,0.040320124989019594,-0.2994435319017666,-0.24280763303676217,-0.3381086664745308,-0.3075649221300402,0.03257107448165794,0.2543702043373032,0.18874134159855718,-0.17542948930392563,0.3078015721177282,0.19083021393339597,-0.262159276217897
qwe,0.0008328340397520598,0.27819144106455185,-0.350891524038888,-0.0965933967969411,-0.2881291488416886,0.05936567176220504,0.3117516077406631,0.041194636702879865,-0.2822844052975824,-0.23228068580062744,-0.3513856703436957,-0.31061293398426776,0.042726364991568365,0.2608516744742309,0.1990650470246997,-0.15416553795105317,0.12420293026913831,0.18849181830923706,-0.25868119252250754
qwe,0.010438997781771573,0.2833782018818664,-0.3671443829817524,-0.09135644197365042,-0.2993141844192031,0.058291467858764726,0.21124161472758785,0.03926853779756035,-0.24681340133979313,-0.2202419609616846,-0.3688580438245828,-0.3139141845438921,0.06081591848609348,0.26746109100506804,0.22456630542881764,-0.15411096637009034,-0.2584915228292057,0.1586873285253621,-0.22796572711117152
qwe,0.0008490309731431811,0.3225741717861233,-0.4111916242289637,0.034271715493467594,-0.3402053763966105,0.06882979690000561,-0.4152132081194675,0.044861841521741073,-0.17777681574686927,-0.23821057709976565,-0.3862566776344679,-0.33043338349711143,0.10123989200325288,0.05803303364407032,-0.058156353247892936,-0.09776948863273226,-0.228875946543404,-0.06259845552429912,-0.03479229055614648
qwe,0.00021792337449993981,0.28213044305630613,-0.397140093444623,0.05334282645517584,-0.34227200089201093,0.09352830355120234,-0.4037759751215216,0.10604334274218846,-0.11912311452940551,-0.16624735665529597,-0.32380097685938236,-0.2931100892582027,0.08255948361628877,-0.1906006535545775,-0.30812263944685775,0.08259763164576868,0.2864903271843258,0.0055725034646765806,-0.00743927292196545
qwe,0.0012480841719856722,0.26863979725262677,-0.3954956345296958,0.005606329567622686,-0.3246570335972555,0.048540741779826965,-0.31033541308435564,0.05148811297833797,-0.3237538248224053,-0.22889054420214464,-0.38567472126196584,-0.33268554466127737,0.029391115766392334,-0.1393706792973903,-0.1089821604379692,0.02757189301131649,-0.3270142068693664,-0.04579279224328761,-0.0779374467943813
qwe,0.035954598165371054,0.2531370119169608,-0.39845552198124423,-0.08615628066604607,-0.33023922303364284,0.06656395648865028,0.3963429456714431,0.013398188088748323,-0.3511567488528379,-0.29835319526336374,-0.38681570631995915,-0.15431958619665762,0.01721846464754799,-0.10526598093364155,-0.0487054041764091,0.009093625514447572,-0.2982554529384088,-0.030713137584715843,-0.09735223314001169
qwe,-3.0716605796480364e-05,0.19844483897519166,-0.35421044388513734,-0.2067203695352861,-0.33231308662578385,0.05683216058954785,0.368022846746545,-0.026279176144813475,-0.31865419032272957,-0.29430134006480674,-0.3637830558569665,0.35436183340438376,0.022692424727726295,0.01914312436353713,0.10131022343359793,-0.11840930246275276,-0.16399353185610915,0.07270819059812113,-0.19803414281422968
qwe,-0.0034962418937645513,-0.17646632542358343,0.3244470136660624,0.22599494461489666,0.3136753120187978,-0.026369923611999278,-0.34432104378505324,0.07377834175703137,0.27487329933875615,0.28750712339924817,0.17374511437819212,-0.31422129861577497,-0.03424367540947146,-0.16801434645313662,-0.18998130892480442,0.2144824876422596,-0.31816601284456414,-0.15784762471325295,0.25426683166457825
qwe,0.003580760740327589,0.1431912643104585,-0.312329348226278,-0.24958747468437345,-0.2866378132273497,0.04544295456559921,0.3452730622283174,-0.08574054687848856,-0.26534493145681365,-0.2884982444732884,0.20817439639969726,0.3167300515029293,0.03767605185835403,0.24516500817319914,0.19514960591586317,-0.19863575885543888,0.2810182747436977,0.1531452562738142,-0.26472285744820684
qwe,0.005229107139098375,0.09042207766932281,-0.2422592943786614,-0.33089474114592127,0.3107867793737737,0.05778679177675282,0.3383569540815142,-0.07132251671738828,-0.23553606272692207,-0.30870211022345706,-0.13387448943307168,0.33386566746822754,0.08022324999213766,0.284794608891597,0.2045262115166172,-0.16023662204797742,0.24485664294642284,0.1403689005311874,-0.29878304073721634
qwe,0.011431430734895786,0.06266441046597905,-0.20133965006085786,-0.3512216025492212,0.28760965119065224,0.06972546378150088,0.3509915178314652,-0.06783542571350876,-0.22974027300199668,-0.2955059857458496,0.3502355789005857,0.34155514497217726,0.08431712063162762,0.27694934024690954,0.21096942286767797,-0.1419642851387327,0.2429756656730823,0.10849563332738588,-0.13450373978978056
qwe,-0.004434176725819028,-0.051033950072045586,0.21721624775945966,0.2949920707917129,-0.30384936458301204,-0.05224079351927793,-0.3697422748619656,0.08120060304986802,0.23773982165436044,0.2895870013286816,-0.36169197946443654,-0.3355984541908494,-0.07863995254021504,-0.26063692174058406,-0.21428705270895976,0.15946450023388986,-0.2542999662362318,-0.07334575041569241,-0.15967416747971194
qwe,0.0031729700164309063,0.032543627301211485,-0.1998942186002871,-0.2405269992696967,0.30372815710342704,0.03615984130095783,0.38951902966683216,-0.09429832548089036,-0.225819539753719,-0.32761496439032334,0.3643829948897055,0.35555106614991394,0.09104516581617506,0.10880841948424862,0.17142448185487288,-0.1782562336731733,0.18470133437610628,0.11450253176972545,-0.31768112658331177
qwe,-0.005944241892308658,-0.031046437704766783,0.19319892599683164,0.22609626022400592,-0.311874417067559,-0.04623829949259952,-0.3090676824145052,0.08944099547496684,0.2390699354972811,0.37429047646315866,-0.3860129021726855,-0.38581459331094925,-0.09486542103138851,0.04935736070645708,-0.12512328538156348,-0.02841224523985838,0.3704984238600181,-0.02465747810210827,0.21629193208373576
qwe,-0.00346273304533594,-0.04298688099328829,0.2206648636336194,0.20011391974984086,-0.3176723655062382,-0.036344493427478114,0.4060167498168237,0.060683631229606246,0.2500514170677114,0.35061932877637747,-0.3780462715785821,-0.37186054386434075,-0.08245079277225001,0.0887298882948924,-0.17143250098123453,-0.05831277734787592,0.24636170061965415,-0.009060614832254822,0.25248592733488606
qwe,0.0045754975264544985,0.062175089884997266,-0.27293288330236565,-0.1930776745947614,0.34274418917944216,0.020936824172927717,-0.38718045256959527,-0.04509162232696249,-0.24742196140979625,-0.2820389571107879,0.3311502569679431,0.35501064572261715,0.08539511563474324,-0.0060626775668823655,0.2009341953190608,-0.11027130514936281,0.2734827493060208,0.10299012420657844,-0.30461319578855695
qwe,0.03856735725511118,0.05403259217997423,-0.2525649070512882,-0.2216678402772224,0.33170370084352907,0.014709893609208083,-0.39352491849419396,-0.03334744893878743,-0.19442707717527621,-0.28327566458330916,-0.15174882074384513,0.3742503854413581,0.1268434262320012,-0.01981992289819212,0.18907444870853232,-0.11346254615304455,-0.36986654761595505,0.15324787359515465,-0.3337783318289883
qwe,-3.294288734383214e-06,0.11314836622942137,-0.19657626388138255,0.05285914601744396,-0.30164006356484846,0.09469076958218771,-0.01643573149235465,0.19508256382722425,-0.03700771735707794,0.015564968443238727,-0.04779310023376304,0.19348175870527043,0.04763340642166044,-0.15051040616718125,0.10435878066396154,-0.4018373344321468,0.11488879463666808,-0.7059551678745464,-0.23935549595224193
qwe,0.0012127170455675752,-0.027377973881593676,-0.1861286135268687,-0.22369517277330359,0.3193020621447786,0.16412847714752876,-0.2925696601629964,0.07173607216318505,0.1306543689157381,-0.11754085321515889,-0.40833606739640205,0.10247639634538872,-0.35783176963387353,-0.10214560389106014,0.13912704566774903,-0.24559126348550744,0.4038248368073381,0.12330788193718703,-0.3006290297960464
qwe,0.009086452640520666,-0.031363901985330706,-0.23752132322126057,-0.10317257603858171,0.35106523842688575,0.06934670880248103,0.29645732596005275,0.07378252237309642,0.134425560300105,-0.1244349683501607,-0.4148647437909034,0.10256410892226518,-0.3644571067256481,-0.10287059751716873,0.14009009074748716,-0.20886703221584954,0.42221131366145936,0.11584296881026693,-0.30990051177638506
qwe,0.0048547963423999875,-0.026663648732808243,-0.2560494882591514,-0.07935742264282179,0.36132161836411475,0.06827512051505327,-0.433383749313052,0.07206248048672158,0.13548222811941152,-0.12602321499189856,-0.4135771512164049,0.10394852107723809,-0.3654760405144858,-0.11589770135046738,0.13459816040054373,-0.17316648240222518,0.2822383031843199,0.1142447481653993,-0.30869654790154044
qwe,-0.0009911181868578524,-0.01543242614717901,0.3158565573810147,0.07733522614155688,-0.2627892451569289,-0.09552299556272835,0.4093318496664142,-0.06406626733821898,-0.12961386086593868,0.12206752755764451,0.39116162853551506,-0.10571327167440359,0.3543782325185454,0.12852884727878955,-0.1219603112299124,0.15399309920406062,0.4010427788420041,-0.12117881909818685,0.3034493428311914
qwe,0.00033002136906510037,0.22116544716071412,-0.4193655652166972,-0.012865715767855642,-0.34173975169177423,0.10076539074332234,-0.424931102375926,0.058853505862543475,0.07136491875140007,-0.13657543932151192,-0.3255389374875343,0.03932402914595489,-0.2723454862629184,-0.15508870277538092,0.07627059317902579,-0.09210866371322862,-0.3422574080733329,0.15782210795181642,-0.27971669749943967
qwe,0.11628675021932353,0.3355514865135017,-0.433692020917554,-0.08378752741945518,-0.3196683617352135,0.11491837178948812,-0.22818576812116848,0.08309555451281439,-0.19812354840902535,0.004345418199940062,-0.22784711880757047,-0.3540327919451441,-0.013817383680478804,-0.1096687775489621,-0.008067602673611557,-0.04665236266636406,-0.32072114067534896,0.3618302388089802,0.2305648700349378
qwe,0.009505792998063941,0.3191746124389217,-0.4022929313140433,-0.07092527724365251,-0.2956918679204011,0.10779476439621298,0.2021816578294166,0.08467263089271516,-0.23138840754204915,-0.0146390216374753,0.3986951622739156,-0.3367503553071634,-0.029039399722593097,-0.09164781247161018,-0.02193468306522646,-0.04527170036436494,-0.2954385213328258,0.3583862862942958,0.17477372289318543
qwe,-0.0033232408563344026,-0.30805308567721845,0.3842899916436287,0.03796243583757768,0.28748110886987593,-0.0985524801284757,0.39308958562533,-0.1009781810286269,0.3062974609293962,0.07342389475750014,-0.3810298727741993,0.33187823096811453,0.044620739311556766,0.07710542014507357,0.04807058869170629,0.04592257386538313,0.2688143191767285,-0.20493218063185634,-0.13326279736694893
qwe,0.007421316439236627,0.2806796016044476,-0.37008074615351516,-0.026194508857411623,-0.3067679063678972,0.09811173879907623,-0.25873068449418146,0.10271443686451379,-0.3448534325719166,-0.1407075905298418,0.374641622040639,-0.3456293675777423,-0.03696771420257529,-0.06813291935521668,-0.059920468688207794,-0.033857246074262985,-0.24901345214034323,-0.35059346364559707,0.09022908018582738
qwe,0.009827166891155616,0.2451130150215664,-0.3625324185318767,-0.0425302262600577,-0.350355462272999,0.10517288265635112,0.22677369259920388,0.09982349703963249,-0.34811467607877045,-0.20612067530674844,0.38003338160088956,-0.3564557985665732,-0.027864882839688156,-0.06512902146307266,-0.06502765912817372,-0.036905817020471604,-0.24879620339570052,-0.31451995350579914,0.06994865962356542
qwe,0.03127940505692717,0.23309142205911929,-0.36050435065822545,-0.055372114892791764,-0.36511121852356365,0.10438842272454524,-0.22797166005790523,0.09607310845244378,-0.33066727940087615,-0.24992359948602075,0.375615441890553,-0.3588800580109138,-0.015696534300840875,-0.055015103905577095,-0.08306798921166343,-0.0796278009454344,-0.26012458045601566,-0.28131701201865106,0.04724590904961425
qwe,-0.005676127827495811,-0.241834162722947,0.3685840574292017,0.05536639239122692,0.374925014249862,-0.10830807581479655,-0.25366918302158925,-0.08786380563580425,0.283154074233416,0.27326440900114896,-0.3626010196514453,0.3595108945277167,0.002880521799282311,0.029746469860438787,0.11770583528957104,0.13993892439822775,0.28382420444817896,0.21839529025602777,-0.008272662048851657
qwe,0.032775843586178154,0.26221638844650597,-0.3755976844402594,-0.03266441186949416,-0.3757266604019497,0.11209797611655994,-0.23886497342673066,0.06904824868413476,-0.24105835111098894,-0.26055057179595337,0.3573106106603752,-0.3675585551886271,-0.00035030659140410265,-0.0039492171681867316,-0.15771828420946876,-0.1748563237085386,-0.31467985046260993,-0.17363199726151504,-0.01176790190738193
qwe,0.0396543998527793,0.2724146604432544,-0.38306215705618457,-0.021327501988936425,-0.3764649032822409,0.11396132866556427,0.16632040175550816,0.06312477670355528,-0.239468042842764,-0.2600964264305211,0.3652777951440876,-0.36550534710480576,0.00035044669926569176,0.004608909837169269,-0.17836103454614063,-0.17827492597944838,-0.33368484464035536,-0.1578555625220376,-0.018479856144304464
qwe,0.000963847312919604,0.28229906368747215,-0.37088065979758256,0.03291845367126237,-0.3412452805131301,0.09765959461504176,-0.3950106305617945,0.039680884913764494,-0.21709304501508433,-0.24761917181472312,0.3714150711311736,-0.3402533444034851,0.010178475886266001,0.009545148977568838,-0.2574031551108937,-0.1054539956468062,-0.22499647871964293,-0.08467056171258038,-0.023391096990920034
qwe,-0.004084970158028924,-0.3206091515889944,0.3782848656425024,-0.04875788298188002,0.30593691520958016,-0.10144246659978208,0.38832066257194786,-0.03719702750627008,0.1644447314458693,0.2528253733869112,-0.21692445518039977,0.32067168109244365,-0.04494490411625775,0.003075393609829715,0.3366380435237794,-0.02123081870332605,-0.37259464916881413,0.010353466325769313,-0.008933111553367255
qwe,0.0018845858999764057,0.3511570481604643,-0.39052401252273117,0.11802544617376609,-0.3080623261910265,0.10686560405697254,-0.3968712455389695,0.08046520199032206,-0.12379108553377635,-0.20890107053324114,-0.27759389540234963,-0.3056628676174346,0.05063717829602811,-0.10454619738402336,-0.3137068611687258,0.043190767146458794,0.3097051221696854,0.020859357819528787,-0.01922850609863719
qwe,0.002175617866420533,0.3639943044966804,-0.3896551779173679,0.06544124349448732,-0.3112845181205295,0.1081113641343497,-0.3975786917962579,0.09182359864510187,-0.2086563117727349,-0.2495577475552012,0.29660143073669276,-0.34075764978983913,0.006978747673135139,-0.03688654864662849,-0.10958878632299346,-0.019055789680944128,-0.32325623382072816,-0.0205661688316679,-0.08776963333392068
qwe,0.006842584030463679,0.3679776468010457,-0.3813371180972893,0.11634550332659618,-0.3086711185710131,0.11174770212791492,-0.39382607300466477,0.08174596743176342,-0.04492895279697457,-0.30214407840258195,-0.36177357740623506,-0.30001803868300475,0.10395878574034478,-0.01352557934053036,-0.24588388249194904,0.03005553314491341,0.22238627682452725,0.007178129494792461,-0.005569536755972022
qwe,0.0006109637919822462,-0.37732682584570343,0.3935239805357451,-0.1350785395677168,0.31159713723131316,-0.11515597799542916,0.4055932284082572,-0.09741125285426665,0.09318364193690969,0.1912794764342376,0.26280607937069317,0.3046421414980873,-0.05619452854071369,0.11566537083303575,0.21830780401629396,-0.0599076576825229,-0.35009687226966996,-0.012094321419228076,0.050260498818273214
qwe,0.0016195736795486416,0.3651611541851125,-0.3951051108208241,0.10768114974667914,-0.3097287381966241,0.10291494669429853,-0.4026936914437331,0.10864201113817593,-0.1713530870992755,-0.2157269431376311,0.32535484056832087,-0.3364254702978406,0.03329189067235076,-0.05613706775020931,-0.07161205378230699,0.020885346737451762,-0.3115014344005191,-0.01496536943201717,-0.12824276043688257
qwe,0.002917182624932459,0.3924808976320604,-0.3903223209665909,0.08596625733906413,-0.3093615037265391,0.12023519317766644,-0.40327095757061926,0.12021474785993298,-0.08328297859692524,-0.202868118504601,-0.24298251562603773,-0.30614350320799444,0.09597115332307528,-0.03516625188677904,-0.1826502589518123,0.0023338782845418794,0.388980541266098,0.00024293689115200323,-0.054785520404580276
qwe,0.007748871673518297,0.4033219372222347,-0.3850170386385802,0.10600192123630155,-0.30437266879246155,0.1048009661388356,-0.397911419652328,0.14826658485644692,-0.2084905083841733,-0.16288756282404987,0.38064372480808156,-0.31675672521539633,-0.025751170184904127,-0.07875401753961503,-0.0697694496598628,0.0709330129092126,0.1935183588447469,-0.025170227203486613,-0.15440804735864372
qwe,0.005499882386822561,0.37793891733475915,-0.3842856914971887,0.05003368607439569,-0.32250145353327375,0.09703626163225881,-0.4006119472447138,0.1204336010258288,-0.1531219438458079,-0.2482723092879018,0.3136135717304178,-0.32398727602218336,0.055971595123857784,0.0002571182964459957,-0.07546948468884986,0.009654005215218973,-0.32946710967989895,-0.02863269278227587,-0.10894526878673254
qwe,0.039974383728437646,0.37606243796682065,-0.38690092251213304,0.042124265916020656,-0.33492869355227944,0.10705708152925743,-0.4087028752218106,0.12566126555674345,-0.04382620118276732,-0.245018921877324,-0.39513263043468777,-0.30679423067013306,0.15038441348713952,0.030934762208189696,-0.191926097824474,-0.028191431614180525,0.16313971059867466,-0.0229877252674192,-0.009471184053456833
qwe,-0.0004679136547688026,-0.37648216716874816,0.39613931340018466,-0.09541752179655459,0.3324004615021647,-0.08750016415875955,0.4106993841540035,-0.1360937602430645,0.0780835061588309,0.16556882061290318,0.3943018959518067,0.2961500465569953,-0.0890191252577715,0.07518982044921144,0.09559595371603137,-0.04150223933699782,-0.24989340879357266,0.02271070346198139,0.1509905498125657
qwe,0.023162175773818502,0.3420243660036382,-0.39528944139009514,0.12176498967028626,-0.334283816157638,0.0436867498278926,-0.4000238015779011,0.1338452493472745,-0.1362551311925936,-0.06379098638869765,-0.2613124891907832,-0.3216607861593034,0.03631754454073592,-0.06233394041712103,0.00019433742738351198,0.09081489765441098,-0.40265131039506563,-0.028387374504824557,-0.222667164107761
qwe,-0.004211866561763841,-0.3054301297905151,0.4008080850997423,-0.11172087061195349,0.33803005982727474,-0.005391872532267869,0.3947827507252245,-0.1299006377058522,0.1932066858323619,0.029644510109542836,-0.38842104829674706,0.20489076347809498,0.0016596010148982742,0.029144109324196817,-0.027037769195868734,-0.07409465565880907,0.3780663986571581,-0.008778691969218275,0.2557724701815991
qwe,0.007037045479348741,0.2867527213943629,-0.40238482004661935,0.08772996048681575,-0.3210421289075153,-0.02970367883615607,-0.38546873364909784,0.1263836525595398,-0.2951089416309338,0.013567907187416432,0.26049615361388095,0.3615360083770371,-0.030460198004464516,-0.022299474260613926,0.02483957617935445,0.014914589116893032,-0.33022850999585956,0.06888090319309023,-0.2788432602253552
qwe,0.005709486575072523,0.3276314078601895,-0.4179631152262294,0.0219915987024108,-0.3240674075148833,-0.005109241717607439,-0.29563060997666546,0.1293007540240281,-0.372457876583269,0.0047036224176624135,-0.358889905411181,0.28687480262472626,0.001753280978376166,-0.02435762929398895,-0.01192442597621962,-0.026427605725733213,-0.3239682736147343,0.0344644508385078,-0.22559389050055279
qwe,0.0010514907087495512,0.332480373628293,-0.39028841796488645,-0.06441708579714285,-0.32246287723772826,0.17739109959707627,0.26730120108187966,0.1354824775041399,-0.2390602136812033,0.005049895596848839,-0.321117970532178,-0.34884593353056464,0.04235817405966514,0.014534809589122464,-0.2525452678797672,-0.21941580338327005,-0.3303734339669396,-0.029110521983095376,-0.042654579764051626
qwe,-0.0005277986298160897,-0.14845399748441612,0.370820586646502,0.034896974740503434,-0.3865049790179688,-0.1322642887102729,0.4809635702488087,-0.16583108279601627,0.0600757725503228,-0.03926517097771782,0.3012491447171615,0.3400119366225329,-0.17876304921603012,-0.03232056611674929,0.08327026231586548,0.22344340803860752,0.2891771862959178,-0.004269914999263291,0.16886807269329265
qwe,-0.00021638149202800097,0.06783634863695943,-0.31150562275214655,-0.06645962059690216,0.25649878132818427,0.09167209273399024,-0.42133911323012313,0.17223229595494127,0.1252196764795945,-0.036374867020424764,-0.33708033241944085,0.24434109765272347,0.356060569216166,0.08376011796027243,0.09994256279306558,-0.14970608751049622,-0.318380659004205,0.19620099293445661,-0.3408436251617711
qwe,0.006963420378453593,0.11518720162229433,-0.3300194813387682,-0.08535770282274284,-0.22856422550153738,0.08925011608644767,-0.3778116426512132,0.16387145094518463,0.2010375707185099,0.0033766201146472525,-0.36647413752208025,0.20045266877735432,0.30400135645523757,0.09514827440790283,0.17130785087725164,-0.17203843722691597,-0.3521664960706142,0.19865063977224692,-0.3192513468913002
qwe,0.022986071269231117,0.10252678948994355,-0.3120894954632016,-0.08856783133181079,0.3728395551960511,0.08742927599657394,-0.38650721795602,0.16404577309159443,0.21072623948031416,-0.0007962832766189552,-0.3236326617002594,0.21160022459823677,0.30826151467320906,0.0905479007420136,0.1818234012783553,-0.1761713579002324,-0.22898499970164002,0.1956769653484105,-0.3306499115950765
qwe,0.0009057456339682707,0.03506177066696418,-0.2657915130209997,-0.09069630735598963,0.338159023329611,0.0770427310024934,-0.3920119680287746,0.20416967308204145,0.23819466379603382,-0.004915029437967533,0.29847874328482227,0.23219646397709873,0.3113371999830484,0.1500109245591887,0.19808134060626628,-0.17859205993185734,0.2512810017627637,0.19473470430744022,-0.33594515389302
qwe,0.003485154560032754,0.0004306201461893133,-0.2785472026548909,-0.16045549021462302,0.3615598379855227,0.1160814298106143,-0.4254666308411878,0.10195882857827242,0.13341758868133236,-0.2697647255318886,-0.3065040632811719,0.29029696795301224,0.3383344238709089,-0.12764000655911553,0.07409539802743643,0.00229080292623588,-0.28967233634103345,0.13775832180243128,-0.2304607494089529
qwe,0.010502867248247403,-0.029035432410354566,-0.267751662829572,-0.22690607761172749,0.3526778337800281,0.10796363596959667,-0.4185930482450663,0.09900850725229143,0.06937602242595195,-0.31897762086863274,-0.23937938440240733,0.21675036875140735,-0.20521078527655662,-0.10887396176910538,0.04506620909263735,0.026407564394908226,-0.2783828192542131,0.2409806789675483,0.38963318589574325
qwe,0.04024664685063162,-0.03224748967990742,-0.2682090109888422,-0.24594109397490996,0.35341188038691984,0.10515181215767723,-0.4187324986144052,0.09537493669905153,0.06682318168373085,-0.3318546933643136,-0.24214802748063652,0.2218872349217682,0.16864899605250977,-0.09324292128112671,0.04953133475231641,0.03531856257315668,-0.2935398868285581,0.265192987536241,0.3554629460438534
qwe,0.02400317751724547,-0.03007541424723216,-0.2609505130350535,-0.250762677269397,0.34326927587609973,0.1029325449379091,-0.40681662391318607,0.08755139517737948,0.06613705554403312,-0.32696019255888087,-0.23759019712617857,0.20932915169892183,-0.27196922258475753,-0.09042171315199327,0.0473712545929435,0.03757639861977358,-0.2882325642223513,0.2543800684559225,0.3484149721763756
qwe,0.024553114040935173,-0.026151253499820153,-0.26092796429206944,-0.25976017450212024,0.3419370766240864,0.10664445372350936,-0.4046967628288796,0.08230110406697641,0.0668386288049919,-0.3255333050090549,-0.23934026644249834,0.2168267005960635,0.2709104590729172,-0.09796101882492107,0.0437106027825735,0.03293950711374642,-0.29007759892003687,0.24296621988001757,0.34786698048070847
qwe,0.032245247357238604,-0.02145484581521428,-0.2653697771526942,-0.2665355712559352,0.3462842344803311,0.11354109942786109,-0.4082385222070318,0.08117591859834597,0.06668408872078684,-0.3260961898174314,-0.24205557451380127,0.2130987826198101,-0.23644580127965661,-0.10803370965374548,0.04081067271232007,0.02762751814451726,-0.2825744255700203,0.24954757687084028,0.3537065349824954
qwe,-0.0017816783159704662,-0.0008178274501678422,0.26498371265399434,0.24209918362797603,-0.34525067460633946,-0.13868360495845408,0.4001831124187662,-0.08896034736874624,-0.06953735183734028,0.313901201309399,0.24493756006797968,-0.21949928752028544,-0.2772586593599743,0.11017743796519679,-0.03547566985335521,-0.03527136324322178,0.27475601318809506,-0.24824029344815499,-0.35285609481486907
qwe,0.0008490249206271331,0.05685003153563019,-0.26113498033558835,-0.21032703899393437,0.3456234755743451,0.19434397963024003,-0.4014953214275799,0.11262466433513849,0.07387990863239575,-0.29465576616738814,-0.2545074675489678,0.2164583376053669,-0.36669486808515844,-0.0873904404280093,0.03426578717243292,0.02742040795149006,-0.28572987403861067,0.26375727019269907,0.23256167785180615
qwe,0.010104474368774527,0.05059691901776706,-0.2349712050190741,-0.1572256694764805,0.33535594186240253,0.19550223577277226,-0.4128192918172302,0.11666670531922407,0.07568314999164961,-0.2841444413428084,-0.2612439357772244,0.23521572021888162,0.27450558074997444,-0.10597045792596332,0.061446899701193186,-0.09126658476322688,-0.40585004551272863,0.1293353595039556,-0.30433840454892247
qwe,-0.006792835411364303,-0.04077635713222205,0.22654922045762652,0.1442095542948132,-0.3283401469805667,-0.19151989527649385,0.40353112916206946,-0.11717945214471216,-0.07644033036841072,0.27620681570041977,0.2621355723387578,-0.22242042147517296,0.313581978150936,0.08394337374326544,-0.0780705906322847,0.10957512651779175,0.4154620222344115,-0.13131334041857065,0.3025026217145931
qwe,0.010097580284417238,0.043213516715714356,-0.2307065454295844,-0.1470686467536304,0.3325259748217979,0.19440826526067106,-0.4056434841845497,0.11804710796480397,0.07698961902690585,-0.2814502491588409,-0.26401923967394436,0.23333604852186654,0.42922255737768233,-0.10149684631314729,0.09451756319915885,-0.1218848568427324,-0.24487237568656023,0.13632400021666174,-0.3004408624125632
qwe,-0.00011282557672631391,0.04176779103904971,0.1657183915728552,-0.21184391630347066,-0.0632264714933502,-0.7178452952291728,-0.2096613876106537,0.10142163858458994,-0.11062115071869032,-0.08775490253488002,0.36263968124698104,-0.13108188621738348,-0.06862764159731392,0.2491783625742592,-0.20615697625512827,-0.00780500925064623,0.09244867301917219,0.21217422770918312,0.14428261429347736
