Username,Adjective,1,2,3,4,5,6,7,8,9,10,11,12,13,14,15,16,17,18
pedro,0.0002737435977197704,-0.0904616268517618,-0.46775446671968424,0.26770006951625896,0.3609350339327895,-0.12983643596136066,-0.21781762430104512,-0.20065487578070343,0.18578296753669638,-0.013638283352283433,0.32733128713805953,-0.15387888552604037,0.23160095878107453,0.2929006924426027,-0.16601425411426649,0.24406602565758143,-0.24292612352347165,-0.014595951889237584,-0.12332847609401916
pedro,0.002503463001246484,0.1303236410655376,-0.025343469135412744,0.39056289819801726,-0.021898951498504307,-0.0629316099173705,-0.06542657483244682,0.3550031505725395,0.0015629203115223587,0.5297330030312071,-0.10384824102806159,0.11288630864716995,-0.18565075121128838,-0.138289558563628,-0.049673457681035184,0.19577320922287805,-0.24386398310323124,-0.0009330776733673516,0.4869123773885492
pedro,-0.0012837180051761797,0.01918017016189326,0.32470659959319825,-0.16840276588281813,-0.36316682658107535,0.2371391761931065,-0.4114892087188185,-0.09916702465168746,0.09188220420627215,-0.035345719802108454,0.17934712117924687,0.12370291727077158,0.167109308592535,0.05544834665374972,0.14901053629137237,-0.13068227070441332,0.256847615709988,0.1051838986019777,-0.54229125573665
pedro,0.003912137792706498,-0.21009963889066272,-0.3889612333071233,0.04558988466432443,0.3015813835919704,-0.33196162557119985,0.4646229028608447,-0.2503948134790001,0.15445960344149756,-0.008050540275361655,0.1788534213978379,-0.2529735302968784,0.19218121290411622,-0.056585517291901616,-0.26317933792536374,-0.08729783672853682,-0.2749485595687144,-0.08705071028096958,0.05163255822271178
pedro,0.0022499660866435404,-0.17215588059388348,-0.30382221930914133,-0.040686640356761866,0.23386224702638922,-0.2812067840335772,0.42048554136604666,-0.23919429458701275,0.018080783497078125,0.03754398825276656,-0.30431633767805455,-0.24584962575574343,0.18158194710419132,0.014656612416427425,-0.139503468847853,-0.3493363463411983,-0.2540522134346842,0.2955136446066756,-0.16512571771533452
pedro,-0.0021633937684891837,-0.16917134658065072,-0.19966150039565805,-0.12797065265775115,0.14025253465579046,-0.29916333509477644,0.42685700919555053,-0.2404362051854008,-0.14281956757556008,0.03206564576882942,-0.31018973977606906,-0.3110781735403292,-0.043600562176872935,0.02098631748037102,0.05539724186056921,-0.45017742126670834,-0.27541620001480305,-0.2594830178638542,0.016895106212547202
pedro,0.00024267516127781684,-0.0913793704322359,-0.28249287254142474,0.04789472080770938,0.16124428868319762,-0.14949654699953366,-0.16062000458784953,-0.027219399352002696,-0.5468994276728231,0.060725292796710656,-0.23440358278313705,-0.11711264259095265,-0.4583936248711941,0.21106456329622997,-0.09002079229513503,-0.0875569277088096,-0.19797125743878782,-0.08219819237175374,0.3831788385078324
pedro,0.003125070146551074,-0.40071198887347526,-0.1583049453649581,-0.0575244898001199,0.03707144074759521,0.30003743923357235,0.180236256407159,-0.29085409253049166,0.17422951875105006,0.2808924907658052,0.2138420259818121,-0.2349359066464451,0.13096352188744412,-0.3455878641886848,-0.272927483191056,-0.1697571417281894,-0.19696141995071448,0.3359859347615439,0.028860682898023137
pedro,1.2371548736347218e-05,-0.042222504023346596,0.12795977711899975,-0.1833591261415331,-0.31296096900103115,0.12169567602217615,0.2590040361831965,0.4445557605380051,-0.06061418323172086,-0.13024406769772162,-0.34889814908985156,0.23763071177965167,-0.1908973184812344,-0.42868437598818426,0.11230955887179356,-0.15964593565430132,0.22882030362216338,0.20676804445103825,0.1359988898043233
pedro,0.0036617939507355194,0.3065220922355062,0.2989897906537897,0.2710900073625452,-0.24675058293485957,-0.12997133427971222,-0.12811211238295817,-0.267846572554501,-0.0640029884211917,0.046099652433493156,0.22614686498784536,-0.13613177674630914,0.16988124612846484,0.4894206062422251,0.16115081419899582,0.30319358664410084,-0.28209961350393314,-0.11034773011608967,-0.1525971154284857
pedro,-0.0034949679594659857,-0.3030273466516359,-0.3140173569884277,-0.21477846700182118,0.5094325979884264,0.20174696760120364,-0.2175712519878792,-0.21632512932184803,-0.17795334773438926,-0.08436691480801328,0.19025755004578185,-0.06574462629216649,-0.13791206225276167,-0.14502908243681292,-0.22378810510183403,-0.15090414835408533,0.3276443963645923,0.1551399256088478,0.21318878149833165
pedro,-0.0015302584215405662,0.26752329617025306,0.4303775840473363,0.09449172358778854,-0.5330458201025113,-0.18059362606911075,-0.13310480365038713,0.07552249370557364,0.1414188301028029,0.03630885323287344,0.1007680890744803,0.038609592334475855,0.10918315778215536,0.38852694485437717,0.35875521681500694,0.11613988012525675,0.025049456370490324,-0.2126457224744688,-0.10113932947592107
pedro,0.0013208728733057776,0.038504296121622206,-0.3398481730658034,0.10256906453148237,0.41250653049257835,-0.4742690741028674,-0.3272168689651923,0.376792481887833,-0.049657327068305154,-0.0010850214761434563,-0.27788979885648385,0.19106450242719247,-0.08180760699566318,-0.09772200634794263,-0.17932151612560324,0.048937980509909364,0.07561181053789566,0.1897245514420566,0.14022413869242392
pedro,0.0019970993394131257,-0.28887955554902717,0.13610334186004613,-0.12597202494765553,-0.313942594519756,0.4010649598518575,0.2609695008217269,-0.39546394380072786,0.09626200904415996,0.15333563735525388,0.21061481935946005,-0.04245893699757508,0.07535379352208549,-0.3271125649634732,-0.018038044515141037,-0.12886210060329867,-0.12045597753633311,0.40504459059960346,-0.10546900474654064
pedro,0.00046319788475489705,0.32898700073530285,0.5220287728907327,-0.04880407210442702,-0.19401423546021754,-0.17785491635513836,-0.24538342293120088,0.2459294659778483,-0.11995379071977262,-0.17278469582920242,-0.20149144268602925,0.020825195618004385,0.09869952222119946,0.30748090150936147,0.3262346621058936,-0.17805399924842813,-0.1769433195146207,-0.23773746952560149,-0.10668213043976424
pedro,-0.007790909778202019,0.12134821007111464,0.38466030887138,-0.13520791614765068,-0.4654400515440669,0.11521006768877828,0.3070358211354244,-0.25606776330829745,-0.14810371334886324,0.02591966608340758,0.27245580203625536,-0.11251552718873553,0.11861877881970073,0.25377661383394745,0.3593139219734008,-0.21330156592707125,-0.032880414386629295,-0.23398583322569344,-0.10428042131590104
pedro,-0.0011084511621775714,0.28732826606176565,-0.1964252800602836,0.17861670986107647,0.34059664173904886,-0.3883065384067335,-0.24537563027960804,0.2990250748821742,-0.14796185520296115,-0.12299110369706835,-0.18358268347881393,0.23311415930525578,-0.08429276880421349,0.2683893792052775,0.08411956578469801,0.19705839750217752,0.1813532586710643,-0.35757600329541855,0.14029337671853379
pedro,0.0003954268761784581,0.04765057233257064,-0.14002419775897446,0.19179928478400743,-0.16408755887625695,-0.012369177918378688,-0.14424807400072637,0.5974518124321901,0.2065196335012843,-0.3178440798952329,-0.10349106430570186,0.21231628958873525,0.1108180179474813,-0.10332394603317625,0.22393174609975985,-0.4701552143275048,-0.19732614899349216,0.001018886162882973,0.06286085283527602
pedro,0.0008993118496450586,0.08267536869587101,-0.19132405472931824,0.5439989017940564,0.1850224708070104,-0.017038246139758653,-0.2597450009649767,-0.11775261346893486,-0.03863504051327331,0.04401085972735178,0.2830636907471704,-0.006910998003545642,0.1579741805680653,0.13271453427119217,-0.12116360352604433,0.5638562877928108,-0.1858066645288999,-0.07062362414807358,-0.215570297004079
pedro,0.002270601008873426,0.24075901207481767,0.125490800256583,0.37835312128846516,-0.07586011451595796,-0.09355061573465455,-0.05829931663269237,0.3000087597938664,-0.01378457443600557,0.592902060902425,-0.02209289132082996,0.12790408042373727,0.022429147821406595,-0.22689944785699048,0.30834937366072107,0.2821065486571949,0.24591520396949862,-0.03736732473638758,-0.13466492572814007
pedro,-0.0003605651091438802,0.023531386237677802,0.24090456200167892,0.0038432809854447515,-0.04038093953745728,0.24415380988331584,-0.41686343847480245,-0.13848706557298732,0.08790872002417414,0.17611684528373067,0.2689353744613924,0.16464305738268298,0.5016855207103796,0.13418396786456213,-0.25463734129668397,-0.23084543244311698,-0.3118785241705875,0.18045102173149571,0.17711032362821325
pedro,-0.005734519643966264,-0.03914678883474543,-0.3310119202084216,0.4197891876565629,0.42203794879185064,0.13332326860932286,-0.19758351033576804,0.20448133258775006,0.023337780157175612,0.34292307012676726,0.11884577268687758,0.16247706733083953,-0.08402084896954586,-0.21092325497829253,-0.22538562065321627,0.3228628072374996,-0.07752259231701848,0.21311209219683055,0.13876233031824978
pedro,0.016308410171886972,-0.06806598588642725,0.17837482895125545,-0.3885999114542138,-0.3854309017720958,0.2642693857489752,0.32701747518853946,-0.28187567266514985,-0.039321499990967956,-0.370085366065432,0.07629369439640746,-0.2024231061825029,0.061249261679041725,0.11399092241923875,-0.13587119656203403,-0.2666188754879081,-0.2266442087531299,-0.21579531353344705,-0.13497227248903504
pedro,-0.0006496368600836888,-0.08764369336205068,-0.20320933972636812,0.3890631583700203,0.30769627982004283,0.09418389788861979,0.07074218353040755,0.3159545907592801,0.10571122255464692,0.459320943584821,0.13861828274673202,0.23031131443873518,-0.09317979618223542,-0.28411854447952295,-0.16231560515479806,0.31812576393744163,0.0703784442859617,0.2265038618300223,0.1537947114720605
pedro,0.0005055060298271603,-0.36818438392896297,0.10275355700926037,-0.3645982363457616,-0.05459401571272624,0.36342122540661415,0.22414167454212258,-0.2491386725852623,0.13833584066054114,-0.19054084044651176,0.030255655754532308,-0.19826729843081656,0.1013807502362159,-0.2586913056024266,-0.12947816991599367,-0.3444080813209117,-0.017522752483351754,0.3990493743709297,0.0760845963119104
pedro,-0.0005085951560013047,0.024843601810556476,-0.2631914297195586,0.4713496921341385,0.2441514493877591,0.19151047050507486,0.1494913596569832,0.27747306791386944,-0.0405958508443381,0.24677296492920162,-0.18698846123761842,0.2112618532497255,-0.12477973380025804,-0.2520601800751279,-0.08931799816365223,0.4796029813312262,0.027373123075988263,0.08908111810708677,-0.2106903533637408
pedro,0.000620757048580448,-0.37221208460506666,0.09601840081633684,-0.3125611620890368,-0.16643717069127903,0.31984426040128966,0.21078563164356368,-0.2646559843058269,0.06760970977150088,-0.13240825003329332,-0.05894408252432705,0.325742927834088,0.09373160753379524,-0.2671620933759252,-0.09745877094798579,-0.2913523811635542,-0.03475164275221469,0.33477458774754787,0.3009250676795871
pedro,-0.009147833711339799,-0.37024894896058336,-0.3325250877558832,-0.3505627285048428,0.3045723535087779,-0.11957405545343433,0.18324545974695755,-0.3993907190666603,-0.39014028260203487,-0.18369315635352207,-0.06314840501141793,-0.20339081437191578,-0.12277242721204433,0.08915025621443616,0.06310536641031124,-0.15160724779048734,-0.07903524281717791,0.0319543818142978,0.2018185885052516
pedro,-0.0003763808911847617,0.1728871007989599,0.11503998203758084,-0.09807087724176904,0.3057450404744319,0.020032748771234444,-0.06979048804435983,0.10903877663156553,-0.2788909194154364,-0.09348526555125736,0.07035931342388509,-0.12055229623779137,-0.20690190607302728,0.28213269630597637,0.012441392839934208,0.6179396986299375,0.213671715259649,0.23917110475803402,-0.35120305164349497
pedro,0.0023397399793334606,0.10053499792243963,-0.21023437304539905,0.47253478787191555,-0.003928919694345464,0.07261481763566126,-0.09302162562676686,0.21246771413157217,0.10188936633967566,-0.010632948550910582,0.3879834185774011,0.20789607999964252,0.15806252277157654,-0.027867509193263088,-0.20085084894561644,0.5831477977417744,0.1960721979465924,-0.006921109623807137,-0.12008245204844537
pedro,-0.00020115529704046577,0.23156595482667708,-0.01313850822169027,0.3658254367602614,-0.007727301178835327,-0.07489003296939381,0.01556075404610633,0.3573507144838813,-0.060285239720600785,0.5020136375433546,-0.028461179386989693,0.13813774162135303,0.019140852175918883,-0.3423644054443096,0.34150919597075075,0.22544949264174444,0.2915237520995776,-0.028699623168569128,-0.17993563667397158
pedro,0.0003240286142523984,0.19842745609383924,-0.18072848634111005,0.124037629155751,-0.08243572086459457,-0.11521957356993268,-0.22835723909751268,0.27588971188767974,-0.2913408029975157,0.13351181599428563,-0.26337586164493865,0.031275234782319146,-0.43684197534677915,-0.21471419746051595,0.36089689211823095,0.22756159837001716,0.34889704209430383,-0.12154135073269325,-0.18902333301995097
pedro,0.00145758807765315,0.3903171915486169,0.2753179604136168,0.30904429046667287,-0.2127797354476117,-0.06529795431720875,-0.08479207982046068,0.4108587638607104,0.26150890692179973,0.4365307161439643,0.08697038473705349,0.19402221225493618,0.07302339387579761,-0.10925232699428493,0.19105576408608527,0.18141292511298648,0.1830806982288823,-0.022412247708436125,-0.1611016585133094
pedro,0.004297844622550535,0.4728816097299062,0.3997970335616632,0.042066739818289046,-0.4087129003738396,-0.08742628773520095,-0.2217650115750686,0.18346694506778502,0.1203605985035891,-0.09887478761075076,0.03699716322831013,0.027657512061187578,0.1335663847244156,0.43549909860953046,0.2742619917441145,0.022298344791775088,0.020313512139000057,-0.14359998781167133,-0.16309430578223175
pedro,0.00871554605401576,-0.24086481529326853,-0.07399014922160262,0.15315130665614504,0.38489988999732366,0.2737344749443344,-0.2249060835337714,0.1275654855263836,0.08241188677488354,0.29938210513754543,0.23157907833031663,0.1941083119821394,-0.13615973061424058,-0.18285103461780827,0.5083601014630735,0.09557850928729658,0.2815380320070388,0.1543166641353633,0.11302789207067361
pedro,0.0020036462700470936,-0.004161435685862028,-0.04208722430097757,-0.22143864288095283,0.033729116147239446,-0.06640797873615692,0.36381415157331837,-0.21717123887376966,-0.01825267328496027,-0.3010835621247995,-0.1295405285280891,-0.2505118364230902,0.09745156549640811,0.02670226914627941,-0.45374696974750495,-0.21799652542888676,-0.2230427031465139,-0.16709179300165372,0.5022915361618614
pedro,-0.00459194621915586,-0.2323295444263425,0.024546779437090716,-0.2552094891266523,0.0811654775908804,0.4210899082271904,0.26331247489169296,-0.2894142205347778,0.11351764642902416,-0.3325821626151794,0.17048234333986614,0.17287886946933625,0.061755871635613684,-0.14112861559276121,-0.3284404401097492,-0.26091761154050375,-0.16749345746796176,0.05390870580828152,0.3608310848473808
pedro,0.0015731924337783441,-0.4271914533277796,0.034887439719544444,-0.24625335769307463,-0.037433037745958915,0.3245003248396353,0.23260744013516219,-0.2603787928234012,0.08003348853206398,-0.029687630951600198,0.14051645973605037,0.37339298294795176,0.07433710033300356,-0.31609154292103686,-0.11493832075639887,-0.26712653576267503,0.0673211676765455,0.32632930907944074,0.2440500836587352
pedro,0.006185039775561652,0.4137271925558878,0.40677568973082556,-0.15573080212887735,-0.22210632524766485,-0.1448473162572043,-0.21730814082440128,-0.07291229513420025,-0.1069551643616922,-0.2646646757893853,0.2596321610986935,-0.07814005914143067,0.1389654143342728,0.4529281911613197,0.18512509966646126,-0.21580454534339355,-0.09061839527554934,-0.10857670033215511,0.18963099399011107
pedro,-0.0014059844211895237,0.1387898770591709,0.08687973897468321,-0.2626964219552642,-0.2674209105623492,-0.2877904838405022,0.11700865599514532,-0.16070197161733435,-0.07606235927474242,-0.27189167514194207,-0.2644433877965504,-0.28380791904138,0.177085879562765,0.13275157704926496,-0.27601751898019733,-0.3072224407930698,0.07034272083308263,-0.13225349689027466,0.48800188029830804
pedro,-0.019790867878177965,-0.056265508951766845,-0.008411465564329163,-0.283254527457761,-0.051111816749311936,0.29710981419721727,0.34960112329432735,-0.21063842297114604,0.003000788452102525,-0.2052178741010249,0.2861952729145625,-0.10431530978114911,0.17995801503084827,-0.041254219622386935,-0.2832702819046067,-0.31194300401033204,0.33391239118005206,-0.16343998294957965,0.4174852840793273
pedro,0.0005045527255745897,-0.3662985634414401,-0.008720262961012692,-0.2784086382051373,0.004402798859352987,0.3462188313756976,0.2558021385526002,-0.24546097034097794,0.0963376391250362,-0.1196710915829931,0.13352488688748515,0.45873195848813986,0.11325909840707138,-0.2649573349948203,-0.13379592026479056,-0.2693343073589218,0.18594453620414228,0.10479640675529128,0.26789785392858984
pedro,0.00017314983465795797,-0.15563037859789697,-0.3602606159311768,0.0361964275522618,-0.06372860909325508,0.08401375855811195,-0.29432896881098447,-0.030227150220725217,-0.16617731882718637,0.044307992409172194,-0.18150610362724817,0.6438831500999181,-0.08111048622971319,0.16348653942701855,-0.22386514788668632,0.06961664932340282,-0.25379570770968196,-0.2990060205312801,0.16378230437117072
xxx,0.0005775400450785833,0.20124110349593458,-0.14872795745912393,-0.08760098218057183,0.05532790787947135,-0.3534100915287054,-0.09998451763393744,-0.12449604144694634,-0.011103073895881431,-0.0755278999807845,0.45350741771204284,-0.27257598665639965,0.08874972004895096,0.40829702606172724,0.019681362046950226,-0.15854828630425216,-0.16692612156241432,-0.48797497482343877,-0.15609567164151164
xxx,-0.00010099464469035755,0.08840052040875251,0.17926455385994566,0.08329197264624415,-0.2184912761636807,-0.23182546249986027,-0.03150001939449246,0.14565353787331647,0.5065719042519818,0.052136071009612116,0.12961876440515535,-0.2790500459700769,0.5174563438588485,0.13493687710021143,0.2534106360858211,0.3108106892059898,-0.12169834495141701,-0.11755976265536704,0.0002509725303435642
xxx,0.0011347380970645853,-0.2113151111518049,0.20419694272419497,-0.49521227852152105,-0.2693246412592171,0.30588771521788466,0.009845840357703802,-0.19032089925219497,0.12883841433093007,-0.11850945843749237,-0.12770758178591615,-0.04054119608494858,0.12344508412704655,-0.09134036808788999,0.3871688895123429,-0.41565578055758146,0.1375071421062583,0.21671801022999754,-0.07259137133516531
xxx,0.0018769654310485933,-0.374409190913258,0.19483641592396583,-0.2228557625870745,-0.3759797325308767,0.20235066110630195,0.3722229213905264,-0.22817410133088267,0.24205791165306617,0.08654537525071952,0.2931962070757144,0.3079038629921774,0.11135731749635872,-0.2614905430275723,0.17658867502016934,-0.12548830690630242,0.06879931709617353,0.0682442187565109,-0.12378115593771691
xxx,0.000379279511500964,-0.31498171861065677,0.2845389374175884,-0.40328518356136767,-0.3126261540335042,0.2589012814655321,-0.0525286552617153,-0.20203111548702976,0.2193319621539407,-0.1987308697188908,-0.005901815876832242,-0.023841753056999912,0.11657469524681846,-0.17656725948768112,0.31916042163790387,-0.35670667375113735,0.2467081822735756,0.15433508470102844,-0.045691321390828175
xxx,0.00012120023502144992,-0.42499020430499995,0.5055465774890716,0.12077397846101552,-0.12754103745843084,0.1702026351863283,-0.04080449088821917,-0.406754576774494,0.16876598948224358,0.2834230415146763,-0.0019809982978441407,0.18781338055809227,0.06417224484552335,-0.32944083804325963,0.21086988326745676,-0.15807185215373143,0.021940089894819954,0.06587529215433532,0.07653909070280954
xxx,-6.226781838554717e-05,0.2576166200672246,0.003071965104254974,0.03277024301426817,-0.2494072091109303,0.17877392360706681,-0.30851653245757343,0.05825414464749235,-0.016846346155691517,-0.1705513239242211,0.19753899758747212,-0.27828968738300724,-0.046970157917763496,0.09402469481210993,-0.27846252135122684,-0.007813863285106026,-0.6750422220176511,-0.026954187034365477,-0.22116537547215526
xxx,0.001858505471835417,0.34906336664547394,-0.05580310249901621,0.43788137641014047,-0.0443441036235669,-0.1451185972914551,0.028771686773062286,0.5180234437979019,-0.12875174858339783,0.22584102136009648,-0.0611892562891466,-0.08585452003634382,-0.2759109637868479,0.05317742745986828,-0.0025326320869633523,0.4092749848371689,-0.1337673513541684,-0.21513709049554233,-0.041924615318685216
xxx,0.0010344787979935295,0.5064744612932724,-0.07978415159547692,0.04740791254856321,-0.025321810613580825,-0.24626185200282205,-0.05371806137256488,0.20574562969924184,-0.2226294223555722,-0.10986323714583093,-0.05363671941733831,-0.27586576758256504,0.14954145943844288,0.5952432194461106,0.1223583788850976,0.04871146177490581,-0.14368020355110606,-0.25768779210581266,-0.08177092451930122
xxx,0.003050905653776962,0.030984511655402575,-0.18790338518567717,0.035007102469561256,0.0469043903288415,0.35515581548305586,-0.1828962641599489,-0.04987581947675402,-0.11329107242891591,0.00665745654903001,-0.31179822792896,-0.48956456099452167,0.23232444025292648,0.20490002957226097,-0.16936576008218537,-0.019483602920483012,-0.22420829934104924,0.4615197847927331,-0.24529323108469075
xxx,0.001194248908047847,-0.05496104223662324,-0.17198980752254023,0.020564775237940088,0.07266582058295691,-0.46160660512316365,-0.1586404589776843,-0.07760218247867977,-0.008009203269858833,-0.04525411527499752,-0.30406352081903476,-0.44848307672297283,0.2209428537386417,0.16687391114783978,-0.2041995764030254,-0.01741575722878609,-0.2134603648123359,0.43992005085588776,-0.25291071274197086
xxx,-0.03376812397501532,-0.11187060625495215,0.08620615273681323,0.03975836443900812,0.004032161538528611,-0.23071990746221485,0.08380753843015357,-0.039589803781970634,0.025817571591345043,0.015098140040179096,0.1390472492200815,0.20043481562010113,-0.08349998555393846,-0.13579016118968773,0.06850626756712076,0.03531489453942028,0.09104484593389621,-0.17974721450427,-0.8855965810477967
xxx,-0.00012501089764708345,0.12425888614772146,-0.08541013839039968,-0.04103013375019038,-0.002204349083936898,0.2273875816406286,-0.08531286563002613,0.043971221352685746,-0.025220947974889087,-0.009774204435809878,-0.13874678942806495,-0.1994386035984198,0.08150955698054793,0.14373416263426284,-0.0575348389335662,-0.034594189017602445,-0.0907345862765746,0.17904218816189182,0.8847611983227948
xxx,-0.0010042660209242953,-0.11539753202464473,0.07720837470080395,0.03934887297239617,0.003659516048155254,-0.20724014609075775,0.06695287604868838,-0.039840583627265155,0.026023009747881434,0.012436385523110528,0.12784892088668587,0.18479775505430332,-0.0738923356569817,-0.13611824548515783,0.04839114562825995,0.029487952326029767,0.08463628670304382,-0.16559502198072593,-0.9038972212158926
xxx,0.45122347690167797,-0.12343187359252258,0.08689986766559907,0.044123705554648764,-0.0009183314481283304,-0.23175628232327397,0.004827483361780585,-0.03712144974718654,0.0462285748029323,0.024842008086512702,0.14176013154942432,0.21473514477499242,-0.08704333976112896,-0.1518859808489339,0.05451961832759082,0.03560199085123141,0.09436909018612837,-0.18776366642178868,-0.8787178908613184
xxx,0.01756641621296554,0.10710593360502113,-0.08267205014622714,-0.04845604869341298,0.0021302793995473038,0.2229014170701516,-0.08616236357077973,0.02952738647807523,-0.04501829070391856,-0.034119825787522234,-0.1336341194108222,-0.20753506009112688,0.08600565952428309,0.1398815783719668,-0.05758926455810644,-0.03760273363698604,-0.08912317348692861,0.18092007729044632,0.8859295921865237
xxx,0.0033808987874630906,0.07155999896692128,-0.14988935097746092,-0.25801626477842976,-0.024566016443211814,-0.4269887659455503,-0.1729570512443512,-0.03830273864436578,0.03224492770403081,-0.24196921169896377,-0.0551856789678258,-0.39309296560092877,0.1875107289656784,0.21842393889766976,-0.22113446046727914,-0.08036510462804967,-0.20167148475312285,0.4778677723082675,-0.2590794473277177
xxx,0.004448716019384314,-0.15004615389771536,-0.1323336032999586,-0.13030597323080112,-0.011905067373452326,0.42028137380137176,-0.17489293957991417,-0.16091084024071672,0.10000463416805828,0.023588001399804995,0.6183327595518374,-0.07816463996635514,0.15334664441233944,-0.01251158704150614,-0.25341660179834086,-0.18958815832496997,-0.17588349092068736,0.31273701874562776,-0.2411619050403385
xxx,-0.0461401886350337,-0.15219578035598139,-0.09258405726807684,-0.006723887229331293,-0.015104898116474847,0.2537939062348367,0.6197689018982774,-0.12063884487117113,0.06750817569388694,0.15229202339576586,0.43714621899110956,0.40802299187244695,0.11482763670920486,-0.08481472382903582,-0.14716403721100302,-0.11811116077362026,-0.1304295338649562,0.1685202316732943,0.134853811089598
xxx,0.038920423744048145,-0.11566677310341877,-0.06280659281739293,0.028928195229807913,-0.009964585276120088,0.1610815152362375,0.46813069715868216,-0.07365134461173561,0.04567158072674724,0.15197982167181037,0.2996956043820867,0.26064762832297106,0.08318655054846609,-0.09234469997800852,-0.0888478397032289,-0.06271750819672221,-0.09594973395333188,0.10786440651991284,0.7072254368342573
xxx,-0.015747749572765455,-0.16482853904501532,-0.07639507816445221,0.0859654093406507,-0.010783388462475677,0.1943946832832355,0.6123909846882053,-0.06963271965132742,0.06330681227554318,0.2605751992171613,0.3922817848693774,0.3186801499739644,0.11482461578821575,-0.2561509858987923,-0.19226735481756246,-0.022781334044201962,-0.12689850920217985,0.13022966130704444,0.2552103449354942
xxx,0.2173811489248379,-0.14456641926422625,-0.06613156214810276,0.08110030426356515,-0.009500404470956058,0.16461684578399038,0.5257143382268464,-0.053228787520694903,0.05849329975180803,0.2268552341906107,0.33632040954809184,0.27076919517201287,0.1006092996197214,-0.24922382221495865,-0.20814732291082194,-0.009204211761652347,-0.10615217379407563,0.12026961813120647,0.5282632876367348
xxx,0.0030108997439096145,-0.19038809083798205,-0.08062784938566481,0.06676440529837474,-0.038385384893724984,0.2382661923089903,0.5009032274268934,-0.09215746608905379,0.10079307847080095,0.2490976490852729,0.4564825605649878,0.38726012941639804,0.13323196365403162,-0.20111606291772138,-0.10983051479482173,-0.08728107223645676,0.264064836657352,0.16850426909455682,-0.16909784293042554
xxx,0.014583663838804915,-0.09902884815446378,-0.10814575620440288,-0.13199029749982186,-0.03949337770204354,0.25159200286332056,-0.14536571054783937,-0.12903063961227698,0.11983094058626428,0.07420245181977599,0.515203491138216,0.14491556515590095,0.14904532507739113,0.10120602455821295,0.05273542501406058,-0.14902628317787864,0.6396089714707391,0.28424828890006026,-0.06923594723732455
xxx,0.002877092150309663,0.11937625222198613,-0.1770735827714161,-0.18242980714507154,0.11127917315231278,-0.4253491390075611,-0.15614776966351013,-0.11147049054445712,0.11369122981440076,-0.15110095165688475,0.5817023526041791,-0.3548411052132782,0.17105146631087287,0.3105211204005239,-0.12081372838862536,-0.04631969691639571,-0.20898008926268016,0.052720649966030875,-0.04558799090534537
xxx,0.006265374775966866,-0.2113776797455479,0.14090068694252583,-0.010659069695665657,-0.1369075764464276,0.23707479957088262,0.11268877869191729,0.012404108573412133,-0.10585749415953451,0.23921551275237918,-0.4580203075074304,0.2146973207559413,-0.1338835480761438,-0.30328277417888627,0.4134372580077762,-0.1798085075113151,0.13414632375979613,0.4170298750257875,-0.13479173936567826
xxx,0.006045667593580569,0.2110847047728566,-0.07678597589097536,0.10926733682265219,0.0600763104966769,-0.11894151851760008,-0.06305328193430479,0.07364550326134037,0.06626633381235368,-0.1323451315168266,0.2789123287314839,-0.11120181370280671,0.07830859439441454,0.27809235094308127,-0.32518092217388833,0.2523507993303357,-0.07526443812237218,-0.2083237670549149,0.7045801000822173
xxx,-4.440892098500626e-16,0.34796061098730025,-0.9195937809103573,0.05562132722672246,-0.00025451126403238283,-0.024893060380852792,-0.008095456409576382,-0.03429083413762872,0.0032624108969898954,0.018076793907097113,-0.07255469027775076,-0.009198144164217874,-0.01543291966400139,0.005263371018854671,-0.02560576894581604,-0.1247785600966963,0.05903911615037002,0.04540942669764209,0.02430583803274387
xxx,0.00027074266395622434,0.2803179308839256,-0.06195219153190057,0.09955386307531848,-0.056937361907969,-0.36450413881494675,0.07996175911428663,-0.016205572034457195,0.06703342052386861,0.014533097436461079,0.5202230510286279,-0.3005507192235967,0.12715494099766933,0.39444759070936364,-0.14568917487894295,0.18818213432617867,-0.072465365524978,-0.37550779038278786,-0.15681603230801922
xxx,-0.0005126561766724034,0.15118633103309115,0.12204152793335565,-0.2751562914550588,-0.012870388725785418,-0.2541838132537251,-0.2878146207142952,0.1253018975383865,-0.10118433348123866,-0.48717342438976113,-0.4574200046333043,-0.3535456530369988,-0.10811077053925,0.12130286465607425,0.051478707529557424,-0.08645926079030115,-0.21828079211133566,-0.20576797047750062,0.12209153915285113
xxx,-0.002241969221544479,0.2561488359704432,0.03424511949268594,-0.14024210094404865,-0.20370424793858483,-0.3595034346445304,-0.1206239014040573,0.28633176772922303,0.11605815757096431,-0.27084492178632413,-0.1374261374083934,-0.22518058593869844,0.09247394580436205,0.3050996682400676,0.04924805300443559,0.048419031506163446,0.6148770895559725,0.025479716338327536,-0.06873341193664867
xxx,0.0018916388848974274,0.30005348300936013,0.23269539502438963,-0.3240860786797063,-0.359655472852157,-0.3083608353438129,-0.10863077038529137,0.28419922960619315,0.21827647456826693,-0.2915019837503071,-0.032414650459208466,-0.1764499572555583,0.11447017508555687,0.2980923560044667,0.21533962252849065,-0.18320028396948407,-0.1065020479296239,-0.27377343193558107,-0.02804981083534365
xxx,0.006884059511893708,0.29127877687744025,0.1712573557235908,-0.29846411066149453,-0.3366420157959004,-0.3451904844240785,-0.14168809219238712,0.05361504691783044,0.14266981565571174,-0.07387242968613195,0.24344268366309718,-0.30396568987902556,0.12995890480425454,0.2902462517389187,0.2737849661385767,-0.21379651474085967,-0.11933946489778278,0.3561292166998039,-0.03117338549088796
xxx,-0.0005128897591292471,0.2234734465842245,-0.07039557952611275,-0.19531113196803176,0.23467663449044632,-0.24265348253473332,-0.601584978427815,0.21972144381287784,-0.11207301095709292,-0.3482009566041215,0.02505223143442589,-0.36635378105756433,-0.09390520156905395,0.23996748397704987,-0.0918876159860511,-0.10420063191772408,0.118849901912446,-0.11412712626102202,0.03634348739768165
xxx,0.004312391717738673,-0.15943670640824445,0.4112330777306288,-0.17027804837153265,-0.33418320645487715,0.14298672163457943,-0.10198535909271152,-0.08122338994334014,0.31551451081747084,-0.41211383015037384,-0.19837442319578313,-0.29403831994277446,0.05568433776509224,-0.006290068983605101,0.3496382391639765,-0.06355050369260846,0.19852410335266635,0.25065634076175813,0.02205337065243263
xxx,9.368410406880496e-05,-0.18452792192684334,0.4364094278300349,-0.18978633515174176,-0.3455704105438846,0.2722220159569285,0.02065692112212376,-0.1302278291378834,0.3063073039204428,0.1322265772320204,0.19429689034985165,-0.13484629208747953,0.1080029232826828,-0.1242755432312347,0.49058463898899546,-0.20287594071780843,-0.0950196675806178,0.20544690579245944,0.03386283859838238
xxx,0.002500140379380001,-0.3237177497522129,0.17830050213545456,0.10764633176833607,-0.19970150933412936,0.21636184680875958,0.5396636830648541,-0.2503280135682064,0.20267165836202183,0.34610220583190937,0.14772706393888033,0.3048493229882863,0.0903892804476916,-0.29133292969260755,0.1289138957977358,0.10438142578191499,-0.06972408574888271,0.09599424556795279,-0.03129250615257309
xxx,-0.0011952135275419828,0.0026699844276876564,0.210815670312958,-0.3008190285469702,-0.20317884719701365,-0.22592730058002236,-0.1281963061087525,-0.0032396465640963518,0.253596263570378,-0.339262825496355,-0.22594406628827948,-0.31395504507456995,0.09644933717338466,0.1287626761898853,0.25655412394838023,-0.16322266093702664,0.4704170080621755,0.2922978405744964,0.04674389751849995
xxx,0.001843546295441567,0.11079588410481082,0.3326962780654389,-0.405873648289606,-0.2672796814808337,-0.1817839247283663,-0.11115497360349026,0.10752747898416201,0.23437186978888985,-0.38430653237493717,-0.18371189554873518,-0.17028286787823493,0.10407877113034904,0.122512924708182,0.3624968671272944,-0.29167895767423996,-0.15653924279195106,0.22556546378959938,0.028773542810682277
xxx,0.0007608408518511063,-0.38690800636265515,0.16852542747794907,0.1758409469885434,-0.3200910182704096,0.28308112216373144,-0.027460131231413373,-0.3136332069005042,0.21364188661323893,0.39180409507335534,0.0737727783698843,0.35632333286478396,0.11393433591450414,-0.3335537342270397,0.15784999094900526,0.09398878672123158,-0.08720938587980494,0.11004965242797277,0.00047022224450546125
xxx,0.0290278756864503,-0.18812463586555717,0.15221851190239624,-0.09328302665664576,-0.16301650584660587,0.34856401328609005,-0.124844508423701,-0.15319913862987367,0.2455041126896251,0.06863465535088428,-0.2409377534977552,-0.3190586839752297,0.1214487012855487,-0.014910250316508715,0.25204277698168503,-0.011525629770561433,0.6223446609889409,0.23350282358659719,0.017611446538024437
xxx,-0.0014324430594881005,-0.2510687832448009,-0.22070587586554413,0.3401931662221507,0.1400762797653941,0.3222447372405156,0.18133797572539279,-0.3543460290629295,-0.19567300069635918,0.4183360188897373,0.13991404016305187,0.23078093265683103,-0.06945117616894958,-0.21425826318819136,-0.11143144921646322,-0.015658449059060834,-0.2884448032778135,-0.2406052984113438,-0.0014573317269803165
xxx,-0.013122745413639824,-0.2253782334135166,-0.018777663997538684,0.12387554296002662,-0.02220916636509086,0.23127085046366977,0.21688826324720284,-0.34317603588844475,0.09313264756301101,0.18865795600616173,-0.1669270988491365,0.305615587140488,0.09558193122792975,-0.16471585477155143,-0.639854201770459,0.009196292880106698,-0.09883283366488194,0.23798222172837102,0.19239912417127059
xxx,0.0017224506733239976,-0.08260599864281035,-0.06168107038309889,0.06812304561109851,0.07919772848975942,0.05075452837249436,-0.0472025236633071,-0.10862399272761548,0.049789050036729156,0.09015349307155149,-0.12296375090273502,0.022811524821487125,0.05503384739656207,-0.094304145488652,-0.6404308957892253,0.03802946028792437,-0.08723325890262586,-0.04863720361257695,0.7085994312152886
xxx,0.009340510459743602,0.251155751645088,0.25867694022141985,-0.31470997179876337,-0.27442717028629415,-0.25274234357481384,-0.09641590274263803,0.11598889838794815,0.29118922424494115,-0.28749886260052265,0.1382626665363063,-0.15162769503091048,0.08168483528728454,0.23374893493674093,0.39716997611034166,-0.07279771860504447,0.2972939760939983,0.29221125631912126,0.03669282512585209
xxx,5.380903888310054e-05,0.14267631495542374,-0.29315300529682375,0.401246481693733,0.5705046786290776,-0.09647444614642899,0.006456435103095295,0.32556047143669925,-0.03402180580537138,0.1382563267006078,-0.13405067053740521,0.0023747407540438605,0.09101260403598144,-0.06502413342026793,-0.0063085452862719,0.4263204668386917,-0.08657318541960414,-0.22770142991009976,0.0010429365712356837
xxx,-0.0003863232537531999,0.42111002358807437,-0.19878861316023497,-0.10914563809610424,0.12460866960310736,0.8477997257356518,0.07571995308926337,0.01525458312560671,-0.04431479216873148,-0.024592438625841605,0.07762524896754862,0.04087394052487483,-0.00843439123922681,-0.04068992777767963,-0.049774513718200394,0.08865521354888693,0.054531732318870284,-0.02884989611367034,0.06959686877648469
slasto,-0.00032266209276484256,0.3659070489487519,-0.12763055228323728,0.22909243407160687,0.007387055907706323,-0.04279140488349123,0.0003880671804668945,0.0010646711280632134,-0.1519408263082916,0.046496266523137354,0.3278278133078994,-0.2072150407311222,0.25315328436451806,0.49204597855038373,0.2100733797409012,0.42745338276295564,0.24629182125724178,-0.11875918900163399,-0.10949270103430175
slasto,0.0014206556825402483,0.5354226653189298,0.19629333762207457,0.16150912721066008,-0.03642358848965464,-0.012645823346146803,0.09912788705184036,0.013845075940957874,-0.2038037572610834,0.03673633035790876,0.14051201826199775,-0.1418870308387237,0.1458290451759129,0.5073659926229616,0.4785835491044565,0.14509168402028974,-0.06861978117662085,-0.08441733931638697,0.11758171292013712
slasto,-3.9325059579513076e-05,0.02160910331455797,0.22447842884749258,0.1294510458742418,-0.19117821351329528,0.10905343555966061,0.08195050084939054,0.05077989423850246,0.30705588733825234,0.061897087310323326,0.18039045687041022,-0.47443979930546526,0.5096676776449979,-0.09137554603351639,0.18647240643144994,0.31441818564564855,-0.20276951295691725,-0.26445108148200686,-0.07816023133936532
slasto,0.0018909915229577126,0.17753746726205358,0.3360364268961705,-0.3463693775427146,-0.20303324402090417,-0.1691714088224935,0.27654696254580413,0.17764505815354756,0.28799365541391186,-0.5246391043933221,-0.1541170248224414,-0.10562755870108112,-0.0003261700615983047,0.10925963393908551,-0.2506167074377309,-0.14648417520287632,-0.12678769822278557,-0.2279432785086318,-0.0194323111776852
slasto,0.001007899357724256,-0.07746760950380063,-0.08866545250482838,-0.08371286059741725,0.07705287649044829,0.5869686680429379,0.21678482764064513,-0.33325056801323893,-0.02510245258507867,-0.062874161966532,-0.16140776869426446,-0.2375471116102102,-0.0022015233517608942,0.14438420304699762,-0.38284964049347836,-0.17715933423933883,-0.07078520170248423,0.42337787406022875,0.02176502272189912
slasto,0.007565868814068729,0.22369158967824568,-0.026440185317175402,-0.16525390238197607,0.006458582616671416,-0.15124896550616745,0.09616867150185651,0.3175791628788786,-0.02765622207668507,-0.2836718349800181,-0.2698105622152633,-0.05125860386963038,0.01971343479566135,0.3254690359799696,-0.18152707746072055,-0.14174762811113883,0.44794664346410895,0.40721631205779524,0.3262314708535045
slasto,-0.0003288845953900474,0.3407443510167899,0.2730040457091971,-0.19763675945121753,-0.11516700204668172,-0.11483527216008241,0.21156286498219495,0.33876948771831045,0.13206178463219023,-0.29292458261456017,-0.19926254155082856,-0.027882470525694644,0.016523636981955626,0.3825997455344237,0.22938529670073202,-0.10070925053332855,0.42270845725241035,0.06872189012393892,0.2185835762327711
slasto,0.0012380591961871391,0.23182811050792998,-0.12847982890562293,-0.004077037480675971,0.14612192583591505,0.031087282538097838,-0.0749435587524158,0.08777933074164909,-0.33721819245259227,-0.04355955251556727,-0.18513622896689375,-0.0671323150011812,0.02736342281353219,0.6255226436082633,0.13766777730605761,-0.10588124308050549,0.34302247553225257,0.35956118239717316,0.26562621783659296
slasto,0.001980950728589014,0.11203820178766126,-0.16976713755172634,-0.07072904804350134,0.1945407548971701,0.5762539934327074,0.2624246417986965,-0.35768546406884816,-0.09481592764575382,-0.08986895422686092,0.2639519208149527,-0.2808578112119495,0.05235503652821602,0.2625911405194504,-0.06827220768042684,-0.13807467166248286,-0.14052063522323144,-0.2570660788167846,-0.20008875106080806
slasto,0.0002958095280541355,0.019919111426570033,-0.05589914874923052,0.19784609790876684,0.20433009440280625,-0.3020373429072958,0.4267064437337249,0.014696908265772525,-0.0102614158585421,-0.050822666806550676,-0.4346265526950572,-0.190945914019222,0.08943703524850243,-0.013790485011145671,-0.32800469623774064,0.11727083848886553,-0.20948867817568867,-0.36848993786839346,-0.3237527595588071
slasto,-0.0006149459789898542,0.031014754142776855,0.715626937892266,0.055943956817514906,-0.25694575338088066,0.03239810545272768,0.24230302235834777,-0.002472090818063047,0.40602064939165333,-0.09099595957756819,0.04982987934935262,-0.11482628607508535,0.013924395542943486,-0.12586218115031642,-0.1854947801356646,0.1684812911735581,-0.1352188251204274,-0.21228741218236252,-0.16437208869422384
slasto,0.001911563533982169,-0.10627356854894522,0.5057266145213647,0.07771882683502888,-0.34930585838259814,0.30651892080194315,0.20772239789630523,-0.22757741868313422,0.31399114426275154,0.23903718433155066,0.17647909576641901,-0.1688479572183157,0.03290693955736189,-0.11074681153813001,-0.3007549890586756,0.1256196512696867,-0.11083254340740281,-0.20648433953447018,-0.16159473992367784
slasto,0.0005108803075352476,0.1534644335903302,0.6661079014570227,-0.019596931620027274,-0.3675879426100044,0.010161249876039748,-0.004364192735668483,0.17174162840771684,0.35470373281924256,-0.08286630011037961,0.16311722420423586,-0.08434653016815806,0.04091547027805799,-0.08074895384149391,-0.3048025535091175,0.12727000459621507,-0.13217916850651062,-0.196329605246569,-0.16706291529189424
slasto,-0.0007272869609992664,-0.03046430607824619,-0.49828081018946097,-0.04950655178277747,0.4177022476625052,-0.30249499871641783,-0.1599590735829444,0.12009630884853219,-0.35323857736619024,-0.22487118748843274,-0.19667486154072783,0.16091373070413786,-0.05161415934606817,0.1013539403950034,0.30452673278044534,-0.12443896145972554,0.11369471570657207,0.18699657981354395,0.1826954558569362
slasto,-0.0006006888804687703,0.4626870519305496,0.1368001168988534,0.38185037305424346,-0.05528239617425403,0.012314799337448947,-0.19487333675269863,0.4297999405549234,-0.025554144572295084,0.5169757980138074,-0.14524052670641244,0.06423736899544362,0.039802632543377875,0.09456607508307491,-0.09698906364201902,0.263187200818706,-0.082270239063057,-0.0733320722455339,-0.031618193852117796
slasto,0.04819953911579189,0.2675361879952325,-0.044742980251612774,0.32974132062186645,0.11234995900641007,0.03868897306047879,-0.128714990065025,0.1613632900851405,-0.045004699623088715,0.30489124730080636,-0.10629116459080921,0.02585743794714365,0.04160674969135607,0.16459261749489634,-0.03184975680431495,0.23890525505809215,-0.04939554373301084,-0.011154676575822807,0.751359611027336
slasto,-0.022068110420846797,0.3544719475003405,-0.08604076687590799,0.4855071198183568,0.20098430866394157,0.06837316217718789,-0.17542231955624288,0.20303583660700483,-0.055353442447488174,0.39948877734813504,-0.1498947403989702,0.029224453528231196,0.058128995712941896,0.27767691823126944,-0.08367620224541267,0.47172047812970325,-0.06260523358883445,0.015134383456865486,0.1184555519564563
slasto,0.041580038222693204,0.2515444719204792,-0.05939776362336087,0.3544806390157274,0.14175298402558295,0.04894058987214331,-0.12424765790139568,0.13654687789982894,-0.037841776734353495,0.2791458554836172,-0.10690035623118568,0.01848841272192333,0.043215788168128495,0.21287585526867436,-0.07948558743757661,0.3851369307246389,-0.04466049962145966,0.012246256360482863,0.6751803798245812
slasto,0.00031893553191283925,0.22526631351006804,-0.2027496141463636,0.45780301223567316,0.4123394319060061,0.08980190806369924,-0.2382798416033966,0.16477842209400764,-0.16439212798451053,0.40132978499270044,-0.18961118593598603,0.08430440469381083,0.07966624177452956,0.027405483324329096,0.20157278128664838,0.38323384148480555,-0.048399625334566765,-0.0909535542307688,0.013567370141920977
slasto,0.000642375763400023,-0.10087956367115457,-0.01182583841713563,0.02066761060982375,0.1827496042233698,-0.10525840005285675,-0.18194452188628896,0.12831696714035537,0.03833586950250118,0.1433185645337319,0.15423373892928596,-0.04122904024775676,0.4330614706423306,0.7079206079159849,-0.15239107034539948,-0.20957047590654612,-0.29626839743569466,0.030148034698208943,0.05650015075649984
slasto,-0.0008853575347843287,-0.012379288259427934,0.10883363714045269,-0.352565780994263,-0.093862969742104,-0.09081262048637459,0.31974807326821525,-0.06314396605085935,0.22322681329659078,-0.22298839346527174,0.2683203450328179,-0.10658965524055544,-0.113662659022025,0.0685864281060712,-0.5512145189912673,-0.36056096639160773,-0.28977419845476315,0.11091666115183783,-0.09883542081657859
slasto,0.4891128031013771,0.052044512775440886,-0.009464383354901849,0.12686315530555625,-0.0036786125997290415,0.015694618048483017,0.10761718519077844,0.0012338432404724355,-0.09746585586653515,0.06800464118225892,-0.1033150666099213,0.01801009184837372,0.04287599883743608,0.11252112832480808,0.2354285654253067,0.09415927905673446,-0.06703966747280378,-0.02217248372929224,0.9275582128602556
slasto,0.0019296130251130021,0.15857882305055299,-0.030459908769131516,0.292416201661366,0.048964094079948735,-0.006246943101951949,0.27128953890767366,-0.03732467751066907,-0.27823195730413613,0.1472220056522061,-0.2707850698431644,0.01711207095444803,0.10726133247738165,0.30591868237332664,0.6632413439835875,0.2243955006940399,-0.06690984535520048,-0.02307714708066871,-0.19478759877099
slasto,0.0003794840782421398,-0.23193631990622562,-0.28018574016024056,-0.04846245115818833,0.08442333663032853,-0.21213261977195,0.12670014678764757,-0.2937730819232762,0.11220512737030063,0.08784941441185873,0.12432636096819298,-0.19109295051777525,0.15970731737694316,-0.11513295688645074,0.11629741311064166,-0.18000825930641362,0.5569499672013826,0.4785434461789264,0.12124988170273679
slasto,0.003639850511424995,-0.3363831912838011,-0.2859102900466841,-0.06284640115555767,-0.04704162282481036,-0.2014307565684578,-0.4503164003536508,-0.34344042765009675,0.2352004737582432,0.07753071828815095,0.42397548628175563,-0.2581983156584876,0.19657658462392769,-0.019401557208152582,-0.058189929920196094,-0.07645706709708272,-0.21118701626976005,0.19217788858690676,-0.009687759069454627
slasto,0.000977517220295805,-0.29455410004369353,-0.2921053325836749,-0.031944348622626406,-0.0365699664292258,-0.15721983603410958,-0.44163303215863675,-0.32604527404577377,0.21702678695793154,0.0609935945677877,0.429807091893576,-0.25342669949202107,0.2013139067062179,0.18459511921687932,0.08232686064413318,-0.06983561849267304,0.11662333949272197,-0.27654162972016916,0.15289701849526496
slasto,0.00020585870993510325,-0.22486778776403607,-0.27371286219058544,-0.0192709239854978,-0.010974256877732076,-0.1277761712174167,-0.2952032295430572,-0.3462353218774484,0.17803746199909518,0.07106814025640425,0.4250432903125227,-0.2646599615874277,0.21114356420703678,0.38031720442246675,0.21539037361749913,-0.02027484304730846,-0.06613698837636114,-0.292996468097499,0.19227777460946208
slasto,5.817840648984355e-05,-0.3001019802067473,0.09737981964791587,-0.26288971093243707,-0.49152331642268937,-0.09917226995503624,0.06315448859951718,-0.2460435078546208,0.37108567321469926,-0.059029398481172536,0.35598845961366427,-0.15147197477472815,0.10593937786660246,-0.2058205013729591,0.24614499278804383,-0.10294791069109063,-0.22080772979308397,-0.19211692826878118,-0.1187111953083027
slasto,0.00044305533813800206,-0.03450541193829615,0.23918949853497723,-0.30280812880843117,-0.4695601799905917,-0.1034695800247297,-0.24457054676913004,0.21257942843580258,0.4213041251205751,-0.13503198897615426,0.34714802228694097,0.018498688112540785,0.08038620902887136,-0.20737824523768333,0.10616766978072449,-0.07821759575783019,-0.20962956479991127,-0.27643130534267507,-0.09953237546805595
slasto,0.0009312766853927371,-0.3723216497320051,0.07552637448155197,-0.2534897618990893,-0.10562470505914258,0.5167986853760311,0.17452320686438177,-0.46175089002632574,0.022565250408585286,-0.1803718581032907,0.229111543237469,-0.1910777103080088,-0.014803592566332678,-0.19251429998918834,0.05110740856033048,-0.15119887944486118,-0.12750497511926503,0.24730238315740097,-0.08537948620499283
slasto,0.00015573049123116203,-0.10032230777087733,0.32919064158307587,-0.25755843248997123,-0.06457255161866958,-0.08753718887227903,-0.04226603769459695,0.4135861935852283,0.2071754297667575,-0.4497727889405644,0.23100134801178535,0.031892371210217534,0.020776249352753948,-0.4525233461582403,-0.06975961645996959,-0.019834414244600845,-0.20947556514821108,-0.25207202554630387,-0.11434664053342232
slasto,0.0005068024301546199,-0.4874213176446568,0.15691501226378823,-0.15029365212945006,-0.1717780351861542,0.2895809716096599,0.12773004449697034,-0.28013567901664826,0.19372758785147265,-0.08804470220578228,0.1831199085925155,-0.07524085366767466,0.050447547560752926,-0.4317164294025855,-0.27482691644018026,-0.06930976794463165,-0.1374648313176511,-0.237596776822448,-0.2792334315071642
slasto,0.0021021018175282073,-0.02373417109364706,0.32822423955291913,-0.1601233023248938,-0.46181998101047983,-0.04742784508606544,0.15521677668612943,0.22737105464901514,0.4035106504834575,-0.1587642834134875,0.13111894905912164,0.07474380793928043,0.05868337417604838,-0.4041659728805534,-0.2888190259108133,-0.059524897994732186,-0.13773607089415033,-0.16148168721378764,-0.2552298806754478
slasto,0.007526500650502119,0.01380518560219455,-0.0647425198340863,0.16037125733900626,0.07543127054219094,0.007454485598411815,0.2639663695920411,0.6009535160474947,-0.1736692768998112,0.2866463032927194,-0.26506413805410595,0.12751706968833124,0.020405660958418316,-0.3915452610248188,-0.27018694263221893,0.06927854944060943,-0.1244320056704255,-0.10116933259062989,-0.2779212139450713
slasto,0.011743788703801893,-0.018082226142180465,-0.08673217528552113,0.09789454928635553,0.10234202349507125,0.011479073709464244,0.08255282870946583,0.1375975748044468,-0.04062424671705032,0.10275465956072037,-0.08049091736787692,0.045016485163859137,0.021956405005873404,-0.12116601242735432,-0.08280373515945562,0.055521584564529956,-0.05139165429565567,-0.029429272478120362,0.9470426613709851
slasto,-6.525682108197182e-05,-0.2029093884851229,-0.024578969781296412,0.052158055182270076,0.10683264255284221,-0.28711242961964745,0.23703280894784218,-0.4423394670736815,0.12015557420035257,0.22879725228989342,-0.17763147320681905,0.31577245209725224,-0.25431279148936764,0.02021139223259787,0.2456657671018916,0.11413629776873527,0.5076670543988369,-0.09616062654280329,0.07951090261575157
minestra,-1.6753125379959877e-05,-0.07539252599854038,0.2645395642759564,-0.034609853013990416,-0.4783849920929155,0.06047954998098622,-0.07122822033806767,-0.2491406421338723,0.18823680860305292,-0.04340062461837077,-0.06356411165321119,-0.1724867225776443,0.1987305269010584,0.12134093167383372,0.14022665682074906,-0.15696875419328424,-0.006847047623601375,-0.07968317602925808,-0.6689224414550249
minestra,0.002940332024325306,0.3866540670999332,-0.12884582569520786,0.011138235021869301,0.5003125123003817,0.01604597850604203,0.0760579455173144,0.3516291778465333,-0.18615803850645632,0.02686634249832034,-0.04811275005853851,0.05078466966168208,0.08868495723137207,-0.1361092396029463,-0.07749201534826844,0.0985900787432224,-0.03268576571945425,0.11642480896652606,0.5972988856918746
minestra,0.0009696539570429835,-0.22865884084914417,-0.4281294313375268,-0.053903225275599424,0.5628783657628469,-0.13600051072813404,0.08609623145542183,-0.028367667697266938,-0.47069829661709917,-0.018582855408575735,-0.14019867220508786,-0.19732077974027626,0.28475084551019864,0.004353833428951473,-0.18176200084241304,-0.051534534802910675,0.040906769944297094,-0.057186717045512314,0.1254472132854341
minestra,4.032847785849991e-05,0.017899912149694056,-0.0989166283434964,-0.05657080483640087,-0.013543473167158574,0.089817585145343,-0.06919485527329287,-0.1106487951880865,-0.3681621322902891,0.04097685188558223,-0.11636674514052213,-0.0841473317224505,0.4133989541422722,0.43775313060109317,0.4021278317861934,-0.48469483189030066,-0.11333532002094673,0.012800352186724706,0.17719357565541527
minestra,0.00022443866554180622,-0.13685529665838658,-0.23832564654457888,0.0551219945729249,0.09971797388884895,0.2252309822667313,-0.1641730393741899,-0.13477641566149406,-0.4253775527081029,0.08324192283514482,-0.145700559438802,-0.05397803298920625,0.6203909360828246,0.3911365879578362,0.19050051657651043,-0.13067357129929505,-0.09311405705498847,0.015292138279987528,-0.05901296140550262
minestra,0.005375502433907188,-0.007342111667901131,0.24641132675252564,0.335694151253802,0.006410803791455582,0.4163481206449402,-0.13693722619115117,0.1500752646145979,0.018661601331331008,0.47605034523038314,0.12155176856438953,0.4458597306102555,0.10971020430567846,-0.12103657026545896,-0.2709545078425951,0.09461425929950912,0.15400776245206788,0.014527990193519113,0.19584174196330673
minestra,-0.002915065937404672,0.0066574513268882135,0.05018382038006031,0.3680786215215103,0.1718839825539689,0.32124170696223014,-0.09028035688020493,0.08969257667585952,-0.15386812960828875,0.5004018100682975,-0.41460663584691765,0.44738980765518044,0.051141302826289724,-0.0321051781006432,-0.14659792831891394,0.05973684949843566,0.1253721504858431,0.01293730606944161,0.1493147935915433
minestra,0.0016914805786875807,0.4924421446117507,0.2861828866115196,-0.29166301122400756,-0.03639481813338407,0.10913598616952964,0.14063887762695101,0.4475155536773951,0.4279059756493214,0.03201280990844053,-0.26308759769358947,0.17223108359573647,-0.059445469219179405,-0.1218240298113389,0.1397797655138399,0.026886063494705154,-0.14319393514682519,0.03505075650201811,-0.11777916812419936
minestra,0.0015136886476521815,-0.17929573918511643,-0.03380536688842073,-0.41651208523436106,-0.23752369898254938,-0.4889965305332176,0.08263387752363256,-0.28515354303074575,0.10015479732699839,-0.38257967109992147,0.12728664129924488,-0.3844876351314205,-0.11975025326874145,0.053246825646569025,-0.0403936419664122,-0.189870448320256,-0.02370549391478345,-0.09540542219712246,-0.1568411865320318
minestra,0.0027273545412798985,0.5541384919598094,0.4027485491826899,-0.1954383214215328,-0.055688511214405004,0.14338933928078837,0.09722387132374194,0.45358854549427263,0.3531330723976534,0.09924317666874129,-0.16478903378189683,0.21400377149999308,-0.0904009716486886,-0.09388525698986022,0.11723730229635553,-0.00829918904844421,-0.09545508814244257,0.06201435736413975,0.049074736858184295
minestra,0.0005282868825994025,-0.21996140421670182,-0.038110792765089774,-0.2456364494013275,-0.14205791843627324,-0.4189439583213303,0.09648382849766095,-0.2790798054541391,0.20921369275721813,-0.3765178607618663,0.45336056763279614,-0.37751019748808906,-0.14717951182529174,0.01185806066076101,-0.13617149552295113,-0.08029023432730194,0.019606858313675923,-0.09852437541260868,-0.12833237941766926
minestra,0.005536882248824682,0.4497750259721561,0.36863665300736004,-0.37091688271198764,-0.27063026990467653,-0.08031287715573164,0.1293806271692526,0.3257910145122555,0.4301149594641595,-0.15924294376059722,0.22662277609671827,-0.002025613640316797,-0.11491791245906512,-0.06444646001854912,0.0027450140036551075,-0.06461150205184837,-0.08164477531826367,-0.015005222228439453,-0.17750554286926737
minestra,0.001272698943126478,0.08576659106230783,-0.015229421611401728,0.28564723379793805,0.21461023275289393,0.5918200901946575,-0.08910770768865596,0.25860655315998704,0.016317715793684677,0.37515277679446635,0.049945107801477456,0.3605802496793076,0.26650741690464663,-0.1224536124062326,0.07577986787691092,0.14493431915366264,-0.005695269473395489,0.1442467955743708,0.18045497074249275
minestra,0.0014366259183826318,0.028548569420386142,0.10654241550406451,-0.47467750606436065,-0.05925259368662507,-0.3813966741237424,0.15597594715535051,-0.05960537033975374,0.2521772157022998,-0.5238774927851633,0.001980297617036006,-0.43368991651869665,-0.0428841591385127,0.03390496365027706,-0.07543600173900201,-0.1522308855218066,-0.033566978254388924,-0.10438409176850433,-0.1251052235317347
minestra,0.004114476141925574,0.061544068044430515,-0.1692784302712922,0.13860770706452802,0.20499468022697012,0.34246423545826987,-0.7175017823845102,0.08087639551154138,-0.16214276846933656,0.17492440307185214,-0.16060044699759485,0.29183521112403915,-0.26950545328832143,0.014668500591115812,-0.09490599251251702,-0.056366682777518176,0.015894934107839147,-0.04601532382285332,-0.1115293323086728
minestra,-0.0011877177694443136,-0.04509470904603308,0.007794404463805971,0.08150092643970637,-0.06738450081155407,0.06840366650614188,-0.13453749743140708,-0.7640841703548076,0.00631722861482574,0.38586817133368845,0.14940742205918364,0.20542869380295276,0.1020111395496344,-0.03796993821244574,0.049014235304945225,0.35918474478668155,-0.0012636000588281797,-0.12951345545769086,-0.08137289175187351
minestra,0.0008578791719985083,4.183697243710119e-05,-0.16031194976897314,0.1635216222883745,0.1319186981374188,0.15842818771762357,0.09328819976789325,0.13371106967881058,-0.04860839138490027,0.32614673366452396,0.10113756941706872,0.4322488751584586,-0.21901738542178256,-0.04542703135799811,-0.07634050962092469,0.04534989083960837,0.013482498621958534,-0.011946390962389261,0.7172404116869731
minestra,0.0022778824274214244,-0.043801093432396125,-0.2664276135505994,0.13391479146429394,0.36915726940189475,0.07726981984295396,-0.08964221165608413,0.19378162184341655,-0.22075666540394592,0.3347302944630924,-0.17416008350072504,0.3970785174071704,-0.23870339204106217,-0.054972404404827445,-0.11410631610930486,-0.019306893327851116,0.042613744972797976,-0.0699452388175946,0.540783092424819
minestra,0.0007032821987397013,0.36595702446168704,0.10957344589719009,0.31828398376910777,0.24753733202329053,0.25212658222273066,0.07615780402845419,0.41717506520503145,0.09406492892844077,0.38657392298165194,-0.034254298016905556,0.2110764950913201,-0.007766927017927485,-0.15493074438103094,-0.01808805183369846,0.18878978124237075,-0.013973085502880398,0.0559638786801059,0.42510323024344027
minestra,0.0006753110630499061,-0.10827770188540083,-0.20079104172213413,0.03322918439216028,-0.23653037279433514,0.16157082088006655,0.13414650766870234,-0.19968271507770105,-0.24923257866985785,0.12672367451032018,-0.2857966308907317,-0.025953063661239974,0.7729436197492907,0.0020329045081059127,0.07852343958400523,-0.09247242596705514,-0.044597153164805885,-0.11070630851154366,-0.14141290556381012
minestra,-7.67412384921203e-05,0.0702052519957009,0.21421064615970964,-0.31781919812810444,-0.7726976428594179,-0.1288654652644313,0.09590830732708551,-0.0892439491215757,0.31238902284818404,-0.18372213480965405,0.12446319073097706,-0.04437080534342253,-0.09395179394333134,-0.055329149628023426,0.06141634223285143,-0.10514983924186344,-0.09177535523288687,-0.12346384595807712,-0.13476576639675367
minestra,0.00037511443005257007,-0.05804466866712143,0.1610133293429235,-0.297701168734796,-0.4575390035554937,-0.32617237022578166,0.04055725973248091,-0.29192462116191875,0.27350781599239005,-0.3218814997210462,0.36702903723045865,-0.3517559300597583,-0.09459817886791351,-0.02280488441379464,-0.021954802764954397,-0.10304925477586965,-0.03563453149222718,-0.10717565450884155,-0.09644196553171897
minestra,0.0026087447203267163,0.4724454401053325,0.5686949147603382,-0.19528254373133577,-0.11775117699571178,0.07215100548785361,0.07360386445652088,0.27257892623017155,0.4426379440079117,-0.14364129416508872,0.22649255208306723,0.02164365830219988,-0.059308955521574024,-0.16103354103980125,0.02684407347539366,0.014319452420930379,-0.09480076202931768,-0.0007442996566572598,-0.09363216879556342
minestra,0.0001633794463248867,-0.11503087446926795,0.21918123748233775,-0.39579893667742155,-0.24663339547563354,-0.3105222386391964,0.046619551085744365,-0.21680320400047612,0.23564837749971165,-0.42843733520499255,0.3588950561484673,-0.3232722852927396,-0.13131681654384664,-0.045446097852281625,-0.1691001772250991,-0.1619116219532848,-0.004561685745006749,-0.14964311684228263,-0.08190648303093798
minestra,0.0050784284186050025,0.47206904348932416,0.4184035893795638,-0.4147217031765831,-0.21456432595105404,-0.11612993379692822,0.09383036826375915,0.22196736078459264,0.34046225076570713,-0.2856697272528153,-0.09218580652882337,-0.0035930624803417644,-0.21548795544863122,-0.043421789248778514,-0.0618226781689988,-0.1458045240431405,-0.043955712541068934,-0.11156099668361752,-0.13669367324062426
minestra,0.00022359467768965626,-0.024772446824585972,0.15489317557573506,-0.47966712983739257,-0.22104287861087268,-0.32522901682815125,0.07600798814036407,-0.10793661352404388,0.2795627278074118,-0.48857479869571024,0.17581469286068446,-0.2849876444577468,-0.18980170840331492,-0.029137389850094262,-0.2008788795397879,-0.1599709657121469,0.006131887975862323,-0.16887674013620826,-0.11353149464318947
minestra,0.0007530991392382102,0.5288763383738206,0.6099780907986465,-0.11998566239815237,0.038758028401792585,0.07103374052199692,0.05308557438281062,0.3231366032578568,0.3710819318378814,-0.07220386561261538,0.17558348569412796,0.06541450274355294,-0.09224967448583758,-0.08563811906805069,0.12584080759575933,0.01829783897247,-0.07327460206649426,0.015234203626491522,-0.06630983910900853
minestra,0.007749202143668444,-0.16948537090028942,0.008091196535148337,-0.31927982005750843,-0.27786604472404086,-0.19495535307116316,0.09974111619888691,-0.25877834284796514,0.3348442284823659,-0.3799061450829337,0.46897939553417517,-0.2970373599854435,0.0008850282475309354,0.00026137584498781,-0.2632038349341704,-0.08857379807847986,0.02791329641171375,-0.16043838662224533,-0.0942004749491482
minestra,0.002181396829615481,-0.11117697672482847,-0.23643210009134097,0.13313043157891494,0.2767145256066419,0.4012323828603591,-0.6585497006801263,0.10514205663814029,-0.06295226059192177,0.1162599150379375,-0.17724511558407977,0.2999562351511651,-0.17943161018235104,-0.03325624954768834,-0.20277857616540976,0.03675257186820773,0.046603323517714575,-0.07689742124400946,-0.0948120273278882
minestra,0.0005762659959236376,-0.08276718366434378,0.07545176111831542,0.22744634185016807,-0.36692541971741205,0.3102252483783001,0.11209747944888042,-0.06573597487901849,-0.08530883576186117,-0.23403081512939322,-0.33197616873008157,-0.22760255884542055,0.13604380974663008,0.29052758974695986,0.5510859981749974,-0.06985942656160851,0.18991021716342038,-0.12454213578752502,0.028942772467238125
minestra,0.00038027617732121644,0.3473755966659088,-0.10568810159031294,0.22487781128230597,0.3466278545472326,0.29597578218483345,0.10902581601147915,0.5063863799873441,-0.0015344292645258395,0.2860478145764972,0.11643169528701991,0.37748886126044306,-0.05891681985174666,-0.12077994719326289,-0.17940559617513813,0.18343941722185392,0.014276560227694505,0.041455674559948134,-0.13351482140193846
minestra,-0.00020379126224655866,-0.11793008098494653,-0.14099491540282694,0.48576287910325056,0.14214934677452215,0.3010370091228848,-0.2377049730543144,0.1453380439214501,-0.004852011468988787,0.4940284596677305,-0.07939813188020124,0.30323909737929317,0.05146462097465347,-0.19111994689675568,-0.24233962568478193,0.31064284532266473,0.07068735228340783,0.005441773685991347,-0.003991769257073957
minestra,0.003989203954634237,0.028163368295610464,0.09064899295983675,0.5090186723385128,-0.057384447547290544,0.2591140190142545,0.08273555960499858,0.10773561280478694,0.18230044024220987,0.42761458292677773,0.0024458803381089316,0.36026712471922745,-0.020507462650206667,-0.22421595662596558,-0.07295869674708531,0.3560466708885024,0.02051412069673327,0.07529201391503246,0.32900312257683684
minestra,-0.0013784260029471333,-0.4597943505216483,-0.1431130334651679,0.37871246251152185,-0.059881978901698434,-0.24814148466924862,0.08467299447106488,-0.24004354591726923,0.08499588478036144,-0.06736376292596158,0.09628902419136862,-0.17682107721169316,-0.12891428295696708,-0.21582082233729274,-0.30881804835341037,0.4966421922948015,0.10623269911444289,-0.04800302853438604,-0.15370595433268877
minestra,0.0048569346919288,-0.3725588203284318,-0.046348875945964596,0.28230715502950404,-0.1340334745902049,-0.2455029950586458,0.06381470736916199,-0.2401733490401637,0.1985989891401099,-0.1728176088093267,0.36504172104850113,-0.29260901342002904,-0.11514449161670838,-0.21460522658466868,-0.2827290646765612,0.43012998487861104,0.08415820017419688,-0.044821543953294664,-0.13351552014866516
minestra,-0.0010244165382570262,-0.04786601000463705,-0.1864354008707983,-0.430208390177099,0.018820250943690386,-0.24531964373470028,-0.10189553072213015,-0.2094527273359356,-0.25104236942767155,-0.3999533426041536,-0.1671656513878558,-0.31560414964896044,0.07902070157502379,0.28312773676138503,0.12254015563954576,-0.4439790715220076,-0.005258930653947493,-0.025996896584227883,0.1153450680621382
minestra,0.00200568950392069,-0.33518197726422716,0.09973726940697325,0.14727998385788843,-0.35699846900696897,-0.2926260059810319,0.07252409571867371,-0.24654067130720683,0.2845851537073567,-0.16854813655228737,0.4326311967945075,-0.19404625860728753,-0.058135182049343544,-0.18831188557947423,-0.2756430825077716,0.30099942800699997,0.0650775350031556,-0.12693275641237067,-0.13002101687830098
minestra,-0.0013803405944897336,-0.12026137890306857,-0.1942650330587865,-0.43609015589356415,-0.07389333195529375,-0.24080135324860122,-0.09542523812587293,-0.2631172390675506,-0.24391523480855593,-0.3995945739433017,-0.11783575303281033,-0.3133705061682094,0.10871475657211384,0.27231033410080085,0.09267707868189487,-0.4209424184798964,0.003550378301245896,-0.021381877536111947,0.11118241257521344
minestra,0.001439838780026299,-0.24388287046263546,0.2830665914925148,-0.08458007884399527,-0.3713873088836067,-0.2988660979415035,-0.003083735994371282,-0.37833327214710855,0.3178926977930654,-0.25803975810646124,0.33639699950128443,-0.3435897796814844,-0.01802487511564777,-0.08470162456038863,-0.13536864815077437,0.1900153213841302,0.0015591133995445877,-0.1256051523039544,-0.07924397037592108
minestra,0.007398371597606574,-0.10526648537581126,-0.2115662904301262,-0.09384731828596621,-0.09083506052498497,-0.14200943474630806,0.49111637774920197,0.2342143183000819,0.07202866345476693,0.006511377293838181,0.09860773183567619,0.10508392255556444,0.01542472643185313,-0.5553037665585847,-0.49663401644999244,-0.02698293615866082,-0.13669138003989284,0.09917832889192305,-0.019770805864973883
minestra,0.07267432783559362,0.1651767271015189,0.25818379545195014,0.07713492712907706,0.159407669890384,0.09175260490409694,-0.2567982737041641,-0.2003164121977343,-0.07188337974407405,-0.003477920420035246,-0.07802220209307123,-0.08579573238385999,-0.015053413070052132,0.48698231069754305,0.5133962016232843,0.029520750233051455,0.4854229650658146,-0.061931080091654586,0.01680783064328392
minestra,0.0006781235711464569,0.17397454046810226,0.2734333013728394,0.081037674469104,0.16876927932001046,0.08138434735692278,0.04499557119293978,-0.1993550910153669,-0.07305142937606203,-0.0042126953307124095,-0.07770529709178838,-0.08716439325546392,-0.012849427914232254,0.48793417424598495,0.5269362506712044,0.04610461400184072,0.5214181613148312,-0.05059295390914831,0.008221088249537451
minestra,-0.0012855442970102712,0.17936827835087138,0.29979693952925834,0.17462646275731714,0.0808649274972665,0.09902290331254582,-0.1964151830840016,-0.22668005121594786,-0.12486793589557761,0.015674295801921492,-0.0955060405565844,-0.09427613299595732,-0.02402317573941182,0.6048892886576728,0.5574497315763016,0.08140907151362106,0.13071636433974068,-0.0792440132497271,0.00936527760074915
minestra,0.005657075180159312,0.21233742262200342,0.35179294070436584,0.16395448410684757,0.11015694260745626,0.07891470119694238,0.046297886210263844,-0.19537845012151386,-0.11737241345028916,0.022416378620354418,-0.07988469863809294,-0.08556440902420882,-0.023136311284090234,0.51036882683694,0.5625996185157511,0.03681895687525906,0.3602899095136538,-0.09439868866966762,0.0028321816963528
minestra,0.0007047130193193384,-0.1925567241495965,0.07612273892824584,-0.130920584506743,-0.1463929635463315,-0.2665468036799903,0.057196360424177244,-0.2392866150330939,-0.03967089669353388,-0.09580060765075242,-0.053530819435353795,-0.2423456173595031,-0.03468606741426881,-0.11823989257958624,0.18660714265498102,-0.4764346530424169,0.27154205714277435,0.6032245120610891,-0.004477406170073525
minestra,0.000937870417390942,-0.21700879786404195,-0.08519972461705223,-0.3432740652099146,0.23075949728091588,-0.055495687418903664,-0.04238378050205971,0.12321229167116725,-0.09212516548842355,0.017401734343985325,-0.16902768625951825,-0.5195617035903438,-0.45552535109180814,-0.02274029660359452,-0.05113653128489438,0.4651183560408925,0.07458011235705556,0.10876772816121408,0.053254452726423755
dan,-0.004180760511904446,-0.0698890821228656,-0.407835135219127,0.21636522882519316,0.37514514454755815,-0.03418782374132817,0.12009108329625645,-0.5375254184276782,-0.19371195915085415,0.20651112386583714,-0.1542567197730682,-0.14581483148390526,-0.12481574988742336,-0.0041669417960066785,-0.05231013208622177,0.05255782273505782,-0.2142177338725857,0.05684096727108281,0.3758597681448354
dan,-0.001664769973671775,-0.02123641602398607,0.3817637141566319,-0.2192278919431745,-0.3899679338916266,0.10130016169932483,-0.10728028760467916,0.21288410851322687,0.18771224385201404,-0.22530990920827318,0.029343536899917196,0.15393874849197775,0.5596073555065312,0.11249283954960991,-0.03226461201309979,-0.07999877717753404,0.1857683323282304,0.06400887529766393,-0.32273475677304186
dan,0.001200634714255047,-0.2709607295750641,0.09522509938832269,0.37166800183194276,0.02788568834497118,-0.08751316595995319,-0.03716165341410842,-0.25429941503350784,0.2124238806183197,0.30114991758110937,0.22608957816564573,0.0028961475878765955,0.036450124634319694,-0.0031737613870292166,-0.06811235419411046,0.1760460312891371,-0.5264622667210631,-0.07489669083748471,0.4452052732077549
dan,0.00010628613690021602,0.20723264173077854,-0.3288431735726609,0.1901033901701601,0.3676223686687453,-0.22010501158457513,0.08432787192019923,0.2146353675781004,-0.2772429873597057,0.27322245891938435,-0.10113661662721422,-0.1811115332094301,0.11160422223497392,-0.28067038307834963,0.3061080157005632,0.2736153083009307,-0.10580736414854269,-0.2611292599682703,0.20561821247337725
dan,0.002456315965139444,-0.36852886589911593,0.49509142589374266,0.25177617602339847,-0.36258528996392303,-0.06859865567610765,0.07374355049644722,-0.12821113935924786,0.27888907092691284,0.16509704362082062,0.17514093426025654,-0.011488603493321916,0.03254052801827979,0.05214839017033518,0.10413344606077257,0.07320099536221471,-0.45424820634254004,-0.11776432405609394,0.1469584438617321
dan,-0.0004048130261857829,-0.06772370195222109,0.041376281121732195,0.270538534224461,-0.08008826840870187,-0.24811381663455223,0.10127782462378018,0.3947339601460342,0.32065882138841223,0.35807666775890873,0.13755281342735082,-0.15467294074271207,0.007068017503380257,-0.38519580793293434,0.1738360708089238,0.11175685105214757,-0.18138005511429406,-0.3390147112338777,0.2713193635438968
dan,-0.00013181664063682092,-0.22572426437230494,0.4490687800396086,0.281410479724674,-0.3607886340931915,-0.1246294970328629,0.017920206043736325,0.04961530297586827,0.35269405981047003,0.16704181155058995,0.34625061127909446,0.010771847247955671,-0.001549106530972507,-0.08527320553970957,0.07997603474776044,0.23409974540339923,-0.32344279276248006,-0.21304243974004464,0.17009845493297612
dan,0.002194088432329134,-0.44168263675074093,0.47274097990147945,0.22040559945483437,-0.3787840984699464,-0.09501304283822405,0.009100771374285681,-0.1418657383832399,0.2630223362413404,0.07191818627881441,0.032715786667571675,0.03975427791901295,0.041090711280259686,-0.10877393246985519,0.09964463079280077,0.3905044153482825,-0.2362212939377269,-0.1805033604341812,-0.13715529116980896
dan,0.0006719458582677886,-0.35407776528005164,0.1890985669887223,0.1888162242775671,-0.18640979100411514,-0.09636836612231185,0.08421129348737826,0.055179826637636986,0.1448790220666261,0.21575855941980288,-0.20795007536943153,-0.06533967537660872,0.14176663976247095,-0.3030951887946032,0.4320862164840306,0.42206193612630605,-0.23001836020317726,-0.2817826911569105,-0.15774631230586347
dan,0.0038471833876880606,-0.21155166382287488,0.018200072837217474,-0.19576982064539317,-0.18169128016863226,0.18292399225711706,-0.7727124501166656,-0.10550698425812347,-0.017565539348225252,-0.21410292509486062,-0.12539403052644496,0.1681566854758626,-0.027138883724454534,-0.032379413445733946,0.3128139394634711,-0.19130526936286027,0.027110864548035102,0.04899038700753333,-0.11126747945340809
dan,-0.00046463390759616727,-0.21217847043958432,-0.010501990774257832,-0.21076052721686503,0.12620600772917953,0.02013947960111777,-0.1391484245752846,-0.03673581220873558,0.00893051959531195,-0.07883883639951278,-0.134838273550098,-0.0073761187253812465,-0.4822783495610517,0.016006933533322505,-0.6778866701903683,-0.28803941307284514,0.21932133902754292,0.06362830397631129,-0.14621040423023468
dan,0.00026057931949307527,-0.385731971876833,0.2479088662867326,-0.17506766116061614,-0.26547230973056024,0.15645215229686565,-0.17936649373411154,-0.5045382139387999,0.05566279718029219,-0.21533977691480422,0.17509028850642064,0.1590838472768085,-0.01094100284329732,0.27808550928781794,-0.1220454520970689,-0.3181397606001912,-0.07459363221350526,0.2405503045290697,-0.12246477681611709
dan,0.00031380117399879183,-0.028546555273287737,-0.028597449275474696,-0.3053049675191093,-0.11365044376451126,0.2296931293610401,0.11011163278932758,-0.4440735567990226,-0.21548767946522715,-0.35844845476679454,-0.07141165720795752,0.26402137818707827,0.021431686756698477,0.1660683289496069,-0.14329514033388752,-0.29616053837092077,0.2858718793006455,0.20673520957127975,-0.34595232273643645
dan,0.0005798332729606241,-0.05669632596590035,-0.10410788285632133,-0.42797195598103815,0.1067062264163848,0.34433558724713814,0.12700714304514638,0.060644742638904965,0.15039431933142047,-0.27868576098687364,-0.11844147214792013,0.2163641124278039,0.13656971479412833,0.12361192526271357,0.03224512441778367,-0.30450412419597,0.2813929338382491,0.25484072015434894,-0.46912660219020563
dan,-0.00018810356528728257,0.21764024771155763,-0.00030512286726036564,-0.31224551440328197,0.03559704012642861,0.16602334126996346,-0.6941056790200488,0.056470475720493754,0.024785024085405793,-0.2213107147162955,-0.1152440275777551,0.21726356334969527,0.09690575601343891,0.1810339023725347,-0.1337992638225744,-0.21920780601176063,0.16210199416281793,0.26311623092689945,-0.1662226730701122
dan,0.004363640704854904,0.2764743513595202,-0.034897921839665114,-0.22786396804439119,0.0751593716073924,-0.5279194446277415,-0.46423581630446203,0.0714915480197854,0.024462919257010714,-0.19093053287357942,-0.07919943140875396,0.14722698199662318,0.013548894480541075,0.2801745306060821,-0.20559123122335005,-0.232662217564393,0.1833349790849451,0.30275885688881365,-0.00957055370342639
dan,0.0003627436582285912,0.27881623516762954,-0.020116081044750822,-0.28191280984381595,0.01825850792690339,0.3129294548396282,0.06858413371826616,0.08934879498428251,-0.1808969593481218,-0.3120223432720306,-0.07633608378556266,0.005995559533898493,-0.29373453259642535,0.3394167739501115,-0.3632655558331651,-0.24543709480528045,0.2669394913554253,0.34172669836814407,-0.11735941150531931
dan,0.0003627436582285912,0.27881623516762954,0.06972259572505539,-0.025274055433385584,-0.23894532336186633,-0.07553499758046538,0.07975100833926703,0.1241931586013462,0.1378763437172249,0.29236705414042763,-0.22677383881188867,-0.06320453254650114,-0.12751331899411955,0.4054253768716003,0.11794894341938617,0.5168178000858371,0.3689311890550739,-0.2717762067184184,-0.02555094340228878
dan,0.0005380673877084495,0.2270931479750421,0.06632370242170837,-0.3153814430203403,-0.0611513798501523,0.2607748333602344,0.06504853819063916,0.09005528810784148,0.03667099343033492,-0.32760203785117326,0.10374806387002225,-0.32178439172852846,0.045390626012548216,0.4113557375312958,-0.2291690072866368,-0.28648765423035444,0.24758381864155635,0.3691326469872675,-0.18460582159720865
dan,-0.0004721683444242146,-0.00405567519986889,0.12239071444868659,0.20925372268720852,-0.13307612374269126,-0.14133092576275083,-0.08340195268412935,0.5030567698444005,0.42600838373869027,0.11077586499792148,0.07660363606155057,-0.11932433513680232,-0.012219069439011233,-0.07388127537465171,0.3264551195059231,0.22903426919822778,-0.37227226334783037,-0.20118088118642283,0.2931767982560019
dan,-0.0005098732037525243,0.26992932126843505,0.06349763131380391,0.013282920322705111,0.10051959754533495,-0.2469092049503265,-0.10763950225333724,-0.20992143084718787,0.29685304511347116,0.32104812026144613,0.40741840327614637,-0.35280152199359127,0.04477294851615366,-0.049937561975344436,0.5064602998661626,-0.0923940917338898,0.1832514561349832,0.03486359016654695,-0.10110499496759891
pabluccio,0.000300292944839963,-0.14990117054431393,-0.299550277610494,-0.0928805886471035,0.1824827558584827,0.03992728675625776,-0.09932695427686618,-0.009776681248555552,0.2264085266121162,-0.10776934607645249,-0.3005880668472318,-0.1746424755341029,0.26919033470893494,-0.29017830152207014,0.39415859168600365,0.11493893128255753,0.5684835522547502,0.025403406877513805,0.039127268208801934
pabluccio,0.0002733125557975077,-0.04755479610027939,-0.10273626081727538,0.144029579015768,-0.008207403625591577,0.2644889108847253,-0.2309290970284273,0.22639692798448158,0.03325459837547691,0.2775781909914361,0.4287449273569927,0.43365825020021703,0.041045703696617405,-0.33829553221603564,0.23311637930470516,0.005734917834525513,0.3905195415374789,0.13702578541598,-0.0031903491182981307
pabluccio,7.287835052789232e-05,-0.16686059135620107,-0.28829600438181824,-0.15798117174124862,0.3205278879111005,-0.31406406037329054,0.34523217192230105,0.2637530828637609,-0.25543911927847046,-0.26397231635192053,-0.18680207693350087,-0.35618356989686056,0.14941311633327015,0.02940584431078096,0.22478998142467704,0.037725438456546675,0.2947208122078297,-0.12348504741256046,-0.003960261108029283
pabluccio,0.002424871784287193,0.3673052113304667,0.1712826139131033,-0.29792167987055135,-0.34104126274105784,-0.23702718039788748,-0.19965021125382604,0.08839265329013808,0.30880961244094407,-0.26738671984207896,0.21229547893738263,-0.005235576474075469,0.14594488442474488,-0.10451454197239123,0.15132977359665173,0.19969860136852888,0.45556996828566426,-0.11093493437452802,-0.004186034583616159
pabluccio,0.00031024680782300903,0.025428398746662886,-0.004922130221517107,-0.3152845690236378,-0.1804240413771698,-0.4522103377859944,0.33116578270384944,-0.20278873226483743,0.1657956766863618,-0.3583090505762969,0.14257271986797815,-0.14726822114470478,0.12838563097883746,0.05810676254202032,0.2235414201090434,0.07418181980202167,0.44121690209551523,-0.20915962070881802,-0.021027878430415897
pabluccio,0.0011770551719700064,0.41165176869509357,0.23228315880305972,-0.2914574977379693,-0.28737978799342984,-0.16529978487797475,-0.21118100502357973,0.2288960571634436,0.30077160080635673,-0.15589214343069616,0.3143645813818574,0.1541247647212823,0.08306686832374763,-0.1838093361189044,0.10458718846964334,0.1145115750225117,0.41475857067195787,-0.10237364726353232,0.012249765589380452
pabluccio,-3.10540230541942e-05,0.23210940546523529,0.16276589704759514,-0.413127591730125,-0.19398408241512843,-0.417311353154581,0.12442753418463001,-0.03945592012054285,0.26381421194753163,-0.41489168838515605,0.30823994226943285,-0.11311971514251264,0.08139381416096492,-0.004726598778802927,0.10409107092627672,-0.010752848134968344,0.3459430502786902,-0.18255118118445196,0.0003594831700573736
pabluccio,0.0002867572873602289,0.5929449613097213,-0.10515058338272304,-0.08078702296157408,-0.059127412435829765,0.1235572822136715,-0.10736528066578253,0.5760846021962983,-0.1082535603875156,0.08978942117248455,-0.3125009026889698,0.30201582290584167,-0.009385713697919833,-0.05981195256342227,0.09107831740514742,-0.09324196713188744,0.16640352622044619,0.09115895675735855,0.057996032644365134
pabluccio,-0.0005805288057678072,-0.26067039275553744,-0.12869947556117156,-0.028860692503753855,-0.06745717617905896,0.09795477331232386,0.5871347762999984,-0.2728237074324447,0.02980186796779361,0.0630207972479933,-0.28797275864304517,-0.2797718421768669,0.35357107963205725,-0.2579292298614876,0.31396309660426236,0.14643334535639477,-0.026007701282437592,0.031462176732426544,-0.045460326783644325
pabluccio,0.004626495021256393,-0.24467860111170014,-0.11198048441784847,-0.032333456045400714,-0.07124973163267148,0.05115546509915571,0.5156592243873624,-0.2913812667156396,0.0460982269818499,0.04129421485218218,-0.26289712729936326,-0.26710530128801446,0.11256903078742496,-0.22919296411420834,0.28339883623444473,0.1055470402068833,0.5148336068238907,0.014356748477750276,-0.042894964656176475
pabluccio,0.0053300221506757395,-0.21549358033750937,-0.09400156063977216,-0.015110523639056787,-0.05048361070895612,0.015896083171495035,0.39421012905576097,-0.26925899643919515,0.05094611426045379,0.013795296680446363,-0.19096438423961765,-0.2224794492744403,-0.6756296780699702,-0.1636054637647564,0.22437478111366058,0.07780246774281857,0.2898850491523999,0.0006451314271728617,-0.03702742159264618
pabluccio,0.007682732521245467,-0.25679109542514744,-0.15399717957660197,-0.005474690261127097,0.020224903496600805,-0.0008193913150490103,0.35332509580022403,-0.3751921993845874,0.14234917604343975,-0.23256395316322948,0.48003228128602743,-0.25237145771612546,0.22833943808006502,-0.15102974669876357,0.2644202866003428,0.10682993551945287,-0.338200262873863,-0.046152005846679695,-0.055091251081963784
pabluccio,0.0006395137567089804,-0.19110469173393393,-0.06776124371850434,0.2661937639078948,-0.0768558680802386,0.3808742834078559,-0.25626530949214776,-0.22012048207917528,0.1079087293634004,0.4032515608709994,0.10354449644115053,0.36340176404557556,0.12843247074971917,-0.42742451866722064,0.21025761761573697,0.08577991702541157,-0.14040632194929298,0.18471339256528116,-0.03615023739934291
pabluccio,0.00032262954143594665,-0.1996694349123164,-0.251254969597864,-0.12273751023231978,0.19166343267987818,-0.1842070317403094,0.48809065066162133,0.053297694511526515,-0.20565714126193818,-0.07908581862201046,-0.2154557279899191,-0.3819008203531563,0.2825689370882022,-0.059541972802646684,0.2812304679746716,0.038025613055204445,0.3939556780748422,-0.10024883687384971,-0.01419921386365303
pabluccio,0.0010664515914007426,-0.26017956392344455,-0.08409141568456102,0.26804593729409676,-0.023510429834447465,0.4006572468162861,-0.17324387171470726,-0.34162503882924156,0.20406363616775,0.13779005704335703,0.3787628376453941,0.3312550344895415,0.08999801313465787,-0.31017769939663276,0.18822402137468625,0.09041880145822297,-0.2513731408030904,0.13930655793411625,-0.035479753556129506
pabluccio,0.001066366610153307,-0.07650839918169884,-0.018180776805758803,-0.16969518275414047,-0.1910202336787555,-0.24991806414790674,0.4784229060019115,-0.24142507170846148,0.32388102037346056,-0.4328812319966903,0.3546890643785379,-0.005354087633431212,0.11404517894642963,0.011398634099937287,0.24117791541105654,0.10737169123000224,-0.23399040776162613,-0.15198574893631756,-0.009808464673815903
pabluccio,0.0004396040238579473,0.18715371939010814,0.17857825372440117,-0.30204747937562515,-0.3104457439656973,-0.23889791575953073,0.3831771252007809,-0.06473684236560631,0.3290539563473576,-0.345543140541624,0.20258142118050054,-0.11805941093441684,-0.07865255767862016,-0.18258061134437176,0.11273701908208024,0.20104693706274546,0.39144513271707265,-0.08882357843635527,0.03101797774875764
pabluccio,-0.008185383513635227,-0.08070719138831717,-0.09203480564995148,0.2880166930099405,0.2543995362063089,0.3383191236061938,-0.3603926580153954,0.2662856999337485,-0.11824862280134962,0.2564929131193234,0.19523365227320164,0.35775134624314897,0.4587113958051457,-0.05129360324244905,-0.1457600547040949,-0.01982545390166302,-0.11984944293684825,0.16472881819245627,0.005760550387947313
pabluccio,-0.00028353579575671715,0.06198906427383626,-0.07929427143265966,0.34623383763550253,0.29467433220193345,0.4251769995489662,-0.19098938842345198,0.2787212735865612,-0.18160747474295158,0.3511747503165261,0.024692924147647902,0.2974893062882324,-0.20101614167505202,-0.05366248031704117,-0.19574515484951124,-0.01957355869531131,0.3332222484765222,0.22231248282768779,0.018973942755609385
pabluccio,0.00025080699187584004,0.19704209975353867,0.22556187427429397,-0.38759048864018103,-0.359488306470504,-0.2022156455346016,-0.25041801334837227,-0.06046244010876832,0.34865217522602804,-0.33085676817097237,-0.07421192497243308,-0.3467491154926592,0.19176242276130506,-0.17830364619251063,0.09424350400015562,0.12642907538096176,0.2246426118882178,-0.14745127152603218,0.03431794120003128
pabluccio,-0.0006136528037093447,0.037748971526875334,-0.09466349832297638,0.3777593409548859,0.3058342204085752,0.3791337211481098,-0.08768634333109869,0.30120686751560843,-0.2098595165153219,0.30035560278897866,0.21380581764918977,0.24732905688549242,-0.2013246423710867,-0.05053321317751306,-0.17826948257301387,0.06471167995204354,0.34344509302090115,0.2701154777891482,0.010558007659547555
pabluccio,0.0023395362529399504,0.23256600815978667,0.29562043215831757,-0.3053178778483767,-0.41594806150513886,-0.04582773316446214,-0.2918589501970195,0.15952524898206816,0.3156664157124952,-0.09646153499318787,0.4320411079041547,0.16387115148628056,0.01720494942889515,-0.25477887070209687,0.05668148012935043,0.1554094400047028,-0.21282123372836861,-0.13100003818654793,0.04548890613303411
pabluccio,0.0011335050588142392,0.08555890110575849,0.12088309866253144,-0.28607248645589967,-0.2933044584216618,-0.3085185547875086,0.1428831355484781,-0.30501010818355706,-0.005027912732603956,-0.15944479440886908,-0.20991850868082246,-0.37821211911129343,-0.48156599355883467,0.07616723524053155,0.13017214523286816,-0.055383751893377325,-0.2853976774165717,-0.2232425060912403,-0.0022273639809302142
pabluccio,0.0006298954810094742,-0.017423356354731315,0.0810850585539904,-0.3159691729759741,-0.2391988316045166,-0.4244307252174307,0.34190479239161536,-0.23518539969725577,0.028537378673920283,-0.26182326661296523,0.04326445563636513,-0.42782552300523474,-0.27457618755855273,0.09850673669540011,0.13555779339660984,-0.03889125113713118,-0.2613451610503575,-0.23689138132639093,-0.0064280773069097154
pabluccio,0.0031313442370283864,-0.014765443387594886,0.1380859662346619,-0.33220829388074846,-0.37334493082944364,-0.17703548178187273,-0.40766328159228205,-0.10964410879110026,0.10562424760195076,-0.051433758153752195,-0.27203104523796456,0.2519883076482249,0.11950331565622503,-0.026733694915139702,0.16927931703417326,-0.00448027259494789,-0.44388894542007334,-0.3597103857032666,0.003399391540605341
pabluccio,0.0012569683382071353,0.32958648809629604,0.3350589462582787,-0.07842494469390292,-0.2635101172843175,0.09129335389373529,-0.27443241648313244,0.38322849978674856,0.29163338888815693,0.12996947736054312,0.2560923597523583,0.17324973125834034,0.06742782165318736,-0.3930812171503471,-0.034311374324310806,0.11921821195220539,-0.3124741212353502,-0.04500279814885043,0.036778865924024164
pabluccio,-0.014354602624215439,-0.10186677121365939,0.01615666948850637,0.11643704225730768,0.07549185983170098,0.26370386545755625,-0.4304123781410269,-0.11363548623120452,0.2831617324146592,0.1679253983201693,0.18316425837341724,0.42664519812332946,0.511635992709581,-0.009112037365102056,-0.07798175933733414,-0.05496946920307171,0.2974229740686767,0.13153470503793102,0.04152292303783808
pabluccio,-0.000915382298442792,0.06489655716937029,0.0016564284876172675,0.03142330967287045,0.16128781279279752,0.1792404932122253,-0.35448569549526376,-0.12313531354889036,0.7287127854938357,0.30432219089212315,0.13895877030974596,-0.16859399076450268,0.01926279974648927,-0.12531928760562341,-0.10529573111883785,-0.11384821716921344,0.24433417416097553,0.15157718196187664,0.04083786511353633
pabluccio,0.003008298778202086,-0.07734610077376797,0.06202835510472049,0.1876060830468926,-0.23199164774988829,0.00743634100341818,0.35486182907591385,-0.3739949699668333,0.018803978124274087,0.22932118147493483,-0.01570701528426359,0.4793929025817406,0.21649429959777486,-0.23771143528141128,0.14024483883095468,0.3500017276758872,-0.3138230981712205,0.05755343061760479,-0.07035422086475404
pabluccio,0.0010885792560285806,-0.2637946056403627,-0.23129999317919447,0.30662238817304904,0.1755898158704151,0.29848230992378116,-0.15145200232196904,-0.39441569080493144,-0.13077239818526376,-0.02154282294628935,-0.29501178145497997,-0.026556646718437944,0.31223101192818786,-0.05250088503548439,0.19196806697546992,0.2582203433119972,-0.4013334529059442,-0.06814445450818597,-0.09839487800190223
pabluccio,0.0021780372287050764,-0.1552283598065029,-0.03104780222609438,0.26017608298265,-0.18563828344314143,0.17820097820798253,0.19350348737935397,-0.17573965138888661,-0.42208666859053323,0.29617257070439484,-0.21052799767446986,-0.15399375514144525,0.341101236348942,-0.13709473785006446,0.172081607890176,0.3142470521541361,-0.40878246638679266,-0.0492693551085617,-0.07584895733429896
pabluccio,-0.0036986354491970186,-0.08159991831119666,0.09735520549179337,-0.04384243352688801,0.0296002845674597,0.08458513162111281,-0.3319146214485555,-0.11740460849087146,-0.4678536207442544,0.2843044163187633,-0.18172618148545422,-0.29626589205365456,0.4529981152269325,-0.14886210445944503,0.13315938650812392,0.25338319495046785,-0.34075491711072453,-0.04192386495398259,-0.047667340082538236
pabluccio,-0.02367400494743016,-0.08078369754995937,0.0450921415244228,0.27142483430512654,-0.2647792493009169,0.1964961661334707,0.24876634508450593,-0.2577370325150844,0.06527338780525621,0.3421418461624439,-0.28887095402767277,-0.22330521640985865,0.04996506848618725,-0.2910928410395235,0.15645901580685773,0.39032197413237735,-0.39856636515873645,0.0064428506118842654,-0.05608212642824313
pabluccio,0.006818173778638523,-0.09682453908721264,-0.00801741348858731,0.21312864185965785,-0.1481938153205987,0.13574749505388178,0.43259925266834404,-0.23218991367981134,-0.0768171396061709,0.24882879532714255,-0.1135204313584285,-0.14007949902857475,-0.6121224225112339,-0.17433486161302947,0.13460240882796756,0.21867723489168145,-0.2991326780495948,-0.01069410867167728,-0.052433649641030346
pabluccio,0.0010549350208389756,-0.12489384075935968,-0.07861058007068988,0.25881646100607797,-0.08227974222796988,0.10561930075449912,0.598603903364619,-0.2621938724085948,-0.18236450706378374,0.13602395861466923,-0.29761026349846825,0.21742973501479482,0.17193192641316388,-0.08880231490803493,0.17506842468570397,0.16869537889055153,-0.4086731980288361,-0.0820482513507979,-0.0912807860157352
pabluccio,0.004764871388806766,0.3022663453342287,0.12469667392355421,0.18930763574281526,-0.16629710780836968,0.16402008004953897,-0.126591336638844,0.363330370285447,0.25942911198425306,0.2309434656510761,0.38674545611056765,0.36091986015532856,0.0847390007465986,-0.2982259422797485,0.01002101938701923,0.14695611951634482,-0.3643573821412558,0.020817510246741937,-0.05637047667162128
pabluccio,-0.007090611366102268,-0.3014505387691856,0.07175837167848216,-0.047888369760825666,-0.045166578496925645,-0.04862348513724336,-0.5051225102094239,-0.44125592714607037,-0.12605496157417465,-0.1487570992821887,0.08824498183548105,-0.3999810635196068,-0.054509717581904885,-0.13529767144860388,0.053517716468192165,-0.1896537311475907,0.3835706763328793,0.17726778335147397,0.054542337048039034
pabluccio,0.007664917750376203,0.40762444315800606,0.18387878587440554,0.10674787828891387,-0.09395482994147424,0.13787967472577872,-0.31876063299341867,0.36666129799464003,0.29420339999114237,0.21300563573304987,0.3890591474316599,0.35904340670833645,0.04473116776779725,-0.12808487790961437,-0.10559621858918382,0.06511919293872044,-0.2767336661422696,-0.036392267662876,-0.02896204290323994
pabluccio,-0.00043579923616130227,0.26958275198636783,0.38248017395722733,-0.06621329382393588,-0.6142186093601936,0.030980668898439166,-0.19210519093600084,-0.11626540323111335,0.45946512931000627,-0.03214409921661119,-0.03366945726246626,-0.29599825353759157,0.02441948132810147,-0.13541001749470707,0.06512383017139148,0.0012890069711698053,0.1309692869597951,0.04502548590312738,0.06898008375124583
pabluccio,0.0033605472258074064,0.21674921908484146,0.177757015660169,0.5611823181669788,0.0917761628619384,0.20184812310624933,0.0022973708188484964,0.23559675195406038,0.0914251915355139,0.580496794250206,0.012595545226173083,0.16604684036449413,0.040583872665440425,-0.21046820021174978,-0.0806431746313748,0.13225629976701,-0.20963910514893974,0.08714733949325044,-0.08527905066689309
pabluccio,0.00014595936768819128,-0.34199017906176915,-0.3586054405599378,0.07099631112158213,0.4163357850350847,0.22591999988243,-0.19176205740318544,0.29727261964642737,-0.2243106499823467,0.40871480806426147,-0.1673248597045102,-0.031920695810105995,0.007041600010919622,-0.07594313243808626,-0.17398382008934526,-0.19306320753702993,-0.2483452957311353,0.10586185239559835,-0.0852227402456726
pabluccio,0.0001373561955668263,-0.25089075897609275,0.08838975569776308,0.43480979590446356,-0.1386136352806846,0.46678290365515396,-0.17494084180995867,-0.2575448416565713,0.08000282808571019,0.3399920593176852,-0.03983814357447104,0.36691766201176834,0.01676909498171226,-0.27890694581603365,-0.07839640250109978,-0.09589822443854155,-0.1804334143658401,0.13427922276035972,-0.06274772182534277
pabluccio,0.03886902164805066,-0.06014351750458624,-0.03945353574802766,0.04591511453286216,0.006204567693235146,0.05865371895980067,-0.07742456654236407,-0.0010841001060046148,-0.08522143684530988,0.07061289085373422,-0.06712290791928233,-0.08975946102511986,-0.18191686910036692,0.014905125114706546,-0.06586112940932756,0.027883663196750202,-0.0708614513109991,0.06393979306901446,0.9544064255596378
pabluccio,0.000495055407372263,-0.1957890760941108,-0.07324770582447471,0.27340183868190343,-0.002764399916375429,0.36780413550122154,-0.2758005042991069,-0.31944636502030016,0.05078829743708383,0.18332109970039515,0.05240190691023346,-0.026814610093040765,-0.5309052453090698,-0.08493409583725389,-0.20362339142638883,0.05301074231522998,-0.26259303127821665,0.23428695821560486,-0.26703947336457856
pabluccio,0.002534636812512295,0.25862385705533,0.3217337991368625,0.4324513357310033,-0.1462378907043472,0.34235740217430083,-0.22513562889858477,0.2263610509750069,0.23733794639688316,0.3581674483837711,0.16038310993298768,0.2434939082607361,0.0771308494642999,-0.13985165201857938,-0.19355378464719736,0.021828215478212343,-0.222158427785086,0.11215072625216668,-0.08404062290369411
pabluccio,-0.0006261476085017498,0.20318314952099428,0.2061600855318919,0.26879744441572145,-0.1016156773577121,0.15013412098335507,-0.12385127590195354,-0.15296395440384272,-0.04946655933280208,-0.040876162270163274,-0.09159825952479399,-0.07805934871588938,0.07423106461895347,0.48338969482973154,0.10730430460834181,0.6225245709697265,-0.07325179139539435,-0.09562846507267989,0.3178374033254065
pabluccio,0.016508858891605364,0.02375551103395462,0.029312818449260813,0.10899952033735295,-0.09455783396141572,0.05845817156477622,-0.06469305175773611,-0.056240422669828094,-0.09264421429223323,-0.007834412622899344,-0.05925138379579625,-0.09715028487059797,-0.2576394715485541,0.20865512310452827,-0.10161732271518402,0.14251831782021238,-0.07625448086967185,0.07191489546630853,0.890986240823546
pabluccio,0.00020043618627000364,-0.02696090322558769,0.07167349043891247,0.22238255490371553,-0.2028058137883199,0.15194649177714994,-0.1347353289710067,-0.14990331135895926,-0.32607955358791463,0.10038391420883504,-0.09034964450820512,-0.17572336728023452,-0.4968495135285198,0.5500578394394043,-0.14441195391676426,0.23976387339442917,-0.17708950934490578,0.08364945071723759,-0.1351680062116681
pabluccio,0.0008510964745503202,0.28424441474953427,0.4865827097123091,0.41441436622945316,0.0920376945488806,0.1861901872905786,-0.090974013618789,0.34794890919461324,0.14902899174608072,0.40628775476313445,0.026727882556531576,0.20238294693692963,0.028090752293017895,0.12271773125537322,-0.206691483289211,0.08539028122484113,-0.1268632981777268,0.12244392631517854,-0.1109938958933732
pabluccio,-0.016888507449834483,-0.15629527663974027,-0.24657272710222508,0.07251538606748942,0.3258991798802668,0.002043797066212577,0.17822543120231535,0.11938424610320408,-0.42794013009556736,0.09310762004386955,-0.034435232188836234,0.16811480939679183,0.0006258718254487787,0.3911856070550243,-0.5560749380298069,0.005485156782060024,-0.06242749353617877,0.19227395180706336,0.18135937582351835
pabluccio,0.00042697019065962154,-0.22391314915613825,-0.21868574484834635,0.04468440647289712,0.3018724236198662,-0.011256614093807458,-0.00607149656541945,-0.006631254350128805,-0.3490696061373199,0.03811935245194951,-0.03093033336666051,0.16151601488472223,-0.06666258723357317,0.2836049089676017,-0.43961506402532563,0.08430750309354801,-0.06377845140777301,0.47932187134566306,0.3732284917600862
pabluccio,0.004384290090407482,0.5929115307889629,0.5235762305433066,0.23917701937145772,-0.008219378164551082,0.01754101588645777,-0.06476075396854253,0.16332269353485973,0.25374884392890357,0.16772119827073287,-0.17740833132462885,0.08335199124450789,0.13475796658095365,0.1388720623219277,-0.2801221317093185,-0.06691556204788641,-0.18542713278630277,-0.005777703896921936,0.01125555694287871
pabluccio,0.00013410203921269937,0.008717943964500215,0.16207792101691462,0.16229614240429352,-0.1973110240274872,-0.19351831065696262,0.1771439789403867,-0.0436027664585796,0.10121059775199234,0.002289517202866925,0.08312836425867129,-0.045213696964299714,0.1409566150846688,-0.18561344229400945,0.39859938756471297,0.7353866680563199,0.15421458906416607,-0.15606521394888861,0.12772814265187615
pabluccio,-6.687139485644806e-06,0.1562991222100745,0.07348631423553709,-0.06816544954279936,-0.13596897157414234,0.15648705478821845,-0.06361969615670543,0.04283472864629287,-0.1043206500302909,0.030486006712879824,-0.13981692929441922,-0.08512647745086971,-0.49069729895366876,0.34229584298847576,-0.29388302629017976,-0.6284688017516513,-0.15989101823150303,0.11294459727679308,-0.021121593752500896
pabluccio,-6.687139485644806e-06,0.1562991222100745,0.11438514896275617,-0.06543324588820931,0.06907584637654156,0.014882880423791062,0.39698138728329785,-0.12413172518444188,-0.2041130081833739,0.22395726194517906,0.04376616180008388,-5.802037076274334e-05,0.0032284887512240797,0.16311569821976038,-0.6238952512429153,-0.08473035502982978,0.40914095282329926,-0.009109045412438175,-0.3097641222062292
SADAX,0.0011540005941584096,-0.14373667961887773,-0.1442350897633058,0.17450699746550197,0.1555537395972235,0.15974460300457097,-0.14032957790117945,0.05055201780641536,0.39287038811614944,-0.015417107943485867,0.6516403779805964,-0.07944462880696533,0.17270486029806462,-0.20738143440308499,-0.25339292879117536,0.3102349456519411,-0.07708406063992015,0.07989621899950847,0.15803660365878322
SADAX,0.0033763234262458204,-0.3344738809906094,-0.020433396495301626,0.28587040988513995,0.14132877437562705,0.16623407222702732,0.17211547539056962,-0.3767951931097032,-0.35211762360916105,0.41092036833541273,0.02697519658106778,0.17956853918550117,-0.04212009560693765,-0.19354911139621345,0.26885368869510273,-0.19449139494176146,0.23813540301699548,0.23244644921053442,-0.029708270676084784
SADAX,-0.0028639084411263725,-0.007957323037940308,0.10938319241410441,-0.1095825933895635,-0.11981676046858117,0.05511405937574182,-0.16400586666883535,-0.01135157871897459,0.20595317948812822,-0.07315246247008694,-0.028463286620733236,0.09578803813793657,0.9057137755857091,0.07602096138381426,-0.19880277047729886,-0.06503544734490231,-0.017668235800045423,-0.03584166695825004,0.04841674170130214
SADAX,0.00038674583958922933,0.14095635775438634,-0.27603347819337065,0.07863159267349272,0.2561691679777833,-0.12607396937262322,0.2542123819065683,0.2177025533894732,-0.170518550713491,0.032279747454853784,-0.01171619152634848,-0.23436305738038202,0.2652451888985287,-0.12714963204649465,0.4345196873092538,0.1253436852606988,0.5673163378592423,0.021595799224279927,-0.07537744006447653
SADAX,0.0062524779657929545,-0.10601852393676155,0.06398866271190684,0.3917725664221011,-0.16505542316534022,0.11003712420372151,-0.28469531603869813,0.04981469566210811,0.07971917545726899,0.49461187128142237,-0.14450950255945233,0.3081541441698925,-0.16767290375354665,-0.2500388699910311,0.3656516585066456,-0.01244998684257966,0.2744568220143233,0.16815091058081394,-0.11561278433184236
SADAX,-0.0004018410033033175,0.30298610175843016,0.29653837817265916,-0.14006358905925226,-0.45911910438082026,-0.2483395130801246,0.007124673780590709,0.03202735496971627,0.2609672557189383,-0.2909397138428118,-0.15651414855333373,-0.25812535210589604,-0.04759425820459489,0.36176034322418815,-0.09495414190799763,0.0816094230717719,-0.13729591887808348,-0.12525961408384093,0.3160375561143599
SADAX,0.003614250162664429,0.17364150934314726,0.18771063631011242,-0.26391906802796405,-0.30112238769391364,-0.2595755304165278,0.16377604616100025,-0.09243624730580939,0.20228574516880113,-0.1927280730439365,-0.08595551580566584,-0.225456298058517,0.009769997470562607,0.2522101344992344,-0.04319639402537012,-0.3549697902687046,-0.08224461206412866,0.5212512971596229,0.2553710343368218
SADAX,-0.17115273494466693,0.3608686047710092,0.1464479800013199,-0.12584977192162958,-0.10068124308563095,-0.14317860248470096,-0.21275510982533935,0.5870990892855134,0.19218020114522558,-0.003502809014974699,0.43428576228114923,-0.010470025373874701,-0.16731842344541978,0.27224159339178683,-0.035672585953445225,0.06216656201995964,-0.10485149929799448,-0.18851702277049853,0.18017177388070602
SADAX,0.0643027579776723,0.34823386278966717,0.1583517679359422,-0.10396033346978606,-0.0979238126015953,-0.13067761245345025,-0.19832884065728246,0.5524281121225662,0.1575465180044761,-0.004435432764466896,0.5096545946694002,-0.025084661137915923,-0.14756550957983514,0.2659215322987412,-0.03788990377864462,0.06627589060711409,-0.09843599771405172,-0.1876916347665094,0.20789392620280558
SADAX,-0.00012686357402392763,0.3651988361326947,0.3878322393335457,-0.16916411881369453,-0.23642053476963856,-0.21584986596926303,-0.06813946999260831,0.21016021760315373,-0.04748313624045767,-0.24965500569224722,-0.017303305077339706,-0.16395610752182074,-0.1576122027766804,0.43234617912365886,-0.098721936152994,0.06633588615374147,-0.11344488422865855,-0.2684086487323929,0.3656717204405778
SADAX,0.0034594218047074234,0.41547135174527244,0.6495889887108143,-0.06333582298952956,-0.06536365361812987,-0.1818523139046334,0.18433668812228007,0.4605050304273533,-0.07497288691530314,-0.12189423673723446,0.09172971289268564,-0.06269977498780009,-0.16714908437977516,0.15996213066013867,-0.03646944788022913,0.003277058569343105,-0.08981804778385938,-0.13840271241450602,-0.055712777591369465
SADAX,0.0020693345918410184,0.10193758754611876,0.4107919772802915,-0.16049878047634694,-0.48009615296260066,-0.3677966251028952,0.21706956632883598,-0.1376044968314158,0.027815584660415216,-0.3323506476672487,-0.14868899403420704,-0.29826986390898075,-0.10756522740240501,0.18643767832105265,-0.10144987218250943,0.0545273030230059,-0.1074680228934248,-0.2528422408907799,-0.07681667062585697
SADAX,0.007391767496555639,0.09050954215960327,0.12061683214446295,-0.49149080552993163,-0.0032004530286935027,-0.4143118565327203,0.5063371716428392,-0.20757763952133476,0.010762896998767762,-0.1903203922329515,0.07156129395032657,-0.15089112771886043,-0.24165355378157855,0.02097932189909693,0.16907842460110792,-0.2323394738241555,0.18713408594360617,-0.14133206442110352,-0.06276581309231632
SADAX,-0.0010286215644834628,-0.2928817484085481,-0.0955225329834304,0.044446204220679374,0.1500532713472247,0.16046616767638924,-0.13966771569662342,-0.3207215121701853,0.07802670125515672,0.0457359798306143,0.21401450607000155,0.13350812086911923,0.36101551764217016,-0.40172953961436636,0.1566863974646075,0.04947776745639057,0.5220505088442934,-0.020060947682877712,-0.26272090813580534
SADAX,0.0026606594624050913,-0.2819584834378644,-0.1875389640059637,0.2596657025004523,0.2102509307606093,0.30299631143101696,-0.19105927480109614,-0.01947208161568775,0.032168008468485366,0.14520695297697442,-0.0528040324891148,0.16002137523227986,0.09357844205261208,-0.446628474502823,-0.4851332042294158,0.2666930436698168,-0.13315646811816217,0.142605168706199,0.20423539492586867
SADAX,-0.002927431125664496,0.07317081987537577,-0.06870203370639974,-0.48449253325181874,0.3025583535432903,-0.11348321283844218,-0.11985295749471965,-0.010078559223236328,-0.11689045937018624,-0.14120986413116973,0.09078211842853202,-0.12847429846916306,-0.14605420341140526,0.1609156568606008,0.060579343030513925,-0.25855307090369767,0.2384203369925198,-0.1755341695253954,0.6103723204952922
SADAX,0.0006604350881444761,-0.3380704774910753,-0.05948279433997472,0.36762068069952464,0.08728268379265684,0.24061009393422428,-0.23795123432635953,-0.36429204389526343,-0.24929404782617326,0.37400222797698546,-0.022671966818171758,0.36140476349767825,0.038696686216696065,-0.12728512464064104,0.06528643060654422,0.075558151339103,-0.16325123316931295,0.1210035881088144,-0.30011411999516957
SADAX,0.0005529477559123551,0.2136211594358664,-0.010946755986430023,0.131283541811108,-0.24178854490226864,-0.10958499704191932,0.6130862088493272,0.025837042155893008,-0.16462770834872226,-0.06425977992437595,0.003508756491970031,-0.10558412529639513,0.3998502253506326,0.07941666397297602,0.1485250486898971,0.09483785091380206,-0.2983812376174286,-0.04716301606216889,-0.3988849775112032
SADAX,0.00190142578748032,-0.2899821223720347,-0.0871528704498864,0.35832297039079763,0.13907908958913776,0.2636893251702113,-0.22795443952433614,-0.3176117420851107,-0.1464455168793336,0.3871199846697289,-0.0803365628287648,0.4726004638220056,-0.1616888645271716,-0.1599726676009016,0.06519498587150303,0.03638467705398787,-0.10654539182627092,0.2002258164310646,-0.16834337001589508
SADAX,0.0005325816806451161,-0.26892033517487995,0.042205159230400247,-0.28872320760657527,0.08198542534939075,0.44077430288421765,0.15690832525005527,-0.3330107729211877,0.16209535881068027,-0.11292187724949297,-0.05367665201794229,-0.34608053492519353,0.1318712550940408,0.047313842035370236,-0.010986610048611565,-0.2077217114534168,-0.06594282529650954,0.5068111893796337,-0.14225553762269139
SADAX,0.0035293515305858916,0.3002709534566767,0.12841884593995667,-0.422100704891839,-0.25310453404171024,-0.3282276946440097,0.16347135587400438,0.3336833772650653,0.2997217164561377,-0.25119462688574623,-0.15490618280739735,-0.14931217890236084,-0.11578377243877075,0.14946897378838403,-0.06851832069421036,-0.09382113004305684,-0.17355092048561943,-0.19329189170515837,-0.29894237902644244
SADAX,-0.0016347436140231543,0.3392135503256346,0.05092754333906968,-0.31301730096206476,-0.23586759020553338,-0.2613787586557511,-0.1817800325970661,0.4180649530385003,-0.28192238718842233,-0.12310702916441885,-0.10246238132578571,0.03863298640900381,-0.30403287761969044,0.12917662548210895,-0.07312424213718419,-0.05960986213035884,-0.20874944952929617,-0.16359035082895157,-0.3969864274692978
SADAX,0.002155562808790375,0.23660551880741368,0.03165311596251208,-0.4585192656005654,-0.09797843258442343,-0.3444900125199051,0.2908397345496821,0.227245542135056,0.13181270059454583,-0.4485563162841468,-0.1267337249738964,-0.2511770915081752,-0.1356707800708951,0.15711322349449067,-0.057528467933382066,-0.11757261658116887,-0.13315657100397635,-0.19077291225819798,-0.2370588326426984
SADAX,-0.00416644627492978,0.18983394698812486,-0.07019731329601242,-0.3462649232660532,-0.009961759092037906,-0.37174442688328163,0.2953777955146283,0.2657115339512931,-0.259550771091115,-0.4390310423888494,0.014621590648947155,-0.2068699262431875,-0.2649317985286351,0.12372701824400563,-0.02070147858043261,-0.02329128331210887,-0.16051716236882033,-0.16155625156374745,-0.31864389163530066
SADAX,0.005182849408397916,0.15870763925968348,0.006558631495867551,-0.2822833873475371,-0.06369435443982664,-0.22259795021344453,0.1946862442726963,0.03531313705350294,0.4342193302134878,-0.24911387473041738,0.6717792178031196,-0.17388740924293164,0.03552634366559768,0.10269541707239611,-0.005814381648292044,-0.06438805734119528,-0.0842747740917486,-0.10272126989938686,-0.19120171488554857
SADAX,-0.0002657617542551184,-0.33484199987775753,0.03869198883454096,-0.04796299549026239,0.2175803727956525,0.2702366545307728,-0.10761141018158138,0.21815267883678255,0.09415117859790231,-0.16783584797872433,-0.03141860557814514,0.008350741465471835,-0.011333717662028741,0.38653771090077443,0.10574509271232671,-0.6857725167910227,0.048241338172327765,0.17525148773277974,0.049062471164590386
SADAX,0.001296874208280332,-0.30948911099370136,-0.30547161312158133,0.08106646772285019,0.2680511596289207,0.3491988111578814,-0.22256423201341724,-0.14034819346614438,0.30949260350252145,0.1082906200708652,-0.09776125243121679,0.3020661130686387,0.14518355628722354,-0.39789768493287136,-0.3255569455396487,0.02801476130483729,-0.019577724515661577,0.2151860409588001,0.011536545383282169
SADAX,0.0007556324318627606,-0.3657537278010061,-0.1944239672115442,0.12321215565454179,0.2390842098453971,0.22528363774118812,-0.09671488674565794,-0.45451606604800493,-0.19366839643791198,0.29741963106436153,-0.01789503306860401,0.3103399886632682,0.06338544111198169,-0.25056784276094923,0.26030199447556035,-0.21626659368944837,-0.03639255244060374,0.2416530516963371,-0.16044229249674608
SADAX,0.00018588177496141093,-0.26803563490504334,-0.15504074203524287,0.11995857076264672,0.0627852535115105,0.18625100628823896,-0.12431635787336771,-0.27089632234946187,-0.20731956196318463,0.2547793630816928,-0.011387728834131581,0.3061276871097181,-0.0032801621508134343,-0.2647289856167168,0.36828862421224917,-0.2129184786165022,0.4887332863099306,0.20973948714526378,-0.16311584950061755
SADAX,0.0028710803352229456,-0.131627230087922,0.09837993215727936,0.20871936840330108,-0.22272918140318032,0.023174838336353074,-0.1688699801882001,0.11747196529215591,-0.33156080384556813,0.22416569898282313,-0.07312134491259357,0.2410172351421034,-0.21376060198217114,0.03652045053059847,-0.2945333635099551,0.46610850973983264,-0.08738520080103249,-0.12714137542016246,0.48838042581188457
SADAX,0.0008942642338544402,0.11473023899925208,0.014265262255180544,-0.45142827697170035,-0.08748232866233684,-0.2492589061276021,0.20029045957679145,-0.03477050686167941,0.095399931246545,-0.334322846968979,-0.043071066128734285,-0.25823436197080424,0.028257030180200513,0.23869492084838176,-0.1340323979799689,-0.5783674781061607,-0.03616740699417847,-0.2584476288512086,-0.06303924886952494
SADAX,0.0032032475139335812,0.0665353335837765,0.34458033319323833,0.2795265431379926,-0.03157053368484082,0.0073197713961912604,-0.1213160244680088,0.2833911210112824,-0.22749400208613413,0.31830680451084464,-0.0476273686993045,0.2107621982532228,-0.22579810458800728,0.1178445530550297,-0.2538717427283797,0.44412907558523756,-0.07211792417667154,-0.11027976065974145,0.3986551367178187
SADAX,-0.0016110939821661855,0.16890406972591915,0.04394377491418322,-0.4272567647396283,-0.02834852330059755,-0.30159569054449525,0.0752894988657769,0.15007228989956964,0.061172065779228915,-0.3905114043365321,-0.046648374902068676,-0.26485480322034227,-0.11353859576239986,0.3388110215236925,-0.2738919962678055,-0.31965918173712177,-0.05297522684728244,-0.2486839843318487,0.26256439711781976
SADAX,0.002325255159795606,0.2158192926270973,0.19710442444101284,-0.4161218168656372,-0.18080780833975685,-0.2851194144315423,-0.07322251988664977,-0.08055996705109676,0.34588798346477,-0.23867889928552136,-0.07677101043391411,-0.29167682903823916,0.03603702445232836,0.30637031270607995,0.03975106417230634,-0.4304064295219453,-0.07061571097346714,-0.24372288814266851,0.04030565351224071
SADAX,0.0005625445277766924,-0.2545368878344712,-0.16039129047278136,-0.09898289518962818,-0.036894948892762576,0.07054180647201529,0.03863834978406599,0.13338862021688777,-0.2321261253354326,-0.11449879009068356,-0.025131200163285673,-0.0022872674594768216,0.0895454588632228,0.018671137743395145,-0.22861862067835098,-0.17181610394820174,0.5781338355929359,0.05108768960676135,0.6159812592600407
Pa0l0l0,-5.600166299365946e-05,0.3019159818889315,-0.18606780553376434,-0.37222034763577505,0.18986198261194065,0.24737080620415425,-0.0883426894539954,0.2220499810435427,-0.00036099547497834054,-0.17133024751341627,0.1993044080011971,0.0585616304728128,0.08344958504657492,0.30175236597275545,-0.2087019790412265,-0.49693456791908863,-0.1006123817450025,0.31181508999705454,-0.11380162366305714
Pa0l0l0,-0.0005456028922643621,0.21834058947128168,-0.12526372118356754,-0.372000300775177,0.17033525668225405,0.20003304174214442,-0.10665703929840853,0.11457855336145983,-0.052105016179047024,-0.3996154858335336,-0.1170880954953383,0.03743372667112802,0.11475111856185848,0.3634173224318497,-0.2693449536166962,-0.3384684273725259,-0.11522707600272408,0.28368657668688896,0.31796163149287954
Pa0l0l0,0.0023651392950647778,0.19718988558318878,-0.16240472039718834,-0.1746030421187065,0.15985031037650835,0.060959518581883775,-0.13409006218081118,0.04710546460445768,-0.1549023412047607,-0.10097127168019421,-0.12430896418718682,0.10312694761491448,0.13926076828629044,0.15603881058556948,-0.2633827808171749,-0.2725271508604014,-0.12330921930812377,0.15544499593179867,0.7534972069433333
Pa0l0l0,0.05204399459397887,0.12016763729807697,-0.09388884117649543,-0.0663105760844138,0.06127709464621744,0.10088173252741495,-0.229224761101533,0.3165294518177299,-0.3222544368951098,0.057759177641076034,-0.2542965926112098,0.12888096103982496,0.28375622991492055,-0.27895719382705647,0.2686322601792009,-0.02793467822035983,0.616796422295857,-0.07403153156557353,0.004763525672828156
Pa0l0l0,-0.2027970577171355,0.054720289534600744,-0.05282851158372512,-0.042231049450440844,0.024379442981645707,0.050847818132279135,-0.07348963815499687,0.0658492423261744,-0.13447481963068653,-0.013709229898866547,-0.08415469287846938,0.05845476916556623,-0.6587995215919931,-0.05535208348738316,-0.032724938622200245,-0.05563000790625733,-0.07330700731633394,0.07595508779103305,0.7059425627640645
Pa0l0l0,0.00016837640306034717,0.1233902399861161,-0.10787913001218175,-0.15411872074530053,0.10112644585294601,0.10807118253341089,-0.11154484209068068,0.06076692523677915,-0.33785453851290137,-0.11523885701605191,-0.11980282924236844,0.11322478994364069,-0.5455384847084604,-0.02370762024857543,-0.11962318455967175,-0.21612460536616573,-0.07579846033203401,0.12936747657985748,0.6124296747974916
Pa0l0l0,0.0029461946573121132,0.2484842760320195,0.056878643862749434,0.106720606640324,-0.26829948350723076,-0.18968650362581904,0.5007589526963524,0.405650931576491,0.06805318447126454,0.0449750447592379,0.43165526800616655,0.12584505003121227,0.017088487900905905,0.18404933929428097,0.04332080495832845,0.20742092293537637,-0.12446158242391712,-0.31107152169890656,0.014614555480449987
Pa0l0l0,0.0018438650489430621,0.005426667004467754,0.25222991621096336,-0.2099807701146144,-0.13523030930137397,0.11247230461336842,-0.13188226316289864,0.36087774742381246,-0.022030261226541517,-0.05507773248398108,0.3123787751899847,0.2233792838551709,0.047059686806300696,-0.36462297981380115,0.3203292232691005,-0.38157364236503544,0.41615282265900483,-0.043582683024676855,0.0651280197667605
Pa0l0l0,0.0006329940881078974,0.25446155773970275,0.147829174841006,0.22041019308409857,-0.3491038133195527,-0.2355786092368865,0.4845375257652308,0.34349367337304,0.0635977960744249,0.06828617083234999,-0.16866500077434324,-0.05636988613789252,-0.25028961410575934,0.1478741951452638,0.143255896251469,0.2788873696886869,-0.10584737852642494,-0.3154170121120053,-0.029037125248413797
Pa0l0l0,-0.0008900425407877471,0.01791713420897833,0.03809885479027619,-0.36718251238343763,-0.17931586860346022,0.21431548445806856,-0.12563618891808684,-0.11324445790884903,0.15365293618885154,-0.33923759665314107,0.16896271354900363,0.032956748811447875,-0.2536060974461873,0.4013149115845817,-0.16404270168268312,-0.2425254147039518,0.42424678485608064,0.30519654507821586,-0.06446635116966774
Pa0l0l0,0.0005955572632922903,0.1767258018479754,0.0020927382559244867,-0.35525491315244245,-0.26406361055667393,0.21212532719839808,0.017737221367558224,0.0012120552600631785,-0.07664413364455686,-0.26508277020223875,-0.009793166793112469,-0.30119592067199663,-0.35139038790778665,0.45665882900582644,-0.07819945216799606,-0.1000183849588556,0.35405310671376056,0.2927567770554045,-0.036948514809560434
Pa0l0l0,8.366545669297552e-05,0.4103817895043617,0.22725359523633254,-0.2710216929135296,0.04552616046424273,-0.007521076196907955,0.16800896099739066,-0.24391339141793877,0.00621037877755372,-0.021299082840699625,0.0677638238662152,0.5488729244470514,-0.037155546290713,0.13487738126226717,-0.49465258807799234,0.19003789240806562,-0.003325983218260331,-0.030640053003821274,-0.09474353329420111
Pa0l0l0,0.0002371018893889518,-0.19106262650196784,-0.24431310974480303,-0.05318762058335013,0.3292465505544605,0.3449932464184112,-0.11336119884423904,-0.3531646116081226,-0.11067645816695691,-0.16244562744098037,-0.1982351504771067,-0.3970167298251533,0.07264325049765605,0.031057164464700387,-0.2478247526241613,0.10186626181177431,-0.16856488604192119,0.41923448300581617,-0.13495626950664608
Pa0l0l0,0.01025744318924863,-0.2142092319417659,-0.1983075393014531,0.2682612870417753,0.2395636347762536,0.12639745128891094,-0.13570204171740793,-0.27426810993187706,-0.19415567351654384,0.20809682180192576,-0.15975550215462606,0.17247115526450768,-0.591126522958729,-0.23239117492621966,-0.22280138640222716,0.1843529632224121,-0.1218268982730482,0.1544966059754516,-0.11737457731317233
Pa0l0l0,0.0010535338689511657,-0.22417142803561474,-0.19134443509346816,0.2499752830558699,0.2115836105071206,0.11914345215837487,-0.13874780419299218,-0.2915509603419769,-0.20281919451674488,0.20026670061815563,-0.1554575393309604,0.18002356345988593,-0.5677252076303461,-0.2501020175378418,-0.22666335263566137,0.17034430055189226,-0.12943136530314603,0.2040114280473545,-0.161194599821333
Pa0l0l0,-0.004949155861484755,-0.2772367707222361,-0.23666010124521275,0.28426925666816305,0.240244166913609,0.1433146051892254,-0.1714015264632772,-0.36412596654140467,-0.23949307729018632,0.2378380565052896,-0.19702602631819155,0.2158365133443598,-0.10306377113452872,-0.3176956559696278,-0.26820918120144716,0.1938096656481561,-0.1614831313258288,0.24604365606051537,-0.19775334466816008
Pa0l0l0,-4.948684935129794e-05,-0.3327533818259459,-0.21675271687864117,0.35895351125058383,0.11244696263255494,0.045255006441438934,-0.024811447455951617,-0.3503979442062672,-0.1444071092335434,0.3728354293618741,-0.11650417482660018,0.19744229545023512,0.1856223083684079,-0.3870342858845194,-0.2333094243212899,0.15734922473271218,-0.20910581242319343,0.1682723506773233,-0.1657067806446837
Pa0l0l0,0.00016078662300732146,-0.32367532099316126,0.04807403105166552,0.43149644629024253,-0.19536722740493048,-0.09533666807167897,0.32840077582279,-0.1165345780715685,0.08347862899659193,0.3659295978700707,0.21017497522503553,0.09584944981343416,0.0811958205218112,-0.3643474217240394,0.06084471856152634,0.4196413040833824,-0.10309200631998724,-0.09891576519530364,-0.06527167166653774
Pa0l0l0,0.0005493153205381021,-0.47314279627976746,0.07444125523329992,-0.06433775943065786,-0.24018989916241362,0.2047052207691941,-0.16320320828153062,-0.5163833544475026,0.17716629568734493,-0.09841624129357382,-0.22461698417450277,0.1731484075048416,0.08418595822647204,-0.3951819212585654,0.1517866946925414,-0.015655461880782935,0.1930151221181781,0.13679883703810605,-0.09775828487047379
Pa0l0l0,-1.1845762574737729e-05,-0.18373671308950223,0.4153047520964499,0.12737487044074983,-0.42949071476690254,0.04284917067308648,0.09987750538955252,0.04220100499426743,0.10274145094225764,0.2287041882252109,0.24581377889796632,0.11129795859103642,0.05225340538165437,-0.09744791056721079,0.5660640681796089,0.08598110113733827,0.3121834796789413,0.012847295842662266,-0.07835322271543804
Pa0l0l0,-0.003840200200744541,0.06660600579987343,0.07726334371564358,-0.5428003364044768,-0.06950685547223295,0.11769190425923833,-0.16475237855258026,-0.20168248605423864,0.03511101216184103,-0.33025863770132163,0.254355381293941,-0.08666301084897916,-0.13547793833268967,0.1932705388938759,-0.21949425294949862,-0.50078085153688,0.20718241257000328,0.1496939228756031,0.07713351710936406
Pa0l0l0,0.0011384415367906115,-0.30618503489379995,-0.2632107733474819,0.15600476493686097,0.3618669345650259,0.21125784380646004,-0.18301678215644127,-0.3813932209836136,-0.14426715587476116,0.16772409049649908,-0.23870948977614845,0.26295052342907294,0.24000577181990396,-0.2944641113975174,-0.1405294021717224,0.13639893725414215,-0.16855494186915093,0.20962167981381669,-0.16737137010952768
Pa0l0l0,0.0015665389297469317,-0.0061259412044011325,-0.1480899459059276,-0.03105834193315574,0.18122287258904846,-0.6082826668612965,-0.11395493661700537,-0.2002644388757098,-0.08232744661836283,0.02030715867877802,-0.1549749724691834,-0.11494696514737072,0.12079827091513794,0.06297662764159095,-0.13757653615591262,-0.10174860661959648,-0.11287927103356692,-0.6034669177524107,0.22793303384356126
Pa0l0l0,-0.015147021914452143,0.0401358864178504,-0.12108234744000007,-0.12705941510791424,0.10533214452839786,0.2291159615432189,-0.1122026940611413,-0.1600152972348879,-0.06994550976156205,0.011610510300101826,-0.15885858638194372,0.2344396018796518,0.10174327573050307,0.0809914907674869,-0.19623438075433958,-0.2130051294170392,-0.12159959024981476,-0.13801805168211534,0.8037099754772059
Pa0l0l0,-0.011054711717369678,-0.02754864242554944,0.11953203195889629,0.12398838352793047,-0.102808617441427,0.5460772358326612,0.10979775789252896,0.16489502536673617,0.05630431931743608,-0.019503150861043678,-0.212753860607552,-0.2321174869604668,-0.10197250965545906,-0.092734470152296,0.2354323483813463,0.192484663356549,0.11619716040562644,-0.35979912974835315,-0.5142342685910429
Pa0l0l0,0.11403379470658295,0.020604533582785207,-0.14428572681948257,-0.14449539451793722,0.12539742530103976,0.36935628229183604,-0.13074853428517147,-0.20307767205695323,-0.059055430119408864,0.030824108947478956,0.4588275844308765,0.280277667851917,0.12125505878525387,0.11301173998437267,-0.21014168407783126,-0.26390966423568946,-0.1485958373592172,0.4327084423815344,0.3213693712699718
Pa0l0l0,-0.31345514399143526,0.01225463491040099,-0.018388044417656613,0.2708487821702346,-0.12987182848862053,-0.37917434411044443,0.1295078451925335,0.2046940248011869,0.06024436460386766,-0.032286317794444595,-0.46947215107842133,-0.2912857211424564,-0.1242026236128174,-0.11392809087595952,0.19759534820925465,0.26664397220588204,0.15104976103162007,-0.44259083898738255,0.1991634156754537
Pa0l0l0,0.0012678985070229394,8.005560225511888e-05,-0.12027199039090819,-0.12607938106837607,0.10439965432996559,0.308777090061224,-0.10976359187593089,-0.18159455278800155,-0.040795254258506365,0.028209396563786647,0.3891426080873853,0.2355114085783215,0.1003934165959528,0.09204749888755674,-0.08896815060734088,-0.24018809492945092,-0.13759511640732255,-0.5773752941790952,0.4154057409160471
Pa0l0l0,0.004132600414612201,-0.06288203354193285,-0.1110006048694876,-0.14109661854431294,0.03571752906721809,0.2392627443664563,-0.12086091243750659,-0.16716447184890623,-0.062455710557836955,-0.0626253934431208,0.16308719045347903,0.10531990766570903,0.10656916459028286,0.03108614186369317,-0.08682295008168549,-0.10347968214092308,0.11522962353646223,0.2696828694934203,0.8370508021527892
Pa0l0l0,0.0027807508599068053,-0.08856121298115886,-0.05777159228098039,-0.32772145843641415,0.13514394611907204,0.328557770563012,-0.14409682685692013,-0.1284118375754199,-0.0032649641881672465,-0.5173672024976111,-0.18181745946420805,-0.3483159151596666,-0.03568379763384031,0.191377848293588,-0.14067162049501852,-0.04980232410825969,-0.1803261051658721,0.41735617374447126,-0.17034697538580326
Pa0l0l0,0.06570707318893207,-0.11408241910452012,-0.10797221039644778,-0.24214689873342826,0.1236417423681182,0.2397674935311206,-0.14649992842826695,-0.26421599790647693,-0.053027953029240654,-0.28696716400278155,-0.16214396862954153,0.21298358372267762,-0.618654713553645,0.11447553105939351,-0.0968775861040515,-0.07104610069933986,-0.16902261678822225,0.35815018487007366,-0.1694636289165182
Pa0l0l0,0.0035547673125675763,-0.2334699480303265,-0.1985875737070974,-0.19388126986878826,0.1423085796809441,0.2700387292374355,-0.20885307754392313,-0.42980638547558553,-0.21708994501684226,-0.18011478644447776,-0.23591363589302697,0.2878876350083901,0.11372147770893769,0.047599999669365484,-0.13162111911730637,-0.09239739477372948,-0.22436417719944837,0.4344713343967623,-0.2206144987054342
Pa0l0l0,0.0008114414054498348,-0.24424038748666874,-0.1731125617371635,0.05685959494620211,0.14443583801083007,0.1819879827397514,-0.12789308945504166,-0.2687360590659779,-0.22733117889272292,0.060549715773858766,-0.15791410965697258,0.17265770837128813,-0.7327430166449873,-0.180839908677041,-0.15262449217109791,0.01968808617676919,-0.14582241391046896,0.1679063745732967,-0.1083574822913067
Pa0l0l0,-0.000349370051352433,-0.31826266692007515,-0.08690717382904256,-0.08829341352490791,-0.10605973246272524,0.16281176941184106,-0.16137279378322414,-0.2388829258563069,-0.11214595886813249,0.11658472099802214,0.2611551002012587,-0.33611803206738117,0.037494086822164,-0.33602079983348904,0.21664503313559033,-0.1915391879823982,0.5955862095143748,0.042415655550523026,-0.0262974119866359
Pa0l0l0,0.003997233818796199,-0.3866870424031818,0.003768760097636603,-0.03171427781016516,-0.31141691167048635,0.1049945027620177,-0.16779264703134505,-0.28553085179051757,0.07630687606909517,0.04282643293455418,0.08346734278642609,0.18495892483672402,0.05600015329365116,-0.3595363540087678,0.17058408801630928,-0.14150764638196472,0.6306714129490858,-0.06040207774146908,-0.0035377932128986523
Pa0l0l0,-6.808792120940238e-05,-0.2507457051838661,0.5168651469679907,0.17737330842326185,-0.39092542056917723,0.03751872398848931,0.06370919206283773,-0.0973040014105125,0.5554714932774943,0.15163630225057362,0.2760442783359681,-0.07651440433070797,0.0827087188087162,-0.15820425831870896,0.06460975486738915,0.07303646618766597,-0.12372681701054776,-0.021609694228976403,0.0028348821890121618
Pa0l0l0,0.0014084953905888922,-0.0579902486168765,0.13946598958046585,0.48745858162395994,-0.08576958738071931,-0.11022335238868315,0.2468538099835339,0.15571319104267922,0.08503439088763949,0.3084808535217043,0.12416590666851825,0.08372887612304558,0.08511638919164262,-0.19776430217003294,0.09673069460237833,0.6227681108019812,-0.06243792576486956,-0.24776895659647746,0.034958417585488503
Pa0l0l0,-5.3786561592755247e-05,-0.39301481014231837,0.24777339363114337,0.18643125068632352,-0.21880934614157793,0.03138658857736451,-0.06634821353497676,-0.2961156512314939,0.2526539835815444,0.14402184006502575,-0.19305432423312613,0.19173130075823525,0.08013549472821613,-0.5534229498155211,0.3284463380150913,0.13382237030093763,0.05842963424289766,-0.08882629447603753,0.006817324588437872
Pa0l0l0,-0.0003431883181154347,-0.12771340344231966,0.2862683521679995,0.4399685963944585,-0.14130082293881424,-0.10049456620376195,0.14726928737483463,-0.04421815216827432,0.30994022226991896,0.30370766181581454,-0.1470086456910959,0.05415688841185558,0.060564744181970505,-0.19570830985806523,0.28859101443939555,0.5309560732842775,0.03652880172527133,-0.18153721257327673,-0.012406376227714079
Pa0l0l0,0.00033730557287039255,-0.1262014424961863,-0.19479418646628466,0.1304714240925937,-0.13464579846730504,0.285512351283488,-0.018396277190164685,0.3895246945623955,-0.04077615218964636,0.09917733133867207,-0.15982959390659346,0.10326110142632325,-0.013480222546607782,0.12319766654250362,-0.19526603119674885,0.18073284027619413,-0.47124294609752854,0.34377233891074366,0.4508678663205979
peppe,5.750526654685641e-05,-0.2564763947200101,-0.1901155597472679,-0.0438750367175643,0.43278352872030945,0.3292006434207432,-0.12340286737724743,-0.2960869681950937,-0.2920349843114112,0.1319253243019765,-0.06314338950296568,0.2355740411203521,0.098704341376859,-0.28185746690551033,-0.22410224676852597,-0.0882686571415714,0.25661899709630726,0.3466055043422395,0.04713311706551704
peppe,-3.134267854682408e-05,-0.047536148366381314,0.15829226106788485,0.004314156209042196,-0.1666917160269586,0.21073214717955663,-0.27162301057297783,-0.1031898806506972,0.2073124417640049,-0.04713889499436192,0.12654345244016987,0.386366668507689,-0.2057192653046534,-0.24268765280244278,0.3288515602579751,-0.4721947330994453,-0.3708992458196279,0.16297919355728419,-0.09535993843511807
peppe,6.362333339304167e-05,0.32994773832050267,0.08498693028795834,-0.03238500368768271,-0.21914467060348294,-0.25160308192007436,0.19387050872803097,0.29736042547188835,0.1669611290800038,-0.13205853965367118,0.15104664216982686,-0.22011497717415088,-0.03134747513916617,0.30789092226266823,-0.2004808895542279,0.3136102618924118,-0.08147220647784832,-0.30437296941476577,0.44197304049187364
peppe,-0.0006691274076270463,0.3169079303135169,0.24297843524650398,0.07418474972215894,-0.24010408002732853,-0.2684707957987321,0.16969838432861056,0.14191603906600833,0.28418529203494397,-0.20430525984053088,0.3176802073491837,-0.21729435190865368,-0.00036771751272535706,0.2051023629955444,0.07727631851350213,0.25457521261791094,-0.2658636929197719,-0.3600681839773627,0.2693396987759759
peppe,0.0004946929189214891,0.24454960424580313,0.5111244831074775,0.12251935136018885,-0.22447023563844415,-0.1741358923120695,0.01836855917482577,0.07616667150739242,0.35117409998330046,-0.05542511253001141,0.15629280824282676,-0.1090807621937724,-0.012786363890326719,0.02175833491817448,0.4780529921551964,0.11127411522049728,-0.34835494525111654,-0.2226130996388146,0.04364385884055742
peppe,-9.618257319203128e-05,-0.3001370818022872,-0.009557353383540444,0.1408815739322767,-0.07996167536762398,-0.06102690725994194,-0.10614169680421004,-0.08366165213012483,0.1220383324165519,-0.13817294202103425,0.14455988015322904,-0.13358681969875666,-0.3892172256013958,-0.015705698417465202,0.2197619874140141,-0.27982940929167194,-0.19709926046701942,-0.31557930382807026,-0.6099936147833611
peppe,0.0006608299150416305,-0.3500666729466533,-0.08998146142325192,-0.1463196410507845,0.02573824552321831,0.25206550949009693,-0.13759962015839675,-0.3605999557111237,-0.049214711634441334,0.09059825863115355,-0.12059553335723563,0.32063979395413467,0.017128568064086643,-0.4153618734409603,0.017839955021426965,-0.44252705848907214,0.11700246859946072,0.3512043468971985,-0.028232308265601032
peppe,0.00038571268169744466,-0.04630303405335596,-0.03653654670469009,-0.016894761214014866,-0.0630979688335343,0.03602144504821799,-0.1766418963944119,-0.021842357215659115,-0.24964909545769368,-0.08815485448291133,-0.08906834956657252,-0.05168789722357511,-0.9305491676991027,0.06517602249140103,0.04517759468179322,-0.016541916206666,-0.02300529860853463,-0.026354184905559467,-0.06977440356582977
peppe,0.0002421982771519235,0.242489256548734,0.12937602814316784,-0.0822592880579296,-0.24976217601631107,-0.33582336012785013,0.3208990055367953,0.37538237526660234,0.09904431257454438,-0.3539696869342613,0.4008332098516856,-0.37830346026057776,-0.04842283650200618,0.05285431636216493,0.011293204793972406,0.07195523953745042,-0.13054832157477517,-0.1369009241419748,0.11633737460121425
peppe,0.004131781822392271,0.24692855670314198,0.13743445719222724,0.37554855207533094,-0.12027116362490392,-0.05346302751917819,0.2381816308354289,0.33996311876284097,0.07928909127455379,0.25015361043795464,-0.1644737521324865,-0.06781352394100111,-0.03328454308195117,-0.12215029803303071,0.009446998123110343,-0.2921265633469596,-0.4450439928190349,0.00047430309277521343,0.4352453262302581
peppe,0.0006835479050566281,0.4177973179260258,0.08113928805183801,-0.25017057708839546,-0.14441339351916568,-0.26699791731073413,0.19600994032278377,0.4067066634103394,0.18566310639382075,-0.22686785113167432,0.12923070725539954,-0.23930551502031283,-0.019415773576428562,0.30853774905776254,0.0742918865852544,-0.00866332409287894,-0.27828278566791714,-0.26719657301991045,0.22448494499058325
peppe,0.0035019423892269706,0.4411363727880484,0.16229055198939513,0.16824217521415236,-0.2632208409990642,-0.09668437696546212,-0.1962611801637926,0.27738760842799903,0.2148032287635941,0.18154284371956672,-0.12084627964434408,-0.10410665033647366,0.013475799204896574,0.10197418715211463,0.034006455170482515,-0.1874829411706078,-0.40036044066408855,-0.07085279327624598,0.48982053616162097
peppe,0.0003531078253840017,0.3687372143052764,-0.05100889910766325,0.11951015983726995,0.03696142177889725,-0.2962593813625425,0.20975092831023842,-0.1473908422435214,0.2008528342740421,-0.11653246510613843,0.11356561268812326,-0.11937853879807489,-0.06697642290791028,0.18683822220427984,-0.10218364264118943,-0.4430356828958118,-0.2162099660526091,-0.3501155823583048,0.4424689754084696
peppe,0.0005438326511945202,-0.36679141038309704,-0.1533963866477578,-0.07650897412000096,-0.02416259256476908,0.25644320171263485,0.21645979750045777,-0.2348730150399032,-0.169132958819736,0.1634451415997174,-0.2888880509591425,0.528605593158343,-0.07043397713471108,-0.00916560465390703,0.13515635993995856,-0.08639056062948527,0.16434515370221223,0.17305496866901207,-0.4022182691706086
peppe,0.0006556678490677953,-0.17674457483247036,-0.07027791510877635,0.028092419841042233,-0.0959684591933056,0.17032070444892794,-0.08157159139573911,-0.3036754024465428,-0.1346898592818218,0.11911092040418045,-0.1517783142953066,0.2141973995592649,0.13700392139250442,0.032694754079002006,0.004158149554452506,-0.11303531781402373,0.49247453832561316,0.13419584994516362,-0.6569037066419775
peppe,6.780606154842743e-05,-0.011724413635671971,0.01457180039797945,0.014550554201040886,0.184853424734231,0.12792531984626912,-0.28271208355060545,-0.11746722305993118,0.2681911291187029,0.2765942901663099,0.02670096410016916,0.22737197652451338,-0.232822807539818,-0.3340047286873606,-0.1535333704300483,0.025978516177030928,-0.08926162184998161,0.03639662098271523,0.6745598166848148
peppe,0.00011588556900813167,0.17391039399329308,-0.02280757773685027,-0.4946318407830366,-0.012213659665088987,-0.24067564952452214,0.26896071519569054,0.21701543661336703,0.07097881465905234,-0.4662756814418954,0.3406664617773434,-0.243306118452951,0.033117831651592544,0.2727387584120161,0.04035320709765896,0.15702126906388705,0.09944082405608731,-0.1872118404078477,-0.05155853755784851
peppe,-0.013991941495947307,-0.14029637987043397,-0.19744772101962024,-0.6641625179491966,0.24904702795305908,0.10881260561874614,-0.287818793600426,-0.1946983039778666,-0.24281402593019086,-0.0955199245603593,0.020422982770605936,-0.019072949352431128,0.012986264101206072,0.20504310615979962,-0.030750027639932235,0.2139242476254282,0.3818031858100104,-0.028615120361125092,0.03508893341158611
peppe,0.0017913226784925006,0.3707455155710185,0.14152538848881802,-0.16824904978941346,-0.23126423988017003,-0.3371773121375948,0.26267547545055175,0.4493649974825012,0.19443265657879627,-0.2636396443470815,0.2820215235718516,-0.16747788910406142,-0.042355620522416156,0.15281206840929226,0.03426083313738431,0.04272496450382664,-0.2734238081371711,-0.21637557286585943,-0.10720524654460448
peppe,-0.000628478383630122,-0.30415476255557167,0.05161206533877311,0.058861176732329185,-0.3008415967424356,0.21899170033251328,-0.1804992705382337,0.19131878364869428,0.15406606876353277,0.013406628017495509,-0.3564803160637523,-0.041581714384107994,0.03132477071175557,0.11975308755445878,0.4402407445645428,0.1994403331111685,0.4985227236190435,0.1344048635628318,0.15966283250342947
bigw,3.764187824021872e-05,-0.03859042803906731,-0.11035172426247453,0.4552491061276726,0.07800554525332377,0.1525717420125031,-0.13350486409356277,-0.022545951301846813,-0.293541605548959,0.3531069715542148,-0.22206350572713285,-0.01588082504793997,-0.016849032707704797,0.116097790914704,-0.1805128609831669,0.5055339454239725,-0.401019805258179,-0.010732245338972256,0.0901495038020439
bigw,4.453379856537251e-05,0.08747223146176017,-0.18415407886613622,0.24950839762787885,0.2240170170702394,-0.10543938435846417,0.08666093796026142,0.017166002806062213,-0.32950710643618175,0.1133058336478471,-0.20815979974864435,-0.26602689563575216,-0.3930221902644478,0.3655489344727583,-0.37673418722001334,0.18693110807854188,-0.05021512243178205,-0.3317375680277125,0.11843092625757154
bigw,0.00018719118392369395,0.5834629948408981,0.10528049302072584,0.10486745954571795,-0.013613113990240835,-0.054566732424620755,-0.12126274008288229,0.610762818573125,0.03305278163496703,0.22499143960790977,-0.22109015577106367,0.11066943441931065,0.09084906484023293,0.18249107613967072,0.18650902697415647,0.008653725695465953,0.12340526970649143,0.13709801731139643,0.1526664929011727
bigw,-0.00021767423539050283,0.11222906025630873,0.39054249279661346,0.24604717614298569,-0.4519199170693352,0.08881520702015047,-0.2834401225704184,0.2109954050320458,-0.24857271818467389,0.28662319136003667,-0.29487212493214543,0.06801414195295499,-0.22027213725323538,0.09604941787813971,-0.3029303643066707,0.17567879826838698,-0.1396798106535776,-0.008920727539002887,0.04339293248091938
bigw,0.004155500980066379,0.25419164787537996,-0.12104294262767179,-0.09867635565231028,0.49981585037715565,-0.07283079529305836,-0.38035326724686275,0.34625999755622927,0.06105468368640977,0.1462970128147075,0.20418753883934532,0.41007741267544084,0.1860626116052773,-0.09212463611614531,0.09819087059347871,-0.1789864846421174,0.16851091253127978,0.12497309975246887,-0.16591806515783802
bigw,-0.0012021998130075091,0.1707334780178114,0.34287633988837485,0.15038271888516727,-0.47683683453047004,0.13427837100310058,-0.17680130488831702,0.3236351055514635,-0.22905830412122102,0.31396652321148405,-0.09378218541644916,0.1409101932234229,-0.19677298724742012,0.1367336385808405,-0.2835926573956747,0.10327440143694394,-0.17492217729352633,0.12039507416143262,0.27563780812376926
bigw,0.00456000656736579,-0.2136477969469157,-0.21446311260686124,-0.3177222049378383,0.2462464608992157,-0.03753688243926261,0.20563875765643685,0.08380290513300115,-0.34908833534531203,0.1260580420315618,-0.06402575260815477,0.42610252827089773,0.09370481911965814,-0.2539535951020894,0.2625362092107633,-0.3002245589511731,0.18579728148404775,0.0031447129603680503,-0.32523327793943163
bigw,-0.0003213951660285147,-0.009659452896785176,-0.5745829791982865,0.28405104654667873,0.3076910139036137,0.03651799346584887,0.316738989729762,-0.08913431956625568,-0.24814274137507336,-0.05130997240220241,-0.06679881087453271,-0.23763115940049992,-0.0990955450443468,0.29032737847316775,-0.04281578490084632,0.33397437075021696,-0.13929858382461058,-0.12366978765160822,0.13221868163628278
bigw,0.0007367124099735212,-0.10230912790003852,-0.019569115734613174,-0.3506109139906938,-0.11595058041197648,-0.35114946048664114,0.2272063020925202,-0.13953722213567168,-0.07145717088531334,-0.4220979081942559,-0.18196076583428036,-0.5262519607104128,-0.2619672796915768,-0.016459669694103393,0.16107764192578994,-0.046737151731665934,0.08643032315194736,-0.15462716965522358,-0.19143284373243552
bigw,0.00151649492059486,-0.17202293818985806,-0.15955708401151802,-0.10494459727649462,0.15602975509670428,0.4400799580507917,-0.1692650893938725,-0.31529776609709886,-0.5019412066979003,0.16795963053394947,-0.10499552934157763,-0.014408146243545871,-0.04598600271105155,-0.1295694534210393,0.09995177019770278,-0.38660698348740646,0.07848700403443773,0.30980558198875346,-0.12638126015275278
bigw,0.0027386945818250225,-0.008585048813985337,0.06672076993054094,-0.5817912932757571,-0.29055428284015916,-0.38677906533756334,-0.09968497348132448,-0.07381476516949147,0.2738012874043515,-0.31925950569514433,0.048499781267160584,0.014588388891910466,0.19173397243329018,-0.12636665036896208,0.23692644373304875,-0.1899654509128854,0.17134170572567417,-0.04908091249081684,-0.22673944295761062
bigw,0.0007016833453963397,0.17403803545274857,0.4907145243231934,-0.41274372223343564,-0.32823740095059795,-0.18334367933981097,-0.23566424159608015,0.25000110335301606,0.25927408407695474,-0.1137960859845372,0.024794787008707457,0.12779426003284103,0.09325969761834953,-0.23984293639399362,0.036966495830349964,-0.3193983830554038,0.12944558280082913,0.11861061523077147,-0.04015606538931191
bigw,0.0018363747620548027,0.0025197879188558225,0.14407730296911508,-0.4532205626417252,-0.31674298920654004,-0.41793286659579837,0.16852508432760768,-0.10929989500535682,0.27805603797522965,-0.3491360052336907,-0.2742041454820386,-0.17127075667580027,0.14565951897326454,-0.1076018977934161,0.18988833244774597,-0.14553925225464096,0.14746624074070255,-0.056887973617350575,-0.19933886607530282
bigw,0.001967262993690717,0.1667114224576113,0.6436260090267788,-0.19015478624984428,-0.34076066845278064,-0.05073836046500002,-0.2534813560230307,0.22427543639604688,0.2644882801605516,0.06766782147254138,-0.05834469467320301,0.1405543777453005,0.08299860651334413,-0.21914709977065114,-0.009318316774566607,-0.31526160953957716,0.09815498577731432,0.16214734882697135,-0.023233971165483425
bigw,0.0022876147470926493,-0.048064042335504695,0.0396939246615321,-0.4494171623069558,-0.24983636851318744,-0.4232983526975072,0.1529901055355691,-0.1983833549760557,0.3160791931761308,-0.4115896773321216,0.17433444082645536,-0.11041609497408096,0.16702043592329804,-0.11251861907428559,0.1889668604718007,-0.11472038345835132,0.15971500016383983,-0.050489938258899365,-0.245757743284583
bigw,-0.003018755968201241,-0.18309159317547052,-0.12214275908342975,-0.14622039655111654,0.05749283249249024,0.4178067850144136,-0.35042622893132913,-0.13030100179681894,0.30124326442806,-0.10966959787552258,0.30626308350547954,0.22778592072854945,0.21985532664278543,-0.18817883464976848,0.03631026924233333,-0.13364488326363805,-0.31272392550952494,0.2952286655688251,-0.2760284543305881
bigw,-0.0030965092338665658,-0.2876112933558265,0.271195821620995,0.1671258566222365,0.07242637263405266,0.38457192082541053,-0.0184628200431982,-0.0729521272658314,0.00463413571726406,-0.20206972100434362,0.1812445693540813,0.14080686806320353,0.10904506672973831,-0.2665057234807877,-0.05456026096900709,0.39904535060227336,-0.4651981494875104,0.24781915130728321,0.2012806036967969
bigw,0.002641220844532161,-0.25284573711230285,0.5136508099802141,0.2981240869068997,-0.08889939183962896,0.26289349020266134,0.14775432269272407,-0.08152053618305141,-0.11872545210113415,-0.23253706818115769,0.1349052243289485,0.04396341150082929,0.07192623182415621,-0.18543298328028895,0.11260696361723535,0.37736579950321936,-0.3736943097107571,0.2004240492538763,0.12287462265851998
bigw,0.013332969651632985,-0.09713948674069874,-0.015951551905161065,-0.006181170812646399,-0.06939544636774145,0.01559850688548593,0.09319244055439987,-0.08639789713590394,0.046327027387368803,-0.05880447328641476,-0.05434455960271962,-0.016547845741778137,0.08081125868843672,0.0047471863612524945,-0.0287244238764064,-0.05146917927110712,-0.13147855338918377,-0.06606387858267106,0.9636146844187515
bigw,0.00024130081231785,-0.25718978082105615,-0.20056514793586966,-0.30173375112322004,-0.0022448087835434376,0.14901427590892968,-0.3654257164664171,-0.31239505281535107,0.316177587954477,-0.4115030592546242,0.024921060141704105,-0.20588705843290392,0.27300815536184725,0.04432529930284523,-0.17244712576695118,0.02967404538578639,0.06836429293770749,-0.2893149911119281,0.20356744295346632
bigw,-0.0005871385125270614,-0.4013661975750445,-0.127056329920089,-0.07551539230418784,-0.014880270929366531,0.08158714716779443,-0.0900314971252234,0.03935413842798441,-0.13268896705666922,0.16298882020250433,0.32281334340968953,0.07401509324151,0.013312783603993253,-0.32918857709684646,-0.08315310782274993,-0.24171247569137244,0.16198100944063318,0.5363517291542701,-0.39859232999920324
bigw,0.0008154534410503801,-0.42267371035510626,0.08449010864487239,0.1877050781334406,0.09012324051754786,0.46293421669679335,0.21450293872867643,-0.15162523780627585,-0.0029163242942226637,-0.07359485773826213,0.22229679503359773,0.12837784689449358,0.14990493060694732,-0.3178743285993583,-0.0003701618756011074,0.316590823988405,-0.2836916332465012,0.3346567574760515,0.0003901058449264776
bigw,0.00028981453296202114,-0.2571728211038037,-0.2812472930359684,-0.31476979442849556,0.06543287247875697,0.1773436451448643,0.16209404439210695,-0.27071850208113163,0.33118920380380645,-0.38756624114710714,0.35862760941129734,-0.06551649294107745,0.2573666768010514,0.04942121325430602,-0.2587579736139353,-0.06303671904169963,0.08235156267031292,-0.2588439257195115,0.11914474624715385
bigw,0.02421731300032876,-0.19408582058718282,-0.18129442609013002,-0.23403233760866946,-0.03435418374572318,0.14539476075782495,-0.3286818098012047,-0.21319966525590847,0.24173439371512231,-0.29235451049370537,0.28635719786128616,-0.00790064372804755,0.20592999289607217,-0.1821569823642738,-0.1871238061077347,0.2616768183159557,-0.3883035873949893,0.3781829802437179,-0.006018793864902035
bigw,-0.0031539845730929332,-0.10007387262095305,0.23875216920827225,-0.16892478775608888,-0.5069861548284536,0.09541809228511386,-0.06870142825782963,-0.0696334938367911,0.22486973633248816,0.05972251454644219,0.30061145804672385,0.3472989880906578,0.14219141188768042,-0.30050491922043115,0.14509333182325823,-0.38746273876571524,0.09376891892803489,0.22024760102440852,0.15690466147153992
bigw,0.003004630790218017,-0.07127288527471698,0.38373800274010517,-0.1566522298396663,-0.6470768322281789,-0.07531320522991221,0.06288426547589018,-0.03922237420719266,0.21707098491467602,0.023400899476045484,0.23049798916005046,0.2460982859948458,0.12890566554882096,-0.26630166834799274,0.14159745212649624,-0.25265067900007404,0.1272532386602081,0.20544619713520343,-0.045541024777326855
bigw,0.0018440982410711127,-0.12491321946703553,0.1024943275947463,-0.34516587143169347,-0.3312640646088599,-0.3380670046668627,0.21451811284227712,-0.20716150616412554,0.19767080586524702,-0.4326475303297194,0.305323751577875,0.0008605914362093808,0.15354597229310754,-0.0906146409289154,0.24680443972694044,-0.08428626235146142,-0.243024505966776,0.0024439173154224367,-0.2518753595042232
bigw,0.001336722893487787,-0.12074919549505268,0.2450955678918063,-0.039134878986647,-0.3715855022570491,0.04875020249597696,-0.23278080606578808,-0.11161820378941557,0.23959432586982493,0.240247138116664,0.2833225216359744,0.40818071774652026,0.13316803470297156,-0.32227327454116605,0.17825604355110156,-0.30217803354959205,0.1452916486945345,0.24692213825656148,-0.16718345411662033
bigw,0.002508843842609656,-0.08121916849838073,0.20649982958729807,-0.41684238051829064,-0.4578659530198891,-0.3636471332129206,0.1593427870163152,-0.18680342715638404,0.234582245925968,-0.35399120435234616,0.28441631236244774,0.052864902870378074,0.13029266979904536,-0.1099979296481376,0.18343072484406323,-0.12244768804501394,0.14697681621153683,-0.047517826618246106,-0.09610163834054365
bigw,0.002052797819008329,-0.053252114622137504,0.4409008885847162,0.12348246580112086,-0.3519010673058379,0.06864522871758934,-0.1694814628706502,-0.01619360384062526,0.22283808459899582,0.3389248395976076,0.25858394984380173,0.33693137961456776,0.0867510927597466,-0.2916387553773751,0.08408869976017187,-0.32644792846289233,0.09702811077404425,0.2622070809119793,0.026260549606514545
bigw,0.004203947365789852,-0.04488773428240826,0.22864287581559573,-0.3278761766623883,-0.473876628706399,-0.3547308262562726,0.21617204595674058,-0.19848867376099885,0.29581610093948324,-0.3273652106420018,0.29115389747092213,0.10298609850088046,0.14195900938683623,-0.11699568105261304,0.1816293455792058,-0.08752329365283196,0.16000510262267365,-0.044120907858461435,-0.09794669778639957
bigw,0.0017727286421453754,-0.12889505227079948,0.391027394448196,0.2025019905633061,-0.3723967572169583,0.1582218662810558,-0.1453584942468943,-0.14606540481831407,0.1753295415720388,0.37050503430542986,0.12033043692853891,0.3984139734989545,0.07140427540642519,-0.24297421241668762,0.1207680240737193,-0.31724409906549667,0.07328644865753567,0.23692894509291046,-0.03466049681144327
bigw,0.0037327830600077916,-0.10876697574875821,0.1265514028288558,-0.3899057176069307,-0.38492700894202697,-0.30904855376977775,0.143144875589338,-0.21526611652842198,0.2774859784809185,-0.42499193799315127,0.30977469113464934,0.06482695562221727,0.1397620102366298,-0.15222890027996672,0.2254576888870728,-0.13987585654700052,0.1556250520628728,-0.03924169818751968,-0.11391309232208241
bigw,-3.999412241408894e-05,-0.25548236811789127,0.09465771166303671,0.14829299051026434,-0.1569314724214322,0.37778434094314295,-0.2594414512979794,-0.251495598843104,0.11448388498951086,0.3673069396414698,-0.08690184002332618,0.4289463994193848,0.07918619971706398,-0.2824417652947569,0.06909322753500159,-0.277481297510335,-0.011749315940410782,0.3130621762000366,-0.018494718614980487
bigw,0.0012899877526925327,-0.32702445731603125,0.06433745906995575,0.23535481537971709,-0.09068556855926962,-0.041767728430073064,0.005751866215609081,0.10619877395381805,-0.09653267323419232,-0.7580705930932842,0.12715151028590901,-0.19100216001099662,0.09364968439126464,-0.3633210782627112,0.08274662929246951,-0.08163803320818885,-0.03613570577149663,-0.14067353732111576,0.01503791709007812
qwe,6.736362436548406e-05,-0.02453565477309061,-0.12613616805945493,-0.270795806867606,-0.006955032433203432,0.3221156911844149,-0.21511978321310965,-0.16807991576032458,-0.45212077312195037,-0.22127280855730116,-0.13377269412551784,0.16100889288545905,-0.46958402741955024,0.1692699159266898,0.06710011795414099,-0.28780106638832476,-0.0053347601594534695,0.19962573233642264,-0.24136476005642174
qwe,0.0008790875363866915,0.03431971317955573,0.13994923390864245,-0.46198304324282735,-0.28640001148436284,0.24873460656956228,-0.17217035829666757,-0.11266852786531986,-0.39351903324175486,-0.17252140540227728,-0.11541174383929055,0.1834863960732847,0.15217355222762535,0.1633089905189325,0.35475967855331886,-0.35568677573490476,-0.03693909721773409,0.16626959893872448,-0.12948026358879974
qwe,0.014463257541895837,0.005973999553181813,-0.05007242257062805,-0.26140090639502617,-0.04342647154372877,0.18747814417637898,-0.14082293268123175,-0.09365186451955057,-0.308110085069455,-0.15421960126270376,-0.08310440002671914,0.12051250816698535,0.02522329723491057,0.06573697421440675,-0.15881474957848388,-0.26422667121028315,-0.06740618755349873,-0.7425260529025434,0.2597342386048595
qwe,-0.0007399481159442161,0.013722693518108736,0.18614083378128332,0.2354665628785591,-0.2174267291038909,-0.20941842361178095,0.19095063189561587,0.14586308556578578,0.4193620699816437,0.19479335993873806,0.10182128977053218,-0.10254227045547669,0.4458176820081341,-0.004499232465076676,0.431773808125609,0.3273061848028363,0.029315991498574386,0.16778033430395686,0.06940724392126235
qwe,0.0011677950149224484,0.03849597654922158,-0.044579219168423445,-0.43823627669155246,-0.17221938387140706,0.3219056451327009,-0.20891745045227467,-0.10690416446997442,-0.28951698283777105,-0.3168827938927743,-0.10751022349777181,0.22220729135656023,0.03382527309637925,0.22433581637454378,0.15721548944992605,-0.42403022304567234,0.2806175282772353,0.11654066600394024,-0.15045154722869064
qwe,0.0007947727273540551,0.037949573204052935,-0.011314969368431571,-0.3788632923193733,-0.11469981388315727,0.25275851110840425,-0.14858220068450304,0.021237103198953566,0.17615878917765915,-0.4993182064519014,0.260405967136768,0.15217458237772916,-0.40427318565388354,0.22053746144211211,-0.2405565679004099,-0.09289092305742694,-0.14014011390512054,0.25685474594167235,-0.1407887420067181
qwe,0.0021419081103582157,-0.37817628002874976,-0.23808536265033453,-0.07698171890176911,0.16184598214181736,-0.06526828299160078,0.06817926772647948,-0.44620800468800265,0.008875564597600742,0.1320981590954572,-0.24554653023309114,0.18708595726660351,0.1714301346163553,-0.16755099394196268,-0.37917529851529685,-0.18971305508548952,-0.23657440546751565,0.2486320543742379,-0.3038633437769193
qwe,1.6822856829862333e-05,-0.18348197162660612,-0.25618516765208943,-0.05331876033618159,0.37988355828229087,0.133181388950391,-0.0021461101441106662,-0.43439610069867374,0.0025365000784098486,-0.3092637613908419,-0.1870324144784369,0.14899630682656004,0.1530694779216551,-0.06428867100612314,-0.2674978964972002,-0.08496972061304618,-0.16815325584172133,0.2825738014416437,0.4240447841239607
qwe,0.0020380783899343648,-0.08126828195268034,0.16184157476130956,-0.3812860268130493,-0.0791439809515827,0.1640187328463011,-0.03323281377062649,-0.03425698918523564,0.23368066164757123,-0.49380974937821664,-0.059705267352937845,-0.5632543229367526,0.05147906617879873,0.04218361682579699,-0.11797929980618238,-0.05801154526341525,-0.11247442711515732,0.24075220024100885,0.2734572446081206
qwe,-1.8657225640694315e-05,-0.3399624815498726,-0.09150705441193319,0.10546888044872173,-0.11759754370943923,-0.125841096394284,0.21733384980659154,-0.0137605008524106,0.3753381838956747,0.2022545697391228,0.508455045256701,-0.05582716775339927,0.15585440889328844,-0.3604157168627403,-0.017736830482888714,0.28970712925645375,0.030764771238196764,-0.31495240111341216,-0.0763839720131583
qwe,0.0021810305560558876,-0.22772876302894549,-0.15586640148879627,0.20545762551822194,0.03441052243734768,-0.12005393778594523,-0.21234355108822173,0.10159116411699438,0.3455589999998799,0.2044880950443011,0.5258282225294127,-0.1905433408178454,0.1745130357779908,-0.3453115109690948,-0.21235766862791466,0.3190186694126367,-0.10543662808678353,-0.03239842825453866,0.16693202356624232
qwe,7.94132890173532e-05,-0.3889523819477442,0.07779351535064483,-0.020147311973474805,-0.17144702883023652,-0.12112807385547929,0.26644704187496715,0.11097399832800665,0.17963134502610778,0.17673491257420346,0.49763267068432837,-0.12465274656458371,0.14045850031111326,-0.4109517109380614,0.3070281543295881,0.043773063040434206,0.27436818460828927,-0.15166159344661265,-0.0716401569426084
qwe,0.0005256803693827567,-0.4058120349618972,0.17292127615854092,0.18601756525924232,-0.10675856107738976,-0.14371694027884918,0.333308685276503,0.13280989441830637,0.18925443126496141,0.241881202110324,0.38405712686668086,-0.1640907023860779,0.14122445555389793,-0.49510084140153404,0.15243080121995456,0.17195372909613968,-0.1287603397861666,-0.06756325074781885,0.04755375760896601
qwe,0.0015498007691457734,-0.14262505593176786,-0.19835825505577753,0.04362624849369996,0.3462059658471591,-0.07698117094236008,0.06449815753525835,0.030563720414627765,-0.11121289748681788,0.3970468553152401,-0.13699023740726513,-0.33614394750744947,-0.23499740718867948,-0.397318768328255,-0.41647191155966795,-0.04633098892042076,-0.10737517651954724,0.1639615874467645,0.2804678231933594
qwe,0.004348346396160219,-0.18667254773916128,-0.16732619066296284,0.02104129864714287,0.28679609359441327,-0.03138349095026203,0.4404735031987583,-0.29844208822734,-0.2136417069096461,0.23340949436449157,-0.1190504097641595,0.2554684508045743,-0.004056136019441003,-0.2930520640940447,-0.46806803328485364,-0.08389270093822031,-0.0998216062792431,-0.2263926400056382,0.13263312269155775
qwe,-0.0020624714849516628,-0.28507759370408997,-0.11867527211790074,0.01474446132588027,0.19861866753003274,-0.03475832534448421,0.3118322743866741,-0.6167583194054193,0.3801957905570107,-0.014075092128276276,0.0018057070449625375,0.27368467616772885,0.05284586635578955,0.06341901200519995,-0.10289418846120144,-0.06203451637708979,-0.16830954396923367,0.20675875389377377,-0.272324973693899
qwe,0.0019945225694620234,-0.22952905968662848,-0.1412323599842833,0.06002355608654742,0.29776756114146397,-0.016967378297043402,-0.2015109802433876,-0.6106666802483165,0.2827419242019507,-0.0843345977682695,-0.1723848469958268,0.2807265492317914,0.06840908181318373,0.20711329746887774,0.05770640284496968,-0.027238487924331728,-0.18721891627381737,0.20815361905137467,-0.3093336947338452
qwe,-9.041006273971757e-05,0.32558354637275694,-0.2458501168085936,0.35658509131563937,0.34173371903666394,-0.0746125826815472,-0.19722711324111514,0.19527904674268512,-0.2931000641323097,0.19541994300251134,-0.11758206282541642,-0.08543808658094176,-0.4893294356089253,0.03125882868802071,-0.1800172646735317,0.23262846959864517,0.10466270192858278,-0.1357745668750519,-0.07392752613644896
qwe,0.00012782869138563464,0.27616875157073684,-0.01956015949739809,0.4122651891403048,0.0758252605984234,-0.16812433987760167,-0.09777810201102985,0.391707612846534,-0.2489963960721053,0.2725155334115617,-0.1535211480487653,-0.11091153342244413,0.11318468193579788,-0.08326598683983079,0.19994501567480755,0.31011465784521197,0.26482948594745054,-0.35733303609085076,-0.17471767193566087
qwe,0.00010270750684385785,0.33928196619305623,-0.01921322046446139,0.34544235013203145,-0.09088435730798271,-0.12466817908041462,0.22643088707599907,0.4057719948522425,-0.26307297892046955,0.2612153529360425,-0.14051807240697106,-0.12158196422394688,0.12431469556920055,0.12623846726125246,0.16109625610064196,0.3661521913531636,0.11359044918666586,-0.3437929363500531,-0.17603905451597654
qwe,-4.8110423711478994e-05,0.183087626853958,0.5612257452304259,-0.1931285246895475,-0.36958723085576395,0.13413446590516873,-0.18577593037784682,0.2725217136262363,-0.03520433185035201,0.0625102139150581,-0.1659996764572921,-0.09050653118812886,0.1435418653013144,0.17294737716892397,0.36147947892365556,-0.29072578459362935,0.15996852306154757,-0.02769501848653399,-0.13372846736512023
qwe,0.0013399987625902544,0.2722705673098833,0.5256954448733175,-0.28860454766644733,-0.32219970243475365,0.14780741965072755,-0.15644529808464247,0.10823996188787353,0.1939101697312426,-0.3051665943826288,-0.11375410624075652,-0.03669144268552344,0.024004273943745543,0.29613010207982404,0.26639113695012917,-0.21890689274679856,-0.07474144370523061,0.13491027886995857,-0.16856723455973302
qwe,0.003500868037673905,0.24645190796842686,-0.038933491153687494,0.4993662021023742,-0.14245597830324616,-0.05957042128987992,0.0394096255633617,0.10273357221683677,0.35390942646064816,0.4055909490096928,-0.18804759266526108,0.033457320080818455,0.1129437619622461,0.1119956819615013,0.045017077608940796,0.42177192593661034,-0.20442304983073203,-0.07843614419505951,-0.2702476047090806
qwe,-0.005166193046660538,0.02184822979871096,-0.33260840930974434,0.2687076264334772,0.11771576752207402,-0.029555037067415368,-0.3511684149087466,0.2411166370420576,-0.46056005553284485,0.2445043841934494,-0.24277832351079554,-0.2741607318221834,-0.07292084577127526,0.012927953610215722,-0.25789955190586644,0.25674638944585093,-0.22230034394363318,0.023845046142711195,0.16309090672299495
qwe,-0.00020178856672034703,0.16577793189569784,-0.04206268251852807,0.4979558712207612,-0.0875305622759321,-0.17828056054613695,0.3101145811526971,0.05469967036701586,-0.10534919180851085,0.29653658322932924,-0.14075777379565896,-0.12496534931333055,-0.3935025611649829,0.03820453826783068,-0.19264814783369646,0.39842035665632025,-0.12046299208003614,0.024300315072326096,0.2871592361839489
qwe,0.0005807679387393666,0.2807498281444546,-0.072483252564839,0.5590344368596984,-0.1091770884283362,-0.012802594804921219,-0.18913234217850514,0.12387214320907118,0.1631349676106786,0.38998517466891564,-0.16458893832735702,-0.10964383910973237,-0.26851246653539496,0.10483932915300229,0.016792731363161048,0.4350210469610829,-0.17475317247438021,0.005887922181145823,0.1385846198109697
qwe,-0.0007591339228139416,0.43761190493313457,-0.16385961699488827,0.1813660277295074,0.10698940437742038,-0.05485421189952625,-0.20800488844125292,0.15595914498376653,-0.04364001179094563,0.09584553817513965,-0.1569929809160543,0.010132266146342585,-0.49091949403559487,0.32413604656884526,-0.1495447778018673,0.09425776965675528,-0.17348183777453202,0.23636362867352284,0.40937625862571964
qwe,-0.00025698182683826575,0.36057998344267606,0.010191570992580634,-0.0693514602777052,-0.01634845681853241,0.3353754064065618,0.012301500743537558,0.11629286267325278,0.4047344130408494,0.08301194250834215,0.3021279224089673,0.1333103767021375,-0.3156339288672927,-0.12736168661838845,0.3168614156344681,0.019959062228770457,0.222558255838247,-0.4332031909358077,0.07108407360469184
ocran,0.0017204332451460987,0.116256889261351,-0.2474045569260943,0.18356482574853528,0.22093201709443244,0.15803101405767728,-0.2018518469224606,0.12305255236107664,-0.43560326745681194,0.06586616428129863,-0.05101994596106056,-0.08775981834432471,-0.5467887584454475,0.24099031144349167,0.2769000303534254,0.24792920380808697,-0.04797104307613955,-0.10828886590913764,0.21975110369489687
ocran,0.0007500814509400643,0.22831129708540296,-0.2303860185449711,0.2631219422307287,0.09949146151295252,0.2017394592354179,-0.3342679549912346,0.20112111689028095,-0.092446079089936,0.4142861700560058,-0.11881784716742422,0.4114441651413735,0.16417546963972418,0.09829450757061425,-0.20473934641669975,0.25106062500989124,0.19796382791656028,-0.054178624052883206,0.27478650783260716
ocran,0.00012586977679429512,0.1876537437424981,-0.3831499126307045,0.027684277192271123,0.5835505628865342,-0.05201709557436087,0.26357405163789416,0.2888445847192334,-0.3041224273258021,0.05296601611582169,-0.09875149347482075,-0.02657393993913637,0.22851955048247719,0.21865964229689575,-0.2533483667763135,0.059220949270013055,0.0010786455232009366,-0.12711748370837583,0.17730382329438807
ocran,0.0004283647189454209,0.2103887631184783,-0.11906474526819644,-0.24247118835168663,-0.1334467222815842,-0.2967816770484755,0.25396646877714757,0.16420434061008593,0.17095355164939355,-0.42752155432767924,-0.1697150076035215,-0.3355499725725355,0.13867194053983906,0.3003680672018051,-0.3352802846229587,-0.02605498931858402,0.12748620999342883,-0.19298538778376842,0.23660722931533484
ocran,0.004243187736949107,0.3525543342968563,-0.015435286200801946,-0.1662410151187088,-0.4260278177534821,-0.2028969494311399,-0.08513651183237986,0.4087237090880329,0.27068746214567985,-0.2133133064541995,-0.18765180741339046,-0.09447700511669802,0.15347786209921524,0.2225484196800994,-0.3158422314216164,0.04781684493001538,0.11464980286263007,-0.15954976778153684,0.2724350374666802
ocran,0.0015934479629339995,0.14352177969225077,-0.10422302783072934,-0.2071609460057543,-0.09171024246836243,-0.4174167683908542,0.2896910820319828,0.014740400377334949,0.19158228717858414,-0.3561572155733679,-0.15934194416121866,-0.4246117432181592,0.1309402763665507,0.31223663629734316,-0.28360830778301793,-0.019600384597042626,0.1059739626624723,-0.2016363171062297,0.2055683440150249
ocran,0.0008433076293770348,0.32816933040745155,0.3663522482644146,0.003279716591874558,-0.09059484327713072,-0.0040180554873934385,-0.23248685821160922,0.33118140428397064,0.24037717909325448,0.0216028117083519,-0.08961498140087501,0.09551497640356946,0.06557199671491028,0.36190695738956125,0.3376653172678853,0.05712983999440439,-0.07872323120797152,-0.3218406861448502,-0.3852099618165851
ocran,0.0004890086711021026,-0.23013293494008674,0.030251015653477875,-0.2765232773438377,-0.14533500059341703,-0.27574475788515523,0.17646925345269887,-0.24157011829438949,-0.0854528543657966,-0.3151720400784691,-0.04025042873801772,-0.3580807820991267,0.0602951090318707,-0.03555788411438191,-0.35097828184815677,-0.3376880144986507,0.06936137096481153,0.30922446272726717,-0.3224538764666941
ocran,0.0014664081205327658,0.08943718645224805,0.411925357071226,0.27741074810802485,-0.06755149654797883,0.23650257239591468,-0.2532376040837801,0.14116567467261287,0.31145729062391797,0.37581451236132757,0.2452162512598095,0.4589877670492841,0.055850593498900085,-0.1604156714929884,0.16663536006650623,0.11129312154804988,-0.06133339708664272,0.04836785388289689,0.12906540285545137
ocran,-0.0006324364816708561,-0.25040815799697863,0.08643959899545928,0.13315812085818338,0.062230146816427606,-0.07390722508940999,0.0031647224116561185,-0.010984746649096013,0.20944964160379428,0.13754362396686695,0.013693554064514366,0.14379848072343618,-0.09559707845362266,0.4992851814864552,-0.1587545147245279,-0.1916668091466475,-0.4243879516700714,0.20813127310195623,0.5245826746279679
ocran,0.0009804102121847378,-0.250156712835025,-0.0383709007790376,0.4636308877464278,-0.03086744877153768,0.21853580650402246,0.05306177437839593,-0.09736919381380914,-0.04703989628418643,0.4730266298359944,-0.11158249062161314,0.37642727060579845,0.10050261399159881,-0.36323792858021103,-0.02075246258154098,0.32157500991903826,-0.058628338085164475,0.011683807141667828,0.1744020730806549
ocran,-0.0010752428479827245,-0.11337628224750715,-0.3481486046049367,-0.20243140169791032,0.4898238185265342,-0.1197535182774434,0.33848124852036293,-0.06339305226479033,-0.552674176732543,-0.1410269031923939,-0.12284312119005764,-0.16652502026220684,0.001491450270327181,-0.014196477751923233,-0.1766757124052413,-0.014965798214746284,-0.08998252164285515,-0.05265417469595031,0.20355262536781538
ocran,-0.1394407326274901,-0.06046418748970614,-0.1615671537570218,-0.10022365474091148,0.22329284139383399,-0.0411790519651221,0.17168097749252453,-0.02550829118227029,-0.3120943855148785,-0.06722038502488936,-0.07743695311363334,-0.14790190531979996,-0.47777140445891275,0.015181102996696635,-0.10930736801248893,-0.02776448497590616,0.7078141157834393,-0.023303115538579167,0.0772215697188883
ocran,0.46588679034365366,-0.03837913636096252,-0.1006091038137757,-0.06084822679664272,0.1303907070326923,-0.026212576490999066,0.1054009044209922,-0.015410360016902276,-0.1885549901322895,-0.04144094086423553,-0.047127867686310984,-0.08940714792561352,-0.2955725151055439,0.009469073432697973,-0.06461340788917998,-0.018934647700605454,0.901996525296197,-0.016143500662149948,0.04834392791033149
ocran,0.008194113196954034,-0.10604976790137041,-0.3138187755354861,-0.1475935544666099,0.3932442838082644,-0.0882221516277294,0.2889154843912364,-0.026425868381962266,-0.45377406762864997,-0.11938481896329384,-0.10757311406597662,-0.21324502119274721,-0.4618635685655061,0.03179031744487213,-0.14196673360296633,-0.04828620656693393,-0.2848168248242429,-0.057356852691767504,0.15316164669696733
ocran,0.000741050244198531,-0.16172013551017894,-0.3658757494657948,-0.07785202096415766,0.32621684426820513,-0.12281514087776625,0.3339487719774649,-0.12450669693151772,-0.5725830191630056,-0.11352576421104181,-0.32981677328164744,-0.22998588739667603,0.15117979029685613,0.04065277361670068,-0.07098931925629343,-0.06714571096175112,-0.030338197455355268,-0.1348812525081445,0.17266880897827694
ocran,0.004732495842732094,0.3626830440964547,0.2644348050623829,-0.10339138079770713,-0.3580877779306464,-0.1533605504276634,0.2869804827575129,0.2908343174179014,0.44526024255756086,-0.22404824196887912,0.31470587961770524,-0.060458818543693324,0.06426604577898759,0.12028370902827126,0.12715502862658018,0.020472158268795726,-0.11002148891666408,-0.16651550932694764,0.20733896521564318
ocran,-0.004300544722775892,0.1613840422311167,0.0959400451627972,-0.15289120101289316,-0.28445428424077285,-0.3530929724212293,0.262408516250894,-0.09210628863215153,0.3082070001018452,-0.379725426275188,0.2654083004802612,-0.4078046695422575,0.06989859369943908,0.1812626451130954,0.11000347129536582,0.00916357950825425,-0.09338501704758619,-0.24740580659263264,0.25031587327955224
ocran,-0.0023536195890112668,0.15552603578969296,0.08858376424524539,-0.1544680280567768,-0.16105394967315226,-0.15994345450083333,-0.06417732499609578,-0.08384645786936931,0.19835079862083302,-0.1645229427336111,0.6047786847808766,-0.15413339132700096,0.07174303541723599,0.35494936188427273,0.34195465473941755,-0.09228207905174812,0.12450186153495213,-0.2657761474308326,-0.2877273079283893
ocran,0.24067598109668284,0.11650155193882432,0.07808321281006347,-0.1514122348825198,-0.08089523638367162,-0.16003185188200345,0.12284458424390762,-0.11193588029663741,0.06751660053734686,-0.13305024165965323,0.4146571082565882,-0.1456130079574961,0.042632440522780736,0.30271964211233743,0.3908973716704251,-0.11062062181230523,0.5725791819556865,-0.2043110809596478,-0.2326826688955396
ocran,0.005280961024316815,0.1503295372678118,0.10519987406708198,-0.23017426580977546,-0.22596913084732542,-0.16869789618127173,0.18784440047660966,-0.20497655919156335,0.09699303334326409,-0.16318058371585123,0.2619873498279001,-0.3392829246452235,0.07255716626537742,0.2528739589306271,0.49768977036250955,-0.24150645699061363,-0.13936152199315796,0.0515833873670722,-0.3734077180739978
ocran,0.0023587231595349617,0.036125239519115934,0.08614956585269817,-0.2065167309371392,-0.14197433048515173,0.5415707295773731,0.12465568125616097,-0.2313540116143128,0.031721331707600615,-0.07424454967124922,0.0819259612887921,-0.32986451654164245,0.05863046779430874,-0.005859332365733196,0.39966669904513463,-0.27456284894472355,-0.10924173415151166,0.3352085971886148,-0.2849125577646865
ocran,0.0020647844678171683,0.10183283797366054,0.14298134955172037,-0.2582143681297779,-0.12896905785637836,-0.16250293061366503,-0.22060720483086496,-0.24334861158177612,0.07544246058288955,-0.15809127530260936,0.13829573736724382,-0.2976225640938011,0.07208430872584211,0.30475355300317086,0.4730859563391158,-0.30199232264097103,-0.06485220793825694,0.34078892220303525,-0.28244054970464383
ocran,0.041235684537018646,0.16917652443326017,0.19800843707015534,-0.14903990365623,-0.07128500746826423,-0.08540938943636356,-0.13464373301958626,-0.0976877343819465,0.03616432153057556,-0.08115382802584369,0.3275541116570189,-0.1562805000145422,0.036846369689654296,0.27631898203115546,0.3244366094154982,-0.21012573034032225,0.6657816337571876,-0.16615253452017756,-0.17974485532240184
ocran,1.7145534333768306e-06,0.35002319752687416,0.3452691189249998,-0.21727116115875675,-0.20178751897678526,0.026808341235260512,-0.10320037405405035,0.16174057291834462,0.23780898041561888,-0.20272903188371838,-0.04365861652785746,-0.044759489132182924,0.029111817699217904,0.3851141657244444,0.05547679197772357,-0.3108493828895795,-0.03304214537362034,0.43312749602218276,-0.30610572991709656
ocran,0.0029835586244872704,0.23860202802840752,-0.02358538031095181,0.2472716188722177,0.207369362231625,0.26662929484166337,0.07825827027856062,0.3726406938886854,-0.1272285246402979,0.14807461696053303,-0.21377648140913502,0.2235877012961023,-0.057255879920622754,0.045087334575557574,-0.26792886049076675,0.3012614144035834,-0.027418346460719303,-0.45766747772538185,0.33229374706107384
ocran,0.02687021919192799,-0.20810412079034435,0.03594890081941274,-0.1567420075070054,-0.11572418939433182,-0.15771615069570857,-0.11356867896986755,-0.3250035885718073,0.015129095776245575,-0.03934767253980789,0.14173299818757004,0.4950753718777871,0.028124847975762313,-0.07344180271326024,0.26881361899142714,-0.18850153358588803,0.54290400548238,0.2569990354681364,-0.17973338762204508
ocran,0.00022788434449035457,-0.3814997836548266,0.30338142893786824,-0.3432239068994824,-0.14129587732471152,-0.16414692813862866,0.081491800043327,-0.39894050457649843,0.23053014511554837,-0.30588601827641704,0.18869852083930172,-0.04802902926265013,0.042137025425096564,-0.32079043467856067,0.08354871902426192,-0.3151929479970308,-0.03706086342040019,-0.05455916367114885,-0.17868476878523326
ocran,0.002223481847890713,-0.5861716704483512,-0.127800017865644,-0.012872734881429884,0.25763395646234655,0.004581393570685403,-0.11336669210186165,-0.44016953538788484,-0.2684048260308101,-0.03694143616171226,-0.042494212284244,-0.002932311288476966,-0.12326580890797728,-0.4254642967870141,-0.24081401575152642,-0.013301323373089523,0.02422359119618959,-0.1016987414847007,0.1624023192915233
ocran,0.0044847882911482175,-0.15454937527442672,-0.13237807189861162,0.12703644871635786,0.10580665924635148,0.08618899934213815,-0.3813404184560668,-0.08974435091534512,-0.36649023083866217,0.08269577263330145,-0.06082076277961067,-0.059814961122933115,-0.7577026121649755,-0.030001274484462406,0.10377434333421828,0.08775406296800027,-0.12611210854186164,-0.10829282067110674,0.028436467915770598
ocran,-0.00531724926220074,-0.03769332795982247,0.018687240845932318,-0.40362792638446604,0.08883741559337778,-0.09336252922102393,0.07079880453664006,0.0027685964084960754,0.2387446514644811,-0.243076567378516,0.09674851262410802,0.006524126575854843,-0.23093906021073604,-0.28449512538194144,-0.408152092763807,-0.3558100386745297,0.11648283492600317,0.3124389118139791,0.38671964399249437
ocran,0.04757252075471294,-0.09429100833531967,-0.03686188490842941,-0.4102335149617942,0.16276952703105854,-0.06055534195598036,-0.28787788785162305,-0.10768749606188308,0.0268784469631623,-0.25290266020092184,0.11173572271966863,-0.14034015217251772,-0.12392871439626037,-0.08060175958238171,-0.3708492852844996,-0.3467292594263949,-0.5209803503076648,0.05821030701129945,-0.21342676383342438
ocran,0.10074652570267992,0.037436221422493816,0.01570582565108006,0.14601553860909114,-0.07808071063622483,0.02705026576239046,0.10046438983324943,0.04422218984648212,0.005637862093811137,0.09098029245272925,-0.04350149803363622,0.059831048182781454,0.04089580126931183,0.012680401077401897,0.11530625029009597,0.13960113949047478,0.9516007175129326,0.012893845527181067,0.06360447845173708
ocran,-0.01197203204631292,0.09373686800726368,-0.038345485185319064,0.44462633540211816,-0.1134181186030453,0.21411476789591338,-0.39367414181331817,0.08893474598316316,-0.22217342019117953,0.37308505400470693,-0.09550048109874053,0.18360657122255125,-0.24065684807471924,0.0061580583912421325,0.05412547779156726,0.4449782101003631,-0.21320470606550768,0.06788059547161883,0.1735364076462488
ocran,-0.12143140545302385,0.03699338409664321,-0.08135886045334072,0.25820801911363644,0.02063216924507408,0.17459008884549293,-0.23259852048041976,0.059630099992272756,-0.1841184995397892,0.224053006500409,-0.0771945450662697,0.014634613276920061,-0.478795577964248,-0.03821463822509932,-0.039371489118067544,0.2714356395217596,0.6463016396669651,0.12506403590620158,0.08498993896986563
ocran,0.12069076594118658,0.018756104699931206,-0.0649861594493638,0.16182252486930224,0.038801433778462624,0.12143983933417837,-0.1477450127759666,0.04087318635769766,-0.11533106351232895,0.13636144730286207,-0.04854282267349168,0.02184674347912606,-0.30579372617037637,-0.03932078720400417,-0.02498818923546337,0.17265934391899865,0.8702039972062148,0.09505872886743186,0.05453399948112415
ocran,0.0014064770668819316,0.034411082654912106,0.15559015664457176,-0.2496223174344419,-0.32836565478762336,-0.338366982103233,0.2699473421248794,-0.1058484532990458,0.15759121211387922,-0.19523890759777612,0.09306588036330414,-0.0899351821660117,0.5803120669776342,0.1957577525088748,0.10157652609552319,-0.29758467845017256,-0.032286717323737224,-0.1959876547328117,-0.11309538164668421
ocran,0.06754821995182471,-0.030885520905153906,-0.08158285481916118,0.11055513219220178,0.1980282657948631,0.185268763196984,-0.14377932494786447,0.03259723759155512,-0.09773541713003338,0.1164204756924789,-0.05231112401795333,0.043043905675826076,-0.29396846185796205,-0.09593327374626631,-0.06938360957995837,0.16328628789369704,0.8425336769844161,0.13238774489464333,0.05206988895982133
ocran,0.01478211018997478,-0.014717591143405317,-0.14996152543907154,0.23224404908033583,0.2421062040460847,0.31560796649357226,-0.30286295551135517,0.060831441516261485,-0.1933636275567112,0.22731122170327758,-0.11961053185654359,0.08670681552580367,-0.6207650785033662,-0.07279204507617079,0.055917518941710216,0.2552966111700982,-0.20582223569110766,0.1970275990497823,0.13670772708483345
ocran,0.10642572152518838,0.01121502039191103,-0.05585130334861743,0.11096565445462521,0.05258006352587614,0.11987533713046179,0.11728057444849671,0.027655205472842503,-0.08301272492043871,0.10324666412702542,-0.06382492823061393,0.03205722388591916,-0.29467269728035667,0.0017211912106494555,0.08763780393718101,0.08515991994188987,0.905881475657402,0.04846213052468523,0.07346780777841536
ocran,3.838043431270006e-05,0.12145423077366217,-0.0627484508684948,-0.08487969527236702,-0.5401325228349702,-0.07265571103767095,0.22542032890858182,-0.1391595444967773,0.048555425723314505,-0.058706402288720885,0.18947807451599938,-0.23859721468556264,-0.061250660148999075,0.07251893880879794,-0.24084465621688786,0.5663497723877443,-0.1158512594887252,-0.08680560052824847,0.31550755743946224
