Username,Adjective,LogNumber,Label,1,2,3,4,5,6,7,8,9
grims2,0.0058558377669695,1.0,-1,0.4015605020920443,0.0544934147166078,0.2322837258886465,0.5179893762707198,0.3218112279420238,0.2940653622019111,-0.1942528926177836,0.3921449252829213,-0.3632659842017254
grims2,0.0077549710111089,1.0,-1,0.2993117039217171,-0.2128930677136237,0.6755557399246233,-0.2098513229077576,0.1785023622589939,-0.0101386980203484,-0.1732536793676562,0.4097618518488292,-0.3671354123060299
grims2,0.0096293379631996,1.0,2,-0.4853184641272612,-0.2289274640898216,-0.3421462037105182,-0.3110493581191367,0.0308880943840103,-0.3185654099808161,-0.1475525556288667,0.5002542610145096,-0.3518215449855361
grims2,0.0345867039867234,1.0,0,-0.3703860317278491,-0.1496470562773643,-0.2799272632365125,0.7531405523327697,0.1657167481527088,-0.1783283509414205,-0.213200112511276,0.1745212913045156,0.244264142509725
grims2,0.0017948911246445,1.0,2,-0.4593892965266022,-0.1715445230022968,-0.3389582632709779,-0.3366611845954093,0.4243817456959737,-0.1048070297900922,-0.1804525322215768,0.3649502689397205,0.4176892369383119
grims2,0.0107437272598561,1.0,1,-0.3295898798035084,-0.1315018073625085,-0.232691184789899,-0.2517407885036102,0.3297795607255179,-0.2134943974757355,0.7227249361527605,0.2410092142066455,0.1476752606931713
grims2,-0.2842906326595612,1.0,0,-0.5035036970698912,-0.1843273264123965,-0.3415228157706494,0.5499993586947679,-0.0847516131627423,-0.1387314915311714,-0.3956895049293062,0.3288236732871511,0.0473907207861926
grims2,0.001876849213882,1.0,0,-0.3486476848710555,-0.116565409948334,-0.2390253060712082,0.7775134163771449,0.2538595848031872,0.0165855118307646,0.2517983713655769,0.2276167886301018,0.1525303155473164
grims2,0.0111845272303371,1.0,1,-0.3476222715991477,-0.1266559626710393,-0.2309318428357184,0.3769128973000165,0.0565082739982409,-0.1346593161418263,0.7762616640733756,0.2090130379062527,0.011368273515148
grims2,0.005690595166306,1.0,0,-0.3570121356246865,-0.117526120345475,-0.2431445416654965,0.8221736664608126,0.1609934616851746,0.0770635135947487,-0.0948727907908626,0.2212075488276764,0.1839832442538209
grims2,0.0063427242958393,1.0,1,-0.3469353545135775,-0.1202990636285888,-0.2449584592177261,-0.0697443881904714,0.1352997530895383,-0.1124538783851102,0.8521695371565068,0.2075172242311741,0.0093194577175052
grims2,0.0031389042493607,1.0,4,-0.4493146672316264,-0.0065667769609648,0.668225496375617,-0.219090118159119,0.0095527859701055,0.4103806162436539,-0.1471665012356962,0.2203699457145915,0.2546036437306839
grims2,0.0561114178525602,1.0,-1,-0.2259016232971842,-0.7533908198425783,-0.1499923877470814,-0.0707734385711177,-0.3418415908280899,0.3303814496969478,-0.0278900570768719,0.3439133278954691,0.0938207080966132
grims2,0.0055885260610634,1.0,-1,-0.0143121713737519,0.9282457722274948,-0.134095932118303,-0.0135981547784774,0.187004704917405,-0.1080816837460842,-0.0199816654413725,-0.1755014917092759,-0.2052702333502563
grims2,0.0032281728645046,1.0,-1,0.219929094541707,-0.042806211997918,0.3339961235949935,-0.0685904308734114,-0.4463786684348709,-0.5781603486498591,-0.0765476041629123,-0.2710771458152048,0.4697606887911724
grims2,0.0002153601611688,1.0,-1,0.4855224852337801,0.1422693934047417,-0.2732456815740424,-0.2004648280637094,0.2836078845296049,0.1227174581086586,-0.1841703854627533,-0.5710416484051226,-0.4167465470240138
grims2,0.0108282600369296,2.0,-1,0.3694666077483424,0.1004710682853358,0.1663870352739519,0.4940591700520754,0.3418593626121632,0.2394517337924041,-0.1518825275963167,-0.5634172031675121,-0.2586671172391341
grims2,0.0070670511055382,2.0,-1,0.113284742152157,-0.2277683935155016,0.7270251115944897,-0.2328191357460181,0.1785135075975598,-0.0765132181668044,-0.1583954752177442,0.4342733402915209,-0.3179843669835819
grims2,0.009915034593666,2.0,2,-0.5326379216770277,-0.1954076923838331,-0.3814763412790702,-0.3385499621877136,0.0372831146172898,-0.2714806524496087,-0.1094519100766455,0.5008684332084029,-0.2828987787208287
grims2,0.007292257272969,2.0,0,-0.3284146011882515,-0.0903570870896075,0.0443991916726608,0.7973902005639454,0.2283586607523677,-0.0116019064140067,-0.2842080508004346,0.2105684504816934,0.2622621888708884
grims2,0.0145219982584329,2.0,1,-0.2797577146814038,-0.0899711753699248,-0.1907251483396034,-0.3332973521285083,0.1823569170104784,-0.2014498807199131,0.8099351219285413,0.1847062422798046,0.0472250382698929
grims2,0.0076802202046612,2.0,0,-0.3407360824279395,-0.083679877664473,-0.2272271799604579,0.7779950219320405,0.2797440292145352,0.1304175207101447,-0.2138001729341736,0.2180478952961756,0.1773902606198043
grims2,0.0129548401137523,2.0,1,-0.2941274741615461,-0.0859075625053773,-0.1921699611299722,-0.3083905560514752,0.2303291166750182,-0.1064701236891276,0.8235040174461711,0.1775463738284914,-0.0024330616513596
grims2,0.0093930477038978,2.0,0,-0.3637427361359501,-0.0783121032874731,-0.2342827838053182,0.7772480435293451,0.2844962905100587,0.1979306621283358,-0.1108340602165454,0.2220716015179215,0.1443635030050727
grims2,0.0088151613602257,2.0,1,-0.3545290929185996,-0.0873974732994712,-0.2244778116226926,-0.0751024418136189,0.1922129500920807,-0.0604095083455044,0.8491291938417986,0.2210378699202278,-0.0129183823662899
grims2,0.0241779564329546,2.0,0,-0.405089294255526,-0.0315001378358146,-0.27652733732704,0.734369391720997,0.2714419482873961,0.2333353251369865,-0.1141152886905735,0.2717224787664984,-0.0645222704440172
grims2,0.0092636641724654,2.0,-1,-0.470407159266235,0.0414420219468215,0.2521754863732582,-0.2583032413870917,-0.3431402234823704,0.6145703503793064,-0.0703713294387611,0.157037673665191,0.3487574219931876
grims2,0.0059773773525803,2.0,-1,-0.555178534124261,0.1588600436029911,-0.0034698473247114,-0.0425642618557992,-0.4699167493346419,0.3433249899667404,0.0493079201128023,0.5230103956726883,0.2237221056530951
grims2,-0.0009283225171632,2.0,-1,0.3054521018628082,-0.0562340531224901,0.3455565276969448,-0.099770154360564,-0.5661066522142633,-0.4536120735714371,-0.108634560143739,-0.3695506520280135,0.3155369077603065
grims2,0.0015158561280918,2.0,-1,0.1890911001744609,-0.0328838378070486,-0.0170780022522875,-0.07066004948214,-0.4323354209294704,-0.6038599376279623,-0.0491600311110137,-0.3351568378094624,0.5399732893769472
grims2,0.0009889147311162,3.0,-1,0.4318225789072892,-0.0581018951294415,0.592546207984892,0.1585521135372698,0.3680232619679878,0.2186463254468778,-0.1684642902071323,0.389238985293955,-0.2660246362560678
grims2,0.0072862258158441,3.0,-1,-0.3616632230133921,-0.152142226883914,0.6067405684931233,-0.3990353669471398,0.1216961858528372,-0.2224064570648621,-0.1142206265563962,0.3774748356408648,-0.3144533630287108
grims2,0.0094300497696695,3.0,0,-0.3410944430061685,-0.1053380356283196,0.2848692904569396,0.6894074637822561,0.2628625192039788,0.0323387570321244,-0.2535653029984581,0.2055001022247326,0.3734396354545603
grims2,0.0596139826977576,3.0,4,-0.4661360153423525,-0.1423054442289707,0.1559665931026518,-0.3611908804739515,0.3388100933461334,0.0442203383936877,-0.3970142701754499,0.3865023652909276,0.4288703984453326
grims2,0.0067963455366253,3.0,2,-0.4791406640719924,-0.1524312184361007,-0.3518174376988478,-0.3720688827669046,0.4098309464512648,0.009203269942675,-0.1483197555582325,0.4036613086729904,0.36330548830305
grims2,0.0110335046620519,3.0,1,-0.3531537267050942,-0.1077694301008824,-0.2551377782765743,-0.2475474301904547,0.2860131870170786,-0.1865082830223759,0.7299847473114481,0.2620840000702596,0.1383421192855686
grims2,0.0345325048899405,3.0,2,-0.5904535111564537,-0.1486902978742433,-0.4156615534316444,-0.2583245961356846,0.0277074563520382,-0.1229829470062497,-0.4246517679479525,0.4399059280302071,-0.0032961465275201
grims2,0.0177727585233454,3.0,0,-0.3458589927821804,-0.0794650085463353,-0.2590472151833449,0.8160119476269828,0.1571432703932137,0.055859013975502,-0.2273267534355329,0.2141349395969197,0.1254609465462977
grims2,-0.0190763927645103,3.0,4,-0.3767500001015816,-0.0908616594824916,0.7328939611470283,-0.230678747055282,0.1632672030180141,0.2019886626420906,0.1911347722274018,0.2777118520621239,0.2799024477979918
grims2,0.0967722882356126,3.0,4,-0.3822828797948695,-0.093305613668297,0.7425919585678555,-0.2372331245821502,0.1790933670832013,0.1944053856149577,0.2321487811641476,0.2707501742498219,0.2009101500757572
grims2,0.0016518986704303,3.0,1,-0.3054004124336422,-0.0805976901902374,0.2902752174294446,-0.1722753113810148,0.2542345391681571,-0.0464228143286955,0.8172862471504256,0.2082918019404245,0.0903523797316154
grims2,0.0029862440079262,3.0,2,-0.5488309578492025,-0.1260156819155506,-0.3702756390001193,-0.3860271359172179,0.2629152466535526,0.2504070307960612,-0.2148345436185714,0.3363496559253799,0.3250700677521209
grims2,0.0036991681904178,3.0,1,-0.3616009995982891,-0.0889735307193173,-0.1810646846560769,-0.2129877627983966,0.2148770637419806,-0.0268221226103774,0.8261328307807094,0.2260927323242027,0.0517229572057923
grims2,0.0106585922030634,3.0,4,-0.4405413437963317,-0.0038820003470109,0.6355524168931324,-0.1592465542504869,-0.3402271743046657,0.4535268422198162,-0.0697925729895279,0.1362665301723723,0.1781606510460168
grims2,0.0105582445211285,3.0,-1,0.1351084897939398,0.937176693821179,-0.1549750610104235,-0.015123450660561,0.1978321478084823,-0.1023049641921862,-0.0269906123206525,0.1621377565839195,-0.0507793519114308
grims2,0.0016081087941996,3.0,-1,0.3824672345092624,0.0199331473999555,-0.0660907845593332,-0.1676832935527577,-0.5106987046022574,0.4066452203946904,0.1444488461451591,-0.5044658337116082,-0.3454143261851127
pedro,0.0004805012594635,1.0,6,0.3055863263260066,-0.2422629211758614,0.1243292625320523,0.3726908098044812,-0.5529527743994836,0.3354870830752626,-0.1091139828472399,0.4773465587918177,-0.1884025394781504
pedro,0.0026599108059657,1.0,9,0.159814573732442,0.5168634445103325,0.2427574626387968,-0.0872853933835556,-0.51155510103108,0.154710442615489,-0.1309036665500818,0.4822956477022155,-0.3246424988086607
pedro,0.0001520055611597,1.0,-1,-0.2444955604084317,0.6432522690782557,-0.0955687956610339,-0.304957759404257,-0.3572139673150484,-0.3443519587204824,-0.136653453413313,0.3972471522153944,0.0406970926315636
pedro,0.0027938136484433,1.0,1,0.2759161398478279,0.0749264803229509,0.2099975620758237,0.270349291400715,0.4575536383098181,0.2213332122077256,0.5352343004362853,0.4343414221802396,0.259993539799389
pedro,0.001081865944427,1.0,-1,0.2805342135305643,-0.1164262474078907,0.2338016081224291,0.3069001867977266,-0.4403588555484359,0.2558468594683455,0.520073608060624,0.4624949007988544,-0.1230566500044149
pedro,0.0166292014411635,1.0,-1,0.278072182698784,0.1700174107696797,-0.1237851147958736,0.3463232591658199,0.6390289852040671,0.2886836300481252,0.0070338059808581,0.5109339047846554,0.0755524657855104
pedro,0.0033048782585,1.0,6,0.3269553985135786,-0.41276053931695,-0.180384783452317,0.3526046377294624,-0.5177950436288508,0.3060072517151517,-0.0115971743754427,0.2942625853275237,-0.3426121641596315
pedro,0.0052617955957415,1.0,1,0.3305624112831893,-0.1825583543715773,-0.1535542612434968,0.3419072349638271,-0.2842035649913714,0.27454699764334,0.6214880955734385,-0.2729195139925885,-0.3162929602487427
pedro,-0.0052033726325029,1.0,-1,0.0278464940039231,0.1386364264177523,-0.5454544473569036,-0.3670406416058489,0.0967067327075477,-0.29371236463922,-0.0125221369756381,0.1466733503743818,-0.656106779718464
pedro,0.0063926962603034,1.0,-1,-0.2696808096819231,-0.0989553019812908,0.4731840514494934,0.3248916157010901,0.0104134245374533,0.2653470330686034,0.6433215418327514,-0.0411026634831415,-0.3193006077346054
pedro,0.0282140609045207,1.0,-1,0.3257025607282044,-0.0496638641329082,0.2848030283418551,0.3519430757779597,0.033716196495555,0.299734095333981,-0.1281486491370261,-0.0385913034193454,0.7599907724483768
pedro,0.0007519381424179,1.0,-1,0.4804633790723039,-0.0468376070424476,-0.2941479067565636,0.5523279028620425,-0.0181771455068715,0.4680238655485123,-0.2530819432633291,-0.1910492564825903,-0.2354677066127492
pedro,0.0109407241341379,2.0,1,0.3460125314087867,-0.0437917371033822,-0.0742412404198482,0.4232924353374693,-0.0381753118327509,0.3520318303638129,0.7276211329020337,-0.107042516367838,-0.1655143102505847
pedro,-0.0044583980428959,2.0,-1,0.1513112927220809,0.1929548031582597,-0.6690561525754903,-0.4209830492924814,0.0196355870546089,-0.4061570086206883,0.1686049948272719,0.2142773571697157,0.2744430205619904
pedro,9.194695536123376e-05,2.0,5,-0.4334592210202198,-0.1248241287613717,-0.3248985252214049,-0.4416868633235755,0.3576408447891563,-0.3821353398568749,-0.355368793808263,-0.2982299867781948,0.0819951657864892
pedro,0.0157778093956321,2.0,1,-0.2263122416097826,-0.131689242913079,0.2416420756614375,0.381213998717669,0.053289561200835,0.2964955444848846,0.7095892981801704,-0.1392200413308321,-0.337753060412341
pedro,-0.0002093517672912,2.0,-1,0.5073345553647286,-0.0477507485733958,-0.2207418856658426,0.5922654742777134,0.0042381262102883,0.4418673004543018,-0.2132600463854261,-0.2560479998696608,-0.1857983968949199
pedro,-0.1577089833134595,3.0,1,0.4684451459434769,-0.0228543031197727,-0.2733640728794116,0.5657178161966447,-0.0228538850587447,0.4199210530082541,0.3631559570960666,-0.1209909994614706,-0.2487874599341729
pedro,0.0343311735502163,3.0,1,0.4061507444141448,-0.0278209798125425,-0.2384197179338898,0.4945323953043721,-0.0266543617612048,0.362076357607708,0.584211468525512,-0.1188914494446814,-0.2135728295963596
pedro,0.004891694771792,3.0,-1,0.5453961380316957,-0.1507546484888653,0.509516706136617,0.3476854656158383,-0.0558162953377629,0.4140074347186632,-0.1851940543829452,-0.1510533646305814,-0.2601769785621448
pedro,0.0001462664195586,3.0,5,-0.398783311543922,-0.1741358654003654,-0.2155336633245054,-0.4153606359237783,0.4214303776485875,-0.4556401152246693,-0.1441625987834632,-0.4305995022112053,0.016096239148368
pedro,-0.0310489526681614,3.0,-1,-0.3129530017246574,0.2680537087291159,-0.4808896916872012,0.2630231214244257,0.1568574271196316,-0.2029416095109309,0.119235667356916,0.0096677000618837,-0.6705754333892793
pedro,-0.0039615030849331,3.0,-1,0.0624560155300188,0.0700717726332726,-0.2066315699518905,0.2701031252717302,0.0142763277951807,0.8174056952311555,0.2750778233673185,-0.051895411320423,-0.3589151181902815
xxx,0.001022241798941,1.0,3,0.2378072417177333,0.6301905248427742,-0.1690819023055953,-0.128731524812537,-0.0484322260719971,-0.6569706449439993,-0.1257771556343868,0.1597258812139911,-0.1608066048633165
xxx,0.1590650174792958,1.0,4,-0.3266275979203732,0.0561348092556214,0.5610741704830525,-0.2903060012388185,0.3528263344223422,-0.0830932666047438,-0.2285455407322389,0.3531074368283253,0.427519189018538
xxx,0.0033411217048719,1.0,10,-0.3692435767528598,-0.0052878779445202,0.5669707960903934,-0.3092734578430471,0.4419693807225615,-0.1403237214842015,-0.1752278236226222,-0.3453165059725759,0.2855683880473125
xxx,0.009044960417348,1.0,1,-0.3113859968666151,-0.2484747453695482,-0.2134201105226324,-0.3079739960645394,0.2806783908558184,-0.2634615716819,0.6753420415176119,-0.3068904610125559,-0.0494160813226342
xxx,-0.0075440429823529,1.0,-1,-0.3672202145675991,-0.092279506423563,0.6379814463324178,0.225762670887209,0.3952597438020151,-0.1380670816173721,0.0366673417383285,-0.3665090210481221,0.296105651280145
xxx,0.0017161327819414,1.0,-1,-0.2775847740491613,-0.0011717353571794,0.498887753905915,-0.1961201631894956,0.2373060691428203,-0.0069946095385916,0.6487895448389331,-0.2487965130543262,0.3104875801552285
xxx,0.0054772820750104,1.0,5,-0.4179364275416473,-0.5124623417360998,-0.0764814219786683,-0.277719850408696,0.4912850075683039,-0.2767117851110597,-0.2324902114112304,-0.1387013131266093,-0.2975124270872538
xxx,0.0022448543618428,1.0,4,-0.3419569584229661,0.1665565529030712,0.4230438054969586,-0.150070264683596,0.2104848070544699,0.0293450482717516,-0.1419817618304807,0.7341405584281405,0.2226006322522668
xxx,0.0184194678374596,1.0,-1,0.2901902640056388,-0.1758234965032667,-0.1577486060326446,0.3098602750925132,-0.1019993385803625,-0.4432990012345093,0.4494226240128568,-0.1401232242658453,0.5791758053030619
xxx,0.0016232299742359,1.0,-1,0.4324362063518342,-0.6594870764773448,-0.2415287519950237,0.0465448662881124,-0.3662549494168586,0.3555851482987894,-0.0816607463831265,0.0630328820550503,-0.2152859804871528
xxx,-1.845387627316113e-05,1.0,6,0.3972261891537576,0.3912804442781176,-0.165421051817982,0.4950467123010098,-0.4054214297602311,0.317452117446951,-0.1451007161835503,0.1377885241953972,-0.3339061530040868
xxx,0.0025184033906312,2.0,6,0.4540563597065671,0.3061902013594381,-0.1379740526032363,0.5193803301744015,-0.4677143391654836,0.3406061733734369,-0.1338047504041076,0.1109718471313863,-0.2151740824311765
xxx,0.0012638547094413,2.0,5,-0.4537693903402609,-0.4756188677348977,-0.3437521059375449,-0.3738222134943016,0.4184472860409048,-0.235091252966389,-0.1912269566035945,0.0997242122363987,-0.181914209319055
xxx,0.0251881278334064,2.0,4,-0.2532032980878403,-0.074808041670497,0.3075018125554898,-0.2209045211625695,0.3215692565247401,-0.0523815741419555,-0.1472948030776544,0.7490336149680998,0.31311011342108
xxx,0.0049190995875246,2.0,10,-0.3844140273904531,-0.1248384580882554,0.470749673601162,-0.2763743901927695,-0.1653289269462999,0.1944619691213672,-0.28137671768756,-0.3721626466774422,0.5057925976318898
xxx,0.00157505646814,2.0,1,-0.3210779427286965,-0.3942144995738802,-0.258715005486294,-0.2789355687234909,0.2901600649351786,-0.2281705948757953,0.6127109911679429,-0.2904813924097717,0.0267674386609678
xxx,0.0034573601913139,2.0,-1,-0.3847460749488388,-0.3877571250113313,-0.3078429241676756,-0.2652774846208375,-0.3121270019420181,0.4324106517105632,0.0007339691095624,-0.3490856005432592,0.3608488987598253
xxx,0.0284145670892751,2.0,1,-0.3683742399412839,-0.4634147241308891,-0.2892465384474519,-0.1812592375603142,0.2158742622655912,0.0145692278594233,0.5400814177691078,-0.3783183909290304,0.2267201785413901
xxx,0.0017343999237232,2.0,-1,-0.2935900790495352,-0.5743493289205188,-0.2654128130505442,-0.1231383149025974,0.5577917711288825,-0.2308159502106866,0.2037341286181808,-0.2642995409930401,-0.1501705782771198
xxx,0.0028061518806685,2.0,4,-0.3951076142037462,0.0637609348575191,0.4224804983628069,-0.0986553427391738,0.3805925297503973,-0.0311421794004623,-0.1603984696004385,0.6709301891090106,0.1729345873121284
xxx,0.0148119769540031,2.0,-1,0.2737298617391371,-0.0617985423243131,-0.1476339521972806,0.3008352655528438,-0.0316397416387991,-0.4711361272730731,0.426081600200657,-0.1463730444556603,0.6188815236146689
xxx,-0.0004277450861523,2.0,6,0.4269009554988401,0.2689027687415909,-0.1470321956185145,0.5149170415668505,-0.4831124892773934,0.3676151860436097,-0.1464859135125909,0.0572007433768508,-0.2557737255989456
xxx,0.0003177393695868,3.0,6,0.4286691121023262,0.18238424246744,-0.3041095899234463,0.4314411166202882,-0.4991665901116867,0.3140711149705082,-0.085210187528602,0.293608888966397,-0.2511569130120145
xxx,-0.0036794172689586,3.0,4,-0.3199292552455893,0.2188464156299292,0.5948336444146585,-0.2785605069861038,0.3393445904262419,-0.2361691274664747,-0.1849580420396612,0.072436552179814,0.4560058751784684
xxx,0.0105069034756489,3.0,4,-0.2518188076167146,0.1995311191558,0.4605789291498679,-0.1995858573079356,0.2634408251165201,-0.1406280170557659,-0.1065183766666597,0.6248753327641919,0.3921919206469942
xxx,0.0087101953873849,3.0,4,-0.3430943926416088,0.1367415319979498,0.7164502419492742,-0.2090371359350886,0.3919129690555578,-0.1473892771407817,-0.2304004921130315,-0.213481595320546,0.1805889396919524
xxx,0.0048219050805199,3.0,1,0.2888997151221828,-0.0413089199815934,-0.2485492792239406,0.4681895797170584,-0.2747847579114431,0.2772495650295062,0.6542217923944589,-0.1374569706944423,-0.1859509183846328
xxx,0.0056831422629729,3.0,-1,0.2338578611111448,-0.0049889676003257,-0.1263185616567816,0.3110993524880286,0.0914419800066323,-0.5039280147601679,0.427178579814871,0.1205851513491093,0.6109165469318212
xxx,-0.0008488789802779,3.0,6,0.3551231663348442,0.5330778953205123,-0.210853335876975,0.4615825759852192,-0.3647921479571541,0.289478285540948,-0.1604758113992048,0.1295405055347958,-0.2698030261505668
slasto,0.0011887214811149,2.0,-1,-0.0326162452811273,0.2765812467891664,0.115890396142369,-0.1917783628253491,-0.6756890819920209,0.560193967908312,0.1352638982974182,0.1816489924465484,-0.2248639016355545
slasto,0.0015924308908428,2.0,-1,0.0754953713229315,-0.5038729419807046,0.0952823101442954,-0.1393602674171091,-0.6334951857205421,0.3156227148532056,-0.196860182866718,0.2316007152898999,-0.3443629380522776
slasto,0.0016500972193967,2.0,-1,0.0908614879833452,-0.339084902057475,0.1047341522444057,-0.1390910359561609,-0.4559524949250305,-0.630413964917085,-0.2010279026544628,0.2606448629321379,-0.3644004023859049
slasto,0.0154500600876981,2.0,-1,0.1241126760979592,-0.2179269315852581,0.1324961874598017,-0.265940171954212,0.1622480654028478,-0.1345914483992666,-0.2201557974942792,0.5540124003643164,-0.6700648280086525
slasto,0.002802739495376,2.0,-1,0.0526293809526755,-0.0613717688479985,0.0611200200174179,-0.0980595662319888,0.0732992158313132,-0.0350424194010905,-0.0718469394381404,0.3572982607888441,0.9168901476208278
slasto,0.0093876971899106,2.0,-1,0.0565022836278766,-0.2096163754892966,0.1154227261989632,-0.2501463826347482,0.1976128300146637,-0.1930217056702461,-0.1964901715765679,0.4711742717263508,-0.7348816621020097
slasto,0.0313724117817665,2.0,-1,0.0237382100188166,-0.0717306520743606,0.0445838011896132,-0.1027436042535819,0.0734865655014553,-0.0739925311824554,-0.0778919249222246,0.2024896689812903,0.9611466378250147
slasto,0.5803657021337825,2.0,-1,-0.0192304391665301,0.0612428253013596,-0.0358627193360189,0.0825227018177842,-0.0595605101853574,0.064504866573755,0.0629477623082887,-0.1643333954674404,-0.974221308417328
slasto,0.0007200543461429,2.0,-1,0.0792241225469386,-0.0981710793916117,0.098226913457154,-0.2128790676559991,0.1584506528133523,-0.1199764783497363,-0.1934370659523455,0.1429827178737171,0.912007145133939
slasto,0.0001344355909115,2.0,7,0.1987019960639345,-0.0223762378012271,0.0615554025331722,-0.3291657983314213,0.3375336458260197,-0.0110469951019609,-0.3400119357444467,-0.6903888307123677,0.3762735416999496
slasto,0.0002649019640246,2.0,-1,0.0739790242612972,0.3109041044892786,-0.8718209970773158,-0.095227474213114,-0.0112861891642287,0.1490496278698113,0.2967389303790783,0.045390747230978,0.1275466056799889
slasto,2.207772820836802e-05,2.0,-1,0.0192751117643991,-0.4446837593000865,-0.0871864367748284,-0.5867022508103679,0.570118372322894,-0.3077123794866723,-0.0505403406510685,-0.1364388035703904,0.0957709680198958
slasto,0.0021811259739874,3.0,-1,-0.0118618372585526,0.14711601836024,0.0842508066230011,0.6023594609058874,-0.6412840200996215,0.3385382633446538,0.1929882081454076,0.1133263549291114,-0.1798343515877395
slasto,0.0027630018274235,3.0,-1,0.0882468687262439,-0.4200059007868889,-0.6838749208756433,-0.1598297543824315,-0.4112119930635506,0.2396566447262539,-0.2020818161409827,0.0673916372203591,-0.2250950285829744
slasto,0.0017169880751239,3.0,-1,0.1121064735754077,-0.4108377704718091,0.1711419523415597,-0.3685182223836205,0.356762225201361,-0.3163483882707843,-0.3463352395738303,0.2656401724468942,-0.4854696997504041
slasto,0.0214663796977118,3.0,7,0.1809343787054285,-0.1367942795512631,0.1839172603891621,-0.3290158305134842,0.0690000273638554,0.1043077274773648,-0.2963484108553424,-0.6378324111311671,0.5442236940757071
slasto,0.1749897740567532,3.0,-1,0.1601334725033266,-0.1370936684525255,0.1528507551260107,-0.2547105117013692,0.0181156166010076,0.081269914575745,0.6776739166159403,-0.4996626275893894,0.3892096423386567
slasto,8.747118629269262e-05,3.0,7,0.1664709023766035,-0.2761825444297442,0.1644437666403625,-0.295717305153806,0.3573123768005936,-0.2026499967513995,-0.3705140901645363,-0.6009899076907194,0.3380997602855519
slasto,0.0013506295336824,3.0,8,-0.843817859723073,-0.2384985566300121,0.061569269459252,-0.0960525580815249,0.3426049428989907,-0.1965143256733849,-0.1139901733873523,-0.2034151043511119,0.0877809651421313
slasto,0.003517391767623,3.0,-1,0.0717680547819205,0.1113316229660431,0.0775117653304153,0.5508756214918527,0.3293190603040754,-0.710965429033396,-0.1176898397787717,0.0642661244453562,-0.2026787458598341
slasto,0.0003461857532717,3.0,-1,0.0544285155044532,0.3837342477623152,-0.041853007630285,-0.2110766899959444,-0.1836917157902513,0.1588606576680985,0.662153791857004,0.4839659826476046,-0.2680120315425216
slasto,-0.0019608560469192,3.0,-1,-0.0513185452080795,0.3254495412670632,0.0593679856415217,0.4916916123414704,0.1952744309969394,0.1763905135520882,0.5441084017686674,0.4743786471069945,-0.2362816820281118
slasto,-0.0001328380940927,5.0,-1,-0.074518012834075,0.3557197868571207,-0.0878133006666259,0.1845131127948351,0.1226597655198466,-0.2244426308302793,-0.7130614115160029,-0.4123531405918908,0.2867797633616918
slasto,0.0089405217622391,5.0,-1,0.0628247151954553,-0.255884559646236,0.0801091565543279,-0.0880648549329723,-0.3825793875172071,-0.6457698942756768,0.5149926190201062,0.2236901199051285,-0.1943266326647773
slasto,-0.0026545469863593,5.0,-1,2.42034188925019e-05,0.1072041676496077,-0.0204353943055875,-0.0062032947473054,-0.2026186169849383,0.2541251159662633,-0.6227981255691254,-0.5829338573592068,0.3933546921860039
slasto,-0.0004606681648288,5.0,7,0.001816678650651,-0.3905348483424948,0.1448486671476277,-0.2758625168353066,0.2482322880460523,-0.1299487988545331,-0.2791383685306623,-0.6814499382277373,0.3599996681814707
slasto,0.0006961704895175,5.0,8,-0.8868343765775472,-0.1737980718356452,0.0777881851808384,-0.1231300696662573,0.1595169738694364,-0.0741643410062869,-0.1577147540752455,-0.2878731507693781,0.153023180990712
slasto,0.002270359212699,5.0,7,0.1255923272233044,-0.3434460323513226,0.1462219951137118,-0.2076128014315654,0.2094979490843037,-0.0447640028929581,-0.2743513948027499,-0.6706524285041309,0.4804694253719369
slasto,0.0016001778377157,5.0,8,-0.8280745138314204,-0.4090844595357668,0.0593677302132023,-0.0174198635694489,0.2479627811180703,-0.2220525772476723,0.1442833753306591,-0.0971257531560058,-0.045503112714087
slasto,0.0005081789793085,5.0,-1,0.0499875360505631,0.4964721764577736,0.0796714745571278,0.4687494063716927,0.2885585437926107,-0.5862693677939933,-0.1277456456179833,0.1199376323026419,-0.2593478050513498
slasto,-0.0001783774947061,5.0,-1,0.0318950810376833,-0.748390034641063,-0.1191127797192381,-0.0873732721699294,0.3692083581659755,-0.4736874986654781,-0.065094847267387,-0.1991416384481406,0.1117306020626251
minestra,0.0006160431679537,1.0,-1,0.1414561240429489,0.2807632722752984,0.0205600463484061,0.5631940692452294,0.2038912662058344,0.1783697074253106,0.0134502243732438,0.3610283295766348,0.6161510452142147
minestra,0.000179506330779,1.0,-1,-0.5613238408601705,0.0813817564260618,0.0435986781031221,-0.1238087293921475,0.486076584582741,-0.4819133008771488,-0.1868556208139135,-0.3171936295336615,0.2387999411820189
minestra,7.447624468023732e-06,1.0,-1,0.1759029208083393,-0.5242294870240739,-0.4735439371400642,-0.0668938843509717,-0.5600026527737928,0.2939015323823686,-0.1458092456214225,-0.1992187868647091,0.0677747166794006
minestra,0.0003127343068739,1.0,-1,0.235506855794073,0.3607918528690585,-0.8233292643909429,-0.0082527450018641,-0.2134881257247443,0.2884383136397888,-0.0796793220424876,0.0039022804352608,0.0358986297806635
minestra,0.0053086447298619,1.0,1,0.1336297104844946,0.0405437318469711,-0.025145479618625,0.4644699538997214,-0.2817062371581463,0.225605574142293,0.763627754801955,0.1909298795307344,-0.1195693402320205
minestra,0.0098640926507293,1.0,9,0.2247409712160021,0.4905190632898504,-0.6512728187754859,0.0237668401278899,-0.1340549482194649,0.325516614098734,0.0152436019832626,0.2935132601241196,-0.2717484144832559
minestra,-8.747460275598874e-05,1.0,9,0.3782937982129177,0.4001135361198464,0.0808903651874864,-0.0501673784117487,0.0154475479811649,0.4370337912961856,0.0969121589593605,0.4984823001946135,-0.4884968902415025
minestra,0.0009946594846736,2.0,-1,0.290573632168532,0.2584573841709023,0.0019647047953598,0.7526151390377559,0.1725063730065969,0.2626867962403164,0.1347001911562751,0.3065669101020298,-0.2672884654605061
minestra,0.0001488745918012,2.0,10,-0.3798993594635491,-0.0599203406714822,-0.0201118891049259,-0.1397814371762298,0.3238514981721732,-0.4472479386528887,-0.5024407780208675,-0.412296136704863,0.3237241726114825
minestra,0.0380642514432806,3.0,0,0.2092090823159084,0.2328765469314708,0.0519536900652792,0.8389168490948725,0.153379539044008,0.2306776818628887,0.0829475614217718,0.2347114981676937,-0.2383529880958287
minestra,0.0037067231590203,3.0,-1,0.5619894655382479,-0.3714230046983671,0.055623090777499,-0.0044664053439709,-0.3388621378764808,0.4103161972632839,0.1991126389587492,0.2791471367873481,-0.3772837367393679
minestra,8.170377463907325e-05,3.0,-1,-0.4363781905331147,-0.1288153600137751,0.02838155697707,-0.1664216725109407,0.3431462525525902,-0.5947094443114639,-0.1243045881008047,-0.4785218029604745,0.2204893912826526
minestra,0.0421329125888762,3.0,-1,-0.1699510366155818,-0.3425447415137681,-0.0374867997708604,-0.5578034675259439,-0.1395939057322611,-0.198118225091091,-0.037250911036231,-0.3361634223407293,-0.6067116367351427
dan,0.0044477427651514,1.0,-1,0.0371326747714421,-0.5468030926642933,0.0671224611498105,-0.1964010946360767,-0.6110934994954192,0.1124171090729007,-0.1504118757816101,0.4168204209129793,-0.2722367725858213
dan,0.0139123439436272,1.0,3,0.072470833284244,0.3836939369136161,0.0663736928636365,-0.1885526524034546,-0.1589926285405473,-0.7273630532709855,-0.1529457676311537,0.4000546958575258,-0.2641922340989976
dan,0.0012432514326535,1.0,9,0.1378292958119379,0.5249883824066374,0.096236525953821,-0.2058708014957589,0.4851712455366047,0.2324149688482812,-0.1550871557129452,0.5062742958431552,-0.2897800613896324
dan,-0.1715815207567821,1.0,-1,-0.023836036630737,-0.0706472022508345,-0.0136858419021115,0.0305768489549281,-0.1029808737269,-0.0299849211357361,0.0117779366498966,0.3091398078458224,-0.9413332426805786
dan,0.0019202350270114,1.0,9,0.1973945026170506,0.5707414721219525,0.1110476129989404,-0.2192731152392562,0.2591009126698432,0.2509165862536321,-0.1361342250320568,0.5746328765109073,-0.3099184162345678
dan,0.0046673854368872,1.0,9,0.1742505864432966,0.4979154173628358,0.0984530916398495,-0.1430251148601402,-0.4758869438749831,0.1890785409592282,-0.1805720748492837,0.5267602298837896,-0.3453492196861301
dan,0.0007375769640062,1.0,9,0.1854905256167107,0.5745351514775541,0.1137569772343223,-0.2429208680883658,0.366207976787621,0.2178706451898905,-0.1545892818192597,0.542673254213035,-0.2521575289593862
dan,0.0026236952914808,1.0,9,0.1735632218802176,0.5084359136202311,0.0956319270970918,-0.1738001048115396,-0.5390962053946045,0.1798821289417628,-0.1990115762745439,0.506271959850962,-0.2304725233792918
dan,0.0008093029784228,1.0,9,0.2282628640627974,0.5911791052344125,0.1102083789813676,-0.2561546002340547,0.3587860173135647,0.2356412640982711,-0.1634065776017323,0.5312485926676681,-0.165714441207969
dan,0.0183192980134962,1.0,-1,0.1365033180797635,-0.4494159934698677,-0.0767066387122709,0.1868915745318203,0.6962661679849582,-0.1455996678971043,0.1631283280927853,-0.4266007200541067,0.1549027894001733
dan,0.0344777816075667,1.0,-1,-0.5701482871860127,0.3702146050294295,0.063376043313262,-0.1344492298029117,-0.5681137045714159,0.1168240013201629,-0.152857771159786,0.3605309406454802,-0.1613377593998224
dan,0.0128995100851505,1.0,9,0.1998718864410568,0.5140159424099857,0.089231671794045,-0.1624433779451128,-0.478215253598604,0.1859864356701407,-0.2365437690962909,0.518584226877421,-0.2707865572318837
dan,0.0005100701335226,1.0,9,0.2061899016266257,0.5700741510250966,0.1032319376549389,-0.2515930879175798,0.2842032039093303,0.2304357317037821,-0.1719027794680077,0.5641504480753461,-0.2772307536145563
dan,0.0013055579037729,1.0,-1,0.1801035321686,0.4616070646418417,0.0817125256642907,-0.1350865537883008,-0.4225899680347526,-0.023894538449081,0.5041860447277376,0.4783486801404737,-0.2595805542922235
dan,0.0025043582944628,1.0,3,0.077665351618334,0.458943618216341,0.0394642789679766,-0.1690221815252857,0.1446214111740624,-0.7289943949741153,0.0579492489311622,0.4044402208773207,-0.1842138244156249
dan,0.0065568652115384,1.0,-1,0.1436100127641011,0.4281044763169652,0.0828385604155211,-0.0271943836908688,0.4136644525053403,0.2540280758663892,-0.1607203468844937,-0.6691286540459139,-0.2815816610369705
dan,-8.535228774206187e-05,1.0,-1,0.1083845787635325,-0.4917195496272976,-0.0868213090951161,0.193671117575238,-0.4238978974042934,-0.2508451694128781,-0.4285918901524982,-0.5072495648483628,0.1334629923231383
dan,0.0023466527938026,1.0,-1,-0.7116142857633526,0.2031415572249009,0.0606270586265691,-0.1510295461400608,-0.4086281344628806,0.1627468023019946,0.3320481382457906,0.3416417913393584,-0.0735832748970429
dan,0.0009737582807042,1.0,-1,0.0105048305715257,-0.6653766840154005,0.0478838533783653,-0.126002554509287,-0.5491078735418543,0.1300962691432245,0.3712884817997423,0.2803343407461064,-0.0640861482440005
dan,0.0158470651633915,1.0,9,0.1629471650252608,0.4112449763531105,0.091882306289997,-0.2494368005952233,0.49717223944523,0.2582854828655195,-0.2452888588984599,0.5676691239181202,-0.1932827727721131
dan,-0.0875657516521529,1.0,-1,-0.03562215174537,0.4214784316363097,-0.0604971963867988,0.1750678521451764,-0.3036764915892319,0.712484340401729,0.1593021591849081,-0.3758140048037329,0.1425189087658639
dan,-0.0030771196919569,1.0,-1,0.027814400028436,-0.5567499369767761,-0.0877846523162108,0.2833074671902972,-0.1955423731699986,-0.245084299030582,0.2567430351101924,-0.606011187779888,0.2642289188395242
dan,0.0024789923830487,1.0,9,-0.0459942765518972,0.4961088995594723,0.0812097189841137,-0.2586355507384805,-0.7093922104210124,0.143702719085092,-0.2414006973212049,0.1931629923990359,-0.2424852609147784
dan,0.0081198114842958,1.0,-1,-0.0486824352428011,0.4718471812844965,0.075295242233897,-0.2505017750045082,-0.6506277716312815,0.0828941532444624,-0.2389065817726103,-0.3999887996841308,-0.2435455043358574
dan,0.005685310294205,1.0,9,-0.0363745714146956,0.5016924864312106,0.0801749104709356,-0.2428595137777586,-0.6817943679341384,0.0817873650311865,-0.2437917223172127,0.2864449031459986,-0.2618300217265131
dan,0.0020525678746074,1.0,-1,-0.0056199113109321,-0.6890706795733513,0.0708360622667617,-0.1636188073406026,-0.5543415498958456,0.0398234313252856,-0.1825071169022669,-0.311222286891928,-0.2330504969196347
dan,0.0007033037501831,1.0,-1,-0.0311306583561648,-0.8061430446842893,0.0808542600924963,-0.1318389413897337,-0.4393349669077291,-0.163906456503141,-0.2048814967929925,0.0740314612925603,-0.2406402525661591
dan,0.0120936141478982,1.0,-1,-0.0098641263821528,-0.3490465769007723,0.0701971136507042,-0.1318512354833368,-0.485701034128764,-0.0877412355146032,-0.1977247463575258,-0.716257870302139,-0.2450150445297494
dan,-0.0024931417547706,1.0,-1,0.1744941819833444,-0.4202128837003445,-0.0616912358162965,0.168374306494843,0.5586921882443484,-0.0420068863890834,0.179003494145848,0.5979507178968423,0.2394333842698377
dan,0.0008846876452003,1.0,-1,-0.2710487378086362,-0.5868798883321552,0.0643558209244699,-0.1728755706117753,-0.5301126573229133,0.0764920606030966,-0.1541497893443833,0.4385617552354989,-0.2123862243718871
dan,0.0004846978534501,1.0,-1,0.0488501735930019,0.38596650751593,0.0611942564945786,0.2401970192631083,-0.6798149723335345,0.0609050244419898,-0.1388649724453789,-0.5059449589056249,-0.2146685116631891
dan,0.0031851203335331,1.0,9,0.0628773116102702,0.0386099961031222,0.0764848848593471,-0.2795267514391155,-0.698182934182762,0.093881964631684,-0.2035449453501445,0.5240745479495644,-0.313388991590708
dan,-0.0011084257863116,1.0,-1,0.0426813890278175,-0.5209433699679388,-0.3122278109817861,-0.2388942662594529,-0.3999989555411977,0.0922210256870114,-0.1862714737009032,-0.547424462230971,-0.263372629820555
dan,0.0011088652959324,1.0,-1,0.040161488729584,-0.1970190864424421,-0.8471228620031945,-0.2309076665409518,-0.1355510376463062,0.0989351610772862,-0.186913413211671,-0.2438394541335833,-0.2570573618271967
dan,0.0080907585900836,1.0,-1,0.0355233905059387,-0.3270356547669257,0.1826238923832269,-0.5157223059973431,-0.0963935717154767,0.2138110720388866,-0.3992560100291463,-0.2677740500316087,-0.5534885614504641
dan,0.0094102781285137,1.0,0,0.0180852130935729,-0.2707082254385324,0.1397506877378689,0.8077995713982894,-0.0682173858872115,0.1634030708362754,-0.0098820898137959,-0.2319303652322182,-0.4111885870995999
dan,0.0012063836689285,1.0,1,0.0025889063366618,-0.1909879569782678,0.0877302026614301,0.6033485847046673,-0.032021045844868,0.2146747607149486,0.6918869797923584,-0.1682952329324888,-0.1940343171454351
dan,0.0008000641567166,1.0,-1,0.0694366129960038,-0.0793216981686253,0.0776539315394499,-0.1930362754189098,-0.0888197916874634,-0.8768067064847049,-0.183512393346595,-0.0930212917371694,-0.3557875392758191
dan,0.0012711294788857,2.0,-1,0.1312945124432495,-0.2423241921131678,0.1298730393198556,-0.3569734403222406,-0.0852584395706815,0.2382353679330498,-0.3176241446592385,-0.1617973786866926,-0.7672386280738832
dan,0.0042996777650257,2.0,7,0.1335214735275072,-0.1405937198498718,0.0880453211577123,-0.3025628612067679,-0.102316329170383,0.0976030632883115,-0.1838574108689237,-0.4101788646000183,0.8006646743876488
dan,0.2614560571413777,2.0,8,-0.9683467594782684,-0.0539233117191703,0.0164358368285395,-0.10151208543147,-0.0415786246151657,0.0619322272587984,-0.0881244166836322,-0.1201406910217405,0.1451134328280349
dan,-0.0016296377642545,2.0,7,0.3367665368646769,-0.331911498919993,-0.0587331019310522,-0.4539998320208607,0.1463714276753383,-0.315112923842128,-0.465604293502848,-0.4296933457438281,0.211454847848375
dan,0.0008772162747169,2.0,-1,0.1253379561338682,-0.1214802436732228,-0.8409818671828924,-0.212167559174981,0.0304101399610033,-0.0535733969041133,-0.139304606926018,-0.2380134771043533,0.3706970444853525
dan,0.0035491277036092,2.0,8,-0.7094417668301707,-0.0968322306644267,0.0630931210965107,-0.2014390807147369,0.0435176378929977,-0.0702482178050651,-0.1241052044187267,-0.2633389743531047,0.5926038637427252
dan,0.0011883532965783,2.0,-1,0.1380670045396967,0.1288752465573839,-0.0854066258104202,0.2780964156649064,-0.0614787994584815,0.064068358216895,0.2255956433642914,0.3078618812881548,-0.8521385071580351
dan,0.0004486158681399,2.0,8,-0.8452050567137289,-0.0908003052363441,0.0669401476469302,-0.1579189516834587,0.0475251391575501,-0.0918735440654471,-0.1121346610183559,-0.2058075415995385,0.4270058836534884
dan,0.0023212719674605,2.0,7,0.2275441692827132,-0.213070571049998,0.123800487484968,-0.3446575169128242,-0.0076480403427963,-0.0758410717106228,-0.0458915349388453,-0.348847757084352,0.7994360930247711
dan,0.0027569033924301,2.0,-1,0.0857302071154802,-0.3486411321943734,0.144463577822771,0.7414908350907453,-0.0476710944221988,-0.0078565991233785,0.28060224110643,-0.4017455441979164,0.2407279570370029
dan,0.0016405685348712,2.0,0,0.2007865517831453,-0.2689208162748329,0.1576167442356736,0.6602482045840182,-0.0191637118159297,0.117770402368156,-0.3980763635853985,-0.4587813814389306,0.2083587357235808
dan,0.0021288597871516,2.0,7,0.1838298956999155,-0.321937007001855,0.1753702356365371,-0.4632085891088318,-0.1226964837667408,0.3502390645430021,-0.4493979603393542,-0.4935820062174573,0.1842353476364836
dan,0.004356431575952,2.0,0,-0.0027238644437004,-0.3717670289274619,0.1232214704688977,0.7899361536075665,-0.0535810446483669,0.0451540948074947,-0.0721602383308947,-0.4171308239329998,0.1961737859899122
dan,7.78001338692277e-05,2.0,1,0.0380536488018479,-0.1866849162858284,0.0760189539243827,0.7540549398769321,0.0596581881396409,0.0750825135720053,0.5589455387921854,-0.2595821444504953,-0.0179844328812008
dan,0.0001852925377909,2.0,0,-0.0140013769783583,-0.1669691964058441,0.1368153801342654,0.908814497651238,0.0942208235677213,0.0618293359670576,-0.2888801011024155,-0.1705200507814386,0.0450974345233482
dan,-0.0016760572366178,2.0,1,0.1399600541367208,-0.1282696820282222,0.110607280857619,0.6280079999767941,-0.0840275262473215,-0.1299138548322637,0.7153506789456242,-0.0520799058274767,-0.1376695609104227
dan,0.2235342607331003,2.0,1,0.1853612154348151,-0.1009348445325537,0.0990306764695719,0.4850405746686396,-0.2411145793060427,-0.4932459827196615,0.5490026411687261,0.0413422672146269,-0.325332168902976
dan,-0.0574120732332222,2.0,1,0.2028352188397612,-0.1071815367089318,-0.3541339141049132,0.5122499462555911,-0.2165819707059758,0.2605417332273168,0.5625098495564286,0.0445827476981722,-0.355477789180313
dan,-0.0002513088901378,2.0,-1,0.5066227929225617,0.0327435502136963,0.6027337665624962,-0.3826197346465124,0.0132259739941461,-0.2184603448675154,-0.429692923696748,0.0061344853734635,0.00136442719856
dan,0.0056786687799658,2.0,-1,0.0310734877528609,-0.00421050568052,0.0522354393647417,-0.1098989043708077,0.0112981059582311,-0.9736106953599007,-0.1316883161878858,-0.0361516911063547,-0.1323488155805441
dan,0.0201675815941526,3.0,-1,0.1115457934042507,0.0433208863358079,0.1551670150226569,-0.4325109775291939,0.0805938938980353,0.6888988133519441,-0.3813514963376277,-0.0621437270095839,-0.3796979473339854
dan,0.0109409976268379,3.0,-1,0.042135307622161,-0.0095382546075228,0.0539400102696226,-0.1468405662553333,0.0093076499651656,-0.9675839050637016,-0.1470119703327868,-0.0388898462961698,-0.1192970062167893
dan,-0.0043040465922952,3.0,-1,0.2505054180955645,-0.1332087632630416,0.2196271482048149,-0.6597898941243266,0.2579273678174307,-0.1166088893942876,-0.4438673151373502,-0.1986121725097853,0.3454772403592356
dan,0.0012958897683578,3.0,7,0.1682183400958477,0.0028810717329141,0.0922837039758618,-0.3419340904746678,0.1608415919480072,-0.0164740674583041,-0.1653872563205587,-0.2666015878068241,0.8495224078618956
dan,0.011075148760799,3.0,8,-0.8770161460742965,-0.0284898152271267,0.0624959951466642,0.1681180709906217,0.1075646239699189,-0.0380757257948722,-0.1240269604164961,-0.1319317598713371,0.3899397252817838
dan,0.0005775929792283,3.0,-1,0.0412246723788885,-0.0234809709338464,0.0951941672944543,0.2810912616307836,0.215991167764045,-0.0890389169892943,-0.2157340606684675,-0.2598178917247809,0.8608416279755924
dan,0.2641381304020969,3.0,8,-0.7888954768716201,-0.0273101140643093,0.0702398453026631,-0.2145195750075667,0.176105007948212,-0.1048691852808303,-0.1995727190919469,-0.1618789037620528,0.4667989189971008
dan,0.0005408423794938,3.0,-1,0.2039384799023109,-0.0442830059936836,0.1041370556049951,0.2271471590221638,0.2249971698949581,-0.1366855842851449,-0.0209315070679268,-0.2840581053358408,0.8623073367345
dan,0.0133076710106661,3.0,1,0.1831645088365028,-0.1554323017727223,0.1377244778767028,-0.440328540194849,0.1677641999559056,-0.1765700077409143,0.656175010059524,-0.3342038642294653,0.3575676803610526
dan,-0.0002058271317335,3.0,-1,0.1194436937430649,-0.0162561057431775,-0.1624403926197616,0.5975494813268534,0.1891407516990846,0.0471220401037042,-0.2867567174082192,-0.1883238399993629,0.668076855574981
dan,0.0054119337735599,3.0,-1,0.0408703724496822,0.031932697369334,-0.8426370957903592,0.3571250106674698,0.089085546013242,0.0526975036991947,-0.2118498118081331,-0.0497755761732672,0.3188466008869569
dan,0.0088931385992105,3.0,-1,0.0670623336345773,-0.1254967016890793,0.1423405678698815,0.752997022900511,0.1669219867305193,0.0100778662623454,0.4200888742035568,-0.2019544675936161,0.3837487267223117
dan,0.0008588601125194,3.0,-1,0.0832631726915319,0.0131648171387359,0.0986405203127096,0.6530973569326436,0.253813553991722,0.2167925182570162,-0.1027890288883086,-0.1639568386391557,0.6385609416685316
dan,-0.0007387110886878,3.0,-1,0.0850235741558376,0.0216891097219127,-0.2249292696489858,0.5837775249593201,0.1075059447201323,0.1894860318223931,0.6913036750566264,-0.1491283717833399,0.2308867093214092
dan,0.011590929968409,3.0,-1,0.0572063470886619,-0.0209723615639007,-0.7426355153761044,0.3958170994568932,0.0024183494086981,0.186053459266736,0.4635040802120637,-0.1188086225805501,0.1566385957901319
dan,-8.153578120044497e-05,3.0,-1,0.0773341503479729,0.0381662557042514,-0.0893861148752094,-0.6729331399762553,-0.0550671140734632,-0.0977998631819922,-0.7179527316430563,0.0399066461451107,-0.0456947714034641
dan,-0.0003452952711106,3.0,-1,0.0198466735936517,0.0462017870907873,-0.1013785997118919,-0.0402640671694974,0.0637647898822149,0.9712705717974504,0.1300880131039391,-0.0460763865024416,0.1381820980351242
dan,0.0005115564627237,3.0,-1,-0.030974705045975,-0.0690210856265217,-0.8873637952702981,-0.1860933929086974,0.1454808188144416,-0.2446533667712492,0.0854758913170013,0.2555643613389978,0.1363531886205801
pabluccio,0.0040750386616587,1.0,9,-0.0215875206791555,0.1996402869767474,-0.4249341863502747,-0.09973013652417,-0.4217667744866525,0.4458876256926468,-0.1173194779175719,0.4833183082570125,-0.3809188077589458
pabluccio,0.0138200497027228,1.0,-1,0.028120476550342,-0.3906255247967785,0.2405452155958879,-0.0985530689030454,-0.5450320674005927,0.4182110460504484,-0.1020279983093708,0.3630383071782388,0.4060532866362616
pabluccio,-0.0059849746381645,1.0,-1,0.0563953044527793,-0.3899648273619427,0.254284079810012,-0.095634117580592,-0.6656326304173802,0.445914070216712,-0.1044463429887115,0.3378321963748688,0.0632055155918118
pabluccio,0.0021737154784126,1.0,-1,0.0716588436012913,-0.440032064264567,0.2370424996514887,-0.0502218018407381,-0.6620322260489515,0.4253673396153212,-0.0867556786181784,0.2863124904387524,0.1838477213324838
pabluccio,-0.1085464296307513,1.0,-1,0.0827585452507164,-0.5099271504487718,0.2215471645000185,0.0092096521644281,-0.6721725443750443,-0.2171429035261635,-0.0729275559787095,0.243506489558953,-0.3469532415044519
pabluccio,-0.0003219898843254,1.0,-1,0.3828980169646628,0.1235078761054427,0.073857044404025,-0.0257101957754805,0.5141582118370328,0.6570758876299828,-0.0018114386167876,-0.2528640631644999,-0.2682687669398601
pabluccio,0.0052076093910063,1.0,-1,0.0259095949614266,-0.8536618929072259,-0.026933182091631,-0.0014308852649305,0.0161277371373831,0.0062356390520525,0.0080224708450355,0.462373131298239,-0.2360304261577463
pabluccio,0.0034342939000213,1.0,-1,0.1239078827893804,0.8443698319073751,-0.0390504849796327,0.0403545704393145,0.1871280494443218,0.0518235395673635,0.0826543675172804,0.3967155389185094,-0.2580996752877972
pabluccio,0.0002373865243286,1.0,7,0.2083249108082779,0.0191985857611549,0.4023136800142894,-0.293981777500199,0.5469561133762076,-0.1916443573512243,-0.2457085559622645,-0.550665726420042,0.0919596477903972
pabluccio,0.02565161876937,1.0,0,0.0611668181798251,0.0766078998057874,0.2441752005799488,0.8717040427755546,0.2554116811018329,-0.0862781185955615,-0.1334162490503656,-0.2820238946072168,0.0297316336559697
pabluccio,0.0002570616192081,1.0,-1,0.0260855010409406,-0.3829446715150187,-0.3734263591081816,0.3289939167472373,-0.4522433124987035,0.1967481237400497,0.2461920957709474,0.5200701703857804,-0.1751322763513354
pabluccio,0.0042598089267831,1.0,8,-0.8793723601870693,0.0193961969596268,0.1788449421319889,-0.1688860301183649,0.26670706086377,-0.1447205033533843,-0.1446758689423733,-0.2254245750638344,0.0446767130035557
pabluccio,-0.0001136112304835,1.0,-1,0.898161371944728,0.042520107447287,-0.0359484557479705,0.0252354674495852,-0.2564588020685732,0.1161556989847741,0.166549182508911,0.2740421961434688,-0.0864178864261393
pabluccio,0.0098199531788485,1.0,1,0.0672947215654748,-0.0541762865344037,-0.1336305279302003,0.5348896796828762,-0.3894175292829459,0.2566286402627898,0.6237527721283779,0.1904542564039226,-0.2138402379451626
pabluccio,0.0030004843107002,1.0,-1,0.0840768123275714,0.019515441641335,-0.0680318283543619,-0.0864161642750367,-0.4177196810739129,-0.7027572938318662,-0.1047183993362984,0.3250561695002328,0.4421189337373264
pabluccio,-0.0001313559798223,1.0,-1,0.0531156423209876,0.3087427164825841,-0.3518610984487505,-0.0817755491185116,-0.2724055182661118,0.3118761174167194,-0.0926096365277642,0.4094588487000018,0.65089063441664
pabluccio,-0.0010799849548141,2.0,-1,0.0233799458907708,-0.4348335860055529,0.4113340205262663,0.0272591056785389,0.3109198312317452,-0.3088287745248801,0.0503985098325118,-0.2276140426158551,-0.6277259590856622
pabluccio,0.0015279385483812,2.0,7,0.2171200668650162,0.0906685935672402,0.3814889518870445,-0.1163599202056711,0.5352391749621379,-0.2591482745956591,-0.281981054606392,-0.5726988084304342,0.1562964756105976
pabluccio,0.0088284878498225,2.0,0,0.0776528718698517,-0.0592378533304344,-0.4394053935486459,0.7876324824285476,0.2150992729989824,-0.0682126787039759,-0.1205859445172394,-0.3126616853659634,0.1174730380781386
pabluccio,0.0233407545627367,2.0,7,0.236677053253214,0.0732027481015683,0.4344174657111452,-0.3277988618296713,0.4123253900071417,-0.1410988833019842,-0.3614839225192132,-0.5379839388110919,0.1801006247347567
pabluccio,0.0151127999245075,2.0,1,0.1210720935517112,-0.1326604933993428,0.2174264776718863,-0.1715686474013849,0.279606745479898,-0.2134469102089821,0.830358876673537,-0.2767773217213859,0.034519591606516
pabluccio,0.0029053151720555,2.0,0,0.1326189537540293,-0.0367439602451965,0.2402697938838962,0.8284302057652867,0.228591305451776,-0.1555161857206359,-0.1858577913370631,-0.3519058501144979,0.0470722839749705
pabluccio,0.0005047579146262,2.0,7,0.2218893143583709,-0.163201964709661,0.3950231024359769,-0.3276741577863682,0.4310243929907126,-0.256089587694354,-0.2198076656446898,-0.5929408935360264,0.0972544516584416
pabluccio,0.0034445314579421,2.0,1,0.1252849413694223,-0.0344036416088687,0.2213185860852388,-0.1943915368521141,0.2133046426130453,-0.1904950688110184,0.8335626582373782,-0.3458094863733912,-0.0123263493552027
pabluccio,0.0106461261505261,2.0,7,0.2441868597012095,-0.4412623303222039,0.4239753769765911,-0.2958450438294446,0.3372443995701132,-0.1067141345422747,-0.2960270792512409,-0.5023778128165227,0.11508141958694
pabluccio,0.0060579559566987,2.0,1,0.124945770587208,-0.5516018371226854,0.0257189389956951,-0.0718922301556777,0.2696247261188396,-0.1690119430278054,0.6968421097427377,-0.2947744304691026,-0.0234646654704293
pabluccio,0.0067825924397943,2.0,7,0.2037100718496677,-0.6616650096147645,0.386888131802829,-0.1074078683670518,-0.0188009708827522,0.0946576569141229,-0.1994569092675762,-0.5558621348511318,-0.0374623120885879
pabluccio,-0.0241652127116594,2.0,2,-0.2336191921158388,-0.4166045999276366,-0.4725961611290079,0.1349589901448833,0.1680769190221289,-0.2321631314800464,0.1781704273431366,0.616526126168035,-0.1905331574962297
pabluccio,5.0723224227038055e-05,2.0,1,0.0994367469025598,-0.2316709600546228,0.0779708688321887,0.1617914934709761,0.0178521025991371,-0.0090756566356844,0.9270360691952424,-0.2036581003737813,-0.0539573474087495
pabluccio,0.0130483800351089,2.0,1,0.0719117038057975,0.1329778409348122,-0.0441923505055316,0.636244321262204,-0.302488286445604,0.2343308961816632,0.6047657589066142,0.1448724469726359,-0.1929922773445231
pabluccio,-0.0001442735923636,2.0,9,0.0800652630080971,0.2667992672188063,-0.4784098844650077,-0.1183328576273811,-0.3764908933878594,0.4137828305990489,-0.1234969944878892,0.4369981340711484,-0.4004354147563762
pabluccio,0.0017530534484003,3.0,9,0.0426329043058407,0.2569329092911555,-0.3149039912488721,-0.1829963584265085,-0.4001552975662789,0.4830859575911214,-0.1236377444242508,0.4613182311368595,-0.4218040040992434
pabluccio,-0.0003298446054321,3.0,-1,0.0295904494486249,0.3665183729813363,-0.3652112190888732,0.0995315163289595,-0.5831908710401983,0.2368318439247844,0.1159087394563012,-0.3180998828559558,0.4589985234841821
pabluccio,0.0254927619927901,3.0,-1,-0.8025718025681849,-0.1316735397536627,0.2329895532495219,-0.046984739414208,0.3613443019281582,-0.1117291287414689,-0.0734517700087973,0.208479380789748,-0.300228189070887
pabluccio,0.0153144734175503,3.0,-1,0.2462829533571041,-0.1827269566326573,0.372628902134866,-0.0252284402414034,0.5536108852896182,-0.2498459150250407,-0.1305232950221217,0.3351743052705564,-0.5178616169203248
pabluccio,0.0012610225845727,3.0,0,0.1177602946404841,0.0083790191070119,-0.0758967720124213,0.9442975568930716,0.1931714023178809,-0.0519717596441218,-0.147043740186759,0.034576796409606,-0.1605317359179661
pabluccio,0.0143841760820914,3.0,1,0.1290651710302482,-0.0565056623654156,0.2247781634212054,-0.1876172028669343,0.251378788096006,-0.1188203156614164,0.8502344235102068,-0.2934944434485993,-0.0898706203913357
pabluccio,0.283563375596464,3.0,-1,-0.1609593598652462,-0.1093742053977654,-0.2809666031436615,-0.784541039810169,-0.2267767786255065,-0.060135275738113,0.1875106363247878,0.4107190381122904,-0.0937452223966445
pabluccio,-0.0773652967622489,3.0,-1,-0.1314012749779904,-0.0744797252362245,-0.2302280232992954,-0.8617127025719927,-0.1792817752753155,-0.06147156574947,0.1542449311254096,0.3356370716324734,-0.0962720104869668
pabluccio,0.0041353618055333,3.0,7,0.2662226251362447,-0.3692388799233993,0.4619448034234371,-0.3356040869921604,0.3294657241145027,0.0614514108449709,-0.3101084877850978,-0.5039221734109111,0.0658505010615227
pabluccio,0.0097728148582812,3.0,1,0.1254110474075211,-0.1628286254267897,0.2225081347360703,-0.1663957164060521,0.2812193234514946,-0.1753221191014082,0.8322334425426726,-0.2655827885150582,-0.0871356970315571
pabluccio,-4.1447114198734006e-06,3.0,7,0.2448410882469212,-0.477078084473078,0.4428127390502286,-0.2735602912184879,0.3363137653893731,-0.0530699040949455,-0.2392405919084703,-0.5157654277817262,-0.0485549915276105
pabluccio,0.030227128578675,3.0,1,0.1278598889614781,-0.6938100381669989,0.2431293403986592,-0.0015025084961084,0.1371520671042244,0.0089035362817896,0.5968081108055717,-0.2230729634827786,-0.135402789518569
pabluccio,0.021001116556052,3.0,-1,0.2381676211432205,-0.6931702516542156,0.4501036803063238,-0.031804489609988,-0.128194341073118,0.2174346528144497,-0.2312410308460348,-0.292471523860315,-0.237618841703135
pabluccio,-0.0003097903352689,3.0,-1,0.1399181601034613,0.7972338876053726,0.2757465405023276,0.0045258152514861,-0.3725133144099267,0.3094601513043863,0.1587151576327057,-0.0492504504875929,-0.0814649404994965
pabluccio,-0.0027530008994482,3.0,1,0.0759842107164711,0.139379986524019,0.1811494224050659,0.6229047990740846,-0.2093708655797544,-0.081529682625193,0.6821681371462898,-0.0110002018021134,0.1949781958354239
pabluccio,-0.0518944443209739,3.0,-1,-0.0687919106032379,-0.1509133954512198,-0.1687904030533458,-0.5579899749502466,0.1221411712408676,0.4472496834342305,-0.6307962044992513,0.0630870895803986,-0.1257586190865472
pabluccio,0.0037782430710344,3.0,1,0.0745926673440952,0.1737482973574577,0.1951870953802119,0.539036174857149,-0.3166668581489594,0.2793555852561752,0.6151801665177866,0.1545043976475317,-0.2344222150378561
pabluccio,-0.0007265730303969,3.0,9,0.0724905775829543,0.1112433672767317,-0.452200462073903,-0.1452882836833858,-0.4221553517088414,0.5013632320659779,-0.2116892061358732,0.3217101530139412,-0.4229493020828384
SADAX,-0.0008570115928741,1.0,3,0.4049914354117389,0.3025439447697874,0.2135338511420937,-0.153952039643471,-0.4139496308390179,-0.6459255926510233,-0.1263923208255399,0.0893401849423589,-0.2502404985404635
SADAX,-0.0589489531443176,1.0,-1,-0.3358684700805466,0.1467146305230718,-0.6216355818127561,0.1201537131861261,0.3596028538314155,0.5129516809434257,-0.0060870559016375,-0.0556938512594716,0.2631102047509508
SADAX,0.0007794534421591,1.0,-1,0.1816070566197225,0.1715085915241511,-0.0920657568837432,0.0643422549754027,0.516887351000379,0.7591232323446488,0.0116715704764158,0.2741610597146512,0.0790349474764359
SADAX,0.0336757146762011,1.0,-1,-0.2047744906883052,-0.001703081313182,0.7285709338577673,0.0165303980791109,-0.4359508033833548,-0.4476110936804913,-0.0794158555633928,-0.1650474379969099,0.0549483274878015
SADAX,0.0008796115400685,1.0,5,-0.5366269699958827,-0.1900904307392765,-0.1396088986919409,-0.3244549848777698,0.6406002668987522,-0.1472175876843493,-0.1032398300123166,-0.3210018211803775,-0.0734376581321921
SADAX,0.0637392711361168,1.0,1,-0.2065773281563169,0.013512688329679,-0.0549885817949583,-0.1006555169088508,0.2034816316526498,0.0305391605365185,0.9240074501457596,-0.179678113647713,0.1248059707655217
SADAX,0.0003006239140105,1.0,5,-0.5445796303981899,-0.2905125616166467,-0.0953935792004004,-0.2239414422260997,0.6383608718376246,-0.0010676615347923,-0.2876294336431983,-0.2252802177676727,-0.1371063929564722
SADAX,0.0023230869768108,1.0,-1,-0.0926749861754304,-0.2507172179365927,-0.6823902583900296,0.0293031472472846,0.0654583043093068,-0.1718702206341383,-0.0480346009950832,-0.6356182236056466,-0.1479698380315427
SADAX,0.0056605925847603,1.0,-1,0.3145245526785213,0.2683136778249854,-0.0629990309131038,0.0009069283186728,-0.1645436117031061,0.251854055216671,0.2352285884630293,0.8188549683486389,0.0935487163914966
SADAX,0.0018576497684996,1.0,1,0.2694253386402468,0.0110010537727808,-0.0567762092585375,0.5260828826803645,-0.1493384455861343,0.040562432689275,0.7474734347214986,0.1774967848199161,0.1820255471517878
SADAX,-0.0002119398997022,1.0,-1,0.2557519203894512,-0.2861072517250583,-0.0727391091437035,0.2319041496548791,-0.3362984322345344,0.046955066442972,-0.1405063574143614,0.3011430759005289,0.7536129515052907
SADAX,0.0027102085263254,1.0,-1,0.2491578774239858,-0.6754485927491128,-0.0513934796627733,-0.0942850640750367,-0.4288265988142813,-0.3339777981411937,-0.0364669064912978,0.0880848853029417,0.4069845007142084
SADAX,-0.000176554365759,1.0,3,0.3761291895263746,0.5248816025902169,-0.0719571385498908,-0.1582412269953507,-0.4462675081215326,-0.5523468631594788,-0.0605102153367792,0.0840471063708664,-0.1945273041059748
SADAX,0.001607694806213,2.0,3,0.4302143477346532,0.0963828397619124,-0.0608625786861242,-0.0864186098176452,-0.5794068357336529,-0.6167799818793493,-0.0584227416019661,0.1454277010617628,-0.2318647736961423
SADAX,3.542414064449649e-05,2.0,5,-0.5115102540442615,-0.2513198704253123,-0.0430326085722086,-0.2322962589882123,0.5838450224820916,-0.0247410378944568,-0.1104298558190708,-0.5141796978199464,0.036326043782524
SADAX,-0.0072739954155353,2.0,-1,-0.1896104899167575,0.1830012586834825,0.9416593320168494,-0.0242549621078203,0.0069646457738053,0.1347222936077203,0.0249804850891977,0.0170350232532861,0.1553543733993561
SADAX,0.0066484071939437,2.0,-1,-0.1442782119216902,0.1545075816255338,0.602605922169139,-0.0437794714031981,-0.0422627089166817,0.1314939844080159,0.0182372081269433,0.7460661840351935,0.1193168639114921
SADAX,0.0039418319246633,2.0,1,0.2580526049602263,0.0007832735815181,-0.0519460089469955,0.4941261704517073,0.0427628008622323,-0.1215016740108978,0.7786363382441959,-0.0368958325296979,0.2496437777464623
SADAX,0.0018427275586572,2.0,6,0.3182679742442728,-0.1000650161664697,-0.0895112202688822,0.5895932625727301,-0.3072397798562001,0.393573695189144,-0.1972150546360289,0.2989616673185937,-0.3943242613800738
SADAX,-0.0111608424591391,2.0,9,0.1109200420291374,-0.0344997388114088,-0.1443236903898924,-0.1935479611486701,-0.3543786468781802,0.6224923828089685,-0.1082384133287127,0.3795578402461217,-0.509269743058646
SADAX,-0.0001737525283129,2.0,9,0.503688842396543,0.513369028896532,-0.088765784078181,-0.1585214880335431,-0.2456847740676854,0.5325904467168414,-0.0782751594304943,0.1472838772096258,-0.279120458603764
SADAX,0.0008503972965604,3.0,9,0.3474548534668488,-0.0475776575354647,-0.1320963570889326,-0.1821698604651813,-0.4104102812916962,0.6863448041479568,-0.0768003442150044,0.1095048424877832,-0.4110727345824028
SADAX,-0.0002241233261429,3.0,5,-0.5931113267028129,-0.1833900236531064,-0.1505527966238483,-0.2825235269452774,0.6405967756139015,0.0081441924371332,0.0542007212379603,-0.0400430450211838,-0.311656293178589
SADAX,0.0009686898380158,3.0,5,-0.5531774013822021,-0.0998004844282609,-0.1430085217959562,-0.3757149630666027,0.4732180026622164,0.1205255805676336,-0.3431279410523978,-0.4069517256288639,0.0247643007485697
SADAX,0.0004645796736548,3.0,5,-0.5458298447385566,-0.0690772298971171,-0.1511714446293167,-0.3540423259382905,0.6441196939616262,-0.0453476219433175,-0.2621818411520991,-0.2423951742170687,-0.0682496695710305
SADAX,0.0037155743963887,3.0,1,-0.1542830826349253,0.0334805192375568,-0.0497718414409196,-0.1084518689373753,0.0834585995315382,0.0893748667266257,0.9493893700355358,-0.1690223595990354,0.1263914654901721
SADAX,0.0007904778220808,3.0,5,-0.5524040883615057,-0.1337689424562498,-0.1427790303577469,-0.3297572080212846,0.3688375308175001,0.1599029755675866,-0.3533882998264796,-0.5003486053887748,0.1048228140248033
SADAX,-0.0045903209481223,3.0,5,-0.3762150715037909,-0.5475479229239762,-0.0574009501831311,-0.154154741142242,0.6191081935561754,-0.1758220598528569,0.1003967029827355,0.0760217129281385,-0.318634254139216
SADAX,0.1437820450780461,3.0,1,-0.2245869418173463,-0.3332159160121681,-0.0344963810471815,-0.0462745355955608,0.3500237270659403,-0.0853063361668742,0.8154395513072581,0.0647057689862109,-0.1904579928901362
SADAX,0.0090319185373112,3.0,5,-0.3973530910208161,-0.3356761387083243,0.077020656299189,-0.0607747629782639,0.6896199678793715,-0.1293409770066005,-0.1556191038247084,0.2693581473290271,-0.3615665806010739
SADAX,0.0029136397176098,3.0,-1,-0.1966312685770029,0.1585356558360418,0.8749073593333656,-0.0283464309340055,0.1279351133424182,0.0470701335013756,0.0145181641337001,-0.3674733674079758,0.1269083880061138
SADAX,0.0075347925017841,3.0,1,0.2112241917333395,-0.0146438320717896,-0.0418181853855744,0.4960716716670759,0.0719856671463101,-0.143424567297274,0.8003272324426365,0.0268399167964433,0.2008418085148137
SADAX,0.0269420637875135,3.0,9,0.469326573680964,0.5385352171733587,-0.0837240328214062,0.020931428791153,-0.2194146756889243,0.4763866881104261,-0.1643457162908871,0.3998628061577089,-0.1423997682225369
SADAX,-0.0004405445766714,3.0,6,0.3219316191703265,0.6109631325046608,-0.0563845062939062,0.5703664451810071,-0.1182740344984324,0.3048992568114668,-0.0593702219143282,0.2310244247097626,-0.1753213531110321
grims,0.0091818454819569,1.0,-1,0.3117452475710869,0.5880615295170987,0.0052253225923798,0.4708216999333344,0.3074025427159337,0.241856860287156,-0.1202997673343936,-0.2845817635786885,-0.2947003269019145
grims,-0.0019541009537432,1.0,-1,0.050165827422207,0.4521094619287245,-0.3427252405315404,0.2845057448370369,-0.1822046079694423,0.0623079413255666,0.1164287386492148,0.5966546979241767,0.43363929295547
grims,0.0054935500321138,1.0,5,-0.4615259849899005,-0.4075951543131184,-0.4738442837037398,-0.3617039869664491,0.1134738418286531,-0.0713851512170383,-0.0842514727007359,-0.3433546151274918,-0.3500555970102576
grims,-4.360190070205925e-05,1.0,2,-0.4351532110385239,-0.2108799935232818,-0.430100836705571,-0.2920881138465196,0.4069748732449331,0.0367316059616181,-0.0172592279255976,0.5028817186415512,0.2751426049297282
grims,0.0165004055758182,1.0,1,-0.3665611994677807,-0.2320099435099057,-0.3491875413001197,-0.2555892623269802,0.3100042068093679,-0.1414859081138351,0.591180971872487,0.396331483448994,0.0430349442885568
grims,0.0024696688993965,1.0,2,-0.503915532257827,-0.2837317621847702,-0.4723463522794354,-0.0623693995896074,0.061479052010224,-0.0721574526409302,-0.3422731819434288,0.5572299688862362,-0.043839067618273
grims,0.0063135102533076,1.0,0,-0.4455291290892906,-0.1965653935185786,-0.4159322652473764,0.5171982840667038,0.2277333632152006,0.1212988436465585,-0.2326382986226758,0.4354327630218149,0.1098815889869826
grims,0.0040306038979413,1.0,2,-0.4909263828217836,-0.1265700069392559,-0.4451698250393032,-0.3363126475264499,0.2901835799776737,0.2358258053985155,-0.0797545172465655,0.5103554902197758,0.1582565005992617
grims,0.0054225950189206,1.0,1,-0.3508284689762921,-0.1569759076926254,-0.3184058562671371,-0.1870898503513048,0.2213501387140357,0.0188192642235169,0.7331941054705673,0.3588336113631795,-0.0144167539613038
grims,0.0091154798607096,1.0,0,-0.4068953200170883,-0.1725819131761673,-0.1061061172031901,0.6748573243078355,0.2580760731097472,0.1847862896777072,-0.2567318369260977,0.3922292624444009,0.1321230590739155
grims,6.492072772838739e-05,1.0,-1,-0.0370244465655622,0.2091724212176514,0.1375900444062015,0.1800655279015498,-0.1776925911485702,0.0077433773558083,-0.8617860164746319,-0.3561684388525169,0.0485361930158682
grims,0.0009563070485767,1.0,-1,-0.5177825326085626,0.2929010193341914,0.0688637759496075,-0.3260491930487861,-0.0538759482394289,0.5049022248116865,-0.1181325330386946,0.4540762546850517,0.2389362488682315
grims,0.0081430739706279,1.0,2,-0.3816468502393806,-0.6640221424607275,-0.3904147831249994,-0.1491882324044666,-0.0497594569142603,0.2127293552988545,-0.1001481064851168,0.4192316564153117,-0.0722830361991486
grims,0.0012779379882448,1.0,-1,0.4774414764176424,-0.6461355080937116,-0.0185142931577424,-0.145430317697597,-0.0326648341643701,0.1539484227100024,-0.1105734552131672,-0.4686353330174206,-0.2765015602557394
grims,0.005516014759447,1.0,-1,0.3566822542090618,-0.1450941076648004,0.3640101966025585,-0.2028276145640254,-0.6379711527003697,0.3101608523031419,-0.221098536424619,-0.3052508606008906,0.1811447164754972
grims,0.0007764583326476,1.0,-1,0.3175000384012007,0.0806156685741253,0.3268709359081049,-0.1085091058039273,-0.5493892622868001,-0.6144867311217626,-0.1023645680384118,-0.2761858698935288,0.0888614711362288
grims,-0.0091176276951861,1.0,-1,0.2892698157766453,0.7314126546095792,0.0358853893251933,0.3277970824777628,0.2727725227310847,0.1562772012172408,-0.147370711145594,-0.3077423532996221,-0.2395180966320455
grims,0.0046520827796299,2.0,-1,0.3724043264281629,0.4980000157481862,0.310631426999139,0.3121659203501749,0.2966960388227184,0.2749186912821279,-0.1590133220775055,-0.3743931094895991,-0.3005117192457128
grims,-0.0147257487967994,2.0,-1,0.1262467507680926,0.2007543103279216,-0.5424550499697384,0.4170277867742848,-0.1565842344520214,0.0837705588408871,0.102683314289612,0.6160016949076389,0.2324902760454845
grims,0.0027620234883003,2.0,2,-0.5259436544436619,-0.2672548231776613,-0.5515255686741325,-0.1671668292473089,0.0837285323354774,-0.0693883138414282,-0.1490358196696718,0.529719673701094,0.0720632823384019
grims,0.0042773632701304,2.0,0,-0.3254263367329179,-0.1222282291454784,-0.042054336276397,0.746024036386718,0.2539935940348107,0.0287655938585434,-0.2174625256075485,0.3953053484496617,0.2279058040877801
grims,0.0343046512965395,2.0,1,-0.3106969523065944,-0.1385150489101664,-0.3250474961749337,-0.0624967549176138,0.2025740515124098,-0.1508206598355377,0.7470524316298374,0.3869847185265547,0.0556025192907041
grims,0.0023159452583297,2.0,0,-0.3534128979746889,-0.0316181419285157,0.2862251325771027,0.7224706554418957,0.191716709542201,0.1010510823184926,-0.2076537113259479,0.4096497669832641,0.1109564273955675
grims,0.0079463558739579,2.0,1,-0.2997803634284916,-0.0815733160370388,-0.0320779645448771,-0.274187456560041,0.2029691555827305,-0.0364699514097802,0.81674662671416,0.3426332232985016,-0.0164516637006167
grims,0.0125644051679682,2.0,0,-0.3487238240581159,-0.0369668290689401,-0.3522809502623184,0.6645100171031146,0.1926404789735132,0.1631505507019167,-0.2838475114921074,0.3775069055774378,0.1566537183164495
grims,0.0046014311094296,2.0,1,-0.3283336265763177,-0.0594677378601236,-0.0604716412774657,-0.1636027635307065,0.2046932433327593,-0.0316186181198318,0.8299091570405066,0.3553322036893392,-0.0181297926924055
grims,0.0001786821692394,2.0,-1,-0.478679247911475,0.5070362334701729,0.1455083260751405,-0.3056512859189441,0.0530366760297399,0.394593494035438,-0.1237698851157966,0.4154852208025424,0.2296109455576923
grims,-0.1177293964941967,2.0,-1,-0.3396173513152243,-0.4418507544165203,-0.3058848144737407,-0.084988155054338,-0.6591093318911735,-0.1222451731786756,-0.055887495196211,0.368259334041737,-0.02306764622419
grims,0.0026805785890195,2.0,-1,-0.2822488337341405,0.6550023329348992,0.1366928124865857,0.109547465215093,-0.3945694721857934,0.0455912960772145,0.0590763239154868,0.4037435903705382,0.3692687830204118
grims,0.0033297592918307,2.0,-1,0.3999120302463239,-0.1261011358551481,0.4239448037154641,-0.2037410074879332,-0.5668217702831979,0.187691269265341,-0.2023996281898353,-0.368296039878339,-0.2642096943034069
grims,0.0011041259892912,2.0,-1,0.2816429659707583,0.0105315228670154,0.2920784875721498,-0.1040488321293832,-0.4976394491452176,-0.5197770919869346,-0.1055858959644452,-0.2274113101380432,0.4937132692870504
grims,0.0008169166989208,2.0,-1,0.3176068528244797,0.7194412259822325,-0.2846307385403657,-0.0514540641856282,0.259062183792031,0.154841135094027,-0.1425489886447168,-0.3010897243466255,-0.3095218940459579
grims,0.0082606072342116,3.0,-1,0.3521972381300437,0.5266033141099895,-0.101406942007109,0.4442120097058034,0.2762667866705569,0.2779759037095755,-0.1463955692410462,-0.3333471936630944,-0.3238709972982176
grims,0.002442567178587,3.0,7,0.0379873434209156,-0.4553939721896471,0.3512888875814912,-0.2994693058012318,0.1925866833512501,-0.0524514140769445,-0.1526418658358043,-0.5755459089541419,-0.4285955321923601
grims,0.0723500205662313,3.0,-1,-0.4135780847240219,-0.3955332420566902,-0.4168039894565987,-0.0573432064203516,0.0571728522213798,-0.1326071104354037,-0.0912859844710784,-0.5759673998812797,-0.3668349163569613
grims,0.0627012794999694,3.0,0,-0.4142890769825602,-0.3670412810587865,-0.4232371672373206,0.3452193743150994,0.0354354565521789,-0.0939653512306581,-0.0775463923964349,0.5675462361504053,-0.2390226152541364
grims,0.0117758362929339,3.0,2,-0.4984688415332308,-0.3933180948527957,-0.5212993059350826,-0.0744067747282966,0.0766039645953703,-0.0302889591797223,-0.1496122547705699,0.53882540935044,-0.0061740431564043
grims,0.0036935127300879,3.0,0,-0.3171133219289371,-0.1560395453698939,-0.3347901656625668,0.6816701689514938,0.2658556212375218,0.0687163877487559,-0.1958303306311068,0.3750649896640565,0.2095416639182086
grims,0.0122059534472935,3.0,1,-0.3355840427994996,-0.1871886264373319,-0.3383296014600853,-0.2717390080743317,0.2394870893386168,-0.1243150595966564,0.6392851947013476,0.4164054121678701,0.09564221436191
grims,0.0008819048316007,3.0,0,-0.4776320121652815,-0.2332480775512349,-0.4694391791592755,0.002338819558446,0.027995872600666,-0.0202386190214961,-0.3906389540457672,0.5841503703179483,0.0453934370124123
grims,0.0050897658069122,3.0,0,-0.3350333387637093,-0.1581630308015643,-0.3338518993545712,0.6800691400414532,0.1983431085868411,0.1391716701081195,-0.2235357342258165,0.3833485251810237,0.182079468766286
grims,0.0051066985165711,3.0,1,-0.3094725811933737,-0.1805750260133274,-0.3008023973689666,-0.1072308903606836,0.1735604135379898,-0.0302070735573811,0.7807340341985175,0.3589635321348144,0.0142373227947542
grims,0.0015474043839418,3.0,0,-0.3395957411324865,-0.113510411452167,-0.2910678578269767,0.6112579986803467,0.2945456844721755,0.1778980970257015,0.3415178191607877,0.3937301195227939,0.1528743251681789
grims,0.0042522853612209,3.0,1,-0.3347631881904783,-0.1126675822332974,-0.3064072912378006,0.0373617122415264,0.1674791077144092,-0.0126686619968744,0.7822138205169481,0.373041699810593,-0.0270181560814621
grims,0.0393237974641781,3.0,-1,-0.4641168485101462,0.2602176045962394,0.5887613360574965,0.1168958604332822,0.262547585924354,0.2938904428190836,-0.1247161978720095,0.4290353817880687,0.0406137916448608
grims,0.0001778409192598,3.0,-1,-0.5040711429265491,0.3808935432182072,0.0044441803860771,-0.325532968844258,-0.0789217286915795,0.4964703976953138,-0.0921541871309832,0.4063749534458574,0.2617182359298582
grims,0.0124749644985587,3.0,-1,-0.4188485904315842,-0.585910346492228,-0.3868958231432111,-0.1368740987873987,-0.232857519394051,0.3242345402174365,-0.068424745080249,0.3852946988613028,0.019168076690793
grims,0.0027026330951743,3.0,-1,0.4473560446862688,-0.7214546328049558,-0.0338755164082728,-0.0967223728703159,0.1069312105514741,0.0830014334522088,-0.0664767264460913,-0.3704731958279808,-0.3299696172835016
grims,-0.0042785632280264,3.0,-1,0.3269502906567341,0.0961898439432882,0.182040836559696,-0.1584337547631494,-0.5750103659345572,0.084771185729834,-0.1631686377408808,-0.253120389152345,0.6301538621073864
grims,0.011010194778858,3.0,-1,0.3351196311988926,0.3703812293033368,-0.2562043941719626,-0.1191729959286469,-0.4067184402028957,-0.1911430969319328,-0.1416778066693148,-0.276153213376707,0.6102302122531456
grims,0.0021875899249773,3.0,-1,0.3867575784169044,0.7106862036055165,-0.303702692254243,-0.2028958214042716,0.2482185299151716,0.1603311469296115,-0.1468052874690552,-0.3094533411624499,-0.085498408532508
grims,0.0006755463075171,3.0,-1,0.2458436346984543,0.4451403931700826,0.2862008555875899,0.4470060250765187,0.1615921395309309,0.1520546781426744,-0.0941933420185813,-0.1586372375787557,0.6135265421498527
Pa0l0l0,0.0182591809851965,1.0,-1,0.2635552270518695,-0.0687578186524026,-0.228469716427701,-0.1852112673593648,-0.2336848919893717,-0.5662465880100273,-0.210140176954211,-0.5279759564212957,-0.3756967501589195
Pa0l0l0,-6.905617256181183e-06,1.0,-1,0.2542205504755325,-0.0702592606431207,-0.2210373953368091,-0.0605568974964935,-0.2058661190662796,-0.6348976350608759,-0.2020534731393362,-0.5104826011510544,-0.3619625974699572
Pa0l0l0,0.0065665439323944,1.0,0,0.1868567479521561,-0.0386511479430249,-0.1636597219026908,0.8369241151303014,0.0740998193592651,0.0144490264381022,-0.1569715903970485,-0.3603853561960695,-0.2759473187061164
Pa0l0l0,-6.70897348649172e-05,1.0,-1,0.2219110694579309,-0.0575584466194596,-0.1952668399656655,-0.1330080992243096,-0.1947829890552324,-0.7205815447084777,-0.1839913831660429,-0.4405509868791251,-0.3263526201918416
Pa0l0l0,0.001557448779709,2.0,-1,0.248442868541486,-0.0866247897797493,-0.212352537592447,-0.165603397951765,-0.2550319339230146,-0.7208384064663966,-0.1961965975214893,-0.4848608564978849,-0.0046637571732703
Pa0l0l0,0.0018136344601128,2.0,-1,-0.2350144262981374,0.155277041338711,0.1740443196798048,-0.0490097611166984,-0.278231866148885,0.4881389552510718,0.1419027427526026,0.4367596520610572,-0.6011454773379105
Pa0l0l0,0.0006966748739675,2.0,-1,0.3051929155918358,-0.1655046411411639,-0.1981987138843039,0.1195481974510843,-0.2808823482123406,0.2338251505600891,-0.1345633625701287,-0.4661144443105042,0.6759821950475446
Pa0l0l0,0.0002124094964723,2.0,4,-0.579326354138636,-0.1330901130646844,0.6268664235881385,-0.0219105086839565,-0.2280348003413159,0.2782324926762373,-0.1855637988963767,0.2694344213547683,0.1295545937924317
Pa0l0l0,0.0304045661418748,2.0,1,-0.4270008291291175,-0.1576943034491499,0.4122925000572792,-0.0876641618009532,0.1842975607207267,-0.2780828223880547,0.6795939906759847,0.1890269716674243,0.0791065897343891
Pa0l0l0,0.0136014533796084,2.0,0,-0.2617190789423869,-0.106490591204675,-0.1463924565695723,0.8963130866690994,0.110022186849055,-0.2072608927975489,0.1707825244346986,0.1044791773352767,-0.0145068465365289
Pa0l0l0,0.0014077172595441,2.0,2,-0.6332449502815856,-0.2925128363137705,-0.3415370157969003,-0.3046210454435935,0.1350338549854504,-0.3604963224869064,-0.2611671355561933,0.2816974124087234,-0.0907860874624166
Pa0l0l0,0.0047794077019078,2.0,0,-0.2736931644700099,-0.1037130011851849,0.1626719062645404,0.9186461097083208,0.1055178159279002,-0.0940298898283581,-0.0744570090440955,0.0945423199552645,0.0974941794156925
Pa0l0l0,0.0012826765252432,2.0,4,-0.4671983592658484,-0.1870858060427559,0.6132559029025679,-0.2487394114544226,0.2037471521133257,-0.1468888051069197,0.398452327816732,0.2419311061769473,0.1684825103163289
Pa0l0l0,0.0024908770251374,2.0,-1,-0.2750256513346681,0.8281926573293291,-0.1918483165985991,-0.0014813603788751,0.1925789154333617,-0.1636673073788914,-0.1698521095946039,0.2358440598192452,-0.2308767129520217
Pa0l0l0,0.0021518153995715,2.0,4,-0.5581273976524288,-0.020700248452959,0.5462570928541514,-0.0293389967580645,0.3872133360726904,-0.2747110219909116,-0.1112430013565192,0.1525934276499021,0.357418027988082
Pa0l0l0,0.0021024821238179,2.0,-1,0.1512036869325916,-0.0864038403775263,-0.116264327555381,0.7964735092209615,-0.1348631285115124,-0.2372080040503714,0.4050752847873433,0.2313157709207075,0.1724404356109272
Pa0l0l0,0.0349384799712407,2.0,-1,0.18930071751262,-0.411295134870329,-0.1483848140361742,-0.0620156528968976,-0.5047107762702736,0.4907526246484399,-0.125150800924372,-0.4520980415928564,-0.231324636979384
Pa0l0l0,0.0001731139444226,2.0,9,0.2248091971357765,0.6359233571164191,0.2029544718845165,-0.0222654774547008,0.671446589003415,0.0551248815908308,-0.1286311982004775,0.1814525781972386,-0.0050736449524074
Pa0l0l0,0.0025611691468217,2.0,-1,0.2511852927168961,-0.0681432873164081,-0.211920032035046,-0.0752606528119593,-0.3218697528505218,0.3283331376505339,-0.1645832316196115,-0.4746566559744266,0.6464509316308111
Pa0l0l0,0.000834165037878,3.0,-1,0.332074014875731,-0.1726061569564354,-0.2853710023783142,-0.1017104695331523,-0.4720771811755638,0.3977319484039632,-0.269080812024418,-0.4387634649681748,-0.3495524356309173
Pa0l0l0,0.0097093309863886,3.0,-1,0.3161801552926814,-0.2025051103265754,-0.2198813123092754,-0.002783522300765,0.0729424860998159,-0.0941531856608518,-0.1391863163403548,-0.6560423001183829,0.588826367736657
Pa0l0l0,0.0001316112719641,3.0,-1,0.1753352754874731,0.1007757717403985,0.2785276692426512,0.0698057192347376,-0.1285180592581253,0.1953276777657815,0.1796723885147671,0.7552459730851802,0.4682978151939271
Pa0l0l0,0.0025609890414379,3.0,-1,-0.3749514329262692,0.8272826365453992,-0.1757060665431906,-0.0721115074416228,0.0916378712052105,-0.1816597556249692,-0.1147202271409392,3.392882396717362e-05,-0.2904886795940022
Pa0l0l0,0.0015188282257842,3.0,4,-0.5251569333135803,-0.1757105961406575,0.67613937424176,-0.2503691786720309,0.1493000593628582,-0.2123093325407526,0.0709425879815246,0.2271230713750089,0.2224933752219086
Pa0l0l0,0.0005141165106949,3.0,1,-0.5128588870161676,-0.2402413128522251,-0.2984177887319714,-0.248277111896913,0.119588946572741,-0.2582740613672411,0.6137791730089823,0.2443283087154049,0.1055318440433824
Pa0l0l0,0.0087483714992668,3.0,2,-0.609572320377045,-0.2672034715057073,-0.1205989561812233,-0.0777905127197,0.2880171619182481,-0.3041101076053493,-0.2217613899243703,0.42378952469132,-0.3636150444326891
Pa0l0l0,0.0034790534845991,3.0,4,-0.5915613556734216,-0.0367084349407932,0.6091767633895314,-0.106409322981019,0.2841641039899547,-0.2294546244669313,-0.1910336588681198,0.0748737898988364,0.3013134153783518
Pa0l0l0,0.0029142319807734,3.0,0,0.1462305819961462,-0.0797257180025606,-0.1123096687381445,0.8134743275005502,-0.0659672382901302,-0.192056786577503,0.3707200831633057,0.2113936608896899,0.2730354150297061
Pa0l0l0,0.0059500260729212,3.0,-1,0.411516341574211,-0.1822855027851432,-0.3029142120868695,-0.0958583433570765,-0.2788640104172912,0.3517876047451157,-0.1950530622187226,-0.5700900950144068,-0.3631974470499693
Pa0l0l0,0.002814971166388,3.0,9,0.4480210138939968,-0.1912686102523045,-0.344962095251012,-0.0994943084773821,-0.3433605587509786,0.3927633441958042,-0.2095387936085177,0.4204746902345255,-0.3754071606373492
Pa0l0l0,0.0023069082652972,3.0,-1,0.3581314090139112,-0.1393425464474984,-0.291225547035753,-0.0987513208237926,-0.287683306527515,0.3262746329251188,-0.1702624123420716,-0.7297361604420554,-0.0839072831060573
Pa0l0l0,0.002389705786958,3.0,-1,0.3060206064964336,-0.1219972289099098,-0.252448270202015,-0.0946330169775558,-0.2404579521778345,0.2811967871796014,-0.1419218305606401,-0.5059640380555042,0.6369846574500766
Pa0l0l0,-2.501537556906808e-05,3.0,-1,0.2900141507712873,-0.1132329857267135,-0.2524520066066258,-0.1492532814257383,-0.2704386721962157,0.2613710756163482,0.7501106866998053,0.3324474068022249,-0.0492167701183682
Pa0l0l0,-6.980982409751219e-06,4.0,-1,0.2951578948730293,-0.1016078657226876,-0.238893781846562,-0.1849908319352958,-0.2808961288594628,0.2675744599512922,0.7449148326357149,0.3246884996897115,-0.021127121773408
Pa0l0l0,0.0005319602161879,5.0,-1,0.4126644420465057,-0.2254899279774743,-0.3426761696407853,-0.1548005526032628,-0.3811047562635086,0.2992109378494371,0.4133419010393372,0.4313861085946616,-0.2139127390001293
Pa0l0l0,0.2527348342831826,5.0,-1,-0.2382767383877544,-0.927376341525464,0.158298249354353,-0.0857647612565888,0.0276644466187641,-0.0160468013660423,0.0520752026056278,-0.1937445705019595,0.0975283565629911
Pa0l0l0,0.0092729544220681,5.0,-1,0.2481402266087454,0.9185396063285246,-0.1636233654272848,0.0946305555197371,-0.0242152128704965,0.0081565969051886,-0.0545761236515708,0.2083021159596299,-0.109373856104406
Pa0l0l0,0.0309171793500865,5.0,-1,0.3988631997577573,-0.3114881802964996,-0.2555398566593228,0.1639112657008805,0.6105174792945565,-0.439961724666556,-0.0944019207896295,0.2730673922676205,-0.0440488931198889
Pa0l0l0,0.000322493309878,5.0,4,-0.5787974050596559,-0.1551042475801866,0.708845199163729,-0.0505517656211556,-0.071449158725256,0.0796396956883363,-0.1473344329328318,0.2016906635433237,0.2491690522393356
Pa0l0l0,0.0059349809418427,5.0,1,-0.4461642762305445,-0.2091173999302191,-0.253680461293747,-0.1020127953516358,0.0893888937461773,-0.2871916054596305,0.7447883335992775,0.1917738440078148,-0.022151819827478
Pa0l0l0,0.0045796263899518,5.0,0,-0.3024028451546952,-0.1206741920865034,0.1138486058905877,0.9107931726591112,0.0583750448302841,-0.1095893344994427,-0.1523399539227791,0.1131724658616629,0.0071842533058518
Pa0l0l0,0.0043189519671198,5.0,4,-0.6319270743117581,-0.1898306014545994,0.6693683684464113,0.0094788797613773,0.139573501590266,-0.0226065029471147,-0.128247731349731,0.1889426637272094,0.2105944599714657
Pa0l0l0,0.0048798857183517,5.0,2,-0.6314175660549353,-0.228753633202373,-0.2119458041220502,-0.1384955087533611,0.4874093998185062,-0.3341430987759833,-0.1736019740760649,0.2950364709287104,0.1359334567792386
Pa0l0l0,0.0037391357011227,5.0,-1,0.1802779363650664,-0.0919075475628702,-0.1278013467267759,0.814623413422083,-0.1984495760460783,-0.2678731374501631,0.3704619408692427,0.052742167054461,0.1671715903550594
Pa0l0l0,-6.727117399565767e-05,5.0,-1,0.3164328956655322,-0.0342117541623917,-0.265245327256247,-0.2260923253166097,-0.2067683242890108,0.3836980736981928,-0.2451837679250081,-0.6547622599637815,-0.3137210646477872
peppe,4.272687987388427e-05,1.0,9,0.3512483499037809,0.2062887544194311,0.3990541188395284,-0.2329450664463364,-0.0173451712820641,0.3429397834340447,-0.2247539017832376,0.4250045380946464,-0.5210664342951337
peppe,0.0097013526974485,1.0,6,0.3505741646802048,-0.0758608795889806,0.345802990316816,0.6179404635922155,-0.24999372179805,0.4368181782200034,-0.0670970345675948,0.0996380404541409,-0.3196498466055611
peppe,0.0008590139669453,1.0,-1,0.4156796941622084,-0.3589333650437135,0.4261548988651685,-0.3188786324949591,-0.0150882150609793,0.2808556138065769,-0.203301667460685,0.2208696023250897,-0.4958459155494165
peppe,4.256882780525263e-05,1.0,-1,0.474231313114835,-0.1427757361424645,0.4827592972323701,-0.4192434830835702,0.2159106358120474,-0.2789380714451612,0.0242818489744747,0.4007728343136117,-0.2454909171157428
peppe,0.0001016953453523,1.0,-1,-0.1639779195776342,0.1134512157569324,-0.4958166067415168,0.6724013693032903,-0.0063607430727619,0.2486689589764358,-0.2898365552414949,-0.2924029924685089,0.1757865341913188
peppe,0.0014688779518186,1.0,-1,-0.5601830480763718,-0.6560652627200135,0.0998366022521614,-0.0878489977613196,0.1880247251104857,-0.0917825962241176,0.3577292416200495,-0.2573701363238577,0.0100792132197794
peppe,0.0018271764413277,1.0,-1,-0.4973665770384645,-0.5590606265834906,-0.4357813014796279,0.2822890549044387,0.0065907406288918,0.1476724640073209,0.1102179500135736,-0.3413414763855166,0.1413246479448142
peppe,0.0022355074283952,1.0,1,0.182484828487445,-0.6441209375660243,-0.165300446491626,-0.1389980674592895,0.1615651030526211,-0.0738938296732685,0.6364330570989017,-0.2500435414634046,-0.077655749363612
peppe,0.0373171470716261,1.0,-1,0.2284261106585741,-0.3370261681869523,-0.446029928814257,0.7137719927774454,-0.0261668036936607,0.2708483979670246,-0.0286925022375009,0.0653481821561375,-0.216066003717551
peppe,0.0016475994891814,1.0,-1,0.1680933884187893,-0.8696248480902641,0.2286937184718277,-0.1475269042511966,-0.2593727448672482,0.2396828725370228,-0.0033458173519745,-0.037537550681179,-0.1236522124144882
peppe,0.0601532303780857,1.0,1,0.1361468356737483,-0.2280390067866359,0.2257322822943247,0.4600352008960908,-0.0075671837002228,-0.4084017587578551,0.6875876337980833,0.1210905327113036,-0.1121867688119342
peppe,0.0120385877383563,1.0,1,0.1194733073557241,-0.2130381283731195,0.2855791215191992,0.356584852796352,-0.0675716911819734,0.2358333434652905,0.8042113858997381,0.1405130377106931,-0.0703528711611367
peppe,-0.1886855901268156,1.0,-1,-0.1781441669850718,-0.0881542037563546,0.4676395654008409,0.1805387882389848,0.1797141841403201,-0.7685901837686478,0.1431040184946305,-0.1571768713194839,0.2024872524095081
peppe,-0.099415235695029,1.0,-1,-0.1531268062679116,-0.117427934270095,-0.1857481592184793,0.1395206671014052,0.1670379921954064,0.9072331460632592,0.1130430080505351,-0.1231969364125244,0.1728137358276675
peppe,0.0026124044513084,1.0,9,0.371189727676698,0.430495126278401,0.0043288580338517,-0.2967703465756589,-0.1302428974981946,0.4444804031044836,-0.284192635498949,0.3045748684526456,-0.4480439811468221
peppe,-0.0363913435911375,1.0,-1,-0.3572239864601746,-0.3760987920505058,0.378366616467461,0.2743451361273742,0.1888913293591389,-0.3844313732029153,0.2696717732504701,-0.2734662203187706,0.4260752492091507
peppe,-0.0005068570893037,1.0,-1,0.380661538209405,0.1789208390433184,0.4129472022818415,0.1597608300150169,-0.3114320501918671,0.498562605317034,-0.2487939178096168,0.2572137817846608,-0.391692833248649
peppe,0.0060417241887846,1.0,6,0.3125968738492466,0.1606175503895304,0.0945637991402388,0.6964183416113704,-0.2082510720284718,0.3970333447780192,-0.1994370940806584,0.1992105568055004,-0.3195002222554065
peppe,-0.0005983031065449,1.0,9,0.2740482193492017,0.4791963684177643,0.3884820222497558,-0.4111811304109757,0.3650863168237571,0.0221705424752109,-0.2212742674639261,0.2642998615335887,-0.3502626734545044
peppe,-0.0581903455867287,2.0,-1,-0.2503127904458713,-0.4292108746821096,-0.3633188830648572,-0.4927608991864841,-0.3497581753005966,-0.0811707956076629,0.2138100538982518,-0.2718823738752344,0.3602129561996112
peppe,0.0011990980280333,2.0,9,0.3612186708365606,0.1507975572773678,0.450600128306021,-0.4780299724190462,0.3044528680487212,0.1413901072729299,-0.2488871137972819,0.2638495697682648,-0.4135020389537509
peppe,-0.0016389641593135,2.0,-1,0.5859550879633526,0.0200686273317433,-0.1115096148629999,-0.5742623051875287,-0.0928006410118568,-0.2798880053065889,0.1896050468475758,0.4203823070565822,-0.1200903133383005
peppe,0.0019709506188009,2.0,-1,-0.6219743332294514,-0.1994460209741823,-0.5574110772968351,-0.2315205142973883,0.2400794482759377,-0.1460923043716184,-0.2409223588468471,-0.2565302153955017,-0.0789171629198663
peppe,0.0045457006493804,2.0,-1,-0.3713562779492799,-0.0929399771123833,-0.3232689447213369,-0.1497676775979455,-0.7957253472868154,-0.2084435466234891,-0.0911303329622121,-0.202884708034901,0.0207129144198872
peppe,-0.0001270496721298,2.0,-1,-0.604202145755875,-0.1215099965305696,-0.5274051999896775,-0.2637395413014685,0.2407814497129048,-0.0082448664622967,0.1783450120613385,-0.3759970739172947,0.203066171271142
peppe,0.0008913298394257,2.0,1,-0.5528984067633503,-0.1799929617477671,-0.1186923230142911,-0.1993814191452698,0.2759191498659592,-0.2492764897542103,0.64334649310581,-0.2259720651517672,-0.0695473770135999
peppe,0.3115116947317359,2.0,-1,0.1898548126109335,-0.5843638922986125,-0.3754812238709119,-0.1053185251631879,-0.5983092417515267,-0.230072248502225,-0.0190618100196883,-0.2343467308974837,0.0648607670646529
peppe,0.3104262481671658,2.0,-1,-0.1933149497937716,0.5709844112844629,0.3875546922040904,0.102508336303794,0.6063900984601773,0.223770331178221,0.0183864882662068,0.2325288992102271,-0.0609070541920271
peppe,0.0435607986809218,2.0,-1,0.167560531353826,-0.4689540151916905,-0.3396844897722479,-0.0876836868918897,-0.7438320271725494,-0.1856063054369296,-0.0159255083264758,-0.1964198183183355,0.0485949207221611
peppe,0.0042962077905513,2.0,-1,0.3637066783020948,-0.7405982988042982,0.1270928030679332,-0.1854609819766536,0.3580795769366178,-0.1576805012782091,-0.0810317482974679,-0.3283694924997988,0.0347341877701713
peppe,-0.0069847841723916,2.0,1,0.1665477625505349,0.0676317400861085,0.2493286833219673,0.4625970154300873,-0.006683856513656,-0.0900206066057611,0.7875765135904983,-0.0638090392779003,-0.2429614325483527
peppe,0.0263581076732906,2.0,1,0.1394030329029134,0.0682625804290475,0.2203684320257548,0.4481505893200781,0.0464051129470173,-0.4749875656460262,0.6685010004729374,-0.0345079873031772,-0.2250662283467153
peppe,0.0140745395242103,2.0,1,0.1403428540548639,0.103707731732766,0.2102441247927678,0.5127625520025367,-0.0252068004755375,0.2583319765049397,0.7431858286716814,0.1501488474107229,-0.1420560373803402
peppe,0.0003248760640624,2.0,9,0.3467914828641975,0.455894485980879,0.1487165740042651,-0.3701489471965011,-0.116493184349683,0.402392304077402,-0.31197680019363,0.2816384177077188,-0.4007855686052374
peppe,-0.0005268086554972,2.0,9,0.2230761934143817,0.633827870839651,0.3157330881846235,-0.2678257191205118,0.405452389428207,0.0595127922909714,-0.2387418953676021,0.2273743607664781,-0.31694011769515
peppe,0.0010835844939752,3.0,9,0.3108184825041144,0.1316751329932998,0.3705833445026631,-0.3632245024112859,0.6084125860679515,-0.0643662996942562,-0.2471487920732923,0.2146099652562266,-0.3678866916287422
peppe,0.0055577851088363,3.0,-1,0.1106459175240581,-0.0755265055458058,0.1397723066923122,-0.1229048188855289,-0.9169465094989018,-0.1970653942483599,-0.0816375808870943,0.1171814634406513,-0.2176912372886276
peppe,-0.0014070399228396,3.0,-1,0.071143603056699,0.3541368952425362,0.1623600034974296,-0.0344764382026466,-0.0941625909345,0.1778171445652746,-0.0709645200871888,0.6640277602569336,0.5962565653385885
peppe,7.56849333126376e-05,3.0,-1,-0.258032325683841,0.1304768307045293,-0.0895148896476954,0.0151241834696178,-0.3753108833026409,-0.5201625855845062,-0.0940860665508948,0.2510798550072721,0.6517919937222052
peppe,0.0036861214441183,3.0,-1,0.1251963990528468,0.5255697756288993,-0.1915064649068884,0.255131391963331,-0.0007470599252737,-0.3762986849754112,-0.0687287329155561,0.5821845944672364,0.3479536178392099
peppe,0.0022773884165552,3.0,-1,0.1027070054212089,-0.4389716655151015,0.153260117607385,-0.1007341088666581,-0.4637078353610958,-0.3920489166930223,-0.0756111089653558,0.5296584985356929,0.3288413736874003
peppe,0.0127862615154893,3.0,-1,0.1492745363554765,0.1988968862098681,-0.4333529240847945,0.4326672487850959,0.0301592348724199,-0.2819852512937461,0.6513492447271779,0.141122907113082,-0.1963788724730123
peppe,0.0430507907124508,3.0,9,0.2818496454797725,0.3622812230265623,-0.1422548029725419,-0.349818783354956,-0.1511098107908685,0.5403058990419012,-0.2851484957763247,0.3451094158538207,-0.3626688153362657
peppe,0.5161915539064768,3.0,-1,0.1425540687215913,0.1807246653790406,0.1842560076062066,-0.1540011058305468,-0.1062462913013738,-0.8914933778377993,-0.1256755013791363,0.1692133744017477,-0.1971651617585488
peppe,-0.0011099869916169,3.0,-1,0.2104244604975835,0.5421049644162493,-0.5278109234870968,-0.2618509906200721,0.1994757469973974,0.1432058008052119,-0.1831643845723421,0.303454555726612,-0.3588329800159264
bigw,6.178645433075288e-07,1.0,1,0.3833027062748069,0.1515777223826109,0.0696539246794778,0.4000191244764033,-0.3626953391731653,0.3524588298541067,0.360642905307162,0.3894782480563212,-0.3573576830181639
bigw,0.0007403953997736,3.0,1,0.3933055581678656,0.0307721822384819,0.0608168774455508,0.5479601893044576,-0.3624957450891951,0.3370274986371416,0.5022882964647644,0.1416025456804216,-0.1518855994349423
bigw,0.0007566509061986,3.0,10,-0.3437365068893903,0.2469858108884033,0.5756059611507578,-0.1713143196604711,0.3347482015468432,-0.1889017590482887,-0.2419912873897294,-0.3172745365144668,0.3914195405378591
bigw,0.0025353146679345,3.0,-1,-0.4164950730552619,-0.0265916065163919,0.3512707386700061,-0.3225432759603167,0.4252078850429033,-0.4947027013352215,-0.3124411737742854,0.1311369971963932,-0.240936789545352
bigw,0.0021092170027391,3.0,10,-0.2936315365665587,0.2402705169425326,0.4896081258188668,-0.1359441179574548,0.1121332140140896,0.1171163833923748,-0.1895569417645658,-0.4691628570389397,0.5617098484151064
bigw,0.0143354374556666,3.0,1,-0.2922582895713893,-0.610290474339867,-0.2876020776563779,-0.0402463056579476,0.3048885789563236,-0.2724428975333705,0.1996020983313643,0.4327066897072902,-0.2520667648567285
bigw,0.2342352083859022,3.0,-1,-0.2124817598093666,-0.4613079788025607,-0.207706492730456,-0.0249578067962599,-0.4917913609999609,-0.1905951775530858,0.5438512654267725,0.2973897294612322,-0.1894240128466595
bigw,-0.0011835406142671,3.0,-1,-0.2124322614830334,-0.4672917164265841,-0.2073139506537649,-0.0271916929998866,-0.4911442359775963,-0.1925588433304017,0.5323574207594316,0.2991214077248719,-0.2039924387341999
bigw,0.0024664788398824,3.0,1,-0.2422580211776248,-0.5281574661975182,-0.2345996622548626,-0.0322390843181778,0.1422774059694516,-0.2004210685666095,0.581988283702051,0.3713409118140351,-0.263189061055039
bigw,0.0261254595762073,3.0,-1,-0.1497462716061049,-0.306079611162371,-0.1602051511246388,-0.0128150197722145,-0.8229444214152534,-0.1160940696435127,0.2416205358062543,0.2864203491035997,-0.1641004483337065
bigw,0.0312887416017234,3.0,-1,-0.0703042663843472,0.2601544053644537,0.6009173974105553,-0.0210759379679967,0.385302161430738,-0.1179608434332811,-0.0862012008085772,0.5488290921386764,-0.3079197074570354
bigw,0.0006424257033391,3.0,-1,0.3758462615690819,0.7176055774547074,0.3285691272514726,-0.0131380540679311,-0.0763239067858247,0.1347240497697692,-0.0126457000110427,-0.3883680040137319,0.2463453153992497
bigw,0.0003039478145398,3.0,-1,0.3494687839225441,0.0952759760559943,0.3218851481981125,0.4979216453344205,-0.1150985509239252,-0.1380788637135019,0.4806296722872818,0.2179390425622723,-0.4543592045310409
bigw,-4.0906718254960293e-05,3.0,9,0.4686493594768127,0.49646578613723,-0.1940169597117263,-0.1266213520646609,-0.2439301759195807,0.4756765805840431,-0.1375766565600332,0.2905719265873425,-0.3018019758242946
bigw,0.0042571221029707,4.0,9,0.4163085115023223,0.4117604838321637,-0.0962059313258315,-0.1210436506494447,-0.2691515660686343,0.436796560920155,0.4954056205120186,0.2500763979923137,-0.2490675526912877
bigw,0.0073796326880452,4.0,-1,0.4133713848193274,-0.2682090708957032,0.2511609287294531,-0.1114215804639977,-0.2825017095124003,0.5135958333487054,-0.2184301352128225,0.318349852600716,-0.4347932419643964
bigw,0.0009205895391087,4.0,-1,-0.3567037582085789,-0.1553238585028079,-0.4336316599745228,-0.274449101406972,0.346508755043538,-0.4345112159516892,-0.2133392781135178,0.284116855336506,-0.3875227127309851
bigw,0.0027294031174568,4.0,10,-0.3385366179783268,0.1050778037226245,0.4610123170600786,-0.1458302425393693,0.163538059940852,-0.0361586868403007,-0.2337010003921938,-0.42502848617571,0.6141948208867217
bigw,0.000416658330366,4.0,-1,-0.4167192364245576,-0.2786050227048757,-0.4361829273679811,-0.2964782007884191,0.3668773393791238,-0.4640589193811804,-0.2464864079913859,-0.2265886940133311,0.0923136027951078
bigw,0.0022720408102554,4.0,10,-0.3651827630303428,0.0788769799507417,0.4381574811852041,-0.1374158103087332,0.2444483525395036,-0.0771241281967607,-0.2556657304728852,-0.3547934089256179,0.6265847360200567
bigw,0.0030413267240626,4.0,-1,-0.3600121982986786,-0.6067455862581077,-0.4028873558256431,-0.2300619332779487,0.3047077901086771,-0.3643190731309214,-0.223306926734183,-0.0943122662244772,-0.0516554403421645
bigw,0.0031843264840527,4.0,-1,-0.2826416227859934,0.436637313703848,0.3635253945338448,-0.1783172484933226,-0.1073188189764715,0.1761293042183466,-0.0405374427375424,-0.5961996218826511,0.4072808388096735
bigw,-0.0017236547071916,4.0,5,-0.2650350793424454,0.4838988340579241,0.0580892114089335,-0.0369600607971761,0.8012429936387305,0.0948988433881861,0.0066838933091383,-0.1626231325894104,0.1156323463592732
bigw,0.0012798765551767,4.0,-1,0.3504293615115594,0.1483875748538444,0.2998463987049428,0.4729532868674025,-0.0826788134148265,-0.2893421333832003,0.2471810777199141,0.4862914193600395,-0.3917336209469225
bigw,0.000370104837149,4.0,9,0.456326078154235,0.4699756554831809,-0.1240914863920104,-0.1475001258374331,-0.3048776287493498,0.5411391169964072,0.0696947453279193,0.2922073022462119,-0.2402291240975628
qwe,-0.0004411753664552,2.0,-1,0.1130164710618094,0.1160143971515204,-0.0166246113677827,-0.5161269205697318,-0.3530573777836749,-0.5750123070996911,0.323939641492111,-0.043865498395874,0.3807293296808521
qwe,1.4999661055085597e-05,2.0,-1,-0.5638658163064069,0.1253982976738331,-0.2211493049260067,-0.3012685774836215,-0.5412618422149346,-0.0835809185436343,0.3025747240043138,-0.3479909742489369,0.1185812116055454
qwe,0.0026432605323218,2.0,-1,-0.5412836039859882,0.1845212380001878,-0.2163680479467252,0.4820334814050461,-0.5232139795577155,-0.0592142067625643,0.1277765654900192,-0.2845987330861443,0.138600444318433
qwe,0.0040101317255705,2.0,-1,-0.6229687900258855,0.2595516162270114,-0.2269881525328446,-0.3358838650587773,-0.5147434789223474,-0.0212345835899446,-0.0021682180787509,-0.3354636882987676,0.0474226633643101
qwe,0.002661600693982,2.0,6,0.4330095058653521,0.1506700912634971,-0.1952940041787992,0.6239617546772326,-0.5784033122148773,0.1197891285933405,0.0474520736951253,-0.0152505568172852,-0.1046382643649804
qwe,5.420856687894162e-05,2.0,-1,0.24874165429271,-0.4011085713007108,0.6770596704716902,-0.0192932753503284,0.3665799926281634,0.1272027779007514,0.2800352701368475,0.1220413918540793,-0.2730973893112483
qwe,-0.0002107889835215,2.0,-1,0.2268914738908575,-0.7565632123222092,0.1449418278749833,-0.2478188932723036,0.1678220730015166,-0.3352102178474319,-0.3705436803743375,-0.1221196402812183,-0.0310493729769515
qwe,4.445758196328087e-05,2.0,-1,-0.2310293286029861,-0.3888277830573039,0.1943120362278288,0.2058650442634534,-0.4212067899311298,-0.56253411592793,-0.449075401200558,0.013076201318454,0.1400047360060703
qwe,0.0028526515015355,2.0,-1,0.2789142692018716,0.2201580135556716,-0.1506031528888377,-0.1814998521540165,0.327109362246839,0.4142644402547398,0.3393167343289398,-0.2151818671426134,0.6148651315850276
qwe,5.914965959878264e-05,2.0,-1,0.2356761667749662,-0.1584369860810801,0.1750785672745091,-0.2181759427484119,0.1599134618812575,-0.3564616804336538,-0.2456149917003041,0.6039896370417044,0.5131605678855361
qwe,5.3853916386430274e-05,2.0,-1,0.2968325460632323,-0.1168688117057658,-0.0603819644001574,-0.2286259374386844,0.1684738923474979,-0.5259356747295124,-0.2285937401986532,0.4270608197524597,0.5501713291075839
qwe,0.0010395352572278,3.0,-1,0.3979712657706466,0.0109060414696138,-0.1653605491457686,-0.2852230068636078,0.2430942724056508,-0.6777247110857918,-0.1271038438800809,0.2168094792664337,-0.3888911265388276
qwe,0.0038384566144965,3.0,-1,-0.5664309578284874,0.0843369228677088,-0.2113551288640089,0.3822099484965036,-0.53134401201685,-0.0479946129761488,-0.1181551733265211,-0.4067200680376855,0.1314382650471089
qwe,0.0023412068740073,3.0,-1,-0.527680512887222,0.1334018666553944,-0.2145838338647477,-0.3077691735755952,-0.4802225588104132,0.0110075010866263,0.5159442454625633,-0.1965385680725089,0.1656151807532104
qwe,2.9292536355398724e-05,3.0,-1,-0.5516366817492968,0.1057198401860433,-0.1782474728884239,0.451215437218924,-0.5684843466450467,-0.0912775971899214,0.3245388158281337,-0.1000662139771042,0.0480417742786201
qwe,0.0009469974979618,3.0,-1,-0.4065304222431738,0.0344633178180087,0.5598056244399477,-0.3566251217160733,-0.4279033288206118,-0.0122885567371394,0.1661791152758948,0.3425728917646775,-0.2544750065405683
qwe,0.0005420488051301,3.0,-1,-0.5620850290726536,0.1169258174216427,-0.2294283617820295,-0.3913790458746081,-0.5218344422917768,0.0327388771094171,0.2984662035893217,-0.2497440750202738,0.1993405268475525
qwe,0.0003994862169055,3.0,-1,-0.2150182128647534,-0.0065145237837375,0.8116001141141879,-0.0118710012588616,0.4604274777635037,-0.0141416709775344,0.1124677141924738,0.1507801090165839,-0.2175131859608442
qwe,0.0013626191347564,3.0,-1,0.3304189972175297,-0.1388626199604179,0.3839808240210698,0.3615081987402785,0.4204036980014923,0.1251192629509577,-0.3872338514859892,0.2811723654655296,-0.4147396219199148
qwe,0.014309231944223,3.0,-1,0.2462674859463139,-0.1456945977407336,0.6313581241624129,0.242284171763409,-0.4096201978345252,0.1970987223116021,-0.2982806218132104,0.2051450797826414,-0.3508821209505024
qwe,0.0021013948858541,3.0,-1,0.3384762335668287,-0.2800044817995091,-0.2212403112122897,-0.4556466094842229,0.1122017879262172,0.3467569018645269,-0.4163985515612415,0.2066701643384176,-0.4489324232758536
qwe,-0.0424085494422667,3.0,-1,-0.3491110972248109,0.2519155205154327,0.2270131323093283,0.3645477148520837,0.083576122189685,-0.3811649049448871,0.4115981456928976,-0.2723232990059004,0.484133605518104
qwe,0.0002104719400843,3.0,-1,0.3442283720600756,-0.1192106235259949,0.1560539967425152,-0.2619450324065405,0.5516036314732434,0.4210809502715224,-0.4232309269168068,0.0185751325012297,-0.3365745373959566
qwe,-1.686876711131551e-05,3.0,-1,0.3315168383797603,0.0547662699015164,-0.5047878976265692,-0.500581502118617,-0.4261079651962758,0.0126932564723357,-0.4108407949794938,0.0400774367095145,-0.1719857644748795
qwe,0.0033807048779932,3.0,-1,0.412251471627014,0.2120909128237683,-0.1906727865562491,0.1689824195179442,0.3868383374999309,0.5150657599731409,0.1498523620057624,0.3040721858746195,-0.4362370205770974
qwe,9.402507056403508e-05,3.0,7,0.0220657578369603,-0.2076754150744992,-0.1112371675567996,-0.2467810193625347,-0.2290105161427639,-0.2654847438002018,-0.2467429928038152,-0.7890043757849502,0.2770766502988431
qwe,0.000160312043501,3.0,-1,0.3305383434457816,0.1280992496350484,-0.0572416412288164,0.4369439850707792,0.3705689656459382,0.4789622724693866,0.4052245223094769,0.0382086168931052,-0.3843765153338424
qwe,9.03331551432473e-05,3.0,-1,0.15645562620212,-0.6873610037761971,0.523621099657361,0.2712177247221754,0.2050146952887483,0.2926574904723065,-0.1397273912071414,0.0586085371333286,-0.0684122855580473
qwe,2.399374691129316e-05,3.0,3,0.2999383724801572,0.4567146397052923,-0.1576382127376087,-0.3658864763890785,0.1247955805971006,-0.6272281616700673,0.0073620490503014,0.3642614796490478,-0.0315636154833976
qwe,0.0002728328958523,5.0,-1,0.1478289352823376,0.2025601928397398,-0.0586316627369179,-0.4136014064951542,0.1494882622449378,-0.7547635285688815,0.0924544455672368,0.1880946345246287,-0.3559073449524375
qwe,0.0020180997815932,5.0,-1,-0.4752930770184136,0.1445123719965714,-0.204770825241507,-0.3002557002751395,0.0246851465620519,-0.5716974973593589,-0.3524157592887327,0.3097988081541336,-0.2711245746589026
qwe,0.0178217824666719,5.0,-1,-0.2796613938690892,0.1107250986833716,0.149343195705926,0.3648784880463315,-0.3090882035213206,-0.1118219853744697,-0.1942377816901943,0.7093692713472045,0.3242175245439428
qwe,0.0006342110586915,5.0,-1,-0.4703806745090296,0.1712769134292922,0.025194261677352,0.4072333675237171,-0.4751000346761283,-0.0904391701290946,-0.1570993967497987,-0.5410514754620952,0.1778096384525674
qwe,0.0176574527847998,5.0,-1,-0.518481116670904,0.2238537316778992,-0.2236689789578515,-0.1395824653038616,-0.4977431320206393,-0.0747768170830223,0.5527770988690612,-0.2004340666712049,0.1117122541979348
qwe,0.0050627970390434,5.0,-1,-0.4705853682609005,0.1681964399786939,-0.2023046773112265,0.5095265942306811,-0.4981798917944827,-0.0465801807037113,-0.3731661365559746,-0.2421276070783262,-0.0385120067328118
qwe,0.0035118304417839,5.0,-1,-0.5202438669607738,0.2402907431337297,-0.2290456763055592,0.2100155261123471,-0.5064702532596981,-0.0735131746488312,0.502028917302367,-0.2470887648357627,-0.0060032334356146
qwe,0.0071477088387089,5.0,-1,-0.5077927459019674,0.155499490911785,-0.2121803868938113,0.4595530227412057,-0.4940398233017678,0.0096968848763023,-0.3607375567147878,-0.2954760118456219,0.0122434985781532
qwe,0.0112769256043933,5.0,-1,-0.580505462272298,0.0604207230913432,-0.2367488028831566,-0.4197455667931839,-0.5153135825217506,-0.0095741003188697,0.1921991840248486,-0.3136504665785809,-0.1617699438428211
qwe,0.0043574954634987,5.0,0,-0.5269504093984273,-0.2634973459769762,-0.1973219205187445,0.5319592584692906,0.1557678314074609,-0.1514544374313521,-0.423265328381136,-0.066346488057687,-0.3165728401226261
qwe,0.0120446431433041,5.0,5,-0.5168716103609845,-0.2421403852856327,-0.0576552662493219,-0.3991509571649617,0.543707852460005,-0.113742242940308,-0.3780844681204637,-0.0892565194513223,-0.2282455649740483
qwe,0.0020877600084575,5.0,-1,-0.4054469080096534,0.2882975833413157,0.6130414037368846,-0.1711953650637764,-0.4325267860739496,-0.1270847913590285,-0.1952955967263334,-0.275714341502865,0.1731501066493408
qwe,-0.0026352698265514,5.0,-1,0.0336250813705988,-0.1310298080152258,0.2078820163958954,0.321061387753869,-0.3270367100106616,-0.4895881976814147,0.3019917300924156,-0.4506148999291812,0.441024704275305
qwe,0.0009826142487701,5.0,-1,0.3382183378165255,0.0919529910697071,-0.1837744222705237,0.314137746853626,0.3233270703856061,0.5139115172106005,0.2439601727550319,0.3539961841465439,-0.4372895320860132
qwe,0.0004504919947139,5.0,-1,0.2634637059609544,0.3138002148352584,-0.1368196540533123,-0.1707581162938554,0.2212250045359803,-0.4601633778405981,-0.2352857279688126,0.4429982742134474,0.5214793065076041
ocran,0.0010445954636049,1.0,3,0.448522419317115,0.3366686582735919,-0.0297658557220142,-0.3101374885275989,-0.4164122047857705,-0.5316950516398651,-0.2838915796958142,0.0691207591466596,0.2166557761728263
ocran,6.769330876536942e-05,1.0,-1,-0.3327979050572385,0.1997150951110008,-0.2466455399432856,-0.3036127198764182,0.0546286753197195,0.1523403944703064,-0.2883460737435656,-0.494071965484958,-0.5855785821335945
ocran,8.377460281600805e-05,1.0,3,0.3744045568275018,0.5133850718813683,-0.2695486770074447,-0.2200369096137713,-0.2598781829375255,-0.5003372024827398,-0.2328729226998357,-0.0671214028914708,0.3139668739202834
ocran,0.0065534319088453,2.0,3,0.42346975275283,0.459769439603793,-0.1553867069654685,-0.2519585794265779,-0.3048706720263611,-0.5755430621743216,-0.2945327320163806,-0.0883433176620515,0.0539190261250084
ocran,0.0192011824927075,2.0,-1,0.4129579820704478,0.1631101249612535,0.4640003402843095,-0.2168530709472361,-0.2713588336558823,-0.4491743769080808,-0.2543740808859241,-0.1421743650854844,-0.4245306366192714
ocran,-0.0111120255466812,2.0,0,-0.5801134796722427,-0.040813826178388,-0.6115885350106254,0.2250516309094084,0.1053319443503364,-0.3301715343284134,0.2844248688996328,0.1837105050912792,-0.0485663798624929
ocran,0.0020206958967627,2.0,-1,0.1855340009863685,0.0467136293067694,0.1027207580637621,-0.3013164288403266,-0.0007437066805126,0.123477052868222,-0.2086166713659906,-0.2175848449030693,-0.8694484521239497
ocran,0.0001579540024147,2.0,-1,-0.4318666426346509,0.068091017117143,-0.3211228867147159,-0.2660231995724018,0.1133288749273631,0.1531165592553245,-0.2247046713186778,-0.4791893862712905,-0.5644145581456198
ocran,1.7905681731012494e-06,2.0,3,0.3950229383695456,0.5623766914212738,-0.279684043574449,-0.1830809593587329,-0.2601462526680508,-0.5436529113980624,-0.221812691198082,-0.059012859931161,0.0054391851847145
ocran,0.0034784571966721,3.0,3,0.4247682591413402,0.4835379731500422,-0.148441323769082,-0.1933677559831637,-0.2889647138023508,-0.5883968410510796,-0.3023631965016883,-0.0570190509259258,-0.0441691718591837
ocran,0.0084616335412597,3.0,-1,0.4542486877652384,0.1746393946393131,0.4974262019778777,-0.1730881397313552,-0.1999082554418471,-0.1508108831428574,-0.2437904695823891,-0.1056670677473235,-0.5936836915733195
ocran,0.0084220045813719,3.0,-1,0.4639797110058906,0.1599625008370474,0.6697081954792565,-0.346906030090792,0.0744080950688296,0.1647842471835671,-0.2248319302185946,-0.045439589836713,0.3240021595505766
ocran,0.0001062812895347,3.0,-1,-0.4739496903605482,0.0945726410883114,-0.2802308362623541,-0.2299640506207838,0.1480485271066119,0.2237141681090688,-0.1932973817879464,-0.5137085393702432,-0.5116524052277597
ocran,0.000119947321003,3.0,-1,0.107292423632647,-0.2693799053138155,0.4443597595078883,-0.2116980537700758,-0.5444514976794633,-0.5087707345376622,-0.2629112908768031,0.0713109766373159,0.2101629003828423
ocran,-4.988048503204735e-05,3.0,-1,0.0196806588014246,0.2486131510881028,0.0415732294332107,-0.4699042039620415,-0.4008720518374987,-0.3364796684876754,-0.4759789623583575,-0.3849517354746872,-0.2580796349303568
