Username,Adjective,1,2,3,4,5,6,7,8,9,10,11,12,13,14,15,16,17,18
pedro,0.0016904612925185598,0.04636940942266159,-0.06660596582722966,0.015918825594127738,-0.061884820474798596,-0.08969351561830931,0.0092795248776744,-0.27878913809143513,0.12585905417332308,0.0744614990940804,-0.2223753392073797,-0.12873819815212623,0.172273600757544,0.7679829547411329,-0.08824647910786258,-0.2891487759997192,-0.047802422565629714,-0.2882561620183035,-0.14078166514289786
pedro,0.0008346178908873914,-0.04548944148011963,-0.010080808871544722,-0.09034818935923553,-0.15159722345595336,-0.17449212870584208,0.3976237321160281,-0.19671933572688222,0.0869283197247837,0.1007459695385221,-0.24768162346609773,-0.050247937297248906,0.15508053094263896,0.3800063924412489,0.35025614113700004,-0.3247567420163915,-0.22347280678504838,-0.4017549800323687,-0.22340170676445445
pedro,0.0026358927981376783,-0.009809665262253544,0.33883581653645023,-0.1985593211965487,-0.38933672992539875,-0.21983030672114803,0.32222067892387407,0.05436256607771985,0.1034308582912775,-0.0025471445787358113,-0.2964456259389249,0.0517666952486339,0.12417628598912703,0.18447806202415562,0.3967451096941259,-0.16611076839681194,-0.26485987147289397,-0.22835584471112602,-0.28454454820782477
pedro,0.002047457699839674,0.1598497447609024,0.4624252031766337,-0.3079272021441304,-0.31506980469141627,-0.20063042863420874,-0.23467236436018735,0.16483674312065755,0.21976976245966337,-0.14853327881777387,-0.31964418191759925,-0.08269869377633743,0.1766735753364278,0.05131983662121406,0.29708146945949665,-0.044716960394858625,-0.17183848052487913,-0.14944558439184955,-0.2978068454113478
pedro,0.016495212175751665,-0.22943629403397048,-0.04441890623718124,0.26646933503363524,-0.1864114638331059,0.146057643262195,0.19642031072058977,0.046780625244026555,-0.2842033861174529,-0.07166610762181816,-0.27159396039101086,0.26049097176876873,0.5187842504596839,-0.05057620238054353,-0.32296253030520283,0.06286793838961001,-0.28754747690410515,0.14604575437712392,0.25697674454593566
pedro,-0.005832330931683944,-0.25307996348771644,0.029765728343813205,0.2681044915015755,-0.3629375649765938,0.1538144111804509,0.20483610921139767,-0.08410807210253342,-0.12491179868921373,-0.014399055050771244,-0.16642232268211224,0.26528957909073636,0.5343903837844036,-0.061375523250402686,-0.3016509557039526,0.09416686301560044,0.24492256845218835,0.15712161942562794,0.26647649786832367
pedro,0.001814538603891758,0.12071072985167745,-0.08695302120170523,-0.17909293963261064,0.30710989586979603,-0.10526182993458855,-0.17085231797326353,0.37552664187047247,-0.5137108741309255,-0.29267741249318274,-0.20732460921248658,-0.1802865290129251,-0.37076676142831494,0.04666966149559903,0.042521780799115776,-0.06854607114624293,-0.1572668828992789,0.036442135166980166,0.27005041066711727
pedro,0.0018560782532345,0.17958612669510643,0.4720350674867023,0.21317484383724164,-0.3575621555180251,0.06716659105159702,-0.15644149452161824,-0.2909484733082012,0.2822891387606549,0.11556153542482321,0.3061234293054539,0.01703189519647799,0.1555887658795314,0.23434514436572368,-0.09299124139865049,-0.0698558419196241,-0.23749726167628885,-0.30708681677395916,-0.16612632030193944
pedro,-0.0002730767278917488,0.06904408289874939,0.3357290153369811,0.42513209128839524,-0.2894040220792967,0.10553914463997698,-0.1535056679240277,-0.17454730083210818,0.1646354917431975,0.09351973912765504,0.18676417694641892,0.037071908867611296,0.15388081498580397,-0.04886798049647539,-0.37671541017413707,0.38093145860460437,-0.0787490529055041,0.37534062528427753,-0.14345406244161993
pedro,0.0020884977389097007,0.00812208290460788,0.3006777031104748,0.4312315765153796,-0.28060068455199033,0.11313100988425315,-0.15165406571222764,-0.15410544410486787,0.1399353473233233,0.10570316604284233,0.22243576964238732,0.058609477687116954,0.15745901842247115,-0.15025055364577997,-0.16567688926244792,0.42207648184276986,0.24862011798493525,0.4032614414027146,-0.15562117138493134
pedro,0.0035280652824370615,-0.01830015036507122,0.3098676358066567,0.4731760631593802,-0.2991754858990519,0.12122905481830784,-0.162482860823738,-0.14476525825615236,0.1381746428310585,0.10773852390825325,-0.03134183386479205,0.0693062846823049,0.1673455452126163,-0.1651630180005263,-0.18889077352582528,0.43575758857436925,-0.237434075321545,0.3625706497123082,-0.15174250319310717
pedro,0.000540588660309017,-0.049023100662179665,-0.0349311785032574,0.014091727340700516,0.0036942822201746373,0.12527105460081583,-0.3318505214228201,-0.013921010445297031,0.6472058378137925,0.27095483147859295,0.2835129959088474,0.012492806362123538,-0.12991024495415612,0.09280445986361602,-0.03479745994627488,-0.34066752999167754,-0.36753489873279543,-0.05516871177466638,0.1282390740641399
pedro,0.06638560856065687,-0.059320545721266674,0.16184367036340316,0.4578039234073658,-0.32996234756354675,0.023652493566581893,-0.24349667515083312,-0.1916580210583025,0.17966014934350652,0.15347387804734985,-0.13880946986001322,0.06296527355210597,0.21464611378087914,-0.18053658949342363,-0.00966275865386106,0.33318812433903233,-0.2907326678418043,0.37988627991757495,-0.23993201847715062
pedro,0.017929445068219696,-0.047951056908118656,0.14470544148265355,0.416281889578211,-0.3357700697421448,-0.013968504120080032,-0.2609581525124342,-0.20794121106632227,0.2019067390567815,0.16746176916907918,0.4194049324339742,0.06428902984277875,0.21835225775021574,-0.18179512113559484,0.16064260352824278,0.2899876480354734,-0.05175705600229157,0.2756322824182356,-0.2471309361486454
pedro,-0.006448658673159197,-0.030138093494140317,0.09468730682632401,0.1396184726782312,-0.24480736416866478,-0.10420236537145862,0.40252197710955073,-0.16189617343458096,0.1801647928548217,0.13307832196071506,0.2045155279819107,0.04432406699310307,0.17260872868006089,-0.3271884116538902,0.5197265753801756,0.14257897854939652,0.3737961097699344,0.0016748277217013751,-0.22501630696186084
pedro,-0.0005264883049652913,-0.17503810667134456,-0.2907181935176528,0.17476069229055127,0.11646441726328188,0.14119604083435208,-0.2757438058331559,-0.14589795450899157,-0.14775677077044594,0.16427955621116255,0.14935841632709695,-0.011617314602864564,-0.061580382136409935,0.5663037683213737,-0.36614822253258594,-0.18488980378485073,-0.31573740428648844,0.0921857429177086,0.22647347660771577
pedro,0.0008318550301498285,0.17210586102441133,0.07835214009784242,-0.18042122930293017,0.047563876274253354,-0.11169970305591581,-0.17564548849537368,0.18517326248897775,-0.12729430898166696,-0.052057409334482566,-0.17660628596822467,-0.1808915512916223,-0.48376294759965927,-0.3887196330067185,0.38567367666705243,0.1373212477263158,0.3392582095525063,-0.20858120497590038,-0.24010543754625707
pedro,-0.0005178748000600219,-0.3215137854592294,0.09311826135398384,0.011005475873681825,-0.21914700834975212,0.07542393084656539,0.18075580283224627,-0.07027166846037376,-0.023156257663516595,-0.29382838368092196,-0.13059685528867254,0.1409340919810432,0.4745039026882646,0.331931343778958,-0.4063694106848897,-0.10394922206821108,-0.3061674872629473,0.1404532560151554,0.2190501345454612
pedro,0.0018583807595351652,0.26828538492301235,-0.17003453924523582,0.08249920727484264,0.23542607106838698,-0.060057523787912195,-0.15238204731647068,0.3647655471886632,-0.36205688265435026,0.27497915937221334,-0.1552686294238419,-0.07706937678587202,-0.3601090273546618,-0.3136395957669465,0.3195640991550858,0.08445951476334662,0.2607467488135822,0.02037216129993899,-0.18586277588124164
pedro,-0.006318795529964539,-0.23352861950669968,0.2428686725877882,-0.19029096173013074,-0.15631937179637714,0.0443215659039683,0.12731749374643117,0.2811827933014025,-0.3197044870185554,-0.07126995556204876,-0.29250198950931927,0.07620963751691155,-0.19091981561328403,0.22200279415777294,-0.4551551051416186,-0.11062754436790012,-0.3877659382631449,0.1135545612681733,0.2480763944493941
pedro,0.00904980419923175,0.056933848127088446,0.09772890783384593,0.5173116219191017,-0.1993765035883233,0.13739687123992797,-0.20840407646785508,-0.3909297522997126,0.3693057781282845,-0.004130641528852411,0.29437564490634055,0.058565605257388076,0.2385272497708379,0.05000545201456803,0.06195572398843374,0.05829506557724947,0.3304841630139402,-0.1398616666614586,-0.20689273523107143
pedro,-0.0032835127747933364,-0.035144556811717166,0.12021105286795064,0.49144198218816254,-0.1650299326397511,0.1422118448117862,-0.1682247746472957,-0.16726682837459303,0.25765147113406284,0.07151588987463724,0.27523918148219134,0.08774497296825874,0.2064073484568461,-0.006483791213530061,-0.48253706007838787,0.30634724043060957,-0.14296833770439446,0.27092815081150773,-0.1446679262931116
pedro,0.001605941416059378,-0.013710930112003361,-0.005502023120637637,0.07644812862681663,0.11563193453518322,0.2586835636319659,-0.40656092142189876,-0.014660825087105638,0.06836667719170199,-0.2832295012473345,-0.058675246845716796,-0.046172196347949404,0.2836366099625386,-0.07827346586158777,-0.699434562327251,-0.11638310231927125,0.23168850610558092,0.10361205707638524,0.06268924827017985
pedro,-0.0037752716594645235,-0.031436403221720734,-0.1379638350860618,-0.4788631371021874,0.21797269369231095,-0.09282783974003009,0.12073368935769632,0.13139166156245968,-0.1786362912942609,-0.04969272258868815,-0.26851705343185767,-0.059056655774712995,-0.19098286582911603,0.0767008197872308,0.17327418302208142,-0.44234449381288243,-0.2545016261452226,-0.44187511519147993,0.15701651417459775
pedro,0.03933129511861407,0.14562706800095845,0.10849743172509291,0.2687155174927602,-0.26723973103944315,-0.1265286190822598,0.5146357025821363,-0.16966975188102995,0.20638231167451976,0.1792164705171222,0.3737334814675172,0.1596458324216709,0.2102086746954267,0.10568916647893505,-0.3313688349953287,0.15396493260945515,-0.188760742367819,0.03721068788241652,-0.21906479532025314
pedro,0.057371526774280174,0.1394942851621543,0.132425600915104,0.1260720976707451,-0.25980226360288794,-0.1906967186418667,0.5295700751750535,-0.07319521890573473,0.13039860242147264,0.18660912136868346,0.18570704207581315,0.14819140038324874,0.20438920201960983,-0.008432857941362164,0.060328427521921746,0.02901478953467325,0.5201285380191718,-0.2702228614505864,-0.243495560843302
pedro,0.0027869923143994725,-0.17436708818270064,-0.073521787045695,0.04807301003462263,0.10216864220783194,0.20395144708884472,-0.5054805874170548,-0.1259728759566013,-0.040151129128208056,0.05837382892961782,0.273482979588759,-0.1061698698795559,-0.124649980600278,0.2919598952585404,-0.38676299455736324,-0.07845692066638893,-0.467223379380498,-0.08423990624175726,0.25586576591454613
pedro,-0.0009816861871790614,-0.22223960848229773,-0.16446026783035908,0.18306100634308245,0.046424536258146666,0.16432244491569145,-0.2529509289886038,-0.21497578074241372,-0.13557776289735057,0.2530879531798924,-0.33398984949272603,-0.07377186297435853,-0.09351102164237561,0.4867834622890118,-0.2632551300589575,-0.14967707206980108,-0.37731889579223515,-0.14447502395745218,0.224982914599921
pedro,0.018245169534542305,0.25194116129869504,0.2022442363742481,-0.2388150216062742,-0.029672140408453306,-0.15831507582944218,-0.142262484259647,0.2225398584905629,0.1838014270383558,-0.28583372507722893,0.2697128207398145,0.032303802891582634,0.11899592205475404,-0.494208664464528,0.1690194092160321,0.1708823672923015,0.3790483090654567,0.20914197936681028,-0.22365735680053817
pedro,-0.012957332200406846,0.21485010851849268,0.19328146784833963,-0.24738075779665245,-0.05388666984081521,-0.16029263085930764,0.42052507155753055,0.20356198449389348,0.14393650089403748,-0.24176819631512964,-0.2725810712902641,-0.0842594301296855,-0.08548896324225937,-0.4200924471650126,0.15517493532127996,0.1560023519404158,0.35761993654274893,0.20717572649113655,-0.2117136193994838
pedro,-0.003141316443493963,-0.16144654312312767,-0.0708522830155632,0.28000114986334634,-0.015629416688132943,0.17594621790497691,-0.40989854807292814,-0.08683894141919231,-0.1305849538139544,0.10192140405848073,0.13128010412423527,0.19534533498533826,0.5132804619525037,0.30620933414281104,-0.19780048043746082,-0.13256870646863345,-0.35053152414934685,-0.14144729280507282,0.21004836741590704
pedro,-0.001258310414699972,-0.03281068566344847,0.2756962836247956,0.37636470433220803,-0.33002423499764105,0.22112468533380064,-0.33903539614610556,0.16665044213607716,-0.22268743486394288,-0.1030484908563329,-0.27559797095804883,0.297164656379682,-0.07096596505472792,0.06794415960589328,-0.2551182691200119,-0.07682364443727464,-0.35820176767644024,0.025763753621355013,0.21599379134144303
pedro,-0.0037952783949354307,-0.016982025935815624,-0.3466310936382832,-0.3425365577489375,0.3795500033249278,-0.20607936928716433,-0.17534860331963908,-0.016363627254799732,0.018149470710970082,-0.2489775466342661,0.08931231517553281,-0.2621270787590845,-0.4651987047374575,0.042956516745786384,0.20780332615939684,0.04279513055805991,0.32418917716640433,-0.040142101650923,-0.18894475143680967
pedro,-0.03472992619104642,-0.028037618308854914,-0.2574633323035416,-0.2516476398689157,0.2887115801381486,-0.14770902834722133,-0.12666719351735714,0.13912652753221488,-0.3389697285593,-0.6409478430327477,-0.1525467863925182,-0.034870176596321634,-0.30253469912321446,0.03625759894801937,0.09379863838229074,0.022571575632794556,0.23960293865586196,0.004682772869860262,-0.13872565461572184
pedro,0.05280658433898222,-0.028012350478934123,-0.21032429115745074,-0.20514801443629688,0.22983806477662416,-0.11562941914218666,-0.0990706588451378,0.14002737418564956,-0.4357730998058458,-0.6426406456289484,-0.11481906654439318,0.32129603310854077,-0.21950076262761636,0.019207815626840877,0.032105673971872764,0.015470884476496341,0.1883004582649016,0.01425403682866482,-0.11178234579766912
pedro,-0.0187019908217132,-0.031936438039622976,-0.21576991925258693,-0.20693187005447072,0.22880751605007713,-0.11860536491330725,-0.0997500223906781,0.13959457157676294,-0.476339493414288,-0.675128396050748,-0.11481207399519419,0.07188245371181877,-0.24490419705091246,0.016463034615766352,0.005678623477077259,0.011894677021827879,0.1919972971418269,0.04397890974253063,-0.11610032761432024
pedro,0.020480052815852513,-0.034670909595727155,-0.20934395803081127,-0.19111736334739937,0.2152760895660849,-0.11390331182722754,-0.0952008898171719,0.12798374547132504,-0.45424285916167123,-0.6302467127382791,-0.10636673327243626,0.3316631727466128,-0.2426914747972671,0.01558413484169147,-0.008124987451744756,0.006326249476063502,0.185628178372351,0.0511985567125729,-0.11179167228817595
pedro,0.0051023647035000836,-0.057539688422338336,-0.27524933914335137,-0.24468518836871775,0.2862584637702889,-0.14999547678088007,-0.1255712514680109,0.13853538374692775,-0.32545002359616576,-0.631119982648991,-0.11856328928238805,-0.1598202406334334,-0.322944782415321,0.048198656220782655,-0.028700189271185197,-0.01891614665425803,0.21115431488545802,0.04906517782936728,-0.15176293105296876
pedro,0.011668190182812135,-0.13113186471089214,-0.38404440451084365,-0.40530599630648195,0.3676989577005907,-0.2583221356694873,-0.1464410500656719,-0.27358389050800297,0.26699270834814637,0.028364891446842094,0.28140463327879245,-0.20161098209206232,0.1857870552041454,0.1893024585053539,-0.17803946828914397,-0.16218152848469203,-0.2190176847262985,-0.0007755738156255897,-0.06758457845025913
pedro,0.0742027897400442,-0.1952412744253442,-0.24005454027911705,-0.27980908082462524,0.2180551345232876,-0.1452036549509568,0.26859535033307463,-0.257852860847391,0.1674647056956846,0.08100761627893113,0.1817340757629379,0.6215925334204802,0.10801728148954955,0.15793209871956215,-0.11486138658809841,-0.16558441902369678,-0.13845904879763407,-0.09330538756641696,0.2441069473026031
pedro,0.002292718301011108,-0.30606016546687165,-0.26019119945053687,-0.26457456792050754,0.23568408576970903,0.5049030826047793,0.26919537514072706,-0.294649515074929,0.15076654320934998,0.10864722385462591,0.18303678709356225,-0.11191321952898271,0.11120423778377668,0.18317823927443838,-0.08551256594605151,-0.21686821510901533,-0.13882612740573902,-0.1905780840024286,0.24990005966104817
pedro,0.0007380145545041456,-0.3992520119666982,-0.26853023574906976,-0.14174101722040142,0.22260012548004265,0.39276009425721997,0.22324332585733772,-0.23506700418083948,0.09398540732251694,0.08771481373285034,0.16149799831182848,0.42850979146752033,0.10765751823950245,0.13467385382586003,-0.08820651439343648,-0.24727577426524883,-0.10762419951914824,-0.24674658311869466,0.2052908189050607
pedro,0.0015505887257662892,-0.425001790615945,-0.32040853337154274,-0.105100661609844,0.24301189641245263,0.4096326593253022,0.23161149575546724,-0.26306420184427753,0.09897114876643599,0.08519264686894505,0.16063325602254605,-0.1985876437305176,0.12467723917918574,0.1216058396152311,-0.1487282664142678,-0.2790369309937147,-0.11833627570490945,-0.26443123057112344,0.24378417363666902
pedro,0.004383146539358334,0.02585725050437572,-0.27813070555649466,0.17735877857612029,0.0600157418855842,-0.10252344700472392,-0.1080792527425998,0.005043886363753899,-0.1420199403443806,0.30699583190000185,-0.2999703840444893,0.01831430614917642,0.20183263430268722,0.3046887045601426,-0.19501253508015237,-0.3949642333791245,-0.23855993916442952,-0.20793886609527537,0.48188966095864505
pedro,-0.0005705617687758218,0.10342650646696917,0.08613418607728329,-0.046164749915423915,0.13579084257192248,0.19277568793569086,-0.5329288193453046,-0.04550691620558223,0.1528426972647072,-0.17270158933041518,0.3218313757422579,-0.06773161391462361,-0.15189938088361193,-0.3022245860310358,0.13567213740871725,0.2912586495979371,0.24776409922690038,0.029240643685141746,-0.44364805832923504
pedro,0.019864256496410625,-0.13085237439598688,0.1967318279296727,-0.044791348878658405,-0.3594489330530163,-0.22249768771175943,0.32417762670198913,0.17949606233628287,-0.24763273112271106,0.12773280230977652,-0.3393314572276103,0.19462273021071003,0.08789903935058949,0.16067583736675403,-0.10754150761026558,-0.19170876537069395,-0.2666605553388849,0.06011326225485669,0.4887800330717877
pedro,0.0037165615204221626,-0.08169548403122373,0.21228436543105145,-0.04304761802224275,-0.3588906994093399,-0.21429124738177996,-0.2613573303922833,0.3524450020410424,-0.29973592526941945,0.07491942385284936,-0.22243026796981943,0.1768659705376111,0.09619450202817417,0.09088752747253251,-0.1952218749207115,-0.140884020599104,-0.2658283054911484,0.13218686566213805,0.4892202812451456
pedro,0.010664505908708979,-0.02426753978062901,0.19229623198915843,-0.016764941509111238,-0.34044646096196524,-0.20208943231433216,-0.2555947968522643,0.4117329201135149,-0.22946517572552225,0.028770441687795516,0.21749926115376966,0.13543546908485057,0.1279382639447756,0.037279332013036126,-0.258906360822753,-0.10157063359366279,-0.260740509902289,0.25161375905174294,0.4743655876135366
pedro,-0.0006789602539453945,-0.08445933393118456,-0.14868734102233172,0.06055284984083746,0.27793470806267084,0.24067787964387233,0.279865670951785,-0.3430358563432161,0.2032926670783414,-0.05489698877626224,0.2674853184363937,-0.14477413921821436,-0.1385783472083868,-0.13150338491249455,0.24231011695882865,0.15986338594839425,0.28650031286827937,-0.1514619717715941,-0.5227617288929765
pedro,-0.002740534098058493,-0.324529227127368,-0.2479603144154329,0.1028225007780282,0.24579829988775315,0.20720027804403907,0.244598816111052,-0.43274993352351016,0.06959236281967592,0.04826674832969747,-0.23263429515902,-0.12017294388357845,-0.1396015947258967,-0.08303540114589429,0.2005110903264242,0.10956178811664746,0.2616885025680371,-0.19884626955568185,-0.4580703509985959
pedro,0.000415287593575178,0.28532011937515045,-0.1015132192798146,-0.2029565522449183,0.09035967242976452,0.20042687927036032,0.2767552414200207,0.0904391767697759,-0.08417565858468284,-0.4073072966759537,0.04845474192843844,-0.11479966057658925,0.6226042038346129,0.22726140167830738,-0.12632920888582394,-0.20543422595920802,-0.04404352255050731,0.21068498313600695,0.041255278019542416
dan,0.0010254338506034656,0.015065947727961132,0.039443972298406016,0.28339103219450096,-0.07933940905481372,-0.12060837732086027,0.056478815043277356,0.16165109161379032,0.20184938695963164,0.15504382274307996,-0.12738624943565205,-0.2187298426705883,-0.31069650235558516,0.2894927872281171,0.4479517140614745,0.3661983800160684,-0.34668632698381485,0.08279665493381598,0.3110398986942747
dan,0.0008359335420749325,-0.16911160482597543,0.13000297876470268,0.3230077937873847,-0.19165515133558075,-0.16037027285431146,0.06661994019465083,-0.21104237704237536,0.3572982872892109,0.21034703393173335,-0.11529232609788964,-0.1902290095542719,0.1997339865011244,0.18674926376208498,0.367038564703024,0.39622983649019555,-0.17172604473966346,0.07819986453476115,0.33950301653223514
dan,-0.001543896262104175,-0.1637771970133256,0.1608853628892003,0.1986049329884695,-0.14995102962792503,-0.10051207600357792,-0.06713953773848517,-0.12723492668078226,0.2849743224961468,0.13822447993811773,0.6402155141614938,-0.08641004815530694,0.11897340661992596,0.1490932305185697,0.22548123165409673,0.2928417535410412,-0.3287381114150526,0.060458757110799725,0.2284733172183284
dan,0.0026361794266093453,-0.15693902403606858,0.16205926765006617,0.13213051900238793,-0.11647710761655905,-0.07129609223745359,-0.6256453407570872,-0.09315233826618972,0.2149856311018044,0.09141133436872874,0.3898731147999096,-0.06753494116911349,0.09030323952284047,0.10965831219921836,0.17652319828898355,0.23883622753266742,-0.3969013603436857,0.047482878057703445,0.18325931852131566
dan,-0.0004993839584021488,-0.14919441968755867,-0.21816921877840978,0.3716389212981828,0.2330471530019178,-0.03757118565873309,0.06588555860599826,-0.3074738979464837,-0.16025428745690654,0.2444511837239487,-0.019600102571083765,-0.02547715344298642,0.06264353080983481,0.00010116060530546705,0.3774112737277635,0.40797021155862145,-0.3364582817315357,0.07333439277436714,0.34578561860042056
dan,0.0027487461142001323,-0.14738038520705343,-0.283363013897459,0.3269016620210108,0.28803386528377994,0.5483958663151284,0.04878445825403544,-0.2272268670968582,-0.18098219408127392,0.24182438415531848,-0.02178124753731633,-0.005624433908971938,0.03761894399766263,-0.12427318331516954,0.2688798093261309,0.2901691444105337,-0.11560692549299789,0.04050665943350277,0.2707532700474822
dan,-2.676146549161294e-05,-0.23316880261455125,-0.32138515542550405,0.4004984799332556,0.30019556040020656,-0.07195774970057987,0.014209544700068698,0.015535803395694532,-0.18181787411130906,0.3444391042623303,-0.023237509958254805,-0.00016894967808656305,0.10115182646544685,-0.2704409621125883,0.26965677246532016,0.3634549125902508,-0.19817458488589562,0.05134810530464569,0.3222983084523961
dan,0.0063018129421553645,-0.08599482555961048,-0.21574704197327643,0.22314129754403533,0.22951697739572482,-0.06779087842592066,-0.7680294521033366,-0.025430262762811098,-0.0769653975226757,0.2037777316702359,-0.00503400159862752,-0.033063892040443625,0.08810837341285697,-0.20758994167667041,0.20214750160408884,0.20708674365664867,-0.18416575412438788,0.03172744998948163,0.17429866842805833
dan,0.00026164782174822583,-0.1875894026263025,-0.33209778516812904,0.3481547405434441,0.3400166530660201,-0.12435444122443393,0.0758220960791761,-0.052063400149424975,-0.12046318243585083,0.32086898339051395,-0.008284617209822815,0.01696991845932704,0.09238832816461272,-0.3305188996020275,0.32380409418006256,0.3217332125923483,-0.280247869104038,0.04863322641590571,0.26249945159190136
dan,-0.0004934305663335918,-0.3417275898351172,-0.1108448925021317,0.2649082716748813,0.061662767862527744,0.5302855411753057,0.046600744314542995,-0.1160792408564866,-0.10627956333002087,0.2398161187975949,-0.04350519606899068,0.3610780361374125,-0.17453696826220372,-0.31395220650291605,0.22080942663707673,0.23389097916833876,-0.18740899861157723,0.02583748601138144,0.17535789314550668
dan,-0.0011625546417948843,-0.3670728894680904,-0.12371894555093416,0.27950660533014177,0.08063835540526927,0.5123889044440394,0.04367875052380444,-0.21123871350980417,-0.09794231616624141,0.2610089778918321,-0.014921392655213748,0.005967023632490631,0.05219177833891044,-0.4722643932657376,0.22932227871742109,0.22814154835243067,-0.15594238072813926,0.0073752095915326065,0.15332528607652787
dan,0.004203601351894517,-0.23969865892990713,-0.16516871208913775,0.2653280426181986,0.1404110296871672,0.4040889497715616,0.046743377623640996,-0.18643195120070669,-0.09866565615866389,0.25701839314972097,-0.03152998234583321,0.4022532319086187,-0.22128199004447646,-0.4520038297007896,0.2057778793357177,0.22129140424671212,-0.1388327811510402,0.007544743140762874,0.14968530899191487
dan,-1.6326769298027573e-05,-0.13224327681057824,-0.3007681156625631,0.38127565820017617,0.273234883444249,-0.12703596230929537,0.05819333875692772,-0.19843347747994242,-0.23104272271356935,0.36005149894223476,-0.002272730052645218,-0.06336264766547411,0.13854040065666573,-0.43346529908507697,0.2470823804440426,0.3141263647176554,-0.11882985204415938,0.03665562432190428,0.2093053211666564
dan,0.0008587084366092456,-0.03316443842878802,-0.4562686886510138,0.39567446303333526,0.4313074927507363,-0.10593726795151229,0.040956040448160584,-0.032838723416433735,-0.43216142079451186,0.18270554215456777,-0.0701745856517461,0.12857626132084843,-0.10437406813559513,-0.2169275920339858,0.0014702104442656616,0.27442546952923236,0.12830038567647262,0.05780710589831482,0.19871908122808593
dan,0.10130620028579695,-0.008836288447436436,-0.38127279953093185,0.3781836646125764,0.3919189608563082,-0.0953898065544972,0.037663717145168606,0.06077557002756837,-0.33107678928745615,0.04266135353221292,0.0265383743421773,0.3511208794092637,0.24377458938543137,-0.14265985094106975,-0.1517319126422848,0.26054341008708537,0.30808712022653156,0.056619755660407216,0.19871937775424017
dan,0.03511128808531684,-0.013939301604410514,-0.4481221019048396,0.44269220867995035,0.45944236889868145,-0.11001816928641535,0.041863321377915735,0.08027731310911866,-0.35119001047712417,0.07460073653299336,0.0342997811097506,-0.09632774648361749,0.16836706945698277,-0.11326927524052295,-0.017556676590042758,0.31869504917492386,0.2523111931697461,0.08211064394092239,0.13717559645727656
dan,0.09204278014395145,-0.028355372136533157,-0.4111303567372424,0.3965110576581946,0.3813311673894113,-0.09727428058179632,0.04168321005993348,0.07104934298835958,-0.27802758524523663,0.07973379577703597,0.007017727579227812,0.4713517216652515,-0.27524393806404396,-0.059153768441162886,0.09672568581271901,0.29620665338370195,-0.01395772217738221,0.07298356290041533,0.15340461980533365
dan,0.0037508416099689135,-0.05755373388543029,-0.4807113113452782,0.4456312692359454,0.4581902271230035,-0.1126394505476291,0.04937213580208751,0.07705619690834137,-0.2862689541960919,0.10104094827795679,0.006076114820893132,-0.0492375842932476,0.2853119797241314,-0.05738409430457784,0.05362383906316153,0.336935861570478,0.01996063303510039,0.07749779805013088,0.18410281533543327
dan,0.002836632981672253,-0.08431892024801484,-0.38845206521932774,0.3827261657370367,0.353147417743876,-0.10333877958726069,0.050262851114932186,0.026848293366234198,-0.16748734139427485,0.19047017318026088,-0.03297351396306068,0.5081913928748962,-0.27000582032254167,-0.19458435977124078,0.04602937689354528,0.29647417449127417,-0.00981306088172418,0.056313046505310334,0.17073621687591914
dan,0.006176555498447788,-0.1140628412034137,-0.2889624055013268,0.4293470043958567,0.19407823536768845,-0.11353830970659808,0.07284138790581476,-0.03524734046070336,-0.024987861423176525,0.38229292135838217,-0.06860925344804893,-0.23789211977427613,-0.3082066719563319,-0.3765784848115221,0.16904859659460617,0.35623817363766463,-0.15330289192704682,0.05725541819836513,0.18683709802978984
dan,0.0004341145503788,-0.09194893225241671,-0.1180133839257379,0.42686998772172413,0.006100411095524627,-0.10496945343874804,0.016837773773714593,-0.027403855292824977,0.03231817974571919,0.4375909475329305,-0.07541759464458202,-0.2209010484447357,0.33893327187008193,-0.39111408793888847,0.21364862031775037,0.370654220176189,-0.21518140467247318,0.06098223919843227,0.18813938929677404
dan,0.006573514117884579,0.07008027809426613,0.09185720709166834,0.2672037178965296,-0.14127808019852686,-0.036764338266386976,-0.7530124626676804,0.06328231796075419,0.045106001582905855,0.3021617947624739,-0.055064276579077316,-0.09829724675021514,0.1973752248910164,-0.15156071882144084,0.21234812087830138,0.2381126558282497,-0.20572357987207843,0.04662856686586995,0.0930887556640939
dan,0.002299602072890145,0.1497384598223139,0.13430352932913103,0.4073869743535946,-0.1516866929351078,-0.08581863219444805,0.06589875133430831,0.07470764448570748,0.08083694421161845,0.4617428943582048,-0.08805035626571023,-0.1480018971114113,0.2950144692174896,0.012221120657613426,0.39612022907362665,0.41539930860083213,-0.25642353883563934,0.09596823524465696,0.110756734298375
dan,0.0008953329556646422,-0.16738217171472544,-0.07557386641160846,0.28632019098836403,0.07253302611072053,-0.12324489927464949,0.04904416636960496,-0.16968285857512894,0.019897426917503635,0.29621886550915233,-0.056087004325239616,0.565357301216213,-0.34485832199871047,-0.2751967879216449,0.3007861463502337,0.2857526401699559,-0.21058540717570814,0.045328114532915624,0.09241310797640953
dan,0.00729133099839383,-0.24706631686572494,-0.22508541547557956,0.3198149322487838,0.21399151869417604,-0.144923218991856,0.05979812812703297,-0.2378507352797926,-0.05058174291056192,0.32399948935278283,-0.01409743908483817,-0.10319467654506043,0.3006186293641261,-0.3883312465253463,0.3334691011735107,0.30705102663866535,-0.2857553214117273,0.048265822640336555,0.1002340065828212
dan,0.0001911630083234056,-0.21841620683802765,-0.20236640753668475,0.2709113729498144,0.17429398406883734,-0.124325904078159,0.05081730876188641,-0.21137262851229308,-0.045541844221991895,0.2695019291208767,-0.01441716468140786,0.5918207689338711,0.009015661683820508,-0.3376812344196767,0.27412993540311303,0.25717005375920526,-0.2358907030861759,0.04016997359501363,0.08388374116427441
dan,-0.03016540006250662,-0.20598561784744435,-0.18833131944759413,0.25164106778371076,0.15855129140470442,0.13061654584542343,0.0471851908097892,-0.20521178014886812,-0.042539864163016264,0.25129559636002025,-0.01632350524854658,0.5456668484143745,-0.34176297656372734,-0.31992624257844876,0.2656242357536168,0.23835370836081765,-0.23539770305876348,0.03723792015392547,0.07707411520499431
dan,0.0008477371533201893,-0.2383263206562354,-0.11970179076134979,0.2408000741420619,0.09470218679186063,0.4993192910412772,0.04206870083175951,-0.26796377722815096,-0.04980803023856226,0.2794073913089936,-0.04891224294006245,0.3684513817583139,-0.24461330448757318,-0.3119501934204827,0.25453259849835863,0.22311775135457643,-0.21443633061647496,0.039952681031762735,0.0321009154148175
dan,-0.0001593630919743663,0.17012541836688883,0.23306757094414832,-0.19889263616313443,0.0838395451640595,-0.030685268626691884,0.3128924671273773,0.278611439465249,-0.2613942834902925,-0.5522989556169814,-0.045414128970749014,-0.08789495205253467,-0.23160505325752437,0.27747208642416143,0.22094536145369614,-0.2618812701878547,-0.06902759150491138,-0.1330198985912078,0.20010846122542816
dan,0.0018529824157356414,0.14182478249881145,0.27073051825649785,0.29030823910088444,-0.29336465787285504,-0.11861174454829561,0.061627162120542284,0.16669800807213203,0.2078537906449563,0.24986422742971168,-0.13394183874683668,-0.21071674312248212,-0.36548660155796703,0.11098047039117485,0.435803101352364,0.3528696822762564,-0.23265611782068285,0.09021519517562648,-0.003274575657371497
dan,0.00010767035675397565,-0.12672855552309722,0.2460245262934656,0.3331980206712297,-0.30210414929967216,-0.16807766903502802,0.06757494442957698,-0.2073580534179565,0.35111821207414057,0.35315550457234707,-0.09057465480508678,-0.18607494130479843,0.24005478282847467,-0.2047295114865934,0.3289264341920352,0.35793683760050554,-0.11185609490776274,0.06932902411049305,-0.03618726672245752
dan,0.04987383643759436,-0.15146760635626552,0.20100035709055641,0.25311555194486063,-0.24858389417137847,-0.1299239045494686,0.05585641578708532,-0.1891074714629914,0.32856294994314994,0.2554541789782607,0.5937763965611137,-0.12379471557420706,0.15674677697737796,-0.13654743176931813,0.2308368857800984,0.2918514942983498,-0.17084463384555754,0.052746979699189324,-0.01671378974650478
dan,-0.009164837331516781,-0.1758553983644746,0.2539154108670341,0.29706688553560373,-0.30710051156153445,0.03554006196370761,0.06919983869139343,-0.22211995718391364,0.3803836560986992,0.29450886810433774,-0.20430292003886788,-0.15262514859940593,0.18790655313665208,-0.17393146597033385,0.2545559558322272,0.35988249465435784,-0.3211659160529211,0.06626758739901988,-0.05270641288815063
dan,0.00015055055715616178,-0.1627282774612049,0.19577687658908483,0.29643122871978317,-0.19003982230469543,0.5751883095320771,0.04825928086164303,-0.18284840907888444,0.25538553336369313,0.290944620804637,-0.033977510527860674,-0.118251621758104,0.14861640696714398,-0.08902600005695138,0.290052232813283,0.3164691673227245,-0.24871476435753828,0.04631311308947001,-0.03594897897350626
dan,0.0057902970280924075,-0.16656653651995323,0.12994202890821605,0.2886430570344839,-0.13505699303517804,0.5499992264914743,0.049887738665388745,-0.1415876521869533,0.20450997569766552,0.19762053571952348,0.5150815356591766,-0.09343706770771937,0.15316206096347268,0.24839932644096385,0.023094811183377976,0.2494533887606028,-0.1395490361949243,0.054411275851633016,0.05922032530069234
dan,0.0022605723556824,-0.134915558242356,0.2499348429598166,0.22660823372928107,-0.21119539506396035,0.5527633211922449,0.05953144920799608,-0.1626575839534718,0.265902440258321,0.22286286731377192,-0.1719827283337855,-0.12249173424235443,0.1816975822946712,0.39588446067592065,0.15760877319405878,0.20751883528834053,-0.24230705160664112,0.05924292011371357,0.054836279960180236
dan,-0.0019462943369514048,-0.5232358710994975,0.35384048020808523,-0.017126602779540607,-0.33397697346995875,-0.10772595018462935,0.058460173002716546,-0.241908549474738,0.2740827563015708,0.1307362810278979,-0.02043930031575807,-0.09462693303136356,0.15866964030883912,-0.37872785096228156,0.19559405424143253,0.017693975823036008,-0.3171846028027258,0.06796343102374192,0.04066417492307681
dan,0.001539557745189519,-0.3099832828978987,0.3881860402470104,-0.11094044922860735,-0.38467209904081207,-0.10476040844443844,0.050923402225263995,-0.18622463180636678,0.27755734807090965,0.07098272917416576,0.5178080256619677,-0.07418678117909032,0.13887150930127115,-0.19685740429018506,0.1687094280469179,-0.06866404177490432,-0.30715904736454874,0.05849755639423847,-0.002036336301048747
dan,0.003149050957290025,-0.34050103091306305,-0.3035789585771983,-0.14494865449496327,0.2524185610165826,-0.18709133375988632,0.08759684026278731,-0.33283120746375183,-0.3034150957949945,-0.1317601720723978,0.0030732935357434448,-0.03996254110865003,0.14231328465977497,-0.31065561291612664,-0.45369758809312,-0.24267891804035097,0.21644372995978714,0.11456483254712298,0.03500276368919593
dan,0.00039480659329236694,-0.11313369062974872,0.3131913188389678,0.24131617510066786,-0.3010479698547504,0.18767110609203913,-0.08113273563050222,0.341895471799248,0.4014219535747374,0.14356395855353285,-0.0124862859276296,-0.02195955070257502,-0.06169805690618141,-0.4343931176695654,0.23561681921641586,0.3406566325102913,-0.15457424568372438,-0.1054878055422588,0.008812173791600186
dan,-0.0066813170406580195,-0.27643147536840096,-0.3297426446673556,-0.26794325207766434,0.2581895148682443,0.04123916509109306,0.05615127185858741,-0.39059611272667216,-0.37293031472158633,-0.1730728763185541,0.00155743774893012,0.0947628126252992,-0.01490877315632414,-0.20727221733666368,-0.36987960624279237,-0.34555478482174146,0.17558873663589375,0.09887214926261484,-0.03093896675254023
dan,0.0009833822610344483,-0.3012272274291529,-0.2611989620654538,-0.23218036687815508,0.23251726697851094,0.5076021501177168,0.043287614945213646,-0.3494301663829753,-0.2914381564747419,-0.12247117037091493,-0.00025682825507413994,0.07017916367054149,-0.023707831426541946,-0.2611282615949112,-0.25213237221654294,-0.30926207379407983,0.12133655551013496,0.06122681517233078,-0.011593618842782653
dan,-5.1167090694522306e-05,0.013087986312694878,-0.41797307573586373,-0.2744072449165109,0.4006946996300536,-0.10664772025979624,0.060298945709750036,-0.3126098941361045,-0.41626348831219556,-0.1847555840121817,-0.048149201344270066,0.1639766860168194,-0.10090605255767934,0.10441491405673309,-0.2804043392056329,-0.3531608351647544,0.10709546959195904,0.05928304797522651,-0.02242272242387782
dan,0.00030495351264650853,0.030180577585002973,-0.28031261741843305,0.05836914455388436,-0.02321657587441734,0.024283669909820633,-0.06856088703386044,0.12527956773146479,-0.16975330641681546,0.028462730915645742,-0.3140963966642528,0.21138337771342774,-0.46185415869226426,0.23523346564690986,0.6612114372053535,-0.08185849314864863,0.02390058719272089,-0.031037596168045932,-0.09239564230110527
dan,-0.06560279270747355,0.3188031347257385,0.19034620612161654,-0.18913013277195773,-0.1739620848424917,-0.05958349108552498,0.057899773797375785,0.5241313070450735,0.20151226655472976,-0.17733143631822035,-0.14763106108678387,-0.15134635019805867,-0.4264764452358853,0.2014684695265912,-0.18100993504756502,-0.15978568236117685,0.1751399866213991,-0.2306546256832623,-0.18189571543378058
dan,0.006922151522738808,0.2694949267525214,0.16106505255456893,-0.15560518283013325,-0.1486432678474579,-0.04959191280590291,0.04672966823032806,0.4388205007739267,0.1705649229702902,-0.1457839999285124,-0.12598197549180162,-0.12760530653379823,-0.3188623299236626,0.18484372658638704,-0.11434626235205285,-0.12730837882634197,0.1912793360791969,-0.5877713638526924,-0.1680193661236595
dan,0.024219470853985958,0.26646664510682033,0.15988764158819896,-0.20795348695715862,-0.16410091409653124,-0.07451423641336315,0.05947139359156011,0.4898526330144205,0.20919982620767608,-0.17578559748355005,-0.13941359304607884,-0.15641069587830989,0.19473011545668045,0.19955069898847627,-0.19878488812259656,-0.1751135942252963,0.5423279901905875,0.12924499666201922,-0.0830834933446029
dan,-0.011211965573227713,-0.21234435964141196,-0.13546837298518416,0.24504992673170573,0.14544663523526602,0.10124415500395752,-0.06272815994627931,-0.3594789125127231,-0.22795224367502662,0.17328708358341935,0.1467107797976563,0.20183666874001105,0.38626755399457546,-0.162015884611993,0.20568343401450634,0.21344764136140867,-0.5241019327650035,-0.13465566377365343,0.10751119044936494
dan,0.0006932255967370886,0.12728758181135372,-0.2555153894803236,0.29394034356741494,0.2645701783543187,0.16229337882155456,-0.06119614955835538,0.2067156423744525,-0.3848252042880557,0.18857825537849215,0.13015422945875227,0.2152867166266519,-0.24795639941084446,0.13387696327584916,0.250028192396639,0.2539621631265092,-0.42246695222475716,-0.11642091297273958,0.20953960655665427
dan,0.002793512337103157,-0.22978896657225675,0.2216538640896195,-0.24466238559148418,-0.19071304759201418,-0.11857765867639308,0.05563203785708206,-0.16955900727559525,0.3196412105554361,-0.19363748435644768,0.6317340963430391,-0.10617305511959063,0.14378161686695257,-0.09528050914181063,-0.30907738044702643,-0.1710483001316013,0.1973452191520066,0.08688933860685356,-0.0697866013016632
dan,0.0011613679162571383,-0.07787791929948423,0.2937159057726355,0.22148212289759078,-0.3572219463754817,0.0810117786560634,-0.05782993614980876,0.17759205075235598,0.4334445429906522,0.1455365862474163,0.10802523862641455,-0.2225326313424904,0.15728076496230844,-0.1674831904847977,0.42870406975073627,0.23368139157680506,-0.3481301150552871,-0.07242351112571951,0.04112096907739799
dan,0.03150577918569078,0.09213959630569238,-0.25767156465633806,-0.14024676462752128,0.26112751756369434,-0.05664996089079534,0.04241746638532237,0.3470477249201496,-0.44267577047696344,-0.3515922691606057,-0.035597369137587265,-0.0814904153859854,0.12033754862632424,0.17256864154191892,-0.3117310814586708,-0.16108074602324057,0.2488638060227032,-0.3882735209919599,-0.06517409504854195
dan,-0.025324768129719306,0.11212390388905351,-0.2402185479402358,-0.13857109782196128,0.2795709630263244,-0.058534149213259154,0.04286183100352507,0.3412991254934526,-0.43468418273881587,-0.3313489992278323,0.0015762043791280114,-0.07842920236674472,0.11270551330398715,0.17070953048239043,-0.415511449913461,-0.16117405627481635,0.3930287599492924,-0.09414779538954142,-0.04370671512260635
dan,0.004874404755385302,0.11199947560638918,-0.21280510230576588,-0.13739267594980642,0.24347091980974983,-0.05324623805727122,0.04105061235318054,0.3166596473670993,-0.4259506072985973,-0.312163074942084,-0.004461000509426537,-0.028829738431834683,0.08453966051170847,0.19273208132174394,-0.33481267523777625,-0.1553552139638252,0.29435476456944526,-0.45324409474534677,-0.08299727107277712
dan,0.0017889985989134446,0.1210810244799891,-0.1300545230270319,-0.2147838793283087,0.13188987534919325,-0.07744737361374124,0.06114209116929895,0.2475818994408172,-0.5010685594167482,-0.42414147561308607,-0.014255894338272252,-0.059425751886538036,0.043864598353718906,0.13947811065315457,-0.4313287686795332,-0.2398251451240541,0.33282215554003897,0.12669734423685186,-0.08604013010126402
dan,-0.0025716571610376344,0.3971810157402639,-0.10756757477766488,-0.10801030786254356,-0.23621789930046624,-0.03679893875501602,-0.17464320814731502,0.1153434332749945,-0.16425155241612155,0.05822995252313893,0.1866073618066377,0.18617281717696316,-0.43333138798982734,0.6000426882706493,-0.13224963320175137,0.20978416293275798,-0.04195097383860435,-0.06227077397073335,0.056891797772478374
dan,0.002242086622755595,0.43327241176723835,0.20063467981655658,-0.11398720922836358,-0.19601426632409313,-0.023786950800727808,0.04212107619272867,0.4259879090946786,0.162209595381272,-0.027895390168826695,-0.09439608556297512,-0.07519633363790369,0.08219782169418491,0.4558975554066868,-0.012431558498104647,-0.07704652772653432,0.007529718620772924,-0.512676364328206,-0.10752498692300651
dan,0.0021965312059999673,0.16388596563086008,0.37772951802744115,-0.3180840956291603,-0.3726504572313219,-0.15378860426465676,0.06604717265794727,-0.048185996484276246,0.43142946545674976,-0.21738963790805826,-0.10553201745854837,-0.1977488673258127,0.27207076215439474,0.08905947987284597,-0.15036800187522506,-0.2862691908170427,0.2104993732761254,0.1264849200320975,-0.17212360485372147
dan,-0.004131690382517537,0.002752337544381922,0.3286587091528294,-0.2510979806891554,-0.21889510961063005,-0.08430965348175114,-0.08656820877812879,0.0337488844294796,0.3264926583985178,-0.22396778886076418,0.6891143988533238,-0.0911452245493294,0.13321024939477577,0.14770506992401936,-0.10302140508117606,-0.12658575241690656,-0.22264281084668663,0.0911952439890106,-0.03519666580257295
dan,0.008489848330837995,-0.05952667676295874,0.3316325821891447,-0.23122372406338967,-0.1667396858949919,-0.06202580544554675,-0.6860746975489195,0.022421608082428608,0.24992356147588146,-0.20056804822329458,0.09079109275631157,-0.07397439115767139,0.11264417665603418,0.1602584713573371,-0.01919020444701115,-0.07216336331067615,-0.40415218152960963,0.0804177270582654,-0.0018949109175003633
dan,0.014851593511904376,-0.07554333362606774,0.2564418947908298,-0.4722000016986388,-0.06103192964986125,-0.15384564386680538,0.09827392254562888,-0.16365714762086275,0.03244705459892741,-0.517559093934919,-0.029955149640458763,-0.15693677017049987,0.2099086052116484,0.0406288011814855,-0.13583653243101967,-0.29497202871360084,-0.40934004537088003,0.14829261213453052,-0.08095721464517297
dan,0.004097637679555817,-0.24504297781177803,0.1574443774589348,0.23424454940544787,-0.26845436448881255,0.08836898676255758,-0.04445766553463588,0.391924102368441,0.4944020620692842,0.10262152682095901,0.12304728054160338,-0.21553026706487924,0.17721671050312235,-0.07811039272616115,0.3604621318259491,0.31661594779782376,-0.17502219073799574,-0.0959422409089493,-0.027479060365706562
dan,-0.002250600887198001,0.3612960272261608,-0.24150085479055747,-0.11033884270871688,0.29800335289593133,-0.05160806623777788,0.015222387529206474,0.14918791121287503,-0.4986498892387514,-0.18282510963226592,-0.08699094048569665,0.19984286649804914,-0.10997727725431973,0.30493794954862624,-0.31090295778145316,-0.22182145004608828,0.31563922759100616,0.021892870453708774,-0.06613173127169986
dan,0.0829475564421599,0.2765207057588232,-0.176745660996115,-0.07498650896647649,0.17627183315447986,-0.041505842198164625,0.008857038188875595,0.4578223461603348,-0.3664584358328014,-0.3475425650355173,-0.024164933887935672,-0.07482107693257976,0.12178941118896655,0.22271140375940357,-0.2591363205163704,-0.17121024972432644,0.20546231463955034,-0.4105658526226756,-0.10613011156647639
dan,0.001848165845961622,0.32365180446657665,-0.14931478392331576,-0.07149109172561532,0.19317676323345867,-0.04133993528818732,0.007992176150434934,0.4549883869152611,-0.3003800111834691,-0.33363063027305995,-0.029624136069085587,-0.07251220033519673,0.11783316985858207,0.1937313535030809,-0.3827383962156919,-0.1623122770124124,0.4292933773148137,-0.027458294563694044,-0.06905578866565332
dan,-0.009693929179055665,-0.3028009520031252,0.12196096428389638,0.07330033996696118,-0.1552013820452916,0.0391864145596997,-0.011014527507595075,-0.45054799060812745,0.3130038915043488,0.33538530398031835,0.02652402366773543,0.04733892211597613,-0.10997910739773066,-0.20921616722015793,0.26108763569299187,0.15086266947055962,-0.24792087547646358,0.48000531668828667,0.08522971134693905
dan,0.0025946252342240244,0.32008929020748095,-0.13086669537063988,-0.14043450342196478,0.1454855404553285,-0.06540915929421166,0.030923976704195874,0.40308880842265243,-0.3047592785526846,-0.4489975954764381,-0.04422516269322803,-0.13728930230957037,0.195806599545693,0.1308930019893882,-0.37531279027126546,-0.22847648582736468,0.2869453530364189,0.13976828466428726,-0.078263283106379
dan,0.01154241262265977,0.24669821301235015,-0.11814447159976793,-0.17337786918479609,0.12219643497405848,-0.056930485681683796,0.03962870904972408,-0.06866992174554266,0.2621904438520983,-0.013005812366073413,0.8016518785566621,-0.18525795155669156,-0.19655661269427038,0.06794410372946255,-0.1450897151283557,-0.18419887820088526,0.01031622447342383,0.1083201175311265,-0.1212967336646289
dan,0.056318228176808836,0.2356117834796645,-0.08127235116888377,-0.19386138332057987,0.08300859775964706,-0.06529242714521083,0.04244344229475274,-0.09312592664461825,0.2764521796612337,-0.01207748674174904,0.761680378893459,-0.20072459815907134,0.3019569507200183,0.01832807209072237,-0.12674874380176443,-0.19462302704716933,-0.03929645484541611,0.11113036037070724,-0.14933771632394363
dan,-0.0027120940086245732,0.3758258168627031,0.20149584317506675,-0.256290112513767,-0.25340618602951376,-0.08265338133658429,0.07187552468828626,0.2168433527755007,0.3367363861487841,-0.05422067847249181,-0.21673374780498506,-0.20705605901058816,0.41910031047329127,0.0384267632586852,-0.23536047790019415,-0.24791624462214754,0.15005314998317917,0.16207692488073233,-0.2833650721519408
dan,-0.002716167387297186,0.4526621393224867,0.30882241424428425,-0.1551511793449097,-0.35720324240249873,-0.024349392988432327,0.07267442679502809,0.39843228153367405,0.21072738764589466,-0.004994155618000292,-0.13364258838236107,-0.10192770503730933,0.3069328596633702,0.22258761786643683,-0.20373845739217997,-0.15184285609799858,0.14003356785845675,0.028373863119186323,-0.2863969673051898
dan,-0.0007789356944391228,0.40804453605890956,0.016469955406607444,0.2936205650279904,0.13534523950040017,-0.12628338303004213,-0.13674582873790292,-0.19755530107966454,-0.058158802044172446,-0.00904660237111751,-0.02613092143772557,0.3827500303376004,0.49730160451511884,-0.39952086402482884,-0.2490286526032584,-0.020174266896500086,-0.1866587250877179,0.000841596695347235,-0.013676699743180584
dan,0.00348481512320166,0.4324117132579678,0.25210999698451664,-0.11092090331004016,-0.25840699720059185,-0.01685170843904307,0.036862224410847716,0.4472072563166534,0.1463231302602423,-0.05370722218847404,-0.10142041444275564,-0.06959321915498012,-0.05186675884116702,0.3337017554260143,-0.09736550766395972,-0.10848460974180701,0.13325758790320727,-0.5102602854295919,-0.12610528780677632
dan,0.001634668578697063,0.2724813386264187,0.34348979082060516,-0.25398224575598544,-0.34464936118495615,-0.11076844709895867,0.05258456962984479,0.10910607054014393,0.3371437581492578,-0.1880765647692447,-0.18153004580339813,-0.15545635187320483,0.2576975673417173,0.20109564905420282,-0.12641022942195881,-0.23387467651497656,0.4332035480619056,0.1207160566487033,-0.10779132657927615
dan,-0.03387270316527655,0.0662189602506938,0.3997415444768027,-0.31013323215595356,-0.39656048529860144,-0.13976718811879837,0.07602878991636697,0.05385862654563624,0.4351018591474697,-0.24855757945001034,0.1395325060544897,-0.1537654278892929,0.22268609310997084,-0.0019497419264742598,-0.22037453000279342,-0.2651471295922795,0.18681472573733207,0.12933355686390585,-0.1996685855829902
dan,0.0023403566124174566,0.043567524167938576,0.3132661532360016,-0.24408231302367928,-0.2413573417943626,-0.09735626307200772,0.0613398281755958,0.06467459286335094,0.3599019956985274,-0.18571987098886894,0.6967954361621148,-0.08505312813159613,0.15667230804118268,0.11092125001465222,-0.1381501881697133,-0.16397226128572243,-0.014232076381035677,0.1146650880087655,-0.10844836575034747
dan,-0.009142115939820394,-0.08753330799383371,-0.04827572090210117,-0.43398647877805463,0.28263656871182435,-0.2166782053716615,0.08545615865996856,-0.1536886493622902,-0.29635856615206413,-0.5492954856545144,-0.004381085107435328,-0.12034894688334015,0.19082421230731805,0.019238517774198383,-0.12792718599624195,-0.3670237950483793,0.018536413996314727,0.18833739094841706,-0.12720017312681467
dan,-0.01767190634161404,-0.17405158026244164,-0.10485666291465567,-0.3672752525749863,0.28665461575836426,0.03794633548846521,0.07153142563953792,-0.19681198605973388,-0.41018510947928355,-0.43845056191760334,0.017860602803115397,0.006941376519199877,0.06792217540642542,-0.0018622937412641517,-0.2695079774401602,-0.33626138877185335,0.2117261660860465,0.17267855497781717,-0.2655759839687668
dan,0.012130185085122284,-0.17577609513454628,-0.11951584969376847,-0.23693613489662463,0.21269506651477643,0.6338187453083146,0.052095741127063375,-0.20029498504715232,-0.3825458308795532,-0.24393195650406008,0.006672379785183033,0.09609612040131497,-0.03477180438732108,-0.05466599162341745,-0.22745632698181592,-0.2445690065674793,0.21695342760403036,0.1066426997639285,-0.1398934328460735
dan,0.00020790430217806232,-0.015633411241969798,0.371115670340194,0.2145477141601914,-0.4760549541123928,0.1231105499225689,-0.039880876680409134,0.2496920397519738,0.5085260160235414,0.11577594429629222,0.11672404368394493,-0.17212113033279533,0.13833635262663677,0.03989370172505642,0.24866057634102162,0.2576234915838526,-0.15449640518319932,-0.09146048124863912,0.11772589196244981
dan,-0.007967184433274654,0.09779887344111693,-0.3229584262206176,-0.15614657884633035,0.39540736532399745,-0.08838926496128582,0.026057383711982317,0.16097663020812603,-0.38848007962045067,-0.47541406084936266,-0.06002516611172596,-0.1472506787126455,0.1470312488851949,0.03464404145390731,-0.3450469151076328,-0.19023715156020354,0.2840707310769335,-0.026783271864790167,-0.0964303799833301
dan,0.006169004621797215,0.0863235021136745,-0.2781483796842359,-0.1686863472418267,0.33528424843622967,-0.08132179967860752,0.030934182190084446,0.14697256711623752,-0.3407652498745877,-0.46190626123640965,-0.04364408213969174,-0.10216021283569166,0.11433912164303434,0.128796957820587,-0.1788115269053046,-0.17957334029443195,0.08030638820064347,-0.5357604075821724,-0.1262917015014126
dan,0.0020880118934491995,0.12644157246887025,-0.16230806494492656,-0.2766562949057066,0.17217994588102728,-0.10501632276902992,0.05446250683597145,0.1112393406094525,-0.37303913066455313,-0.6297699924543458,-0.07250129795276271,-0.15053864176820092,0.188583185776311,0.13243618488789072,-0.284767659230623,-0.28315564981999064,0.09037037276970047,0.15276811863189024,-0.1247029892222989
dan,-0.005097893927981138,0.418596842561299,0.25209234386131546,-0.2573163010715491,-0.29108312683642984,-0.047297936806194284,0.06929403179807936,0.3070966506333718,0.12454158694786441,-0.33447896621398243,-0.15522877246061695,-0.07322563306369918,0.26523037572804603,0.2076790873311649,-0.24947779135205614,-0.2510049063082029,0.17923198659510747,-0.011570403950927788,-0.2848066721902466
dan,0.1504716619421558,0.3545295143447121,0.21816245134715787,-0.19073351657855359,-0.2426588287714814,-0.03159936793094667,0.05312170690271217,0.26069164572979964,0.16840975800418237,-0.19199007687401506,-0.13395109737507296,-0.0519966078554865,0.21560153552527184,0.17076795052999522,-0.1999004684525245,-0.18395158537689624,0.1468378560046897,-0.5830448145352106,-0.2507100457999507
dan,-0.01626543548103697,0.4435555076399641,0.28094849952906353,-0.21556765590138946,-0.306897045353236,-0.03256524600804728,0.06301273750423345,0.32865199458138455,0.2385788701308565,-0.1688327302062256,-0.16139509884977324,-0.06021386355180972,0.26387584367095424,0.22680228378963457,-0.24149374058010853,-0.20657464689608102,0.2493463694019279,-0.08330530990867192,-0.25368113336126313
dan,-0.09161598141910296,0.051416924726299426,0.029792133571026887,-0.01610378036008838,-0.03192656873592802,-0.0010825163087266314,0.005958219157751245,0.041893237080305304,0.023943405721769607,-0.0063335648734384655,-0.01401868413403378,-0.005359756822472997,0.027308586764000393,0.028301318027805403,-0.02379368777894314,-0.01647408037841387,0.03528822869112832,-0.08276436705760279,0.9909996298646515
dan,0.088917288878187,0.057263072099264636,0.033686966089375346,-0.018664600473057336,-0.036136744917116395,-0.0014329300084660148,0.0067458697745774125,0.046289618663780396,0.027465879594208764,-0.007694111013160698,-0.016099562234622406,-0.006118833915384756,0.030731070088955394,0.03159808052744708,-0.027095495752561302,-0.01887293074620189,0.03916853182187218,-0.09387623895610368,0.9885602083791767
dan,0.00115088086847826,0.4553533105387657,0.2313087798270861,-0.0979338992890856,-0.2322715035030466,-0.015341887749131264,0.02725909185253116,0.3821617325260481,0.09884204535314664,-0.04676368143697204,-0.07018804417373448,-0.04706306666408752,0.1990821489799914,0.35279659365562616,-0.08740610463644534,-0.11636981302711347,0.2773541424450825,-0.47304042680069763,-0.15333342487143412
dan,0.035186744573578135,0.102967324027984,-0.012784744488744792,-0.2659812143653435,0.062195431359580625,-0.1432285804631671,0.04202759347230517,-0.19411243546474688,0.29016698615493375,-0.1196600951366937,-0.16287378379222073,0.6380265135091069,0.32072169846925075,0.062225266011878465,-0.11782290308350764,-0.2511839557386594,0.33719096234104146,0.09780525928700304,-0.1247592833731017
dan,-0.007996910999981488,-0.01424058789665228,0.10190670406883516,0.3757465462024347,-0.2003435532449767,0.13801506374104977,-0.06498616749278044,0.14045017365603898,-0.18367181512369468,0.24354098904843066,0.1086964965843175,0.2939972550115848,-0.42441795047623554,0.04674780128334742,0.19672562803471194,0.3604658345899358,-0.42230115505993043,-0.12244746546426284,0.1717863702356916
dan,0.0032023195049234467,-0.12618050328050934,-0.10613493419242104,-0.2618163862251782,0.17651037768869848,0.6719312540535683,0.05335355251600025,0.018614562137584858,-0.2566481551083973,-0.27907953793463897,0.026926334996503692,-0.042204423154228676,0.18284107189710794,-0.09965601688935079,-0.22396461339341994,-0.26901991210083886,0.301018452876217,0.08262131908174816,-0.09398442693954738
dan,0.0005310670330282265,-0.1195427989093989,-0.11774209278530112,-0.4229000602800991,0.16774932662341144,-0.21698018482810957,0.09228638910100467,0.08079551090246549,-0.016948768954963823,-0.20925687786658625,-0.06927102788525083,-0.22344210923566585,0.3946164213857983,-0.0988240475638561,-0.2732830725582228,-0.39258725693743496,0.3943730671629003,0.15289595185083663,-0.17530653895523277
dan,0.0030075393693300037,-0.05615722042219879,0.15579514405503525,-0.314178283310263,-0.17973758223825254,-0.15121364257998715,0.07368198275697807,0.008482106030018071,0.13116036864877897,-0.2953883434849648,-0.11265551923809118,-0.2986727184152132,-0.42417961520877795,0.002085003360251338,-0.3110039748132811,-0.27739292931513454,0.4529345082519081,0.12388154794109524,-0.18094423761040912
dan,0.0027878895453015066,-0.07453317929764215,0.2728520667612164,-0.36091928452810684,-0.2954450011409626,-0.16525829523314386,0.07854162535222604,-0.06897502481361584,0.15926904129752906,-0.301656285198479,-0.14698109839071677,-0.31432598666737627,0.31900788796383067,0.06768271188800569,-0.28220802225163827,-0.28630300069299697,0.31879487507037024,0.14731547228734043,-0.19013742703347813
dan,0.015325791101217031,-0.06295415629756893,0.13432848924332938,-0.3691261201898276,-0.12372065160830456,-0.16278555415893187,0.0833188529709347,-0.06677445847036897,0.12666689356188474,-0.278956567219503,-0.15702368772794262,-0.02982389796601953,-0.5808890229871829,0.025157174200872236,-0.2711330635854454,-0.29592809826984784,0.32669294303657515,0.1502992812227104,-0.201630603073541
dan,0.00434725266870484,-0.009466023236345475,-0.04127672022344253,-0.26890637246846105,0.07674050633280351,-0.11558078676455465,0.05361425491157572,-0.03413389570092529,0.0595385420928158,-0.1903223092282779,-0.15983061770928222,0.6959657695434073,-0.3656257532430713,0.02256062965909984,-0.2096753276755492,-0.22669578337701687,0.28331338354616387,0.11702320788170668,-0.17152246964032758
dan,-0.001571064793217868,-0.03740561674997245,-0.11501602381953972,-0.17028325665671148,0.17599711578806576,-0.07624473192725219,-0.8705953740070074,0.02161075541339508,-0.0009296204384705729,-0.08887461872966058,-0.0935525775578283,0.10581835994426766,-0.2254154647538153,0.05135730254782454,-0.11895603528265727,-0.15221705597412255,0.17884504157508863,0.08034610874715073,-0.06421588401078433
dan,0.001060544132302282,-0.01685151765764116,-0.07124673750125532,-0.16407050915190421,0.12413274403688308,-0.06495712050435737,-0.8319659117739832,-0.03642468618245163,0.032072068166502335,-0.11282679062216816,-0.08713315893443574,0.2177268188416314,-0.2431236789405021,0.035772557564750125,-0.15785632744352657,-0.1538622934749174,0.25234320190276865,0.07783889053910437,-0.084414031494021
dan,0.04379530014075341,0.024979381669437844,-0.0434856078641702,-0.18308671063877485,0.1033996591168637,-0.058646576540440386,-0.8166062338103747,-0.05963475737429324,0.09296296431525294,-0.10842138926827155,-0.09781839705076019,-0.1622561389192452,-0.29683469362662174,-0.026106232708569446,-0.1663573175317797,-0.17156592869993528,0.24894121880606088,0.07927682662080467,-0.09476279744719149
dan,0.0035439584538383986,-0.07909904375844652,0.11524007327714858,-0.27578649457824117,-0.09563711676013935,-0.12089115168929175,0.05866476285386309,-0.15589202891460324,0.06752322640644186,-0.26857197194090987,-0.0927849110195662,0.6502744843550591,-0.41623744795251744,-0.043068715941377234,-0.17748473492607872,-0.23788219028853225,0.2324552036938404,0.11164109780252503,-0.12266695611423747
dan,-0.00048234135875766155,-0.1425653366699795,-0.0956752013785328,-0.1985518792513236,0.012842510612832196,0.0984030700751139,0.06450833304762987,-0.11191100102721378,-0.28163750463870507,0.43661042510398645,0.6038094241956393,-0.22507505240848377,0.09353018810672023,0.11382048949005605,-0.16128644218889324,-0.07015682965705639,-0.38234883076488746,0.12098772851564549,0.07684489037442012
peppe,0.17657730683913253,-0.025698693486971017,-0.04981976988023732,0.03381173794165443,0.06464446004359549,-0.021681531593679873,-0.04433625319794567,-0.024704353669448,-0.0480954209305976,0.03148721560647956,-0.9848200770610409,0.0877494440654313,-0.015022872438092416,-0.04375360188893178,-0.032372486534947856,-0.007439918776066201,0.0491267790004191,-0.035256458363831136,0.026726658899207226
peppe,0.24361846589696168,0.04272370116058188,0.08009077663118136,-0.0408299576897027,-0.10344594743687922,0.03291270820578878,0.07464551328092224,0.0380219697047196,0.07636030632794848,-0.0547016945546269,0.9633674649671936,-0.14812551185426504,0.024515076805644485,0.05767999372260278,0.03079775230240732,0.020862313188651168,-0.04931234223202512,0.05186038772609639,-0.044911104989882315
peppe,-0.000969070329288216,0.03283009538446921,0.07477791042939043,-0.055489809054412836,-0.09606692139644166,0.034587101600879785,0.07403755838139675,0.04060230576520417,0.08164196686316989,-0.05214423811930338,0.9629889716603823,-0.1464417017321609,0.026003388731304547,0.0715267931906111,0.03233855985051724,0.025003916541614633,-0.04882936142269442,0.0520558883316884,-0.04428746088246498
peppe,0.15029293106687394,-0.20482169667546873,0.02032606565157475,-0.020573085196653493,-0.014690142807194686,-0.06303118316646114,0.3071995463820237,0.15862153089913458,0.23049802672326433,-0.1927816550520477,-0.10542741703702996,-0.447210487982258,0.20659171516729383,0.09017527063642564,-0.2137885461047549,-0.06942389273132019,0.6154275258150451,0.12538499816189716,-0.19045983717708537
peppe,0.011247716243164793,-0.2542185406393724,-0.04170025194294232,0.07657315966999205,0.0664584385935098,-0.10731492863002315,0.26870713119852796,0.0820576393635566,0.14070671787580993,-0.07693830800544565,0.012907066287052441,0.42110986066882944,0.16478021452199873,-0.023077485337263035,-0.14203867085129226,-0.10088678389977214,0.734908533433927,0.0714376736185323,-0.1626354086789066
peppe,0.10159629805629813,-0.23370822231944208,-0.06594221803516993,0.11753184669863945,0.09337804579817433,-0.10087927189311306,0.20430627937349324,0.009915478841776107,0.08313957948850732,0.05316924191205354,-0.007082796735589541,0.25751419207208187,-0.7150130514104835,-0.11226515663067586,-0.020654323040579924,-0.05655420718415941,0.4994882072381378,-0.0052834384016730695,-0.11572173863199872
peppe,-0.002040955072652427,-0.2307919966624929,-0.07445293482595383,0.2166739045985329,0.08322588663542108,-0.09354399904594558,0.24544899960937305,0.25758708917518336,0.11690093577008083,0.3907370996094311,0.014126304029907282,0.3831223953228763,0.2817953855933052,-0.43810491380397054,-0.13263584062392708,0.11422910893429368,0.33046676820756676,-0.06412979908977083,-0.15277836067119568
peppe,-0.011031405900185837,-0.15312088123099626,0.03114303038471391,0.19621524952259045,-0.06716575141549634,-0.0720596150251807,0.22896758588347493,0.34873629630906994,0.11462106041132708,0.4304963372366071,-0.00504652002672216,0.34024863575726927,0.27518120548782815,-0.5353850894919558,-0.21907241581824602,0.07309624189529158,0.13012793326804653,-0.023950783012678025,0.0766317099677294
peppe,0.15147814476919744,-0.14142551891729882,0.06800716328175169,0.17339500808999744,-0.11397018563838464,-0.07677839888129281,0.18475160602434834,0.25462837772320424,0.09458633831606779,0.34056749714407897,-0.010607509126996357,0.263873896635439,0.22603951141435139,-0.4362424726037061,-0.18042944411617945,0.047557648188249375,0.1686194464432947,-0.020632343583061683,0.5724546251528688
peppe,0.0038256724702473563,-0.23129677797207912,0.15032434730255173,0.20293811773430084,-0.2265473899421607,-0.1266285886815361,0.2324360833709487,0.2340582651891087,0.1389162323139637,0.39767635208237456,-0.02585830324660901,0.3356652893656978,0.28642356934334384,-0.4917003807155168,-0.07844600929514543,-0.008387028762362754,0.2798132798840232,-0.06673092269581313,-0.05466092830495234
peppe,0.027438050788376113,-0.17091874447243888,0.1767834374525667,0.17263509654517334,-0.2399642376816867,-0.10254845976876835,0.18432312683692087,0.0142422557174029,0.19537585913309571,0.25292999041234593,-0.08394053070993032,0.2745995152959457,0.20460254436634234,-0.34047331774947875,-0.20172041097072163,-0.06296735066544579,0.004963138738197543,-0.020820861312822996,0.6480432060952406
peppe,0.00039767929712547555,-0.25348350166203343,0.36324373911230945,0.27353960882511563,-0.4269676436340233,-0.09125780423285874,0.2332353344734648,-0.08103749014942382,0.3250405145068209,0.2523259781394454,-0.15927931159509479,0.3281567812664441,0.2240989484591615,-0.15776899556752794,-0.1840698330273631,0.1187472912036136,0.16782608365609708,-0.027849923850136335,-0.1515562397275354
peppe,0.0027972399231452993,-0.21823287693443852,0.3188233686488954,0.2604612144483092,-0.36106176653221245,-0.06736235292427821,0.19786882189451743,-0.19547542489843867,0.12675376094257926,0.21031133689451517,-0.039699386830373634,0.23011683857166532,-0.582275096302616,-0.13934729510212873,-0.13629834549262704,0.19826636288339786,0.15021945825492505,-0.02148107565893204,-0.12812800309305888
peppe,-0.0033323561546673543,-0.37910772836637274,0.4119409141269248,0.1732365661159047,-0.3989260286484248,-0.04153257906652213,0.18626775210086816,-0.2744797566589252,0.28914216696332046,0.15401071875560932,-0.1285041470527351,0.26141355324945875,0.2107066403298749,0.1340662123695139,-0.061329484238767655,0.3181493132366975,-0.11839725375178436,-0.008231472879265903,-0.10981580289795737
peppe,0.0021689511946338088,-0.4364325031836006,0.4263799178197052,0.04807413412116515,-0.3855633731619494,-0.01385218272512399,0.152872137706937,-0.1182271686864167,0.2588011151632416,0.07250185839683737,-0.1250242294501625,0.20499241514412966,0.025334462969587173,0.33375655565121753,-0.029138448028971132,0.2807797809653147,-0.33217122015719264,0.022713073264490066,-0.08218555699819903
peppe,0.0002819691154175033,-0.3607568501760558,0.3985535159655572,0.22384899031995556,-0.35848884785578283,-0.08251031242407143,0.15934579809109867,-0.1567377543753012,0.21157020245087882,0.16965364856339543,-0.09117816385410836,0.19888879285098696,-0.41199351039064597,0.06679492622707339,0.0036512163565349987,0.38257886431760396,-0.15029815103190242,-0.04130668724528906,-0.09659594231995733
peppe,0.0009484647323866135,-0.44026003235890465,0.42553687690326203,0.16483022006686784,-0.3358246394400747,-0.09489955395473033,0.14411218288500913,-0.19165351827483776,0.2365312953761537,0.181901403385569,-0.054271566358309285,0.21641716047240844,0.16867707043793387,0.0913991706162615,0.10058782887385842,0.36358645728781486,-0.2962129757486017,-0.057746186377355596,-0.0981043498740738
peppe,0.002086476210154444,-0.18253457430899045,-0.18873773366094285,0.05908613697799068,0.27626952038491376,0.004007246457101772,-0.45000388764895427,-0.2600587566328922,-0.006962463001779005,0.07038927757275873,0.08451826596408896,0.19088961163577453,-0.592114410719023,-0.12377017366109755,0.19471189671913136,0.18571749396186416,-0.27902014295816613,-0.07267747585996273,-0.10512496916597446
peppe,0.01799425565980604,0.0021470554504392993,-0.3142678777381663,0.1442301436454015,0.40754215196473387,0.04164084845188391,-0.46271983934928856,-0.2730086386996493,-0.07922832729651294,0.11331844816619813,0.15551972390349772,0.20841677028371583,-0.4394619495158311,-0.3268118488275684,-0.034233155333120394,0.12128038881719393,0.03722716882310314,-0.08710617511732362,-0.11149758802429392
peppe,0.0007417219241174809,0.03297714737535522,-0.3810890281066599,0.31457195837768354,0.4747900984218577,0.04663523680747365,-0.4021506349206129,0.024604619304674166,-0.027194062600556332,0.12466933000309664,0.12758911074723056,0.2847987752074678,0.25290232786131217,-0.32714060752414964,-0.01818857964631385,0.2348806551082154,-0.05701296865245217,-0.07241139469189688,-0.12708917293379102
peppe,0.003877111443924556,-0.10409149317757155,-0.3538258746040206,0.4570824600633884,0.4388180548631691,-0.07026044320630452,0.17971249283408072,0.10353194161133346,-0.030302977768340792,0.16340325218119955,0.14351205196693995,0.2701863545641985,0.2453117120374988,-0.29460569329560343,0.05197240277335496,0.30231276879226004,-0.16365115806309716,-0.08449421347282451,-0.13540252748816548
peppe,0.07954203779889048,-0.05149517982564228,-0.29792463287760385,0.30894237182381873,0.37330140647710064,-0.015207740284808976,-0.4591378931042028,0.08328177277047377,-0.04012927873010985,0.13941886843684737,0.12987451051901738,0.21613017840103987,-0.49299908114345536,-0.26208513987341897,-0.053636291961066535,0.17988535087538662,-0.077314899596067,-0.074871652844597,-0.11239132599233834
peppe,-0.011523333121493562,-0.026662320348053554,-0.34009533373775286,0.32197732373637267,0.42828271397441786,0.012497595168159879,-0.5401876763539336,0.09579884510816254,-0.056694896871357356,0.1656380089151209,0.16503238349692448,0.25466061454990596,-0.05851771420692947,-0.310239684970707,-0.09543622249852081,0.1853585169470603,-0.06504945692590973,-0.08868333563442685,-0.1319829136057537
peppe,-0.0007999207445042785,-0.032364156180974685,0.24906828899676836,-0.16897287556715776,-0.31173539920375226,-0.06354966547885892,0.45938126874732427,-0.07763890435152555,0.06766545711598439,-0.14346361403196028,-0.15246712665311254,-0.21246784017850198,0.6058482348110857,0.28134827512142885,-0.009622032666779134,-0.17848714849277664,-0.008084440773689203,0.06456212041456849,0.11894204567516782
peppe,-0.0034227019227652446,0.293214610926893,-0.22458675613020995,0.2752353098560793,0.2218805873116395,0.06097587288267422,0.11789682198595738,-0.07338115823125786,-0.4481896815480438,0.005338359474893776,-0.04413235213564551,-0.15396576671216192,-0.14749893475897857,0.011933443600672566,-0.47718768320533866,-0.2792915646622104,0.3908593805822029,0.052149714275935614,-0.07708134297607465
peppe,0.0021677048360223,0.3239258080922148,-0.2282277448699107,0.3212194146049854,0.21975000100963574,0.04645938423449468,0.11225382182445669,-0.3168188155990486,-0.36946653984814665,-0.27200269535730603,0.04426436737137386,-0.1951361020235624,-0.024487714953592157,0.05629462689306738,-0.4203500984825697,-0.04573857469181853,0.3728802322307387,0.05557166743933261,-0.03416692617528022
peppe,0.0007903299600875138,0.1058052327070072,-0.12074436886912854,-0.0860141362844395,0.11278696173966922,0.09013153519395034,0.254627550747154,0.1337405489594444,0.16772699903588487,0.24465138713568926,-0.09926517715884291,0.34166604529911154,0.3345367301815857,-0.2696192736214006,0.4106558093659533,0.3521628952595291,-0.40385727044564546,-0.016316152593470457,-0.0897340843148872
peppe,-0.0007555457216657434,-0.0006530271288799801,-0.062223493682959,-0.13227258890099042,0.0514985112338516,0.058232480740880534,-0.06216284179521314,0.08008975912717488,0.09611793379680267,0.13287977781225896,-0.04520337086071159,0.2360513785786892,0.2356819760290067,-0.19475300217466826,0.2658220877960475,0.05000436847901976,-0.47668314419993535,0.056532306239290425,0.6932470761489575
peppe,-0.004419095267039468,-0.013435812994541758,0.041511222827675165,0.19683848825756486,-0.013804750176591907,-0.12284966641863176,0.43511481793975865,-0.07519734727985714,-0.07962387042083484,-0.07570400224008728,0.010197905886293275,-0.17602095404773513,-0.19554267818168358,0.21766092728955322,-0.20588797470004822,-0.017597004648354692,0.3726934242622472,-0.034218871945118245,-0.6614728025143641
peppe,-0.10965734568331831,-0.010534010715834327,0.01396122142214155,-0.13886744822021235,-0.08062949232055396,0.15516908035030774,-0.6261907809837755,-0.06298484080413294,0.05877431703066631,-0.13952136708216129,0.02627823348135385,-0.5546414604808916,0.1656026463280284,-0.25504487760321737,0.04887773222064863,0.09675860716759252,0.12642784206226107,-0.01179502742718126,0.31963193151716024
peppe,0.028880153267608847,-0.03876232035809816,0.04385986847776115,-0.07577589599625727,-0.10471552271885788,0.1098292393730948,-0.5002234933568128,-0.10993264655587145,0.040771950848749315,-0.17024766394627555,-0.003702105427383409,-0.42703795029187924,0.10544352161308809,-0.1810265730562456,0.05064148008233998,0.11825169622436844,-0.03434407340860624,0.016957450119104888,0.6561779406147987
peppe,-0.001392998855588652,-0.15521052900712418,0.15723326316189923,-0.15480427535063834,-0.23884701309434897,0.11169742337867883,-0.5170380573696546,0.09318638837164284,0.06920890981668716,-0.35704249204028904,-0.10740747903563524,-0.394953478010762,0.074223373362095,-0.10022327199541485,0.2672467822639009,0.3581133784831343,-0.24787288995690274,0.029409906479092533,-0.06608458558334293
peppe,0.03955784166912392,-0.12076422579980065,0.14691499498683452,-0.22874242239551879,-0.20216943040813695,0.10875294427523925,-0.4375353474538813,0.24412923191454738,0.11959858256458575,-0.2884808975561673,-0.13626227104596134,-0.3243390685481807,0.07252597051482401,-0.010997480185031753,0.20361806940380217,0.2615714398729765,-0.27814119916878344,0.07723000266861918,0.4334706012862397
peppe,0.009941126424618045,-0.1066300391393109,0.13604267233629502,-0.3150672390421916,-0.1707123261027695,0.12539029979161123,-0.4321866080216292,0.24655050138654186,0.12785304594931837,-0.3347490457383123,-0.1356591548541329,-0.4347166022802971,0.09318996302330508,-0.02290022688965088,0.2715964550503704,0.2710447803359038,-0.2479255223800426,0.053822266294756824,-0.14774764963231418
peppe,0.0008616437306132665,-0.13623865715170722,0.6001239927114236,0.08504805425624755,0.18236020713408385,0.36574078713119457,0.15035905646274214,0.3386989446116659,-0.05305266751591986,-0.4422594471547588,0.08624474460835539,-0.07213656805705991,-0.1799479980397916,-0.033350194977568165,0.2408237129250057,-0.0015589626897715746,-0.060643026506688985,0.0555374207426266,-0.0201699227666567
peppe,-0.0014365269897477402,0.26532322374722694,0.1307800341809763,-0.4912428338868656,-0.1343771419662645,0.11723504023786809,0.21795098198247512,0.4260519380984958,0.15616775332905886,-0.3200653755367036,-0.2636978464320214,-0.42223509124903824,0.08479020917790735,0.0641288122765491,0.09030038637950603,-0.048509279172185095,-0.08653688446383863,0.08005166127543085,0.0010766090932814848
peppe,0.03707383124415805,0.22014050148884473,0.11382617774803602,-0.40861696828317473,-0.11502973503777428,0.09718590327437387,0.17882357670692908,0.3580947465886361,0.12379746411148712,-0.26166135075865615,-0.2053408621402684,-0.3450621230663076,0.06797034621730791,0.0770662901348731,0.1365515796753818,0.0029453504543471435,-0.1390338464437531,0.07038034757420909,0.5387059201198765
peppe,0.0019749198728053487,0.22336930475686506,0.0892824393686541,-0.5144128691544833,-0.06245922072422051,0.09214980587010196,0.2319407130022748,0.4523149128740433,0.11757644531163455,-0.2595361457960686,-0.16498464695232204,-0.46697995310252216,0.10228305950159139,0.07237232615431528,0.21887099168515625,-0.04843897797763834,0.07580337326592293,0.04071088093248649,-0.08311914078886085
peppe,0.09877739073148017,0.0942182997187364,0.005003749172795903,-0.3835540847612031,0.03653694955041746,0.032261833436969894,0.18561650248516154,0.31563964588285576,0.0884072055812549,-0.04826729260160781,-0.04784373192054397,-0.41771980463146,0.1332612245337852,-0.013358680965576363,0.26314036287002257,-0.08406936554917872,-0.10924177246756032,0.05085695904998708,0.6417432167750698
peppe,-0.03060927305454919,0.09473961961856936,0.01302835016906124,-0.4896836520420301,0.04260633528038265,0.03847909478255694,0.24184817552317087,0.38150119544642286,0.12004155228003487,-0.024140827912091607,-0.05256191398044452,-0.5553645061894429,0.183828914229417,-0.04768057720151676,0.37448824194534464,-0.08181348202186466,-0.07983563661979053,0.026398929037638623,0.16576390668902455
peppe,0.2976939866866101,0.059634293159417665,0.01732869387212783,-0.3672575307293955,0.02309055851750245,0.027051016746218355,0.1848909595256851,0.2784733162851041,0.09295429208738645,-0.004701575396770372,-0.036763206511582366,-0.37729140323746935,0.15043111016163263,-0.046603977787544666,0.28571749523805656,-0.042385200424687484,-0.07011118976512717,0.021042215275902654,0.6944887689019746
peppe,0.01401525499995154,0.006946686223603858,0.10313760231680315,-0.4864730741555616,-0.04859461092300041,-0.00034412361440898403,0.28287435268440353,0.3099434666939236,0.17318265995103724,0.055784778348056736,-0.056892884222349026,0.47374568116562304,0.29886404390581367,-0.12471394490476206,0.41762966721610895,-0.024162306958318596,-0.16342594424723267,0.005473257910611587,-0.08263375556780732
peppe,0.22522270119633747,-0.07841464988641947,0.16207657986167856,-0.26838087005269495,-0.12440957029427618,-0.060717361060971725,0.21100151125255048,0.12051228177749818,0.17935594516256428,0.10525732718405026,-0.07569141709631322,0.3425580849193434,0.2249858217717595,-0.11965706607302909,0.22880610047687194,-0.01819279347413122,-0.030118334681745074,0.04966370632608174,0.7280307094017834
peppe,-1.1507387442932782e-05,-0.22085795028105226,0.32058620699076307,-0.24971446142703727,-0.2718453340405259,-0.15459405059881523,0.26203213872079073,-0.02073346298054877,0.27528241311649143,0.24991710336434206,-0.13439466584168833,0.4020347429071068,0.2962234267006952,-0.13628047419751102,0.42437079888506124,-0.04395782543408466,-0.016305743058302687,-0.0413446144242209,-0.10462973256807391
peppe,0.05507616627892109,-0.19056408693734872,0.24759920421104223,-0.21175313629015968,-0.1676133371325046,-0.09464143965029152,0.18820793834103505,-0.06179301086923903,0.19150519229806542,0.19513908822404508,-0.0833821921618764,0.28276006257245434,0.20798394413311452,-0.09061478883798776,0.32048935905958914,0.01266762276513127,-0.24724234433490203,-0.002859862771837719,0.6356966061268101
peppe,0.000563848343726848,-0.23010941621372433,0.4049841951543349,-0.2924943770088694,-0.3286317719367822,-0.07104135161460885,0.1335497959105606,-0.15088345530374686,0.2603268866274612,0.1732303908871183,-0.11097595703279725,0.2861641070865727,0.23171645677750832,0.09736747286159675,0.38865945566752813,0.025830646469428713,-0.3437451391580699,-0.026554245750898462,-0.13450210935685292
peppe,-0.006480561175828576,-0.03674726955623753,-0.14349863278444122,0.014190736441976276,0.21959904953340917,0.06439758904553647,-0.5412188316832696,-0.6366999722876598,-0.13138725769404053,0.04787304147783721,0.2232251991778721,0.2051718732273282,0.24960030717522108,-0.10968902551208443,-0.06878409995598006,-0.10161619254626626,-0.028714508010601804,-0.09551392070335323,-0.12792566470020886
peppe,-0.004436071710136328,0.10566172265458151,-0.23192486229036358,0.24289902154923285,0.2992104265730598,0.0450031432394827,-0.23104731159551833,-0.38122778429961046,-0.3913756724873629,0.22723186780022245,0.08188404378478359,-0.1710184547050868,-0.1423381637876625,-0.18456435460639334,-0.35755559134607673,-0.2642501328115893,0.2831705585671717,-0.08232589258590012,-0.07780697551456858
peppe,-0.015362832280307033,0.1663326704618533,-0.24846740613164955,0.25610513977411076,0.3090878475107978,0.03906560275682224,0.09908768541195799,0.006266826653453489,-0.39406645519113265,0.340581607690177,0.0939381666468149,-0.12593929965887266,-0.1601349533503535,-0.18079487376016395,-0.39888129344431755,-0.31852244335646024,0.3391838599280018,-0.06957985137976432,-0.05778692361858114
peppe,0.007225955231233938,0.17932970228899414,-0.206144566543349,0.18589688348045202,0.238078779451926,0.028780502389079088,0.06402729176536648,0.09752754983827136,-0.27786009180011273,0.1926617534079493,0.6514584620291409,-0.08390313774367111,-0.11673003345066346,-0.05851215579684869,-0.3147528658105047,-0.2801620676573128,0.28022464195601876,-0.006086578807272098,-0.027044747590072762
peppe,0.002492287572434849,0.3439851862146176,-0.30170658098529923,0.25343228256791517,0.2957607669632445,0.046445496010948516,0.10595660613781265,-0.28814174422862676,-0.41069239170725524,-0.3572045691984392,6.807342047349928e-05,-0.2337180479611826,-0.04210273444721446,0.07517968290549003,-0.2760481091858226,-0.1795042756913351,0.20500546116805013,0.08415295307416575,0.1633705104246501
peppe,-0.0030628545041815557,-0.2148846531185855,-0.16679378779894713,-0.22600909759684976,0.12902406607288472,0.004845390425805915,0.1934710553085927,0.25420959199673315,0.21100310755913346,0.3478202340769481,-0.11929897346585644,0.2650457484851222,0.22842893373893006,-0.36338206808328577,0.23198489445429246,0.018528549624127068,-0.5118596856172474,-0.07081032449027354,0.02857076796620729
peppe,0.00901573567535362,-0.19468321937299315,-0.08064301006584394,-0.23540089984451285,0.04846255665639877,0.022025080828723856,-0.09879624024285584,0.12901622057029585,0.16729934866985227,0.27006580661803303,-0.07845688012643036,0.2272583866801876,0.1879983457294598,-0.3288691420545054,0.19593738529173743,0.02464906518223775,-0.36813064542229845,-0.048931994309609685,0.6259422122540639
peppe,0.0014572479361647833,-0.20989487437445423,0.022739234649015838,-0.3593914477912809,-0.05282144397728848,0.07999377947840468,-0.5023626303053543,0.11220213412508827,0.1675626350564804,0.23367783165674127,-0.047734348004339094,0.2837362902182271,0.2218221147805044,-0.36515636453291783,0.2912496166047129,0.002022384201311833,-0.33887213668489063,-0.06626954516724566,-0.007083162486075839
peppe,0.13579023196471374,-0.193313097174296,0.05785556470728265,-0.35909664110008355,-0.07802824779545692,0.08781185017565675,-0.45773688550066477,0.09438480871535673,0.14003244390714317,0.15971498305767567,-0.023201181628906255,0.278263915238972,0.18372744355236964,-0.30568819679004017,0.23898952930851677,-0.011749105628015434,-0.07074192701523559,-0.036411542370154086,0.5331314458488763
peppe,-0.00017679416243672198,-0.2522713800003944,0.06985384920285738,-0.41872485301336765,-0.09319220201968594,0.09504962095963651,-0.549209654503297,0.0906789099959932,0.15696334794030536,0.16165925289168795,-0.016288753166640434,0.340778509283162,0.21068920659105714,-0.3544429525066319,0.2825005173171091,-0.0006796790238778588,-0.03283281065652602,-0.0968106282725564,0.03365108403597403
peppe,0.038260188724494895,-0.20730415185768164,0.037213789696358635,-0.3195141551383111,-0.06339074910818845,0.07545584800130017,-0.4470847852406047,0.04507848145425702,0.10790966120016271,0.08121764371851524,0.0028352418552599944,0.22207558428794377,0.1519085073902512,-0.27393934583480806,0.20614604598454914,-0.04637638015367083,-0.2134580398631307,-0.01803979234599171,0.6210474107596914
peppe,0.0008218872241212242,-0.2576844192563067,0.02358142431019017,-0.32784909380064686,-0.06082811791298324,0.08504271891661408,-0.5781610374948325,-0.008098102344748927,0.07354264274491557,-0.067180344971522,0.02846851191285334,-0.5023312599841872,0.1347721094362467,-0.30702384880262795,0.07343144208566987,-0.13501601197963362,0.2754226048195577,-0.043847144511651434,-0.05823934224470131
peppe,0.01828802043065743,-0.20166776112594115,0.04335799394259755,-0.24302471669078732,-0.08337668597566357,0.055776372224330156,-0.24315359092049374,-0.025335512329750984,0.05578527600991001,-0.10937550915093365,-0.0056552408351702825,-0.39684146967012135,0.08404185479756482,-0.22064794509364757,0.002898243617835464,-0.17773765408351772,-0.04418431155674607,0.024959859012860394,0.7523615818465543
peppe,-0.002782415489123976,-0.11748553006360052,0.1350185731768569,0.2284120911399583,-0.34819050591643336,0.019763799984109476,0.1348081601218204,0.0271405556113642,-0.09999570371127492,0.0859041082818907,-0.19202121595231247,-0.04637882037018298,-0.0009640538883959883,-0.22740230520848437,0.5160535285999726,-0.3503599284535365,-0.48864726413101606,-0.07654943452921452,0.1828773919445731
peppe,-0.01638880989827357,0.13083815567931423,0.09026133847637695,-0.23056361025818697,-0.1524470349036503,0.12569375254806714,0.26687016989798534,0.3703842250746637,0.1775437197881345,-0.42120245937802225,-0.27435318482694226,-0.49998050155113444,0.09858833530389939,-0.048171712643431626,-0.1459181077540922,0.10993181087222559,0.2913205522160168,0.013256427500916379,0.09740321151024786
peppe,0.022647196339692963,0.1434656953344851,0.07164233433397343,-0.1921115342573213,-0.1199013459300736,0.1013639021005293,0.20137606515923828,0.28509859600498716,0.12719610290855207,-0.31828474537244467,-0.19596165445391206,-0.3807031248821666,0.07167515352781059,0.01981970107637293,-0.05792348045824142,0.07033690509847385,0.1894704035662273,0.03379854128354884,0.662721529660685
peppe,0.0004120214812761337,0.23754069561325225,-0.013811250241942186,-0.2492234395142047,-0.026475320505144895,0.09266416782934882,0.23073630719488286,0.36747558667431585,0.1348715844264396,-0.20186538440932947,-0.12063072269546922,-0.4647564192975877,0.11266155992294635,0.009773880648901459,-0.014857209524502583,-0.006421247596702891,0.6131544866001856,-0.0493493818198689,-0.05264992445049254
peppe,0.020410695654055334,0.17093749671124547,-0.057566550924070675,-0.21874282677495194,0.03877420393058044,0.04600502880324843,0.19406187471773043,0.2520627390175022,0.14283626012675138,-0.01635560084503942,-0.044542629810944645,-0.23542404981735682,0.17365337914491175,-0.06956532001508509,0.06541807453745584,-0.053527010753737156,0.2670064488458037,0.002099012097130964,0.7894858619520191
peppe,4.9989520933214356e-05,0.29560146506149354,-0.031972767354471444,0.018673351464322186,-0.07170221365895289,0.08218101316281647,-0.09954985996403494,0.02722311757037807,-0.009146737475308865,0.18421049345188106,-0.19554341488705976,0.4215440215815724,-0.017580974103158047,0.10260343254594802,-0.5326531946400849,0.29687676368665933,-0.036641544358757626,-0.49782177984337894,0.08299363849491817
bigw,0.0008004742273288427,-0.19054907160059367,0.09148140925300585,-0.4211089185826437,0.08118104813437468,0.10542290060726225,0.17072173079630024,0.1669405957200135,0.1166979126540122,0.2672393515124956,-0.18620204772093596,0.300551397010964,0.14120427866153748,-0.6056273093251352,-0.023025463264768318,-0.3184485689952649,-0.04876277683416708,-0.04163451423030924,-0.021411454125909394
bigw,0.0004583726222509472,-0.1671480028016287,0.09509689667562227,-0.4006751274332822,0.10048917223135857,0.11914499828891906,0.20391813496050204,0.11970155708849262,0.08048968442585128,0.1667051797501119,-0.21522509040553497,0.2996864764666145,0.1304043077409018,-0.4447846897344456,-0.025900711640102977,-0.30701632633506815,-0.4520948136527881,0.022351509811960307,-0.192904067030146
bigw,0.015377838978278269,-0.09060819635482649,0.2954262305039159,-0.41922607072542956,0.06855489829106291,0.1310377083703257,0.2102223079237437,0.12753386594782842,0.1300940445814426,0.10064497673198297,-0.28400916559010597,-0.058697822718554865,0.0030942107653439454,-0.3853445259104481,-0.03058869610760511,-0.3514951504668717,-0.47907642494335556,0.04322260407797524,-0.17580279927278028
bigw,0.05463787202147846,-0.09156409336453829,0.28824865964882784,-0.3836078525135598,0.06196295492212522,0.12281552071952588,0.1965426496851011,0.11386782437875276,0.1389490407197381,0.0941403869399148,-0.18370405197931894,0.41431628797170256,0.0009997234064289884,-0.3407333698138767,-0.01901807700910803,-0.3267476854498209,-0.45004364560878757,0.04394723164188258,-0.1720022278485174
bigw,0.04830204507132202,-0.1013112375765527,0.3031637597305109,-0.38446380265001245,0.06356406429408312,0.12865517903824672,0.20382813952707848,0.10884016366837815,0.15938963552847613,0.08674154703345258,0.2302304654087309,-0.334172742746278,-0.00012927769822301978,-0.33259350437645074,-0.011162353485249625,-0.33813612197538645,-0.46872742403266704,0.04772965736027692,-0.17709168533472658
bigw,0.017390691764860355,-0.10855615043434393,0.3222045038986362,-0.39546462952686157,0.06707370029248474,0.13635096623470008,0.21487881410819573,0.10745606340452728,0.17753446929421768,0.07606038561681536,-0.28391899139280075,-0.0603002034826894,0.00971354019038481,-0.34069828789001655,-0.010347561990695918,-0.3575990911381171,-0.49368740820190415,0.05183450410989507,-0.18729564793011133
bigw,0.07729552499503095,-0.10431055157930776,0.31113158654687645,-0.370592800194274,0.06451366974794351,0.13146512101235241,0.20640054202505434,0.08962031877090625,0.17869860044186295,0.05626321613973053,-0.2743207275179935,0.3012068636371004,0.015202275701901222,-0.3208299298918031,-0.009879199379242176,-0.3451023126132085,-0.47440745962748904,0.0509942538358448,-0.17833720629507513
bigw,0.004329084748873067,-0.10767975824996855,0.3178837651955456,-0.3659047097263964,0.0672091538854259,0.13640244155948833,0.2132209240067852,0.05804241440387372,0.20110792277197106,0.029236804497489322,-0.08402319293457552,-0.3445531332570393,-0.0012873341548725777,-0.3232593460886995,-0.010563019479579081,-0.3627311735988697,-0.4928738148845896,0.05500602779626867,-0.17973311879320583
bigw,0.008381397105593614,-0.11432121739198647,0.29627843740265464,-0.33092345034728105,0.06775073137567941,0.1359133325671143,0.20922249302587678,-0.006653925396679326,0.2255786989678969,-0.009679928653011182,0.32470245499667166,-0.26713033523536084,0.0021489968609649385,-0.30200855073411653,-0.014753626840408707,-0.3704048505341284,-0.486976399305538,0.05813881506715303,-0.1607215081286147
bigw,0.0664078697639286,-0.12439460908446658,0.2742254029123023,-0.30413106695163616,0.06479178869232373,0.1325682532923621,0.19903473003832156,-0.0401914101338751,0.22999294642523183,-0.02694764337723132,0.41762568478079715,0.27786887777072394,0.012094672399025272,-0.27239296597788465,-0.020397617572144783,-0.36742639830327123,-0.46204782878490797,0.0603194114356086,-0.14728848797827618
bigw,0.0009617383982515666,-0.2537067011392504,0.2845578154214108,-0.3367694671691098,0.0697416645480655,0.1509081560771334,0.17543305827638603,-0.1052823255241466,0.24126551947749061,-0.1078414492271013,0.27093776399040703,-0.29937116405938635,0.014115690151405005,-0.197771722892172,-0.03987593184183892,-0.4139466036525503,-0.4499900713993222,0.08776664515960038,-0.12817861431125033
bigw,0.0054844190619409774,-0.14251453293386787,-0.06314020539597379,-0.21891246235812978,0.13849490117713087,0.21715001601082498,-0.2463209926843777,-0.08545698221164291,-0.18087196775937073,-0.39147168857822423,-0.18053706030852512,-0.16960034264321208,-0.2620250471811471,-0.33337918486317214,-0.23853037299196872,-0.3626797009896737,-0.39103814068679,0.09375832893813477,-0.12732690788755052
bigw,-0.006446166928576741,-0.07398876332713533,-0.09705475303223021,-0.09897600198175277,0.13599255114536782,0.19744908356344165,0.027906539250327815,0.024812694237147565,-0.28865780122493234,-0.3073243999332443,-0.17972489069537914,-0.06840247767810458,-0.39019638341763224,-0.33006186938122234,-0.46247305977692643,-0.24863130527417548,-0.32897954729065504,-0.08514639253016996,0.22206602246044008
bigw,-0.00012409620443592899,-0.13686366436546507,0.042374025826853234,0.05410659785160636,-0.1018508447048479,-0.13165902105523786,0.2540448006943633,-0.10738626807329356,0.3032636119078298,0.20757299276317215,0.10494463043242873,0.005557306015889981,0.28722052076999977,0.18314783390810693,0.49581424829896514,0.05163463384587399,0.2998645323879999,0.2405419269257746,-0.4629811547787048
bigw,0.0007481446834526562,0.08972949219293241,-0.19019287333239754,-0.15973848892188475,0.12276896573739356,0.10401069872127627,0.14640380035689043,-0.19659102807937803,-0.2198201984160214,-0.3187540835805928,-0.09817625556769814,0.14588771869785963,-0.01612724792403408,-0.16666794847536723,-0.49078413468228377,-0.15457641922545187,-0.28816490930769967,-0.2414760890393064,0.4788408084574731
bigw,0.0016101845189785773,0.07622640078821692,0.13616974095736112,-0.15492355701598048,0.09025758693753903,0.13120288295412777,0.18615708018414515,0.016246853485186057,0.017331943191131315,-0.04683504211776132,-0.1622024504593802,-0.19170989089007895,-0.13785474246391097,-0.1376352533752535,-0.4798728884196457,-0.21242308435457627,-0.3380955852967729,-0.26796063810143017,0.5712707500944989
bigw,-0.005526931225512114,-0.2422518589672237,0.45519071306881026,-0.28150140184750216,0.05323368347419747,0.1308668015472263,-0.2389295297837808,-0.033626743773002336,0.28292051245561006,-0.051493616691246524,0.13388605757090066,0.41265819710491447,0.040148696530589514,-0.15046699498134333,-0.32675432777867985,-0.2479793148387484,-0.27715401956982155,-0.0468446776904913,0.1851036907425759
bigw,0.0038843779059392876,-0.2486974253968595,0.36688836104986,-0.2627612178381083,0.06861691218186401,0.12529396750978974,-0.370076128127563,-0.0500331010107606,0.21412358277319168,-0.11547443817652447,-0.17516609422119764,0.32659513190350675,0.026934077422813774,-0.18529296838995737,-0.34826827529845145,-0.2654553879657961,-0.283908017499798,-0.09039980034656979,0.2500191751150912
bigw,0.005294385214063474,-0.08787750463319034,0.02193399214100647,-0.16897930895889973,0.12545809354477827,0.12482578872662806,-0.18557211646413874,-0.10609719636845029,-0.07398797993352801,-0.22076488330962438,-0.12782911756846083,-0.13402665136154046,-0.22224348873049496,-0.20002633829418048,-0.4414663925483129,-0.26356902201935123,-0.3242548846301164,-0.2483036617884507,0.526453199754145
bigw,0.002612169343562144,-0.14607314145278144,0.1628016353994477,0.14639080443017674,0.023975232098374315,-0.11904528685888326,-0.16623825573273643,-0.09166699629592348,0.27402365923990046,0.06733318974596118,0.1943653683369955,0.03948765455767618,0.30033719569105954,0.11007353403647131,0.4106113854950041,0.22316783174175445,0.29872911658126444,0.24839458220936556,-0.5378850761507432
bigw,-0.005700567831457377,-0.25059593796983637,0.10910448364783502,0.13634457500652133,0.3875402694859479,-0.1131079153663382,-0.141375771428162,-0.19809843250672218,0.2497535176170507,-0.004011720489540311,-0.19776090979546726,0.025778735274255074,0.2620915854516622,0.07229511880581735,0.3442485005871629,0.17350527722030423,0.2660921425720288,0.22681675005565485,-0.4873906958449375
bigw,0.00027091174561543054,0.21986879395165645,-0.1592190685532845,-0.1471613868920486,0.14174262604307403,0.1226467323478394,0.16260072828902764,0.11850692942355256,-0.29316440861126664,-0.0934391198210971,-0.07266304010602309,-0.012057654390540781,-0.2779707383365841,-0.09680509345795209,-0.47088722681559314,-0.1574504379783173,-0.31197095223451055,-0.23986530845763157,0.49082306604760034
bigw,0.0007667534352920335,-0.10335597040655771,-0.2008113547621776,-0.24957891182860484,0.11368621784238334,0.09143019132020908,0.1306321712778761,-0.3518761409567291,-0.1650965338668217,-0.3430272849632075,-0.08406864604067929,0.21145545173006183,0.0760197070538919,-0.20233386296833114,-0.4141977952745891,-0.22582483594802547,-0.24971941399323522,-0.1904217796479765,0.39992082236152143
bigw,-0.001478467892854677,-0.03978463133011146,0.19170401673950277,0.116639664065348,-0.12795747439920027,-0.1044886504612656,-0.1520900341151771,0.1215500553760463,0.21989079428914346,0.1780765800996876,0.11779254325848999,-0.04699347480531253,0.4161396761649705,0.15259409725075676,0.4601685176443008,0.18377919209665566,0.2878154829992148,0.22449307218020045,-0.4598875057825504
bigw,0.003810721441029964,0.23668255649454392,-0.12036810837891321,-0.019237042993766048,0.1303646539930384,0.11226052110655925,0.17322250465740435,0.12419671171780103,-0.19371710999077774,0.011977309566670782,-0.15156261730990064,0.04171870873560002,-0.3314348669122581,-0.09703007748644137,-0.47908612499642517,-0.1480906827959525,-0.3225235028702572,-0.25754109622049154,0.5006456274919313
bigw,-0.0022398523061065764,0.15826340776796446,0.2850636519761941,0.09623172562937564,0.07662862643177919,0.05131161215856405,0.2040545762072781,0.3232127112423199,0.24506366544799185,0.4668663494623502,-0.17939125488607988,0.2392592195481063,0.2898509481666058,-0.12792967818861853,-0.05935183402073743,-0.18736049537621735,-0.45284160186902433,0.004086032349894858,-0.1352269992134224
bigw,0.0004907145977843567,0.16659149151483255,0.343384242721563,0.3118847494841948,0.04874510843195587,-0.13956953745034384,0.14388740373089678,0.5627497755180698,0.24459680091729685,0.28406298823129905,0.24176456628788065,0.08388780588955792,0.1796770392563282,-0.2565894927594021,0.14652462710539718,-0.17155154410320655,0.1222967347818986,-0.07747236159545061,-0.1477474022197029
bigw,-0.00851697804959195,0.10607754857912051,0.23365135830353917,-0.2929547085816111,0.06942504007025231,-0.026522454595786702,-0.3921189204728584,0.09244706296930291,0.2422488520482977,0.31868658534219557,0.3650575457186818,0.4209726892563921,0.2265414079766869,0.027829811592216296,0.16385923259293275,-0.19262852548233783,0.21659157553417013,0.1465343209529772,-0.1591828058279109
bigw,0.0007395071996931619,-0.22222479720413257,-0.23271823766071204,0.2483565082469512,-0.056425486679161155,0.5065768373738265,0.3351581491173374,-0.11201783723299416,-0.22086407008889378,-0.2343901463321445,-0.311902569598659,-0.2204516442561192,-0.20219353658186878,-0.12771007574089832,-0.09231235477374986,0.10272919516937212,0.3139428050624552,-0.14419157915780706,0.06981715221367267
bigw,-0.0022691799409553792,-0.36566062134083954,-0.22879440494290393,0.20854236953707234,-0.052492446174298,0.43134542958260624,0.32066381676140027,-0.10231254733182747,-0.23225056084873671,-0.1713851691864191,-0.2940423014944301,0.2278211443614681,-0.19276065781222188,-0.29937507551935,0.004896262537081367,0.00012667779781416394,0.34075291312714595,-0.0011941787309681874,-0.06124879316953814
bigw,0.011246348649759477,0.4084872051098781,0.2173968381463288,-0.19263596284318785,0.05297499121779287,-0.4141467294631045,-0.319851645287055,0.08104440380572014,0.23195748212804648,0.0917111941523727,0.29488455084343385,-0.22004193286338575,0.18291474260706483,0.34645669238126986,0.01515722323467782,0.11434948489778113,0.03620891501013606,-0.3133272404359482,0.04122946828676965
bigw,-0.000883344787899265,0.43220323092835516,0.22051720750842072,-0.20111744832388911,0.05630709006579114,-0.43573839510493634,-0.3369964517204915,0.08663296396128983,0.2433111174416185,0.058825047390725874,0.3155234894225312,-0.23452960855646937,0.1910092399898414,0.3292839527690745,0.02202597681996558,0.10074747245872677,0.19085930155101793,-0.026023057509542983,0.011915017704880532
bigw,-0.00019230312474478154,0.402476137450059,-0.01636524701026325,0.142267408885789,0.22744253405213727,0.07391109922552615,0.11643091836483221,0.36450415960553023,0.11626381623613602,0.051106981230207335,0.04763714087656422,-0.2897142554630118,-0.12285931622018212,-0.22399483516258162,-0.46129472068633837,-0.3107180241517945,-0.3509889533403818,-0.04862041288060511,-0.10675242755050196
bigw,0.003440686689122097,0.31396450320172165,0.203365195409406,-0.043046122386798134,0.06748011782630266,-0.49043274461128966,-0.33906383657742545,0.05073954873320708,0.27331994706192225,0.2153130406481903,0.33746624765500177,-0.1889343149427547,0.20941182110805678,0.25294935974610844,0.09146895337428501,0.18239492218987455,0.1827832485698388,0.20502337278720068,-0.00637813176947622
bigw,0.006305514045973054,0.0405594168729035,0.2323651350099415,-0.08811105628199453,0.0820724328603965,0.20687432535908631,0.19633518525994992,0.06504432551582602,0.2595597114260138,0.34277127800463725,0.4225329853561427,0.48335829172323536,0.19669833915856816,0.16617202707554748,0.24264416430801086,0.11134229374711539,0.18126598940099678,0.1772208065127562,-0.2131025001448526
bigw,0.007030248975073124,-0.18033729357999306,0.43574682985449126,-0.24406176346874292,0.09763565729637963,0.18219036088775448,0.2445805987650751,-0.1142734150956346,0.29379405909763456,-0.05727817659178794,-0.30385758026085624,-0.3551719166481853,0.0577316279073176,0.18072662864912664,0.1937280471220779,-0.2202843451680746,0.26095452147965265,0.20341233298077557,-0.25067106496228136
bigw,0.011619086836082862,-0.2630579183571906,0.41860173225508523,-0.2566226143721819,0.07551189322792032,0.1494623474659992,0.19590035353167173,-0.1355055667058902,0.28929804117699814,-0.07703395168745544,0.2519512277492968,0.49966164849339634,0.1101335138612607,0.18252345259277175,0.15246324622964091,-0.02255428738227925,0.19925855290837693,0.22320164040189344,-0.20844317227046905
bigw,0.011261098810953588,-0.2889017634676658,0.3827333976728758,-0.27334248775423525,0.0805839364090405,0.15357473540309913,0.20221944798702474,-0.15013076056276536,0.2915355159387146,-0.07682912043030864,-0.2725065056558638,0.5116985325827823,0.12059724777646441,0.1936567945738993,0.16259597859764163,0.017427251613412055,0.20468930858953985,0.05332111538426129,-0.22650465890869145
bigw,0.011525661774590357,-0.2616948264127402,0.23813451134270225,-0.24712215866463116,0.08685776173321291,0.1423234047900946,0.18637344439446413,-0.20288359069017045,0.1937201404756685,-0.14779710254485154,-0.2029440160291355,0.3446766093438141,0.10375682019230767,0.17457239120370166,0.16588863029309853,0.0473258390626536,0.18275605865247585,-0.5905824659380927,-0.1936348762145229
bigw,0.0005210860864562503,-0.3083423685992637,0.018220999752829325,-0.16611877248021734,0.05226891487393779,-0.03178613178814562,0.02471741963517244,-0.06992193263816446,0.18612360247615573,-0.22546917617952647,0.429341183684955,0.2675173998627546,0.2665735804964141,0.1173673704366522,0.2808052618200283,-0.4561853459698209,0.3434289654485923,0.1913603752926327,0.004676024079975266
bigw,-0.00556823646497967,0.3386678160766133,0.21766750253478462,-0.14457447387624306,0.061577619630611515,-0.4874172312410733,-0.36700932082594995,0.029309252947335114,0.2589097128642544,0.04397656883028672,0.36080555789637475,-0.25499081484031494,0.17782483556164236,0.30662914608758324,0.039489893888024534,0.09504244908824946,0.1894769251932239,-0.02675264731346024,0.05548853884174407
bigw,0.019119186290137924,0.3214639356781742,0.20609988179093042,-0.13710629892302442,0.05910661652360368,-0.4675641620303114,-0.35157779906935804,0.03370728719840961,0.24018428519196833,0.03299125156610042,0.34735541366612294,-0.24337029614107716,0.16950836975212383,0.28382740570995885,0.0402475826871266,0.09085697251007466,0.18556592904580269,-0.3061002419784141,0.05072337413024096
bigw,0.005605648863934252,0.28347316633709924,0.22231034661063254,-0.19643800208563061,0.06348684971157055,-0.5338195452840966,-0.2347640690146773,0.042647073655280886,0.2578017408246463,0.04826815563126392,0.37949733935274194,-0.27050362181235776,0.18641356814662727,0.2658957187809496,0.09976844316208856,0.14283001242767665,0.1887078034018162,0.16780681920063062,-0.012243148576286007
bigw,-0.00719149071326497,0.082443075020276,0.26712262660249675,-0.3078267940246605,0.06741161493333861,0.28868177816480783,0.19155292208999133,0.047222256877570146,0.28284905340115235,0.09470941136315361,0.42414011368140014,-0.3136017580232041,0.20908119594035224,0.17067714532698727,0.2418707812067615,0.3631061062721339,0.16473379347552916,-0.03337410119723791,-0.20403132840543156
bigw,-0.009043479237738574,0.053848130706241726,-0.28377443605262304,0.23796807464286465,-0.05803625045748938,-0.19931073380420936,-0.1704331751603502,-0.024773568121457847,-0.2595764974290666,-0.1255074287107364,-0.39293223655383336,0.28844777401422755,-0.17336622029982823,-0.1310961444616218,-0.22291942010070712,-0.34569170137915184,-0.14202823444038915,0.44346445908158144,0.18217828297227465
bigw,0.01839110224973609,-0.24775632513741158,0.39076068953202864,-0.20582684297350526,0.06905701988572646,0.19234514425467325,0.2139184393320816,-0.07278670850803197,0.3014723752958112,0.1552095930958085,0.33863753758718906,-0.33486171242665763,0.09316529290142701,0.18083458748584302,0.25481500828168613,0.21176788238029964,0.19463025418813928,0.27068891758462005,-0.21596212178176416
bigw,0.005171185538970016,-0.369081274640853,0.42307437093063427,-0.16874063617511859,0.07998669409765372,0.21571027891040634,0.24611940326855047,-0.15925891791903043,0.30843105630699325,0.0029214155524752835,-0.16012243368218582,-0.35814082814898224,0.05297856647434966,0.19656255118809915,0.22703918584385704,-0.05970211545540281,0.2481261489953475,0.2709617012010591,-0.19199713858874012
bigw,0.01568164020351839,-0.3808789903052787,0.3489608442672786,-0.10794333354439901,0.08442155346275504,0.20249281584505285,0.23592816448506165,-0.1572414253966235,0.3072334849319276,-0.04495764491953794,0.35144379753165395,-0.3493080706746567,0.0900767208557478,0.1379188237446864,0.18691054069113874,-0.16966335579146136,0.24806301418368634,0.2532612351499665,-0.18577633686478653
bigw,0.016278895763515162,-0.4025968888315896,0.27679964263638257,-0.0848577159771654,0.10718765400524538,0.21367202727401555,0.25604386441339905,-0.1873845603393265,0.2949517515172988,-0.08946276205879937,-0.3214856654075649,-0.33293647533131254,0.10756050812341655,0.10581404737014226,0.20986298853053592,-0.16823009207604628,0.27042851432126874,0.265065024021402,-0.22040847475294412
bigw,0.1452490966600143,-0.39253803494018125,0.13091247556035732,-0.06177954246465491,0.13659504955872684,0.21365753494280265,0.26234657674403716,-0.27097716070795297,0.17228233567644544,-0.222058680495218,-0.2532643177926389,0.4399572051040189,0.08392529224746131,0.10090953100980318,0.228059590881436,-0.12236553753256024,0.26629591967136124,0.2653395554515186,-0.2370048545244328
bigw,-0.0038493164565733024,-0.3996640293379352,0.00024099842332622398,-0.042025082102639263,0.17013284210926657,0.2409333130596554,0.28543507992712563,-0.2824854193745205,-0.09345668366691279,-0.3552446656998632,-0.2108278882508769,-0.22481060197724506,-0.2324900658410287,0.12660808752661307,0.2552584632430142,-0.07885454797031233,0.27589147688500243,0.28674441869176415,-0.24601117102649153
bigw,0.0022250242244433852,-0.32267925443406953,-0.1836132151520795,0.09765663706284726,0.18159169324247743,0.2361422196782688,0.24514241305328113,-0.057093037549757295,-0.41161628806453426,-0.24524648723169018,-0.26653943571641203,-7.359370334833443e-05,-0.44483906578998655,0.10851436911040534,0.23603941706980813,-0.004469791418973392,0.2457718258508603,0.17852770324592393,-0.20554706253131916
bigw,-0.001040615111683827,-0.29773020188149013,-0.16987524366943968,0.09401753716086185,0.04944693064117058,0.19596327687922072,0.17748911617449187,-0.051378858752300666,-0.3687661889291447,-0.26162655285032393,0.3029232917533362,0.012770491490794551,-0.3212645029439527,0.04855152977491032,0.21335004222220916,0.12064616567141014,0.18318700769825816,-0.5278862394990352,-0.15634980051799807
bigw,-0.0019939217638969644,-0.22714352347269268,-0.27848644063810685,0.032675481692435726,-0.4644437838594084,0.13807007716815067,0.014378995517566063,-0.25068450576703594,-0.2928321632699561,-0.527259934510377,-0.10786111806962248,0.15528862788792377,-0.02828450725434767,0.041411338345184096,0.11227304929449565,0.10606009432567472,0.12688647584206647,-0.3447592148676699,-0.10550972887215129
bigw,0.00477110481605524,-0.2338343934681688,-0.2619494060053593,0.010087832673637716,-0.47987064001796254,0.1455504967232097,0.06534036657621203,-0.20793759277667812,-0.2514757255688282,-0.5298566316093717,-0.08101106403033315,0.10523867891776412,-0.18451791535497927,0.056456276637360275,0.11104262867333682,0.1063157509989359,0.13812465600041965,-0.35021778155298827,-0.11579888689275528
bigw,0.003199163467101475,-0.24946817372740826,-0.25302195172231523,0.01388728499944387,-0.2857101595729287,0.15169189353983026,0.1319807566499761,-0.20423422933216887,-0.22312607411675456,-0.5726429051347274,-0.08473565679626796,0.2855958619485319,0.17214330053825141,0.06910015257443407,0.12659860132297932,0.1309657516004043,0.14666069290697167,-0.3732779250668363,-0.12205728313097906
bigw,0.002500313603121574,-0.2508390319231776,-0.23955562970215916,0.0486086598863843,0.13544417939741193,0.18563158751608955,0.15992480152965438,-0.1390046544483933,-0.11696418266666585,-0.6316602562531011,-0.13536843207476787,0.02252679605239003,0.10404954045881606,0.10172417999706117,0.1544031678632772,0.20941572449538123,0.17179017652501513,-0.4568066251700126,-0.14514373903099134
bigw,0.011010470602013184,-0.10378344106825954,-0.2341705597643027,-0.011913205952890223,0.15251211760132188,0.19847327800571882,0.19730851517947728,0.1380619087768297,0.23000862946607403,-0.22963460381375075,-0.2571242863757104,-0.16290905869145275,0.19172266203277372,0.10019309981643666,0.22225251482978498,0.2703560924612285,0.2067568461841408,-0.603763736589221,-0.19686476432335384
bigw,-0.005386041884200332,0.035504881458542276,-0.13071465416293912,-0.05473773928682487,0.11591843208815575,-0.5963807406642426,0.1666683959757104,0.10919357815493715,0.24094770157798165,-0.029528494184488,0.07246018909122436,-0.189431486400198,0.21011431774088177,0.0893549203405838,0.1766580651800216,0.2034841759078731,0.18309788993429765,-0.533349330773953,-0.16447841812026617
bigw,0.0869813678655878,0.07681518553226423,-0.10152747229043718,-0.05924764768403433,0.11314102639547559,-0.6007483422926608,0.17247958315135098,0.09622010803103806,0.2536676005767967,-0.006004479562995103,0.3770656692589785,-0.2246316207720477,0.2259520094473288,0.09981159466704148,0.17330613862635363,0.19340021780743205,0.19371110506322392,-0.34393856096068126,-0.16211136681973767
bigw,-0.0003845583137889622,-0.27573587812874967,-0.06164963061709947,0.03248403727677011,-0.09441085863553089,0.5943776527172789,-0.19872378493044063,-0.008596270345555653,-0.29020268433281143,-0.12304024689993381,-0.39526561468827254,0.28698777178054946,-0.23033935899232355,-0.20795965745709039,-0.06183916267422096,-0.09752060249683918,-0.09071830101517282,-0.24727859137404523,-0.01956793575495422
bigw,-0.008051735364554448,-0.3875815549523346,-0.1390511053870204,0.005859808632598687,-0.07172751853931905,0.48399938912240764,-0.17920059764474128,-0.005397066102963962,-0.24554553179946134,-0.11770826563735975,-0.3433080981124341,0.2537715205249564,-0.19656343139549182,-0.311686593177466,0.06317168824656491,-0.0430240668462757,0.3497429729292633,-0.14115501449702694,-0.13633837082812889
bigw,-0.00042913873798966495,0.38008677319133116,-0.11798550957581116,0.007218207069845014,-0.9072011994441801,-0.005110283061989611,-0.007239919387595669,-0.02179684533580707,0.05035016168936034,0.0327478133052781,0.01812703650240415,-0.0351467314812395,-0.08787521181862579,0.000384800939372689,-0.0052719193978808775,-0.014907860545707556,-0.02876292290887975,0.06242652647506197,0.011209645215150532
bigw,0.011649911486525031,0.4257981038866647,0.1549848101652422,-0.027849475316713678,0.0702259335951067,-0.4625972540202854,-0.37030249823095257,0.08759966388558776,0.2298959025246685,-0.0454921845114321,-0.07526540461621219,-0.21873315637985677,0.1926305477620771,0.3206765721460389,0.044252777878187474,0.08506805331238435,0.183672214580455,-0.37204547889444384,0.02134509848095595
bigw,0.005735244470293666,0.4451278284936424,0.18059861120625664,-0.14190324257436338,0.08134790915022926,-0.5199524151294658,0.03285445681976246,0.09982788242291517,0.24927582136165757,-0.05843723814423624,-0.25673293492257926,-0.2718262293057543,0.21811916490902786,0.28716451204588866,0.10979343617963477,0.11864239511281165,0.20197329348083273,0.23370259328964135,-0.06450587700778587
bigw,-0.008133822954692338,0.23291328824797083,0.21227910914546724,-0.30230260069173703,0.09520373310847213,0.31342737227037193,0.2073850761858395,0.09660569919705198,0.26778220837856287,-0.03255541475713113,-0.27550396181446424,-0.35269472188210427,0.2384257779365652,0.2150520948394581,0.30246472527548773,0.31875644017245386,0.1925701040564145,-0.051193133059185686,-0.201763319451801
bigw,0.05408682292384791,0.13892455517017452,0.2066066587900115,-0.24474825715282889,0.08121089666603887,0.2439190606771941,0.18409450611164405,0.0744847170722413,0.23504694227168893,-0.00991611137401929,-0.24479772255280782,-0.3145302060089077,0.19279638382581393,0.1772283463572776,0.2634798043717869,0.3338804741564805,0.14313134681527095,-0.5018763153111915,-0.19114489312584895
bigw,-0.004560479887316992,0.05873305977169603,-0.30390009447317556,0.1698426195765656,-0.10448012630397775,-0.2429642106276341,-0.25551470813066157,0.012670166574787567,-0.3004603144776345,-0.04953973241335608,0.26894539418404056,0.40660304231035804,-0.11356229262585597,-0.23853634030524576,-0.32041250037811203,-0.1720230160717888,-0.2247590553622281,-0.288801856239413,0.2712732624811193
bigw,0.011663507793426052,-0.1750974252039551,0.17870663328533606,0.013688245218958651,0.11832862028489899,0.21002961124575828,0.25661367177321026,-0.09665909424819097,0.3247135061978884,0.05316783930789483,0.4592410068881845,-0.3942787798912846,0.10271470000707834,0.14952314858797902,0.24795874235492799,-0.20606634477863497,0.26218474159474875,0.26336496725244746,-0.23308746058533314
bigw,0.0004960785670259744,-0.07726244437620011,0.049560652325185806,-0.05530133373665061,0.1737759635466968,0.22794961160086447,0.2322664844535735,-0.21016907427381423,0.10501486400878071,0.013388668497318854,-0.35095050287014606,-0.45132995032715095,-0.007849401478191433,0.20314107138428156,0.3820345741828416,-0.12812374149387273,0.28522053062328434,0.29702971622270347,-0.3112786056981594
bigw,0.0005648555928915395,-0.29950573274535125,-0.08666997447956282,-0.051269430509674405,0.15513559615636288,0.32994965544838,-0.41947921990955767,-0.16768745279286434,0.2813937065412434,0.017837222817743685,-0.2953329710469885,-0.32856173772429603,0.0852391601960191,0.08691477836235452,0.2308697369143047,0.21951125043224973,0.2131899609586696,0.29546708068410393,-0.198516282113167
bigw,-0.0007828958753410443,-0.36892719697304716,-0.28481499535524923,0.30578613015482414,0.1901987101239427,0.1369729990307913,0.22824744549344375,-0.3963223832402381,-0.18310830879360043,0.10521123538506941,-0.22125574413408622,-0.232913314915766,-0.22065421732932305,0.027066774059677782,0.24841187115898605,0.12075223492625402,0.21149610994097678,0.24840268395258763,-0.21264237485276768
bigw,0.00657262290456595,-0.15109179037524836,-0.36264166695856165,0.29743927969578526,-0.0006188594586019455,0.08480653646086699,0.09109495812229422,-0.14996539286651303,-0.40631584649331304,0.2854088473294372,-0.26947214767527033,-0.14040338748124592,-0.3987676479620632,0.06932296271840915,0.2716851962872359,-0.07952316063586781,0.21451413892967122,0.21773422438519108,-0.2072438197152099
bigw,5.4894109761022204e-05,-0.06027750707691382,0.3625954845169923,-0.15031427670952166,0.5840246985072438,-0.07768329664704607,0.3362840023553755,0.007262985696832835,0.34788091266832677,-0.09716443859240774,-0.21157328731969388,0.07613026064036951,0.25879121159231067,-0.06396242950040609,-0.19059529306189743,0.14610671031342098,-0.16015199722142986,-0.156089920072803,0.14921747624955253
bigw,0.0036152091075793828,-0.10012142442640959,-0.41707616617444065,0.22256310295132373,-0.5084021795238647,0.10922125195626499,0.044443432429987495,-0.39565487968784113,-0.28221825108495013,-0.2545954233204077,-0.12662831504681799,-0.2183169632333097,-0.0632455961181931,0.09203541406898504,0.11138592693014657,-0.1388740344097608,0.1828063917157368,0.18375263700357858,-0.13438461870946314
bigw,0.0076806663658892165,-0.13294106149230495,-0.34421522117620174,0.3566995008309127,0.18355077977667394,0.1332379520843889,-0.4623787180060945,-0.37120289643615095,-0.08227260462282655,-0.2421645798422713,-0.1874249556093006,-0.18577137355159187,0.0825028634364489,0.17431191335046708,0.18272043450662556,-0.050445040460121715,0.22465680464769477,0.2132039721240825,-0.17169184908042018
bigw,0.004656040145417548,-0.14432566651780532,-0.2896773465680144,0.39228298210308915,0.1815400233983051,0.12402501609922734,-0.310762585942335,-0.15864725437853822,0.07214033104147813,-0.104487691836806,-0.19731648038546223,0.5078284211514886,0.2456942779897171,0.1493200732591643,0.21204882753824708,-0.0139748891538859,0.2272122022348133,0.20394180270754927,-0.1931441561560458
bigw,0.0047843130864778875,-0.08853715250999296,-0.1501420249109635,0.2769912264242971,0.1728104167032703,0.18110433393766437,0.249323487137578,0.07801337198633179,0.2055756913684275,0.08661572970031932,-0.25535103695710715,0.5461794691174194,0.38662555502993856,0.14538702095299494,0.20867524019724554,-0.050635585219421575,0.20546162507340404,0.2192509844804783,-0.2041876256118569
bigw,0.011102943184920347,0.22953974008474243,0.1356913731594358,-0.024886155059830654,0.07823615751260479,-0.6088493277488392,-0.16821027043346345,0.1425418521016454,0.16125099050324526,0.04591860811182308,-0.19075840684063794,0.43808244629782567,0.27965256172892144,0.14463354726235123,0.004671028536832522,-0.13473956590056385,-0.32232504329315476,0.15881556923122944,-0.004069069415633464
bigw,-0.006198253310714663,0.289300810431097,0.16318215000833972,-0.013932650437002536,0.07194948214517927,-0.5526890423418953,-0.3785242917015051,0.15783227907720096,0.15403389894292624,0.030376601116274916,-0.1853184560001408,0.43406159796167915,0.2678287786556967,0.1900332248821039,-0.038288496140939036,-0.13276229660406824,-0.004740356829527983,0.15336403766897785,0.11299397125023111
bigw,0.010847239950014641,0.3230880747763881,0.167482371012544,0.002023965325368483,0.06854126636191982,-0.512032356444495,-0.36176166874311655,0.16768877040984753,0.14587642599013312,0.014198609220899251,-0.17803137908816896,0.21363230912476883,0.2554907480952072,0.22988607634992966,-0.05772925843870309,-0.10309029041381054,-0.40716528682677733,0.17141412564929245,0.1250133607822539
bigw,-0.0030903621186554467,-0.38528852550184567,-0.18483707209606381,-0.029399084344667894,-0.0664674738067472,0.48403118990198507,0.35497644442211734,-0.18376418600195363,-0.13803477659012078,0.03311571794361793,0.17371992795001778,0.25897814826935356,-0.241481173359698,-0.328048319263239,0.03635493565005901,0.006961630421907482,0.3437728723696571,-0.047336913627989675,-0.11368339398694641
bigw,0.0022295428138940985,0.39798558134456047,0.1789440665797034,0.013225680947982923,0.06703498941399025,-0.4740996117658969,-0.3521872914596469,0.17640390256153718,0.1420171663964972,-0.050908487505410695,-0.17413247596496678,-0.2582891784350843,0.2354291694484351,0.29674718288428603,0.039272208978775466,0.08376563403681919,0.18463428845090105,-0.3446768347685908,0.016141282541218493
bigw,0.00026395706131508365,-0.4004911054853172,-0.182814913091153,0.03066931351927684,-0.07406228026682733,0.49867220774803717,0.3720492589384171,-0.16239966672136213,-0.16198053760026762,0.04418054509956909,0.1914131689805985,0.2720491147454706,-0.24441884486726376,-0.3072329034491709,0.07824921282467244,-0.1067083536063434,0.018848584455705916,-0.22722580289179456,-0.1543472307491973
bigw,-0.004164719196419628,0.40301716929438147,-0.049355929198738054,0.02450024932649124,-0.18052331133658606,0.06746232875972467,0.34625419525928236,-0.14929025035903742,-0.15470481292505636,0.04106733750439463,0.1790011115939052,0.2492645764507064,-0.2215262395629667,-0.2909585305320097,0.08177730126320344,-0.09020056004980717,0.5884849531806721,0.150525244563625,-0.1337923087399269
bigw,0.005771539501487843,0.34713016891839893,0.21861298924820105,-0.09486307230779187,0.07486718157591357,-0.5295484346185141,-0.2958735967921563,0.15617862969548926,0.17359126304218628,-0.05264545277699303,-0.20716681327499945,-0.2954899253674498,0.26075707044355567,0.25472604321947856,0.08524549273251647,0.1747630444496047,0.1964081198341168,0.2287242830461996,0.005752434872339702
bigw,-0.0026243516626864873,0.17540085188313648,-0.43675186337015504,0.1668157314021907,-0.07662396948647605,-0.2300369405761984,-0.22166084335458938,0.04533554462388728,-0.2477014844690338,-0.1156814821775696,0.24247219909862466,0.34974095146136497,-0.08053370633019556,-0.17682184404270415,-0.2574269318899616,-0.3217570250452798,-0.19496815359286304,-0.2869693401171243,0.2385712259618121
bigw,0.018425940119564183,-0.35606974027979693,0.38024882292062695,-0.06657402038136692,0.08644720091297911,0.21106875872267164,0.23177235042908637,-0.14617228299896665,0.3197433249374831,0.07157099844267746,0.3302238381581615,-0.3476939722660984,0.1030985001285133,0.06607947767568986,0.18370351880909278,-0.13406061830288446,0.2619109771727206,0.2658664180688957,-0.23192832625621854
bigw,0.00496073967702466,-0.36211693993753513,0.1705659671662429,-0.03468322887359141,0.13991007021867882,0.23516478226773302,0.2637411833737972,-0.20768255799520247,0.2628338430529305,0.008777310331803937,-0.3218036713678768,-0.4056145463625507,0.09441052903232645,0.04089268220358952,0.23880641539180053,-0.06280137679159133,0.28340964627527515,0.29469745261822,-0.27393751307782843
bigw,-0.00902347236159883,-0.06872157946252816,-0.37571872204381107,0.18229303789278248,-0.6368587006418275,0.11864074549492576,0.14493346635527304,-0.04958132077777326,-0.325137034246759,0.091178792938641,0.07320951211312401,-0.04675101058506743,-0.31459901481846575,0.11628091157512448,0.21046359589286542,0.10972161211465804,0.1449097261890827,0.19956788750211188,-0.16287024074127612
bigw,0.0004358463564994321,0.03215861357377659,0.4164358730711303,-0.22723745418937488,0.5262533516778287,-0.10276826365941319,0.2864401197950801,0.04626742055880055,0.39981319653258685,-0.04862965907103209,-0.1450303919996585,0.008835745472727578,0.32998147283841656,-0.08672916534215912,-0.18436927022247762,-0.0010378481955801322,-0.14088150752264297,-0.1641669776583563,0.14727206780712684
bigw,0.00673389416370775,-0.06863535210961987,-0.4284080614889999,0.18272511369965197,-0.4730647363695923,0.09464122505330796,-0.2919231782408115,-0.27297461265068385,-0.40938135401170256,-0.17009501522140902,-0.07890997412229248,-0.010598382235657478,-0.327638424387643,0.10343916967166449,0.13959929405403626,-0.06351312493654586,0.1395984653040385,-0.07161643539237986,-0.12975409637117316
bigw,0.004777561375515203,-0.07419028314884447,-0.4193721744330883,0.14941939805414964,-0.4428658360002754,0.12203134566044488,0.058151501237466645,-0.3338735310444691,-0.4563768898003609,-0.21214951845362082,-0.08989700338347958,-0.14840138111152287,-0.177233384752974,0.1462222660016541,0.17768783247343647,-0.053958306039590766,0.17032460361411542,0.21563165202396117,-0.1557093500117919
bigw,0.001227064812232279,-0.06433773722096568,-0.11630551169155323,0.08592056626654769,0.14592185856944032,0.1851541536220341,0.2207067793851263,-0.43224172959585205,-0.5168463167782724,-0.22537777827493746,-0.14085027712473502,-0.20030306618471472,-0.08145731736952996,0.22848764867701635,0.24645298266114488,0.02330861882593224,0.23041082375474867,0.2862461379236238,-0.2253798003998366
bigw,-0.03802952137070512,-0.01816446242346022,-0.3632006275586114,0.12328371355744105,-0.11634883970681384,0.17496232741954665,0.2153804021141553,-0.37563581444567856,-0.25562887033735765,-0.23757395444594168,-0.15617586621261842,0.4489289433230417,-0.13186673763265339,0.19110383205675502,0.23866156785189463,0.05368592729400079,0.21052658182258038,0.2562423979533357,-0.22241490199009123
bigw,-0.0034594056128502563,-0.03778946837197876,0.3470752583829897,-0.1611086664548473,0.5406527762149501,-0.1260320282329943,-0.14998811473632423,0.08657184537915881,0.04231673477744739,0.002473613921245394,0.07315307773168092,-0.21049420602922608,0.5934842971015845,-0.040641592999807116,-0.1771916839689288,0.05258888137234318,-0.15722561293469745,-0.154252979155267,0.16114089035915882
bigw,-0.002807274839337814,-0.42848491917150966,-0.1971317249563346,0.04115349924251361,-0.06660094845697834,0.5086086832725537,-0.0783805316001532,-0.09260520574516685,-0.161481318450777,-0.02965521871166499,0.21207072486496625,-0.3700514380858183,-0.25173430468963776,-0.26534438413548833,0.08358994273856309,0.06090279572309054,0.30473344792922497,-0.1963065001696028,-0.1151858523378572
bigw,-0.0026048307532992587,0.4448046139459093,0.2055607555895268,-0.023558493932029734,0.06342217027964675,-0.48304617799044824,-0.36157960519489224,0.08690855303972499,0.1688615209104315,-0.006582878795632116,-0.20578366240514756,0.3904102516239173,0.22700810281095324,0.30382631105185137,-0.04629088343322092,0.05594917109398645,-0.017315621802124623,-0.01823377843069482,0.10303663609171207
bigw,0.0011136808047083361,-0.4016978250947407,0.029935435886900008,0.029179640179351513,0.0006753040484334377,-0.09577766076657845,0.37347991804822844,-0.36555900920247814,-0.09944857082224533,0.021993055058737738,0.5708719420276347,0.2920692770985672,0.08093313576867896,-0.10813156853442475,-0.1523052233191225,0.15631980076042654,0.01764810559558266,-0.18507168084376413,-0.18051459472925246
bigw,-0.008505729994910009,-0.3646517056874964,-0.1936530808679726,0.07787337181522162,-0.07960521836940686,0.4914861975474343,-0.18267458374610238,-0.08322760384882251,-0.16994512167572448,0.013922232509477847,0.22313043680382835,-0.4300223755869282,-0.2787903227502845,-0.20982055821732085,-0.10790706744038597,-0.19735419005139412,-0.18375768742500975,-0.21207357918527864,0.1428489545553115
bigw,0.005329494462980874,0.07459580107243101,0.25954713766601023,-0.07633814182886384,0.10384120291131328,0.24582404653135329,0.21295850372167377,0.04650434841619159,0.20651658315561333,0.17664191113343228,-0.2520794148958537,0.445702982361074,0.2931990465382024,0.2422085439881017,0.2689080519393537,0.31581092609983075,0.19010058684582432,0.2600246043747806,-0.21457024255435533
bigw,0.00223572519843561,-0.24536629622465764,0.26042593746306175,0.07043375966047881,0.11393287398580332,0.22281937984439676,0.2501850563705703,-0.13636055505649816,0.3008655279498499,0.07052311828960979,0.4404629938132906,-0.3641730349686669,0.03676763910155046,0.16889015133329968,0.2653717620907894,0.16676286967334764,0.224356791684599,0.25350318946903655,-0.24159061913448332
bigw,0.0014894666447546278,-0.32393965458028895,0.18605238431716187,0.06766960658349806,0.1310015616021778,0.23892924014326786,0.26577785063729414,-0.2820677863932689,0.1897125281430455,-0.09001803196192783,-0.2191798223036934,-0.38575753477493163,0.027718602791679998,0.1494754666345002,0.3014629083387579,0.24647526256947683,0.2301197786563306,0.29831855480081715,-0.27163713558257785
bigw,0.0009192341133211578,-0.362748895536667,0.32495594168698294,-0.06466556325993161,0.09372405985692182,0.21103566445016209,0.2238449358129221,-0.16654582802266765,0.3204149108830052,-0.056068505982360614,0.3448825612600304,-0.3257887484001117,0.05691078910436065,0.23910942437241972,0.19910503314825398,0.25485350555289193,0.18570227195174221,0.25720727039954405,-0.1758779302637782
bigw,0.004379731317906638,-0.30937109981219774,0.15722146551647298,-0.00037661839267923137,0.13749884556069059,0.2211437852443719,0.24831920593320825,-0.24569725911375462,0.19079694763403726,-0.15814152407775914,-0.26138056550740507,-0.34044335633251105,-0.012751523349378466,0.326681532601143,0.2553742056860162,0.3248491586427539,0.20435697376863682,0.2885249469773154,-0.20362272633279913
bigw,0.002201878104762035,-0.15381129932671547,-0.27543567285681647,0.22823645000707268,0.16470473100016447,0.18233892883965755,0.21868259407122817,-0.12172915334668624,-0.383929357978369,-0.009506982290621859,-0.27446104595782456,-0.06098795573748995,-0.44674867119392314,0.2439486521727408,0.2600140677708252,0.04374898464139464,0.23431407018940448,0.2622640218136807,-0.21570247829097824
bigw,-4.940057114220457e-05,-0.13306441857155926,-0.37160135255407056,0.1911833123942162,-0.6025729623378547,0.1137250319103388,-0.35233460533248084,-0.09593416298803341,-0.34804427320628784,0.01374286181880185,-0.09322340676753488,-0.017934369073363737,-0.2882802484010325,0.06601903440455396,0.1478521907352664,0.0696515699630466,0.14958581702958026,0.10421712565475046,-0.1433037379063054
bigw,0.00092674048813897,-0.2978970437990399,-0.45670767807336354,0.024114805942445475,-0.4269796453814738,0.086316197329384,-0.2532546489340108,-0.41397864012644536,-0.31007260565096223,-0.24472832696417451,-0.07436712765243314,0.05964142013384233,-0.2420373797856504,0.01187261282047993,-0.004849730617062892,0.04622027327442395,0.12151798042223642,-0.17159993929102876,-0.08120961240675856
bigw,0.00044648457638049257,-0.4751211431703945,-0.2752135896669792,0.011612814258796032,-0.2549498820520996,0.09247162015047981,-0.27741453394607224,-0.49514288551185953,-0.19782905779086385,-0.32812505465584285,-0.0765884954458508,0.2717763746435231,0.11395894261023422,0.02441288118588853,-0.039053417119280336,0.13692896322955275,0.12781368209642074,0.1457971597906448,-0.0687437735364568
bigw,0.005928048956972277,-0.52342190970302,-0.2585681365417617,0.08272076301986307,0.13484204570449715,0.11636976645753087,-0.15932533545538924,-0.5072959850978299,-0.1315228318979646,-0.346746688203106,-0.10711502210986097,0.2891449123089678,0.11877792562986297,0.017743559016392147,-0.027957015405086424,0.1805170693950575,0.14991775312971223,0.16562392068853826,-0.08696917841101634
bigw,0.01506985690425256,-0.35095226796951806,-0.23908539553423444,0.07006453685328903,0.152919103847437,0.21447774156397112,0.1836706096145937,0.03543002251713082,0.17157294867216347,-0.07612852573970702,-0.22476699882250378,-0.2402998531622603,0.2857033262633415,0.030745506233400433,0.13930807014391547,0.4088887669676883,0.17276765489087814,-0.48305670721947314,-0.18581864920147376
bigw,0.0347088551504486,-0.17020660867445137,-0.20943455511509537,-0.015838624419141866,0.18288618000503376,0.24915490061842477,0.24700526065999678,0.15954120935854185,0.2886501196631632,0.04473581191979295,-0.3437227992485251,-0.22382211874510183,0.27936653782953913,0.006056902995029151,0.2828905929446744,0.2663813104281834,0.281972680177328,0.34133782141378566,-0.25743945402043267
bigw,0.014783740459031913,-0.029037232537365443,-0.11554164432299635,-0.01073078597545426,0.13455631318833408,-0.7352609458486112,0.19547876419985435,0.09960943497108457,0.2567098533250768,0.053648180237267314,-0.0473268817308344,-0.1994502590507205,0.23072357020672885,0.03065491090036123,0.1859994075484893,0.16069019248710772,0.23402688372270225,0.2544564663731455,-0.18422424627801115
bigw,0.005718301698639657,0.12405885433853539,-0.06995536508252242,-0.014679235009847802,0.1223394935776659,-0.5840718363079005,0.18882060124297786,0.01314901051607903,0.290790912305437,0.18847901962552996,0.36966245512040763,-0.2611103376916029,0.22212802866665357,0.07700373875577499,0.1801494597625531,0.1823528506418788,0.2115344567434675,0.24481363015127214,-0.19234653244837882
bigw,0.018322255513949073,0.13029738323978202,-0.07718388602697,-0.08185031042222095,0.1385715980673076,0.2996657595554729,0.2010620348841197,0.042755232617404215,0.3058454935507101,0.2919108478929636,0.4131152547275416,-0.1845731772030305,0.24940115424631762,0.14679268144544833,0.23790742526226114,0.34624006848964106,0.19093305945956215,0.2855864324108033,-0.23953930821402009
bigw,0.001277029651389223,0.01477527236372142,0.02269848623059989,-0.12571776108282945,-0.12365779396482944,-0.1392628726828546,-0.1524570696132458,-0.15346585342327768,-0.27178030603412595,-0.5096926055160559,-0.3861465116530683,-0.39567934930105286,-0.2341244086718732,-0.1597521474562401,-0.26014906039826124,-0.1392066720255968,-0.16513541451243055,-0.1601927328258587,0.20575809232432066
bigw,-0.0009817511840290209,-0.14055338197997302,-0.02401792518034873,0.5623741710241491,0.08048947646778676,-0.027002215294326865,-0.12860882051844086,0.28245215594065337,0.1938351288412063,0.5567644477677396,0.24433025446929893,0.1753618776933772,0.13553119469803016,-0.2273144907144537,0.14486634463485587,-0.013436616226968427,0.13321501704595787,0.0002315657727331447,-0.11364245306842767
bigw,-0.0006020849605943043,-0.28356500312316196,0.017608246123457127,0.4236608005647903,0.0679796202055141,-0.05133275466555961,0.12859979897228613,0.21593832647105782,0.1484660960585938,0.4606677464004985,-0.0003183044595041247,0.1496618581443787,0.14221019697497364,-0.49167381671307003,0.0027163359630686715,0.35598638499390867,-0.10812655991920837,-0.09903974014399737,-0.05012282662706922
bigw,-0.0014777719017163946,-0.26097141197582074,0.016923801688807843,-0.007020900240955125,-0.03739813789493723,-0.04339585355435015,-0.1393049885247727,0.13148161556905708,-0.1410626553778505,0.04778194267155063,-0.3368217907599375,0.28095665964597943,-0.12302862389917303,-0.22567035319718234,-0.5991501033941724,0.44696375742772537,-0.16838471143059375,0.07609659360122219,0.1343541884807542
qwe,0.0003938657357428017,-0.010666601804524466,-0.05103624666068585,-0.013504991879837096,0.02616822658521642,-0.1626055660728589,-0.14182112788634318,-0.16174040508319512,0.18137232316583798,0.17130297342753434,0.41908481111446155,0.2620458974929002,0.22830640449541104,0.021748578447895763,0.1434020322524617,-0.207323332882988,0.6876238649263778,0.08485299547516865,-0.1448768818423982
qwe,0.02407689052537742,-0.04043443064743123,-0.08699704229790996,0.0017714639593705021,0.05861822280788086,0.17398880229531277,-0.1556525765976194,-0.16308377194164386,0.18883844827812565,0.16723414371646866,0.44771685119523497,0.2807823239888391,0.244885917356818,0.011171152803284526,0.1739114887747111,-0.20740265662283663,0.6296410443820999,0.09328118772198786,-0.1576092707046527
qwe,0.0010818734027551221,-0.0954150158090505,-0.12009094200261028,0.01315944943269926,0.08023761372766386,0.2418147456303264,-0.20863247291277232,-0.21056843343565576,0.24745166479683842,0.17573870259435484,0.5010899266442473,0.3926208275320119,0.33893758751669734,-0.16433861346958903,0.07480949196951307,-0.16695266509013235,-0.11360053986858318,0.21829387206692538,-0.3004171847754059
qwe,0.006259691658965739,-0.1802755600580189,-0.09125652676981422,0.038105531889775085,0.055561273482940106,0.2870787299355071,-0.23673977741623323,-0.2775367781335946,0.23707966066258712,0.10556243039956503,-0.26237924524170075,0.4089230414386279,0.3771757347470779,-0.24518934807920223,0.0176820711431375,-0.14008350553014717,-0.10281452223033143,0.2710773115303203,-0.359676319569447
qwe,0.0004901413163805688,-0.1732802118228535,-0.005813381511260873,0.04781478896569236,-0.016594156230172078,0.3230558695372954,-0.22913159474633676,-0.13242517837617282,0.12751919715799645,-0.1340775537429855,-0.28532771515332156,-0.44514511517892347,0.2860788809437502,-0.10925765091479196,0.3604176986622823,0.037982811326159605,-0.19196782832323772,0.2884859754407021,-0.36602452189455537
qwe,0.002827603422197367,-0.07293865219659623,0.017686897533101844,-0.08501863704875842,-0.025717434662673924,0.2598823924370197,0.40249625824001584,-0.008772448489077517,0.12526382481882883,-0.30326411666914327,-0.24580766446472452,-0.32667849548977285,0.1929271543054991,0.11156967340841846,0.39927701208247507,0.2984270068300652,-0.2015662795037837,0.25477955633621907,-0.27994114614219107
qwe,-0.10710973792750048,-0.08624897145599403,0.049496508847986044,-0.1825903095711988,-0.028767246265671786,0.2528001998122718,-0.20578848683245574,0.018339480469054793,0.1575281465818233,-0.3435905646600639,-0.2359575431014589,-0.31961602058913546,0.1883496584929305,0.12941047108110684,0.35020044657635063,0.3937252379882913,0.28951528560127526,0.25452731767824016,-0.26488764497590717
qwe,8.248088524649514e-05,-0.09470642787988671,0.08115892179653106,-0.23001485042983874,-0.025253352762493377,0.11084187712609242,-0.1430683397241714,0.026197812082498145,0.15276410965456497,-0.27568434816210674,-0.16877366165198543,-0.23427695746761196,0.13940187225679093,0.12279422514852449,0.20532870953658894,0.34552560318526415,0.6814774848783238,-0.14509554050623227,-0.1822805082260442
qwe,0.0003176709366971156,-0.14139579113940323,0.2088539787240914,-0.3613094343552006,-0.02336156597657455,0.14359746763857534,-0.1233821529104259,0.042920323338052783,0.19536364013405014,-0.2941329792328234,-0.13337920524170874,-0.22030777690507394,0.1383661282560721,0.15686432735061004,0.13882741740372784,0.2793640118780383,0.6175307608699148,0.1644880459253012,-0.16472789499345306
qwe,0.0013294730569214288,-0.22881206454738032,-0.18756767690979959,0.0914657173760783,0.16341161953256272,0.19931770750804312,-0.23510594752939837,-0.2209739738773838,-0.22078830268068955,0.024358611549396805,-0.10868716728857068,0.2986702693590735,-0.5051764456495136,0.01931871881287351,0.28517838067232265,-0.2103801383540771,-0.16168482250738944,0.30309040900047324,-0.2898893384078225
qwe,-0.01494571864565489,-0.009684864548442928,-0.15094239756103334,-0.0011643444038611946,0.13507584644925838,0.22297053713422127,-0.048286170462184946,-0.15543573685737422,-0.2113547468439874,-0.0073367960944299045,-0.13839295355795045,0.2959168519610803,-0.4498479024413019,-0.011904046268174925,0.11785652134968036,-0.2630779077840158,-0.12191249394575693,-0.5159982267222537,0.4055887197494559
qwe,0.00544735214223801,-0.08182663158893977,-0.10443313508038636,0.063657045356022,0.09040898822159141,0.13888630684225037,0.5187494923256618,-0.16154410696491317,-0.26686446991374185,-0.007784028260101845,-0.14393336909163412,0.24890964841417051,-0.35982265034672634,-0.11979316865256133,0.009551517699761789,-0.25814177158151486,-0.09903463282605891,-0.39178605643244874,0.3576028413841072
qwe,0.007541621798110924,-0.08844814012481605,-0.12571004023272644,0.1174832542494039,0.11128785317383262,0.13660965151908794,0.4533049954626904,-0.18293830780212755,-0.3603010337699222,0.05526172958710279,-0.13959300714457523,0.2441365514163196,-0.35738775519941046,-0.1582908060641244,0.0934786843176864,-0.24946961191361844,-0.12281865626773728,0.2785739767082857,0.4051787164915512
qwe,0.0015000897979671511,-0.0040497126710414295,-0.17992644744388342,0.04685697190228099,0.17447361253276977,0.2582170433170506,-0.24820543297070954,-0.09358279740326453,-0.2989403782342821,0.04889040786484135,-0.15176294687936598,0.32614988768591663,-0.4477289641695034,-0.09974797356358824,0.21400710157057995,-0.22391618208967368,-0.14196778354213876,0.18164033476029495,0.4661286648304696
qwe,0.022799844109733687,-0.025370491037296473,-0.20355731909869007,0.05399796956564602,0.18207934055909517,0.2793663528966402,-0.22630015287524036,-0.11306730888343441,-0.28317564295913134,0.04473851058062257,-0.08308552212505851,0.23226099982966875,-0.3706410216949514,-0.056343718689972754,0.19640671604105248,-0.16438721176878235,-0.12319828402854115,-0.48361994932026703,0.4260962234059936
qwe,-0.005279106317636276,-0.17209808810207872,-0.25307062981022166,0.13094629635707686,0.22008610236014525,0.3356526804662929,-0.26982476276282086,-0.2839255934398794,-0.42639922293665483,0.11413886312045342,-0.11003156614575012,-0.03793421678932902,-0.1745894949132407,-0.06495975235191424,0.2133006888537006,-0.25878413096371977,-0.14449589017327727,0.22075052263393538,-0.38665664040813713
qwe,0.002367784539419729,-0.258759905441876,-0.21291589333201458,0.17495091085366152,0.1875347883938287,0.24601850966235467,-0.19710988181340905,-0.3558099444201172,-0.4241752818731536,0.17822523701678117,-0.13037410266933663,-0.04668423316659814,-0.16489299945856414,-0.10457660243726531,0.06300753360292878,-0.3470860451793449,-0.11506655119245332,0.23918284678314694,-0.36342230648693186
qwe,0.0025882142860312886,-0.019870226502462174,-0.17531758302911782,0.15686826689348887,0.15927178121342161,-0.48882465677513187,0.4344046544751278,-0.21862861147372253,-0.35436425383869374,0.1804811255621075,-0.11167343893062714,-0.037412866172073365,-0.1406844803583276,-0.07766911401554878,-0.0028134417958769887,-0.3305062024812078,-0.08103195014661785,0.22235404392380778,-0.28345339839416445
qwe,0.002589368076242392,0.11497344888367687,-0.2325382927343057,0.16482030655613109,0.2059208818267727,0.2438524715706441,-0.19576664710285044,-0.11652285594993074,-0.44945369868897983,0.3092863187152378,-0.14751438811514128,-0.08731604167336197,-0.18619296803563398,0.05333845693253214,0.05240424197020495,-0.4455939920821448,-0.11578842196060206,0.24896792415324806,-0.33243867527597454
qwe,0.002833026364960657,0.19339377667999336,-0.16288039795473597,0.04558729635912286,0.14943472567128233,-0.5344624952621504,0.4676079541967874,-0.0884415443921219,-0.3734959990873472,0.1922913715771468,-0.13083969277820948,-0.09686778425803567,-0.15548201249734112,0.09861968448782871,0.13047397198958754,-0.2694547320466102,-0.09669871607754622,0.13736507819223662,-0.21166808762108427
qwe,0.00011504617629085165,0.3177975261732322,-0.1329421188610117,-0.09262031251806065,0.11022508656540417,-0.3487262348400113,0.24664430441607418,0.17104521278281762,-0.3384513082920976,-0.44893955974631145,-0.08152283070463812,-0.19787985451632953,0.09636131374891072,0.20534499793430327,0.15424137534854235,0.09084280384743604,-0.08989190344879186,-0.3493655901090698,0.27087448378824086
qwe,0.0026405986372210672,0.29203077062558347,-0.2009845270313122,-0.03798451581479564,0.1588093886416215,0.2210379070170067,-0.17538227257461908,0.2355469362030329,-0.2541009425327524,-0.39476104266166034,-0.1211313925489118,-0.22277632035133318,0.03192857256652543,0.2571470204138239,0.20407038967890476,0.018932381716795618,-0.11222779282612409,-0.4431332416393828,0.3312792528063701
qwe,0.008278131273439591,0.16772313740584105,-0.1825822177320755,-0.04823371391434044,0.13427858765420425,0.2058251524649185,-0.1792629020810051,0.13144635085923026,-0.06043679857562584,-0.06352929980976633,-0.13752518290105598,0.3525273405607354,-0.4672152651964153,0.19432839029125396,0.25198847592284385,-0.08205841594271075,-0.12855340535667295,-0.4574870669316029,0.3513047827487237
qwe,-0.004016360661308873,-0.061088809529560306,0.09059332323132653,0.02931120432659363,-0.027988765507129417,-0.23419170889981614,0.11963279698383851,0.15373573526514445,0.02619612138878239,-0.0629908646288614,0.18357033356513333,-0.48634967133403506,-0.4248474248313167,-0.04077480970905942,-0.1673673314494718,0.2613463330622961,0.1367506676118004,-0.3211906773702116,-0.4673350503470496
qwe,0.015940486249468255,-0.026130800454728535,-0.04519215331973438,-0.002447086018485308,-0.0021408960567027993,0.2034493082559233,0.4618627674770974,-0.19568853237218664,-0.00473320866855339,0.09308398518414063,-0.17165665959410983,0.4444319385082889,0.37904084356313755,-0.0448741618055461,0.03245645681629747,-0.23167441349656567,-0.10607088326940506,0.28857328196443893,0.41671449887084605
qwe,0.02578902322004557,-0.025763463685474552,-0.03504342258632304,0.009179075896302393,-0.00650862473259588,0.2661841225420701,-0.24512646478425867,-0.24651265442141754,0.0017763568861926355,0.09224974566177274,-0.18449262837047672,0.4942307876499285,0.38321608299428317,-0.058827692593828036,-0.02973262642819912,-0.24366800855398785,-0.10050190851638459,0.29899666496119615,0.45758531706866623
qwe,-0.004665110882852965,-0.031588756998771506,-0.0012977405948047655,-0.023280147624528923,0.024347794520604423,-0.1504726669588704,0.21912453627156012,0.06939707599717868,-0.023271444359159277,0.0032860731927452235,0.1790524980347164,0.4414363523857967,-0.2866118302271567,-0.07233106719534989,0.15320093881258137,0.20588538510220605,0.06777753196491741,0.6013904929876238,-0.4188223661170378
qwe,0.005216995568458039,0.04162206480444095,0.008566608700058764,0.043178974028280935,-0.025602408459815776,-0.4926269189266579,-0.20271117529636754,0.08437940373883814,0.0960587810441174,-0.07871510688891778,-0.1847167313782784,-0.37720231724389947,0.2717260970207895,0.11965066737789597,-0.12411770479373407,-0.07667003588090193,-0.06516624035544563,-0.512604887980889,0.36947374011476997
qwe,-0.0021561472779573283,0.001479581997593571,-0.0039287905071164085,-0.05947871352654702,0.025225088336898554,-0.1712687799490255,0.22941613154583748,-0.0510769999402585,-0.17390193648184904,0.06732842391673236,0.23764134952958627,0.41845393761981997,-0.2947320201546068,-0.07131455569513183,0.10498972466076037,0.05588637040349864,0.08256436241644173,0.5971075436625525,-0.4188430215506649
qwe,0.0009399694610635256,0.18450269230569807,0.03845423060541975,0.07620318717068746,-0.03565258264395561,-0.5067577946004441,-0.1743610399764145,-0.0027726604024549983,0.1909823190122241,0.002963804209858548,-0.1047622576846217,-0.37192136069797466,0.27831226891976846,0.08949004497624465,0.03627874777175536,0.02082114110645349,-0.09986799470336753,-0.49963845099482335,0.3709142243090946
qwe,-0.0005941553522538668,0.22059777474289255,0.06074928554957619,0.14379693591993142,-0.04058035487671611,-0.37693054299980694,-0.14389018301905573,0.0022538666850680576,0.1913988090451842,0.0052837507323261305,0.5262632562826512,-0.29084420629265123,0.25059354118318616,0.20366413515497742,0.14408153768628573,0.2673070249943471,-0.08875783418831791,-0.3986240843604708,0.032604939685707934
qwe,0.012442181827871704,0.1822370712658039,0.057904967477956454,0.16130316555636093,-0.04274689956681258,-0.3809683169973108,-0.14791522235867693,-0.0071311110147748245,0.18780277611300947,-0.006922684175951547,0.3811053181917572,-0.27472609908867507,0.24349416721499015,0.3150935801270415,0.01631266014445224,0.3144478206594001,-0.07217551353526301,-0.4427619581662739,-0.23135722908104187
qwe,-0.0021908415384167767,0.12787371418034207,0.05656866893051549,0.15986767858425405,-0.04075846382563524,-0.4342115953071997,-0.16348251888491452,-0.07226055536013577,0.20855087927074392,0.01101860748143518,-0.06561019809199406,-0.3276163792360063,0.27579003656767603,0.42200620787848464,-0.241217705629941,0.4177702364823214,-0.13227767209739866,0.18995747018624687,-0.19246015894452542
qwe,-0.0003555061616155294,-0.10547104402475027,-0.04663379290344926,-0.12430590688730912,0.031960280891443996,0.3796800689610088,0.1405606032236377,0.13830412368458983,-0.20595061387606045,-0.05636002019036749,-0.4994219885286146,0.30024361923176907,-0.2426921989135033,-0.34692231652250544,0.07541633356563038,-0.3997482516117583,0.002545525422863052,-0.17493461274581842,0.16332580103531213
qwe,1.8100192446713363e-05,0.10458176634575891,-0.06910953554629937,0.160161223913288,0.3796699566164302,-0.4071365768664205,0.1535367699656423,0.1396008593914969,0.1217323486680068,0.043257804917392124,0.2009402035370941,-0.40013484741828537,0.18009278743202903,0.5036491762755368,-0.12484815566148844,-0.07193348534406815,-0.2769337924644645,0.011670776434347465,0.06930159641391025
qwe,-0.0012956674791864751,0.053667759613457613,0.06659287445794027,-0.0888228113199116,-0.05002280796077899,0.3750201790829825,-0.25479692384970914,0.13681644824768543,-0.1717025087910468,-0.053299620730095955,-0.368407813829048,0.25163825826466685,-0.19441818124076587,-0.2783369362289464,-0.06109137220889808,-0.3093187088749113,-0.5208767441247746,-0.13193628579758515,0.15246128595798697
qwe,0.0024240113686961723,-0.2586738946927004,-0.0856290523236478,0.10459486650571997,0.05229626137554996,-0.6213448425944303,-0.03003794687545891,-0.18925906164521958,0.1863940695749192,-0.09468759922569212,-0.23086693820545306,-0.35481904252546626,0.24692262089434797,0.024990359623486787,-0.01879316043784946,0.24882119718985965,-0.13459536420743104,0.21616175146537875,-0.2787165962984025
qwe,0.001961704956002255,-0.1505551591529909,-0.05762776898943156,-0.044734412361100324,0.025524194842355182,-0.49262807603553727,0.5109224873066843,-0.11310063852422006,0.1367196223061541,-0.23844135297279329,-0.22021783872076522,-0.3184743731934818,0.1937612561385152,-0.1303922481739125,-0.12956696472417562,0.12120097519385233,-0.0882543885004581,0.22137141845379985,-0.2942078042008195
qwe,1.0214254087483774e-05,-0.009659363289644219,-0.06216629986359856,0.48967082144264934,0.016301689678744007,-0.24274051832305557,-0.3528597243183543,-0.06112495095431657,-0.21616882012249988,0.3959377080069059,0.211934230971678,0.33974850455827466,-0.20031449713980864,0.02598096885257729,0.023516166710297805,0.022061556625016344,0.11169094554976525,-0.2422884282281518,0.30326492183400516
qwe,-0.004536923825233407,-0.006442252425981237,-0.10774297726749449,0.5938765320046862,0.01616605555214739,-0.2387118510257392,0.17040892165010366,-0.13577069186589727,-0.22714495504829652,0.41204875394793256,0.1840463231857814,0.27746791230582235,-0.19754289362268626,-0.025460499932813067,0.01160487631546615,0.004482260985388979,0.12380896872905542,-0.23714751637716394,0.2954805303548172
qwe,0.004384459005086102,-0.13992793199556364,-0.04729048113295431,-0.36106663079619894,0.05296511422365175,0.20377462309294989,0.4262824606764208,-0.1148892386999756,0.005585885041815483,-0.27600330777905635,-0.17364394438653932,0.328308691880043,-0.48065306758139037,-0.0445049031590373,-0.034096196234455825,-0.08927775270147643,-0.10125687910101851,0.23834324922348313,-0.29192390866832013
qwe,0.0001684222605882046,-0.13920974189338509,-0.18335896734408808,0.13478024527754465,0.08803827357791383,0.21716064141472557,-0.24475995663977146,-0.18034010082593652,-0.2754861713163942,-0.12482494677959441,-0.20329066503778867,0.3298053385011342,-0.44561816430774526,-0.0772159460725447,-0.14839754038663366,-0.005022423948023514,-0.09616401156008321,0.2911092337246768,0.4683432394958021
qwe,-0.0031195534508279394,0.03333304528135649,0.17558926127127072,-0.09677540976100346,0.8607658582768171,-0.10145305874672596,0.10690387742499065,0.14821850833598121,0.18272654420458942,0.14109284598988306,0.09623607880897458,-0.1391587375478401,0.18234620894028597,0.04258243526741198,0.05140695376480125,0.013113594095157919,0.04716804255214269,-0.1314319849025162,-0.18650505157754185
qwe,0.016239013624201253,-0.3084225313595791,-0.16783520870833604,-0.06070670633842571,0.1189400992292434,0.23434214913237025,-0.2329542204774728,-0.29810351295437615,-0.2640926333677007,-0.2704380095558784,-0.21455400762858995,0.3302251453921355,-0.42222988471435074,-0.04397050882993404,-0.07773637151016044,0.027138037797191476,-0.1276416064068359,0.3051154473196667,0.25784258542993177
qwe,0.0057040642942661895,-0.3086699137685055,-0.05288054749614962,-0.105352718524324,0.02746481877992331,0.23881539699493248,-0.2381521226327291,-0.3317977347382391,-0.07545846556533828,-0.2062482854931323,-0.23064917541654667,0.3676988886330734,-0.5173638866852053,-0.05956875177472605,-0.10641488740278983,0.002218151083512058,-0.11284096842348679,0.28866762214889435,-0.22582127908617283
qwe,0.0148487502509024,-0.3217819970868788,0.06617265374899375,-0.19935894653582537,-0.038138455376846785,0.20204013706326363,-0.20179155126031875,-0.26922063661404455,0.16839248697455747,-0.0555382440009211,-0.1903691965559283,0.3529334404233403,-0.5094411945321576,-0.07289561125085507,-0.07389747089369463,0.016715651525178607,-0.1077106965495322,0.2522287132365922,0.39851092585973913
qwe,-0.004488791216196157,-0.40282106778638993,0.20623066608123816,-0.24758684743940337,-0.06160359242143186,0.1322316087102404,0.04059275137680823,-0.23346610135293372,0.2986956044747383,0.1008806864523157,0.4875259342766898,0.2801286878230681,0.2652976083883489,-0.11889977153747303,0.03501678369241331,0.042467709929633814,-0.10472942458116653,0.18438231947764222,0.32925083768148156
qwe,0.0005090835361036671,-0.49365776421801993,0.31029066434345143,0.049575871382739466,-0.04753595205301961,0.009130692605647122,0.2740103917791124,-0.15799709382894211,0.2828423290236333,0.2729135822838351,0.35950851606176315,0.20815809221612233,0.18221725128865243,-0.3114312409551509,0.17535844718736898,-0.016501806032948492,-0.08612207379277796,0.051774250604880175,0.23833871063655365
qwe,0.0011793221898811694,-0.23219521478830846,-0.00756577318950391,0.41070810018776027,0.03620695032134961,-0.014822792309644598,-0.14583469442588778,-0.13584221205666655,0.19289683597468363,0.42263766444696854,0.42787570197375674,0.15052173933156027,0.21058572000778034,-0.3812895102595129,0.0548122366493558,-0.0674104390644106,-0.13437100965867446,-0.19801036407012773,0.24492656523111406
qwe,0.0007634805970686819,-0.15055371123224118,-0.06923887090505776,0.39165568428709124,0.08171045944850396,-0.0003736883184957124,-0.14519436626930782,-0.040081686950626125,0.1863510699517388,0.3975844970967879,0.32965895240051907,0.13117731226155846,0.24705916360500962,-0.5558116544890143,-0.028014646983822465,0.0938967564454584,-0.1070419257789211,0.13326976062358123,0.24962568713097585
qwe,-0.000929609487877634,-0.11820752833199255,-0.08507514880882627,0.3775578014720196,0.08105174527040829,-0.03239021638056442,-0.14844970128412513,0.021905416159229387,0.13262520066295305,0.47398986406656884,-0.012466439517284546,0.15907267173695208,0.20400277920679008,-0.6002781694471637,-0.1650328355120296,0.2117821318676081,-0.047703233715669244,0.06059120213012709,0.24166682862554378
qwe,-0.00018068059100729715,-0.22518907663348586,0.0757450314902055,0.43858227072486133,0.0018248004603095478,-0.05433525624609915,0.14058433869204287,0.14155388509030742,0.20191948700676393,0.38939221153005016,0.37109380080046356,0.11549365363736586,0.1742359548670474,-0.449411601239635,-0.02841395818645371,0.2726217557949241,-0.042794570017124674,0.007558748431814086,0.2358949904739876
qwe,0.0007147400766515831,-0.38749232475574547,0.5256830810938433,0.32759029563275865,-0.028901308044522362,-0.03046390003826494,0.14881505056239824,-0.01440900212298892,0.2702172553490281,0.261772435857277,0.13984898310068447,0.07470172485827728,0.05537310689472155,-0.33984304737554666,0.33460356451042456,0.15933786142549733,-0.015297524419721134,0.015433511566967683,0.1378937178983915
qwe,0.00035887006769060156,-0.001430819981589035,-0.157661407979248,0.2764342763088872,0.1222213739745493,0.07818953479295268,-0.18287542615240246,0.05115089483394338,-0.2050475407934161,-0.031483813531918634,-0.12460235356327862,0.28949397356014084,-0.35214603940003386,-0.253698049499547,-0.48009758189198803,0.0027959892221462402,0.008147794486856876,-0.4529559992857327,0.27411425768348646
qwe,0.002372978029802725,0.006996021795482631,-0.17637177845389468,0.33703090303194266,0.15175274533155125,-0.3330596610299399,-0.16913610977935142,0.023188726669283878,-0.25311585021700916,0.019751743930908006,-0.06606376414129826,0.19871219670459586,-0.2860454410165223,-0.16665331859889976,-0.44639810467384794,-0.06068663942204871,0.006223063337427544,-0.43761095709000375,0.2824032388410785
qwe,-0.0001974226145134417,-0.13351692912319432,-0.18323493676561464,0.3398454428715534,0.16305251838933832,0.05354143636217931,-0.16932329851199318,-0.17645155513381716,-0.2726128116208487,0.117915296511911,-0.07176284154696697,0.10431794896640953,-0.22785309003692228,-0.17838885621430237,-0.513484070421209,-0.2128021611062775,-0.003376063459705404,-0.41265503220633415,0.2767764117900496
qwe,0.0032395017255587456,-0.15131617285700596,-0.15391603917936858,0.24535306993216852,0.14468970155708585,-0.20020004031193828,-0.1435185867148216,-0.2768734471048806,-0.28525928366942216,0.2074607702091113,-0.0910469443601246,-0.04890568797894991,-0.12138792707515468,-0.06354490988756292,-0.5045539116989322,-0.3503351809793529,0.01585598353467873,-0.36379192126462834,0.26677892257971325
qwe,0.0019074743711209126,-0.08144492430066463,-0.14432247413475463,0.1725728268646359,0.14850350246798993,0.015656313081175283,-0.14791853292027304,-0.23635808962801713,-0.3016055754037652,0.25296236659431764,-0.10265067115084316,-0.07893373688531,-0.1296811908043801,-0.014103933577249652,-0.5274472539374048,-0.4597764345531873,0.016571374995565248,-0.3568221116360666,0.1917853052028267
qwe,-1.3646499383906216e-05,-0.16257022279635783,0.1287235190662147,0.028059726102555197,-0.14285496728361663,0.4120170488127608,-0.1283199118463837,0.04186430537915513,0.3012813344054575,-0.16442231586319006,0.11680722843225877,0.08080106359003628,0.14477129451215948,-0.14718079724282024,0.4136695866177685,0.5041161728467871,-0.011882408566616123,0.3296464927623833,-0.18211858746150805
qwe,-0.004091944419153264,0.39924789881502637,-0.04815160889497461,-0.2258425229784764,0.11256156212751023,-0.29799790646500696,0.27688334556325894,0.5282277600018517,-0.2633820988813454,-0.387052511563451,-0.052074024840629826,-0.001429738413343628,-0.05974883370855734,0.1360924550588646,-0.13600099200907828,-0.028080207430295035,-0.03060194387675024,-0.20701536267006349,0.15183764368518662
qwe,0.0011438773218575005,0.4941664752604919,0.030388722951578018,-0.29998027320141646,0.1035938000260543,-0.2995348910945937,0.18547716311486784,0.4883005180423018,-0.006424015772485749,-0.35755627937729145,0.009656862821481933,-0.18774827522212584,0.16489416084663305,0.158430545186513,-0.01780539326861406,-0.018085761393510834,-0.045648704358091485,-0.21695953337770305,0.16209791110711577
qwe,0.001946963309439742,0.3966278665565559,-0.13362461079052246,-0.24208061760148333,0.1039084895277868,-0.40770285607959145,-0.13721306723895868,0.1592010633484091,0.170300001351103,-0.04971128773443494,0.377420246255556,0.3093658167522305,0.07613754072562791,0.16787055950812954,-0.22169931442809224,-0.17490149174194086,-0.022131458145190536,-0.3316550333311133,0.2262891784658188
qwe,0.005028725436326493,0.29557865647002923,-0.11345931048530121,-0.18995534671230013,0.07528986702385661,-0.4148722735894563,-0.1429299035985699,0.13163003360053285,0.1615488360239532,-0.04256294784571562,0.40044918753854025,0.31821911373947587,-0.4131370006888273,0.13818188867478032,-0.21652883895489036,-0.2340180473521632,-0.025822754465256836,-0.2233601516696107,0.12891648078434725
qwe,0.0007633694284871074,0.22948324913570275,-0.08631310335880327,-0.14847100210054354,0.053208733914933075,-0.3996672709617216,-0.1390908458342857,0.03847850198633058,0.1639838772205817,-0.0002155146938410951,0.39420052146553985,0.30041998686539134,-0.23586886702336693,0.23168809302702464,-0.39687899599155607,-0.3927586433681695,-0.034954943888597496,0.12046948185579541,-0.15841207728082204
qwe,0.002157325247935374,0.1741605088338513,-0.020636157342353578,-0.12385606196844572,0.010903304836419443,-0.3077551308139754,-0.15511828981717282,-0.058745253119917115,0.19882557458013767,0.08590399804781758,0.4350619675953873,0.2961499751855003,0.2860855912803297,0.11749445014044525,-0.37051629437807426,-0.4825930578176523,-0.10883272447050742,0.08448696248301786,-0.15116685317594125
qwe,0.0021016187083967783,0.11538577645523775,0.02089318702963663,-0.12497890735291856,-0.012462885520400258,0.06387157836572491,-0.18601158029617415,-0.07246633224027174,0.24157177410157757,0.13264053866873357,0.5348911555108837,0.34996651329399886,0.3560891657339482,-0.13885889921244288,-0.269311316262098,-0.39517343671771454,-0.1491235763203954,0.0598163758183068,-0.2035190154585259
qwe,8.421222860207135e-05,0.13066758031004336,0.011666992993818792,-0.12703519561654694,-0.006111001062789711,-0.48287344081516126,-0.15112040945676133,-0.11106841641554555,0.21699414768989492,0.15385424794121463,0.4564893822478664,0.2851922295424618,0.29486714320755286,0.07296844489117359,-0.21862584571502752,-0.4013863883603138,-0.02573988584014789,0.0764801016228868,-0.17351780246772439
qwe,-0.00021840606293897582,0.12300122107016682,-0.07002734842412467,-0.02277113203480899,0.06200438827919476,0.007182001654363907,0.11273977542479448,0.3166637280348031,0.24792403797095208,-0.1506738227247513,-0.3949029852660983,-0.2172757094621489,-0.3024898651986264,-0.023897965642079504,0.1150900286553316,0.3061168267974112,-0.5351823262280444,0.22229816303482083,0.2009451723782249
qwe,-0.0009268960562710156,-0.14182994392172021,-0.014200087373880657,0.19220156203449307,0.014398424948957668,0.38212007183782726,0.11926586088317707,0.03779344115975173,-0.14649335662654475,-0.08468425101285006,-0.3612170112896858,-0.22489642219635428,0.1384064853291521,-0.08636399513088806,-0.07796487615461267,0.3512384937065624,-0.6235450419870683,-0.06831689722548438,0.14710493008909495
qwe,0.028065071286088906,0.15808513047503087,0.012291045032266783,-0.23036336578608652,-0.013816581423469504,-0.34168632664464194,-0.12718232670998508,-0.0400111982301362,0.16175363766441592,0.12185015058607485,0.3648108393572932,0.22463263913572148,0.23635965350662902,0.09545805686718166,0.10312964135575954,-0.36139867645114304,0.5720360000429233,0.0720902617742661,-0.15450095156566643
qwe,0.0013752531523146705,0.1562178252495801,-0.04870666570323201,-0.27025464455861997,0.024333133554652116,0.22044667459767203,-0.1827673214884323,-0.06537610840709682,0.2206841607921818,0.12884326938910703,0.5024638917172243,0.3180789344731053,0.21465646985487818,0.029450516375673138,-0.13438007089803383,-0.49519082137614556,-0.1015451130452431,0.1324878598322023,-0.2372591934838706
qwe,0.002186298318189674,0.05458649185853675,-0.05996545958242905,-0.21927138068511232,0.027440547013281965,0.20703922730549218,-0.18257787122862734,-0.004019179979865427,0.14671662345811923,-0.0198146515250956,0.3859506294860042,0.3530881082026791,-0.5097259381035733,-0.04175211765052257,-0.23108102700074523,-0.4039414749430654,-0.0642886282514025,0.15753853584637822,-0.25640910270838757
qwe,0.0015283595386156822,0.0581806961233478,-0.04682444173698419,-0.24187238160746738,0.014066673311723508,0.12834217440227583,-0.20098595712783837,0.08727630584432255,0.07422339966238677,-0.08337891720799208,-0.2144028844420983,0.42242688028804937,-0.5393499406457698,-0.02519473598762699,-0.24876188574705904,-0.3639550072105826,-0.06488026836534304,0.21503675737327188,-0.31310509459799607
qwe,0.016871950749894886,0.08352220277232068,-0.03054515533199724,-0.2241968054260548,-0.00037617490665781475,-0.4088063376800051,-0.1842703059547695,0.12389469189325802,0.0699114637188972,-0.07237109359870507,-0.19553548308284044,0.4004504085541172,-0.5021150115378933,0.004684161995361814,-0.201340257082434,-0.3099492979589568,-0.06379058957904037,0.20200976984729863,-0.28819039218354825
qwe,0.0008619821365634062,0.08403074256417015,-0.007075489914720623,-0.23640080973063413,-0.02303979042426764,0.13438114822230468,-0.2045819240436237,0.13543256954263955,0.0861833113590561,-0.07483140840125165,-0.20941740953671711,0.43994738579310283,-0.5564431808051326,0.006312585986941142,-0.21326035368640434,-0.326505153550114,-0.06571537043674548,0.21416752500584882,-0.3095823125904794
qwe,-0.015963512441686662,-0.08884073802379966,-0.015125757999011532,0.2080361890690147,0.03527659356294234,0.538001057340856,0.17567219409497178,-0.17992100419879176,-0.09139674793070106,0.08913628644900311,0.17033451965415808,-0.33973409773912083,0.4406456782815109,-0.02013075829863556,0.19666573339147744,0.2908878703110299,0.05385964002157573,-0.19441563801564235,0.27455516838947824
qwe,0.026897395895438696,0.10908122998018827,0.03681825440458091,-0.2432518238594201,-0.05369288294517952,-0.4419041893958807,-0.20413435587516976,0.2784237293001515,0.14818244003761008,-0.1496261638056732,-0.1797823652186222,-0.3730999714701398,0.3039548437556087,0.05048633350185626,-0.2313057922629813,-0.31092825043974287,-0.06193759254793849,0.22183390523922836,-0.3101409079572994
qwe,-0.005100720674230443,-0.1530011616111504,-0.07645572681636996,0.30808743934952737,0.08636002180237203,-0.1736341823508944,0.2433764101967524,-0.299448537010316,-0.20624338043446336,0.19144782897879767,0.2513924983434371,0.3711048857192045,-0.25241297427638576,-0.13628522774838192,0.23460222481078294,0.2488205874126523,0.07889865281331704,-0.2723470090958647,0.3599715686001198
qwe,0.0032869572226191354,0.18714608702478508,0.06804813919774444,-0.2879224508256909,-0.07712914462650823,-0.5066868951901569,-0.20629001090752502,0.2641631947681759,0.2064869878328549,-0.15943312569107904,-0.2201810293641172,-0.34812119924474105,0.25473251204569686,0.10117855719253625,0.020776316832982478,-0.14241269404449436,-0.09871657823602367,0.2477484154497616,-0.31263605287342044
qwe,0.0010844791455208614,0.1873209676021562,0.04662277935725345,-0.3371345323123623,-0.06129125344972935,0.26828282768880685,-0.2035900610469901,0.3851649159698523,0.2197206142683847,-0.18196211808900709,-0.22952356411283978,-0.3410362664144655,0.2688624754129205,0.12810883790753066,0.1352123663838591,-0.1706942558638581,-0.12438531966367117,0.26651925821743516,-0.332487679158312
qwe,0.015561631310292359,0.16661983502621003,-0.05886062720471663,-0.2627115526885778,0.03968976587586734,0.18474176402097833,0.5276222364306087,0.18350190414406586,-0.043619601858967676,-0.1658699084947379,-0.17998623788093776,0.3251856084110947,-0.46850449410027284,0.17081880037748723,0.07135094908343387,-0.17467205318344203,-0.09838648984892043,0.2589943201098805,-0.1529769207883843
qwe,0.001697249610143655,0.1713389226613138,-0.11775563068868988,-0.1727751274709539,0.08649119830011641,0.16642669195601317,0.5132737243096762,-0.10269831727716984,-0.09933173233573969,-0.1264978896597198,-0.22531756344326745,0.28489821298488555,-0.46513712844364,0.1075148729160407,0.09390788284929125,-0.24215905815621871,-0.10839612122126219,0.2544328748749009,-0.2967977433561095
qwe,-0.00040602345790142054,0.19462218592972538,-0.13786630941440947,-0.0994212250787958,0.10808296307683178,0.16462603911514384,0.45376520582393076,-0.15112065948509798,-0.10813263054554383,-0.14184236189862662,-0.2326296001678193,0.2771601579951005,-0.4541562949052766,0.10701777840201712,0.09288906573419353,-0.23209763890011034,-0.10809031467380506,0.2552837488109536,-0.38196672427994177
qwe,0.000872749760550706,0.18677579340632636,-0.17782265253086393,-0.11495887256657598,0.14433193507553915,0.17447970718592426,-0.127202977332464,-0.2011895787567227,-0.30433865139145866,-0.1787807960336198,-0.21946634655591848,0.2892906717417848,-0.4270869019080352,0.1381417408968801,0.09864361558081666,-0.2892962576166709,-0.1197547137497813,0.2769490812330265,-0.4122562944851864
qwe,-0.006710729330556067,-0.14388315419683384,0.10417512967226532,0.1690087110412138,-0.08372777538659039,-0.15894299985802077,-0.4721290341330432,0.12763021051221343,0.0687815373898742,0.13583819663720567,0.22756358341937832,-0.28081161612165684,0.46153260736738694,-0.1032483297918192,-0.1276324364139654,0.25522396333644115,0.11585706573087065,-0.2440537636035164,0.3694624260253229
qwe,-0.0030541214056115356,-0.20465137598180994,0.19958397811073647,0.14803805045411605,-0.16734115859411278,-0.18273553431584874,0.2521396181398714,0.1870781962783047,0.2658869324867151,0.19909066973840553,0.22988299172327636,-0.2857246606245668,0.4505504697725944,-0.08299411942100153,-0.09227173470315926,0.2937083301618769,0.1157952998584168,-0.2676797549865524,0.31915462141431467
qwe,-0.09182173473721801,0.20229567104428886,-0.2577577162579426,-0.05681322865866919,-0.39941949530701515,0.1372960174819179,-0.1905821492153413,-0.11796442820525872,-0.5518514649062083,-0.14188805065116086,-0.12216350356446594,0.15831504752270145,-0.21050061253211025,0.05166191547332422,0.046042965088698755,-0.2425444370326833,-0.08293544367686105,0.20685539870109204,0.3721987222015987
qwe,0.003320763608374584,0.12369949396093609,-0.164359029695345,-0.013333749771335274,-0.8718416360126482,0.07599430910303102,-0.09952016722732673,-0.12936638478372664,-0.24606593731271809,-0.10177376385528188,-0.08305095135759222,0.11762035917080083,-0.17111349924967362,0.0187916465624344,0.03306570925644678,-0.13953492599376277,-0.051638698426462654,0.11798058112121079,0.08101381511141544
qwe,0.026679495867932536,0.06900688112663642,0.11850727229119981,-0.18949542128627822,-0.06258838209884898,0.14366394920501052,0.5105050239108618,0.11495661409645774,-0.20212271791922687,0.013501105432501737,0.3841085953273872,0.28963999446152117,-0.3923305576537194,0.14892003339818582,0.08238248998059974,-0.178615167331037,-0.10285166551462098,0.21224144634270214,-0.32251561076179946
qwe,-0.011942523767617647,-0.0088157470579725,-0.13792441275428965,0.22749160468494412,0.08047513671432618,-0.14384019924886512,-0.5585838050912532,-0.004298937681213055,0.0908574339415116,-0.05535645998425674,0.20966005541995314,-0.3261749212790869,0.43515486837686546,-0.14174001322609542,-0.06611947939847541,0.1755410289190678,0.11029637431098233,-0.22068369481448827,0.3503944468945483
qwe,0.005006911635584708,-0.16321578394803937,0.17022902271201948,-0.1899568933578777,-0.08686967339264602,0.10414374121333483,0.5667578857083599,-0.11911679873963966,0.15977749361685928,0.23654852579292107,-0.13331436991406698,0.35023892346043417,0.3483723652250414,0.07613998844531042,0.03747668336017706,-0.13908982883871715,-0.11359124372243452,0.2051347135472534,-0.36011819037309234
qwe,-0.000981795615554577,-0.3272703697886892,0.131245501992953,0.035707576391544725,-0.060117805313735395,0.01972628086803175,0.4484149697638193,0.10443075347179295,0.22813614237405355,0.40637439148963617,0.511064293112035,0.22291668889447203,0.24354311982760865,-0.07167980247158783,0.030763121089281472,-0.07242001096470495,-0.09880215425604444,0.1437723375757019,-0.171082486424946
qwe,0.001154809014293842,-0.21956442864625642,-0.004124394429688927,0.25676050892053554,0.011215239430535326,-0.027167806708542654,0.30859186955718526,0.2952270754821317,0.1995911860767812,0.40476314649332584,0.4525675490674795,0.1382172200869047,0.23508810577742795,-0.38722204972244223,-0.004536684216270886,-0.013236786214642336,-0.06947341200999495,0.07737709246313779,0.24246344738644948
qwe,0.002311954078762785,-0.3261521316880896,-0.022600903579748796,0.008634998417144418,0.05145606198578055,-0.04860035081568709,0.07919160368363891,0.2012770177518587,0.03276770636425971,-0.29082073546635584,0.18998658030573104,-0.6454981483806234,0.10197540267833125,-0.16101939577688093,0.3141885578301,0.061339490593953536,0.37316406355652304,0.050063680912429104,-0.14923729270146455
qwe,0.0022941494961248336,0.3289222005537471,0.04020711912778707,0.07741427038416897,-0.01857295092635235,-0.23750958374077247,-0.08720474890600112,-0.03905542083507066,0.12738687461374806,0.0789264533717074,0.32491423385763146,-0.2076538217798657,0.1642739784523493,0.3844200672043415,0.07576020821392665,0.482587594695608,0.37456426905159007,-0.2796842294661464,-0.12349858190425533
qwe,0.007785520957995852,0.28686205577854784,0.03330253878474983,0.04596541138392498,-0.02928445589022378,-0.33858668856962887,0.1483432788357245,-0.008477350021973931,0.13130600457289712,0.07504731365810498,0.2960054054759047,-0.1723727487680553,0.2140866253501786,0.4345482349236725,0.06632053248183918,0.5120533564930683,-0.12063270741275885,-0.31801741638257774,-0.14056173541136233
qwe,-0.011043761956192284,-0.200041873987577,-0.02506082449975146,-0.027861506701934383,0.026378770200966115,0.4335985993152981,-0.3792054888122394,-0.03045387045235175,-0.09162511221326641,-0.009147722849960677,0.14128615549757662,-0.10192870534961178,-0.22407999199709572,-0.44360942322805175,-0.009436779826442573,-0.44763883132339843,0.10295834112954844,0.3141538002501841,0.17192226176939893
qwe,0.014133808561502814,0.14307990218007208,0.015270412864047955,0.032219186622065875,-0.023933579675196975,-0.37224415685429285,0.4737894020630613,0.16149105755787202,0.12352598380465482,-0.0849876144872902,-0.1799804682663056,-0.3048520753428215,0.1846767524008889,0.3879238012585728,0.04303883753489139,0.3739802003302915,-0.13416841820233275,0.21537856138559444,-0.22374153145402714
qwe,0.006224440448786658,0.12719304409031823,0.00721743312408195,0.016692046548691584,-0.01936400374316196,0.2640967207350568,0.5302364579764444,0.2950205646283033,0.20376130149143806,-0.13762951028036505,-0.07724326759735979,-0.2895228243519263,0.17843571511287534,0.3394328615456314,0.017664670106835374,0.347620819473554,-0.14669902390212056,0.20801805627727246,-0.2488622832778826
qwe,0.01994745692922654,0.12303779969230823,0.00014178776965782425,-0.0033228606984396732,-0.013488617959285713,0.24125885221985008,0.48653889705034353,0.31670555453215316,0.19424329501109516,-0.12922965497825897,0.35516822841889634,-0.2768497993908667,0.17976899221695186,0.3039643722863703,-0.007901578097848454,0.3165403231403826,-0.12781163880776641,0.19317573332856605,-0.23150635325797053
qwe,0.0011318828105036556,0.16123667924444846,-0.00451423574497544,-0.02850043657214655,-0.009468699790140717,0.16422676026672153,-0.12334151769718671,0.4193596917209572,0.2386394186213035,-0.15630283683845025,-0.2553661811406215,-0.33375743951331643,0.2217575941563708,0.37405453538149014,0.004721178019718714,0.38894850489561583,-0.15286084176540662,0.23608972618911303,-0.2784740551574155
qwe,0.09020471716517633,0.1548738415088155,-0.004346408111271755,-0.036410146136896256,-0.007737899084714095,-0.37301591118948696,-0.204045861471129,0.38966592687140045,0.21916522216625847,-0.14479044080626996,-0.23358884827530565,-0.3058279670490723,0.20336045510610082,0.35044212624668136,0.026208252943841204,0.3582801235958727,-0.14642243905878433,0.2154824847216299,-0.25261321865466824
qwe,0.000929667046854709,0.15393462882245637,0.012195465486185775,-0.0653599358985707,0.007983294962521056,0.2518272592141788,-0.21325345593625689,0.4490103581959584,0.2312150442734179,-0.15860376540381402,-0.18072750921330102,-0.2955985115575541,0.1962562082389479,0.4121299601445304,0.05251721001293679,0.3284902412862053,-0.15995745090146724,0.20913905290789547,-0.27258383512839846
qwe,0.0037588990379823005,0.21871753301973373,-0.1285453945527847,0.11366524033966034,0.09594727747936571,0.22109528583163146,-0.22498334252323407,0.2938723725583235,-0.21559118740011426,-0.12427700072615834,-0.18019304409613213,0.3369492131650655,-0.41867474070635863,0.40390218980701376,0.1955990021213573,0.20121622183422372,-0.13842119369136138,0.18963249841893248,-0.217783033052476
qwe,0.0033209681995586063,0.1832261983661092,-0.16073621308063654,0.17583417829799108,0.12059137655147636,0.17734769444013349,-0.19033743799376188,0.1740113415035288,-0.33600133206533345,-0.060487237088804505,-0.14115851299751853,0.2469390938856204,-0.26930832857656084,0.35162891523566414,0.2725096829950633,0.17733292588598784,-0.13216615096391254,-0.5051679923513753,0.15865182332874095
qwe,-0.0003693052105823748,-0.17925864473362596,0.13610338196321473,-0.16477327834288627,-0.09977887609266847,-0.18038002530517735,-0.006140105636508414,-0.15607887434591686,0.2659906245650239,0.07188938387558709,0.14616144555566016,-0.25768882982626223,0.2972184508292853,-0.3633535842172385,-0.288740962365475,-0.181211963013676,0.1344177606578755,0.4962976355398974,0.3011010675031581
qwe,0.01725512434242858,0.1778899489455914,-0.08825856484244787,0.13801769030523056,0.05480210518939947,0.18848319225225726,0.16024488639284173,0.17002865226089722,-0.11553019439358354,-0.07840745246887192,-0.1670649526590904,0.2842462070401921,-0.35816531010330316,0.34444241574270895,0.28791387899268706,0.19605440299792112,-0.1329891452266752,-0.4957074061200061,-0.2975418562328562
qwe,0.013985300837190406,0.18221891784605465,-0.09701172153638914,0.14218900686299443,0.062143523091160655,0.20181979785259324,-0.19933007251902457,0.18771665018228265,-0.07309529074644094,-0.0756765485662335,-0.18413788529427988,0.3043338361849738,-0.39674279767517284,0.35367716152396106,0.3072486369386405,0.2201591253933871,-0.1430079691756606,-0.3695202043735684,-0.31248663492057344
qwe,-0.0033651146642949235,0.1780585472989048,-0.17770315031310557,0.1970499686271103,0.043943466591947096,0.19525130524094617,-0.19087243529854211,0.15239472870682624,-0.29290285747773775,-0.10039258674987916,-0.14275698836767448,0.25824410940233866,-0.306489061592958,0.32995329871328966,0.2937129429264411,0.20438768694849638,-0.13466551139081306,-0.4749397660655752,-0.20171330020823555
qwe,0.00436587111478062,0.1087302610595506,-0.17595437504224665,0.17777740038361356,-0.8256612420916436,0.10404455531415187,-0.10370310067171097,0.010751461236992011,-0.27170041077888113,-0.0899818298879168,-0.07594983816094125,0.12780683215143293,-0.15009653839738177,0.17552431503165236,0.16483479155063074,0.10033707941862362,-0.07358804352651419,-0.14821515121814383,0.01489189539428698
qwe,-0.0030374861049746074,0.050930033202542746,0.0011041089185171045,-0.14722026387662107,-0.010191851707797447,-0.19745878988227472,0.21159959076479334,-0.02911092141725985,0.1540227585636978,-0.0022732333860824294,0.13591954892511757,-0.3266315623321049,0.41742365854523744,-0.4503457627954035,-0.26738215987792235,-0.27023895228638484,0.17164338533577067,-0.27238352849238556,0.3418984960035524
qwe,0.005613543830842439,-0.1453282737748135,0.10468204580793283,0.08053111613616112,-0.05802517093830276,0.15990324865043448,-0.19293094561351584,0.04478757080295769,0.09369367966744772,0.15684246325951215,0.43543362311137934,0.2886637949425555,-0.46600163476740325,0.331383922395115,0.21197696413283582,0.20943304600155827,-0.15534382767925806,0.22243059397305215,-0.3123911484289711
qwe,0.03464390315454556,-0.16857806385825871,0.08020146951594824,0.09473133459890014,-0.0339509206414349,0.18585229646926643,-0.21648239580237688,0.012573874023865183,0.1275750692830742,0.0633032155459702,-0.2206130493541388,0.3947005708754111,-0.5459398170458601,0.27445572125343465,0.19475265008445217,0.14541282355032092,-0.15192257131186898,0.24657791273520618,-0.36384950838440827
qwe,0.012241072714253882,-0.19513833228353195,0.08999006566464168,0.06101446521736674,-0.028503041056250986,0.21723916657488815,-0.24793122765917833,-0.054248383795013885,0.21117540915853963,-0.08968521337551508,-0.2278828367570457,0.41949222380203105,0.36352079724732506,0.3090173365971645,0.13686688828644128,0.16853091404763568,-0.15826834529079634,0.2874285737360607,-0.41797229350010334
qwe,0.002836264420326155,-0.18740531497676272,0.1376704793990765,-0.12478508294122968,-0.02412829897072576,0.2103412189930397,-0.22256031160279663,-0.047564977962152186,0.27627451850877816,-0.1961722998872109,-0.24251783332214624,-0.39410303177472694,0.22796287668844414,0.3809622693682079,0.057731872373253626,0.24456824410439218,-0.1508851323079805,0.2888937565753461,-0.3719119826144177
qwe,0.010374743432641886,-0.1318535092052443,0.051084605018141514,-0.08678377272895722,0.0042159238316670355,0.20737254067679683,-0.20722142060221474,0.07376843091369854,0.14583605420878454,-0.19106816513844188,-0.20025193094544871,0.39434848230575925,-0.6200620450155285,0.3047640963430699,0.07082307967088922,0.17066848757584327,-0.13172754719850854,0.27137735048687806,-0.1586935431950798
qwe,0.002416959685553318,-0.03153191915400144,-0.09458810463104861,0.043087471686884725,0.08905225657656919,0.22207879425710003,-0.21598170823875695,0.10502580474779681,-0.15951705895471904,-0.2099294412997076,-0.1891826338753503,0.34787512269690635,-0.5055625671103717,0.2693131211747252,0.08617150743079012,0.14194447298272833,-0.12022782978861553,0.2883927192488952,0.44003333118698795
qwe,-0.049096143348144515,0.06899073655927013,-0.25296785090961293,0.1635204376891452,-0.27063335839176744,0.2001802173067869,-0.19123446080406567,0.09753753836821638,-0.5799111699569218,-0.12216849892244766,-0.11877770471674891,0.19707924141296893,-0.2260477389683827,0.20909022227873406,0.1022027927192132,0.12045990443275822,-0.10100675473847642,0.25428834644710324,0.38249468043604684
qwe,0.004928932846491305,0.06992177039369105,-0.1648495682166612,0.13737741129638145,-0.841250881146187,0.10360857630858492,-0.10268794791564546,0.03039038929295761,-0.2670710186338643,-0.06815753503072841,-0.07780978658870058,0.13822606579534802,-0.16941592692829344,0.12716784792136493,0.07320250108966118,0.07809975324880324,-0.056688032390585355,0.13096646907033843,0.20328873307375947
qwe,-0.006119672957274719,-0.06974057506601083,-0.028908192794773697,-0.15828547992771277,0.017923779105934737,-0.19066657878531007,0.2050801337203662,-0.2174625049296268,0.1558036125618084,-0.09152886290389714,-0.451307467483076,-0.34315722610314825,0.42363852727816376,-0.2722428836269253,-0.09232995907700617,-0.17110337525876032,0.10460788872207424,-0.18840973124766738,-0.3889830889362439
qwe,-0.00018963166561518097,0.17829602964429223,-0.6880538959934419,0.12739821973281457,0.05752376207428757,-0.07667584709010475,0.0893120919559164,-0.05913915360159005,-0.4006935647131965,-0.019594371256854818,-0.2216124533895049,0.11552683357983873,-0.11053273068500864,0.04656340747563033,-0.4503996616668401,-0.04085128133148467,0.028117035723002847,-0.07631342965385848,0.09472788159860991
qwe,0.006770941604475104,0.05781189197269851,-0.07709066102838691,0.20387293597083755,0.039926086414510245,0.1946146843231654,-0.18500547310364945,0.2402393907641656,-0.1697343967018806,0.029874450956890366,-0.06473741044765634,0.3475205209474245,-0.49511285758109447,-0.020317249156479585,-0.4121563765275255,-0.09134564327147948,-0.010954841058502422,-0.39512286314935596,0.2882142731556471
qwe,0.16819291907651426,0.08806767855888371,-0.06718391035794301,0.2668239474688437,0.03789536679595823,0.24988485394856613,-0.2307594235934629,0.2843497401091373,-0.12820086930171876,0.038381840579809236,-0.12538953906581343,0.46522479366322445,-0.46590004354554965,-0.061641029048092266,-0.20439863186893945,-0.11720218347473774,-0.06173573449033235,0.22276565634557544,-0.3723888694138485
qwe,0.056332189428662555,0.09566385765267796,-0.07039321139528577,0.29070230892937077,0.03887251788566512,0.27631584688522376,-0.2583791270654281,0.2890630120417948,-0.10482277406574607,0.06764202515257925,-0.16160277033649617,0.5156384425594075,0.34095502834180647,-0.09612556269847347,-0.04469041339448896,-0.1316616074083845,-0.11312592011612227,0.2190620024004985,-0.40004606418240674
qwe,0.180660273085123,0.08676219979363053,-0.05705706151034176,0.2581483852974848,0.033361459478195084,0.2551915300834973,-0.24417239259062154,0.2532271420212816,-0.07310111005251903,0.0975028763825511,-0.16635533286194257,0.4770576548286931,-0.5104348594248972,-0.11689745755136004,0.10702864301549445,-0.12258488533494086,-0.14002192279329034,0.1592794214374869,-0.34179039195663835
qwe,-0.001874995145997983,0.04034320774235103,0.06888588709666843,0.035066278160006854,-0.00712564402393007,0.20436292621157803,-0.16554514700551523,0.19039630180228767,-0.03917027636159841,0.22839999651100587,-0.17690289154721128,0.4327628296165556,0.39026184313901147,-0.2754416301671178,0.4827321929042644,-0.16801171512961638,-0.1688271146592596,0.05575702828286441,-0.30594979092815966
qwe,0.0010925410789311674,-0.02970669047996314,0.15529525138778777,-0.18968545518802837,-0.00743132497060927,0.10445667745145454,0.36511700238997186,0.13673634091191264,-0.04364372498795003,0.17418215508267818,-0.13710629243266545,0.28939986001507906,0.2148213505162504,-0.19846465979138497,0.673756355465426,-0.2090520197739575,-0.13255620495204373,0.039042539968177824,-0.19740760903963236
qwe,-0.0020365682218541716,0.10969373415191584,-0.029313363681489558,0.027649390422987353,0.02091592306891749,0.12629940218030264,0.4967751176952757,0.1322281121320119,-0.09386733961470121,0.08806688297368606,-0.15820816945928762,0.3396216873418377,-0.5260849924908214,-0.2973028284378467,0.1139688601979643,-0.2925295925117112,0.0608199529239096,0.07093696490873863,-0.2762194299534259
qwe,-0.016632924720027815,-0.1250310805528565,0.0589037021688935,-0.0784768674463237,-0.03479117115703119,-0.12541871735797314,0.05211039434417176,-0.12273554925766031,0.07546893508107128,-0.06428896089604673,0.13445813076099666,-0.3070262134844338,0.47028169975269446,0.24099880871673796,-0.10786649476912794,0.22161312647974876,-0.6647329208728919,0.03491884987282265,0.1864521830724825
qwe,-0.0010842875317535934,0.18311030477675086,-0.09148929192568359,0.11297743298840014,0.05920650971415668,0.18982543624823076,-0.2104535883637701,0.22000157374507928,-0.0832966606568622,0.10206466234568867,-0.17828346422641397,0.38213149207329566,-0.582682953046958,-0.1318831588995211,0.2664568386253043,-0.3437108573292916,-0.01857522298509744,0.08015400027212925,-0.2551905540440232
qwe,-0.010546252847096697,-0.14555104258732288,0.06391469903393275,-0.08503590431580822,-0.038326211583832266,-0.15909555441466114,0.15430709116789554,-0.18250678158203976,0.04732756461423301,-0.09514235163447224,0.13598480255519024,-0.28856204453155426,0.43654638361696796,-0.08332071225699324,-0.17782422149493177,0.2985784901112952,-0.6428682749906448,-0.08946428848473578,0.1760056377541917
qwe,-0.09413056562022587,0.1754624787495691,-0.09328494494213718,0.13005305134918588,0.05706333501942572,0.2114592969003118,-0.2000617714412586,0.23732467758213804,-0.05632806163440544,0.11586939327768223,-0.17645320395978525,0.3755016971610859,-0.5574981216227523,0.05090849102494987,0.22944516815530844,-0.32061743676027016,0.279356547084559,0.09785509796061796,-0.23257275594068913
qwe,-0.01980272234975855,-0.10919828589164338,0.0793116481361505,-0.12298935232554178,-0.050468562432650334,-0.1573033309541062,0.1635630759603453,-0.18129807229550648,0.049172845198081405,-0.08830547006107328,0.13988155097198685,-0.3048446464175929,0.44808508926881907,0.041254399331097466,-0.17998305967577116,0.22660207274936697,-0.6601077677635476,-0.047197484436477796,0.18121357165451843
qwe,-0.014014295357870743,0.05073517586614025,-0.12412525186893038,0.23082379079399326,0.08405540096130483,0.15691760618032977,0.047037938930417765,0.18733106044391024,-0.07636245017042723,0.12651366771535627,-0.18799874206973616,0.39763935020824387,-0.5988511901871204,-0.21652446876300366,0.214484472587429,-0.2716681061576577,-0.1648550560818141,0.11867773935672031,-0.2790581523026297
qwe,0.0008289335357934607,0.012388847619545233,-0.14290796184197252,0.3134483129409868,0.10890133134109474,0.058290559053967426,0.33889695093879585,0.02948779158566843,-0.07606533494351023,0.18410215581797512,-0.15901212774375703,0.2896410637861315,-0.5159436851598543,-0.3745886360981815,0.13457686028050383,-0.2752005324090669,-0.12806748658173647,0.11612306714013398,-0.2666327760233437
qwe,0.0007324570050806041,0.15354544482225063,-0.17058060706774092,0.21553406150406537,0.13024520659146674,0.18210367937432212,-0.22175591135892445,0.10311590652776738,-0.1436866062651765,0.13147530576274316,-0.1847970089086548,0.3509665279964931,-0.5452488921638098,-0.0729543872603626,0.24599598777084583,-0.21730813111126812,-0.1416852977018521,0.233685972565717,-0.33262372669779433
qwe,0.001392085293963871,0.04503469508472724,-0.21055387682502916,0.21215964036307924,0.1648419245767519,-0.6274866781855792,-0.21559503682260434,-0.06175611842828737,-0.4362897806019229,0.10374966732586728,-0.13355624290842047,-0.0667812614005599,-0.19778832325131934,0.11178304482395483,0.03549750962999238,-0.13358524987901696,-0.11821086752071838,0.13429698884178107,-0.3335862305242639
qwe,0.013531513847174978,0.13050861534379665,-0.20653813615780672,0.13253995621155085,0.16124292112328986,-0.5652376748623582,-0.19914124334097533,-0.06564385510618836,-0.4386134059659709,0.09801232808586506,-0.15175372428532388,-0.08033521695827495,-0.20161947924177262,0.13007489275864959,-0.06236579851830227,-0.07905009022532623,-0.08738288874534682,-0.4027517951600461,0.25349407229483634
qwe,0.033248486299683466,0.1887666979665207,-0.22640554433326587,0.11242557146415869,0.17653954923613005,-0.5964165860298011,-0.21113798744310436,-0.0454582284125528,-0.4843684408543455,0.07440954105319837,-0.168259873377663,-0.08510804486214163,-0.2182378283254242,0.1487281633395966,-0.09328450962000767,-0.05597211620537654,-0.0831597533281549,0.26897651423750324,0.1743346297418891
qwe,0.035903419348351506,0.24737416823274244,-0.2370170257728524,0.07949059916888238,0.1807991718753955,-0.596022064292296,-0.10289959542151952,-0.0036551105717694474,-0.5192151209783246,0.008671997485706488,-0.17234696213531173,-0.07436926981455308,-0.22369500501451167,0.16089986801415435,-0.11112319067979262,-0.03098982551261097,-0.07771919948557102,0.15171976345696464,-0.23364062480827413
qwe,7.245497784307731e-05,0.4130714065203215,-0.0872037137322389,-0.14720108368064658,0.10356627507317664,-0.32729427915147813,0.20091153531529798,0.29762897712391195,-0.28120913369355444,-0.40799758879264936,-0.08586182039320588,-0.22082149521436614,0.0898800315149816,0.15994235224524914,-0.0469019183022378,0.09491544422616592,-0.06588788944599654,-0.3606121483326203,0.2690304024856026
qwe,-0.00032832102432888083,0.29039520416542314,-0.09891773621943512,0.16611355644478515,0.05737097419907788,-0.4543558063673984,0.04508023818596147,0.27266795019212237,0.0875443355867467,0.005891649473365122,-0.15372076687733185,-0.34648062225465276,0.27146187021589535,0.17231924927682193,-0.05780967714727197,0.21317014825158798,-0.07841679544715624,-0.4215059137986215,0.3237569120922638
qwe,0.004290826924939325,0.21921621260713786,-0.09636941761610669,0.23942638275468944,0.059852093190651434,-0.44667751647341825,0.1463463567678157,0.2534194156974556,0.0635774608469831,0.005900481004666218,-0.1430164015811312,-0.3369920561800693,0.27018760418106147,0.16290095021743298,-0.03334607221425923,0.27760172122209464,-0.07874891144310674,-0.4127729125958304,0.3228011921809287
qwe,-0.0015465930840855495,0.24761663956294028,-0.04430007856083851,0.29776903361051626,0.023219213298207413,-0.3428413374028763,-0.14037643045342382,0.21095781411123557,0.07688198124849004,0.014200807132842058,-0.13971228693629367,-0.30467109410098253,0.2418596319197787,0.37246443346330066,-0.04685479313468028,0.4520456420607246,0.03926342290845884,-0.33822095072302966,-0.16616573343669244
qwe,0.00018704791990374687,0.21332904155226323,-0.0008109594352662771,0.017041123322221026,0.14951070255223767,0.01638522571851208,-0.03626604718474437,-0.0710327341706266,0.2628462322125747,0.09544678953727272,0.43930360673396945,-0.42512142969572503,0.2540453013122268,-0.5437878587540617,-0.14634743643328216,0.2142095998405926,-0.21286501296659144,-0.019248674505814075,-0.008552216963802305
qwe,0.024309976153779222,0.14079617038871006,-0.02424947077071019,0.14215033661117976,0.006616432528763705,-0.317950133795859,0.014440166819875967,0.11432065432470705,0.07230670541049626,0.010821511531110767,-0.11958420269836137,-0.25073936834069627,0.19130060069710805,0.3587016447145573,0.02487616599781407,0.49222648289009147,0.5511954030034927,-0.17801148102383016,-0.13703622714340533
qwe,0.02341661092410886,0.11959253298903412,-0.026846131947379115,0.13520896409465027,0.00828447277310857,-0.3473618573851125,0.329279520779765,0.10959416133363399,0.07345230700496796,0.010812489985087095,-0.12377860121632114,-0.2644705882532098,0.19982179930643748,0.36520123551117323,0.028323379053399506,0.49598296089227556,0.4384057510875309,0.05942150014583021,-0.13755058650883015
qwe,0.00855498673906318,0.061898959934946304,-0.027274450447319815,0.13627550852346956,0.00807773099059654,-0.18451388657048814,0.3822276857115089,0.10923876217405014,0.08524409062768479,0.01877875767455369,-0.14536620731830338,-0.31746735736448817,0.23560324736796323,0.3734164864909744,0.050413715489434914,0.5028377115021743,-0.14140419271362742,-0.38797800972325835,-0.18525028707400037
qwe,-0.005012696148128673,0.09875564274015079,0.025734633732121814,-0.17815184152811153,-0.01003191679499307,-0.163531729292778,-0.45384267410835294,-0.11410850492378886,-0.12323360884725035,-0.06901294565602645,0.18809224500797025,0.38381053497832274,-0.2851789112926251,-0.2513908284729781,-0.058142817801591806,-0.39360187186332984,0.13294136852904961,0.32736876085484284,0.28583240035591956
qwe,0.004363566148409674,-0.2184158300899156,-0.03595976461289881,0.24668741728377977,0.01956267349834936,0.14487117098122573,0.509977989304421,-0.1719749700978402,0.17075504738574773,0.15740087718474727,-0.22930989039105398,-0.32256518834003317,0.2742295777133924,0.13469729574697906,0.05747819982441992,0.3027645990272909,-0.14363176495387378,0.23645351325552985,-0.32203117700536066
qwe,0.02044856394653998,-0.1801538286136844,-0.018644681397802936,0.21613263085609893,-0.000636283055982536,0.16830868909256286,0.41745087195751873,-0.4213301236450922,0.14931489622924382,0.16679921794398395,-0.21418747947589975,0.3462759548366574,0.22484784158099114,0.11673897044392743,0.1521611710575963,0.2866233538709886,-0.15482150618926205,0.21737675302086312,-0.28940982415632
qwe,0.011402849270348262,-0.1296882737187145,-0.01827532455394667,0.23169776162307354,-0.0016259461583653318,0.25822408573455113,-0.11135153015763011,-0.37165484836825746,0.19298168015130987,0.18566357827186947,-0.2654309333755812,-0.44615542609873443,0.2666136898066559,0.006639509632344486,0.14983642516201873,0.27547886534360305,-0.17066152269495372,0.23742793458347713,-0.3402488504110979
qwe,0.0034494392350482754,-0.16854597935033191,-0.031505054505232555,0.16888812205110396,0.021370043828785792,0.16089100509977497,0.41166548824662497,-0.5517630872718229,0.1140549602349868,0.15896070230569131,-0.21714413543530883,0.36852629818862526,0.18612348144131136,-0.058281423657872755,0.08565747125024734,0.17290276559221393,-0.13971836536624507,0.1868306491145133,-0.30147057949639505
qwe,-0.001054794117993007,-0.0006926428442023128,0.008626334779626432,0.014841107949632858,0.009301203488987185,-0.29739376061436656,0.27349797645746876,-0.32438568933021367,-0.2784036187133912,0.05262901597321476,0.23767323248423536,0.4236209324209746,-0.20174216781145876,-0.13743083630932418,-0.08335874817841935,-0.21701622472024518,0.19753269609753918,-0.2970140013410905,0.4172026815471383
qwe,0.0037847185871558854,0.06328803686475763,-0.009627382972968834,-0.103366939246388,-0.004661630710171279,0.21889215308927815,-0.16970013500027914,0.3606880189070162,0.24527586923165084,-0.11371832461159388,0.5937628022567396,-0.3207536992176068,0.1582381089089051,0.17387262894991826,0.04538367770617792,0.11862590543426882,-0.15234090543773518,0.22523916202847774,-0.3232881218868191
qwe,-0.003994829486131545,0.06002372707597487,0.009086259515094675,0.05535094597902765,-0.007356108358136929,-0.14124601573018994,-0.6036573783230905,-0.0015052663156738864,-0.2194599759770546,0.034415492455769664,0.23774373679279392,0.37807717124456697,-0.23301387725928252,-0.22996210222388225,-0.07306560587265809,-0.0977849580378021,0.17890460442373657,-0.25463869750272394,0.3756381774698932
qwe,-3.56244274047245e-05,-0.17961916879728546,-0.020267615597936932,0.0010248777168710744,0.01499371388747294,0.1050037293797322,0.488029665252869,-0.5791164467225672,0.0860219719315964,0.16459821076338788,-0.1735797040799971,0.3352048377362974,0.19870690977415176,0.05378069002255148,0.05271596204205694,0.06405627741139357,-0.13768793830734558,0.2045830738646034,-0.308982187112555
qwe,0.0013627557168448688,-0.17221729084106963,-0.01619079421057512,-0.0141283689431803,0.006797636284519215,0.11054818327350631,0.3421345022436566,-0.650686007125703,0.010395580184532838,0.22417539770873704,-0.0805598666141492,0.2456016242254689,-0.42724477858606486,0.03395900796431386,0.03127302893817824,0.02837063917697121,-0.12012348640420302,0.1725634747241612,-0.26515901572831957
qwe,6.81181801179476e-05,-0.02256319783827974,0.03614049421741783,0.24871335175266915,-0.02434965401241427,-0.29758463712977967,0.24611495918233003,-0.3054204413414907,-0.28538484345438025,0.15715243613810634,0.24863780157427504,0.3776240349236512,-0.2081172016651797,-0.1808389580741645,-0.0330696551490716,-0.08805703455208914,0.18926571240744677,-0.3103836122002892,0.4071093106319695
qwe,0.004176548797113568,-0.08226831946564415,0.22346162137059555,0.05367199760964206,-0.18304642263099402,-0.2056761458450361,0.21537925633368385,0.20063835771725763,0.39598458655502194,-0.22866241983947336,0.14463114870184315,0.23171755231134228,0.15280850345361371,0.2018545881681559,0.3554303180425155,0.4224800082687472,0.07587492496975656,-0.17016653741788834,0.30105244524260155
qwe,0.0005059636140243452,0.1704560561939967,-0.15737664065917945,-0.05458316396727459,0.133588969542248,0.12668063247681663,-0.04359957147449515,0.05817205430400816,-0.3198707872394401,0.23714610848050596,-0.11685100092129413,-0.1816433392253249,-0.12465992744218793,-0.3081702575112531,-0.568537429640665,-0.42241598483083537,-0.033060221974190465,0.1722319571965647,0.2363876860330976
qwe,0.0009944124039389574,0.30151971714127285,-0.17092915671580333,-0.13277257973947346,0.14740367315529773,0.15220846906102553,0.4168684606377661,0.15249529280498567,-0.4343575411296571,0.24002375781432508,-0.15731083802549786,-0.19653983350003823,-0.1727169182713991,-0.12168773785439686,-0.2749323973534688,-0.3428841366045494,-0.09798946017705909,0.03165436987078502,0.24951618396499506
qwe,0.0018090229987936582,0.20100678452408022,-0.2123745899267957,-0.19612842725915536,0.1185665603451422,0.16788195961630556,-0.18182842401573382,0.0001615883029006049,-0.48082521259550914,0.19176160048066795,-0.17959512702301347,-0.1793748692961874,-0.19829904167470241,0.03856306051966782,-0.2142310399799072,-0.30658337843049627,-0.1293626570415807,-0.4449273809893993,0.2700644652907333
qwe,0.005005203079255075,0.10218177447763975,-0.15094737540309955,-0.10352984714016311,-0.8427855679260765,0.07454089612999758,-0.10646824125594129,0.01756370946175201,-0.2741475655538029,0.13122045924789094,-0.10074138640231417,-0.12530443971638533,-0.11200253703482216,-0.07135208127694284,-0.14586292928566252,-0.20178296580538407,-0.07388614111750223,0.010618664257157262,0.15856173972076573
qwe,0.0001928876174763818,0.08159484574942191,-0.2139229327377835,-0.18617419977433533,0.20834471230179846,0.12465350385758817,-0.1789096944098389,0.11897518909778367,-0.41853961130618034,0.26186299644130084,-0.17701950451808232,-0.24869811191757388,-0.20262186447364736,-0.1852504284904176,-0.33668148240856455,-0.42634215197856923,-0.10490170952302023,0.11339416907231215,0.2766158856486979
qwe,-0.0005662922896276856,-0.14217418995510434,-0.15661512002807254,-0.33024631891210704,0.13714876319164243,0.14728308666701606,-0.1554737167145345,-0.3139091719462605,-0.3956008324911108,-0.05604270655370151,-0.13108492276809516,-0.15929880135459207,-0.13360060582781713,-0.12777373321898275,-0.31480323706750657,-0.3662243515477984,-0.09033898798346439,-0.3878551761309148,0.23407882309147968
qwe,0.000539798231666937,-0.22727028590599252,-0.09555007048817477,-0.3049606706541227,0.08987602214648299,0.13139121725362696,-0.0982787522839611,-0.5561529352599394,-0.23951521494764158,-0.3673990724400888,-0.08328357244213533,-0.2258023422216277,0.0689645570617543,-0.09624004079380465,-0.2536713600831941,-0.16436519532273597,-0.08227577096972213,-0.31124976619293915,0.20642121851173634
qwe,0.0005302257491727793,-0.13682857867732368,-0.0543288376731641,0.22266085110681183,0.02058811524895922,0.10858642758585894,0.4516704211408167,-0.3371117094463188,0.13358731520966452,0.11805281383705796,-0.183212047398156,-0.25059631550967293,0.1678074870359623,-0.08837452400759208,-0.3685312893096866,0.03620365886694802,-0.09666661867320384,-0.46228780678333825,0.27310441965395643
qwe,-0.0010951146033857267,-0.2752304534602272,-0.571469103507177,0.4635530212133624,0.4382271777743347,-0.03608625363265244,-0.01663448734459351,-0.05621565138989288,-0.00012385851441160936,0.09609421667841193,-0.16472484335359924,-0.3346092521125156,0.1029603204496192,0.061819605645797415,0.028415302408110528,-0.0027113148004881235,-0.04706447365593252,0.10004923942638293,-0.10106309307267196
