Username,Adjective,1,2,3,4,5,6,7,8,9,10,11,12,13,14,15,16,17,18
pedro,0.0037342642880772645,0.17253864764877203,0.020214148320249897,-0.005447759972683176,-0.12178000145915105,-0.20179234918219507,-0.351714033541031,-0.2708956167058535,0.2634573492615693,0.19955273391681,-0.3400030302575195,-0.2519649442697644,0.34327175827023726,0.35019820516453126,-0.07729789961088898,-0.25825433745730847,0.12689638230119568,-0.2105912129227025,-0.23502987822013946
pedro,0.007481171880200033,0.15160380456974681,-0.01881777758771544,-0.017931455380799426,-0.09062077143154838,-0.20873937586082533,-0.1955364940862879,-0.27525273895806995,0.265496140320215,0.20426286122996576,-0.33727187424464644,-0.2563611940129116,0.3417350623531464,0.3150680916534722,-0.08873856442213438,-0.2600992462790355,-0.3461428271098211,-0.22133444784895737,-0.24185161163818886
pedro,0.00047226255771153655,0.10903072230731757,0.08983274297788768,-0.12938518126517157,-0.18982100374085684,-0.27250363197375715,0.3006461934825066,-0.1510688903272962,0.24792117744841102,0.2054417865657274,-0.34429953261487295,-0.20335657359528486,0.3019428277080025,0.06510771072207762,0.2084100688983315,-0.21583832527102925,-0.3652203363001224,-0.22240612253007475,-0.32856439921740643
pedro,0.0070287851220444345,0.20958003197614658,0.3042189324260498,-0.23729456323650852,-0.22488557709793755,-0.2587408320568112,-0.3631134662494521,0.026370784743821648,0.2953078804853345,0.12317203683373598,-0.33490520910454413,-0.2275358660061392,0.29004928675706865,-0.07478380891477189,0.1587523948152317,-0.03730494291947694,-0.22893720706104886,-0.08189506487834791,-0.3397128107265717
pedro,-0.001995867871079593,-0.2566643285503266,-0.05204715019001063,0.23129915900490564,-0.13828298097815392,0.23738067530566148,0.35061132430431813,0.09308478286829154,-0.33867266870807233,-0.20174484288378108,-0.32095060141643933,0.3082659890006256,0.34497208650041405,0.06806939173815996,-0.19729197067423695,0.05714787686559236,-0.17396117370703879,0.09530369032076123,0.335020202633254
pedro,0.007840301693917227,0.2696419685542985,0.011158624702380363,-0.23229055234211576,0.25596598868137277,-0.24439351962405667,-0.3607570696863425,0.0014010918260348032,0.24432184729411574,0.1730691641310745,0.15991106593244434,-0.30993809480907625,-0.3254847148278991,-0.06584618655564968,0.18127399905474342,-0.07771542890002574,-0.3591749801056273,-0.09850620324623877,-0.34445610146155176
pedro,0.004868298743371635,0.26810838699098677,0.014558209596924793,-0.246448662180074,0.2864357030588423,-0.2551613281820319,-0.3788193613068974,0.2429775429840299,-0.17399794912374983,0.02777221371754922,-0.31960371803120924,-0.33750326418554094,-0.24193386910914538,-0.07662509254254689,0.11999759472389321,-0.08622475781632356,-0.3716693867873645,-0.05415295511789951,-0.2075194373176492
pedro,0.0031524938342310663,0.22671007417394398,-0.034612059092630654,-0.22413469345609405,0.26709655959821355,-0.25114872267771304,-0.3745668109931937,0.2298085896263055,-0.1593284074184234,0.0443100454204266,-0.3172749536430866,-0.30146977349106036,-0.27768721071016117,-0.05997981617027871,0.03996537163604646,-0.09380986255990637,-0.3515235700828724,0.02006821122411291,0.36832929278672544
pedro,0.0013404922099676069,0.2075832214769419,0.224240883440875,-0.16243456741500303,-0.2519256131301928,-0.23518437362840444,0.15505638555337775,-0.20638774828182657,0.325673973591772,0.24353861158776774,0.326600676550458,-0.2153910872559374,0.3018680706218248,-0.0263335618274805,0.08900961896733889,-0.16591504548503058,-0.33743389931622253,-0.12179031735790039,-0.3470229364665326
pedro,0.0004938213639753058,0.21516321464938876,0.3365617013972638,0.13819916096395146,-0.2841847929968358,-0.10523049178372493,-0.30600230812969925,-0.2306415705992686,0.3301724652757915,0.2186051891529595,0.33431666728573844,-0.17388854893406686,0.2952948213428055,-0.020474336612910534,-0.10148276219382711,0.006042693004596486,-0.3479441068747254,-0.09939562481533326,-0.2344345763359372
pedro,0.0029004268685069237,0.16233619373750907,0.2722156603481016,0.2792492917842367,-0.23460945431133176,-0.07020597737667864,-0.2931034420846653,-0.17637511015662674,0.2815219630270689,0.2003201369508532,0.3313521093745752,-0.15200231545535736,0.2865615665228518,-0.12580078519437973,-0.19980408117143084,0.3079278383800334,-0.12474233109000514,0.3050625238468405,-0.22580314796980108
pedro,0.0038667516588869466,0.15937041273041977,0.2763392310898755,0.28416606621708274,-0.24905475516812683,-0.07588900384132491,-0.29892625043730825,-0.17082484729616065,0.2793713182417656,0.19569085273111075,0.3399144845482426,-0.16594213668735694,0.29278391576998686,-0.13535236997814007,-0.0858320363368758,0.31707002176387444,-0.08208647242327377,0.3120880792998025,-0.23592293339816586
pedro,0.0017659739161191466,-0.16425901831821166,-0.26336813791792313,-0.283132038883621,0.264365773795674,0.08871242756296216,0.3142014362144531,0.16694629563285218,-0.26933924249687946,-0.19783086210600087,-0.19420686809237306,0.17185862757437698,-0.297583745993772,0.10989155946431182,0.2208130811600771,-0.2810193102139035,0.3047208031946607,-0.25536662517836783,0.23190066332001097
pedro,0.01717138277275361,0.15930517293303553,0.24576013140894457,0.27659511753721816,-0.26961053610877095,-0.09579020313324693,-0.32654969016108015,-0.16674356388424927,0.2622270637285842,0.21547417966615176,-0.3243696763192659,-0.17181728129439355,0.30823978080924963,-0.0932694140099508,-0.2853155875379384,0.21210587614260484,-0.25577750491612783,0.1608528954753965,-0.22379812516678774
pedro,0.0020388670668546947,0.13165703870302403,0.25102128859541883,0.2910072341886055,-0.25407426969196323,-0.07688607585463415,-0.3146604766080635,-0.16648488560443,0.2686269882774416,0.2189258300797904,0.30293543742201007,-0.15479050566563976,0.30857256788022136,-0.15500278058195255,-0.12620280543937368,0.2947778553232539,0.26057832061687997,0.23964662171840762,-0.2335836994054217
pedro,0.009330271440572921,0.11419384674657855,0.2507805658657506,0.3083759575069423,-0.25898069387573625,-0.07466667045582948,-0.3182046193045963,-0.15483558433017203,0.264167035928583,0.21537738344295998,-0.17836961993833345,-0.1515288571226881,0.31137801137272975,-0.16510087881079133,-0.09828603666449859,0.3025240650634388,-0.3583635268132146,0.22953544117147825,-0.23161169951894725
pedro,0.0011788431673519742,0.092282057686498,-0.024991788655867635,-0.014387445417783975,-0.005534023727319803,0.1884184595021539,0.2565414271813714,0.09293621429124334,0.5671330879694169,0.44891841869406685,-0.22602054838880292,0.2902316370819013,-0.12971949635724173,0.2129482182521455,0.17064506888466008,0.17972656795059835,0.08958506668955356,-0.2840653021433237,-0.09933891924765084
pedro,0.04044876340517878,0.10299848146809612,0.1313024244852912,0.24790256495066057,-0.2479269471291653,-0.15076197605595829,-0.3849931069290326,-0.17338847418861483,0.2897666063741873,0.24101047917008747,-0.15512613764435254,-0.1729625473875748,0.3410964836058948,-0.1680365301773306,0.0013036076370876212,0.1937341204127597,-0.38226323169459275,0.19437865574000535,-0.29352729070762024
pedro,0.037215235480421716,0.11026617121142035,0.119388739886585,0.21539790709175374,-0.24629650055286179,-0.1716202266464408,-0.3965079810189522,-0.17972635426832165,0.2992707646320519,0.245598802535265,0.3973565566425671,-0.17456411336060765,0.340858337549225,-0.16753550665922307,0.08584782298462092,0.16328331899404763,-0.15920997818771418,0.13707673395270262,-0.2947668833989004
pedro,0.002623709198119707,-0.11135538790937927,-0.10031503990854584,-0.06840069239931876,0.2208595167116735,0.22465469780849515,-0.3362175353532424,0.1729578387671463,-0.3010379677328284,-0.23820052958253962,-0.24102593706929837,0.1719001496197894,-0.3294413648686295,0.23996365185506274,-0.3239601500957211,-0.0942010603336079,-0.3405550665145632,0.0004871970054497313,0.3158009194034847
pedro,0.0008777074115499842,0.19522072281783656,0.25056537752718044,-0.15035106296870132,-0.19681257332143534,-0.2568472671723692,0.3590053771525617,0.01280337588465223,0.26218643896847954,0.115565404842095,-0.21672420924044375,-0.16394063606235637,0.25558096254286383,-0.3588018480231421,0.27608465534723303,0.13202023162334706,0.2946170223931456,-0.061524956380476885,-0.329402389375257
pedro,0.02842421010409285,0.2766227891492573,0.302523666039966,-0.20666706089916653,-0.0892656212147268,-0.23984866199907154,0.3591404337129693,0.06377500623283772,0.30313229551833365,0.0865873692820487,0.1366855655689912,-0.17646388756952364,0.264830159506219,-0.3594970621244524,0.19513492480670447,0.1397185112225529,0.28572243289630445,-0.043261419018789125,-0.3178257945750423
pedro,0.007602103916949145,0.28585647982034895,0.28759340186523485,-0.20950840225689082,-0.06343776077128868,-0.23431953050292798,0.3595042361285265,0.06324106543353884,0.3095500936018717,0.08969452138337082,-0.17166329427370716,-0.17742468221433738,0.2645054093809052,-0.3564886914306773,0.18647085806022265,0.13154116879055083,0.28478746591401105,-0.05899009932781808,-0.31778916623482645
pedro,-0.0010585093609199272,0.26153888593935254,0.11120602577880834,-0.19502560372740774,0.021717346105754883,-0.24340119424543352,-0.36978026636221883,0.058810527680832635,0.16204780583501843,0.16221016796434876,-0.25706559714551186,-0.29127300807465367,-0.2535276348631469,-0.3015005600517296,0.25576302142232704,0.1010916015547291,0.3202413190693784,-0.1380311009457255,-0.35407520209396415
pedro,-0.00504732790303247,-0.33368854363655753,0.040772613977498325,0.04911979790084477,-0.1657075394949002,0.20086316369925308,0.3580254093594393,0.025317133602388558,-0.20975268555892948,-0.30045872752667646,-0.18793764859929252,0.2586683598405749,0.3304302176124014,0.24863405397683946,-0.2751908351687715,-0.0707605817264099,-0.2911313021325214,0.10305611772852956,0.32300008235890404
pedro,0.0013884847870849083,0.32536376107722936,-0.12305460767131804,0.03858084344564218,0.21378745211517378,-0.1953512906193179,-0.3543000300262528,0.22505829418282852,-0.06168476289315285,0.30989075095521845,-0.2509283481997603,-0.22782402247008476,-0.2714333330404487,-0.26419271337738914,0.25624261597186526,0.06778729188307599,0.2933583492344192,0.008227778388540878,-0.3207777910417139
pedro,0.0037952400025602798,0.2365886529425415,-0.06232155359673386,0.15920015618530103,0.015803975713267745,-0.15608659807289704,-0.32345908472104135,-0.25587677812185133,0.3786591839651096,0.20707621399260848,0.3119348360631098,-0.21646951478152052,0.3506029619776992,-0.1595083878508197,0.20196611472342904,0.053708267389796074,0.3060094977959684,-0.07625500564377966,-0.31330979409495135
pedro,-9.656811712622539e-05,0.10710936040626363,0.019060796080890268,-0.0559727932428051,0.11905603157739739,-0.012877123701826572,-0.10669064315381735,0.2609591769085275,0.3669713456769626,-0.02346601202452727,-0.02710484817177796,-0.13561866519109353,0.6859402697400101,0.22565882995988096,-0.18826401423193623,0.005949863418134804,-0.27996257503492156,-0.03881264974900046,0.3163268710252975
pedro,0.003598639510536662,0.1387506957276054,0.13368650236986923,0.3383039674321034,-0.20186418937979125,-0.08252652823713123,-0.3008282024975999,-0.1490928707347428,0.28896505929604765,0.19054525183893536,0.3148451479653381,-0.15116191493377695,0.3405818771274381,-0.12871884584708942,-0.10071651731021447,0.32934992929877266,0.23430309964839907,0.2864507277652214,-0.24129466954325518
pedro,0.013370152148104823,0.2168128272614513,0.10614742209671423,0.14374113673771755,-0.2183346215967172,-0.23544906641356333,0.39067832931153534,-0.16498815011550128,0.31169505795191166,0.25656763788244263,0.376864244512146,-0.14095117422238934,0.35234772208502557,-0.0669166641860606,-0.1868960276493935,0.10285004021417081,-0.24282512679626062,0.027238791166985576,-0.281763784843869
pedro,0.0014423937993595876,-0.23984894924302713,-0.08880726104220266,0.06716283096019482,0.11536593816655435,0.2966870734003088,-0.40429236105328403,0.009667050589224494,-0.24332296823568972,-0.19197566872329974,0.2975689714238295,0.16389966659681582,-0.2987444245427924,0.21507006040144874,-0.2093403063885924,-0.03576455286032947,-0.40064359587106074,-0.02244517713010055,0.33481427386308754
pedro,-0.0029800702723451755,-0.2722743493497476,-0.150692469756273,0.1820801061869872,0.0645575624753765,0.2764753160870845,-0.2484663673336146,-0.07435856546884292,-0.28235811621441126,-0.08841620589705095,-0.3949925693316952,0.16424047425382,-0.262672773835055,0.322739254574565,-0.18038066155693014,-0.09833462810979768,-0.3506238003292046,-0.08136287983205943,0.3266117346280282
pedro,0.02042521203844907,0.28153743010029264,0.17506052775643008,-0.21370505395809763,-0.04936090377306764,-0.2573400330898644,-0.337641797052128,0.07685816717647208,0.29884420033215425,0.07074109095920822,0.3341939715112916,-0.1729021253606916,0.2682174057762107,-0.31576682644759807,0.1118196679639736,0.11098280783437997,0.33504579104238785,0.12282809144936063,-0.3100736390227856
pedro,0.0188951938070524,0.2649898738169785,0.1761451938513547,-0.23512040113553814,-0.06846129745854353,-0.26440586655449483,0.38217631435444743,0.07259733729888904,0.2812720739398487,0.08015437642887428,-0.3674523755353726,-0.23565267426449532,0.09594540139523418,-0.29073233564417833,0.10450864270965134,0.10718182968319205,0.3357722991170587,0.1294513859766021,-0.3095342779406052
pedro,-0.00307101696127432,-0.23414172290901436,-0.09459703461846483,0.26117262906583283,0.019600510336849453,0.2741779348779096,-0.3776558221324785,-0.0025595559150235884,-0.26805230472591296,-0.13185236466325317,0.22699233103895658,0.2938906331322689,0.34895147127063514,0.2425688938965902,-0.13236885433613158,-0.09212559732918352,-0.3340282204849948,-0.09043872982981589,0.3103642402600267
pedro,0.021689036410874052,0.1752797253806283,-0.07165324789272177,-0.29764876914241634,0.14102581631992772,-0.2848174950262735,0.3634681345718304,-0.1356920425908281,0.3262946452885663,0.21453834685238918,0.31800695637621523,-0.3093734383643935,-0.1321536437400615,-0.1696401146110108,0.1586344603049904,0.06482344609623007,0.32507977491206735,0.034832574160006104,-0.3036158734154233
pedro,-0.009116371468376738,-0.1350999035406263,0.16460423784683906,0.3121072230641405,-0.23692757465605183,0.2809583273651463,-0.2696623761752602,0.1676142831808891,-0.3012781022343141,-0.20754365031782074,-0.3012979825518839,0.3222040159436173,-0.2669747708498659,0.11493430724752063,-0.15677359818758457,-0.042420487321211724,-0.3119928881026599,0.02414669399178956,0.29005804395293006
pedro,0.012150240044349836,0.10923976879796164,-0.2442928712334999,-0.3256792132598925,0.3135132981565733,-0.2944710521886338,-0.35749839940141265,-0.07702838444078139,0.1990562198669895,0.06541186703502182,0.12379185772548615,-0.32789211805167784,-0.33769739601206256,-0.06973477656374406,0.14855435142474974,0.024205839760918064,0.3280431390631612,-0.03423163711734258,-0.29410508190397433
pedro,0.00017781556555580372,0.09411683489614439,-0.25393139933442627,-0.3319778212644115,0.3329676848255761,-0.2940724269754248,-0.3583242011937834,0.07902167272203964,-0.12379733565429521,-0.23073891274331626,-0.3079930855905588,-0.15240252568932264,-0.28463064895469586,-0.06635284145521818,0.09135606079401369,0.014563685447086836,0.3384718681576802,-0.001332828063242192,-0.29878428210057484
pedro,0.001442819309053386,0.07443246846109293,-0.250152809986305,-0.31078537799665523,0.30527642255263626,-0.27309335047076827,-0.32925936037656167,0.10336847849211632,-0.3133196913169821,-0.3217751958072718,-0.2665917823449963,0.09179778532122096,-0.27539547428732164,-0.07016405530811685,0.0067484023914911595,0.002737526542749452,0.3191040465897077,0.04393911611421352,-0.2874754500039657
pedro,0.0030694279325964987,0.0646818342497955,-0.2642340454102726,-0.31497202286481996,0.32005848274776694,-0.28826965084210526,-0.3468295002586649,0.08081890269998471,-0.10847561262366345,-0.22109795217113365,-0.25528297796888194,-0.2973085967046369,-0.32717765453342285,-0.05676911461695013,-0.020926101420297636,-0.030093683315569216,0.3003678698123288,0.039799459885466515,-0.31112800242844646
pedro,0.022395768986500364,0.08262870953058382,-0.2611604917506041,-0.317989172817145,0.30481630149498384,-0.2991250017803749,-0.35873574166646843,-0.06906363721829802,0.2511851428705343,0.11776867707544818,0.33193328212895773,-0.21005271893518337,-0.1354434820119793,-0.04336835000759908,-0.07972527856974708,-0.055476321378804046,-0.3494395848217732,0.0662056814247408,-0.34725311058508196
pedro,-0.010127311290257091,-0.05369827248284309,0.2358139428699048,0.31708198639423285,-0.2662500646677484,0.2925824813761912,0.30858360140465524,0.1897259532318779,-0.3083635052428898,-0.1621499602270484,-0.305214746603538,0.2576087147994933,-0.31881745367177794,0.015334578613287266,0.09557583648307531,0.10313247840713326,0.32535463887317767,-0.02058953676251678,0.2107714944054303
pedro,0.029474105703718598,-0.05776677691013803,-0.20738875240428922,-0.3233949954222321,0.21825231530358416,-0.217557379583485,0.32026927435532887,-0.2865396563819485,0.2962223982165326,0.19961317451500474,0.28326657728170773,0.22310183311633583,0.27798686890650476,0.0147267540790549,-0.09261148340351545,-0.17784501723807858,-0.29851483018981,-0.08827436534713465,0.31179419667459196
pedro,-0.0006765308155770589,-0.1561895749303549,-0.2233737136902748,-0.28130639968058185,0.229839907927523,0.2884619077042543,0.3025690852958884,-0.30464631005244935,0.2666788090965731,0.20640316284540425,0.27246244887165,-0.04822293345863371,0.2705721749784134,0.02909453689527966,-0.06013372438064636,-0.2292498246100519,-0.2830707876025843,-0.18178922939169564,0.30413287123857313
pedro,0.0005559586542682433,-0.2580533810433261,-0.2741601491421538,-0.16361376859345086,0.24546509694903504,0.23859261878810342,0.2776807560547872,-0.28320092069485686,0.23597960352038244,0.1954148109353389,0.2650692622678273,-0.10111300531039694,0.287832956110791,0.000823363144673237,-0.10278276108621029,-0.28368525883368695,-0.25922481320199464,-0.2330130327839746,0.2953721745008301
pedro,0.008386472439772296,0.15248592717372414,-0.1558502413206332,0.06693903290440395,0.03273629815305394,-0.2293130524232652,-0.302330087651341,-0.09329520926870949,0.16000173890644503,0.2998912701463354,-0.36120195579228037,-0.21163491023360795,0.3504720113230188,0.016488946944205034,-0.12382507925810621,-0.2930190129976085,-0.34959603066416245,-0.15814282218949832,0.3631816726066595
pedro,-2.1334483783901268e-05,0.08506447389648887,0.022911229296329716,-0.031725989140354245,-0.1696149749055482,-0.3058778662664705,0.35531804912206866,-0.02699149752049182,0.13291966596083338,0.27118791520863794,-0.4017730822601478,-0.1796952592797777,0.31285632535274005,0.0017014561579185394,-0.07294696232163911,-0.19860032923603085,-0.38462002387323796,-0.008531843600357024,0.40785954377763967
pedro,0.007934653790932103,0.10993563320831262,0.17529002497759527,-0.07542954266152306,-0.28765615213807966,-0.3055870889397325,-0.43724472406849796,0.15176169424178446,0.0701197646559236,0.23216963195953372,-0.22225654245823792,-0.14413518902267602,0.2741215241776674,-0.08027435497621115,-0.11676545724087142,-0.10070546369525549,-0.38741264975648854,0.08318685505239153,0.41205637369447795
pedro,0.012129902689323938,0.1326642468531385,0.16189890296776474,-0.05889326182997942,-0.27453554668101315,-0.2970820874862951,-0.42936137005333025,0.1696137390718703,0.10278258636458665,0.21716877149104655,0.21841708575182608,-0.15673461443506728,0.2957047268140975,-0.0947230408508018,-0.14096653196333875,-0.08090221128473109,-0.38071963658417907,0.13701673393002753,0.399278337593627
pedro,0.0005075637204281245,0.19208350798482682,0.12646580137545438,-0.0859285540893945,-0.2122276178867543,-0.30830254503400173,-0.4308842681891625,0.11006751425055301,0.1285948078166405,0.22529635348065025,-0.27474421432972246,-0.15874614211270227,0.2959228422554953,-0.06065331085016215,-0.11937151634101482,-0.11108892025949185,-0.3833358446172905,0.07232665216344493,0.40479959570462126
pedro,-0.004691326408395681,-0.313332949170403,-0.19272097971608773,0.11307090829366902,0.1992631644388565,0.28524385214112014,0.4004133678899783,-0.17918831113027583,-0.174555518612801,-0.17583401899187476,-0.24641514089692865,0.15037001708232003,-0.29004769241899164,0.06916527480559198,0.10532430582217864,0.0837239013604941,0.36724154025196293,-0.1035770925208735,-0.3755783787095644
pedro,0.0006608072455444559,0.2975627561974967,0.11899146928507183,-0.10610017087795691,-0.0316867399237567,-0.2935759379042753,-0.24401608407472383,-0.02048513587193293,-0.04916285987452946,0.40537681652623436,-0.20059706017845438,0.05451954728686212,-0.6210138173651447,0.060793101904335144,0.10738214581590665,-0.2564590498351419,-0.1746523186626327,-0.14614249004962698,-0.10202801365453334
dan,-0.0003192555381774378,0.0010499541762920483,-0.019603412363104367,-0.20048471263816292,0.07245310857105797,0.3407848127630908,-0.35275531738459265,-0.0024813816782952194,-0.2084740112605926,-0.16090579456656454,0.3139415802897653,0.33207826946944347,0.18358580509286532,-0.14188335051793188,-0.2749443941254591,-0.28888707011248893,0.16154860784316663,-0.3178463356394887,0.3088654273033588
dan,0.000729761646051729,-0.08517440059860987,0.069746012992846,0.20853734990699274,-0.12611424728534207,-0.36405366732352684,0.36190035234603407,-0.1842900788143053,0.2888984946118942,0.18249051825567722,-0.18747817120812513,-0.2928741171565538,0.228753068046381,0.08463081625007947,0.20560571569196676,0.29036330288836704,-0.08418412474263384,0.3166577883330399,-0.3160632073312334
dan,0.00027817098821340146,-0.11520149342969284,0.13787076602392068,0.17681242512004106,-0.1385856214789931,-0.3405401072986692,0.18449388808214753,-0.16494063088516897,0.31771068476043174,0.17256278153531115,0.33345169177944795,-0.24996301347051056,0.20917839063934837,0.10570014302677223,0.1903046044574388,0.316871430757731,-0.24082277970983626,0.31002432057596174,-0.29998166748703375
dan,0.0019058053300438523,-0.13746852829175873,0.17188782715111917,0.149373808481876,-0.1416838914550479,-0.3227409596012121,-0.27148184301215905,-0.15597518607728098,0.3114289093575569,0.15428128099842392,0.22899659512126821,-0.24429064458824112,0.20392264955028125,0.09429125803442387,0.1874440753290224,0.3285880876133767,-0.32965351424175715,0.2997803093057508,-0.28626793199413725
dan,0.001745065989892499,-0.08633212151127907,-0.08423670903733904,0.2411594960855049,0.06315084143159744,-0.27109247996804725,0.3926127316410671,-0.22359019914436062,0.06473176209796669,0.20019265934131128,-0.2837043925607221,-0.23726721300168072,0.1632143179750866,0.018991101316335135,0.2353925012571222,0.32724536831369516,-0.20374878680708572,0.3414030001198356,-0.34213596121174283
dan,0.001866369370387852,-0.09190517003101674,-0.22740943818491977,0.29253844314932065,0.18378675265474986,0.2659470602216231,0.390047093641886,-0.2328227363534938,-0.05148203274483929,0.25444995069420906,-0.27196587953102797,-0.1964694284932998,0.11458696098492283,-0.08645383525317932,0.20445843327525431,0.27282803880664264,-0.06740833371574302,0.3215113698026751,-0.3445198846596996
dan,8.856872524066843e-05,-0.11743378188001095,-0.21469714856366584,0.2927869079759163,0.1592120726122233,-0.3188252626676774,0.34892130619252787,-0.08839456902559721,-0.020838416010728843,0.29126518908610044,-0.2728355689168622,-0.16690117719322223,0.14821824245968082,-0.159414319675298,0.19202518592034754,0.28457112423226044,-0.11434898028456975,0.32942296459283243,-0.3513353226021049
dan,0.0013987356849762254,-0.24547189898192825,-0.10182942459052957,0.2650940952259402,0.02504272768406794,0.34046346014182427,0.36854887732801433,-0.16706400365732704,-0.01203338394459353,0.271478595153677,-0.2809240116986502,0.2036275859411907,-0.17666387715432944,-0.23165968790584138,0.17908791821391046,0.24564950658578272,-0.12757384432747007,0.29064331394060194,-0.32641879356304027
dan,0.00047918576253119924,-0.24882381513934915,-0.10934046344790138,0.27802464264718235,0.03619966189155753,0.32334818485205374,0.36073602487676143,-0.2268725858961596,-0.006161006223126862,0.28380089051116286,-0.2530340930504952,-0.14390384482052138,0.09392507573107366,-0.3166393511782528,0.1947290214631131,0.24144329774225595,-0.10783202284872127,0.27328675512788847,-0.32317492444063656
dan,0.004727471712369772,-0.16048654443621876,-0.1524746948017508,0.2694147912552667,0.09537140697594468,0.22952872627966361,0.34763493721027805,-0.2146240454632998,-0.009693105131343858,0.28419512123290647,-0.24858722404185707,0.2726991802039009,-0.2608984502458103,-0.3250708554120029,0.17994402538303314,0.23727744061534825,-0.09501280744931158,0.2581538323476175,-0.3075823915083963
dan,0.0005874010725532665,-0.05644536943769821,-0.25028498655375064,0.3201910372715985,0.1894493594287852,-0.35467687885770877,0.3624250040284824,-0.1502064104639477,-0.12075234363586008,0.25439951479339706,-0.24625568091542122,-0.1865246881077803,0.14950202634701923,-0.20152210938303994,0.11434050829143941,0.2593550692904643,-0.013056993754078865,0.3023732700111619,-0.3262115677230756
dan,0.06311477142694244,-0.022332528873974456,-0.3242358034154443,0.3693079174414586,0.253042424650548,-0.34607461171244014,0.3609217103128541,-0.026642479423018228,-0.1327045727111195,0.12371169517119772,-0.23097557038961392,0.15082438792667727,-0.15651028330990663,-0.03917406932496585,0.08018913481770341,0.28736890443484914,-0.008787182844064855,0.33175084006334216,-0.3301844379112293
dan,0.0061570313351122065,-0.033810796427017356,-0.3168911292094841,0.3478596050740737,0.25506618458859137,-0.33181349269647376,0.3450990220692386,-0.028401254175917212,-0.10838498388753315,0.12547274950276627,-0.22171745315903385,-0.12005723774149928,0.3422938341131348,-0.03564903643764846,0.044327232527513534,0.2737822851516226,0.007546072850569077,0.3121934926435884,-0.31373435864102955
dan,0.030938045909790213,-0.043754889081963635,-0.3152634419196636,0.3403097522656079,0.2553541344647362,-0.3318934166990716,0.3433459454830188,-0.0366309879715198,-0.09376194669450598,0.13780614782977765,-0.22806888682666623,0.3464998090503729,0.1494858947549193,-0.05674232632046388,0.02821860062536589,0.26817676210612945,0.012042088491162435,0.3061490642535724,-0.3102967612288045
dan,0.0013388203088283823,-0.05219261091745739,-0.2762737131820636,0.3292750822849137,0.20195608733433965,-0.3358389047663114,0.3531591036152198,-0.0605678929617066,-0.031165586148034816,0.21444018298849804,-0.2576834097907906,0.18852217451306663,-0.3107395974323626,-0.1331113078869852,0.05176739395207335,0.2682023759858897,-0.015025839741511266,0.3030645819541483,-0.31733513184932616
dan,0.002584050195283951,-0.057365420028443026,-0.17230455342682846,0.3038497788340687,0.07818985816040332,-0.32950873837307576,0.3611310728473636,-0.09305977811822114,0.0668652055696695,0.29606766729739925,-0.27331907188837634,-0.336748858436856,-0.14721287010286382,-0.19122403396820925,0.1128041524679266,0.26671756691166776,-0.07604555162231232,0.29911533705264104,-0.3214745530457743
dan,0.0012642287301341216,-0.03435672646905909,-0.05216579267576482,0.2932841804872395,-0.04010891002338079,-0.31647118065476454,0.2228705233070807,-0.08065989327692494,0.09940291436988441,0.32343622931260446,-0.27762102918371445,-0.3176194036817643,0.3575214151418188,-0.18453887188194407,0.1377873375448099,0.27005391861951233,-0.10616007989514291,0.3015381093206125,-0.3220394967121231
dan,-0.00233370450617452,-0.060462614131844394,-0.08424833271022245,-0.2978804608583071,0.1455450874832149,0.2796557337569534,0.1977065581137437,0.008462019344176517,-0.12080495781333161,-0.35202745412516867,0.28122674271474124,0.2708403956378827,-0.3375141064974288,0.10642729804866037,-0.21214150260532244,-0.2849699592446099,0.1438627079183209,-0.3088080613811228,0.3216986630146339
dan,0.0013289148825515879,0.05712833353723886,0.0662302387609508,0.27289690260488253,-0.10070860830755966,-0.3030825024564846,0.3505334173939824,-0.039256105037893126,0.12178145236139937,0.3274621761343606,-0.2792048097656217,-0.23441115673456014,0.2804181188378802,-0.0044648122773705235,0.22487679071897756,0.29968187404413793,-0.11238666093891428,0.3176794782961765,-0.3223523906769749
dan,0.0006219313487584607,-0.098011591136022,-0.06755918028819718,0.2332704180018874,0.03269949650814441,-0.3498368493054918,0.34683137012266363,-0.18092098785765973,0.08810419333023009,0.27204042244676185,-0.2659268420304032,0.28443942881544887,-0.28920267545185924,-0.16899121618255614,0.21325623711972794,0.2511091352763553,-0.11724680346644849,0.29068128341460286,-0.3202671400789022
dan,0.003492291781191606,-0.12467976096704338,-0.1492656249237695,0.23035332611097506,0.10279146329112178,-0.35376355258773323,0.3483191097637047,-0.20553459648125003,0.04356319585827261,0.26490442017449095,-0.2340477484176219,-0.12967832220442813,0.34547362836138534,-0.20442011994063164,0.20887860517781412,0.23768894885748992,-0.1385876982218479,0.28848310795168164,-0.3201011905109212
dan,-0.0007164768439289065,-0.1329036907416159,-0.15967499286869824,0.23445740919943533,0.09899451161549543,-0.23025378550360748,0.35345419899000097,-0.21882840528719685,0.041992272733560806,0.2663195436065037,-0.2408323877091544,0.3515023899307335,-0.22880341942419763,-0.215398452206721,0.2121137768541864,0.23876112876782954,-0.1434650203367346,0.2920081678957984,-0.32464832919977576
dan,0.0004468517822869855,-0.16013220640257914,-0.10772145030268088,0.23137874252555307,0.05224565649236508,0.2968934960799063,0.35104311851934594,-0.2726852506233073,0.03566274676824539,0.2984525841016713,-0.27114156233734704,0.18102016170282512,-0.24982779771659738,-0.21965427551966454,0.21292386686467984,0.22939669554446473,-0.13935411039559362,0.29585219762654547,-0.32947307946002174
dan,4.242068614603244e-05,-0.0712736142277106,0.23248937150668697,-0.20643678977379673,-0.09066013208625842,0.10039440209737381,-0.023146671252944426,-0.036987748377947965,0.6508592431636722,-0.08583034689311755,0.04163782717359049,-0.0026651662664154375,0.3505619557375104,-0.46680472944787427,-0.16378951427597116,0.1402766814444254,0.1071950758795679,-0.11554407542168042,-0.18215085387455562
dan,0.0004890418540992143,0.05107832250980207,0.14621330882729233,0.1908002406275596,-0.17990385337232337,-0.332738105018559,0.35075425395556536,-0.007803685447761692,0.2010557086953786,0.21534133355432253,-0.30954145459717697,-0.3173204532779212,-0.19484591850063648,0.038342072987559206,0.25174510495782443,0.2571447144838887,-0.10149281643134848,0.3166901930372824,-0.3325770068081339
dan,0.00019249206704504259,-0.06629419192666386,0.13751498663574468,0.20724002314845055,-0.18323895117543398,-0.21999869277509226,0.3568118192749031,-0.18184694209997038,0.285210716873949,0.25610223133663496,-0.276646694618706,-0.2862412596967835,0.24906229237044136,-0.09349223757774916,0.18581769294204767,0.25768987319377,-0.08590442552657379,0.30258532609133515,-0.33962308618421344
dan,0.0006909291137670941,-0.11078496646177505,0.12376913826751701,0.28310244489972064,-0.13809110166545976,0.33318938946722754,0.3291841884132658,-0.19179294158159038,0.2560315274444935,0.2820699670449676,-0.15468904041033127,-0.2593200828536899,0.22857213037559673,-0.0346074389306172,0.20011727910998467,0.30722490171489275,-0.13086172999407425,0.28107728185033176,-0.31101834256505817
dan,0.004456083113467313,-0.10285473627316954,0.10222523016825004,0.2790796430200723,-0.12469635178178567,0.36176129069879365,0.3588575406921236,-0.17610218289329052,0.24894889365897746,0.21958376224734943,0.18266135271879927,-0.2664297725303603,0.25748905934309285,0.19517021749769958,0.013553825324458134,0.2514207413455261,-0.08318741910312229,0.3129972109832534,-0.3281100944561667
dan,0.0007861027064387787,-0.08494532569962605,0.1659633676202934,0.17402789435137242,-0.15954445551851212,0.22580598504816374,0.3587231718191873,-0.1787357272041867,0.26681242585169657,0.21947515604341455,-0.3573934312194347,-0.27294690257307125,0.25665500048358947,0.21638721482373835,0.11543888273886836,0.17194707954252486,-0.13114821871164575,0.30812652152025516,-0.32949346657687484
dan,-9.705387862502299e-05,-0.29771564960259966,0.252154989514192,-0.06097497119233089,-0.2517194098144988,-0.32431330511311546,0.3335732588707229,-0.2239380438209639,0.2743727591484291,0.14994067559293406,-0.15263450078961893,-0.23657893067947264,0.23021172747633523,-0.22500827749274918,0.1437134103406722,-0.021618081053096812,-0.18011836743219842,0.295207151677919,-0.3045286870052391
dan,0.0006769397749609818,-0.17711908285548247,0.2901148048252924,-0.16022503995216705,-0.2955189612913781,-0.3379144028379203,0.3416186371343925,-0.19942545360270184,0.28832153983099074,0.10711844439709352,0.15208924437105956,-0.23749880122197145,0.22938722450017868,-0.11513260711720082,0.14361772723447658,-0.112691815999937,-0.1865561416411193,0.3002932049882405,-0.32012428207635846
dan,8.268205411675207e-05,-0.08208963232105461,-0.16959857299855952,-0.21012674755761804,0.10690756811982799,-0.33695118602938734,0.420664414206046,-0.2708430130763181,-0.10302569853226184,-0.014107427901058928,-0.26993081802567387,-0.19678907999198825,0.13937451387146146,-0.022846472625431765,-0.13872277716129933,-0.28185104909933434,0.05986875229178409,0.3769707319277289,-0.3979198502441212
dan,0.0006508179614834068,-0.18116127921195876,-0.21443897199861373,-0.2822952505127932,0.15165613223200602,0.2285626801005956,0.3724657720788918,-0.31213998400943543,-0.1382623385597118,-0.03681657610913052,-0.24375725112503244,-0.12105580593804928,0.04023214807490765,-0.16514593073823547,-0.1605492087604597,-0.37524741843648,0.06650859516807472,0.32812707271132896,-0.35775692959642175
dan,-6.896448412990015e-05,-0.0032336863084415357,0.25403416721514155,0.25630375139752215,-0.189697748151194,0.35522415680413955,-0.38213149403125435,0.16448703224620564,0.1536870208758519,0.14546532265167292,0.27600341745942253,0.10036318808316717,-0.025340458848440085,-0.03761155660652027,0.16385391162340485,0.32256877243764714,-0.07719299960006809,-0.3539017865059802,0.3732605483562281
dan,0.005206166381463657,0.07391714128274206,0.09495608003713207,-0.2552729082157548,-0.17260557523669343,-0.316078176676488,0.3751770530711459,-0.12778432263261222,0.1684119631024008,-0.07468072889897223,-0.3182448831175437,0.24768592825201202,-0.32952851064257516,0.0017764114646468215,-0.036656816611492775,-0.2465586561972307,-0.016485414783992194,0.36200838750460346,-0.36736049580253444
dan,-0.003896144361351918,-0.10196400499719682,-0.1036184070039536,0.2409146297790186,0.17617090331901525,0.3015186226812257,-0.36828129665640896,0.07270379830374926,-0.20781797816808284,0.014757839024523793,-0.22343093929999724,0.3650717803456687,0.33361045132294037,-0.037352506333257346,0.0391460230523945,0.2332216904208196,-0.01953625005208438,-0.3623807344390419,0.36199146093727513
dan,0.0011206313238923682,0.12159961374802455,0.10026590195114315,-0.23642621808200276,-0.16898145855445643,-0.298831052230369,0.3680076943760103,-0.04773343787241788,0.20608742397255678,-0.006097615901999827,-0.35647315973101584,-0.3444234107924148,-0.1872663313561372,0.07563240629593736,-0.05703609982775614,-0.23238217572128475,0.10056259478662603,0.3659546675025889,-0.36525478507082143
dan,0.00793247739986925,0.11553736431845467,0.09034099066218772,-0.24327505509386443,-0.1497208017080001,-0.3103129330499205,0.3695767149581819,-0.01594282483328703,0.20547199532394472,-0.00038190593815773215,-0.3364238213932603,-0.32407048286786666,0.21192005334941277,0.1058638676890228,-0.05103556197800125,-0.24079586353977406,0.14161715068761085,0.3655051773722773,-0.36466390748485666
dan,-4.189924637394426e-05,0.11420872194564481,-0.1379663463585986,-0.12503556583388054,0.05976847716941989,0.09329124229511106,-0.44719723020963825,-0.20148753046703058,-0.1757654960905714,-0.017346453595116364,0.11814295445819438,0.0066997923037101625,0.23310436898258194,0.182550227163614,0.44568766818480454,0.44223528983612154,0.35339444627343813,0.054115902746278796,-0.21105602811253546
dan,0.0308249610866429,0.1640357826844167,0.11766468598344935,-0.21258904473629153,-0.13069896297772216,-0.30288277188121504,0.3691784098239824,0.2397737691451952,0.21603348739805922,-0.06277540013041395,-0.34258208394124207,-0.29728673221697804,-0.36995506125323874,0.10883119081739151,-0.0990958030659452,-0.18834910368646743,0.08687108187298728,0.14426778465273518,-0.3643207511026729
dan,0.004639571552692211,0.16416184531716382,0.11796848730647769,-0.20718244404089328,-0.1317052486328825,-0.2987855463903748,0.36330728206173335,0.23759367457478506,0.21527447065769428,-0.060042595492945716,-0.3411065774352185,-0.29495368879820993,-0.3210700417827209,0.11896589673330152,-0.07017073286182687,-0.17857677940366387,0.11584759225353664,-0.2640292939288744,-0.3614741694671166
dan,0.010638506391724053,0.12709822091339099,0.08993477917931268,-0.21440797219179805,-0.11670423563282768,-0.30801490383008967,0.3639636358145395,0.197593058854256,0.20980643887584824,-0.052878285279960364,-0.3280982328014377,-0.291655214910008,0.18279093537160776,0.10018973580178554,-0.10044185731002515,-0.1889217906489359,0.25807458191551325,0.36061834944796234,-0.3526708411698764
dan,-0.00402519137895347,-0.0859614728100111,-0.06563084704534582,0.231554118214401,0.09756381522719702,0.3307712086677514,-0.370154598401045,-0.09211318877735798,-0.21283450326401127,0.039722106274817794,0.32891579434706064,0.31726505516387854,0.2199539732444648,-0.07024816791286426,0.09292875562958676,0.21043752470803753,-0.22030031869316694,-0.36054096207772335,0.3602540596993691
dan,-0.00019317529097691432,0.06706931226941364,-0.1247696973383392,0.25096256867025485,0.14818448212541907,0.3557805461066843,-0.3546689548956645,0.17394092368337288,-0.2871105439713918,0.05118237861842599,0.1929014888833879,0.30315002880385455,-0.25604995055438634,0.06786541238921973,0.12648243988114385,0.22382473212467946,-0.16689428469096582,-0.3323234779745723,0.35163878937743076
dan,0.0013667959640195424,-0.13246266048297092,0.15809976557171967,-0.28460279877812694,-0.15491013080772775,-0.3524918046993017,0.3614832543418984,-0.17590040404129909,0.3095838285979955,-0.08759820309010276,0.16490399153217214,-0.26345218276682125,0.22513149897638066,-0.0406672974690109,-0.1797361013216335,-0.20662652181342273,0.07725866430845289,0.3376043152389605,-0.34525568169504767
dan,-0.0001705007724337762,-0.030326660078505516,0.18323470862040936,0.25487195855391986,-0.17546470180142104,0.3447134822139666,-0.39680344182823407,0.14439737020626064,0.19904542539230835,0.082472456806838,0.31475876144565407,0.06542738632856888,0.029396498010514416,-0.07614451638740496,0.2583074068594696,0.2648207562863105,-0.17639520356025995,-0.3229141396460226,0.37940544676979776
dan,0.002771124612246089,0.07425430842030718,-0.19567528044450289,-0.20376697781512812,0.17780012169600398,-0.31189492278337677,0.3672206649032675,0.175144265898517,-0.29646888166726554,-0.2228108611495062,-0.24315598179041478,-0.20777195735747442,0.17698880436405076,0.1392812145102137,-0.2592718369940384,-0.22890245304386742,0.1939786213743542,-0.20943999393587445,-0.35859562220190505
dan,0.0004229652371219051,0.061521855745618456,-0.08285600179162056,-0.2349344407276413,0.04613784848637136,-0.3273118160856411,0.3841002226841523,0.05925300793865695,-0.2296039385658425,-0.22347664804685619,-0.2637422528743719,-0.24024793731357305,0.06504389858965053,0.07285283173990334,-0.2452480498086584,-0.26107679198278555,0.160916360100495,0.3778117587318888,-0.3707149275865411
dan,0.026879733921667464,0.09760607082094028,0.0819932574257383,-0.23359302141847402,-0.126625165575948,-0.31277332822131326,0.382298478442395,-0.02051678339555295,0.048672151050152636,-0.16736666042676232,-0.3154282270428146,-0.3477370685899114,-0.20290286555943193,0.05941787158393651,-0.16661758045933905,-0.24416549553453634,0.10332951086765362,0.37066031918164216,-0.37122684752519597
dan,0.0011797842830087446,0.15189352567078496,0.12114961350435349,-0.21920187951300882,-0.1612422487559834,-0.2987328655066429,0.3828356475106042,0.08921956405119785,0.1857294044174219,-0.049995508771801186,-0.32856930440007737,-0.2780808215120112,0.3576149034908576,0.12127695557482995,-0.13582209094567838,-0.22119038999087184,0.11543804742345756,0.24440975227321565,-0.3729945054273255
dan,0.0001530541612249487,0.2598036227847584,0.1755622561082517,-0.18565645206728754,-0.19942525275359302,-0.262091122942734,0.35855786187407723,0.2729514473959792,0.188634802760244,0.049384222734502894,-0.2955603666536664,-0.23077935043793554,0.1723084977880062,0.2758733228553101,-0.008251510942302328,-0.15089729307593389,-0.03918935066938165,-0.35120313719169904,-0.35147185574389717
dan,-0.017023801789759097,0.29708624544931306,-0.05415385649631156,-0.29410812408231124,-0.2518622676382037,0.4412849751923226,-0.24288877967422726,-0.35157939408431943,-0.19794073422850866,-0.04604684003731555,0.2588544337105795,0.2294892386490732,-0.052449440363777154,-0.2632301847728922,0.07440806712273426,-0.007388416735137688,0.012811158078508451,0.24226733757928864,0.28995842306769604
dan,-0.0016929671095675266,-0.3176118573491411,-0.16931779344904677,0.1540759018568207,0.17819632172458758,0.23313783977834032,-0.3353686275242541,-0.3394551382148658,-0.21423055450108247,-0.05623795269491044,0.30403535417138317,0.22083558765744907,-0.11983426129097365,-0.32279500673231337,-0.0009065988432093759,0.10582688801884506,0.07376421184920008,0.316295368756667,0.3277216679524025
dan,-0.002519282521440801,-0.320075821229983,-0.17028448236528115,0.14801114532064236,0.1794515576521629,0.23123500594679677,-0.3328157287203533,-0.33712000227918987,-0.21250570868237165,-0.051672606753576676,0.30424121809741245,0.22352267738533899,0.12523968388213627,-0.33364164351439274,-0.008280789493803568,0.0991442865813481,0.0725517243144391,0.3133771950467096,0.32532433727931453
dan,0.0019789297305898832,0.25860450737419477,0.15533819343407784,-0.18971402644889557,-0.17493393820246622,-0.28366440144647037,0.34537074436953924,0.1743871667595,0.21335210530173504,0.003322832531271262,-0.30522214903748673,-0.25825866988394935,0.33678573473054874,0.3236242255453931,0.00932024789690266,-0.15241831934681094,0.07865399558690861,-0.21153402843906158,-0.33829911550060127
dan,0.0008382580315317923,0.06875884302120698,0.18466684925946308,-0.25887675264186255,-0.19598540146932086,-0.3444583469946587,0.3586601575604119,-0.0906272960314516,0.2980410724246273,-0.06078891888242236,-0.19725545653257298,-0.29252371697452356,0.2699774134943631,0.06146233610290253,-0.06838397633106957,-0.23442083436008046,0.07216612198358674,0.34224567009209733,-0.3529906196634409
dan,-0.0007824979075601174,0.010546902513985268,-0.265564857858541,0.31513558430827215,0.1767740544560608,0.3173255016534709,-0.20169109857361125,0.04734117194620532,-0.33761021896962856,0.13338166476327634,-0.33768317824573124,0.24951792215985139,-0.21723613866702846,-0.11237862862016118,0.03945882813144118,0.1576857565156823,0.19462896481801287,-0.33878137095820093,0.32898725111597527
dan,0.003981568354466458,-0.03946045125601047,0.31823532123443266,-0.3272090894129706,-0.1655720933601098,-0.2926151758405901,-0.3299673419598917,-0.043497200933014284,0.33030986574915844,-0.14149189065808374,0.10951980612644593,-0.22802626054836875,0.21232316726475836,0.13363570062756958,0.0032250826926125235,-0.11639414842831863,-0.315182290215258,0.32378001209806917,-0.304152967069781
dan,0.00528935869836548,-0.05419638130438609,0.2987691124182254,-0.33689524367581686,-0.16924381353930318,-0.3052714503349466,-0.15731173487294547,-0.05213965395110706,0.29859427125260285,-0.1433070648369579,-0.31148975005122576,-0.249797671989723,0.22373183662618512,0.11794712087416716,-0.005054040617408637,-0.13554132016842782,-0.2878242867213418,0.3329417003491497,-0.3159494747224595
dan,0.0020530102655813435,-0.013874056292044754,0.06664597505209835,-0.33561684118343726,-0.017005455237005248,-0.36859589467020776,0.40528007659735243,-0.18734257660343828,0.03161627952872523,-0.16705413127534718,-0.27993025041535124,-0.21726623052273275,0.14605514237646655,-0.0014355494004720934,-0.07374974435517884,-0.2586114314686632,-0.10945125644205413,0.3731593719512011,-0.3845426775755305
dan,0.00014542421700920218,0.1609038228327813,-0.14177012618994866,-0.2002206842775192,0.15364176403767157,-0.33093016107618356,0.3795703255544687,-0.17759209500999415,-0.2521896267813069,-0.0180819102528819,-0.3431121290508237,-0.038323835674055014,-0.07482185886565568,0.09768495883408167,-0.20779129202148222,-0.3035302867367563,0.1237000029151189,0.33896103623219925,-0.37606344665814734
dan,0.009405238807425843,0.21570248681884394,-0.1312294359690619,-0.12204983730561672,0.13165072088136556,-0.2883958844806838,0.33155488228848284,0.2763654293589603,-0.1801369616565252,-0.23571309924218273,-0.25751973987815324,-0.23901088393682288,0.20832281262167793,0.13565767792735348,-0.2832427107324837,-0.22935941583605293,0.2748775449940234,0.1833180514515772,-0.3453913200410562
dan,0.006418956360549621,0.20606645753952268,-0.11717973082254293,-0.13001447636720834,0.10457936357032496,-0.306642768638031,0.3595839239879154,0.2787172785026833,-0.1946289044364954,-0.24236599468777584,-0.27401579221564804,-0.23411938517971048,0.21389360163930077,0.15356902316528262,-0.195123948424877,-0.22487593866635464,0.1537069991909258,-0.25981468083265524,-0.37326533952259183
dan,0.000998761050965672,0.15460533919780786,-0.09302505729140342,-0.16840870006470327,0.06171923677223222,-0.3227827460578011,0.37773579919033184,0.12560347135114977,-0.06876646886493112,-0.2049380313163396,-0.2658388925248171,-0.2991211998288644,0.22599721991410907,0.06629709745532364,-0.19597628033751843,-0.24284054279534392,0.12455832903996762,0.39088229497570526,-0.38026207704644127
dan,0.03196928698714546,0.1360422628125113,-0.09166166000947606,-0.21374245600380992,0.059506151741503116,-0.3075437825692398,0.36451867424355555,-0.12803123711024425,0.27360396053914987,0.05473735171224426,0.37471556077707857,-0.3418839293189498,-0.14637791626570743,0.034654050966358166,-0.07903743396009408,-0.22598534953985863,0.00017467597326489113,0.3637261348949253,-0.3641739727855932
dan,0.008622861927610288,0.12175782244135198,-0.06258886281065658,-0.21937822754262692,0.029168309842890518,-0.3092708581620134,0.3609704001112162,-0.13140016378225766,0.26963503234508046,0.050895739419212604,0.2112313737440611,-0.3383843882022194,0.37538015149446663,0.006922357440286184,-0.06494797910355911,-0.22372579517135754,-0.02011367388584185,0.3574799882423154,-0.36224813119621574
dan,0.0005301630545954376,0.16867380387296524,0.11547563527549742,-0.19907568155704936,-0.1632243108884116,-0.2980847945154987,0.3754039021368737,0.05932139181029738,0.23695593198999737,0.04410478864491595,-0.34827325806088594,-0.2868079028335002,0.37166084182300924,0.05016301454791183,-0.09268922987979597,-0.19674751829074502,0.05793317249929352,0.25482507920635533,-0.3751694514210639
dan,0.006645082108485578,0.2610691871024523,0.19009138235970272,-0.16031129674452996,-0.22455594169309284,-0.2579247175827627,0.36263862569035427,0.22043275421342673,0.19134253229354012,0.06533736788116781,-0.30733990922334575,-0.24376372154821385,0.20152086065612254,0.2047869230078486,-0.07477731771785323,-0.15597623295853738,0.05494089211543693,-0.3610819757461366,-0.3637770672794243
dan,-0.00033243390203626874,0.2843555316475414,0.1039943282346112,0.3754631540403577,-0.06876315107846409,0.11514096049252295,-0.11395873588849516,-0.13918551522258224,0.06803168004728033,0.17009129042464521,-0.460177905628473,-0.24915745907235,-0.18852222945371583,-0.4525959465925184,-0.11438252264762074,0.003893049310752482,-0.3694434768890126,-0.07491152552741763,0.11842533149910962
dan,0.001749054915417823,0.297088213885463,0.21179872155411528,-0.1610534331915694,-0.23143726518605243,-0.2443192997302914,0.3348010987338915,0.2855650769608295,0.20051874766434782,0.013012710348661716,-0.31252619598963455,-0.2323728243471661,-0.17076187486778382,0.23200306676386728,-0.05911065099277146,-0.16083717191969266,0.044210503524639025,-0.33937250073842196,-0.3354467906646865
dan,0.004632723926501665,0.2715653896310893,0.19664538671524653,-0.17598884420215824,-0.21782477477613382,-0.2597847073711342,0.33944230682517584,0.25708832743868254,0.1986756218666807,-0.0009293907726775144,-0.3092362757357495,-0.2356824916078833,0.34329020403285326,0.24371857196613694,-0.07394428383488005,-0.17247989265754698,0.16676202814666688,-0.1326177186594338,-0.3344433515566059
dan,0.00037155673148329087,0.09825239391085146,0.1986235035470585,-0.247027139778652,-0.21596076067247777,-0.3306826327674402,0.356326348665338,-0.018452338243005056,0.2892080362484503,-0.05787328607386034,-0.20407722097014952,-0.27163457723952167,0.277912854170474,0.0792534489761609,-0.06162624147579744,-0.2284175166141601,0.1533310289174012,0.34590232154600664,-0.34857201980846125
dan,0.0009551925219875521,0.020077031066845576,0.20588700369481117,-0.28006212014947823,-0.15681060127322355,-0.34082022806936807,0.3748038421476315,-0.0323824535869915,0.34158194329662334,-0.08112409764079992,0.20085109985206662,-0.25288817868654145,0.23660788084012108,0.06691397754895642,-0.0722839132983627,-0.19256272964816232,-0.03337461444135874,0.36814641928430697,-0.359907487382238
dan,-0.0031962092397495164,0.03314161799392239,0.013271768926558014,0.30374982675096585,-0.07173182096525542,0.29002140366104684,-0.4156857448490523,0.13915696445676848,-0.0027362035226439307,0.16985568684283298,0.29016001522617146,0.25877488901446827,-0.19851019010182527,0.009932785850907695,0.05965153239330864,0.26385721223102493,-0.04101691477993648,-0.4038673729842204,0.40933301539514466
dan,0.009182654194443987,-0.10788275136738808,-0.10300001104409291,-0.2794786943959525,0.12149213652561847,0.27236250201524953,0.4168606779032423,-0.2259116001163335,-0.2016448588481879,-0.10891781303096426,-0.2684320732281642,-0.10841750501243651,0.022554042806925058,-0.04183107962798642,-0.13875674142400796,-0.2987001863734519,0.11270260639508081,0.3969523448119381,-0.4105517614193167
dan,-0.0005767458769013869,-0.007845315911004855,0.2454256367429125,0.23068840839205487,-0.26065834545395833,0.36359459048054943,-0.37021893648462095,0.18855451219660804,0.2471912636962293,0.06461785801424755,0.31911876876827155,0.08961507639745526,0.02472096243039298,0.018460123115385776,0.14981078696750286,0.2736308837657878,-0.08970060746279639,-0.30787497785251217,0.37078299224756617
dan,-0.0026901419181805477,-0.049016012558028677,0.23100783560031588,0.22846346085390093,-0.2245044789464472,0.3372604760265569,-0.35965585478674233,-0.02779074460390173,0.1941441654212761,0.32699999714395706,0.278427498659086,0.278345969656918,-0.2094588265783292,-0.09042123550976795,0.10781707796618514,0.2416919107194452,-0.015710586763347766,0.21053770922433643,0.36260853683842864
dan,0.0009818625729613446,0.08814301634623367,-0.04620011394833845,-0.2561054090656171,0.011186209907552999,-0.33118857288898335,0.3800382980015227,0.00598464997195175,-0.06234120310362917,-0.26875476935785847,-0.30689690871655007,-0.2766675495120828,0.2514775734856237,0.07178707060340314,-0.13687993521736205,-0.26432461431310605,0.0502938233038179,0.34937720193523897,-0.3765532957590942
dan,0.0002233262617020178,0.2971442865622937,0.19203575984821886,-0.1632526250772794,-0.2125204946218098,-0.2592546867398292,0.34549251061704345,0.20845487520648454,0.1789322488674716,0.011639363166614753,-0.30076800809034426,-0.2224540803933818,0.3256737293053103,0.23478769021953658,-0.06922912801116535,-0.181975608912821,0.17976838432892475,-0.22941280080333235,-0.34181410610784874
dan,-0.002242729410265457,-0.0984432483439166,-0.03458329466305243,0.25066146030059233,0.03928223758998832,0.3459659558939188,-0.34566388743829357,0.16576899369781561,-0.268790013166779,0.0065867650489803324,0.3442100084222973,0.1686345791102883,-0.35264282293807575,-0.07677553906921371,0.025255488079137276,0.23638507766537137,-0.14365618236330108,-0.3343819076101461,0.3459164356422552
dan,0.008682648249550673,0.04105141913256582,-0.02069258206886931,-0.257236540147924,0.01829599283256473,-0.35626911297384006,0.3479511174760758,-0.1773874751345159,0.2505058645413753,-0.018501880176583767,-0.3331560749819737,0.1782668715042501,0.3564620892518303,0.023212367711555215,-0.054873032126029564,-0.25124099049705034,0.1518505671219575,0.329112788992755,-0.34776247867022675
dan,-0.006248092216052369,0.002477099210052347,0.057783387423810416,0.27481748250503363,-0.06620083340604088,0.26216117533875166,-0.36804473514955255,0.12977272056457667,-0.1502207461984494,0.05884784496649074,0.28895927821748885,0.33405711536404714,-0.35651608976734855,0.023904721443832752,0.06856048164985307,0.271720092010496,-0.14065533689283505,-0.3393077970866479,0.36534805862152
dan,0.0018335933815993865,-0.07547532528963329,-0.08374871974409426,-0.2909752424349507,0.08933856330406213,0.29817907174537744,0.40552131964687343,-0.07123931415909783,-0.10025043254325078,-0.13619707947836243,-0.24385633448519622,-0.22622702717981044,0.2579059038807909,-0.06130702293443258,-0.13199868602022383,-0.30603316624441623,0.15754086623130228,0.36626201002810715,-0.39578150669485396
dan,6.335200911555934e-05,-0.041046469311718674,-0.04332977507616731,-0.28264527782791526,0.023622022388774592,-0.38355419905039506,0.3901012517850677,-0.05471133488320495,0.08683363706659875,-0.036622801734133105,-0.2882008618993891,-0.3107833436961277,0.21933336534871464,-0.033166656411421476,-0.09770029150839529,-0.2708378799451205,0.13563619839597374,0.36095945354524345,-0.3799780638580431
dan,0.0022047208464578212,-0.02845463851634844,0.09137863208688528,-0.26476060116161776,-0.12955821108230445,-0.3519620149993106,0.3660582995161249,-0.06745647874976876,0.15037204779999527,-0.11789476989008402,-0.300190137419034,-0.3597445420824131,-0.19507943175400816,1.4717576302022527e-05,-0.1430648171300277,-0.23947106310658972,0.14942703367370422,0.3448512354033062,-0.3582855627426539
dan,0.002250735231626097,-0.03108233578691805,0.11433272533003691,-0.27651572164930044,-0.14609216138072573,-0.35203281913115503,0.36545945084137893,-0.10447255351441082,0.1548269890856203,-0.09021530748165393,-0.3117009528649027,-0.3301282988048783,0.22622383918677513,0.02232930677334781,-0.11191859856129513,-0.2326239403425047,0.11496789021163178,0.3497348917035468,-0.35728957739286654
dan,0.0024723575190223864,-0.008058254238018116,-0.047060688163681696,-0.2744377203268556,0.0369446727397133,-0.3547086486750895,0.34302290943667696,-0.0936379809726544,0.12075036600402587,-0.0603024944948816,-0.35691516408891455,0.279878247498403,-0.28777378052841357,0.009076266687804427,-0.1071567010298339,-0.243454806170606,0.13393900538757253,0.3652509266880548,-0.37397090386811593
dan,0.007827255021687638,-0.030811202376750797,-0.1315216390453564,-0.27490042608512943,0.1542385228776026,-0.35929739461199633,-0.3860730902762123,-0.05189113051816128,0.08216584681689976,-0.019215490461708437,-0.3415840189338924,-0.17958549112074412,-0.2825088834879293,0.031185937105123122,-0.0920882178075693,-0.25357051786679563,0.13026354389442446,0.3717218836897835,-0.36985719239883547
dan,0.0011759970014859108,-0.02889810484447923,-0.08497383591199925,-0.2683002943416677,0.09711531373233749,-0.3453684330166006,-0.37571685738777133,-0.10421330296998393,0.09675375664053026,-0.06085540695619868,-0.3317765677890529,0.20630935276724874,-0.2981632283499719,0.03977271011448696,-0.12992302707135153,-0.258243909159997,0.18644094925927818,0.3659874028151491,-0.3616088845029005
dan,-0.010284186195287608,-0.01594624229661923,0.05379331760009381,0.2691097534987156,-0.0729594726247968,0.3198535688828385,0.23540287900817805,0.1238647538982674,-0.16283010499407335,0.044266189750294914,0.33550045825692365,0.3364034808008853,0.3488026994553387,0.018123750583490132,0.1290009422239073,0.26121400807679174,-0.17443903051971446,-0.354622549776871,0.3588769053994163
dan,0.001513444214689106,-0.04402375215758599,0.06851366830832817,-0.28236350299881263,-0.08337650398064199,-0.35123161823839694,0.3672095469836343,-0.16331701670317086,0.12546588471464187,-0.11887023236394466,-0.30171309138788405,0.25855806389414404,-0.3102513978114689,-0.02477570315940724,-0.09245176787187749,-0.2538100173381896,0.1094812673232413,0.3527392375380377,-0.3574988514534105
dan,-9.299803501380451e-05,-0.05559400938038972,-0.09136917138671316,-0.138181663322131,0.009873009536704827,0.16073049616539312,0.026303607241144916,-0.21765376295800637,0.1288364918725742,0.2925101967352775,0.1584231927253654,0.338427835664914,0.34995982389625113,0.4432529999797888,0.23969110837964308,-0.4026259620084467,0.01178120691301893,0.12837823272447713,-0.31393195800993823
peppe,0.00794879935383209,0.04108519467459005,0.1484841320920335,-0.05811269581904573,-0.24403302603777824,0.3429057997078646,0.3951420191628838,0.00896243718651169,0.31151766426071864,0.01705214407027908,-0.22622672233896726,-0.31375680676705736,0.22390221808798938,-0.141910958711729,0.12252774995605262,0.1507857713367496,-0.12927478996727293,0.3413663904110563,-0.38899117975472247
peppe,0.000123423653936355,0.15678960480336115,-0.17958757211955323,-0.08000560808430299,0.25289593966218965,-0.2917385800461221,-0.37479544015026844,0.05514864743825933,-0.3133526049187491,-0.14374498132090568,0.31744241246981036,-0.27727047926154347,-0.1997500270730046,0.2186230698140528,-0.061130375747907084,-0.1805093781025808,0.07778869100856402,-0.30621740444900836,0.3519172340002201
peppe,3.213505195308179e-05,-0.22011481855141746,0.26620490518163553,0.12564772877980843,-0.2969424126808329,0.2475256435687463,0.33073712151836687,-0.10585166838273515,0.2969008535619346,0.14217788981218735,-0.2928477874934463,0.25883754794364355,-0.055505560042203694,-0.14639271453194744,0.11278974993563969,0.30368068236131357,-0.1558972640508763,0.2666109942174647,-0.32999965698311035
peppe,0.0015363583052632104,-0.2801090450912527,0.26407343657336824,0.05045308273084294,-0.25906024172733605,0.24355458392115661,0.27314405293361765,-0.12545238703708658,0.294803938056936,0.12347144007497361,-0.2772346708322334,0.24825236487404015,0.25468610624734866,-0.10080446856073422,0.1442937311781919,0.26797434204870074,-0.2429798583732105,0.25691326928866104,-0.3148612875386196
peppe,0.0020135154426030987,-0.07269027396578039,-0.14463955324001954,0.049182938971265765,0.1704011572639585,0.3181379604904515,-0.39013521028236947,-0.17278419075893497,0.16580183385524985,0.11348207785941238,-0.267553725176391,0.277454224803308,-0.23395725281207153,-0.3035300786153374,0.15331040104964186,0.19719821792194234,-0.16433856204847824,0.2991453895155709,-0.37997534944709804
peppe,-0.00046671177847123504,0.0032737132403394703,0.18431078078986052,-0.15403479884645524,-0.2060076414219791,-0.31385188903497024,0.24060459145378627,0.01228074791160164,-0.1776195062357046,-0.11725095933839855,0.26449835395835425,-0.31848405843246214,-0.3522573729228818,0.3184041422412957,-0.10122329772998674,-0.2209512488994192,0.13317355036069478,-0.2939655830562863,0.3713994913409778
peppe,0.003643347937872166,-0.07124791620723774,-0.1590898407128425,0.21349603238197942,0.17178288892870133,0.28644732011177493,0.3163712461925205,0.012251336412368542,0.1738263542890188,0.1283468263080156,-0.26020654555778977,0.29103238266755915,0.3106199760072148,-0.2991859805496151,0.12892960641339835,0.24384073737742035,-0.16756231890422274,0.2917388141725797,-0.3713067108561225
peppe,-0.0006567404841341612,-0.0001599753397198576,0.13081496132148596,-0.08565887650808746,-0.13294113746535294,-0.3396317813035319,0.35545833213481737,-0.002258499144012519,-0.15636005063650246,-0.13696112478353117,0.2692695675330157,-0.2788748164325997,0.3031015698172828,0.32842855063366433,-0.11790566087765772,-0.2052118443379959,0.11020332592445509,-0.3132298188251576,0.3958280767326192
peppe,0.00016471317702381827,0.26149931928738124,-0.1933960621140468,0.24824562502588202,0.15566587126723136,0.333038645970746,0.3763709388565514,-0.1146894539138491,-0.22025487250915332,0.033613986074921824,-0.3213112211513852,-0.19593658755007487,0.0020834033684905104,-0.16000253747357415,-0.2736659196125392,-0.12732962014868604,0.18276226197273393,0.3259071406439195,-0.3082728273228295
peppe,0.00019092096745352866,0.26761411331519747,-0.18169514877929416,0.2652295049633223,0.13754776042987385,0.32952506857988806,0.37744666868221083,-0.27795576654450005,-0.11972697920856909,-0.08231962453718183,-0.2796382082339474,-0.19902041171350585,0.1575392304179785,-0.15632554662269696,-0.16953399739252997,0.10618461887962179,0.1008050542201833,0.31921203378368557,-0.3708670614829879
peppe,0.0008214105675412788,0.05949839530988712,-0.040702240889986196,-0.05025162195700852,-0.007519181645938986,0.31881079594751466,0.3403513428829791,0.005366706674076947,0.24717779729687733,0.12787640324940874,-0.3139823087724041,0.3110744915135003,0.35536986432425494,-0.2556470379495348,0.22777411981838186,0.2219875762664361,-0.2154215216136444,0.29999980915553864,-0.2696347086005798
peppe,0.002612533752611047,-0.011603096126521191,0.0009710439807877336,-0.1454011996566934,-0.06696737879558202,0.33577836165940284,-0.3676598940254362,0.005846376526517402,0.2377796093512304,0.10057269632628581,-0.29912339387816556,0.2187486152278303,0.3303110970586048,-0.28875573301331703,0.21294724093726325,0.1106739231778832,-0.2717455617729897,0.3065097496965237,0.32315478244003587
peppe,0.033459349005557935,-0.0237297377047579,0.030881224602884644,-0.09516760317347453,-0.11683145077136088,0.36025477381642834,-0.40268188859001347,-0.05344166258924682,0.23317245143974086,0.03540975686075702,-0.3142462607413381,-0.38496600580708557,0.29021352760566405,-0.29554889767042947,0.14634919403910704,0.147320585161974,-0.0826784114009527,0.32319262280349187,-0.228971867471765
peppe,0.008021328231681344,-0.04693026408524963,0.05873918852610834,-0.06592892250565452,-0.15317693673455907,0.35480704042882716,-0.4039301119869498,-0.0920240537294371,0.22810290388293467,0.0033599659897596487,-0.32309491224327586,-0.36598625734838214,0.26196934568877756,-0.27962528082666877,0.14524030166064783,0.17835092076541295,-0.13476200803210628,0.32910557328145557,0.22901892364789075
peppe,0.0005349734802591666,-0.08836195424124647,0.10737011057624046,-0.13835805462160194,-0.19749851260105702,0.3370621464010706,-0.26807362507754146,0.031968863791188316,0.24022297369567616,-0.05502935584924161,-0.3367004741501115,-0.3042653908805526,0.2250278752738125,-0.21597594612776977,0.22701706418465864,0.25754555796885553,-0.2062658230282449,0.315452910387388,-0.3348628893644134
peppe,0.00017542530941058092,-0.055273651908941464,-0.6604137365686561,0.25519239814514844,0.16411054604815323,0.04155171714871221,-0.2665805942895637,-0.030807902273181156,-0.05788840678494327,-0.036818962935364255,0.25125740684126036,0.21086367331000833,-0.1990238889273407,-0.28823443667064624,-0.050325516040359924,0.3917638219234706,-0.034234348078548055,0.011742475714590004,0.051871971995597684
peppe,0.008543919407223488,0.11202338390541834,0.09764560568322436,-0.27363858171795324,-0.15412801309290536,0.3405825186435872,0.3852682861668701,0.1459506132093433,0.2763565909158724,-0.03816050585561061,-0.3789827842396635,-0.2972145079630076,0.22849499984664556,-0.15938416358309632,0.151929833764207,0.08276719873712919,-0.14502196691934674,0.32566140124799053,-0.22164433259366925
peppe,0.02647984370049335,0.11221115649581223,0.10009561993036546,-0.2739531142178625,-0.15464477374806623,0.3367884131010966,0.38093810657344335,0.14879861019417864,0.27039696326897195,-0.03752047502918095,-0.3709986696825753,-0.2926797988274302,0.22451334206603527,-0.14615657743633806,0.18523910346497738,0.10599909543886638,-0.17557053508227788,0.32222116948716395,0.21897559220755908
peppe,0.0008076904871116702,0.06614490321562275,0.06671916353625129,-0.2683836686776076,-0.10269683362603434,0.33879839582189203,0.39589803188099426,0.13659094904738686,0.26086453484281424,0.01167075310716944,-0.35213841084651276,-0.2477183209666516,0.26234436023219754,-0.17738074013954863,0.22219701623393498,0.08443067592278877,-0.11077340537401083,0.3280711103385664,-0.2969478011664561
peppe,0.01190260250255466,-0.0393685693195247,0.08884245042106287,-0.18998740880128726,-0.12089914995863964,0.30835240543119696,0.38274659077077156,0.04210857889745917,0.27569342874104313,0.0991355976356141,-0.32588502864207586,0.36260975281837926,0.3315717963596032,-0.23188828892027014,0.23037787064591506,0.09951560960745012,-0.14434778317448174,0.3176879868560271,-0.1565985682262679
peppe,-0.0006010074312382741,-0.10434471422578757,0.15431306202773276,-0.12166246921467415,-0.18812904633446695,0.27915757485183257,0.3631173599730828,-0.03747308155097662,0.29702905125493967,0.13744221623427033,-0.3274078599520297,0.3232215155285158,0.3230138555134379,-0.22326050583734008,0.24526546542503194,0.08787396708494151,-0.1225556524221537,0.3029287201827352,-0.23724966830965533
peppe,0.035494823351424454,-0.12422262201218055,0.17210161668537183,-0.1381334183004271,-0.1774159895616644,0.2795706967303854,0.36457884056224943,-0.059687897962972004,0.29465421219248206,0.14497552267364971,-0.3223708498468937,0.319852304985333,0.32170775355563364,-0.21907606351310666,0.2512262386442287,0.10693433805449958,-0.1901552579104576,0.30250604100993056,0.1482436400660545
peppe,0.0005124993697607687,-0.1224382408328196,0.20916938633604543,-0.1540369636377713,-0.22643867612397478,0.2742742883775169,0.23314387844257142,-0.10068318188922051,0.294945602161335,0.123723353849461,-0.30686073675249176,0.2914498092674624,0.3139497016030846,-0.14342120191016905,0.24949002666945838,0.1046533455899578,-0.21454406504545231,0.28493327913377225,-0.3543740494184101
peppe,0.008263619769895836,-0.007975885345680292,-0.10170841186946074,0.06171358866297947,0.10580939813942883,0.3475233598589834,-0.41148042084677305,-0.39389824332610734,0.056462396998620136,0.10960966566922849,-0.23371959297683007,0.10488431067345921,0.32665652463696765,-0.2698373981048266,0.016684029803755634,0.011030536776717783,-0.06482720043363048,0.3186442555726118,-0.40356143087917656
peppe,-0.0007463108692269665,-0.06711883972105837,0.18106674543988574,-0.19478072422119685,-0.20910301964640185,-0.34601868867914004,0.2811764782778493,0.3311861460953663,0.13830264071702242,-0.21085831558374568,0.28029709957644555,0.18881901363449297,0.001964845352208253,0.32445464996949114,0.14249406082156268,0.10669663727175745,-0.06475096734545263,-0.3105402544279441,0.3964512607969956
peppe,0.0014552195310968575,-0.1496043724291597,0.23399301969901715,-0.2412785305106899,-0.2742061382150893,-0.2928877889538455,-0.34140759779009944,0.013328853224387377,0.2194805073429635,-0.30215489973218124,0.14293403129354895,0.15734261809892425,0.07794780918036655,0.30586911734020517,0.2388107348212202,0.21043681333158984,-0.15589487567644902,-0.25907749534425817,0.3315342038966096
peppe,0.005568675910576807,0.23685393441463898,-0.27614445361924966,0.24468841245525297,0.30295145720672534,0.27161002558030517,0.3083237249700225,0.07669691491911736,-0.23177897530645455,0.22442882572926376,0.16206525235283153,-0.13858431407362384,-0.08629399969489314,-0.20221870552424562,-0.2716635432580212,-0.28647876959455,0.19823890170151742,0.2549716765791251,-0.28843459394554205
peppe,0.013936194247481548,0.30755787133252277,-0.3012970318043147,0.2986833206011952,0.2790268288623897,0.27638928578215194,0.3136381535573527,-0.22502830845054692,-0.25536893070955674,-0.15013630824513888,-0.2570128711304822,-0.25170961851576557,0.10072986762923146,-0.11142526247780091,-0.18578982658217155,-0.21057882230864933,0.07246631827399808,0.28695589368168267,0.12639972897708912
peppe,0.0042934143323791986,0.3442956935233425,-0.3033165148620791,0.255394064879943,0.29290139894211187,0.30737940703351563,0.34030914830741626,-0.17443306836357947,-0.22902101497050695,-0.1740219461900549,-0.2855430401678627,-0.25610825889765026,0.09660982782009823,-0.08995603338974385,-0.08538846847661813,-0.07173826819958737,0.04017560179913118,0.3164736359253471,0.19034077058030774
peppe,0.031488630595121136,0.3466002579254483,-0.30844617804868246,0.23323244151777722,0.28783529363545995,0.3186856792731263,0.353332014538873,-0.18057458914762115,-0.22530315834285805,-0.18494228641993127,-0.2997425824989959,-0.26217525082197507,0.10257786439335839,-0.0805662157566196,-0.04097188924416867,-0.02669980715252898,0.03358018092007555,0.3226016057814394,-0.14255054446136173
peppe,0.007844799168152068,0.3338135487270044,-0.2907753139401268,0.21860051140342182,0.2668122418896968,0.3168033006985756,0.35155241409474297,-0.1902443951952854,-0.22238982376734873,-0.17714112267891308,-0.29691942359988677,-0.2620056371012432,0.10207785312909387,-0.08520989898424922,-0.08123395131351827,-0.0734368592025638,0.014990012920310191,0.3251752131975539,0.22719252509805682
peppe,0.027599395760753802,0.3172203194731806,-0.27103335097239234,0.21084002546906538,0.24007208923879317,0.3223847777547311,0.3596288999429513,-0.21403286302734195,-0.2242651079764934,-0.1711955731523824,-0.30348048727889687,-0.2663879828361297,0.1036608098836697,-0.11417518492340452,-0.09333473074429487,-0.12816458062442598,0.03841723856027234,0.3258917212552868,-0.2132674785675988
peppe,0.009694983342466965,0.29644870734468515,-0.2556031971270633,0.19813678222978898,0.2175528682310031,0.326178694884259,0.3646150557267784,-0.239561505856136,-0.22170511108458454,-0.1642349174976945,-0.30710911546040903,-0.270612554251394,0.10434974964041278,-0.1391787879788917,-0.1419539465958351,-0.1049947760066616,0.055050813273319774,0.32910345192987644,0.21684973272501448
peppe,0.031933659599257,0.2744334560895343,-0.24822036631060132,0.19266885673078904,0.20196583926409498,0.33476220417692126,0.37534227974165846,-0.26942200930153887,-0.21961287513176905,-0.15831530825373263,-0.3145443947474254,-0.2782724165015664,0.10772715318450397,-0.15595497812803286,-0.1056576774825296,-0.04837201007920873,0.038357300556756665,0.330928909915405,-0.2225818440637739
peppe,0.03804209252272839,0.26488190074569873,-0.24928882922762471,0.194925586743428,0.19862990361656654,0.34189868757257985,0.3844615173932847,-0.28834848578352396,-0.2194365734150207,-0.15649640523356595,-0.32099765076530756,-0.28514920973224883,0.11094572177296382,-0.16177522726259883,-0.08531236922350059,-0.021637057968109413,-0.0011019342672531859,0.337861900174913,0.1581805901883298
peppe,0.0011207709894117024,0.19981715312785175,-0.2232013246458252,0.12497221182987478,0.17486389822757223,0.34412305358462286,0.395875117601177,-0.24212921643586657,-0.010041464463436137,-0.06618684119500579,-0.32174316007915915,-0.25363927327353414,0.19176407008647037,-0.1894543838093529,-0.039099469775805196,0.06056018825841268,-0.05609631427810598,0.33448631624025366,-0.40628906571052076
peppe,-0.0004771370657730492,0.09123968628385104,0.09045003214100644,0.11953849280625838,-0.03652281352667061,-0.28807270224323134,-0.3541479921853745,-0.08021356064453773,-0.28165466128979,-0.17685429841240521,0.31001351486898077,-0.29534414691899397,-0.32501432176871237,0.29732428392374904,-0.1963714101228379,-0.11439095186859315,0.3100716425014924,-0.2776093768731457,0.20047957933491917
peppe,0.026319203672453457,-0.14041235492917153,-0.0180984502184384,-0.16846973411770533,-0.04979120693005904,0.2895009401934729,0.19737531677264344,0.034733413763011506,0.2834823699234241,0.18448116438955345,-0.3057681088324623,0.2945174657543017,0.31551519001064415,-0.33460733686472155,0.20088970258361022,0.11977100431587566,-0.25051766046202534,0.27535452655946346,0.3545395158942637
peppe,0.006589334224700776,-0.13785807483176551,-0.013810241774875925,-0.1820763404605602,-0.04874264527818319,0.29471518435367716,-0.3562730547391384,0.020747243109053598,0.278135220136738,0.17460462524503262,-0.300961061176027,0.30184773609286447,0.31290334260272523,-0.3326295159675749,0.21510084543426997,0.10871690806831728,-0.24360767626562435,0.27741999333864853,0.19641290834948674
peppe,0.0010051742321877408,-0.13247130857766673,0.046218907444492974,-0.21589345404992702,-0.1098979137451527,0.3088332772943865,-0.35609015617196843,0.014232000748973028,0.2657837209704348,0.14258960000145876,-0.29555474914465035,0.3186721302281338,0.31170258698630726,-0.3205892457863483,0.2269149315312858,0.0943511700712616,-0.20690403399950288,0.28147438855011414,-0.1923641433400669
peppe,0.07164392317042935,-0.15003440858661288,0.046076514581605096,-0.22221555405294136,-0.11181059061301396,0.3277761513957912,-0.37690548054821427,-0.012783773235204266,0.2561215920778667,0.10029674135807952,-0.2995740165730468,0.24690035637674929,0.2931679627524111,-0.3185500862979275,0.2199666603379839,0.06879233415136103,-0.20081014375538808,0.3045202667093936,0.2527215459422571
peppe,0.0047405633672189295,-0.15123983456429804,0.04282741918439992,-0.19142487184822188,-0.11541681781810166,0.33896692449156085,-0.3814150777338563,-0.03661188769092103,0.2392592255368556,0.05202950505832185,-0.30895955927752233,-0.36736958317331847,0.2672641153189579,-0.31480792041420247,0.1489782099513607,0.04012302816879831,-0.030392407030068173,0.31545028501255745,-0.2801281633721216
peppe,0.12454143349319638,-0.147299046721184,0.06999294350052558,-0.18544897609331695,-0.16115782538191756,0.3686991091030218,0.23294751187457105,-0.049283356029376134,0.2593161621907694,0.025401170580259834,-0.353185778796912,-0.3707303010587569,0.2591625674746107,-0.32489924792020086,0.14296692862482252,0.01647744779067765,-0.1331879826293383,0.35358665743947476,0.2326774036446132
peppe,0.004485198828555557,-0.09369629265779178,0.08268804570617456,-0.15364201011687892,-0.1808520953707446,0.3503379878322292,-0.2911563343152652,0.00278753918154291,0.24028785737338643,-0.002909345126351265,-0.35307986056829044,-0.31404977244472,0.2161355364912027,-0.30528821907287385,0.12414183245944146,0.06812110190052273,-0.04618350099377379,0.32836718022818967,-0.41181236518047637
peppe,-0.0006984765794827379,-0.01781726647317028,0.462512860086982,-0.18716345005702617,-0.015152489689713559,0.16252834506183614,0.01755148197654032,0.8087727488759126,0.1109842971029672,0.018493589530159116,0.11407365266877077,-0.011995901235442561,0.01865058449555433,-0.012404945303602864,-0.0478089486827272,-0.16242914751140689,0.02468650635190631,-0.023429516533589972,-0.11628638876940123
peppe,0.02616576318345555,0.03437012040747743,0.07140614892559123,-0.12510307269513815,-0.15726364484358896,0.3541147421873585,0.41013645347450056,0.10181567457984109,0.2861186965042866,-0.052456263258531165,-0.3887051044736435,-0.30874485137054336,0.23803517874735966,-0.21361370623305193,0.06502932540341261,0.15632996687776135,-0.020856335799414517,0.33157790775166346,-0.2774755710544637
peppe,0.008987860172837717,0.06166991935579272,0.07411552159051903,-0.13696832869585554,-0.16144125314725982,0.35831452582924744,0.411397604907765,0.10442157057116591,0.28355082623982675,-0.05219292974031791,-0.38730398467355764,-0.3122493027893536,0.23711869902413715,-0.18708534642652355,0.09327179666056794,0.149932209426581,-0.03844901869732821,0.3377262094804244,0.2622345517017321
peppe,0.0019089814221126633,0.0957228296412659,0.023313712287007293,-0.15100307828456735,-0.09816225487592496,0.3525446563765524,0.4099971748903412,0.11808682375216736,0.2788288012299889,0.007499047706331112,-0.35968403059453385,-0.3375939682290925,0.26112648101111396,-0.19416560951790612,0.11667421947949273,0.10913311320212311,0.09829156742226915,0.32714180934314097,-0.28686004038312046
peppe,0.035769705364429305,0.07313913227684674,-0.005613582302714894,-0.15209477461769932,-0.0557973101135607,0.33547965103176985,0.40002064869520754,0.08351445028278755,0.28905611156445965,0.07229811945578887,-0.33258577764002634,-0.16220663923176148,0.3283136949519151,-0.2294840806408694,0.15862445996678795,0.07344844743855629,-0.022967068982945996,0.3261607294396006,0.4064639488442335
peppe,0.038990492688158296,0.05718816254323938,-0.0016938976998674233,-0.1464278418683785,-0.06189588547581529,0.3332633278055445,0.40162931240961075,0.06253285241957691,0.2908927587075264,0.07750219920653931,-0.3356042835275866,0.37498962597753,0.35698403208679524,-0.23747857762705726,0.1647645518548142,0.0780645788984363,-0.03285167777278374,0.32809177429144537,0.15969447582022153
peppe,-0.0035055199401424573,0.011140263827244867,-0.05055074336301602,0.07340298081330925,0.13260057058788846,-0.30492884488717126,-0.38789017986143426,0.08584166678223869,-0.307976093994239,-0.11111469186636254,0.34031679412483584,-0.3058337702155106,-0.3600323154985307,0.24886489055985217,-0.1536723356341948,-0.09703235262217938,-0.04294459919866525,-0.3144490026646043,0.2858058423216239
peppe,0.008484029749075769,-0.06807126835268235,0.1116307550400757,-0.018130667946975123,-0.20432448933499273,0.28204437701134955,0.3773276305300122,-0.2326271244038617,0.33323741571087534,0.17314433045480576,-0.34651064573489476,0.27935130191551966,0.336953587448976,-0.23851447984478663,0.11789538525890167,0.018382016841127658,0.03618340416210367,0.3195503105191694,0.19382584797178223
peppe,0.008087846444865265,-0.0626005668458296,0.12826108468108505,-0.03713616750396291,-0.2295518568913265,0.2793356315432358,0.36992661379243147,-0.25216297291249246,0.33212555246618963,0.1812912508117165,-0.3410067189489032,0.2805937345818455,0.3210369458698233,-0.21856900985897562,0.1691481371642195,0.02979003262383577,0.042503441759682396,0.30403920016861663,-0.18526326777556232
peppe,0.0009055938065781179,-0.06594315075981594,0.1641595786934107,-0.08309968073516692,-0.2658972135227629,0.27747262067668343,0.3589914442829095,-0.16223488477787124,0.35417213992944774,0.16751765443655345,-0.34545494183363257,0.29959820451552227,0.313790154646122,-0.18492983897738002,0.12346840479238796,0.020935192053068694,-0.058239819166694504,0.3003079996383228,0.23321471050562897
peppe,0.02319480475350849,-0.10020111173413189,0.19271362650170273,-0.14529434377093123,-0.2918263331894092,0.2797353366824516,0.35203589408395924,-0.022480156035380398,0.3568987227818,0.12199725214890147,-0.3289301347711805,0.2822915170456355,0.19460344038088798,-0.11347036216635967,0.1756912704379844,0.05939150912262768,-0.12034418804164701,0.28923927877657074,-0.36115815318085154
peppe,0.010300477477343091,-0.10791473906104654,0.16057398720891924,-0.19144115580897753,-0.25899740563811646,0.29714646526647637,0.24557071065528188,0.030857297713860574,0.3320508364766716,0.08423588560676433,-0.32416494930948375,0.2916222158772056,-0.3313437457341218,-0.09419164948630462,0.1871729164271245,0.03067966316804734,-0.15256857198713866,0.2979723994498216,-0.3675698331818167
peppe,0.01206773354308277,-0.01468012689724573,0.012752156104902504,-0.2906662508282125,-0.07582695951545025,0.3546750059165988,-0.38876236705027595,0.09134510448572442,0.23652862221615878,0.007260493781779365,-0.28162092271333555,0.2221094714887705,0.33358564353345355,-0.08782170563597982,0.1932812993142618,0.007041225233811798,-0.18234660138669012,0.3178174850491201,-0.38576137444884306
peppe,-0.006172951115861282,-0.10778254858381464,0.09389713897925389,0.2983478890806965,-0.010661636358737016,-0.43958015365951214,0.34367244751971193,-0.1585314049870443,-0.04789532211583805,0.030612169257192033,0.30948633909088674,0.23370172746493267,-0.1141418644257258,0.0754035890104116,-0.09113998488237918,0.09666196721225803,0.08978268508986954,-0.3883264805012522,0.45289690169982727
peppe,-0.0026471035036741758,-0.19487860574907034,0.17115031769838132,0.2183827984085709,-0.08719913399372836,-0.2855048640073347,-0.4370038396386042,-0.23142857137548567,0.0995274159052345,-0.01508234336850616,0.34538893334868526,0.1294895463059279,0.01440199570083379,-0.061645948573621524,0.04424691848016116,0.23430403006788697,-0.010344065545433363,-0.39732894602904323,0.4316888393294079
peppe,0.006704646120978097,0.21797763600310402,-0.19323263780785271,-0.17497283535904695,0.11401799794510073,-0.40120069133035763,0.24996440362168676,0.2801769008247927,-0.11808167348807903,0.029052680715126015,-0.33781289407712056,-0.10780542233781303,-0.02617300458320549,0.129515575470595,-0.12616727139747655,-0.30730087604373,0.05264280359765661,0.3748216401044423,-0.39747611386375864
peppe,0.005227736005400037,-0.23093769474888481,0.2335462817834878,0.1929776455793817,-0.16473272837254357,0.19780187864895185,-0.3324326299752313,-0.2931591065590945,0.139668208732683,-0.019620351501435766,0.3251410365198426,0.08980391247231949,0.03986622953201936,-0.18116898959075473,0.2058612241352264,0.3197246209672783,-0.08490971028050896,-0.36255383534037194,0.3752660817623454
peppe,0.0065577938380819946,0.2152611665397258,-0.2546241802324491,-0.207634855176403,0.1817142486289461,0.3619677451848288,0.3641820792106905,0.32488252187486216,-0.1561256120664414,-0.16965095981955414,-0.28704338156753945,-0.1304992038136911,0.01572708125537816,0.265702058857087,-0.06940328875735423,-0.2040300091117002,-0.034696405683020584,0.36313707213622753,-0.2013852213547736
peppe,0.01998059538631136,0.18986266793415962,-0.2312368157177649,-0.15389677349748532,0.14591429437995374,0.3465048186650177,0.3502303861396512,0.34245138248947987,-0.11543444349994982,-0.3263181510812902,-0.2587768487428264,-0.22129862558879304,0.1290035758346753,0.2831795648882575,0.048800464177070776,-0.10001909159616548,-0.14203408838938156,0.35203483462541446,0.12821605549743342
peppe,0.006173796080811002,0.21543951849437576,-0.251399437040688,-0.14617757526080147,0.15429373849085606,0.3340291662561278,0.3404848010843601,0.3334830372465927,-0.07828718175525108,-0.32949407172589107,-0.2794767256084916,-0.21561652133508502,0.12858647297418022,0.2986703338436165,0.028662029650973257,-0.027015052648242492,-0.10701193422914894,0.3381868875682418,-0.1846313244177817
peppe,0.008225758364082316,0.2842568335571255,-0.23143619102105248,-0.15339226717246493,0.15215922725218076,0.33596949258144665,0.3331878394428555,0.3282456796211759,-0.07522352990900288,-0.31670785275987395,-0.2738061714258357,-0.20588876323683483,0.11687569103979344,0.3376445139028488,0.06070191206721783,0.010447856013559438,-0.12160803246725194,-0.2021109362963895,0.2773111011803695
peppe,0.001979164867301871,0.30319988240791557,-0.20980569402343252,-0.1879749212286717,0.12485532203043656,0.33674234054810526,0.33836866527672105,0.2944433813316916,-0.08252268196602978,-0.3037446344421772,-0.27915924744231035,-0.20597821929370602,0.11276542098470593,0.32981676665751375,0.03692090747173654,-0.045425437997775084,-0.10818318317451209,0.337731215703606,-0.16860269941542907
peppe,0.0019606990914187274,0.34513077201153974,-0.18964342612591256,-0.27436491230675264,0.12762388074494274,0.3450029904713691,0.3509651618371695,0.2110898933603231,0.00677742476902311,-0.2139106372143011,-0.27532990710487504,-0.22132262911334685,0.13996208886688055,0.27859987312820816,0.07162651112197732,-0.16003450402318162,-0.10992004383442472,0.3376108696516979,0.20490842128137576
peppe,0.0036121608399904475,0.27647164032085575,-0.1313896090580359,-0.34056885180730545,0.07721235587551271,0.3353546782297154,0.1562841788445498,0.1760114962030017,0.18217025122729516,-0.0295842159028208,-0.27627947989218526,-0.2782058502868698,0.22321046517612064,0.13288547673045922,0.16079977959069988,-0.2918921198513671,-0.1678416423207023,0.31474144077803934,-0.3506018484856305
peppe,0.007101151658488814,0.18239440352671188,-0.07858647425073549,-0.34218859699799514,0.013531980047046147,0.3237798955489911,-0.3510270589768063,0.16023327890544947,0.2455124685974724,0.05594268554444101,-0.2889511691039145,-0.3167228632959668,0.25772586150392707,0.028017021054402264,0.19070606510482227,-0.293281638583371,-0.2118345491251527,0.30196426905439055,-0.12920246962121776
peppe,-0.008780231200118135,-0.10612065143134797,0.029163908778612916,0.32230481918311976,0.03688429388278304,-0.3155113358271748,0.34778609481981776,-0.10900656455940903,-0.2657304648028539,-0.09994671069646614,0.2925252025669036,0.2788291849001598,-0.27008057702694743,0.056615384575714044,-0.20186289254273324,0.24252196200615897,0.24848658671988233,-0.3005271035024065,-0.28029773072165226
peppe,0.0014932568777416527,0.04915682296162036,0.03975628863754721,-0.31288996506984645,-0.11002033059967894,0.3333287492599148,-0.3589348093986645,0.033895820263065084,0.271662260136237,0.09107546978998117,-0.29885477802045984,0.18341119873983153,0.2928987340694157,-0.11098412297402688,0.2839426659617985,-0.15726374715602343,-0.2323914052128435,0.3047824380771703,-0.29916170100858064
peppe,-0.0008674608605315838,0.033110419249538496,-0.04978510021835292,0.3054087054482498,0.13370377609306516,-0.33632347613636143,0.23319573004543578,-0.06500591863786907,-0.25341380326932145,-0.026175013315081173,0.30604864744761173,0.32643069712729217,-0.25775030941108,0.12481286753676767,-0.304375166921634,0.14663107656533106,0.15408931418280125,-0.31039033979576885,0.36357109081449146
peppe,8.773403426821408e-06,-0.11068794569308635,0.24385603205418377,-0.07106758973755567,0.06177256087399755,-0.1329840453787485,-0.17266938115898417,0.33031728237672947,-0.06868960294230657,0.12616179955573065,-0.29511379446575925,-0.36820319915023164,0.3177760507355518,-0.3884573079069316,0.16911184847074712,0.3311351442184207,0.019685547795946796,-0.3583973391984086,0.023237950587584013
bigw,0.0011471287393944854,-0.05150545612633515,0.10904239315310316,-0.3680013164809105,0.3024009578637864,0.2356379849230967,0.37007205842053403,0.08253723652959341,0.23429902278815512,0.14616829685788624,-0.3226131658726079,0.23206964968635693,0.26240879484303653,-0.20339322303026452,0.1370562084488032,-0.3532327395051047,0.19591963836387027,0.09815420316782573,-0.15262427283941693
bigw,0.00026364213929735427,-0.01737751166733855,0.10668236503578199,-0.3317564008938499,0.3112635798194119,0.23236171412071366,0.3771941902658385,0.04236815305917899,0.20978253671835878,0.08312923396466966,-0.30768879563704654,0.12659893046230597,0.24154463726511372,-0.0515588240503498,0.12505396834394292,-0.3267446164696816,-0.32772908582107263,0.16979968220062358,-0.31944838389820995
bigw,-0.0056574061987293145,-0.00981476789416491,-0.17630724324298927,0.2961228881418722,-0.28279021444806207,-0.23621132988448454,-0.36845366862529433,0.012809765852169225,-0.284420221350243,-0.017586362518249753,-0.25242587138960204,0.2555752971451113,-0.1770447191565838,-0.017267781991125608,-0.13354610969112457,0.33685081716221643,0.33986485033551017,-0.1938322679460977,0.2884017375663297
bigw,-0.0005398260980335721,0.07047016474818198,-0.17200192173985918,0.29536037119504616,-0.27696444297735634,-0.24533500189201246,-0.3298806126427964,0.05396157949885716,-0.2914526271686915,0.021619122055410524,-0.20041334750981882,0.33914285408815875,-0.1741229003497577,-0.050411103340104076,-0.10839717099634724,0.3475185121079057,0.33091856848887113,-0.21324042331771706,0.2619671734521664
bigw,0.016147305008049506,-0.010286509173064576,0.023213003173444782,-0.2957443942389876,0.3842871330377067,0.339759809916447,-0.2227948070789384,-0.05276792555546059,0.022714433732299227,-0.14699806812808722,-0.3153698503327509,-0.26891974614938274,0.031087257304962784,-0.0070365603960097925,-0.030328812611354235,-0.38485366846967,-0.3053140005350025,0.2559313313973383,-0.30608714353072536
bigw,0.009854906192914197,0.02287806512674273,0.007421750961617713,-0.27674608212821805,0.4206224854767786,0.3634220836859451,0.3507579328527145,-0.006776402897438741,-0.06791020062210477,-0.13458375525470653,-0.35379594772525025,-0.1985504797818026,-0.06176587299678053,-0.021979635767808228,-0.22389837064308346,-0.38482831040734,-0.2860911687808973,0.12859091733646386,-0.050334075002856075
bigw,0.0004644669544234395,0.18968610512984532,0.03620606360916112,-0.21714592966882046,0.3899827794609343,0.29685320609469784,-0.39153044832829464,0.09539348035262447,-0.1285747816903196,-0.0801200980301126,-0.28354509175748654,-0.1386733418255378,-0.055678779332589454,0.04350762732391904,-0.34216321000215366,-0.25408925480399747,-0.28949728866802565,-0.11685702555686414,0.3260037264433681
bigw,0.02375350925490301,0.184663708480002,0.11638161100014255,-0.24225757545397014,0.3922098568767391,0.25785378075494186,0.4016762710584449,0.007397575995812866,-0.15183412011698122,-0.06660825732018502,0.22083284418646038,-0.14103971733093895,-0.043501648865819496,0.03864049343600437,-0.3108086932408187,-0.2542887250628366,-0.3130348120413547,-0.15363312883452737,0.35993942292008024
bigw,0.009188665854021616,0.15585598056866004,-0.05093868404634714,-0.26222680965001194,0.2885909863849485,0.25261579068004403,0.38666582921813064,-0.18533762035477375,-0.17478188854679638,-0.1440970677448286,-0.2765690487212982,0.08803400675089522,0.03036722060682123,0.03006607375558898,-0.3560094591311187,-0.2686485982293305,-0.2926435315701591,-0.14862068301697257,0.359678868186752
bigw,0.031251764698479345,0.13322484663956277,-0.11698339130323127,-0.2634517146926937,-0.36234867695993006,0.24045988977032287,0.3607794317062973,-0.18739705456600525,-0.11439582268874406,-0.15167968851916722,-0.213481677949318,0.14555477972471206,0.15091872313509294,0.029843904606693155,-0.3619334294282222,-0.2735556602713117,-0.27404292957110843,-0.13268862899556735,0.34598708806381867
bigw,0.04764484666765412,0.1389165866976678,-0.10379789535964182,-0.2791594750502488,-0.1559765728735442,0.2542199915045145,0.3775547534960244,-0.19163848225122637,-0.12029474935109145,-0.17351652318649577,-0.19838018426201318,0.18768517949350907,-0.16140649079248148,0.031908202278786386,-0.38398479250977985,-0.2946737745458978,-0.2894245778825579,-0.14274482866277233,0.3729875617864932
bigw,0.000278941316520723,0.1502456349196936,-0.03710438409803607,-0.26750663475605846,0.368964030935785,0.2569849483901735,0.3890810934536362,-0.09952575239093692,-0.038103196617640465,-0.11649222426446701,-0.24985789899078692,0.030055185959430467,0.1385356228839751,0.05399303633071847,-0.33704516509329346,-0.3004576899356241,-0.2839297130650471,-0.13447616984398408,0.3714678858059373
bigw,0.003384302296159323,0.07839887577365626,0.17057985497012806,-0.26158512706495207,0.3086066908429992,0.257180994022951,0.3864354791481369,-0.015523341432526955,0.27525982708444363,0.0030063580171346403,-0.273727057712166,-0.3438608017326198,0.17480389613704253,0.08492588594276805,-0.19653662403674466,-0.3147428963149532,-0.23557790263775596,-0.06268670178920746,0.28556429329492666
bigw,-0.0006190872880629171,-0.10000135249393075,0.2714607656849478,-0.31361248448087886,0.3084032984053353,0.26516921638188473,-0.37566905961400615,-0.03521430261198234,0.33957483509181147,-0.02691539993558551,-0.24535371747778076,0.2986013655223462,0.20508914977450426,0.053350795442586155,-0.15801073655702086,-0.33971963269406985,-0.22632744862493281,0.06993032079034998,0.05801390154418743
bigw,0.05315275073991127,0.015175006552828739,0.08318058209905395,-0.3035990516050924,0.4072411945020901,0.29120211958912934,-0.2816933655239119,-0.07273515479652598,0.12826334712441462,-0.08424505970035098,-0.27664392424743767,-0.28211469226608404,0.07575893862735096,0.06223694422494179,-0.2269739347880117,-0.3801863473977931,-0.2651199101097338,-0.08117512816064684,0.32120675773326385
bigw,0.0004848895465147385,0.177937239867945,-0.03807572180259733,-0.27377594282613565,0.27220515719340105,0.2740367580653543,0.4143780147732458,0.03609309315595538,-0.0776104930275457,-0.014977401302471351,-0.3685456442180536,-0.1455820219702203,-0.028263839014270153,0.09693988220492074,-0.23226375123867463,-0.34395334425283364,-0.2625301735314334,-0.11095652564378064,0.3778676475227042
bigw,-0.005200305766841146,-0.28784711742750557,0.018215702741961506,0.27349273081197545,0.25626671598800654,-0.2787207708934593,-0.39487250545441127,-0.12262407004514031,0.09423405035504717,-0.02645765947531741,-0.3113710457741817,0.12602198577714543,0.027855802643847734,-0.1137264686416495,0.21079109265368057,0.32321602234039354,0.2658524736285518,0.1225075319251015,-0.3962130638762904
bigw,0.0004948620373029067,0.27164226916490464,-0.03647621515064159,-0.25153711084379116,0.3911216694431619,0.27188209709901906,0.39473144429587637,0.10396467787226371,-0.09917652067984042,-0.0044971149362169555,-0.25413581131926666,-0.12643131660973952,-0.0449566472044052,0.11517086953874862,-0.27993643807107693,-0.29380515238607646,-0.277061670516412,-0.1047552631067669,0.33159796053584106
bigw,0.007965818287479429,0.18081984851190605,-0.007964066349673608,-0.28566749316176365,0.40058834809194976,0.25852802443223355,0.4037315019982475,0.048611564704493467,-0.12241239765496079,-0.015975896274120136,0.2426688405253773,-0.13853947847695552,-0.04369720401782892,0.07159816244024612,-0.2925303843272479,-0.30818205999217574,-0.2934672839366183,-0.11628634190102952,0.3352789545677064
bigw,-7.071764660369793e-05,0.004668020625599148,-0.08914151781558077,-0.3132704383533817,0.36632356521020787,0.24260326809302915,0.3685404504770347,-0.2344836935064736,-0.04446854350156442,-0.16873178446411713,-0.2370190609371933,0.16468743427551538,0.159439310035183,0.014066907646532128,-0.3052871786565126,-0.32763387365914537,-0.2575788403477793,-0.09340047308489317,0.3083152889395824
bigw,0.000503309952912349,0.1975040714012833,-0.032841141532758966,-0.2376118542820834,0.40276373535991106,0.27303028896727644,0.4231009472867292,0.008877593854205633,-0.01953170418380446,-0.0075642764627740534,-0.307731120907862,-0.04606200017824442,-0.04008563113659512,0.09368476350659298,-0.2923655597999175,-0.3243253022842288,-0.2887499330242001,-0.09747195724220584,0.31050352941139775
bigw,0.0012173668713838992,0.15563188261181393,0.18509431516146946,-0.143054198935301,0.29581343289725803,0.17655504048361056,0.3758874039721203,0.13728105956023048,0.3139464805652087,0.21041115812913408,-0.24785934518420344,0.11369450269212344,0.33765535160760346,0.09469843320406708,0.1166230140495515,-0.28257861716769384,-0.32907393782487393,0.15003986561895133,-0.2789471557401386
bigw,-0.0028512583825901607,-0.08880586723975714,-0.282634063999592,-0.002785810270718199,-0.26359477564373973,-0.08735551854457428,-0.3575667135304725,-0.2526295372792833,-0.35374358889074276,-0.24268633936701925,-0.35606171178949947,-0.037970540457135986,-0.2940301032022302,-0.05072303082410381,-0.18688164380266384,0.28128291880101547,0.1768474846483433,-0.0958733992097393,0.2960471656430632
bigw,0.00034232706214840363,0.21333136379981593,0.23768395814137477,-0.027493921569365004,0.2688132171933134,-0.02059890703991409,0.3381369154795086,0.32007155935392667,0.33256674956277954,0.1326225642244194,0.19716713401896496,-0.023863331131570468,0.2879930593311373,-0.01524160351933401,0.276123846970402,-0.27343992434502157,0.3337600890103556,0.04515549998153217,-0.3041681958370266
bigw,0.020877577578925943,0.020564135379314768,0.09704138229100219,-0.11251563823532054,0.3054563814227074,0.1404814053149783,0.361911590184452,0.12304030122493394,0.2897746969270691,0.22582695945885084,-0.19683401535906656,0.20198341080401708,0.31354334819063473,0.004332606276832182,0.28318986155002346,-0.29220301773254265,0.35794046381864586,0.11575962821684646,-0.31369680752771906
bigw,-0.00011213206988806151,-0.03457998075406821,-0.10622023811392957,0.2170365255143584,-0.27988136521582474,-0.2512565979860991,-0.18726123824489108,-0.05153666273347225,-0.28003774892504446,-0.18272761917482722,-0.33495719208521163,-0.2605678538584381,-0.28464048546315374,-0.07628466585404117,-0.25987878872492903,0.28642957672903857,-0.3339489718980367,-0.19432778885690563,0.289178625617168
bigw,0.0009008568201717138,0.13959523309503835,0.15368681344405663,-0.268220915941198,0.2590364555606727,-0.1666421506120523,-0.3256302617238265,0.035031611303555386,0.2869196104860488,0.13579181596340925,0.31314202164021876,0.3039912202886048,0.281616332962699,0.15840171041979445,0.23898595517180926,-0.24970227006624646,0.17597908550181585,0.25615590513063746,-0.2667200334611024
bigw,-0.0023742292467606525,-0.21010422715490396,-0.16172594543513083,0.25874746955827377,-0.25129814194343114,0.2787396056285228,0.3120015108931051,-0.048991356044711165,-0.28747423494989943,-0.11719493148167387,-0.30056984691001215,-0.11452124097035192,-0.2787617723356793,-0.20527297159230326,-0.19299883085061548,0.22344305718360696,0.32541135041284136,-0.2638989454824944,0.19942406303044483
bigw,0.0034005064634024217,0.30164437693084134,0.16433449313386395,-0.24943294918091588,0.25339491956153515,-0.23756489663220318,-0.3117699971348365,0.04429672433591854,0.3048804687500085,0.09535038046709969,0.2954040113057619,-0.31418577812255044,0.28034955866184746,0.29822793899929084,0.1239496058760157,-0.18793324287105007,-0.2638702453424796,0.12432615777794193,-0.09304050931530944
bigw,0.0038337573179581946,0.3267625816037747,0.15739546527183423,-0.2404192212323779,0.2509329789003079,-0.22278728625490216,-0.3096154869117953,0.03342225745287607,0.3020955766826063,0.061302822994068834,0.29450173238757155,-0.3032496684819199,0.2715771197658452,0.3228576434567138,0.13842114291923494,-0.13945358204838124,0.06869625899637744,-0.3076060130204547,-0.10686535501161236
bigw,-0.000517909860029511,0.3077856665257127,0.05305281573056948,0.1277705645418031,0.04751092077014837,0.3600459371550459,-0.20350076909522757,0.3345747636700356,0.1895482391433122,0.2883533299679382,-0.09644012127068333,-0.08331774019312194,-0.173673693403306,0.006621228602799561,-0.33878904901149914,-0.33420802821029716,-0.2629064771933569,-0.20957261560258936,-0.30959042160961403
bigw,0.002223412948865717,0.24661294432168937,0.14190739714126288,-0.18149867824495405,0.2656961179339063,-0.22763835667108925,-0.27291756817832413,0.01519696548407091,0.31843203500421674,0.10722394682543161,0.3074415175291263,-0.24222864375229947,0.2815059436391612,0.2607083611744429,0.20107135086162276,-0.12489334554264102,0.3098618197727226,0.3123329068825746,-0.16147559792100086
bigw,0.0027445009414643166,0.07890136540496118,0.13808554299555664,-0.19401775482297495,0.26847681309245663,0.25489383697209045,0.32688271658196766,0.015399213422882885,0.27814294877920914,0.13136706129863251,0.2797263247580724,0.2594583866891842,0.24955632101112085,0.20500822273408817,0.28068080075551516,-0.17613344088659358,0.2830679086571427,0.26220049289569974,-0.2995825591034889
bigw,-0.004196462336885409,0.012646961269535814,-0.19333792673965355,0.23542432394444374,-0.2713737794827592,-0.22986481202778455,-0.3378189361130803,0.046300781432965496,-0.2776315670664283,-0.00357773135025449,0.25826984052315183,0.2539033085681984,-0.18863416786229312,-0.20397845687259966,-0.23546407079556006,0.25166637323509505,-0.31375201065665664,-0.2651926899884343,0.3021420281144359
bigw,0.00558167135341775,-0.07157472542549952,0.2128470723772088,-0.2490260592009086,0.2627778668584078,0.2261629233406028,0.32956384035467,-0.061608181455735905,0.3013615399630827,-0.005929144655770347,0.0753277166174342,0.320694862978239,0.2172255768352614,0.21369167181510187,0.22775295912225788,-0.1962506959838959,0.2971446768340028,0.30697589444997586,-0.299683261135586
bigw,0.006422009243292073,-0.07650831685575299,0.19204042122682857,-0.2499424904039756,0.2635734163625645,0.2245989289214144,0.3276138490044512,-0.06626935384179314,0.29355615064249846,-0.00715721026963785,-0.32826128654952424,0.3205643267269048,0.21638750781601096,0.21484534766849453,0.23052379283430566,-0.18578000455432805,0.29475238104864276,0.0737509052192929,-0.3057099151725742
bigw,0.014452547899059932,-0.07681896831671141,0.1430843184803533,-0.258947111048289,0.28810167932034964,0.23606443352509576,0.3441113970348856,-0.10263821992695663,0.24538510634195987,-0.04258013827839442,-0.2845446575429501,0.15809175604110465,0.21560432917874928,0.22214591723561955,0.2541519025096667,-0.1840829518489996,0.3030644969256307,-0.2991019712056904,-0.30868502536297365
bigw,0.0009862446332510849,-0.038724745429731096,0.006757587577799318,-0.2353892631953689,0.35121683705189355,0.248434380933629,0.37622437504696576,-0.08226392477851296,-0.0454472350993623,-0.03898053050579205,-0.14351617858739216,-0.15756555799138322,-0.015685175571946198,0.2138438410149684,0.2958405307765578,-0.22107354580269847,0.3421030225068975,0.3709486574920465,-0.3516320811835335
bigw,0.007796023367351556,0.035563391837120595,-0.008730288719836797,-0.19318319625785688,0.37228958141205176,0.24237104899559106,0.3704171387528551,0.005513135510597539,-0.1151564841157662,0.013257188224932482,0.35143243833879156,-0.1254534012616151,-0.03160453440467867,0.20798441392258707,0.3329800616401352,-0.23072439157283556,0.34808506860430244,0.1389787980824341,-0.3538820942249526
bigw,-0.002380140988542669,-0.03803557268169022,-0.030392656994346984,0.19124286421753528,-0.36052071246259837,-0.2378411110943559,-0.3618965847652026,0.011759805795628062,0.11192268568212756,-0.0017170662936273496,-0.19044752447348928,0.12371712354559503,0.030276109701428376,-0.21420891011801915,-0.3527653941543109,0.22494124218752642,-0.33864655914231717,0.35641963322896536,0.34020344549036663
bigw,-1.7744008175438593e-06,0.009178290148232661,0.09843564407767968,0.21288836551583837,-0.3483841074766956,-0.22939609340737394,-0.35123005005958746,0.24990327578049698,0.05385101024027885,0.1083985345277059,0.24010146724532436,-0.1546416491172761,-0.22459160057938402,-0.21576635448553108,-0.2689500511331164,0.23770618668697446,-0.33785649534964757,0.20250485254082506,0.32847139135330755
bigw,0.007903231180173545,-0.0061516133597108716,-0.08166917378151745,-0.18676610064124072,0.3396398606528781,0.22575664762690079,0.34415844448670896,-0.23636052269097324,-0.019969666342379108,-0.1026484411789956,-0.2115638310660857,0.19890552339380563,0.32516101377175366,0.21987783929897392,0.2497910655393707,-0.23979565710545608,0.34289951273793434,0.16772207042303156,-0.32068004855456594
bigw,0.007225725286959986,0.002840281531141618,-0.08013344669921799,-0.17532421031591733,0.34428277677005714,0.23030392776918193,0.35079188515417514,-0.2368836927517884,-0.02127787774846288,-0.09548976016400006,-0.21388924743976023,0.20430771384619695,0.3289058052934763,0.2277427069538228,0.25488662404194967,-0.23584319745041715,0.34765936287373095,-0.08230346326146806,-0.3267345456493114
bigw,0.007952653296785323,0.011029234809845368,-0.07761485449929936,-0.1643887696092316,0.34192720877792726,0.22869265563639804,0.34883066143265073,-0.23384966631290294,-0.022018646759667557,-0.08535982611561137,-0.21174613521255042,0.20010966825137508,0.3274225131339634,0.23001720719363672,0.2551338564268429,-0.22705518737459135,0.3437867680399299,0.16946311698573163,-0.32392638498333065
bigw,-0.0013353894233658697,0.02275485867693248,-0.027451670780076154,-0.1622062536586333,0.3310753153053594,0.23647893228225939,0.35379104563670155,-0.19393933479952502,0.05158308484223879,-0.06427102692096769,-0.24900156172063054,0.06330859729638028,0.2628359256415227,0.22724820050729122,0.27710931904359043,-0.20676699771289678,0.33548349963102075,0.3298433062850725,-0.3311952273105038
bigw,0.0033695965252861088,0.026564706933499476,0.07443315307254056,-0.17603450186368347,0.2884824488382716,0.23883231028952723,0.3439428646953388,-0.050864477897658765,0.265634684053098,0.027754782710445538,-0.07339983293413124,-0.3298850233086656,0.2415914582294396,0.20301183367853076,0.2865211188610061,-0.16889826770827948,0.3046815642804977,0.3251536377338167,-0.32759465252305764
bigw,0.0016811128876248946,0.02132902580795734,0.09869964522593652,-0.1792545820656547,0.27329819016526957,0.2338681670264042,0.3369502437903696,0.014694361383070807,0.30427468573223737,0.09183388007410125,0.3312889370797873,-0.08438777851583343,0.25552937922771624,0.19709728122242354,0.27821255262589567,-0.16452005895249724,0.29438400916284535,0.3114234649350206,-0.32308704359943136
bigw,0.0008567464855552734,0.01843288770539082,0.11813172604681454,-0.1803645302814228,0.26680662377300673,0.2339710306921158,0.3375113359226948,0.035971903610410624,0.30782398916093584,0.113269180216283,0.15017463939811904,0.31068788861486263,0.2587619611483948,0.1936773500355961,0.2798129187316435,-0.1843853893436837,0.29753706332919205,0.2817569965221185,-0.31732560867327325
bigw,-0.00476591640418663,-0.0514248155449919,-0.11915314621793387,0.20940669507647894,-0.26749487563736835,-0.2721216543720632,-0.2752676916000378,-0.03860044543730953,-0.3065775272592369,-0.09356625079338594,0.19634178677825395,-0.3196529389544967,-0.2648384596366081,-0.18467861838868252,-0.2659504527134275,0.19410606530558014,-0.30994319538892384,-0.27272656477601326,0.29978551857130603
bigw,-0.00047577639583609206,0.28037520513306624,0.07166754405466541,-0.0685871985660788,0.02646683147934159,-0.035561359573001924,0.031546373682525275,0.400067835419178,-0.1372666126196646,0.09178466334864899,0.613666651651118,-0.4524990466569333,-0.10497735206079219,-0.2107674777979791,0.17929604270623278,0.1882485740821729,-0.06594327247203999,-0.11081099186723083,-0.016452896876415345
bigw,0.023129213326453513,0.26217815051346266,0.14758749777208954,-0.21798488047886272,0.25844774198096293,-0.24211375938168053,-0.3229869029971309,0.005484671403096941,0.30687450892681484,0.0371653192697459,0.33268830598127846,-0.31664804556303905,0.2609333830319785,0.28640492016402835,0.15825248392424757,-0.1564528067007806,0.3158584746293316,0.12368809887666629,-0.10486578128668525
bigw,0.007333179247372579,0.26072527407890356,0.14658530676461703,-0.21759364910301965,0.2587555519742913,-0.24333198870400233,-0.3238482786365761,0.008313890710507962,0.3014283880109757,0.03319785002300817,0.33558788277890184,-0.3162790389012192,0.2606883260278262,0.2814648168116396,0.16031679373759583,-0.15656194009446883,0.3209256053628911,-0.12505286160415655,-0.10694910146292677
bigw,0.0008492514667995428,0.22586120029939422,0.14597369065778443,-0.23592155943227455,0.25986872171644876,-0.2731871269487194,-0.15691170071482904,0.01079436557910922,0.3003709252543518,0.038021244998268505,0.3367082210870033,-0.32197252565477436,0.26310268385327257,0.2632597846543586,0.2002588687316809,-0.14367649317694353,0.30917012523285836,0.27580137450637654,-0.1596363592971608
bigw,0.001746147928663631,-0.05080539415036356,-0.16655636875558053,0.2522471429152633,-0.25480482084605266,-0.24546032144704302,-0.31969842182419433,-0.004426692106158576,-0.29654796020707996,-0.0637363457396647,-0.33821416359641654,0.33072943160905616,-0.2553276187469377,-0.19977569703818943,-0.2849681029675651,0.07622553431230851,-0.2591652048204807,0.13282255654223576,0.2931626231342386
bigw,0.005252660201338423,-0.04555377108396022,0.18844062514091817,-0.23026261929316355,0.2608899679713798,0.2462348452278869,0.32957690488426583,-0.03433161134326526,0.2928631080471742,0.06540399107745398,0.1567021197786566,-0.3232499092431527,0.20641216863025502,0.2095934650544736,0.280063415102906,-0.1422195829916535,0.27996053729846165,0.3200469867932073,-0.2929189205898985
bigw,0.002892835054519406,-0.0888293186300504,0.18610387845274406,-0.214831791647611,0.26696705174970536,0.2504179370142524,0.3424075247429661,-0.06143405724237772,0.2860246580356308,0.01647553825811888,-0.12376347340256254,-0.31857979783914536,0.1903661465179952,0.2091799644276932,0.2520338868429679,-0.22584238249587021,0.31004245467758756,0.3062129472131147,-0.2702189453581511
bigw,0.007329031608605078,-0.09934776639974782,0.1662877123579959,-0.19861125502174143,0.26797585300786003,0.24616969455850699,0.34071708951050805,-0.061491073305156414,0.28988635608871116,0.00658632922876919,0.1660330177028284,-0.3228080009945703,0.2017838509146001,0.18921106601441928,0.236729734330878,-0.24571016590832656,0.3141618156736791,0.29987756399258986,-0.2708255410928376
bigw,0.0017364814194699085,-0.09176573981654308,0.039054225352163296,-0.17917240016327537,0.34523525748028866,0.2870292510343929,0.38788555768868227,-0.0555455517311154,0.04993744965348906,-0.04874564157245758,-0.29970981436731564,-0.16137038054693714,0.061257640989144976,0.19945594065975286,0.2883390708830513,-0.23756111935154345,0.3489701516309891,0.2776917496268195,-0.3163832640244685
bigw,0.008039171202797797,-0.12295866023749058,-0.04156152829589381,-0.14536533400889218,0.3002755569722844,0.30881196833648655,0.37711443926873284,-0.034081169824142644,-0.13881025499475,-0.09179490199592182,0.30834622749960605,-0.07276997549694345,-0.02877872589183757,0.17785604619191378,0.32231381602641185,-0.163373831606918,0.34302802870876603,-0.35595507930817916,-0.3124704181832776
bigw,0.009534852685417585,-0.1355085737387471,-0.15361128551907047,-0.15269608550847408,-0.3484796666437255,0.29430468934271026,0.18966160157393108,-0.1861955826410438,-0.1748849120475322,-0.30238326073068583,-0.27028573906720127,0.1483106390499627,0.16162502791483774,0.1737869136008718,0.2641430785597816,-0.14296961079971712,0.32564005344219743,-0.31746963808688405,-0.2925673106158451
bigw,-0.0027678100100687066,-0.13598799800636166,-0.12598471487248886,-0.1664551324547896,-0.22438811794915764,0.29689815023121874,0.32995924458681986,-0.14322195152136463,-0.09549566668353032,-0.2991311618305375,-0.21334564414604504,0.21911038713540384,0.22106515799168047,0.18930418362135806,0.26623715502280143,-0.14034934478502842,0.3391520011148061,-0.31131544107510944,-0.30115048122166166
bigw,0.0011286003059927034,-0.11962469358044023,-0.08933604674767415,-0.15114835904054094,0.3437703899263413,0.2904014804304431,0.34915163510273195,-0.11281630373517838,-0.022645906903554402,-0.2911756443001906,-0.22560370039598618,0.10733468277167608,0.24833827341088424,0.19639259508262494,0.2602125560084059,-0.11744307619174015,0.3286655716790385,-0.30843086064436825,-0.2917323826678342
bigw,0.00218372050493304,-0.016561047727782226,-0.057738029653282785,-0.16548526497658764,0.33558061462700073,0.19964896805759363,0.35039169872328857,0.0077966389540445186,0.2149344373901777,-0.13575210492795492,-0.2536979544092515,-0.25867008058506435,0.24685221570823268,0.1943550377247042,0.28019648402414443,-0.11301363375983081,0.32477328521581195,-0.3320703408228285,-0.3034118224366991
bigw,0.000676364560853392,-0.20670064964204005,-0.0691102479061916,0.18036172908640064,-0.28596950764401186,0.2721770590910052,-0.34418992691275685,0.0028490209096043635,-0.31152379161889165,-0.06237810947810294,-0.32187739676519456,0.31896767071192444,-0.28378867762788373,-0.23106215330735064,-0.17712569540021503,0.16510759169357847,-0.19249117815058023,-0.2966356825438623,0.14746406539150067
bigw,-0.009395161523506937,-0.29500400114170755,-0.11202170410336007,0.1690397632307257,-0.2722188616419394,0.23696576485725393,-0.34544930237748533,0.004334819017558755,-0.30106846961324024,-0.06553652226471102,-0.31308531773805315,0.31794451144612124,-0.27647137982676634,-0.29465298787460953,-0.08486882907822392,0.1800523106346138,0.24622699521589936,-0.2507775001813647,0.04237460030949986
bigw,-0.00016685055319827226,0.2939068491041906,0.03361626116316889,0.13430565432938646,0.9219039773038027,-0.005412042650934591,-0.03634147828833552,0.026492258563790158,0.04807242099497916,-0.04568406697645068,0.02440221408960155,-0.0038402433820086557,-0.08769055138887774,-0.05153653633094225,0.09553813731887702,0.039318658007902116,-0.10693177295265054,0.061789255648361074,-0.03481756166512236
bigw,0.022673616669505958,0.3142024513545196,0.1166635924100376,-0.17152118858012846,0.2663785034360725,-0.23041830714042386,-0.33644558167302085,0.03418737050283507,0.28618560578816327,0.005708325980142055,0.12226466355736473,-0.28974299236082396,0.2728320534064018,0.2989308136971312,0.158122839355508,-0.15955709879727786,0.3148151137338387,-0.33089704398728687,-0.12703657987256003
bigw,0.006876600489779916,0.31902368131642167,0.12008653825111051,-0.17317005196369648,0.26492039426216146,-0.2301459323881049,-0.335279020983631,0.03226144127410948,0.29074127921633147,-0.002060398346282667,-0.333380224111902,-0.28394390141859455,0.2699224861025534,0.293705627056111,0.1637346785607429,-0.15820277436443247,0.3117847388774701,-0.12306904058516488,-0.13265440338860182
bigw,0.0030860546671539002,0.3239862448591795,0.12353012365696023,-0.18249410769038088,0.2644236563819599,-0.2360101577354114,-0.09412542764689563,0.035563253145262916,0.28143004069411504,-0.004004806933139864,-0.33270715871968154,-0.28881512338837445,0.268447949272743,0.286215680495116,0.17030657368419583,-0.16230982397198793,0.31300526450855715,0.33418510614244346,-0.13569257675615368
bigw,-0.0033444313715122256,-0.25040540152066304,-0.11798803652481872,0.23246778905915652,-0.26727884324653867,0.08544539386945185,-0.32443141043244406,-0.02934265024404161,-0.2755457427692937,-0.002248748708807433,0.3252539325461356,0.3135723225225475,-0.2676782556716038,-0.23686799443513765,-0.23706156820763788,0.1372483970168708,-0.290946587758766,-0.2384621446051612,0.2452005444304844
bigw,0.0076360398443277855,0.1239021070506351,0.1322440272453223,-0.24386210275867842,0.26854268993760283,0.2839619893247558,0.32089311093074224,0.01957132616996806,0.27066715526142404,0.0187285841963888,-0.31890680836112634,-0.33441513492652786,0.25213132117236564,0.21274681797540648,0.2993651268257414,-0.0870165246890364,0.24239547268943126,-0.07250578289071608,-0.30725253943137204
bigw,0.001138582312888194,0.032378006577389866,0.13697952410282932,-0.20436347457508708,0.27601622768592077,0.2526025262214715,0.3369111781081259,-0.018831771281602235,0.27377230941457303,0.03409643164051486,-0.17594793076710497,-0.3327961439341817,0.20545016512059663,0.21611699360554615,0.28690284630682183,-0.1797512356974833,0.28577873437299356,0.30169059687579125,-0.30085794801117044
bigw,0.00422531219850171,-0.004283893518927183,0.09873296476532456,-0.16527113456446615,0.28773374374709937,0.24344966492501052,0.34570898894727903,-0.03816985690560136,0.28808463444939303,0.03497225852026085,0.1338868981900608,-0.33730897491419665,0.2063408881650025,0.1894242715664337,0.2674212638113137,-0.24918314188298613,0.3106693368786465,0.2967454988137989,-0.29552011021777436
bigw,-0.00026654370219559204,-0.037912828103710564,-0.05886162251167104,0.1949088995641232,-0.3097121005743381,-0.25230366015266914,-0.2100213049002276,0.0636077868513059,-0.19381275983502985,-0.024106988889295237,0.32084321654687226,0.3330963233279114,-0.1712353111442366,-0.20774216692628522,-0.30540769693076636,0.227998105646957,-0.3026306968740768,-0.30097124835280636,0.3121416269019207
bigw,0.0012613426984533326,-0.09428999381669556,0.004483276508703171,-0.16767929765348855,0.3174520026889598,0.3215471405886479,-0.18941622817873527,-0.07922543256121871,0.2766417304624545,0.025283076459647676,-0.32697691286706765,-0.3161446351171405,0.2013165555605681,0.16101513554855443,0.26355531323428527,-0.12559943383958508,0.29365007030982315,0.3378933495617296,-0.2837694371985605
bigw,0.0046243816831040485,-0.08885422864983424,-0.07683580276726865,-0.08402604015638834,0.33128805713189147,0.22932739816480974,0.339145248335853,-0.14923546306372049,-0.0044002484692722025,0.07580364473677773,-0.31730552740465795,-0.2616060267129349,0.04243790956325352,0.17366106511005006,0.3173444948633479,-0.19961129988806645,0.33151923695686386,0.33736967219430714,-0.3292211228893999
bigw,0.008835490356182396,0.0719601047047341,-0.13454329751732352,-0.08576492421391717,-0.37446946937055686,0.19334982380400484,-0.38124141888728913,-0.024075656229790292,-0.11583774824864101,0.13206717524386205,-0.14857161750595327,-0.20938361645172363,-0.02651323396804655,0.1966439496928227,0.3425987434820766,-0.2698377926606335,0.3381441011475335,0.3093808842935814,-0.3308123153164628
bigw,0.0005322301238695003,0.1198864301135456,-0.16280683474337376,-0.11744887804354147,-0.337351424556252,0.22060718647324898,-0.3469087455445798,-0.013673069268283157,-0.15278081463782803,0.06411537050460218,0.24287899978243785,-0.17643317197831976,-0.003706013290632416,0.19356612280847593,0.32049631447941473,-0.2862989202780125,0.34101286182085255,0.3189744360752458,-0.3233390839441847
bigw,0.008281681944479844,0.013838456396402864,-0.21805095030978586,-0.0912856724452569,-0.3302586388923618,0.2389012999202658,0.20940723146465523,-0.2277834188046439,-0.14148666646693336,-0.09771456437287056,-0.23620053138134675,-0.3030365040457485,0.10733231872323101,0.19630553730584457,0.2336248957314187,-0.2762684290516181,0.3526599763008816,0.3351105404507218,-0.295348006176114
bigw,0.00016834736837252894,0.002759688300812302,0.16363768327682907,0.08341661738422498,0.3606792040655745,-0.23691382852094459,-0.19268311423616002,0.21748622518754807,0.06940724085129014,0.09918630528575527,0.25768567270948034,0.32317571587263494,-0.1364736114548017,-0.20096192673903282,-0.2364068981711858,0.2741608781011109,-0.3492394241284779,-0.3313579042022465,0.2971244602704743
bigw,0.00043720627649043215,-0.23690298312314093,0.23179981575582612,-0.067632556108976,0.1817374270885684,-0.11368992930582278,0.13687846471185558,-0.08352183346593092,-0.19205106010514567,0.3118995815055042,0.25455504538481,0.49405831017464086,0.12256059154619021,-0.18050122355071666,-0.20396789945993887,0.2862365948715465,0.3162379451207098,-0.28400662785248226,0.13801096836679452
bigw,0.0024903440856911666,0.25339106448080045,0.14360798176657363,-0.20260332394054176,0.2713929782608333,-0.2354730981892337,-0.1955534448433492,0.058692374451229073,0.2439150454464557,0.0004620941611431871,-0.29716575659755246,-0.339638593201145,0.3038084526248006,0.2559976404819508,0.19463133414891812,-0.13586358114155275,0.3132287459341547,0.3225444243486484,-0.1544523305483807
bigw,-0.0010484788643996808,0.03265869498527473,-0.135043992748615,0.20145241395038244,-0.21000662502628897,-0.26744893683862775,-0.35002158498633923,0.04875397291764188,-0.23374152872398,-0.04099760790498453,0.25335559166856436,0.31544041372807247,-0.18429240889621723,-0.1960423058376215,-0.28014216366240624,0.16590671519589467,-0.303944594546727,-0.3293056006170968,0.3167911283686112
bigw,0.03064108636676849,0.03263698319813481,-0.16612358432413563,-0.10045441428388158,-0.3624818690502171,0.25155944600434976,0.39180897089702715,-0.022428317244724206,-0.16333056231909007,0.08964045332052037,-0.1539828228332919,-0.13423297586403718,-0.04712084837051239,0.23370934368133212,0.3410498607056044,-0.16878407655841896,0.31100818196088065,0.35913348689115904,-0.32979720138990615
bigw,0.0064573767079720845,0.06018157123993297,-0.17656273912299345,-0.08268296570458043,-0.3392901887020017,0.2471376241441732,0.25300123928730905,0.016671189891095492,-0.16580776313265852,0.10035417388275042,0.34796144894825953,-0.1347798357880416,-0.04167179350063574,0.22241347740146855,0.3366976033200863,-0.18932589583814363,0.3188121099920913,0.36340831479522007,-0.3270448503932595
bigw,-0.007119997889685768,-0.05788028714586568,0.19371215463272917,0.07037849973887708,0.32346430962437955,-0.24746229211576076,0.32020074416309474,-0.017743488266666267,0.17621627967969264,-0.08340236483906584,-0.2755584710458497,0.1304531874141949,0.03596159476406667,-0.20451415000099385,-0.3325133417051946,0.21200389903153502,-0.32680063054787845,-0.37067835247250114,0.334174306887334
bigw,0.0005012637946487976,0.099549649690181,0.28079156567273056,-0.21748596289555902,-0.05999976826855581,0.03941532022591483,-0.002126197966471945,0.09725834881372568,-0.20153508184723284,0.13343488524946676,-0.0027626478760320386,0.39603664882994627,0.18382951075851361,-0.0763792202747053,0.2932870213881115,-0.4731535138188265,-0.31553426314233796,0.3992318781859152,0.15996278674139125
bigw,0.0006879297054774087,0.2400944425413808,0.12923963558158935,-0.1956724451683116,0.27088618663395236,-0.07622426492483192,0.32843064769130215,0.02541340229707758,0.23576466083462447,0.019344112074488072,-0.3083200872502946,0.293922758883747,0.3099997396169042,0.22812336605545147,0.22398461105104908,-0.11363763338627103,0.2893807275942673,0.31050971305279684,-0.2662157494363219
bigw,0.0026241635431389384,0.07837913616469715,0.1463071170394009,-0.18743957762900035,0.2862394761565312,0.26949956396967834,0.3349929164842368,0.003258194550329159,0.24980332330228655,0.0850566055599712,-0.25426452700652813,0.1811650276582063,0.2824640255472049,0.23743638393248281,0.29385405335451076,-0.1237725491876864,0.2820788321020232,0.31087228567474007,-0.2989548811236595
bigw,-0.0008221875803964197,0.04061256163783673,-0.1304391853028799,0.155722425875311,-0.2928514783308777,-0.25906754883120037,-0.35182699338422513,0.060284627784552625,-0.2819162850626784,-0.03500411110701109,-0.1825054572800631,0.33063553417392444,-0.1864385433653239,-0.2052852944747726,-0.2827951086463313,0.15622656483000083,-0.29197438928265546,-0.3040944707970533,0.3073409300157811
bigw,0.0005384546078848445,-0.06304419387408804,0.11511650744569213,-0.16341594545827165,0.2983421332813856,0.26482266723185,0.35717418760302216,-0.09491524363491154,0.23610674962272332,-0.004537239214615422,-0.15455725778731647,-0.32996295716676494,0.18144523146016367,0.19873682840608728,0.29246354766987576,-0.1509891449997629,0.2951909174793758,0.3215100993056244,-0.3171107356233288
bigw,0.0013216065925987647,-0.10817576750107893,0.1762344169136005,-0.19201726801982033,0.27712929390008034,0.26094212470227945,0.3457759562876728,-0.06902469943712837,0.3133411681511475,0.0019839706685109942,0.15997433225675223,-0.32558752013251635,0.1914940954991848,0.24339612402007688,0.24991704478008547,-0.11845335284836526,0.2744784100143324,0.3195829789295988,-0.26738218609319697
bigw,0.0023498292828372158,-0.03408772416078841,0.023342026487430778,-0.1500352728785806,0.307522767221451,0.2694876756001925,0.3382238474460731,-0.0773631713674896,0.0877991146197989,-0.004993026099299711,-0.3282754248687079,-0.23970758166695566,0.07204910926793931,0.2669217885403341,0.30323546416940905,-0.16622532305752602,0.31913319013015196,0.34478530214354897,-0.31385727806233404
bigw,0.0008643323554301651,-0.0003741132793887647,-0.1476871863046037,-0.08864760704491059,-0.36449300804982915,0.25602460395098486,-0.39103292677197077,-0.03032208612841839,-0.13367257256263299,0.048024046504673644,-0.2611878340207436,-0.13296257906517184,-0.029865716297805746,0.20058176075471837,0.2991038992840881,-0.19110542380354034,0.33105826331853055,0.3568278548441441,-0.3286215277905721
bigw,0.03357130650441451,-0.08030121594599507,-0.17168393980307303,-0.13125838587781363,-0.36160509306584976,0.26176514533612066,-0.3987511173625813,-0.0663318502651932,-0.16262005529483806,0.028099669132564068,0.2930825003167827,-0.1228279756126487,-0.027863057697720718,0.19195902816321248,0.294581379050724,-0.18787004533796287,0.337058360833806,0.2976908398347654,-0.30662827603824677
bigw,0.0013450904290408833,-0.16707096856592651,-0.3237748924792556,-0.14806455852577285,-0.326669139201481,0.24467619029934765,-0.3662757829709557,-0.29861892281360986,-0.25074920564334874,-0.1144632344142459,-0.24699205276860733,0.008926526793047937,-0.09419870582461391,0.16034246668188593,0.16326212057648148,-0.1792443665656618,0.326163762399401,-0.1909702136274295,-0.2866064911688755
bigw,0.03919319308450412,-0.23936873543953285,-0.26816642307348804,-0.1659211320083484,-0.335528512793724,0.24593273816253589,-0.3650438886867687,-0.3211539113741278,-0.18520737470050244,-0.15393941950706377,-0.20053960570440083,0.021772638753286604,-0.1966291850207478,0.1599310439600183,0.12748706174908409,-0.18059521200799095,0.3347024044229365,0.20451409077026256,-0.2610571174345079
bigw,0.011116907186825273,-0.2675693688413388,-0.22991687103072286,-0.16977449911824533,-0.3358203805782085,0.24245564338231573,-0.35973337095366137,-0.3224784992067299,-0.1530779586909563,-0.16579160591026168,-0.18631828029026867,0.028984878951639193,0.2422420669397426,0.15031346730499667,0.12360458337835938,-0.17115041632119568,0.333410306271061,-0.23295119572996417,-0.25300590281990887
bigw,0.0015756325812510948,-0.3226864869573245,-0.14440893612508232,-0.1654155348601561,-0.17409879593129518,0.23079672964085132,-0.34662957830030877,-0.32831656278934884,-0.06792312487013362,-0.16864549424033054,-0.19879831250460012,0.2810628378531582,0.2554711421500708,0.1513877927496954,0.09782991440166279,-0.13322261104233815,0.30937835187205776,0.34159911562417483,-0.23802574148314784
bigw,0.001205324494757472,-0.3231996474527953,-0.10241264520483517,-0.13633457695668008,0.3509330212654493,0.2373041961407113,-0.19525055900948782,-0.31473263682333846,0.0004828172096292614,-0.1562261873115324,-0.2182723528591897,0.30696401935007567,0.24393682273683967,0.15644962069540688,0.09988116164633075,-0.1220051107969934,0.31364440145843847,0.34556402118049756,-0.2385640431633913
bigw,-0.004088830751308082,-0.1580019328994141,-0.06978854938530718,-0.14248426189302937,0.34360869741758526,0.28334061342154354,0.3482013933425866,-0.03530241204530701,0.22565181209536989,-0.03585576790246084,-0.3101400664187846,-0.28515483945449727,0.3205625926088331,0.16351711531600416,0.2055019008282871,-0.05911103161575095,0.30055958188336285,-0.20643603165110272,-0.3019007895721612
bigw,0.010988515491866838,-0.0027101885104639234,-0.022079978479423175,-0.17327560533018785,0.32171561459919507,0.1549451532356697,0.3367469895576107,0.041508724165143784,0.27223438548295825,0.03280572670748635,-0.29106152618989567,-0.23332058791301355,0.28183328578990247,0.1444413623076969,0.2802161421858576,-0.13298432354521045,0.32477149116832277,0.3432759569283838,-0.30445530658581266
bigw,0.0018005736519764327,0.12816366047394265,0.016702189719694283,-0.17619317790570985,0.30173124567989673,-0.1206272319206252,0.32846416129238487,-8.795416736814597e-05,0.30684571124803706,0.09358007117153998,0.29499422675136033,-0.25999416772803596,0.27665337924891165,0.17811247803131325,0.2567712239946085,-0.1265229640239809,0.30791424850349947,0.32645961824952824,-0.2994192266783165
bigw,0.0019448434899691956,0.05054316548413508,0.03428579522228015,-0.10616846761179193,0.30903162605541123,0.21933463438589523,0.20634382081602917,0.06951899831776742,0.30658212071243646,0.22663118326837692,0.31511061210429925,0.24865666334745193,0.28439849554194163,0.20416436659582932,0.31145315684394964,-0.16925435626586102,0.2821592247993824,0.2551661387932454,-0.3075074445164037
bigw,-0.0013011116057363807,0.039624834141872047,-0.030653274502454142,-0.13884662587169025,-0.31808613746766634,-0.11316486652341168,0.19882429360630965,-0.18568384457460893,-0.3339930939756099,-0.34277237028179786,-0.31103469664525074,-0.14844092876070408,-0.2827130624414685,-0.005189973306796769,-0.298632660235697,0.2479602098973487,-0.3199708914995037,-0.15624767789302935,0.2915159829801724
bigw,0.004543803341424624,-0.11859264634173705,0.04741664466875387,0.150726388411642,0.3208534735306635,0.07258352473876788,0.35697191208965534,0.16605182190779688,0.31710488313832874,0.3503693037408704,0.3451109080006094,0.15860057472087818,0.2878884850141087,-0.1458464276008435,0.26661702537138715,-0.07091000688674808,0.20334482064850048,0.06914742170434014,-0.32216049131821084
bigw,0.008505996972486662,-0.1720307740022656,0.043764512072678195,0.10190542045792009,0.3194486379134659,0.08176131050101838,0.37529239753453464,0.17063330048900477,0.3116325676148558,0.3408216919314492,0.3596544194159935,0.1314547821950946,0.28790926745122425,-0.16871780910959774,0.24814567995247483,-0.053154094440087715,-0.14396665347793924,0.06316822463584004,-0.34500908236466654
bigw,0.009362214533948587,-0.18641190687664166,0.051681584202861855,0.07209605895781136,0.31819572295310755,0.08831798034724646,0.37615290004804774,0.15002697322549746,0.3004576272413223,0.3109987407115186,0.18266072896193142,0.11335676900205831,0.30318127896834135,-0.17567164489706535,0.24485923277716914,-0.07186241257394617,0.3707452941076656,0.05774381213424827,-0.3499118532871212
bigw,0.008495119299002277,-0.19196021054525259,0.07357128417110402,0.04873645188175116,0.32813682695378754,0.09181414381724762,0.3930545758273709,0.11667367238416773,0.29917833759979084,0.3017337689157574,-0.3731319658980318,0.12994308875793917,0.32598997452782746,-0.2033976857584109,0.22516958760111272,-0.08267098763904834,0.20439762492511335,0.029746990778847657,-0.2943675204478013
bigw,0.0004348464425703313,-0.22315755720581482,0.07856793857263689,0.05361899161802441,0.3369677023936291,0.09131675113088746,0.3976019098194904,0.20076318005963925,0.3103948986504808,0.2675041512477276,-0.2517054864990748,0.08001839631370707,0.32036239126087845,-0.3220986665278367,-0.02556882512839809,0.17073731898416894,-0.37369586846789105,-0.049388975957764036,-0.07027894683119776
bigw,0.005177175690781422,-0.27549177653615836,0.14104485170213268,0.17283353806659033,0.31661832570264015,0.0836147315821239,0.3627709300795898,0.2884615361362847,0.2784930527135436,0.1896735840254012,0.3539094398737532,0.007521349420885993,0.28167023923593343,-0.3372995762752521,0.03447033783000379,0.2981532467408187,-0.13689875082480862,-0.053699375581318994,-0.09288333138793098
bigw,-0.0008258391445527021,-0.28398858256379417,0.028309175638283106,-0.2272787530552394,-0.08740541672499037,0.23276805936866127,-0.07913196305441786,0.003791983264236843,-0.15193871645638346,0.046646217341286975,0.11386143437635521,-0.38700551582097364,-0.07767902393244328,0.48567648115054746,-0.17578856814426638,0.36952882499028683,0.3142696390291347,0.31599081132944057,0.05303899596530332
qwe,0.0012213138404454993,0.015014723208755427,-0.2763985832909879,-0.04324546100634811,0.2953624110927634,-0.22677690584076857,-0.37140414048953646,-0.05606186188540703,0.04912707596143772,0.11403991667570203,0.3597823002462678,0.30604858926116363,0.337805673008082,0.08691782388345409,0.034911604936807804,-0.14588760686874624,0.3734378292830597,0.24348679795630201,-0.2455990264962815
qwe,0.0012644969468876856,0.0039696529955680565,-0.2939512641115317,-0.035548586301304266,0.3143636133262367,0.3586715545734262,-0.3751896781218069,-0.051625970514952234,0.046230392667359815,0.10598566698647807,0.3578230443974989,0.30324044695048374,0.33589477902787995,0.07505566518996577,0.045456476179978826,-0.13597983257242183,0.2091287550543939,0.24764370315284767,-0.25292465541788584
qwe,0.0002968135243499326,-0.01671656057753796,-0.2855570035578654,-0.02596499942602575,0.30475102464171994,0.3495089235450648,-0.3629846061302254,-0.047898422424823964,0.03992657221991994,0.07489459659970185,0.1966142637710777,0.3093027166943935,0.33336493420404745,-0.005881008636601567,-0.005295766570536438,-0.0800031323533889,-0.30283962272928344,0.3249030163522017,-0.3346999031810699
qwe,0.002038252484621344,-0.03787797108209812,-0.27232625470273597,-0.019877274612367497,0.2938973439530178,0.35681087840681014,-0.36393561339472746,-0.052441882095090014,0.019049613791136115,0.037549718855287705,-0.35443644293816773,0.16651854663938864,0.316397474637232,-0.020137116185055117,-0.018169472693685726,-0.06305252856123782,-0.2956870946088831,0.33538898504206754,-0.3394965353246924
qwe,0.0007305923312738896,-0.02483367925952534,-0.2640540711474777,-0.02217672922334637,0.2880107795878379,0.37222773072785026,-0.2631020855797206,-0.012653225612199595,-0.02868689699801281,-0.05694855386017514,-0.3651372643938398,-0.2932620231132739,0.25277572015806454,0.04902285392783716,0.07002937261963375,0.01355199868406033,-0.35220466814872076,0.34041179799889093,-0.3218254454587399
qwe,0.0036253556642692752,-0.0069680920615319275,-0.24686698757121583,-0.07745755218315002,0.2744168509774629,0.3692809125488498,0.19280633698461483,0.01324787722930753,-0.010116940321243158,-0.1375794763369025,-0.3730678747160431,-0.274500791798207,0.22793914367213436,0.12079420444966577,0.09009641739517746,0.12656611123444875,-0.36961542440130507,0.3572853870088902,-0.30898646750046777
qwe,0.02458401181169097,-0.011781384895805515,-0.23429027690371731,-0.10522390592874517,0.26822379055687623,0.36483836989229107,-0.36869996387860127,0.01803315487338317,0.0024123321465344535,-0.15045265753806636,-0.36734824601058813,-0.27383430972562195,0.22647147574941032,0.12486999658795073,0.08242223048869599,0.15785735256691252,-0.204185953261247,0.3585042630452228,-0.3019902164850843
qwe,0.003338841261183799,-0.019924528460335544,-0.22026117906072298,-0.13515936354946,0.2626345270222289,0.3607791892587249,-0.36112380060719207,0.020078713231778948,0.015539233029939023,-0.16080673464093703,-0.36230951375796827,-0.27645934938371625,0.22707900675163983,0.13331099669194807,0.07474687500813275,0.18857589022878088,0.3564619962077508,0.21371924800667855,-0.2929913658938621
qwe,0.006830255946309181,-0.03220400779159094,-0.20141710114525072,-0.1739456373450597,0.2579612657991622,0.3082740317212356,-0.3521211385719491,0.024703434634866933,0.034793552540082186,-0.16986645743578194,-0.35818611539713574,-0.2746236401099115,0.22751718564745535,0.14503203726979386,0.055931503198214515,0.20171965120567897,0.34301494595233,-0.3076237584863115,-0.2815505911980909
qwe,0.004560045246933393,-0.04315226817736741,-0.19022264800194646,-0.19766958030352202,0.2638923688452881,-0.1677422976501145,-0.3538646025487533,0.02583118286928333,0.048211197189244506,-0.17897640281750365,-0.36271447345205765,-0.28334151645858524,0.22848747627109434,0.1480130276594982,0.04516678800026647,0.1886482072086682,0.35434439746755275,0.36494703548044494,-0.28727331941137096
qwe,0.0002135836242769649,-0.05960135133135724,-0.15871034591822963,-0.2388000325222808,0.27179775311618853,0.35296157950824536,-0.35103293613302844,0.027425312945821234,0.0480199171490581,-0.18571430257937374,-0.32493750820218065,-0.25000204672366744,0.2170583486017621,0.16636428361158676,0.03874607534310921,0.15388539968346715,0.2781205068922291,0.3534696385965845,-0.290954952004051
qwe,0.0010692632798531073,-0.056834214700181455,-0.3200733297871873,-0.0009683370437254602,0.34837306928761064,0.3164439891626216,-0.3789659470316083,-0.032111607389056857,-0.161799879412362,-0.0021407262460329903,-0.25106308494501395,0.2157261263256837,-0.2510748944335666,0.064784545049229,0.03345275114104075,-0.0963338953422351,-0.33683550388897543,0.3400133338939059,-0.2927775132488113
qwe,-0.0036222323907743343,0.01073482598562625,0.30904762163180965,0.008230566108534636,-0.3395067241762462,-0.2912461964293195,-0.39771094945903995,0.03718154730908648,0.20348687871597876,0.0014520222598112791,0.3108614172917032,-0.21487280488139504,0.2087189153081025,-0.021224765756143186,0.020394890507616552,0.13683699805105692,0.32877866614042944,0.24272529779482377,-0.3609451825175838
qwe,0.0038237843938096227,-0.010511123711753667,-0.31486515973154855,0.011158704356832298,0.3464963809697739,0.27867237299394765,0.2553306107879953,-0.038504169392444006,-0.23526450578032615,0.026929980446441893,-0.29720170168280063,0.19123222425441025,-0.17949129534745004,0.009080839839910511,0.003544714774761785,-0.12239848295332376,-0.33966146053620294,0.39043667914745483,0.37437031163138185
qwe,-0.0011868650551845037,-0.018057672546699287,0.312658618038546,0.017629931527703934,-0.34726781641692356,-0.34746352899616473,0.38270056229705557,0.010209054181401543,0.1869798254004816,-0.021073308047783623,0.2799812702309155,-0.22261330579381491,0.20682278853757063,-0.03674228759405214,-0.03140966873774143,0.09652133109716743,0.3270858205798982,-0.22071649407241672,-0.37448187282293854
qwe,0.013201568244613807,0.007844126663407483,-0.3307710437296854,-0.011856935744791748,0.361594220096122,0.38999541023373846,-0.39183960422654407,-0.021561135029574602,-0.19912269853224235,0.022691109416898714,-0.23379189145558035,0.14848629891796855,-0.1642505956416137,0.05083840230249733,0.03258070111046462,-0.0841030525852099,-0.3283711330044592,-0.20047462567630875,0.38852486793778584
qwe,0.0016298835189309246,-0.04631192173750888,-0.33268829293910895,0.019187871380800466,0.3625667030944147,0.35054088128013955,-0.351751462001665,-0.06711629697744415,-0.23880194895778592,0.059411864025894365,-0.26265918873075655,-0.03929986049934913,-0.024113615182748016,0.04173487251770363,0.010169915826137634,-0.13002532857488314,-0.3258487455001399,0.3436336319661485,-0.3599348456887241
qwe,-0.0020236459947994825,-0.016220144488451795,0.3283908207781364,-0.03876834770653735,-0.36032874773927465,0.3171739182624694,-0.32687053037607716,0.057372721231840416,0.2546909663315776,-0.09499178829086462,0.28091463466790884,0.04558051309335854,0.035276496924176004,-0.03665417708375433,0.023629189549921582,0.1788799756411131,0.310332552278717,-0.36367529549786665,0.3622560092253878
qwe,0.0028266320859818505,0.05622959568332213,-0.3280486102218597,0.02738310887476364,0.3578078424531734,0.32533462983575256,-0.32760977709737404,-0.018242780150218317,-0.2561240001585614,0.12798858154923762,-0.284564924830208,-0.0753653210364305,-0.04398483117889201,0.09320286281971081,-0.008344596992798707,-0.19077626449138352,-0.3146700138399403,0.33896790959369705,-0.34249327644407845
qwe,0.006171320252893494,0.09709355204984371,-0.3122015292657707,-0.013121700721171714,0.3441082294672589,-0.3701112760911614,0.3733675941680422,-0.016360419961467254,-0.25783585527166786,0.10269930793214817,-0.2924135637363148,-0.10174508984357192,-0.05054326032147793,0.11980412899074817,0.023373268845494583,-0.14510496355687286,-0.31164656430580295,0.30502018633072825,-0.31034251534159335
qwe,0.0003612401808763974,0.16808762916667155,-0.30005432782940955,-0.08288907110654135,0.3243712633788649,-0.3164407252689569,0.2335635706388899,0.07759877868711013,-0.2692488721627552,-0.2579728331862713,-0.24797486685794676,-0.22026673708608968,0.17411292275672385,0.18231539108587974,0.037871664545522904,0.037791947331086255,-0.307476485603928,-0.29683516656431835,0.3328586350349716
qwe,0.0006193411517911227,0.1323322787110421,-0.3133510298907526,-0.052415957141440025,0.33434009847617496,0.35013419057319156,-0.3484349349333299,0.07950574655106682,-0.1965862491397995,-0.1890954902259713,-0.2743028602923397,-0.15511605074745186,0.07036908453652785,0.18809613885217746,0.044859699831718745,0.0021815715899586325,-0.31041730524521477,-0.3097749030752941,0.3332742556777315
qwe,-0.007214676728851856,-0.06904527919234527,0.3024686018895356,0.05063152727891991,-0.3190882664472406,-0.3204967487062901,0.3461537531529131,-0.037774925451439824,0.09205324408885251,0.010808030324708753,0.2840688507849132,-0.2889352868877198,0.26453161311716195,-0.14436120273062333,-0.05774702280129291,0.06020192124706742,0.318623694003207,0.2900463094687795,-0.3452589213506808
qwe,-0.003285955331629836,-0.03590975582339351,0.2784628941830595,0.042390066366997485,-0.2922373059068999,-0.3120326164771493,0.20758632520021178,0.02247003876117016,0.07882961229744145,-0.024627342179484826,0.29271570924356594,-0.31822261810057084,-0.3490128387382645,-0.0858085685581846,-0.0185576711057832,0.10452601997746705,0.3130912432923181,-0.36727351112604206,-0.3547959483884823
qwe,0.009207964977511002,0.007888825905803068,-0.27256149569510246,-0.03315386971892087,0.2883222010521515,0.31361999398848117,0.18617688750551964,-0.041955589174286156,-0.0723104885115252,0.041559957533806556,-0.30520124370445245,0.32651420782598484,0.352556753899252,0.051577156816862514,-0.01716544489310982,-0.10542001226524376,-0.3097330682253841,0.37269585241866726,0.355981581121579
qwe,-0.010973088574254858,-0.01260909228855367,0.2659082935461864,0.03045589836339184,-0.28435393789886465,-0.345382773401771,0.3706476819972127,0.04535977970408788,0.0690099035635289,-0.03547065111856605,0.30031522488647655,-0.26752685431165707,-0.3258095422616796,-0.05250241537611463,0.033003800853987485,0.10294185147623021,0.29892938090436666,-0.2904230952984823,-0.3557291391085205
qwe,-0.004424870215953492,-0.03033290905387398,0.2580034406579239,0.024141914990122564,-0.2801552293431787,-0.21414940702841004,0.3694695511881705,0.0007990154202158008,0.05888114686690607,0.003097548694395222,0.3113100475702665,0.3420512530994607,-0.28595975372137306,-0.10498888083626294,0.06664848319467373,0.09320084377231552,0.28720002794323246,0.3697040973954017,-0.3586047539941992
qwe,0.0025041743406442915,0.03397095112781152,-0.2545338676166673,-0.015394233840428638,0.27752860869754925,-0.2433438940869295,-0.37478154479602493,0.040011400199762306,-0.023799873338062234,-0.03422508887795892,-0.332072309166942,-0.32811121905137797,0.29680482625071647,0.12412870953653884,-0.06060241234119912,-0.045097971259903474,-0.28985450536131563,-0.3454735314909871,0.3511112459998794
qwe,0.0019253599432049134,0.020042235021854655,-0.2540478337318316,-0.011688731294093518,0.2764450324932145,0.21995615461326862,-0.3724196427459728,0.02504287871413634,0.0020896527604924654,-0.02339434699081756,-0.3522283004947327,-0.32474337723594016,0.28871341976574455,0.09690102126014401,-0.05087194943928726,-0.03633367884297345,-0.2932726282373338,-0.36413792039811904,0.3542061292629778
qwe,0.001869053846428399,0.0953126135069105,-0.24689082273548402,0.0016421280415879005,0.27747540817091176,-0.30160310800861245,-0.35368425577080637,0.012620589110888513,0.02248447227185057,0.005181229056792886,-0.22681642679968267,-0.3358114901037079,0.3138221299378194,0.1192232948668963,-0.0072890097178235115,0.0060016092098377615,-0.3194400459646518,-0.34663237451101814,0.3701591530180909
qwe,0.0005653891730526883,-0.10554640221807998,0.2459095115918268,-0.04491372484140363,-0.2819718661617757,0.24988844413036185,0.35884099648613793,-0.012089389714758121,-0.03325210500700585,-0.00034123993593085513,-0.2750445682581154,0.2988606859194221,-0.32332915671499374,-0.22962805097595312,0.0054229233806192345,-0.15310446556897409,0.3193767357925585,0.3547164675611398,0.2843701089487096
qwe,-0.0010057400357839845,0.07008886397636026,-0.2430351637098358,0.0374807774798673,0.2774125499598128,-0.25640037494820844,-0.35086392245020664,-0.009059064303240067,0.031688791668541244,0.007232531477976701,-0.2524330954665034,-0.30818729958130914,0.3185767101640948,0.27367638241412423,-0.10352356166354477,0.18771867012511845,-0.3435248621570895,0.32596119816327584,-0.24973286997140218
qwe,0.00184519632021653,0.07021653166001472,-0.24020451614853744,0.030538292740423387,0.2742661613539443,-0.2572694086492012,-0.34533071504921625,-0.03911306373399596,0.0448895130173259,0.033816030441539205,0.3732477106982878,-0.32145340639052034,0.31659496635010675,0.2562698911661121,-0.04137729474673611,0.2084578299344738,-0.2225238553078699,0.33084195377149433,-0.24165026647733392
qwe,-6.491090311182649e-05,0.07316401671538804,0.16928919539502715,-0.21805999762838124,0.25286528107168127,0.06201729430486141,0.013604777399565957,-0.07043060727245552,-0.1796740549647971,0.15835715177423648,0.4029554226919281,0.1088555595714007,-0.49744742486544863,-0.11725197798816558,-0.49495761721603176,-0.01617317831377264,-0.0796799207208001,-0.3170539368997544,-0.024585518413181795
qwe,-0.0018409539340739633,-0.047622413168148414,0.27068183792584444,-0.03240659590657646,-0.29619211851069516,0.29032568430034056,0.1830793347614358,0.04030335532904093,-0.044589640026757874,-0.03646572754559271,-0.3602681157953991,0.3183362923573984,-0.3092375014558763,-0.26566061824319354,0.007062307046352967,-0.20202826442641683,-0.33951118384961526,-0.30941282743467674,0.2524483196799732
qwe,-0.0015314613601065837,0.03027759930925342,0.2824776514429176,-0.017244164964404257,-0.30541752014605783,0.34706437264765244,-0.36104705719380326,0.0485841407068262,-0.04884065091444972,-0.03798089480369598,-0.3016253541075874,0.317492310188874,-0.2984118490808207,-0.23914107569687842,-0.008176045485713466,-0.18294283385283366,-0.18997296573650216,-0.3020694790098227,0.2642488504486528
qwe,0.010379527983082181,-0.07246138171569828,-0.2838810950337917,0.010102321624043748,0.3051050359950604,-0.37936379617832655,0.14792505004587447,-0.044063461136456164,0.02683875571640858,-0.020658489995062503,-0.37209236065367685,-0.3066713674372985,0.28190397582420124,0.12045831864172081,-0.021939055693430472,0.11502793226818363,-0.3446330875604453,0.31947120447419636,-0.30175431690299254
qwe,0.010163201493736054,-0.07247193435234056,-0.2872168880002555,0.007929421102943774,0.30824448287987927,-0.3821288888352084,-0.18928655787545415,-0.0412497303142838,0.009471399962219653,-0.04571832758766142,-0.365852781379685,-0.3013171168435498,0.2702930550193668,0.0704464759461631,-0.03143576954116539,0.08924399189922282,-0.3287406738974478,0.3303859434345367,-0.32031880230765714
qwe,0.0008142906371379831,-0.033596817666345244,-0.2756506780883461,-0.059849160645644425,0.29562495346553935,-0.24782127473015667,0.37967097508060865,-0.01929527310716765,-0.0044076600758349285,-0.11352991416424943,-0.36645077600302495,-0.28802528270945793,0.2406294925043072,0.012511182059215257,-0.0643451771564402,0.03850145255059475,-0.3042941454708233,0.34369687816820277,-0.34844907898667965
qwe,0.00017610637644550754,0.021933203414518994,-0.22551332800397483,-0.2360640317071256,0.2685070166567109,0.35951802574495084,0.21328759350069676,0.030568738608919926,0.03287648246721858,-0.17907397531165856,-0.34829334207634527,-0.2985010794424542,0.23859350267469712,0.056561062578845626,-0.029708404405930405,-0.02323596056343623,-0.3082674310238979,0.3517009423816794,-0.34832570905828836
qwe,0.003612313998235737,0.020095303558495484,-0.20664366911406085,-0.2794663357203303,0.2647616000986643,0.35360021080516446,-0.31706103297041743,0.052503427059548795,0.03798918948973377,-0.18635097124556174,-0.3208337894348476,-0.22911055841599495,0.2224862783269621,0.0786277034393451,-0.025580172145478926,-0.014750395153700482,-0.3127217852359265,0.3450547807400854,-0.33966025715056264
qwe,-0.003425768257962799,0.03583924726649953,0.27227144017113936,0.17873018972800528,-0.30508597737441506,-0.3286172405015892,-0.2660275181554561,0.025244834496565796,0.06975014143528957,0.1218630725027402,0.32035928812112774,-0.2683978957120172,0.2890123954070533,-0.049148337532172466,0.03446670298145451,0.05439701027416607,0.3090548720018059,-0.35231736967560584,0.3406586186911588
qwe,0.00027689168592581173,-0.03711841722568827,-0.32223908119467626,-0.0044948111410702835,0.2266099501698636,0.32790385029676106,-0.37740476339929196,-0.0467201526161423,-0.16839382857063764,-0.060766449365932076,-0.31346052990890855,0.23869156662001903,-0.19670891748976566,0.044189063674908144,-0.05745835081206859,-0.014587019778178672,-0.3175863014800319,0.36563764801652454,0.35394969655453995
qwe,0.0020771302721995723,-0.28217244920380685,-0.08949637441579528,0.018217664375900836,0.2727590544848681,0.1554651508119371,0.31979608747539473,-0.06131390976010643,0.14169790995159579,0.20827048765175432,0.33272512039448093,0.2813989798858462,0.3245397235385618,-0.16893218854094902,0.07693061655217806,-0.026793522131046202,-0.3501261839554439,0.2444245896088034,0.362302411619127
qwe,0.0013804202019727571,-0.12296962087251051,-0.25774373684348584,0.18800622120837032,0.3062841424771394,0.14248100236044647,-0.3741157416926592,-0.04696117652442764,0.05453819096330351,0.27741320131056607,0.3576726585290218,0.15097341316482374,0.3084410710456219,-0.14808976542398483,-0.00954151199604352,-0.06878981920681197,-0.3621845332742571,-0.21230878090301514,0.3130880692725283
qwe,0.000631696412920153,-0.05277764314973291,-0.2883785633427568,0.18426635863698862,0.32888540907896363,0.15021865169027948,-0.36392524285969796,-0.0026440268045204414,0.04489007410394711,0.24065571593424778,0.2337882580965204,0.13743772888091724,0.3406837780630816,-0.2489192933176794,-0.03015220661032185,0.04000639918892493,-0.34160298814681034,0.29800969050814097,0.31209571858135504
qwe,0.0011516181409415888,-0.041073858499132636,-0.30318169716328436,0.1684222198596243,0.3365857532970896,0.12939474555247965,-0.37622239557042836,0.014026298190203472,0.008879796922006017,0.30468772773763725,-0.24593341730583526,0.17121136025461955,0.3034312640135086,-0.2857660311550637,-0.09547826372063913,0.10189756643289245,-0.29413293394357076,0.22205863587047564,0.307389861837908
qwe,0.0004922216453791284,-0.059600092509921807,-0.28096622907444824,0.2499276172843078,0.31519433039170713,0.07331960283072975,-0.24906110255402666,0.10666780214517212,0.05657796854895592,0.27723659939989004,0.36013283773800714,0.12101390959925072,0.3255155388996898,-0.26308804565639493,-0.07220813015818128,0.21743780289826717,-0.2926100624720361,0.13879502186912024,0.34634445258587626
qwe,0.03694109899330661,-0.05400680800946762,-0.2755446204156529,0.2523082852037598,0.31202158680822806,0.08673106484511216,0.15809366282345844,0.13180925318178435,0.06684583046893303,0.2844867092354456,0.3695218546541858,0.12801003147586637,0.33446657376576816,-0.2528112016496964,-0.06993190439463712,0.19594165730932042,-0.3044875484187972,0.1554054153763798,0.3687673970502576
qwe,0.0018832325022096028,-0.04467175852083137,-0.2691072334047291,0.23937556394544085,0.3058111300425875,0.08859010510831397,-0.25777671914259226,0.13382595313830753,0.06546002077240108,0.2740783780779871,0.36632474356374123,0.1248472645900728,0.3328763450553682,-0.2399709960293851,-0.06663715605035843,0.18754307192001507,-0.2947327289796562,0.1427331471678758,0.3716554554028084
qwe,-0.00021902009020537152,-0.2559405459597618,0.026464144947645707,0.29171521326556565,0.25039697400035743,0.06337141606486692,0.341451190600928,0.03567446188718848,0.18360223153977961,0.3072574028512946,0.3287242591661649,0.16570307895287348,0.25778158048970495,-0.26344954763436207,0.11673319551138303,0.16259476505133438,-0.28002871516951167,0.1439483073486591,0.354158461898111
qwe,0.0023120537745381278,-0.3152874311887745,0.25941337821338095,0.3081810316759746,0.2193498454902843,0.06447519917853119,0.29021209323502756,0.0024520314563352807,0.2746268206114787,0.2977180424142663,0.07769199208845012,0.12899211577849487,0.23019497467620437,-0.31272168091323177,0.2777829304604683,0.1624156293667777,-0.22509617173949398,0.14453638377056027,0.2986733202034045
qwe,0.03587839839907253,-0.3477210873590385,0.05879909979035198,0.29048308486106794,0.25944865733025485,0.12274909093498132,-0.3573203511279593,-0.07476440147925917,0.13114871788440177,0.24835060261603414,-0.2989500018049876,0.16913887880266767,0.14442639605130175,-0.322236160806723,0.13409563710539493,0.17603465223209402,-0.25603686349218524,0.20203477538666548,0.3141796154478231
qwe,0.0009107510796867709,-0.24205871538464166,-0.2051779554733505,0.21125472393837494,0.32914172232775385,0.2540139266680077,-0.3817151100539781,-0.11638874920398902,-0.10148510533013474,0.1498116062018392,-0.3068623063414535,0.17849002498838873,-0.24288467496151253,-0.26441427154626196,-0.08927861919184409,0.11013917313990582,-0.26338352748896826,0.1984561377481876,0.3256379909945467
qwe,-0.0005389187797122985,-0.008973767516191234,0.32508735516222254,-0.10270128844128344,-0.34807878825093275,-0.24408006527620948,0.3857190690831909,-0.02172456435625613,0.18379129181270462,0.007222227883629143,0.2959414618397919,-0.2669893037926973,0.2225871358656701,0.0629487317038601,0.19222176450157125,0.004943129598746195,0.24949482607749437,0.3506224130180536,-0.29213704269504026
qwe,-0.002960014476179133,-0.023339491953413116,0.33829423998009767,-0.1394688151567912,-0.3666873422556834,0.23357193860554368,0.3851521923614444,-0.022988760892732645,0.21722010517200577,-0.013764539673122349,0.2426077207492076,-0.1974424934834528,0.18499045480537565,0.01612249174267778,0.19212211706387589,0.04757489137289583,0.25070935416726886,0.36942123051993786,-0.33087094900443065
qwe,0.0003701102541873384,-0.03762369659359766,-0.34369614500796575,0.14132905270123552,0.3745679417310951,0.26479564876715633,-0.3878547440928784,-0.04759169077477671,-0.2275158860989049,0.0660934291690085,-0.2506875264169384,0.10840663493627851,-0.13542555643366794,-0.024176211884142613,-0.2168086532823218,-0.1257194267570315,-0.2609682477050546,-0.3386222682473021,0.3195870899633551
qwe,0.0036784462432667363,-0.06009786815798557,-0.32767055688353,0.11276318081939855,0.36109166851033137,-0.1920820586778871,-0.3696085457359366,-0.10007566164149245,-0.24971097968572467,0.1273473726654457,-0.27418249027945896,-0.059824643089822514,-0.04745745652993934,0.02625314385799883,-0.23592116561494678,-0.22217564251337912,-0.23211006628661177,-0.3440461893763182,0.35336005126696607
qwe,0.007341676184875802,-0.02598103790377093,-0.31877396030206195,0.06923976936158542,0.3575256636705058,0.24171024758576534,-0.36736741124494743,-0.08556780652903978,-0.25640748292449905,0.1564346002824025,-0.2849449144585598,-0.09747738702285455,-0.05014011673474326,0.05874379816231564,-0.2407319104891579,-0.2849818159965726,-0.22940036288281287,-0.31521501528376117,0.2938647333952318
qwe,0.00815025326619614,0.01698450649295589,-0.30024693100901556,0.02116676224334574,0.3461681997636174,-0.35831681992840786,-0.3580403697137486,-0.05043108856125329,-0.24560406927076892,0.156136844285942,-0.2858325018973102,-0.10707725244875671,-0.06424035609276162,0.08977358891991315,-0.22389576203229233,-0.32091909787982537,-0.21779625311863327,-0.3478906784062386,-0.13609645753585972
qwe,-0.002965739581849445,-0.05162088989625013,0.29228388607513456,0.013990735844989506,-0.34230897376490227,0.3500547227080155,0.35538979077478666,0.026119732595308493,0.24050933119043585,-0.1414400021356385,0.2890361941724418,0.11572685760873021,0.06933638532935109,-0.1262308667708696,0.20459127613566686,0.3407016072270262,0.2187447680340816,0.3303223924305702,-0.18597862528985315
qwe,-0.0015040421685270575,0.07869541991242882,-0.29878215346052855,-0.04253204202604237,0.3443744245269851,-0.35484178868842353,-0.21674834061709689,-0.006683374794581646,-0.24875261670124227,0.13582896108426312,-0.29605390332898424,-0.1238141368016671,-0.07472453500257761,0.16322479143117632,-0.19846406151640894,-0.35769150835451474,-0.2213399233412734,-0.3214690828842594,0.27568113020768625
qwe,7.504818442582844e-05,0.18507746735913413,-0.3095765022197755,-0.11381786051601288,0.35316981328707664,-0.34191802720798126,0.3591155823555873,0.10441076412350953,-0.29048074156561715,-0.06961549829380782,-0.2848107825502854,-0.003584707936845702,-0.10393111044213457,0.18112545446436706,-0.16480597139702718,-0.21411044099124857,-0.24168750424670402,-0.24662293084179623,0.2631505763152257
qwe,0.030324443317913674,0.2793797749330467,-0.2300862628539005,-0.21159379555792954,0.3214016417320184,-0.29631226551549567,0.3317704010987698,0.31917861455131896,-0.24603886474564918,-0.3157336332831446,-0.2205911057886973,0.09112636531831568,-0.09396117103158406,0.15804617990226535,-0.06030360219442185,0.007125911843518612,-0.2624645316689853,-0.19888397349213133,0.24096554129807712
qwe,0.0007606542125477942,0.3102559175143372,-0.19451852687070048,-0.23450945070004953,0.30771079127960255,-0.2968031083360555,0.25059225814199454,0.2701481450748261,-0.0920674167843085,-0.28952515487244773,-0.18964454928579888,-0.29300619098535297,0.27832254447584004,0.16864669918947303,-0.02266165296332502,-0.010916590566446222,-0.26050346048982265,-0.21012254959470836,0.24430368980024664
qwe,0.002422505816050455,0.29229661380690297,-0.27408027869428686,-0.20486173522170179,0.32281916224981294,-0.31581523627744473,-0.3353353342694498,0.14059243394909804,0.046930966386222274,-0.11221619026573376,0.29909185719190445,0.08128673980452895,0.31241526467145597,0.20532181966676172,-0.08273781248992519,-0.09206489945795875,-0.2517838170247762,-0.2547435433792384,0.25899266769117935
qwe,0.004126508583832157,0.2710401465284801,-0.28721907035639,-0.19411126696871853,0.31992815129487645,-0.31974980494266086,-0.3368523746090443,0.11057316139112441,0.04664025809338403,-0.060900986919403224,0.2891805393581039,-0.13044996261080116,0.32042676857487157,0.2048391377290544,-0.10147215047445365,-0.11004435797115936,-0.24829476529951647,-0.2659746143766727,0.26479237759076896
qwe,0.0015230246726002138,0.20686703814978202,-0.2976674456273686,-0.16380897759893417,0.3172808477386009,-0.3386499094335675,-0.34107351142719994,0.07400795885932669,0.039784630783682405,-0.027108019145470803,0.29151242620913653,0.34030931953039517,0.148574139651495,0.16219790425207326,-0.11202737279899004,-0.11669146481430549,-0.24766802868593604,-0.29152258366346945,0.2839464735316314
qwe,0.011339113747662277,0.16005247301444425,-0.29205935926568255,-0.1365035427397224,0.3074953962527323,-0.33835918697527284,-0.34849002169720467,0.06449065381243375,0.03243252136018876,-0.02397059356733607,0.3088317336742658,0.34398983783463877,-0.3414996008509712,0.14320919746324895,-0.10712025890829073,-0.1450622696686309,-0.2555405911365346,-0.210166999574955,0.20335754358821262
qwe,0.0012994544281153275,0.13057013406726023,-0.2785923508401197,-0.11451910389541475,0.2943352876274585,-0.3280764291154891,-0.34514113563287435,0.029314063802306566,0.03558906796587666,0.0009600634283688141,0.31081444218431736,0.33179431643579216,-0.17239060181671925,0.20086466634937108,-0.1799161520088293,-0.24379676409664894,-0.25923056856938687,0.27532925138052017,-0.25521540475263155
qwe,0.0013499366097760365,0.09855033336789039,-0.25757138607979246,-0.09700409017155577,0.2827155271720322,-0.20584147665955366,-0.3585987500939847,-0.009269835265814722,0.04666495620279941,0.050868538439416404,0.3187172943173625,0.3032152206928601,0.3594001669677618,0.13790638543794634,-0.16529157755144358,-0.2857965512952788,-0.32546046553557517,0.2255684665843108,-0.22644769766967213
qwe,-0.0037266796624767437,-0.06479328044303312,0.2535234463516525,0.09080598025153408,-0.2864104888751456,-0.22349967696276848,0.3752033691327219,0.009741159075864807,-0.04851670743777126,-0.06621867951500664,-0.3403547960011306,-0.3091333882801045,-0.3850854147684708,-0.006849165366352003,0.11525310390080244,0.2038928115932374,0.3550091538852244,-0.19031576735438677,0.25853041696388795
qwe,0.000869726457302675,0.07852587447603394,-0.2535258450878969,-0.10039166083126937,0.28522011168244843,-0.36745321305811274,-0.3562121341664747,-0.027494447314149826,0.052051543914430794,0.08743505199964549,0.32791368127959025,0.2859083144932953,0.36678962201688803,0.11478205101498616,-0.10038020420362037,-0.2357328410386848,-0.22285700772719963,0.2193678140499542,-0.25435419507601187
qwe,-0.0007789095515623456,0.08524746839720404,0.05977240286159309,-0.023685126259807763,0.23302882543845366,-0.2738167071250062,0.33121661359204985,0.10958709193162557,-0.06795960602085235,-0.016921674795218264,-0.29164676932575784,-0.2825678563776142,-0.3220349285486084,-0.1386525195804095,-0.026658175051131546,0.2626555465408397,-0.4435793362004727,-0.39651458851376853,0.14554726204554766
qwe,-0.003615407355074448,-0.09578769643427032,0.24532620649149864,0.15059540714582167,-0.2735209423088598,0.3654802313118388,0.3489214467359118,0.005364949215076301,-0.03403914764806086,-0.057581158717170226,-0.328926503932366,-0.28361189156004774,0.2221826755615041,-0.12727274835449018,-0.010285577581395018,0.2541565549528244,-0.36567282499284887,-0.22490386867336812,0.2648216741327047
qwe,-0.010441571461458387,-0.10365986794974236,0.245217458979301,0.1731480663977072,-0.27298617880332965,0.2996579955502889,0.3552379727624503,0.003552903682096767,-0.04023682424716285,-0.08057650982895766,-0.31626159230542317,-0.27431714030295734,-0.35937114916074475,-0.131982358093899,-0.023164641278275864,0.2534828104279774,-0.298719339599918,-0.22754450945983354,0.2699445403125426
qwe,0.0007664560661121066,0.07740822747113675,-0.2689120798538125,-0.15189405509286796,0.2898090222930095,0.3553328645921694,-0.36399013057372537,-0.006833369423721835,0.04043031689536358,0.06092821298214091,0.3203690501634273,0.2836376051856332,0.19870654384317496,0.08064847857094673,-0.06998214767007022,-0.2507479821352037,-0.308749554974643,0.26209922460864044,-0.2993659032440872
qwe,0.0010741258706719382,0.03766788946240842,-0.2683935203814073,-0.13140896628365634,0.2864578842128429,0.34369343286695225,-0.3636602157042643,0.012209031553094149,0.0031189869709395885,-0.011552489767032654,0.18518311659413034,0.3181142914825152,-0.3475918595368247,0.048038243629489025,-0.09999422032165567,-0.2061077489471597,-0.281630304658849,0.2862857215935121,-0.3227720274307693
qwe,0.0012279198481080285,0.039599720983360114,-0.2610291962692991,-0.128995512117742,0.27940812666261267,0.1864868864606445,-0.3570788385370384,0.03841469414914698,-0.03367417318514316,-0.03392776950463885,-0.34213665352720496,0.3354353945221487,-0.32189216697758044,0.058932775867990665,-0.09473864493282423,-0.16882473510853271,-0.2767562775075079,0.3173327496749,-0.3436715633225439
qwe,0.02531912182748926,0.05011069714591277,-0.2557335847226903,-0.1286772102364446,0.27333848134634886,-0.20252777477107,-0.35498699961026303,0.05116910640932931,-0.03325094821803853,-0.031785666105668874,-0.33843136290946846,0.342414134051239,-0.32276235535203396,0.07149771448426338,-0.08577218899282904,-0.15614224258188542,-0.27905816880590917,0.3195153785114491,-0.3409963431183878
qwe,0.0009982265007331106,0.04805861994032917,-0.24877444995844977,-0.12625595066284942,0.26685028066960864,0.21060432863691894,-0.3592275609953624,0.0522251510067211,-0.029216297949761202,-0.030798025348253568,-0.336553576738691,0.3467147521915207,-0.330788307436851,0.07180035046448363,-0.08490557849573575,-0.1527325505544701,-0.2774167726890748,0.31650496340703893,-0.3391113874852892
qwe,0.015017933333291242,0.05467376202936935,-0.24536337263617713,-0.12852926463329598,0.26558073413061545,-0.3736295249889682,-0.36189930823321526,0.07590053075602889,-0.018752499160226775,-0.046113925754720966,-0.3262581823181203,0.2520062864168212,-0.24105638935491885,0.0817657977500551,-0.08949960626891902,-0.15698360549318485,-0.2800846327184897,0.32616286347208356,-0.3445525785090031
qwe,0.010910530981482888,0.05812755783130487,-0.2450105306323922,-0.13309729743154938,0.26704095497595326,-0.18871586808892715,-0.37186545469184046,0.09484804737982412,-0.002623465188471344,-0.06502931594869414,-0.32360146579741694,-0.31756319710089936,0.3154971860105045,0.09393803841342069,-0.09290978871724466,-0.14944364436868995,-0.2864984166548349,0.33384580406186576,-0.3492974452355754
qwe,-0.0034688725841453658,-0.06765555829672465,0.23593249444959807,0.14401710211751662,-0.2598670479017995,-0.23885058916204593,0.3802951547630897,-0.08899345894264493,-0.011935138198744102,0.07228531931093957,0.3587414114846299,0.27818606087998865,-0.2535682505756461,-0.1249497757661117,0.08261304005820425,0.10595014000447484,0.29254592395296225,-0.34929050573070275,0.3534060064084514
qwe,0.0011816005856180242,0.08659640888566815,-0.22863397291594412,-0.15159908292537275,0.2512549788618451,-0.21447657652735125,-0.3710016219656811,0.09123804597314479,0.025703558517750455,-0.06929514161036356,-0.35436718787119,-0.30325929949960606,0.2816815819237635,0.10619921741707129,-0.010163193786562075,-0.08052293745627369,-0.3050518963313324,0.3532591431591625,-0.35225833769060444
qwe,0.0007715359699088106,0.07969004127778938,-0.23244868311580613,-0.15850172256958064,0.2541455402216078,0.3560076249242164,-0.3237815159008315,0.1157131872316202,0.021727477212580358,-0.07299763882842693,-0.3416591297374767,-0.24906304498690005,0.25209673956696277,0.12179700246342853,0.014207620391339909,-0.08108104353283971,-0.30764017977234814,0.34951481994141176,-0.34410529957653846
qwe,0.03701099124884766,0.0761889028766628,-0.28440812738623683,-0.14002894978927105,0.30996699484684836,0.30947555220533873,0.3837914220514389,0.05365187483183088,-0.10377859954091015,-0.07004427200193028,-0.331685721274422,0.25588135161046144,-0.2656525823466412,0.14458296502522858,-0.003004424163289116,-0.09552664155663446,-0.31247504187190617,0.3736041889601947,-0.15057426505645277
qwe,0.037954075571369816,0.07173523357747767,-0.2921934834251036,-0.13324007458751347,0.3186590396167931,0.3012585818307949,0.38766915039247163,0.03472439278845212,-0.11797636265539267,-0.06443235098619841,-0.3408831563841766,0.24259102212833875,-0.25183383598443165,0.13955204880541694,-0.0010282177269936945,-0.10060870676246113,-0.31544931022802103,0.37254992504752266,0.15326127389252245
qwe,0.03757163031754879,0.06958421263193752,-0.2990307382222252,-0.12519212653042808,0.3252648500842948,0.2946849824893325,0.3911052351069742,0.017313846426227526,-0.12842799038223973,-0.0590434432877623,-0.34550341413104163,0.23214214949277825,-0.24187999352686024,0.13424769225680871,0.002127978661529967,-0.10538500627247224,-0.31950644635242825,0.36999551890147386,-0.15589622088101082
qwe,0.03660308413655672,0.06926075225807808,-0.3038134317026074,-0.11816941878061368,0.32973237467890026,0.29095553974994814,0.39461370201834106,0.0023273796024127166,-0.13439898910295203,-0.0546270912769768,-0.35123518303045387,0.22082152060576446,-0.2347650233888135,0.12913642143633908,0.0054049157171288,-0.10944511792532333,-0.32346671214944983,0.366538289258767,0.15452367082156548
qwe,0.0013553470533099962,0.07942799529273932,-0.3033766119959007,-0.0873570286683845,0.3279657271541233,0.28720051676117686,0.25582779546048173,-0.02361361405990283,-0.11320713491174778,-0.050381877765831584,-0.3555740343301904,0.20335380413320023,-0.23676718501405053,0.11380202690115135,0.0018917047640532596,-0.11205800651787522,-0.31749875837393216,0.3461015521412965,-0.39072967711211987
qwe,0.001763426525255932,0.07556491086029218,-0.3137967094219094,-0.07488660972056477,0.3402140499824766,0.2827173129295343,-0.25960513336340707,-0.03612368905570441,-0.18893205431546414,-0.06519681715212264,-0.33216184111751584,0.1932525513278371,-0.18699251134340897,0.12408095510876407,0.0010570173004676828,-0.12165800388159577,-0.31786031844991064,0.3478611895524056,-0.3885981182570919
qwe,-0.003641272438753432,-0.06810881968079552,0.29663106485119595,0.10027887897933999,-0.32410689896891626,-0.2854310837971972,-0.24852095763624782,0.02067617785225135,0.09556959038740087,0.05413033641343482,0.35946044705054675,-0.21086870786503237,0.2480212930814158,-0.11498041028398107,-0.012415360842263232,0.118726619911846,0.32295642816777487,-0.34411839044167813,0.3887986576130855
qwe,0.0023805732505203614,0.08329064271850908,-0.32204259810140534,-0.08373776255986588,0.3498914636821348,0.28877416710335807,-0.3858796302004144,-0.03203033510658062,-0.19038409952375904,-0.0727780329308534,-0.33558286001786547,0.18729008929699725,-0.19581181104999468,0.10311972694286747,-0.0009775438118897386,-0.12461467061736603,-0.31393802455594594,0.3420431408720966,-0.23938075131266517
qwe,0.031633795346376226,0.09924284658242087,-0.3545266089548,-0.05857587743718844,0.15013365869233458,0.282689003419976,-0.3783550768586285,-0.0236828346913982,-0.3499146964479843,-0.06644549636499184,-0.28206904945273753,0.13190413926840489,-0.08724943069657697,0.09653744264443254,-0.008532777881780505,-0.13087719377031706,-0.3066315172616951,0.33924753343373276,0.38444981949326695
qwe,0.0011694683788310372,0.10585683841859203,-0.3625090534141664,-0.039822175789952736,-0.3511855317136938,0.2709293415206845,-0.3646652452358275,-0.0632997216355771,-0.2815263452701409,-0.08841303908138841,-0.3160906534387032,0.1673871042294823,-0.15424839831268639,0.08455416591634332,-0.003790875693472366,-0.1277760998284316,-0.30564522490108376,0.3328614356042245,0.23573209291642272
qwe,0.0449962701957641,0.09037222435369115,-0.3477404401847151,-0.04641760052525007,-0.32095993105510146,0.27512390820859073,-0.35999514049484704,-0.06153503843269067,-0.28170394973078255,-0.07488090103873689,-0.2972091288055395,0.1787792278931913,-0.16650363550374883,0.08485910993966367,-0.006212993458141666,-0.13037348967545423,-0.3022589054904007,0.3150524820885539,-0.32988621741984914
qwe,0.09296604821732099,0.08206379812058305,-0.3384720150383056,-0.07053095436157628,0.37171359168387536,0.2988653219374473,-0.3891937967294,0.02637432503979756,-0.28731531247776065,-0.03922695837323322,0.21369664946546618,0.23192253598673826,-0.14625414574642587,0.09607823975543309,-0.016334663635733826,-0.13909216724386747,-0.319895388115837,0.3475894827669919,0.19271557820689408
qwe,0.04522007617239682,0.07410688807714293,-0.29611193880021053,-0.08754293098281586,0.32932125037247456,0.29039842341473104,-0.38526688394826963,0.08910936867843179,-0.22018288728184238,-0.016318132131266185,-0.2558466116888415,0.27394941562072134,-0.202747995063533,0.10161792302211747,-0.022151655086972172,-0.13407289525390506,-0.30539119481082344,0.3418321600152127,-0.28415240575715084
qwe,0.010834714431139147,0.0647468527372899,-0.256151385114247,-0.10911326888750882,0.30184069602854413,0.2986433793925568,-0.15484804736609825,0.0746055405959868,-0.16912410033864458,-0.006446425824698378,0.37114535590641434,0.27153266143333965,-0.23844576403268325,0.12041462680166523,-0.01690841036297039,-0.1249236617552438,-0.31118445049806176,0.367127627478678,0.386599680076478
qwe,0.0001599631820341379,0.016119525701791117,-0.19580149234213748,0.029127437450198593,-0.10216884081015107,0.1465125384770669,-0.006802080832140011,0.11065699862779939,-0.20785334870959027,0.07886455417575237,0.12302644825902648,-0.40137245258825777,0.5410422892258487,-0.11922261527464519,0.12024302981407793,-0.20222079121620753,0.1625569988849354,-0.5241622995858339,0.16503511318373928
qwe,0.001219896595694546,0.21673207959282656,-0.22009214519854248,0.022193932225463835,0.2593495202009426,-0.19947611017536987,-0.3023563417099762,-0.007006542450761483,0.030986925537647793,0.0615317512467627,0.3181783491299942,-0.299185328558905,0.2914190610157429,0.34708470635373834,0.016173534127873056,0.3452171904869724,0.17990310870599974,-0.3066157040405506,-0.24263017134550538
qwe,0.00112893098394206,0.18019218692488254,-0.21876049932702166,0.0027162391186620672,0.2472989889449211,-0.2647758230096748,-0.11022918556543466,0.0021255233100102486,0.02807687476825336,0.05928272253398001,0.31815312245166694,-0.3108943516633563,0.30197809570769013,0.33648834169611586,0.013126050874561168,0.3235159419476617,-0.3427138208795712,-0.30140642587532884,-0.23774174220371544
qwe,0.06535701724110854,0.15157569698411627,-0.22446289671892117,-0.010633103282862686,0.25161530741567373,-0.31283798980183625,0.34938936513448643,0.017153695463198886,0.013342231032776368,0.03960862268950328,0.15614605627052774,-0.1577151487750758,0.34144282765457223,0.3449465101443669,-0.001228315224896826,0.3071112204951807,-0.33090904088223866,-0.306361217093947,-0.24234786753677848
qwe,-0.009752462339857824,-0.11464826920841775,0.22943488544355797,0.016450365382494534,-0.2554727357822994,0.3407428439988829,-0.3457176810632327,-0.022838839932718725,0.009517360280397996,-0.01099006862275173,0.3184095100109638,-0.14586025870716277,-0.30768859482459066,-0.3198288032690974,0.017570057724890623,-0.2502385924796095,0.3160293077971208,0.2907295183510385,0.2556761567213579
qwe,-0.006113636765218605,-0.07661386680264481,0.2493449623157524,0.01882746832670644,-0.27465065238364467,0.19733696145407784,-0.37125202915881433,-0.06368851952780473,0.007999530451446848,0.03835493829608054,0.33784140063307583,0.29231030256544566,-0.2426714270732625,-0.2592531362908887,0.009606053105831978,-0.17177319411486092,0.33807575942154944,-0.3499922455422706,0.28589657442993405
qwe,0.009231347769964527,0.06644362061885191,-0.2605392138120895,-0.028075077726681552,0.28593818913340846,0.38961893112927254,0.38779409932211806,0.10342504859458002,0.024269848936316847,-0.06134838814347032,-0.14855891169335816,-0.25786937799944903,0.22857782161340487,0.2237321543181615,-0.019346793431186254,0.14382715101270405,-0.3470602804304687,0.32916627747275595,-0.2952745356285749
qwe,0.023438958691914907,0.06753178914559835,-0.25668377378163515,-0.03523754526205838,0.2808782304335621,0.3804562542341014,0.38086464260084185,0.11566346247482764,0.026825544765814238,-0.06131903228443424,0.21442257312898086,-0.26367160505646403,0.23613086328886454,0.21605661439043447,-0.026273531786610797,0.14019114554213732,-0.3351030363645515,0.32475159836876166,-0.2927740144321164
qwe,0.03202132337053459,0.07093221354682042,-0.25993456593247316,-0.04075616924772112,0.28468225543706516,0.38374489990183347,0.14726731288780376,0.12477689677006883,0.028495680651447933,-0.06255705458202948,-0.36870643972029604,-0.2737517765432902,0.24708535701324336,0.21975299040296845,-0.02657471846140348,0.14406341757345964,-0.33588680989776526,0.333484082487405,-0.2995597228298855
qwe,0.008234747023129799,0.07316109708157649,-0.25677971579515435,-0.045393213102620414,0.2818578986812282,0.18321140101607622,-0.37827145290387176,0.1277470245623897,0.031486063582889565,-0.06293324655672379,-0.3733980990406032,-0.2663604037260695,0.24107648371126342,0.22227386670131918,-0.02048619138880086,0.1466208928996548,-0.33561523288282213,0.33024605897467796,-0.2962520428511218
qwe,-6.478100833219096e-05,0.07367322915469787,-0.2564629887096328,-0.05491348665792011,0.29182067663086325,0.35033718255030005,-0.37326964462702467,0.1370337533492251,0.01714959911712551,-0.06533960796507483,-0.32090803353607916,-0.19346061775642953,0.18231614608358862,0.24277672875110706,-0.006601802451040413,0.12151433472500507,-0.3423759265613332,0.3149663326211587,-0.30231295668445207
qwe,-0.007956866514585971,-0.09358073208470186,0.30169265648467014,-0.020812169389182695,-0.3235428271781194,-0.32499338397365446,0.3761017763374966,-0.08158889302329941,0.1830992813751059,0.044907233088000396,0.31075328466879903,-0.23836622492281323,0.18865430705755454,-0.2275226726793859,-0.04105920680713289,-0.06339276596135272,0.3259094991673433,-0.3164086795697857,0.2303476716788811
qwe,0.03072171277918534,0.09084168086483736,-0.30823492761844834,0.04042502120455938,0.3288915410650954,0.31632769858094756,-0.3726165056825697,0.0696874757901844,-0.2254582213944494,-0.029660679786164126,-0.29825619950464716,0.2163043871922317,-0.1452043206547329,0.23092817100334145,0.06219386957114311,0.0688409288260963,-0.3322840579875322,-0.3762803998087472,0.1438685461236036
qwe,0.03057724586044064,0.09005583708630223,-0.3097447600431695,0.043248874399328015,0.3301157732285468,0.3150852945454854,-0.37155839861460244,0.06874809336011431,-0.23195757121989488,-0.02736483198166429,-0.29864379021111326,0.21364988796950024,-0.14056007305432708,0.23320679873259625,0.064184632926303,0.07082476914586988,-0.3324420587413381,-0.37320951076054254,-0.14342801602660255
qwe,0.008164826503326542,0.08868582425978136,-0.3095663026062937,0.046188596477546924,0.3297646897568856,0.31237742860524087,-0.3682011474838652,0.06673573828599386,-0.23528868468006825,-0.026043445776570858,-0.2942034828598503,0.21081496158157662,-0.13529047067093855,0.23555426422120532,0.06674944800892074,0.07207226644583195,-0.33149358265135787,-0.3675103264953929,0.17997574255715776
qwe,-0.0027461016897454343,-0.08833900399480799,0.30009213470166435,-0.0410855423751946,-0.3206160692677364,-0.3166952770963495,0.192354340351753,-0.06209229798786816,0.20284862788608116,0.03274126279351328,0.2996652009839458,-0.22301922956532438,0.16192122394087724,-0.24146809391062793,-0.07181515473194493,-0.07361086405615279,0.33260176536672503,0.3669538321872293,0.3665651202759683
qwe,0.024584536310096734,0.08834233897567972,-0.28168600245941233,0.030007208253313582,0.30098665320556917,0.3237746055162818,0.20620382655441555,0.06592965588053394,-0.13363721826989844,-0.037058915209109235,-0.3180727053408314,0.24693592602749243,-0.21095501066244893,0.2335724686844186,0.07185068183091624,0.07990405076089561,-0.3307004996124471,-0.3684782917708825,-0.36405255837883327
qwe,0.0027650606216865522,0.08780309456041013,-0.30700411793711646,0.04753462875504397,0.2735503522015096,0.3301847603359508,-0.3711364639569389,0.06353392310365706,-0.18340608962985577,-0.04218520499922589,-0.3063090077119701,0.23144655122500699,-0.185451577737514,0.22598038080580574,0.07276710294435922,0.08495942056597354,-0.3337147752712333,-0.3255358601731881,-0.2683786880480756
qwe,0.004967918537241587,0.1024865505158601,-0.3565469140918275,0.1110584075604523,-0.32681043200082543,0.31308336375782875,-0.35519825959865914,0.03022979138872251,-0.29629254345439937,-0.07011281328310347,-0.2766058807586183,0.19080318144405636,-0.13402711142657234,0.20486865151797018,0.07450188178378812,0.06607550372130959,-0.3199160169040773,-0.32519588835625335,0.1859022260427185
qwe,-0.0034089914345127206,-0.07171096834257784,0.34954106744495733,-0.09649848234802776,0.1994216705236517,-0.31131728063728803,0.3516799395320605,0.008479664175404338,0.29218285381357545,0.08634165111345321,0.29978958682089285,-0.19650278462189452,0.14963573955644394,-0.21973934949819326,-0.06551936348883244,-0.07792284935555836,0.3249070643368558,-0.26779402789307943,0.35113588333620327
qwe,0.0019512778221891514,0.004799517936169523,-0.26558046880414166,0.029468017387630323,0.29858279970339485,0.30937860438873116,-0.36339792180984043,0.01811741142780117,-0.14926452978762111,-0.002181451359574394,-0.19521761415094402,0.23801426975033876,-0.2094269469794186,0.24895547323209605,0.0508824626189379,0.09607868949318693,-0.34369789767140807,0.36023992648288927,-0.35877219088873036
qwe,0.003582348769749222,-0.03936214071219024,-0.2249866403319617,0.0010663641720687791,0.27003641387375216,0.30057336463763223,-0.37707563067285055,0.027009985714725272,-0.02058470158675322,0.08222361362306684,0.19305987282537238,0.2487372877083022,-0.30053095806077473,0.2184966243633124,0.042761647867428226,0.07866300671088096,-0.35434940347294,0.3487812052576355,-0.37687693015070356
qwe,0.003375886595303659,-0.036648554792271665,-0.23356215241800962,0.0014822764047700797,0.27613513432527614,0.30105149686835214,-0.3693919221927331,0.015340736321029835,-0.014523376782344777,0.023660739350302884,-0.3445004631189113,0.29999233774953177,-0.15185708945528126,0.1814424245493217,0.029038340595608312,0.046024272353694856,-0.3358594057204303,0.3409878487749693,-0.3782468618557694
qwe,0.004084725495326358,-0.038595378433978866,-0.23287683244384716,-0.019703127336659427,0.28006444749676634,0.3060519807168648,-0.36995938272830764,-0.0032185952891817856,0.013607331632144606,-0.04085835323991141,-0.33134510813483925,0.17565877958716355,0.2906074155496213,0.18383629504045645,0.005165038346111756,0.04994720799780463,-0.3280971499814455,0.34638013702973003,-0.3794857109656586
qwe,0.0010854585091951883,-0.0391595424850436,-0.21570907800194494,-0.0784803870534362,0.2762978001690605,0.31120208860734316,-0.36223557205916923,0.004457154629982789,0.03687812908751865,-0.07645478306267503,-0.34793794172614906,-0.22492591969809983,0.18596605012123876,0.21470519594350462,-0.007492377352383179,0.08008931336433922,-0.32752723735842887,0.3629606644004862,-0.36922999568113024
qwe,0.0010982655147389248,-0.02282261178280618,0.30567849413704007,-0.0018972790382876582,-0.1893848653256619,-0.32652298917234307,0.3638927716093197,-0.04060915660766906,0.19813519108156058,0.07424825841456335,0.30463395951339656,-0.22786041227690945,0.21738327731406482,-0.17373244148048064,-0.004028232959082365,-0.043629449549979035,0.31493533907775534,-0.37000908439150554,-0.35290717406910116
qwe,0.0031973128145789385,0.06481381508317222,-0.34861947553566475,0.07538610534491952,-0.22206255020485713,0.31153466593517726,-0.3526277825910284,0.03025312830300254,-0.2869206025948214,-0.0497484157162941,-0.2757763656612525,0.21566739898232293,-0.16232704895578057,0.17504147684908863,0.01996481406323946,0.05434464916966673,-0.30667879082954497,0.3598628174535975,0.32510816122832153
qwe,6.380149458648458e-05,0.07880213269472089,-0.18718543627886478,0.0617674124105442,-0.017915159940554717,0.09125582552278873,-0.030497462754824286,0.019357886977267567,-0.16195696171353863,0.08931146587190933,-0.12056445940816482,0.14373720117330194,-0.06956009120003273,0.16864327963580403,-0.627676190747365,0.1866652495117678,-0.09778092512208754,-0.29561248512686994,0.5626118783170334
qwe,0.06516805929680866,0.09914777246909413,-0.2559880997958454,0.061603552246850456,0.2752389009306406,-0.2970102169865485,-0.15446787274427728,0.06617243937047355,-0.013564593317767583,0.010065346588436034,-0.32460771659290627,-0.3435350163425518,0.3151971281532067,0.3165835478788801,-0.010146555033043873,0.33551129029534754,0.31902939549815174,-0.16013573229564643,-0.2555269691413793
qwe,0.026870417291898985,0.0809995652814453,-0.24419225718299037,0.051129957666352435,0.2624518704289394,-0.30043372853054146,0.3418676718775882,0.059016097634976304,-0.014152371656894293,0.009140601937265245,-0.307336205424358,-0.3293315860001115,0.29956382976699836,0.29604436727967043,-0.008728337726783268,0.30866492049070837,0.23625481805723905,0.25568344137933424,-0.23361745289218938
qwe,0.0045203309378736845,0.04923284239941377,-0.24368615357305365,0.04012560287661375,0.2629027021446352,-0.12103739079378108,0.3384109450040967,0.05232122329493676,-0.015059162087748733,0.012096537469590227,-0.30833020993850657,-0.3383128822174637,0.30208672510103224,0.2707033763139328,-0.003148210877204477,0.27074109930622126,-0.3361249838054183,-0.326703530450227,-0.26095396266465887
qwe,-0.0018190282060087826,0.020227581789913504,0.25273683563058347,-0.0471952353685509,-0.2757469335128339,-0.29551404813871396,-0.34234489004928287,-0.04702022135175051,0.0055707861919185595,-0.036475037939490515,0.3345108400946273,0.3531517988373651,-0.3153011012928943,-0.18352831301416903,0.004114583069592861,-0.1731365438761948,0.3237752251460481,0.16120856655658378,0.34471339301434134
qwe,0.0026541421571932944,-0.05853914008418637,-0.2644427979875756,0.06651719155982759,0.2889874429657367,0.27500837850930837,0.3528339073758484,-0.05100024422486981,0.007275071992779963,0.07413678095924217,-0.36169917310565075,-0.1809087745102663,0.28641160159979673,0.12815735721193094,-0.0015355068201761994,0.11931451443242554,-0.3345858915752299,0.3407373122429454,-0.35515513821018874
qwe,0.027134947749708246,-0.04708044823897648,-0.25293237868463997,0.058910828399260255,0.27467557173443313,0.30142653320357715,0.29604049881674505,-0.11809675349616855,0.003112278120643905,0.08060446880742497,-0.3547139710010998,0.3006012108721991,0.2609680896789937,0.1203902158515561,0.02711075963430383,0.11889107705904588,-0.34001023105539807,0.33363631038980435,-0.33965936267752195
qwe,0.006392382906747953,-0.023779883936598075,-0.2590393361553188,0.05159369474624782,0.282526975667249,0.3464279571550784,-0.2458361942509593,-0.08579456534418688,0.008744668566922575,0.07679667545871496,-0.37072210201279904,-0.31123347125852235,0.2653152181046488,0.07358806362665822,0.017078669370464143,0.09554730496444774,-0.3395297451875845,0.32260635105109403,-0.3423189675350939
qwe,0.0019930993706945934,-0.04283716281106553,-0.27433252453759716,0.03663907078379683,0.30213674786783096,0.3047722042343094,0.24242483213313576,-0.15580730702662493,-0.015756869121401253,0.07671364151517227,-0.37155310553359616,0.3093461616031348,0.23983551687964827,0.04748787148747794,0.0032616634377390895,0.06641411904096706,-0.34677084450508455,0.31587770483367017,-0.3608869428239612
qwe,-0.001183015754910764,-0.019009132913657155,0.2643331204669055,0.038586252291160965,-0.2897365968881445,-0.35081878347125156,0.3798768359124513,-0.07605822993877823,-0.025701306854995453,0.013466276153149463,0.25014903013992473,0.2867493191034672,-0.20847820877719392,-0.11629119293256865,0.004401946163511959,-0.05827294812590896,0.3467507739221174,-0.33984641142548466,0.3597084484375286
qwe,0.0038548115188244735,0.04258147432934427,-0.26153357259140053,-0.077670303888991,0.28681296863884437,0.33630706922025005,-0.3272133780622457,0.11765875633896586,0.03954615764270143,-0.0492351499300049,0.33171905580138855,-0.2717242844110856,0.204190384796878,0.1470323439149364,-0.010851665786568224,0.03570857134669165,-0.3424175175065278,0.3321789200094624,-0.35682031644267254
qwe,-0.0006285318115184194,0.006729244395242965,0.26805638486289585,0.051938361471983004,-0.2983776729022107,-0.2628499055660878,-0.3733111643252338,0.012317667440993246,-0.01027903290616728,-0.0024283088464011077,0.352874576995947,0.1744940768869173,-0.26412492974689916,-0.15160646840186484,0.005367355208595623,-0.023188108769261143,0.3527082905490694,-0.34006393336034685,0.3732704391029625
qwe,0.008788373948620642,-0.055015415683552484,-0.26975913885379593,-0.032411911621631616,0.2991270647429174,0.2516651172551812,0.3669870787858646,-0.1925473168236707,-0.04096201394269828,0.09234578612777923,-0.3269864377844227,0.26287145557791664,0.1881428277588173,0.09071243426785056,-0.00720201158406603,0.017402798291368638,-0.3453045209720231,0.33199306848042537,-0.3727244193854567
qwe,0.0005039452290567613,-0.05709834741254827,-0.2727864551952558,-0.04263333636569293,0.3000337487770367,0.27819766665900986,0.25462759594041195,-0.22468403434048853,-0.06576030648860841,0.12876890574024216,-0.2632859039787832,0.24691678083096474,-0.321561416270338,0.09229040985703807,-0.012440202081628361,0.0018998209163764946,-0.3508063590780832,0.33358271399593326,-0.3743848735050206
qwe,0.022635809454120203,0.003054724435078163,-0.23996555135152772,-0.0853925002324465,0.26548852355835495,0.3455559364091024,-0.35634129456127667,0.003735485365369754,0.0075313670584202,0.021560754260578317,-0.34060891803882354,0.2701316601879436,-0.27493974065916815,0.10422283586413834,-0.015682344132315756,-0.0026755564962830524,-0.33073009546898124,0.32769640094922636,-0.35390305391036003
qwe,0.00016576530064402577,0.03296497602461671,-0.2863360455962398,-0.10069464831550798,0.31314297897449805,0.35236988280335857,-0.3726574596733402,0.05408187026822543,-0.03565710385486642,-0.015470968737196006,-0.3273864019189745,-0.25315184738145713,0.15855146236483778,0.0913036568314533,-0.055621540864304604,-0.0398863841368186,-0.331821770111121,0.3497248743055301,-0.31529796138195615
qwe,0.0014602290805522768,0.10311931479298922,-0.3162494546218304,-0.06256790712637378,0.3425680544860893,0.2897072290983053,-0.23201601887375942,0.04252055697729016,-0.26682934837931016,0.15090364314587787,-0.3019646954707199,-0.21420754817041,-0.051161641922139144,-0.10794323472786903,-0.22319113574710378,-0.2512777721784718,-0.2747367735370924,0.329909798137802,0.29314361041848785
qwe,0.0008694171196970999,0.14499384170848986,-0.31523926368915567,-0.09622470850607619,0.3417619747950737,0.3029639522470957,0.35730915482036096,0.06605229282976197,-0.30412087768553175,0.13501353944370714,-0.3249636548795325,-0.20867095056998464,-0.07584827726676234,-0.00353869245553176,-0.12141631591273745,-0.19765443827957618,-0.3118380047209132,0.18683644374641695,0.2795211438384547
qwe,0.0007680585453949619,0.09600773265530724,-0.3301884988600069,-0.12210305868803102,0.18852005678600056,0.30387272436638424,-0.3666064741650718,0.011615048352430319,-0.31183003783994395,0.1004807052078831,-0.33498852416754876,-0.18088432199422802,-0.08699751499870532,0.07624815447654495,-0.09626595259914725,-0.16764453724685507,-0.32971087550308215,-0.3383677783982151,0.27965741708965275
qwe,-0.000851645984426457,0.09126698108319097,-0.34387671948932874,-0.11046940269747497,-0.20161789653672516,0.263453446320623,-0.3663129027184634,0.03267609883836234,-0.3056891505481023,0.12116127023361124,-0.33034511000235717,-0.21736078072597334,-0.0822082764739192,-0.0010986734653323433,-0.10966650987848964,-0.18580535665700582,-0.327136126347549,0.336878563983058,0.27855121908404756
qwe,0.00029036784021363075,0.04360989982476151,-0.32428890076113537,-0.12023140657162824,0.3603300132889566,0.2659429445880941,-0.35872340260579416,0.043784126892593596,-0.2770401018636972,0.12851871576522708,-0.33017778530447744,-0.2352813413526287,-0.08937110277666764,-0.020367658769949677,-0.13534407886265695,-0.222137203447877,-0.3096314298821688,0.1968067386573915,0.2810763807056473
qwe,0.00011914031656831666,-0.07708704487233356,-0.2966989935799472,-0.1796271496505974,0.32416850171589523,0.31290669497991064,-0.2712941002134007,-0.18595419422776716,-0.2261534300356073,-0.16731479619343023,-0.28584531969694854,-0.26897571892070654,0.11947349894990272,0.00828056593210618,-0.14290184099524952,-0.12773396053578542,-0.312030198675706,-0.3165268312623969,0.2841822460053567
qwe,0.006967177140659676,-0.030939978271526444,-0.28277772314373156,0.07796412528746452,0.30204000494565286,0.2636520540224214,0.3745353286931987,-0.1342679423837076,-0.003573385620639459,0.0812907689144223,-0.3594459717285596,-0.2278291773747692,0.22630570134861128,0.028288547624440247,-0.15113620481516335,0.009605193838193816,-0.3225308574579418,-0.37173466802430677,0.29843871802892624
qwe,-0.00028756739958611183,-0.13063098435728185,-0.6111202237485075,0.25155874376621584,0.4751879157938954,-0.11800726852317141,-0.11978933021692896,-0.07287511896931735,-0.12613060137213025,-0.09198940076442158,0.3691201659886398,0.20957118006257291,-0.03769030773125459,0.08865200941041174,0.16723049352572816,-0.08799418279195853,-0.10441801529292205,-0.08710216864961057,-0.13702869151492175
