Username,Adjective,1,2,3,4,5,6,7,8,9,10,11,12,13,14,15,16,17,18
xxx,0.0005883016820680153,-0.16015207904888226,0.22256834995443076,0.3290370123215692,-0.269479047010363,0.025484686021099098,-0.10092316173784184,-0.4092452769121273,-0.022192168230237192,0.23158930316971765,-0.054075118664195086,0.10498179746960978,0.15527184936291705,0.3699726998849105,-0.12871895270316364,0.5345250600576381,-0.09651571224766088,0.11974430237177837,-0.10302208198111193
xxx,-0.0005416105114899735,-0.10535454894549533,-0.505461463697914,-0.020674658062138838,0.4590572012595768,-0.04313292578601752,0.378518187784465,0.02798339237714548,-0.09418979754126193,-0.10487443588951077,0.1559661613656485,-0.2733770778418602,-0.31165879717540657,-0.033329111124955256,-0.08019240568775426,0.1789671299006233,0.21286797182037762,-0.10008025762068887,0.2556694669730101
xxx,-7.130798530385469e-05,-0.08880229754383917,0.09789921826031528,0.003258640944028884,-0.15143662687577628,-0.2589304727026121,0.4878317686395889,0.27641072559612295,0.14909524173462135,0.07055362929644272,0.17061787578942697,-0.40292547181230737,-0.24876031996896567,-0.07656000270517367,-0.21998185685825544,0.2002100732899777,0.2774030372484859,-0.11809201315338129,0.33522308925400623
xxx,-0.00045883484139721403,-0.08374569669015386,0.4622208487099923,-0.021129298578557568,-0.43324577510239876,-0.06883186101617544,0.30913119836383296,0.14658231985255654,-0.15264596795467034,-0.1642348848730496,0.16850551412851067,-0.3148519182619297,-0.20338770266065134,0.05906077876062982,0.05569992117654645,0.34765513844548235,0.21257002487476942,-0.08065796088569767,0.26662921357290453
xxx,0.05394129938201292,0.07915176921948586,-0.5303931861309504,0.020303295488784533,0.4302645255098689,0.014156898002837755,0.345318310766405,-0.12709335814333003,0.11472735111535348,0.1977890477483326,-0.15743394226808677,0.27790418209990764,0.1985446730009903,-0.05216834689877214,-0.08446006467757625,-0.2986886178925009,-0.19640830993840236,0.04976730386476054,-0.2396631514935564
xxx,0.03221620835269542,0.08058043698387742,-0.5767567794765236,0.015851297109307858,0.4543278329339901,-0.0071747300709476694,-0.19029032036245475,-0.15704469635423868,0.07192669344639963,0.19627716687345984,-0.16447733233812883,0.29791908723528476,0.19838713347034312,-0.022771123010377543,-0.04972664932662778,-0.28348518315148213,-0.2137874342340718,0.03850519910036863,-0.2527081556555755
xxx,-0.00030039137985736524,0.15902047873989292,-0.4578067472314632,-0.08687928373767333,0.3281654142919086,0.11441325885616051,0.4996448126057479,-0.18126619564275953,-0.2220801341645651,-0.004401450810663164,-0.13442250250489998,0.29543718775881267,0.16322698958516313,0.1495375003669605,0.1744266522512028,-0.10459586019392528,-0.21688008576497916,0.04887247629934659,-0.24455203675322162
xxx,0.00042031561162622725,0.3242550722120397,0.05931618033915542,-0.2638447805242198,-0.20165231501064423,0.2696674884020769,0.40886160117080583,0.03383627978868657,-0.43333730644581975,-0.2546435849598468,-0.10316191088205887,0.2520564546476546,0.050669404442499094,0.20603422929448317,0.31382887121992553,0.07818330745085274,-0.18724759762172838,-0.004280192370767685,-0.16891175140567863
xxx,-0.0016527459345269703,0.21445745653706186,0.20770919487481188,-0.22884443713548616,-0.21060945375505216,0.09255822527885013,0.24425543669124913,0.12615150547602444,-0.2967884597242752,-0.2962669651000926,0.014419359456053146,-0.32312743985605075,-0.3146465158977819,0.10617801733834809,0.2593096637950413,0.05425319313339745,0.2067932328488569,0.19198786930205536,0.4352426514380216
xxx,0.0006382933002560846,0.19600731160206514,0.12708965514065773,-0.2006656439942235,5.347281122945819e-05,0.031671189493196514,0.20155148150865423,0.2545009618659684,-0.20442748219464,-0.2930579155982492,0.4558197924622792,-0.22032236503161928,-0.29844204537639807,0.02652293593328106,0.25876082807292167,0.13865673553527974,0.33121515613077546,0.057348863547046824,0.35472853330964677
xxx,0.0009432621811725796,0.2449259506227061,0.06662502650980129,-0.16886809528015667,0.12344434021704861,0.16034077588980936,0.16020059968080713,0.24866498446293364,-0.17647777254811428,-0.23790060390885223,0.36477215382468225,-0.1708417484025125,-0.22880245979404312,0.006652520904396019,0.2351242846586855,0.13519300940525147,0.2654674361627496,-0.5018023405649429,0.28352971042438446
xxx,0.0007458554750542267,0.2988851831257436,0.16929182617660654,-0.272387206648458,0.0934574122797924,0.24015859158037484,0.2076114775588527,0.22132179212033065,-0.17238211206608278,-0.2727218148202048,0.41100001516346085,-0.2160072181135247,-0.23334632971913832,0.02909124821565625,0.2841208104311739,0.1419849657468471,0.2562343311024247,0.1601326772463257,0.28664305708996685
xxx,0.007739157505199266,-0.20606496513658423,-0.45540242219005345,0.21052036266010524,0.3892173125238443,-0.20981225007021567,-0.20554463537460574,-0.022120346673966427,0.22698434329221226,0.3632346083178223,-0.13455858469086523,0.2220053926252772,0.19894439563490957,-0.2625219596509197,-0.15054004527609965,-0.16026724785123905,-0.18060800902541602,-0.07086618612325092,-0.1491252509434661
xxx,-0.0007578634366429362,-0.23148325413820334,0.44025541860465,0.19612126258696452,-0.3883850206980016,-0.2637786765695851,-0.4253642286746579,0.13450344471808554,0.1653817366714949,-0.10735600899657298,0.13587039084914462,-0.28184418073492706,0.026791952442481167,-0.03223950011106377,-0.23727560694127095,0.0636787181653418,0.18713628319177858,-0.1079079914895101,0.22165232866399553
xxx,0.07281238925483215,0.22765567838665723,0.08188093969543188,-0.30315864355019645,-0.14438755212949023,-0.17399797070003745,0.35804490844074854,-0.11296439507251965,-0.3423559771266354,-0.0728415423637636,-0.12050560707830772,0.1472221197099983,-0.19720469920396755,0.10012841119689075,0.36459726563026457,-0.020988888682978348,0.49563029700297984,0.16012334880843096,-0.21259736962875148
xxx,-0.007316286592227633,0.14482052070656679,0.2322705176935625,-0.27791432843855945,-0.29820260771151486,-0.2888699958743149,0.3028260381512206,-0.11781678508364475,-0.2934966096876816,-0.11347336785276553,-0.10716541719537219,-0.47915916171969947,-0.24458509259501518,0.09531498005835037,0.32686714186650817,-0.01439423337274164,0.04675795579271233,0.1356046178499058,-0.182374689292868
xxx,-0.0006531704445395872,0.10732519850166229,0.2317483137424297,-0.2789102892949956,-0.25157821865621877,-0.15463527047072,0.27068237510616033,-0.10549651176513397,-0.23716818924652994,-0.1714241285200829,-0.09941939569047556,-0.4120966260577222,-0.25717516312471317,0.0980911204146472,0.3148483550207849,-0.008744403972486369,0.46935811109277664,0.14565192425982146,0.05966331994872446
xxx,0.0001381858380636205,0.15386258967433106,0.043842512438463266,-0.3036229866665723,0.024169154079291596,0.08650055294103524,0.239588011185968,0.01205176345275482,-0.2238622389606539,-0.28932490025301333,-0.09256238595816434,-0.34308749865179505,-0.25465198971831826,0.10244754974285317,0.3159431838653311,0.0012502078268873304,0.40726838933657183,0.1328886979996292,0.4447598195155962
xxx,0.08518486403852961,0.18551627395397274,-0.03365391487429312,-0.25386206946112677,0.1587570425022585,0.14202017938711659,0.17580441332697394,0.09465695569590343,-0.17092723043112926,-0.26537897787627474,-0.07347234230927115,-0.23957577993559026,-0.20791346904098895,0.07181843688177925,0.2702442288951948,0.02845770642098843,0.29561883338375106,-0.5768272982579028,0.3316319436086612
xxx,0.0012567792079660914,0.2459765144607897,-0.15103585363986305,-0.2903229291252437,0.2513317494738039,0.10572688492104174,0.23742075001201077,0.07171444402055058,-0.2718597153203865,-0.31329738174623,-0.09651169026265899,-0.3241107521320204,-0.283752226980327,0.09877916025717155,0.2820769329979748,-0.007084169542975194,0.33537730111968916,0.1779457612483486,0.30996907407242424
xxx,0.003556952554152624,0.09491676847487238,-0.4172979549601973,-0.18964258275356072,0.3627601800348326,-0.242439411482774,0.2039165037509952,-0.18387135136118601,-0.23497916008571446,-0.16112938353298353,-0.11699897310502815,-0.46662938822779293,-0.297831579525844,0.04480998483915424,0.11704412758514943,-0.19534744891152778,-0.15091327581372865,0.09645420120694333,-0.16693437757037616
xxx,0.0001948873393890808,-0.2281784621408103,-0.3572962200913725,0.10967970958085668,0.2680977761472534,-0.6452448658634228,-0.24565970219739436,-0.19777625370903734,0.1259691700315367,0.10306993504223137,-0.11185889868269573,0.22772592091491053,-0.07377052749850706,-0.1514606662708144,-0.15570638466260847,-0.17651194434707132,-0.1538134911458722,-0.07134011652584654,-0.13102804576364419
xxx,-0.00028237851676627177,-0.4052141496848446,-0.05399400321268,0.3163706142899367,0.10809123618105211,-0.3559888007653744,-0.18048795766889045,0.0787555632875527,0.40512141157681,0.22507366247740385,-0.09939307293146941,0.13004690501944455,0.2771322586425662,-0.34217246073645474,-0.27791510203822867,0.019955154565650224,-2.3095555333269192e-05,-0.19704813548916358,-0.0607102755623453
xxx,0.000867385472464511,-0.3707066915194355,-0.16732727107219925,0.29838564076323787,0.23070315883620188,-0.2849868335918329,-0.18286682463362813,0.11226270946761592,0.39170379511454656,0.21747716363379002,-0.10220208582205413,0.13438013839477922,0.2910302480999633,-0.3086835648253447,-0.27811013087430114,-0.011724381560942524,0.18856329261989446,-0.19822247658079187,-0.059269895239904724
xxx,0.002958091814752351,-0.2682211018681304,-0.3925960001582375,0.19303980175077007,0.33524373948196223,-0.19830782321034018,-0.19472647194685913,0.03127349802743591,0.3048374911338395,0.2690557182492526,-0.12872005647721788,0.19128301894530098,0.2538665605145462,-0.30553467689775077,-0.2791409585205915,-0.18961392529232166,-0.16208046136916507,-0.13768111150884135,-0.10332858753354666
xxx,0.033675537962979694,-0.03862966699491384,-0.48268562487184086,0.012404529191450034,0.28865859664652177,-0.1754199314888831,0.3361447651743605,-0.15692874774451168,-0.01242176037214192,0.2450681131046627,-0.14897098668871173,0.25665508532602654,0.18933416752056093,-0.1402088754332552,-0.13838839322362162,-0.4658649412220398,-0.2036693029273208,-0.03036379621773037,-0.17687603476900146
xxx,0.0017398372928054053,-0.0844966091589079,0.034006221736224806,-0.050547270259254845,-0.37742567586778997,-0.38901698206363516,-0.337205708854293,-0.24710893340128778,-0.1862508432322432,0.14325757003417802,-0.14626295524743677,0.28351956212468526,0.1772173695511217,-0.04932672396569751,-0.06522861100050797,-0.47869708837482133,-0.21753774327730838,0.03234476698342894,-0.21907088684192955
xxx,-0.00036153329715484515,-0.0981804337511787,0.5451788550967958,-0.07252496249935687,-0.38355086671309074,0.16417357885678693,-0.3284310814807885,0.22988376089559823,0.21840623369035858,-0.11349174720740784,0.11635674079713491,-0.24079534702259436,-0.15331100663824834,0.035772978069659386,0.11029775563371153,0.33789724414544264,0.17435836699298762,-0.05358108302436543,0.19132214286793905
xxx,0.002807931315421619,0.058441640430898056,0.25343897415771066,-0.1968378781141393,0.006281756455330866,0.32051589191730206,0.3291554822281109,0.17360792454389148,-0.02884839511838673,-0.2387124723115326,0.129094991684335,-0.22522958157688885,-0.2487437451120987,0.17773491954356524,0.41053132493574696,0.45637648958694815,0.17741575582248414,0.047940795593496836,0.15196092626713187
xxx,0.00031143306649728783,-0.1833728194635056,-0.258538460577459,0.2473053166755691,0.11231643772108264,-0.1095494683610773,-0.2794455492611733,0.06313078416267937,0.30157967372165223,0.28842950147737983,-0.1318116602841062,0.19608044337287295,0.2845117738526468,-0.3402252461339444,-0.43012957357073156,-0.2484795211371188,-0.1663108472843308,-0.13118805509296128,-0.11573223386875711
xxx,0.006838920261148115,0.053452143565373395,0.12576442087850997,0.0782990845328691,-0.5018059201022943,0.017868706429710602,-0.22033919195243096,-0.28691105865663336,-0.3420012167802278,0.12456497985432144,-0.13658374826639358,0.2945659803889726,0.21050976308381497,0.029624228380886214,-0.13319490879802784,-0.41916426112518806,-0.20903493864116066,0.1153227342538969,-0.24221413245283419
xxx,0.07677217849839768,0.049387276778469894,0.14077245238599048,0.05434756138359302,-0.5011381753332936,0.0748747553098896,0.28718065754736105,-0.27690172576299243,-0.36980998856766667,0.09329459282306261,-0.12886101324448643,0.28343688990654703,0.23212835206804242,0.0814178356542655,-0.05312020433367323,-0.378760298231588,-0.21079324826146448,0.1061161998952925,-0.23238851897499194
xxx,0.005620449072587054,0.05149522496649045,0.08325091306343901,0.04380914662427123,-0.4554797831811717,0.11061883076170927,-0.294455465480529,-0.2639809002420218,-0.3305083224539273,0.1067184385656523,-0.14058480478093557,0.30349999055934546,0.22677660476938816,0.08035050643482727,-0.0800547069692079,-0.4378366964482158,-0.21905770110655817,0.12300553172431272,-0.24657429729686875
xxx,0.00015580844805070505,0.20038276775131225,-0.3148948829522541,0.01689000109101326,0.019377694622105666,0.15049339690986524,0.5459950746762042,-0.2626161820109079,-0.2681349902359026,0.10389254738077508,-0.14558022256141495,0.29831686405368835,0.15466294281853227,0.14057919860366178,-0.06961893108281839,-0.34399849729540116,-0.21291051669769961,0.09070859576481054,-0.238748038004452
xxx,-0.026949083661429174,0.03784164817176004,0.13490466115215996,-0.12369536139318867,-0.3289303814337763,0.3256295054631638,0.40462704937310673,-0.40427449298269225,-0.10886355854095281,-0.23233874062822304,-0.1411436219895862,-0.01629728436391245,-0.29652329463865956,0.3272446973323289,-0.20290450579596375,-0.18035935252855329,-0.1445522338376976,0.12495106740147899,-0.18009668977602594
xxx,-0.01474226484288912,-0.003219715451033358,0.17989794354054417,-0.12054498812900977,-0.2904653816048963,0.3934531582734201,0.12410981917182867,-0.16195795482837125,-0.15633614118210387,-0.3793333861389774,-0.0971705657353987,-0.453371554833546,-0.27439294298977757,0.3695984117914109,-0.15437894829797905,-0.08800033476814861,-0.11592305970195235,0.11840488928451004,-0.13429132277908715
xxx,-0.000335203377630855,-0.12537657622898712,-0.09060669065700028,0.08935081774316807,0.05462411156600763,-0.2884082048512669,-0.10824077645215968,0.01220803215126937,-0.30706361509493857,-0.10448163875882296,-0.2276161655831309,-0.1676008280531483,0.19916980358877537,0.29680787698849337,-0.07458932472223927,0.7149161269299302,-0.14874138683445662,0.12447683299902237,-0.05389905110794689
slasto,0.0005240476741209523,0.28320863669319674,0.25140907174736504,-0.2865919035299626,-0.24470988672108418,-0.004878985779376393,0.03738434063134763,0.41355730177445205,0.004744819050434414,0.0702045624391379,-0.0474260828064436,-0.06330294912982526,-0.04777833693639232,-0.35369744181222823,0.13388393970999093,-0.4206078109961895,0.31512036805753907,0.3242444951038643,-0.06522226818986329
slasto,0.01198464578930281,0.004878722237812716,0.2020516642537871,0.1690414993841625,-0.22441567142886715,0.2807183669574422,-0.3868358333780654,0.07164956105579788,0.0490187186832553,0.13226328395388617,-0.03951622794158522,-0.04702745007037626,0.05046428026582725,-0.06067675046944049,0.041381437004634314,0.06609851133438167,0.11339032458911047,0.2540509683304165,0.7302444419772467
slasto,0.0006955906565788598,0.2927201804463793,0.34849751479910895,0.34724354571336935,-0.3262478213391758,0.42083590627271505,-0.4673226735754332,0.1366781746423284,0.0703859261259468,0.3164672905121978,-0.0507425516654952,-0.03244756588668847,0.06636417925307767,-0.040147464000138924,0.11860034958315654,0.09508399915241761,-0.07538905935010733,0.07861654212402786,-0.04420308726089282
slasto,0.006643672987090384,-0.018085205251110167,0.49564750195282836,0.46273290665707495,-0.4945929275873961,0.25069644081508424,0.05419048031347191,-0.03237386253534735,0.12968287601306472,0.34351183292890003,-0.1160370375988048,0.01617153872229346,0.13312511113770908,-0.04319497491121368,0.05469887208981609,0.18889535186921178,-0.12721317443177918,0.07255513545988439,0.013269896190219994
slasto,0.0030387130050228196,0.29727578609773314,0.10220362691910834,0.46166706128774626,0.04549021987065464,-0.13912227697343713,0.1217288926458168,-0.05312644328346008,0.24040666544424039,0.4601974543234812,-0.21394666175904645,-0.013062111025635311,0.2550897373467736,0.126682966546736,-0.0023542823794471665,0.36963291497567574,-0.23790046995438158,-0.18910750750009006,0.1527999334568395
slasto,0.005489424360171882,0.22558215937267104,-0.12704217688938824,0.2939429661194521,0.25411882224323656,-0.27400364696399876,0.17163298912873107,-0.07328615450578846,0.32397330653870887,0.34053408961132836,-0.2687161954217853,-0.016291053241720782,0.31375678241658467,0.013164480048067338,0.24253539238008573,0.3175441650986105,-0.31399877035767093,-0.10273151339599902,0.10615131137923171
slasto,4.456991719366292e-05,0.06803879826493522,-0.04181274585029604,0.10864951402253625,0.05046495299321667,-0.06796748868133218,0.08371589944992062,-0.027088457805037595,0.23476022419766882,-0.326910011240997,0.8510814015348488,-0.058112790156294294,0.12678792902628555,0.02182404762619043,0.12438081024718514,0.13993859095255987,-0.15433410113906496,-0.03096428322510284,0.02876526398667921
slasto,0.0011905789476824211,-0.03815747887489646,0.011674070022430816,0.14677251746577677,0.012158883984220749,0.05646097568900234,0.07388344351820171,-0.0876488871223612,0.2286833853713563,-0.26944255079375107,0.8619425277364513,-0.044339745685904514,0.1515832816753102,0.07491456628919993,0.011309213548240075,0.18075823058330012,-0.1449257337360301,-0.06846511585311632,0.0591642366375201
slasto,0.0023165914713638345,-0.22877664327970307,-0.3101532419878742,0.06362259587101789,0.34715464104426574,0.035128107991098,0.1664875373583823,-0.16302968383056618,0.3914071272006437,-0.4227595350722219,-0.05852636314633407,-0.12305727350286567,0.3308511149034949,0.09304281324498213,0.1542369390281666,0.27640185779920506,-0.29816697539040443,-0.09583399122622747,0.06695921413554501
slasto,0.002178973396967213,-0.07719836363004288,-0.16584522072349583,-0.002262430543596991,0.18348629364261193,-0.014998541949941303,0.08372670318413854,-0.07878156420061015,0.2073859579768933,-0.25738570808283967,0.8499951576081336,-0.08810354115984838,0.1846965581748793,0.055157936761491576,0.07345343709809307,0.12158337528887436,-0.14290798564968651,-0.037598061919257665,0.02723962061304111
slasto,0.0634343061355678,-0.05555738090557902,-0.13748744390748807,-0.02549996760909993,0.14633380942156216,-0.07009708565264083,0.07719722302309405,0.1875444727418974,-0.47900728441973117,0.25707906221594845,0.012727569178974253,-0.4854014553899275,-0.5749525598076535,0.05682836201616149,0.027316614408950994,0.14286758845667474,-0.13812723715860187,-0.05250076737662476,0.04235447141952549
slasto,0.0005354751123708643,-0.07271594535232492,-0.0819403691321291,-0.1014859467505558,0.07308318794473982,-0.19150629155308924,0.04686920365568843,-0.15128209668820458,-0.601332565109142,0.007979165376360047,-0.06629496052705532,0.676002071628425,-0.2628658116315468,0.023246284780551008,0.02954371103041937,0.07823994787030689,-0.09285026106083702,-0.03887992935918816,0.028207344199211608
slasto,0.00261530632683005,-0.06269932300969504,-0.3003955278345949,-0.21270695839962914,0.2828041233527485,-0.3880080059967258,0.1325154194792118,-0.03388874795715395,0.21356399971357856,-0.34151512869984263,-0.18180627618342762,-0.06642432821165573,0.19983793473975753,0.35382861983515346,-0.21188478544899558,0.22699314698644615,-0.21214658037212744,-0.296603397308802,0.13081029851804055
slasto,-0.00014661158681043357,-0.16099750773361493,-0.3782036151676512,-0.21711925731943735,0.38686074238077234,-0.26986756139446316,0.1575711145513428,-0.15505902043635,0.25156912516152374,-0.36772570536828675,-0.26478207653511615,-0.04884493056916675,0.31984085445074506,0.11631574523347535,0.08520300289634515,0.20013786508621714,-0.2769178303562979,-0.040303749776685216,0.009200678610348432
slasto,-0.00023403738530091916,-0.07658905438391285,-0.26279974556140206,-0.2506800175363243,0.2514654877948189,-0.2618725066271391,0.12110086961935197,-0.12617951027335758,0.189061472674426,-0.3074727795250537,-0.19946774794116015,-0.04467341355583421,0.23643515055897577,0.31518311334787585,-0.013354910731231294,-0.0763234949811225,-0.20675580065172885,-0.5606009519330503,0.09745413450018932
slasto,0.003238351286121229,-0.0045885490300560106,-0.2764807714307204,-0.3111789851818817,0.2543316548215136,-0.3031404254875066,0.1336664678902892,-0.1377235888881578,0.20717814550160854,-0.3724562890346436,-0.21781493097735852,-0.05250953399633404,0.25962481095417733,-0.24114743021433852,0.4251703652055307,0.07693206447898807,-0.28021024454514487,-0.10211828530990602,0.015913774340591363
slasto,0.008479855930222822,-0.011416187805075917,0.2641360580663533,0.33722072462578634,-0.23569020267140528,0.233915391858095,-0.1315122708769883,0.13357873953320806,-0.19756450843478365,0.3494120616388653,0.20671767199930874,0.048628949486385055,-0.24955596350724243,0.0937784205789018,0.29898071265417747,-0.4719367114639791,0.20625600990833007,-0.01956168444078459,-0.19659848500165172
slasto,0.0005971505244238429,0.031124940447774238,-0.2001656185103443,-0.24190658118346492,0.18176567277425104,-0.18066182539319334,0.09515544017143696,-0.09055943636836795,0.13997528479923346,-0.22965902202891172,-0.14619565213963293,-0.04092117912545283,0.17766723544144516,0.3808078819975939,-0.4829245536311914,0.0869505730245256,-0.1330718965277746,-0.4884493814417891,0.22018479179923559
slasto,-0.008994868270177545,-0.1584735638379804,0.2353196365620503,0.29488621256260317,-0.1971243629648637,0.2431245191515887,-0.13187242244659986,0.10414157727985865,-0.20061570806143564,0.3064956339535197,0.2095528912667702,0.05570107518581523,-0.25189339458106313,-0.11005473804953862,-0.28317734513740184,0.16670556554327065,0.26893685151946417,0.5189090494377581,-0.0034922773141204816
slasto,-0.000638133991492866,0.24429855907410944,-0.036763584450500736,-0.32299607106591266,-0.11355111447827707,-0.13702456740923266,0.17189882259338854,-0.12776990732434448,0.27800195412125883,-0.4319794768404397,-0.2919350052764916,-0.07827091081755931,0.34807383293929073,-0.15312655858852267,0.09724247633055808,0.34252455881365657,-0.34604007832845296,0.03977571651336832,0.09562614196519352
slasto,-0.00011813085957560194,0.13488283582381208,-0.1581903575429907,-0.14629612239743145,0.14139115545018283,-0.13807990304027545,0.0920267971780227,-0.06782349136266702,0.14090517188233218,-0.20098113222252326,-0.14831101939230742,-0.05099736018995923,0.1759043398531581,0.3872196225791974,-0.5586206253767255,0.1445643826145711,-0.13418007605755794,-0.45954257085512557,0.2353463914567694
slasto,-0.011167144917437252,-0.13818055586925204,0.3637075410554305,0.10928477790105699,-0.36415660106214065,0.11173723663165347,-0.13828204726743978,0.08203470758612412,-0.2206827151486019,0.2818762148463333,0.23560300849549096,0.09067343182642287,-0.2727444202298228,0.37991571255390605,-0.13413601274330383,-0.3991635676486626,0.21991761293180054,-0.05445152907404118,-0.16269361146756556
slasto,0.041010637476992594,0.02708680023637761,-0.2549387779693716,-0.02976908665871116,0.2528574699026107,-0.09193391515133857,0.09499094034897311,-0.042770095031575674,0.15891465539769542,-0.1992432361248944,-0.1708224990248069,-0.10477387581250393,0.19176100194953494,-0.2299406099375764,0.3738224213230749,-0.013728097853768259,0.7104009672087902,-0.09333674473686812,-0.04557942609843117
slasto,-0.0037843495470061203,-0.07115478594271875,-0.3066117061449375,0.015329012979932784,0.2938324770806579,-0.1685686161510286,0.1184465708948848,-0.042010962897388815,0.21648879662444534,-0.2917598342242036,-0.23584089548423248,-0.20318042807321432,0.2500436395760508,0.2507159304575452,0.21655652053520755,-0.3138611101541841,-0.25871639764433646,-0.3675861635933724,-0.26155279865234343
slasto,-0.011955706630787303,-0.11230120118853415,-0.1886154181150012,0.04371055775067012,0.16900110812772698,-0.13757447120498403,0.07952041807121116,-0.05136532985854351,0.1528106223631565,-0.20812905724603645,-0.16909112638295679,-0.1372112412154613,0.17534894219422134,0.5424706441907514,-0.6389891956593036,0.03177634022959089,-0.09739187878037044,-0.044897578615411896,-0.18309826128928725
slasto,0.01512748983581775,-0.1303780754404389,-0.18955008754741764,0.07069423110695018,0.1658072990600528,-0.1353340681334987,0.08038535920743713,-0.0537328765720201,0.1624770853139419,-0.25737060589431215,-0.1807650944873198,-0.146898090697329,0.18271442919560765,0.20340896904180517,-0.6609750562686982,0.4492298482808524,-0.11833415320231984,0.04673828921674537,0.10189237531241198
slasto,0.012897852736515392,-0.17396791302728443,-0.2201178784544546,0.15783199978440213,0.1933583169517077,-0.19756356915442636,0.1072646319290412,-0.054458709344243794,0.22356890819165448,-0.35555354501714126,-0.2505805033923184,-0.20239012760576355,0.24941515099299438,-0.41648112198939086,0.12876727803320515,0.45064744523793443,-0.1410284615846984,0.1943984098207911,0.11099555956570827
slasto,0.012463121906728195,-0.21044726086913745,-0.014002773171944516,0.18212203704293678,-0.027313180499668976,-0.055347258095875304,0.06512749963807554,-0.03910179076673405,0.15536565271216324,-0.23615072195368267,-0.17575259201139795,-0.13743210754507718,0.16995399105023568,-0.2233375043039344,0.3883830575960103,-0.07352528347018378,0.720498049318112,-0.047043177499900904,-0.1635343778428868
slasto,-0.009698617861557698,-0.38272737177984467,0.09352414745556445,0.26946780863453657,-0.1717968194706723,0.09249931162625268,0.07604864295526653,-0.0640550066746017,0.18673698501283917,-0.26755171615927964,-0.21252944754739886,-0.16928605430992835,0.20603201801861798,0.4160914327206272,-0.14438827354978095,-0.2704786273550872,-0.19526913486456904,-0.19664283391381676,-0.3969078646216322
slasto,0.0009114115404502163,-0.3177808949053491,-0.02928266225294829,0.15555304476400061,0.003747590527509616,-0.008650231337967655,0.051782990398868446,-0.055893530700103576,0.13444213568604887,-0.21655078180568868,-0.15308617871173744,-0.12031453106862024,0.14891434093933814,0.3043726844508963,-0.7260870885233854,0.2728437630183962,-0.07998258119571226,0.15057822417679842,-0.14018324981797917
slasto,0.022813239701634496,-0.4029340709582628,-0.1458610060746721,0.18088963889868187,0.14133200561257295,-0.018554975268774147,0.07790904346246041,-0.07264187373349025,0.18656996821988336,-0.31090681431861455,-0.21121848392020637,-0.16165522005407462,0.2048515730835047,-0.29454982492982673,-0.2653454417048389,0.5108501986158653,-0.11604215883855444,0.2630138266481382,0.08380302445946544
slasto,0.008811751671794706,-0.3348398915412309,-0.15729287769652256,0.15756398452588927,0.16931814204840503,-0.012671181447734577,0.06877911347635726,-0.06036730763035301,0.15349209993506627,-0.2224993687850263,-0.17301828740867825,-0.12241789962110886,0.16743488378035232,-0.24885996521505876,0.28448618575703266,-0.060938755281230855,0.6993767688223896,-0.027030291185208517,-0.13657748177832932
slasto,-0.0008750024788549333,-0.4723958464361325,-0.2953497226145292,0.07218655496107794,0.30940132560764666,-0.027588102651919875,0.08898602621521541,-0.07482460614997985,0.1794732525298245,-0.28499912588903414,-0.2036496593635218,-0.16991017567994143,0.20338122705891598,0.3688300760996524,-0.2711013825898171,-0.13592724891391236,-0.1879263642928995,-0.19660092409735375,-0.21742704529223
slasto,0.0002999606291291184,-0.4759700423677894,-0.23948104605227227,-0.0044293674095320194,0.21586204675276685,0.0908574647087535,0.09524917739965436,-0.07352290170532408,0.19266558099799422,-0.32604244633313473,-0.21661418872900806,-0.18078134133043436,0.22149743777513017,0.37986434169016553,-0.37640533821996214,-0.044944371761461495,-0.17493765528522012,-0.12588670041909705,-0.20053739605613838
slasto,0.005535829885969898,-0.3843182646502694,0.09799229768242068,0.18871101623622882,-0.14447439308196783,0.2937271137637115,0.07915712730193358,-0.05155998967806382,0.14972725235327894,-0.19808612610506451,-0.18904860612293414,-0.15495590798313455,0.21482302617861285,0.2093850480287531,-0.12781051347898548,-0.3214087454918354,-0.21208893733208847,-0.5288455074343666,-0.18792520341341407
slasto,-0.005690704900715778,-0.23450211177800917,-0.10795904677972436,0.10393079582874375,0.14225921116867898,0.14832584808480626,0.06023891561552829,-0.0945265114503011,-0.23878034208188909,0.41121966361057416,-0.018952960077037326,-0.06936165963002972,-0.7069524758055927,-0.06728920315479073,0.25335205578111136,-0.14245456102380533,-0.07443105041078853,-0.14954483520622966,-0.1405987258531634
slasto,0.0010560896049217508,-0.15028451472919568,-0.14027436499721901,0.01600597402148793,0.15179506329564807,0.04664028623950365,0.05063911798821539,-0.2653648349348595,-0.37093739524780744,0.31354465370646983,0.029155889312614827,-0.21665685247670127,-0.39587842513634763,-0.2702795706976277,0.3530652510059862,-0.03902865559745947,0.37764840710011655,0.25566418592625745,-0.10795817362179994
slasto,-0.0017064587306451317,-0.12964012414666212,-0.151007405089574,-0.007857073671443537,0.13613408554526465,0.05424194624590113,0.06267765956145611,-0.3993760029868322,-0.20103547201354982,0.2831517469605885,-0.01876802628640065,0.08732717582589664,-0.6244834316951597,0.15328753284331653,-0.4229609621998745,0.21089193680560278,-0.08861029059157631,-0.038509661210305114,0.025939850678350904
slasto,0.004433211527128815,-0.0648922133652424,-0.15023092427812124,-0.056959178784235454,0.12846357328606697,0.011627868763811049,0.06361381717857631,-0.3727911454065777,-0.1918511525799465,0.2583045881809268,-0.017832251037040277,0.0557758168657195,-0.5940426546104073,0.19213911805708733,-0.4933154153013133,0.1079897064108728,-0.08917778913942633,-0.21611446155444064,0.062258194649121856
slasto,-0.003436152084358136,0.0825874935801798,-0.12817528669766043,-0.11417712255419354,0.11551006673261748,-0.2321040212289372,0.05351626430587787,-0.23848772463335885,-0.2863503590553262,0.19303097685501472,-0.008140833886620107,-0.13597856877699802,-0.45892254750767764,-0.3091346384005093,0.3773403947857163,-0.131842187319217,0.4544834543566861,0.1203525746903524,-0.10937367486592506
slasto,0.05092401600934441,0.10704334892222318,0.007913169730642607,-0.11579836892999626,-0.06507678369751771,-0.30513727047224254,0.04358738420391753,-0.08354958495338259,-0.5196796613919665,0.020172788863373654,-0.03959390120909082,-0.24856068911998727,-0.2939349083654761,-0.31621663422348795,0.35723975478518233,-0.1495634749881044,0.43386637629391694,0.027006290883536968,-0.09834725862877171
slasto,0.00036421917399004355,0.07981722796672308,0.11464757439097566,0.20477913862868205,0.2753007484481763,0.054131970845120427,-0.11180961060022418,-0.9129103941913197,0.012690523324173367,0.05589794337129614,-0.05834513923852841,0.008660545215692376,0.010735671142260863,0.02197343345210239,-0.04217391219722364,0.05600657654869009,-0.025724642233751066,-0.02076989441624753,-0.023488328520230823
minestra,0.0018799638325667017,0.35717490439661675,0.00976072600443545,-0.3204119684399872,-0.2522183310913844,-0.30064958414921755,0.0028716230296950067,0.36798789170707363,-0.2868000751072953,-0.12260063170716515,0.20708713258903597,-0.018280161313051543,-0.258666358080774,-0.3111691798956327,-0.36007690734900194,-0.21282114680318934,-0.02506370543611897,-0.009597818923520822,-0.018217559093978975
minestra,0.03168670050996331,0.2753155789155848,-0.0524902501566685,-0.22409991973111285,-0.3976504853957851,0.2413356199106194,0.023239753747593992,0.22285956946623794,-0.47344049628235574,-0.11902482528843247,0.2551186485162842,0.07106081037705746,-0.25459266803921193,-0.23264357925329926,-0.4126819801726821,-0.055534501502054565,0.038814650823837366,0.043099642667388194,-0.022516130306663225
minestra,0.0019787224421625436,0.0030357084024893047,-0.18602603628935166,-0.2232706743461267,-0.351440913542098,0.21478257290344388,0.03312253187150727,0.08749080505814516,-0.12220959914840777,-0.14797695624802884,-0.4480937639530994,-0.10319828884836983,0.08360683240083877,-0.17895564172213382,-0.10212598686652603,0.10256353729392181,-0.6017239129636429,0.25361233619277834,-0.050158877854357964
minestra,0.0041224532944522585,-0.15825475800818792,-0.5934449387939597,-0.27314881946855984,0.2390481918599992,0.09954776773424578,0.044170471747947165,0.061517247246935615,-0.11289536642642867,-0.19818780255267168,-0.3425720834066482,-0.15985383505765532,0.10334200089741054,-0.17116530593361037,-0.09498797470348433,0.10169098163228317,-0.4056636258427047,0.22916320993990513,-0.06345671100192
minestra,0.0049630671730764376,-0.0658683373040536,-0.21989710479945068,-0.26543090667131897,-0.6403104087918882,0.03266916082812342,0.054285598706238246,0.11880294304822801,-0.3143006016662163,-0.11100906650018938,-0.12266310402984662,-0.20270251804189637,0.14411152689851137,-0.1965931766850145,-0.15265218060438215,0.09250964520818959,-0.3480908151871773,0.24615663690348738,-0.09190665682088894
minestra,0.0005675551719690534,-0.07311406324297183,-0.6792016412109144,-0.22810904626140327,0.328935674053573,-0.12127793992872907,0.07022989695056704,0.10777263918213242,-0.28061584232500336,-0.13871168105201803,0.10317157923061158,-0.17156460297641948,0.1085904739705413,-0.3026279236106105,-0.041207676078728966,0.08052565840286138,-0.1554788206561501,0.23524707648018794,-0.11275506873850662
minestra,-0.0027898086976815436,-0.24259630987710643,-0.3068882643669373,0.35027195827788005,0.19360435029322687,0.17508191605072923,0.05466119488807964,0.06809075264449882,-0.2704185915706665,0.40157319329724306,0.15208334619859618,0.049729932224694254,-0.08130439079742136,-0.16707789086662958,0.11335430811118172,-0.030002708109570144,-0.2747007901764903,0.5143338934961791,-0.01585371609659074
minestra,0.00208252252715593,-0.23427402273180878,-0.1777671431164627,0.27610383985436926,0.1040179263976011,0.17634619959212505,0.0250380507785763,-0.0014288134734760582,-0.19934118453069916,0.400953655521868,0.10339879495744649,0.08382940838840192,-0.08780085101355736,0.02454055778550105,0.022061352097387094,-0.06966421900689036,-0.24437797957171858,0.37778853555167224,0.6003493202216081
minestra,0.028080540282434802,0.007700406395363069,-0.20365649775166014,0.12182095116458398,0.10896626102403814,-0.06425016685872344,-0.9183947488332915,-0.013680230927294349,-0.07343266766446524,0.16105524139562302,0.03315050443506015,-0.02375384125745103,0.046538179210516284,0.11993852308276656,-0.11403748285751443,0.046812561338321734,0.08284213405199069,0.09396192037604723,-0.05961184666091045
minestra,0.00011234308290619668,0.09965029189873083,-0.18920882432396868,0.0650959123182378,0.09492737142243396,-0.13868345764961013,-0.9027572657586697,-0.058267873597243995,-0.05752432707724818,0.05979237026168016,0.03737941248049484,-0.09381026274203809,0.17146535648962907,0.16669917363266679,-0.12610569859624868,0.044042665299022205,0.07938693968100413,-0.04650293316519285,-0.05333171590375571
minestra,-0.0003388197960210648,0.14574113138251854,-0.4067908436838128,0.11277416857986873,0.33666077567931213,-0.19035845800645013,0.14741891084008635,-0.12397192068484972,-0.2531034925906545,0.15054068317797073,0.2787136474572641,-0.15289635392211107,0.3723754938347271,0.43918109065638106,-0.1468842267226671,-0.03869815435123063,0.15769361662003487,0.042642799635058765,-0.2116608408400505
minestra,0.00014447672294484593,0.007205901199412475,-0.27672481151292744,-0.17458982307234436,0.245324987512499,-0.05970354342087812,0.13332800448624657,-0.2935835118915363,-0.16234830520145968,-0.050630730844317795,0.246311331600499,-0.20228471273344742,0.5201271641901662,0.3223970456504729,-0.21793973393866545,-0.03721338702414161,0.2837405704694838,-0.2508330946131253,-0.16698470254304537
minestra,0.0020312600104846717,-0.3437294110347251,0.28675039415670767,-0.35803151192720495,-0.5494859821380769,0.1363962193829828,0.05527305786892343,-0.1414628982897091,-0.10818805170506293,-0.13718254603054725,0.27363990204655786,-0.07203780612856157,0.16701787072534094,-0.02842762162970687,-0.13105667791977763,0.014267127676167241,0.3905102700918176,-0.11349759580873982,-0.07601104732649487
minestra,0.0013110795570053114,-0.5395601718272655,-0.05057837994119041,-0.4024344020569095,0.12293374016148365,0.25253008728872534,0.07522834875576208,-0.02896731960307987,0.03986735499704671,-0.3093180905835067,0.2032897968087219,-0.07093832939678796,-0.018086537328363732,-0.3485986373164613,0.04175292274140072,0.21460446354601892,0.3682750752361933,-0.0682230067278852,-0.07366913175079566
minestra,0.0022456457989021702,-0.27693319099378794,0.4762338402762013,-0.029837957394610953,-0.6347510561700648,0.17352748441666876,0.0436984603051483,0.0029203811717859614,0.1553689351415807,-0.18534979756364334,0.10016662326526657,-0.041581090123444374,-0.027327967696813775,-0.22451080034910756,0.13339182640847508,0.16731043073858845,0.29544429791998705,-0.06505618301772491,-0.04434127024928485
minestra,0.0009195702134872659,-0.31095314050249606,0.09944309684318142,0.12900134074906838,0.2301838361570544,0.2335989084402645,0.08070924701126944,0.13137297343316798,0.2918865605567662,-0.31432447536708547,0.12188992306175414,-0.07775552124737252,-0.07070270484838602,-0.44658235103671556,0.3059650912926967,0.34822335586355413,0.31799822726841825,0.10086509565894028,-0.09972870147820247
minestra,0.0012950285279596594,0.14668299150105923,0.5181544384162361,0.010659849769553082,-0.4483298867303904,-0.4209224646824831,0.07047799060794988,-0.007417863846444934,0.28132139867826406,-0.21001884846658664,0.09176566201504698,-0.16528799094938657,0.13231579812741392,-0.12105127516232465,0.10500659142062496,0.25509077202731845,0.08699319275885048,-0.22078918915723378,-0.05589197470977188
minestra,0.0008009509423182573,-0.2532496044427792,0.2938323350185297,0.2869859041143846,0.05705197786015728,0.46621846396621636,0.026497139768224934,0.13889537397112306,0.13300285702738968,0.16306700567179216,-0.05897179534518687,0.2755202570708045,-0.30400489092814736,-0.20042920841913237,0.29219829195270336,0.08089624078750722,0.06095757917583446,0.40799054415159136,-0.09055932561173624
minestra,0.0014868494903600767,0.3992566963519563,0.23557204542389687,0.09173446539141729,0.04763760759744166,-0.15197285635559593,0.07020305826338881,-0.12899514727401504,0.39860903508068984,-0.21482707299154613,-0.09746968759024524,-0.1820178232509514,0.33823748343535814,0.1955755010924244,0.08669214257165496,0.2758629460911264,-0.009203716900652642,-0.4939748788334029,-0.041407314290370624
minestra,-0.0007440591662375972,0.12062895815015251,-0.2551435706169817,-0.5010617356027908,-0.09467881085068966,-0.5359308863419943,-0.061783714457622735,-0.00602993342898155,-0.28539898357787274,-0.21029933935204254,0.06837745791719366,-0.09333646275654629,0.08516567842220905,-0.028991868282528317,-0.3774730434198908,-0.05798767869885311,0.25525675399299397,-0.027809683237715817,0.1015422413878804
minestra,0.004624214670056934,-0.02212612148301063,0.42012031014571743,0.4365080295719274,-0.05198705353771158,0.10453186061687077,0.06378964040269276,-0.1341433784922109,0.5492273436105358,-0.21338003580371798,-0.2948052043660813,-0.018733049389740738,0.10628387382009387,0.10770951680673743,0.274595185790142,0.18774028493757686,0.012763103609786742,-0.14625378398289487,-0.08505658757218343
minestra,0.004395648519091277,-0.13448225077048348,-0.6798497631609133,-0.2719635534505931,0.4527521886498618,0.1366027086339661,-0.05021242021519026,-0.0405987654466495,-0.3208232113344537,0.0024363338001655134,0.03556042583703034,0.0718091343392058,-0.07678772967083611,-0.11272479660377938,-0.2599847324624662,-0.09154157654754076,-0.03926811483949919,0.07128243164506194,0.08594979554144465
minestra,0.01655678836158396,0.08511231769243839,0.468425375197687,0.3005904954470358,-0.1853186289725143,-0.05204760109658035,0.04078526196662122,-0.173866875900013,0.4777788004244343,-0.29539877548764515,-0.30614274026360455,-0.059859420872465686,0.22839053354643543,0.13143383080727383,0.24863515830684538,0.21727851803073453,-0.13701904939823603,-0.038148301411681663,-0.04998296636908834
minestra,-0.07507160636569712,0.07902558982354659,0.2169187945160124,0.19846236475448437,0.0436675923013638,0.05167595500231631,0.031151615953028264,0.10949231599598297,0.16265957479966625,0.12920829913891535,-0.010231810397769492,0.05290446345548809,-0.12163316278599073,-0.038518040818970575,0.350440296589729,-0.09222014550202329,-0.7026133684338428,0.41651097233355755,0.17024387522344994
minestra,0.08441210700567806,0.06560839324995849,0.16605225141368768,0.1437275642412588,0.02480681951763374,0.06360316547941723,0.026128044277902333,0.11784204775231799,0.05820816718227979,0.18195947021484143,-0.014748700951189443,0.12100180016118792,-0.21059313709696365,0.017837821969645846,0.2766676097776696,-0.10476788263031026,-0.5507053078024365,0.4117188489034389,0.5214406324726042
minestra,0.04595968994177416,0.14385843918149008,0.33662543112238047,0.29170479232558566,0.05648207395407173,0.06105734920329382,0.05339082293351061,0.19282523439314603,0.1968928028882208,0.21139338292050955,-0.10651674416590018,0.1696292001025657,-0.360736527241442,0.2251633950358499,0.3871741768548414,-0.028217018300437748,-0.25635996990197324,0.4427940192673094,-0.13059773780902786
minestra,-0.005357155471781616,-0.10280232815447865,-0.27377285568785176,-0.2837875849267364,-0.0637248253829661,-0.040648398463495494,-0.04583917203195995,0.05078329050020798,-0.49210371213382204,0.2591743798254475,0.4422093886075479,-0.044585781647311876,0.09283414974876515,-0.32072594608320776,-0.09258419380125422,-0.21520094387792832,-0.34709102049251483,-0.15523466768926106,0.07576520278225958
minestra,-0.06234731906347779,0.14982529314158746,0.30296137151995445,0.311160780312672,0.07338280296804935,0.13050787449568174,0.05035544487106569,0.1711085754859786,0.21403927870184536,0.1510383676294409,-0.03940419181924217,0.12164303912969385,-0.345205784727591,0.05051251645444946,0.5064263015060534,-0.023101616314194884,-0.47081484403695717,0.20306034817997937,-0.09010841543526255
minestra,0.02914444445145447,0.16977885373198795,0.2509861571980857,0.22676395773513816,0.057923960671907235,0.10221482452706958,0.043483155078746026,0.18088429857746025,0.11644289919662923,0.18902185794630832,0.007498963921109714,0.08749647008934727,-0.30756338839596975,0.018981435914529502,0.4731978031302746,-0.034664619094807024,-0.6198282873096747,0.204549676864009,-0.07242336314835657
minestra,-0.01216344111695413,-0.20058510880195812,-0.21758373224351904,-0.21188679996513957,-0.07251213343041205,0.05503063774843736,-0.042042262552689044,0.04305452814851684,-0.5260865142481302,0.29569205735175086,0.48321060608587724,-0.013029154631558182,0.1103064348845236,-0.33351367109542607,-0.10769197340709777,-0.16121800655169846,-0.2962978246194197,-0.070628905072477,0.06314825847131379
minestra,0.0234448007906533,0.29318443254814924,0.23896978291467502,0.18751532036420954,0.08706903667201112,-0.04481571622547467,0.048896546318626485,0.15263233045207975,0.211133107133843,0.08635340726699653,-0.018548238504428716,-0.05436258836317981,-0.1263076449926711,0.06701844227923003,0.5038669775842197,0.0029971094975157105,-0.670809736747739,0.054282601188888766,-0.06241499486039301
minestra,-0.011046142379005556,-0.2904016924638292,-0.20917759205947803,-0.14680676910637164,-0.06360917071709188,0.17371381661356083,-0.04286372299896207,0.10342129989500277,-0.5256650332549925,0.3145750794213362,0.49018453439858767,0.06812230982202853,-0.03284218993365235,-0.3008364174580416,-0.1364396870612406,-0.15226720471786329,-0.21595872651769524,0.03451383223431591,0.046788071937503166
minestra,0.015559619216221917,0.42166252482255184,0.3327680384421933,0.16394865582218168,0.05514194441555596,-0.2908942179696171,0.05707714834427492,0.14675444469552215,0.11521217691988139,0.1158524877674941,0.12266585702621674,-0.14145024980455806,-0.006814839550956605,0.12335411024790877,0.5409965643981185,0.014799179101931743,-0.43791895460831626,-0.06578173412611094,-0.07824502185210859
minestra,-0.009893585018469918,-0.297570025277786,-0.2578305840848553,-0.10894703412854585,-0.03876663342521408,0.2331193788237701,-0.04593983768025453,0.12670650864779678,-0.440365096734531,0.21786499158486902,0.3988495039543344,0.06517690140632884,-0.07425697992453922,-0.2857972373716951,-0.0488179466832957,-0.1931860110061397,-0.4560369481427755,0.13126660621142644,0.04774069635021103
minestra,0.0006737958206883197,0.45181691083425335,0.45927675917728483,0.10460631952309334,0.03284491035035188,-0.3485341960802161,0.07828905021483723,0.03346643839835951,0.2923591946776102,0.00823403412469223,-0.09329381695258052,-0.16164967578191927,0.03647817191591983,0.1701346147053295,0.45188179172611975,0.11537240398121262,-0.015190553318339545,-0.26213504331755066,-0.08410605415097541
minestra,0.0009046331543878603,0.2860631619006512,0.5377859175535173,-0.04852395908262513,-0.23221718676406822,-0.1411864793249291,0.06918932543727192,0.0013539521074806445,0.3803464326459659,-0.17261243557909758,-0.22857555282131445,-0.0983413214761563,-0.06901141621062977,0.1856291347234185,0.21347855243867792,0.18050666665229695,0.04238367236431919,-0.43574363659010273,-0.05030414069389073
minestra,0.0008093347286061161,0.06815655618343755,0.26875469944714125,-0.2876925359152169,0.19283924426235455,-0.2262769882615746,0.07275515296799172,0.028586804993939216,0.46445298390713224,-0.32042349155231414,-0.2965069627379593,-0.09975382333922547,-0.10807014960477349,0.07998220862478023,0.35252313261440593,0.13318449490260253,-0.09970018528836587,-0.39441522129779105,-0.0633590333176856
minestra,-0.025019587952891477,-0.134814998949233,0.25723948622214937,0.10883371743186572,0.019740875996526363,0.007615000241774484,0.029361796037193206,0.12061337321826109,0.11381866248485582,0.3201623267004547,-0.2248268422011662,0.25557082847789153,-0.5247157786881584,0.14687712407620962,0.32620676093368695,-0.24983475986247075,-0.434126461456851,0.008825948921823376,0.048548478234632333
minestra,-0.006235807418931415,-0.096503398687377,0.14504238987042095,0.11446135058328795,0.00012690686031907082,0.029813029378807795,0.014926765664373714,-0.20509430769304762,0.038433194499485644,0.3897015566729234,-0.2499352026312628,0.4211959029506789,-0.29520148916158945,0.2739322044154512,0.025874536535678217,-0.38553586954796815,-0.17287152246980358,-0.17559554569139668,0.3846382003810408
minestra,0.00031069180080885275,-0.04284359661048855,-0.15123004383247235,-0.16787232948216155,-0.16508938478772264,-0.008840101948418182,0.19866771728683918,0.13263452661890757,-0.09873274609324256,-0.12359075901835195,0.01909454455168814,-0.4973358337152569,-0.37269644663080137,0.33568998149264984,0.06641007475659359,-0.4943743831809263,-0.1605444604898599,0.25109276076091386,-0.02757087367129739
pabluccio,0.0013739984030275158,-0.39066350553340723,0.41189315053948283,0.30273926870427775,-0.3843440467349299,-0.28761529872837915,-0.19374357025277103,-0.2031329991421808,0.22831689879162806,0.2329660762874896,0.07023552896088077,0.031179017369516622,-0.13416526191461048,0.33799213804019834,-0.1519306634598973,-0.06798338632915962,-0.0017579124586931815,0.029283594636473682,-0.06100206138709105
pabluccio,0.010284606557477401,-0.057217392642178955,0.3879234663800103,0.14843506681554272,-0.5882578398021573,0.24693970955553593,-0.36262477364708845,0.06426505832473134,0.08740432699889611,0.09318601944673494,-0.0633399668994805,-0.02628303095361631,0.42671521037328536,-0.18370833486264815,0.07198585964204882,-0.09347345073136636,-0.021809254047421903,0.1630939528001929,-0.06083009910240255
pabluccio,-0.0011350386606086744,-0.09752292843570125,-0.06562281290477445,0.02250826091152831,0.06413462546646961,-0.26602767273910044,-0.17369211950933358,0.14915285005162962,0.31870551851407775,-0.05033954221479492,0.06050157052058425,-0.050847738899372365,-0.1558001610062615,-0.06508071394881017,-0.25169791651788187,-0.0014962472095213695,0.054343970476760525,-0.41534453903264296,-0.693322416231481
pabluccio,0.05912120720497475,0.2608500977220854,-0.13247472966325213,-0.0024797253640410446,0.23111050737365746,0.2625598055567317,0.17443561230709156,0.05851728452775488,0.01187586136189694,0.11253982470644718,-0.06952715832385155,-0.018013063543981137,0.365826221741599,-0.20224591675595185,-0.17686086541977122,-0.18680097748727487,0.02776768216108514,0.3537542176881684,0.6110771706897037
pabluccio,0.013037687084051416,0.34113062841628544,-0.18432310671355664,0.05806781860113422,0.2889336381213315,0.3040582578992531,0.21390954205215887,0.11363557208057981,0.06679640030111737,0.14678328403739815,-0.08763318891330804,-0.017465128426363396,0.4346180350484719,-0.27388610255505447,-0.303396206915346,-0.21094683017037516,0.04156330330150621,0.4002565537042812,-0.12369250640406376
pabluccio,-0.0026317752900910617,-0.2684012281552455,0.09678340220967836,-0.08642331701787125,-0.12297693060822278,-0.19406547327194654,-0.1916152919387422,0.027986952962009412,0.13879326990446725,-0.147834697624458,0.07287712560315901,-0.02654537466446791,-0.21710434324017738,0.03144710079920891,-0.0024496828801848836,0.027723469682751543,0.011874552866275456,-0.3526709166647536,-0.7747840672771916
pabluccio,0.00045853732336831814,0.11991836549241683,0.06959241474878519,-0.09792574617977007,-0.13003842143730834,0.18557828500120724,0.16700586741768592,-0.21231961144606262,-0.3280605955702357,0.044148618278935195,-0.08277239295161451,0.10151325210923012,-0.039791814029459464,0.2114933576297689,0.24017543386744072,0.07059895034630773,-0.05116348957970849,0.33258313665408,0.7056398318404873
pabluccio,0.07750615776522782,0.1600228750996856,-0.03145668556253767,-0.12921471170893578,0.010406332239548127,0.18237146698173468,-0.3725573627816591,-0.21967767024458662,-0.3102889736721661,0.04933634169568683,-0.08351558610335402,0.10267448799236573,-0.112959304123805,-0.038611459210465215,0.015425024201013398,-0.14875887825636006,-0.014008704896062912,0.363192604754309,0.6718100042461177
pabluccio,0.0001882848914352671,0.08328429579752465,-0.04196280619032455,-0.19127798047049535,0.0746514096774399,0.10121606219055983,0.16299599598280595,-0.3205004664738518,-0.413070685025111,-0.051592402566072615,-0.08898353008894458,0.1425029190911429,-0.18427420316661636,0.1883528829876733,0.18024117042241253,0.10254350280754922,-0.05242011636873714,0.2838736802789019,0.6421273416554639
pabluccio,0.0652156041168593,0.08567566939340109,-0.14224552682929784,0.0031502629432602985,0.15330220284574697,-0.014597946581395448,0.20917772765473586,-0.22758402009351963,-0.21902216486772835,0.13262151411510487,-0.09315863346065653,0.08282755322227124,0.0953013997013971,-0.04098243608839501,0.0796547865434755,-0.07656287943870796,-0.02332875049024218,0.35157421811214545,0.7905289653977039
pabluccio,0.010290158585535688,0.24444410244548087,-0.2054254715108202,-0.05404385136091321,0.23588935113013382,0.00807019098605515,0.42743080680468615,-0.1858675566212713,-0.3605027482011163,0.19247133591829596,-0.10706770642119243,0.18099920233135705,-0.0645247710776401,-0.046241023082561665,0.13878483864068247,-0.21068971331677608,0.250923017805177,0.3038554636795843,-0.430927767818079
pabluccio,-0.00016311800414275387,0.3180682567122721,-0.1047110842006852,-0.18887600038586486,0.1534125366609526,0.01035291108392925,0.3123691260494959,0.44468704764041855,0.09955443621655428,-0.029741236863688913,-0.06378735737767316,0.09700972016382786,0.08384439669825441,0.2808392612748258,0.4406666429268486,-0.2952457479744391,0.1942897784786306,0.13468305590696875,-0.29293224520486316
pabluccio,0.027139911045447516,0.3005668314321604,-0.15403209077317373,-0.40730238167126553,0.14748274735594424,-0.018314540740945483,0.3464237322721039,0.020981459891155754,-0.2762232825328955,-0.02108440053346814,-0.20800384972775984,0.09298201990569839,0.34599461015126204,-0.07774915845472927,-0.09584359113619376,-0.26515090320730084,-0.10259826249111874,0.3972319404814956,-0.27437079110230445
pabluccio,0.0021316784672272453,0.01298108293470417,-0.031175711803836048,-0.31763071609956106,-0.0006166010361681069,0.017593334937697002,0.166193240792813,-0.27765102954378107,-0.4053331954595996,-0.08338049733418723,-0.11717770839493948,0.13382559572530522,-0.25616961346576483,0.13315490864619908,0.2138171162232329,0.013687550204147556,-0.1211966444346144,0.25394468947039484,0.6177605917671647
pabluccio,0.001472496614354947,-0.06956492678418053,0.26616701796604525,-0.2824952933280209,-0.5732577999413124,-0.015187446155718964,0.2085589119281967,-0.1476080475171147,-0.1905920583358133,0.07851634790530501,-0.09463869208803107,-0.00978405483199412,0.21571994141888542,-0.36732048050864546,-0.11483986650456497,-0.31906298160637775,-0.02381058627652055,0.2339455795523381,-0.2169872861230331
pabluccio,0.00014856638632374173,0.37099376331995626,-0.21394426430555236,-0.3669994754315322,0.28764359357212776,0.15256116188647406,0.28570229448018386,-0.2727546940030003,-0.34831028351177723,0.07943192511903975,-0.14490846735807164,0.08314032346114228,0.011884234491602355,-0.16429294183476853,0.11807617350954332,-0.1698227357318249,-0.05763637786886338,0.3087135773072009,-0.3094943595429467
pabluccio,-0.012789644358832212,0.3634619782456861,-0.21430015223394713,-0.10692694210634301,0.22374256458784894,0.17165102565852008,-0.044963090919728,0.014743556263745182,0.12500348652985765,0.12996918382870626,-0.15312792059609912,0.034608860669181306,0.26250788258454605,-0.5273829271024848,-0.3404848064280285,-0.3017489031574176,-0.0003716111899147764,0.21508010645864759,-0.2670669844714837
pabluccio,0.003771739592605671,0.26414350993341934,-0.15913060924744582,0.01761180374673832,0.16459912767301785,0.13085858806163977,-0.5900443684637348,0.07676429905032171,0.16919130233429483,0.1091188941485934,-0.1105587320675295,0.009914359118056743,0.26877388356733445,-0.41795799094037506,-0.3407018652921706,-0.1951325537958945,0.010232087133396255,0.13217346280489944,-0.18660677304329482
pabluccio,0.0014011525736378398,0.39190312619553824,-0.22816079140185863,0.14585337382353852,0.2653518119116274,0.1503166043365574,0.27329200847826807,0.08384325236309924,0.1264348926222875,0.21616984427728925,-0.1419991982919653,0.009326488348037796,0.3676524619110989,-0.41958719125234334,-0.29531852122349633,-0.17549561162414107,-0.01020594866459249,0.15126244783576123,-0.25134159315546334
pabluccio,7.808026961530087e-05,0.36662377893051534,-0.303276488149285,-0.14570821944798404,0.4012253330608928,0.1403474490122507,0.2892630863611425,-0.08576487018033237,-0.20453892273805066,0.1025317202565118,-0.13246141696481584,0.08773882334400815,0.11908271188540152,0.14581659175944256,0.4828017222284041,-0.09060233629141788,-0.10748300764566569,0.1578601642819565,-0.29976095928530755
pabluccio,-0.0005965271170650709,0.3166482150194259,-0.23606443988797232,0.16047736086845188,0.30170840140882715,0.018189736459123258,0.1338522295598051,0.30203942752356033,0.28407214120027396,0.09403050595731127,-0.11283861991752131,-0.006932821441706943,0.4834419095964143,-0.36443443902365635,-0.1625790197309084,-0.26578622590964,-0.01945355467881384,0.09015245286189243,-0.20814275548771236
pabluccio,0.001185445915918373,0.2894672722255535,-0.15586135286165526,0.23535170188254695,0.1943830983864005,0.013315481869620774,-0.4894989520984975,0.2924821741029097,0.25578082452754786,0.09454270871109503,-0.08907381204561933,-0.022250517995065867,0.45626186130601143,-0.3040742524984723,-0.1856896986709043,-0.17690108850366557,-0.013115854332059428,0.019192960683315437,-0.15383725439745077
pabluccio,-0.00047645982979201737,-0.30964485231587835,0.1903178104179945,-0.2773818078432982,-0.2222022977458347,0.007336068441915777,-0.10384813674777034,-0.33870791961712515,-0.2964338829557993,-0.14360579855428668,0.11813990197779445,0.024250456714955192,-0.5667431363484583,0.2801917844654848,-0.0009954653570426963,0.2180686086833861,0.04382017629635592,-0.02515249646068799,0.20777291142580778
pabluccio,-0.0009689063225214887,0.19979610422716393,-0.12556279611613158,0.22032873392990282,0.14506243391089507,-0.13035174038307518,-0.4290511817210701,0.377033934740599,0.3503858075083607,0.021630147908102852,-0.0939035261853613,-0.007468942744622535,0.4362157224219359,-0.37328686268529837,-0.20058396599586698,-0.11181472420898997,-0.008212396118862306,-0.033086222569684465,-0.12593246173686856
pabluccio,-0.003586052557489579,0.1148476958586805,-0.0724431423280526,0.23934626246610036,0.08033580593316386,-0.15342822891014024,-0.2907572260614784,0.3599916107035602,0.2767700220184562,-0.13669264303867665,-0.060353605812632584,0.032702708545357506,0.28813415228356526,-0.18889682932248197,-0.4096993759504809,0.3531768632137579,-0.03033559508496364,-0.40769140169878254,-0.041541833393761766
pabluccio,-0.007592355690772499,0.10494365761640236,-0.04352269149638256,0.27069534976540555,0.05982722992090449,-0.16990542063052283,-0.2722688362623136,0.3168861766656853,0.15458872342802327,-0.20073117430345552,-0.03845111310982181,0.047046041860206694,0.22992296246673297,0.12681951609904735,-0.1727010148621174,0.4685737058166191,0.09582460377530176,-0.5572126051676105,-0.030608160779382398
pabluccio,0.007458602797594981,0.07385321718368607,-0.025625701407662516,0.20532239867029933,0.03468346989237146,-0.11251881604313373,-0.17442022160959975,0.2379728379060935,0.11616404380908821,-0.14797075008452623,-0.027796822792844313,0.03100838365246165,0.18363390445984484,0.06469444237391116,-0.09407943680403091,0.3066123387805978,0.7219086938347085,-0.38894691965604833,-0.022147185653422927
pabluccio,-0.016938916728023282,-0.13077456571481016,0.09857041694444751,-0.2750160942520223,-0.07723919792970986,0.06344769845602302,-0.1269891330373928,-0.3991309898207111,-0.4663428432260461,-0.018321128919573052,0.09741496366879826,-0.014852122400162681,-0.27339568227483374,0.44127077925758007,0.32766340317101333,0.04063941443824973,0.1006254780205353,0.3061784768949587,0.04746005446913887
pabluccio,0.031945509966087506,0.1401428775849845,-0.1726775834368806,0.20607617242506157,0.11835406300346701,0.16331421121429907,0.21278711740618628,0.10308860443406413,0.3245085135334073,0.2675509831414711,-0.16150896557447636,0.06241905871909101,-0.07083628804308947,-0.284745591927092,0.2049689709541861,-0.6117880452395974,-0.22055319467694026,-0.20297180630543826,-0.11128174101927457
pabluccio,-0.01987661405146469,0.07275025402929389,-0.15755607305099567,0.05152049368490136,0.1032209344695051,0.26212321568426705,0.1978983013723044,-0.24530894251322383,-0.08661571333053111,0.10760372503997095,-0.14110689254629216,0.1140269856915432,-0.32010961480402556,0.13366212685323445,0.5803065431783317,-0.35648464201720886,-0.22589073688057987,-0.29048283146669657,-0.13019984842260252
pabluccio,0.009835444015978712,0.022781767015809695,0.09332841449815467,0.13707008610994975,-0.05480738886776339,-0.16175240934381316,-0.13891627896218542,0.23382749851879853,0.31241387473060883,0.34243195315588404,0.10511395279546423,-0.18710644242608726,0.35448456807942025,-0.36404131422300284,-0.32880808583960536,-0.2369342697968868,0.10469796941108055,0.4035336792781987,0.10808766152286726
pabluccio,-0.08431559696163787,-0.05426708076827393,-0.05621779237208724,-0.20918428438513875,0.028478375871330723,0.12031311740555939,0.114808510109192,-0.03660777313327957,-0.21013187382736098,-0.5003103121905724,-0.11198368620578472,-0.23137954072940756,-0.300999374479788,0.3618894146607427,0.02256014523703464,0.41635395331344066,-0.03388971868240844,-0.39290693435713203,-0.09401075722449358
pabluccio,0.0008032202395996517,-0.10368056138650071,0.016533138154335103,-0.26685553794663003,0.01585748344520359,0.02812385191579648,0.08391046151275727,0.1713384984279689,0.05122623263933162,-0.38408904102087116,0.5025759386255061,-0.6002364844898348,-0.06306592560190193,0.0719518488516349,-0.017561282692099552,0.30451189379451477,0.0019027775348064492,-0.09351028086283923,-0.07982397140243248
pabluccio,-0.004315518865379807,-0.10456586335804223,-0.06204704275940549,-0.05141337302945478,0.007647115860259556,-0.05959873424643608,-0.3488332468634239,0.0389031792886011,0.137425124484755,0.1582150192404681,0.6335280189430437,0.06315907823478903,-0.20539515905271882,-0.34633173395509304,-0.003126977346466663,-0.4860922595870887,-0.03421121304583748,0.06159842117108118,-0.05573757244787117
pabluccio,-0.0007898056281929744,-0.07939091168797474,-0.05718203252669581,0.02688714748202363,0.003018540556239677,-0.05835502740663036,-0.27594032603146146,0.3170253102042234,0.3243082045540098,-0.05847301552804044,0.40907687694257666,0.09166548297075361,0.019872529374622656,-0.5001703728516411,-0.4975535600876715,-0.07503158250925669,0.004606443618180795,-0.14494654249035036,-0.02269732381772201
pabluccio,0.0005968952592755127,-0.12126114387770591,0.02105816899454882,0.09354756425077072,-0.14476477360604767,0.03670527733678462,-0.28817775542449525,0.3288745708540204,0.15784726900890497,-0.27644672504001677,-0.06024713269428,0.11515221494649047,0.0353189886063106,-0.127380536750948,-0.4674344704233329,0.42436564205945004,0.0032549392918453167,-0.47771470503834723,-0.00935266946713002
pabluccio,0.031612531676283,-0.09824728620876234,0.06574807112297244,0.08533915133938524,-0.18093468999577852,0.0801457327328416,-0.21331541878738566,0.2608654887811089,0.1495160500270798,-0.18595757773423405,-0.04471681107231554,0.07679850234021668,0.04864232845352866,-0.04285140200619795,-0.17164490134542248,0.2817291122106313,0.7169609148816485,-0.36615413954034015,-0.007526981003779294
pabluccio,0.0065523378452858085,-0.09978975869526195,0.04462950477938743,0.11205928007709572,-0.1964542374179115,0.0853316072668833,-0.35674716805458917,0.37207025988148096,0.36899992612109606,-0.06861815303792569,-0.09506155808476527,0.0905628458709098,0.020398262962563862,-0.4370589906124705,-0.48781202763143594,-0.02427946163768662,-0.06619647842008235,-0.26678473982295603,-0.01618162242735082
pabluccio,0.016702690103545855,-0.052664373650988416,-0.08582492502881564,0.0889439271858694,-0.05727696993735974,0.20151148599571417,-0.5124243299732707,0.1484228542053988,0.19164243168738204,0.25215199096888813,-0.14107833593809907,0.07645038309468968,-0.1859041445865528,-0.39235296535582587,-0.2608422700947025,-0.4771646925531545,-0.07865942739688479,-0.1766204133084667,-0.07609625362602628
pabluccio,-0.0036334882894681004,-0.05649403526163767,0.2701928248634392,-0.015230024488692423,-0.16029987965053055,-0.4350052966331828,-0.3038342197570505,-0.17366444413163684,-0.06585145973813152,-0.25237521371864147,0.1857684160026788,-0.13217998772824754,0.2672536058770709,0.24250838252699064,0.13464753678252595,0.5008054917606437,0.06781904948002167,0.18600282478733576,0.16671406563528587
pabluccio,-0.0005713413160845012,0.09834311610312892,-0.3391983773023549,-0.09274933272865582,0.32565276025901063,0.45770989287627406,0.30475970487899195,0.026140581889925654,-0.2434751419850722,0.1248811184140242,-0.15933939914373096,0.16567676735987397,-0.37226496640049167,0.025459164940138532,0.19645059275954793,-0.25564746091217994,-0.08476283405907623,-0.20275822345544217,-0.19589292114191376
pabluccio,-0.0003846338162997119,0.25033261605089546,0.22486395528633207,0.18275921734808082,-0.22790929962326612,-0.21279881283732324,-0.19632508970727103,0.15054708634882108,0.22970568881366762,0.2595967558709741,0.1381240947250905,-0.24203325333307849,0.44184044469281997,-0.28109965473584886,-0.29930920737984684,-0.18459064930326963,0.07272307431941881,0.25958400808305654,0.16293911345906012
pabluccio,-0.033388732893845294,-0.46174284225182904,0.08782192795636587,0.005328564975525687,-0.4572373303843879,-0.2357483076612546,0.024367493138216956,0.040091305048599764,0.17462980878314335,0.10974329030771313,-0.16233803069909156,0.12425276434709798,-0.2565415637719855,-0.15273533746029608,0.3206990109518515,-0.40443876391740674,-0.11566481874347286,-0.14558871945337257,-0.1942728415512394
pabluccio,-0.004124285836178747,-0.2298879751307721,0.23275584034011787,0.22399728037121827,-0.3698158311105927,-0.6260737414554699,-0.06519960261583489,-0.09230665113379283,0.06723446753759502,0.3289929472284612,-0.029357103532843848,0.03397866038574775,-0.3895635192085696,0.02351825141194259,-0.020726214889939025,-0.16626559163263205,-0.03260466013671236,-0.03520160381085348,-0.061933562411233205
pabluccio,-0.001381838686460409,-0.3742542385290063,0.07439904836519064,0.11713255235701348,-0.06320201883489063,0.061734069269325426,-0.24537479065091505,-0.15001586256528218,0.08064750125728669,0.06749818129646623,-0.28299972296823217,0.37291290608711775,0.320899921640007,-0.4055373304645022,-0.2179937368245817,-0.4312322823096762,0.004591338643521119,-0.09119430777993494,-0.10338835904883589
Pa0l0l0,0.0007895005972896717,0.3515704840362079,0.3417075167697634,0.23841413247253407,-0.0626313538450504,-0.08203848854217458,-0.11094623396934043,0.30112712956461934,0.02602702529337721,0.3982238928381622,-0.07259864728993275,-0.011957528141794542,-0.06438137267118292,0.01102338117101218,0.04223288310431819,0.21777620396658873,-0.3656097804667535,-0.47967637585768846,0.0851089214961008
Pa0l0l0,-0.00011375034722736143,0.439039723595542,-0.23319706450275257,-0.10289980536879512,0.09847972175944246,0.2007323386955201,-0.01869254582291756,0.38949815684297284,-0.10785152697226168,0.06403528382847407,-0.0913724055044788,-0.3898083919798646,0.43454595330431073,-0.23947780400799237,0.1344870492803885,0.2986935617247386,-0.040312351098652194,-0.06672751367928674,-0.06805070101582342
Pa0l0l0,0.0012157097371055553,0.3437643816081337,-0.10122509227331877,-0.16076139118226268,0.05537902558980485,0.195017075166152,0.4551945993271413,0.341254574631672,-0.22776705080286627,0.09421008958661907,-0.09715147626812644,-0.2888822331115936,0.33539255611832863,0.12920960847490962,0.3111475469589726,0.22874836310936789,-0.16503338108664564,0.0819261769087218,-0.12274144683167984
Pa0l0l0,0.00011674505748576869,0.11642108347542186,0.03567844719852564,-0.1506417146410577,0.009489792294823425,0.14980950890098566,0.4278535925394322,0.1657103109068079,-0.27705530261035616,0.07982142171146216,-0.10381530608304966,-0.07200110564133423,0.16191481887809042,0.40604265814407847,0.4251405750060024,0.2127887366292693,-0.3554191059524278,0.2688866212763856,-0.12084067129398261
Pa0l0l0,0.001468484143406671,0.0028353966108234834,-0.11103690119967391,-0.19161785962811717,0.055288454062625766,0.14772222012344224,0.25089798275044445,0.046134554861932,-0.21636834475294708,0.014357543916008884,-0.06789857902750888,0.009057305527397329,0.06153510462264204,0.250400922604827,0.2518521459187723,0.1516810441989704,-0.3083015064309287,0.18251142274040008,0.7266297386486689
Pa0l0l0,0.0021525192859519803,-0.07200684203442743,0.21181986555976906,-0.1824003511261405,-0.05423209774520951,0.08823978952376822,0.3421287612973199,-0.06403910535542812,-0.35027566989492603,-0.22215239414952137,-0.10504492788885363,0.13271052517224902,0.057051140379343224,0.4277608418662738,0.3774583288907148,0.14579451159059786,-0.4621468337284003,-0.019022062535275643,-0.14212391617047218
Pa0l0l0,0.004483057452248761,-0.0010901757465119344,0.3231230830723743,-0.14212434048924832,-0.07891883537200634,0.2894348740717607,-0.24154009268363905,0.27586921080266397,-0.04956675521010217,-0.30326554642053327,-0.1742553250116595,0.37442302612420364,-0.074458835847531,-0.018810834189423215,0.38887809061564954,-0.31219090240410424,-0.33838674349725784,0.12123822340511317,-0.046570640192689916
Pa0l0l0,-0.0021181221139666973,0.04296835728808581,0.2517151258892271,-0.13942880977281777,-0.05483762759927355,0.23214595495740967,-0.12042765202381296,0.4211301839593479,0.09001238983805963,-0.0633973384741204,-0.18232628715098625,0.1955970332711481,-0.03640686916509014,-0.5925133391016171,0.057642844483914026,-0.3840823294275996,0.034026413184734705,0.2785238988859403,-0.03170370512163259
Pa0l0l0,-0.0038566081011195833,0.03979207938817856,-0.133624151919292,0.21100292447027336,0.006082403709824519,-0.07808983797363381,-0.5209341090418074,-0.190732357327222,0.13384375780777985,-0.04448282213780432,0.1692394775169944,-0.15322975665380556,0.1265468856755325,0.5960454141628473,-0.02967227988266194,0.2888711088646097,-0.1366407892197842,-0.2688793694299954,0.059669769615861006
Pa0l0l0,-0.003697435289844477,-0.1941751017428036,0.33588651238131556,-0.2673118039886797,-0.057238693491308446,-0.015403160721131213,0.4601313421947118,-0.2645275647785251,-0.3027133219410378,-0.2108784600126276,-0.0008805029090642105,0.29168973331296116,-0.25941710360390285,-0.16254829651634176,0.2722751700742793,-0.20605934848064322,-0.06288348263031925,0.22220166551270942,-0.08933865857414185
Pa0l0l0,-0.0005933785525286468,-0.4415207001546557,0.3685424771903195,-0.18966090458745954,-0.04806592596078513,0.0641802099399203,0.3314682694529817,-0.37048919990234735,0.08114229561052656,-0.19350757705828844,0.29611910797299945,0.16324628905113803,-0.13517070654038119,-0.05456933172132501,0.19928601850512834,-0.33802471077123164,-0.1642951655691229,0.13040596062752127,-0.04597238284749237
Pa0l0l0,0.00031085090239349304,-0.4617695025531987,0.029240023584831243,-0.3102434110685175,0.03409992208667131,-0.18472651020279768,0.34084806451635585,-0.11617082850145993,0.2014287066512722,-0.42783678279591114,-0.017715107398765653,0.22886201585024277,-0.022467516705236463,-0.3128829569645449,0.15071178929244555,-0.32765811870274797,-0.037824852812344996,0.12400819696248487,-0.05577243158387102
Pa0l0l0,0.005065799946847019,-0.39842893766052934,-0.13089595570918655,-0.36838746711096654,0.06193556982619426,-0.012161102471365735,0.3395136850078468,0.06595286403712242,0.12892250390711502,-0.2930744725999715,0.41196012997795073,0.23753505462873167,-0.03217801920952873,-0.3834541011725095,0.11203034900025849,-0.25295174885393423,0.03244450943042062,0.08399114577128562,-0.058697083230482526
Pa0l0l0,0.0047999280205585785,-0.25426708006849164,0.1869933155154101,-0.15360466105033574,-0.03739869926150313,0.31129426703496127,-0.20063987976616396,-0.4845791747450421,-0.13552266801465165,-0.21243878533186947,-0.13180872469617338,0.3126391197006357,-0.2813347524105157,0.04929277072112675,0.07748266914831514,-0.41801709571404544,-0.11265117468663319,0.21644222202697175,-0.054216689790053965
Pa0l0l0,0.019372188596428055,-0.04126219034973799,0.10846842453215438,-0.0037009037003294136,-0.012366350667529216,0.4083024640806984,-0.1962228956987012,-0.13864373297025365,0.015329106847937427,0.23619208369514516,0.5926177898490298,0.1096261922090898,-0.2460436795721442,0.29846175659923,0.028530913436195633,-0.34921335120131236,-0.07487256334843752,0.2473143859635816,-0.059517832883580014
Pa0l0l0,0.0009765378933067782,0.3187615252476921,-0.28580502895324134,0.0348491215977986,0.11259524782653489,0.31896479017840595,-0.2748527111543786,0.255471246305,0.23114945540833415,0.2940502036962372,-0.22697164556872568,-0.031339126003547414,-0.1743077268659285,0.3795257591671747,-0.18480717228333973,-0.24825103664303028,0.19487288007057915,0.22842214794680507,-0.08668958419737306
Pa0l0l0,-4.118279133286107e-05,-0.11976196694312813,0.47027480279297496,0.15392837955028793,-0.1739822510802649,-0.32655934771865663,0.13588814637617766,0.313566968930545,0.2601597059826015,-0.1459126796177408,0.2120698003483679,-0.14035079308999435,0.31678790517471783,-0.2704180915238381,0.0686978974837835,0.27559779017799885,-0.1643352290598922,-0.20721163687263752,0.09675613336158743
Pa0l0l0,-0.19161979960736641,-0.022899546713140997,-0.23478933766161017,-0.12182074020780333,-0.8018742399560642,0.18199847191604854,0.3140926261167817,-0.21255249099180082,-0.1067605374046605,-0.07814269117812457,-0.09861736860609482,0.11767647237960702,-0.12995379421620393,0.07339364588338708,0.0001865598015783769,-0.16085354774523092,0.06388123034775993,0.11745549336019417,-0.049481876925589204
Pa0l0l0,0.007265759210907551,-0.048185916133721564,-0.1529124112007132,-0.10475311128452688,-0.9181290005918211,0.09856421363839321,0.19941607862459937,-0.12364272510240458,-0.04032332960002048,-0.11858363161299625,-0.06141273514948634,0.10718973374914254,-0.0769199292459857,-0.012546681480266341,0.007795273592294939,-0.10403758058076054,0.0449677747508007,0.06720449192477469,-0.03385558282805177
Pa0l0l0,0.009359429093944828,-0.04523729751895438,0.09523477241573874,-0.09103930018139898,-0.008526436446175213,-0.20355219364790952,-0.22218619226627478,-0.1604214495578377,-0.26384337131917207,0.2466690334710952,0.7256552487405746,0.10652350180182295,-0.3644367403899266,-0.033251221892086506,-0.012599078612008773,-0.18959276641143336,0.1348633619445215,0.037424403555771465,-0.07741736774437535
Pa0l0l0,-9.744817363446621e-05,0.26212861984456587,-0.4502501792287753,-0.18715944037512366,0.07793919475329542,0.20268455186885184,-0.23844766315613783,-0.16605055612809985,-0.413378693386376,0.23194561640297218,-0.1933967339277591,0.14391603286514446,-0.39277961041508586,-0.017171627989181343,-0.0714054304369504,-0.07299837725183646,0.3114071888328412,0.09619810138804981,-0.08903681096527591
Pa0l0l0,0.04621601979547668,0.08131011115259995,-0.18700909741856286,-0.08666714379835538,-0.932039932104759,0.08025367047449979,-0.08726390706757081,-0.05829222679788647,-0.14730335297773653,0.06115306035033298,-0.06969360891483174,0.060481551438659666,-0.13560421184003504,-0.007795603642270016,-0.01639353275209373,-0.021977734340826914,0.09681202212432806,0.032686704471078194,-0.034026271720881504
Pa0l0l0,0.0015840465050945397,0.14279058383423063,-0.5046152260483658,-0.2747512139464629,0.16356252984978314,0.16990115607860248,-0.08233695247112965,-0.22862236040614534,-0.4121163233063864,0.07927485834795299,-0.2060671976464954,0.2619940492903373,-0.3939036394796311,0.004837077600207051,-0.01361492699328297,-0.06709295037597224,0.26495012029360726,0.08014071836375106,-0.10535220538282788
Pa0l0l0,-0.007502009398879681,-0.05776586029331299,0.41966337876378224,0.2776219176147514,-0.13826900712925586,-0.16243083240035763,-0.3957887276389942,0.30553070477385874,0.37848991346297434,0.050772554636075794,0.18441729125385392,-0.26699129768810426,0.3485080478075996,-0.013424624103172925,-0.009644122955233423,0.09424089238328567,-0.2229816094830453,-0.08032351550607579,0.10030127242381857
Pa0l0l0,-0.002411660861551997,0.007940727456560081,-0.4098048731646138,-0.3046295719160127,0.13663070894638277,0.15547112005580496,0.001991023175063632,-0.38931014280240056,-0.38262485520830003,-0.1908713035242597,-0.19156720655264037,0.3449357502216509,-0.35617931654317725,-0.004825552532599026,0.026867461000796195,-0.15841077272818832,0.1928016201094033,0.08142215239603631,-0.09886863105648612
Pa0l0l0,0.008360696690566417,-0.03549016905714575,-0.3253367091637501,-0.2950808605374224,0.1103924482380946,0.14014470532206122,0.35663275031402536,-0.374265978385325,-0.33783981513100286,-0.2293342238253017,-0.17749674852029815,0.3487368775923009,-0.32705446913390607,-0.035058111683495034,0.027205597151422733,-0.1780860731458958,0.17378023728742586,0.08896569431400037,-0.09010770263519109
Pa0l0l0,-0.04426602860477319,-0.10575899693941279,-0.082264023216015,-0.3232208239996512,0.022849339113756775,0.037046747627458576,-0.2467646897204881,-0.41343299059483846,-0.35826902448328074,-0.24038423758543495,0.18276780793575267,0.4003818188947287,-0.3847230274903098,-0.046551398939134805,0.029618574843352154,-0.21778530813318187,0.20896020215179467,0.10314324607522758,-0.10593099610089614
Pa0l0l0,0.0248843056193609,-0.11780325485278428,0.081011673489583,-0.24027586516695287,-0.03188081768290748,-0.04056608449679779,-0.2037033949470616,-0.3371782925790334,-0.3057915438419395,-0.1279903464881872,0.6077441483823687,0.2905002575913451,-0.3351393470536135,-0.04024709816321854,0.031049410306591783,-0.19647335460181772,0.18137412183870638,0.07886833661364634,-0.08790081709972024
Pa0l0l0,0.013130523379993621,-0.19031391897117556,0.18928765882526952,-0.26021936070800494,-0.05285909658230444,-0.18901829769971037,-0.2715465851932944,-0.4046819878555516,-0.4194355909221129,0.0264700622455717,-0.1163757539546691,0.2341270337227897,-0.4471338344550504,-0.04292020182719629,0.0959656491394314,-0.3061902186146396,0.1272733666994233,0.08226986211914773,-0.10735199077809927
Pa0l0l0,0.00864128997761038,-0.15951939487652436,0.06502392981868677,-0.1828723987897361,-0.010209311663372113,-0.006146126678394438,-0.22574360675929406,-0.25541276778674643,-0.2421078811208312,0.1383113247919298,0.7262245173798205,0.11757057343749837,-0.3320769863241332,-0.08783963088215026,0.051761368406036706,-0.2284426543098287,0.13293687494829928,0.06320241862183569,-0.08397122396930422
Pa0l0l0,-0.0008470229955711894,-0.008042015346755199,0.3585245461380112,0.23212976836690777,-0.12086897244021133,-0.13849381295748756,0.2589485483214402,0.4397984473965846,0.3671621819723088,0.05568556786774794,0.1351355898534113,-0.322889862778578,0.3970805387409074,0.023092274181824,-0.030801552304114643,0.20523331657228472,-0.19135732378174733,-0.12135200482777304,0.10097694572340299
Pa0l0l0,0.006955167885793706,0.07866612966402171,-0.3380977902689971,-0.20508905368462446,0.11095626157475552,0.16302294022356334,-0.21285294955034523,-0.2638336880454461,-0.29636094115387435,0.006967981110110752,0.6264487291284679,0.244602722244066,-0.28999129776620264,0.024338779841741837,0.02145051950921195,-0.13056893469699155,0.16030883009965852,0.09272873418822039,-0.08365129064263718
Pa0l0l0,0.009797870198145415,0.10298662126396274,-0.4485277252683505,-0.26211882215777105,0.14859598838129684,0.19449902405116914,-0.28514586422239474,-0.3134849378398878,-0.3758062021437094,0.07678145483350662,-0.11507170110286366,0.2555456088180089,-0.39580148097253154,0.08130880437507221,0.05900998712453412,-0.17003071004590714,0.181521735356212,0.11505283797225026,-0.11179513175519169
Pa0l0l0,0.11690335944768881,0.07099385682829548,-0.347867029666839,-0.20064207585565166,0.11487417101355436,0.15249880073903066,-0.22226277356179783,-0.20583377416048104,-0.2654471633117834,0.11458494095251012,0.6652468332784208,0.1566530803274743,-0.3097307878752677,0.06803395728597116,0.054117538498220485,-0.13517238199394002,0.13279011860901968,0.08851006649767584,-0.08692621183188899
Pa0l0l0,0.01794070022217117,0.09807263313956097,-0.5057364007846182,-0.2877305817441604,0.16655909975309066,0.20195325948685564,-0.32396800326862785,-0.16369382141675642,-0.2593520604584498,0.23870583701470166,-0.15337116745989446,0.11213565317192964,-0.412286798444336,0.09006940334935748,0.08397593892193886,-0.19847751784157594,0.18590689145444023,0.1268186598633717,-0.1265778790044115
Pa0l0l0,0.011916970580765686,0.08188882721425507,-0.3707877724913988,-0.2060763425084179,0.12343091603232156,0.0964302607675085,-0.23775861854298216,0.03533535499306033,-0.043687287898151454,0.19569688872121624,0.7576414299978794,0.014909881545762012,-0.24774359001592608,0.0491074920783766,0.06875993185401891,-0.13037971388841735,0.12812764618737604,0.07804006229838209,-0.09252343998694304
Pa0l0l0,0.00024392601648874396,0.0016395283929607457,-0.4444050388583777,-0.2350524251608664,0.1527821535457919,0.07699654118675182,-0.2904093700876036,-0.3793800399920329,-0.28314687922758297,-0.12035724915221306,-0.23788614313498188,0.27959864829058917,-0.3730476835386182,0.041949648818704444,0.08994099886079229,-0.23105168101075615,0.14780544460167327,0.1527745119281053,-0.11272003114099326
Pa0l0l0,-0.0023907455400770748,-0.20507655279949066,0.35805332212298324,0.10243543672758945,-0.12695552008522473,0.5813237512450302,0.29621848620168956,-0.17557153758688196,0.08406677585795913,-0.3601565314170001,0.1793628914323064,0.04732851967870424,0.34844647385089245,-0.0915420644728114,-0.08329286701869999,0.1274964419246181,-0.10341941577725422,-0.019918904081782648,0.10654285598489316
Pa0l0l0,-0.013537567315466938,-0.08546322933982953,-0.06520467728878013,0.01716352728027736,0.023865638896685613,0.38907289924342414,0.21139547156978303,-0.43012028651793266,-0.2543902727198237,-0.05340099477771062,-0.6858010912870967,-0.1192263082080172,0.15270187956509265,-0.08661952712788272,-0.03202436074730509,0.061224949629517175,-0.11470803952993776,-0.001318341872698554,0.07518207516015178
Pa0l0l0,-0.009474121863021379,-0.08943886059491309,0.07806533598593339,0.00748513027898458,-0.01243162716592277,-0.009941084389806232,-0.2440051616088579,0.1719606925367066,0.3680999230253356,-0.5673235478372434,-0.1986002388448727,0.48516705056357934,-0.018727659487262655,0.1637875717029215,0.023199267907199457,-0.248696953361768,0.21294980834841232,0.1560364646011564,-0.07102774397142494
Pa0l0l0,-0.002384674246651336,-0.11745349364485413,-0.1790953448736264,-0.00676970473164057,0.086573656344359,0.18508164413829012,-0.20272321966892645,-0.43678313288199844,-0.10050932692762983,-0.4305917413556336,-0.14019092538307318,0.4006567757116658,-0.23560472813141703,0.21486272408279816,0.046347283619409894,-0.3639629238501887,0.09091090627106825,0.24224772296606242,-0.03905320111962519
Pa0l0l0,0.013226064156749071,-0.12440213125244665,-0.23223940632118723,-0.026912483572119603,0.10179567936649149,0.2038438699500102,-0.22148916768344115,-0.43685252154023235,-0.2764932524418437,0.10256028995188488,-0.06597203429743709,0.1819841411337019,-0.41035993966253126,0.31250343841437944,0.07917775283526268,-0.4012576710346003,0.05005050506458009,0.27470636247110775,-0.048120723039497444
Pa0l0l0,-0.0026985488005332793,-0.13458719492534388,-0.2049338678728656,-0.033908007324787624,0.08648104914193848,0.18296195652450473,-0.19403009441077523,0.2695757665190992,0.21458976297063853,0.147960139342546,0.6534737122553683,0.21843408987305957,-0.2037132982236823,0.25794550645719816,0.060138259470444336,-0.29232376296201407,0.09095490338593892,0.19281649015535535,-0.04719884950207132
Pa0l0l0,0.13081317948481597,-0.14085303720630046,-0.20394149231518646,-0.019008796581074194,0.08603256090333475,0.19981476516711466,-0.19601199107045805,0.3382888324192406,0.4223492944866744,-0.23061503900660457,0.48612475313519943,0.3289913344378487,0.0029822426702669066,0.22268052408941932,0.04049079696892288,-0.26129748918040707,0.10740208830961338,0.16955357982595354,-0.04593000093107947
Pa0l0l0,-0.0005765590670146163,-0.1510439716915737,-0.23035163765022088,0.017584166400018142,0.10180367626689171,0.2554110165817481,-0.23321245957643377,-0.040488585620374606,0.24917549927660532,-0.5478058242955955,-0.16410835277823627,0.4449614364444218,-0.09635028612173856,0.21187581772013964,-0.009566260658262764,-0.2859882164757256,0.1916116437596866,0.17341505418562173,-0.04736336046522611
Pa0l0l0,0.003640805452176033,-0.11533559807306261,-0.11746000571970006,0.08109418302510767,0.06537705215467418,0.18221763458673038,-0.23445746327294048,-0.4722730702403913,-0.271114249746573,-0.4557153517662424,-0.13393646334357373,0.3527308086419759,-0.22984873280822898,0.22800623176461807,0.006158703177305669,-0.26704934690787774,0.14219312395266645,0.1702223286416457,-0.04396011361194251
Pa0l0l0,8.489875588009455e-05,-0.27012136789131724,0.2619142504900205,0.08743705304560513,-0.06347335863655172,0.15768483944517112,-0.24293317478592488,0.26362513311487074,0.4286799964132995,-0.43346968857402174,-0.08239815923474388,0.37579542141470007,0.08457910048607042,0.2394847867346661,0.09888649090229434,-0.2455996586951722,0.0943869958369491,0.16368717972588348,-0.05831928073504975
Pa0l0l0,0.031695911370777284,-0.3357779596976709,0.20646620843954375,0.04633828385290482,-0.043734686202935615,0.10279774861813631,-0.21137180168141806,0.26720638229612903,0.2785286174979894,0.1281297959221308,0.7029810498891176,0.10434986954660402,-0.0662601629811494,0.15277204719670662,0.10987271449334411,-0.21909181238574282,0.09551884460716252,0.12415536416917482,-0.050121914356436995
Pa0l0l0,-0.009659846911201928,-0.4875124086429921,0.030229061455240732,0.006827964335934207,0.020652737526255745,0.2100522551465984,-0.12170736772352361,-0.5195197571326382,-0.21129630057200405,0.1138430174070951,-0.1850806456965893,0.1570501059170756,-0.3902661124029318,0.10862017606861167,0.11434644366547185,-0.2793627002320333,0.16053834413235404,0.1762734674024807,-0.05927767727423977
Pa0l0l0,0.0012738802605047408,-0.43898064559537603,-0.11979916342473593,-0.0501206448711728,0.06327865233467136,0.08286703292238422,0.48069195503688655,-0.3169436155659042,0.0009343452721308021,-0.4403307864395125,-0.12101503470095483,0.3315138596810769,-0.13622023566449554,0.021223738894593336,0.0636376362919646,-0.23084414117171706,0.15406209616230457,0.1601752184911918,-0.06219631655904071
Pa0l0l0,0.0027237129022775197,-0.510100036129753,-0.15244090338839367,-0.11951687657609637,0.07358931046819767,0.08333857138131538,0.4661498765502309,0.2012781431709144,0.37045286545512435,-0.28289315165264395,-0.03961882604921811,0.23727514773353012,0.025643579401684713,-0.10538025081440841,0.05667245360625398,-0.22908950474021167,0.201963618460031,0.2060838887117612,-0.07910056287636255
Pa0l0l0,0.009265599849583318,-0.49343779466492244,-0.15802474853567192,-0.1593446880356532,0.07229367394700137,0.1532674771010511,0.4230985212919281,0.03331145351519342,0.037785607381678875,0.16452451822750383,0.54265128498877,0.10079222764127907,-0.1989924923902479,-0.10609636903484797,0.08288915396662333,-0.21085373978711586,0.17807985862971693,0.1590425417527725,-0.07071348503998412
Pa0l0l0,-0.0013023662402572194,-0.4841150233730904,-0.17608353778009128,-0.20109101361355722,0.07740382478023844,0.16652283051166364,0.4122224181216069,-0.3431868042768823,-0.08622756239741736,-0.29433040678963507,-0.12876261966648297,0.3224631178461527,-0.21269842444281956,-0.11126085956306919,0.08918928088774164,-0.1751477484851804,0.19642404377900985,0.13394123521021087,-0.07322807600070536
Pa0l0l0,-0.002090907872478953,-0.49266914190288913,-0.17560805256502193,-0.2472692967271082,0.07724642728163672,0.1661634765293921,0.4085743797674228,0.10464016047044594,0.30021358255466923,-0.3689360444556352,0.07238427248795223,0.28829591240185093,-0.006086700320138079,-0.1442178126369829,0.056523068061105394,-0.17866100081978992,0.24264044706601065,0.1348616739639236,-0.07892031034495532
Pa0l0l0,0.007419769872004742,-0.4571907821635165,-0.17873637786426042,-0.2840812178727949,0.07949932113427556,0.1837795030893773,0.41109104182627787,0.14057595546770724,0.07860001035785363,0.07464492615528484,0.5108282096773037,0.04861026369421632,-0.16932184140861026,-0.12073466277259505,0.06985518863906781,-0.21124654245651248,0.2416608143753744,0.13011813486546658,-0.0795911401923489
Pa0l0l0,0.0016769969523814376,-0.3444004299256946,-0.2636279294032341,-0.35681025619729817,0.09657806359459985,0.1585913622192238,0.3535793957524635,-0.28621750148997605,-0.09294426663088601,-0.28376305406182534,-0.15506772931227614,0.2032892646252668,-0.22555571143127476,-0.14973141512935786,-0.01625579014002751,-0.2143506592053484,0.3551883202817606,0.16985462924882389,-0.11878723522047024
Pa0l0l0,0.002599415269718195,-0.2849831200104602,-0.38479917590927193,-0.31729169075895913,0.11042103306524405,0.15278451286973738,-0.006618904338692076,-0.3083663401929791,-0.19353927819067535,-0.2543902393880504,-0.16007076414205504,0.17550031842575534,-0.2328295032002905,-0.33817376480255273,-0.10405274746688213,-0.21007604199433488,0.3746938399607304,0.08836744642264902,-0.09508706432432645
Pa0l0l0,0.0166288359785111,-0.23348834667956442,-0.2795686658847729,-0.20450695556379933,0.08015980631987012,0.24538221558435538,0.4146092724793097,-0.21739280080471302,-0.07916859811683247,-0.3122743317741666,-0.16076029967966,0.2850037543229425,-0.15805593277944605,-0.28764276636009417,-0.10332388797668732,-0.10165802324115829,0.40690590104438945,0.15701477900972133,-0.09946226664496201
Pa0l0l0,0.010811924551261906,-0.23082824353247056,0.03811070397605762,-0.04620615318393925,-0.02946971921243588,0.21471187759286325,-0.2519791563907364,0.033751510914724586,0.16546882714798572,-0.3754934695127868,-0.07683536299689014,0.5393940800446521,-0.05859669023551528,-0.13182722448257844,-0.13014623521714594,-0.012780046473244181,0.43530509469698137,0.33957002387232355,-0.15359674551574695
Pa0l0l0,-0.004215075380661293,-0.16913653738599202,0.17455032541262192,0.04120294448851928,-0.06266632379606407,0.09819364842230166,0.033262619756858125,0.20584354331895988,0.26702313820230944,-0.19013492464048953,0.6696331142348905,0.3837444940991378,0.008956779930654945,-0.009185724471240735,-0.061344940836885915,0.007053779871294111,0.34615072842598765,0.2120243319592161,-0.10152395073184099
Pa0l0l0,0.01846113162268434,-0.1677332232394177,0.19803292033200323,0.07407456489581735,-0.06427600254682257,0.07708794633101002,0.23328670774940138,0.2894768131718018,0.3172508121423157,-0.07065750042145566,0.6497128882248175,0.3110123940258224,0.03264266194479861,0.032278147342050666,-0.03804546086151463,0.00702863255779116,0.2951936039876221,0.23292215906146962,-0.09682785900242544
Pa0l0l0,0.0285125434951041,-0.21521323949474733,0.2182240519201767,0.11466300882477708,-0.06348091104504623,0.11706204297750944,-0.21602658979204697,0.25455438838851513,0.27779912819123753,0.22661864537339746,0.6761833130386599,0.04105042533729736,-0.017311537553857368,0.12369878681875351,-0.023591411509824765,0.0003767420322503953,0.2810018359063778,0.2619596935948091,-0.11196018049388388
Pa0l0l0,-0.007147249192935648,-0.3906677772196802,0.28157102719704724,0.11568669380940308,-0.07132929526867351,0.22532589712770895,-0.3065442073534168,-0.3948016630852085,-0.12998352722302833,0.28502157050517996,-0.23978503805176724,0.03983739660956244,-0.2281907075587319,0.020143085859677175,-0.041200654641069846,-0.027108713114724927,0.40679689971224275,0.22656844342894342,-0.14167818756772244
Pa0l0l0,-0.0011858510102241992,-0.3193601124524592,-0.20112110783689197,-0.11063900956411898,0.053676288850899,0.18644869338217834,-0.17528620963675812,-0.3174814234113226,-0.1716863084401083,-0.2665352634107701,-0.12492746123756905,0.23251136173231443,-0.10110017295258587,-0.33800985682264084,-0.15264990588933022,-0.06907997023483162,0.5758933053600329,0.12651044163882003,-0.07592683965114974
Pa0l0l0,0.006664151011543157,-0.30870949573650097,-0.3728762287228622,-0.2386062573957577,0.11030962945710297,0.18150756601010673,-0.23398899631391493,0.09028458146255902,0.028745572798887096,0.15643707486884212,-0.17587026233847422,-0.2694748889233913,0.0005617411058816932,-0.40411372856336414,-0.04946331768160376,-0.1000467487849671,0.5280990418752025,0.08711393243215156,-0.09811163472687429
Pa0l0l0,-0.001831878398703943,-0.14219076458163174,0.10936138307541932,0.10321913924497265,0.0003035886424695661,0.019765146303375215,-0.13114305398382037,0.18145283141593355,0.18917795640791357,0.06828380975703108,-0.08861358127264138,-0.44671180382049075,0.3503618854076193,-0.5715966273325459,0.22498846724737642,0.3875014310015645,-0.017818698067069115,-0.08217108188153543,-0.03841356885406848
Pa0l0l0,-0.0005630358325971694,0.11302650981280735,-0.012147403474152108,0.19086088514341526,0.047576221403088925,-0.03621735959385024,-0.09235215872838373,0.1338146481311045,0.21827707485624587,-0.11075388159808641,-0.07822785171192834,-0.392471588976732,0.4249520447080231,-0.023887017096593906,-0.004744624245655247,0.5244017510570644,-0.16473797601599907,-0.46501245513258954,0.03200820633353348
Pa0l0l0,-0.005490278693935771,-0.16860501583596932,-0.07513664876573498,-0.2922327451297582,-0.0550032615084084,0.014453856803512582,0.10124061811689558,0.08711874946461137,-0.10710655948489936,0.09958587054807708,0.05619758275580413,0.2596153696895593,-0.4430707834666764,-0.3518862343680947,0.3485840944248243,-0.4388563088575894,-0.07497710321510155,0.3571310178353731,0.010013610871264993
Pa0l0l0,-0.0036386131006349224,-0.20163710832117177,-0.06575909515402752,-0.40194883215641364,-0.07563614760773375,0.09380320859462944,0.1313602522750734,-0.12560775398859306,-0.28553555549601134,-0.1896493105685661,0.08346805235299679,0.33851478086085457,-0.3357417678900603,-0.10522824122461341,0.5277983540163449,-0.22564975097958764,-0.1279650392908847,0.19264101270670647,0.008719722621221998
Pa0l0l0,0.00021564411999246488,0.15507429563150976,0.19965654384717724,0.48725708050532673,0.03228162776126368,-0.2448061771445546,-0.13596548150978283,-0.025327794356389238,0.17056440606122963,0.06225326431361598,-0.07402488797943389,-0.34744761437554694,0.38232126294736807,0.12291490394655226,-0.5093163072278392,0.11586684738567947,0.12300602636003397,-0.09756247579603519,-0.025446125142707075
Pa0l0l0,0.0015970563338741084,-0.05095421757510613,0.48688574517750816,0.34764532389826774,-0.06990774556543919,-0.049559393843499,-0.13928182820789803,0.1915226519456066,0.5223836372238672,0.18679425384767576,-0.02319250594603953,-0.24249310650842282,0.04872809678020446,0.11822996210010978,-0.4149185597439991,-0.07039559060996753,0.11160323680545049,-0.04564352828992899,-0.030711800713051306
Pa0l0l0,0.009852138032635592,0.06842993871595864,0.042322795746891614,0.22359986009949903,0.04636836232557105,-0.18197558933686964,-0.13093088639309047,0.33757515802005766,0.64357963221731,-0.19216240386456737,0.32174038648771813,-0.03925826260264054,0.16252150210597982,0.11283612375024285,-0.3808226046274132,-0.13601449999597515,0.13069174406214074,0.008004066922078286,-0.034198767178557424
Pa0l0l0,-0.001807613655243706,-0.14879101747822343,0.08001780031882597,-0.2243147090371744,-0.09888156806615782,0.43318561366444874,0.15281208875277702,0.053186284948947844,-0.4153351040229335,0.46128081573023655,0.10362748054305332,-0.12540547695649223,-0.1454711132657338,-0.11473221822974208,0.44569593160569754,0.177991029220419,-0.13893041260483618,0.008314141068638361,0.041993228146116196
Pa0l0l0,0.0005756499056593228,-0.1600527643886568,0.09341658170839273,-0.21576148414015953,-0.09703010295773291,0.7047681771967249,0.1561689361862317,0.2224987890296598,-0.14212687327809906,-0.013239624400712717,0.0941271201280192,0.2113038035866096,-0.04746463566983638,-0.11323004498234904,0.43815614770797445,0.20693107799895644,-0.11635226768976303,0.015798461307349593,0.03935428289990451
Pa0l0l0,-0.012584309329987572,0.07594459956789684,-0.10627688490482265,0.19755421324958686,0.08597207896002036,-0.5856231677065705,-0.14920660169168162,0.19884782190228834,0.44815658636713596,0.18986965675802958,0.04613189124798191,-0.2752269013839283,-0.031933403356417894,0.11370381352630256,-0.387846721847518,-0.20420729428751958,0.09098586948315704,0.029072033393024554,-0.04231777833087227
Pa0l0l0,0.01134521491853243,0.03419016072243355,-0.10237523264109642,0.1973678240262904,0.08139168601181274,-0.4785303700801694,-0.1409012744388866,0.26873077789713334,0.558196613632834,-0.015006255358333552,0.3400942545557108,-0.1458504951138959,0.052965282853830585,0.10284002260924582,-0.3497652659354374,-0.166062926393278,0.08402337208757599,0.029090675423326287,-0.0420193547708751
Pa0l0l0,-0.0025506008484370273,-0.039564720836421374,0.07077445155689957,-0.32298482435189735,-0.09443403355012889,0.5732589609602967,0.1712163535336825,0.10318078049217515,-0.4194508093448504,0.24699703626935537,0.11100658205157952,0.03492618673635422,-0.1358986482290218,-0.12279506524434408,0.44437199845658915,0.11417948679551568,-0.119449771212,0.021644352712698604,0.04822276483744832
Pa0l0l0,-0.007213049319091599,0.07739205354411788,-0.05128833996951854,0.31507684320196205,0.07554949061966895,-0.6766431448402814,-0.13090383122516075,0.10672983862663184,0.40521176075969767,0.22589459148433064,0.06257107109872694,-0.2415303384542078,-0.004576901956125445,0.09553337241424792,-0.3217325124792622,-0.08146879184126403,0.0450014351108429,-0.004302619591971886,-0.03476560337778042
Pa0l0l0,0.0007093163017248083,0.14351504524911193,-0.10082993981796799,0.04695546337379257,-0.006820728389516939,0.021995318471771583,0.07014086950412475,0.13600762624783191,-0.026309624651733393,-0.19489026488123018,-0.046552835640664834,-0.45378102068308734,0.3715623548422118,-0.017322714461433283,0.007926005269765059,0.3850299739115429,0.41967560775141316,-0.46693760887245356,0.1244873710210517
ocran,0.0015062611055079301,-0.2231536392062282,0.0017279246017282146,0.18378092200766985,-0.15455551206299,-0.008053369286220542,-0.03963704455978316,0.07169489577047156,-0.04843977544689765,-0.07794490365648317,-0.0012207450400707211,0.08017513886497132,-0.17454885560812688,-0.17329968028007295,-0.19537294006415212,0.34608036716698004,-0.011030254122032453,-0.5667219756444747,0.5754749414800608
ocran,0.0022210644287058426,-0.09226658079038924,-0.13420771021205102,0.7871050585296765,-0.3617124020758562,-0.07117544546925514,-0.02381054565665217,-0.0830459358820412,-0.06876369103237247,0.16165183793272178,-0.029651698871827982,0.16898208964132833,0.1403063801499535,0.08672545501451388,-0.25798601129748,0.17531196639454263,-0.09021670780210608,0.0649739760770773,-0.115855789092402
ocran,-0.0005670658979521626,-0.35668880884874654,0.32706203252620664,-0.15931641449987885,0.06406952359226326,-0.1467565018161905,-0.09420821462988421,0.32633428360524364,-0.5431599807961544,0.1718274320825235,0.13399776939602398,-0.2826511178215535,0.1301895557650543,0.1103409076371642,-0.007874053551030073,0.08736866002368296,0.013012333307373086,-0.18563195865714707,-0.3249114049947272
ocran,0.12823593341960463,-0.42645339335599436,-0.034524780352216726,0.07893895288426682,-0.4594417572411837,-0.10202559972903308,0.5169553905092668,-0.19546696547374864,0.01141450511799959,-0.11545213953437446,-0.030193965201690914,-0.39184980505519373,0.11954101000749097,-0.0346632665703707,-0.2399381369840588,0.1158724953055296,-0.0855168215622801,0.10084503218376814,-0.10899267418421361
ocran,0.001763564385770426,-0.3710263847750689,-0.03147022733371185,-0.1396773245023792,-0.5788651544436925,-0.04459380673540697,-0.12305040626656519,-0.08046323219710291,0.06490276976404741,-0.24746361043892062,-0.06680605669910628,-0.5165321773018728,0.1545181102729276,0.03451733160929605,-0.28687942355192864,0.022793133076758357,-0.13421765543598665,0.11206580604471213,-0.08928151140992138
ocran,-0.1003959707499506,0.1353556737713702,-0.04611303626214701,-0.35544922477911073,-0.42938534749167045,-0.02314650162296409,-0.1262521451045183,0.0735289962566335,0.07057777202221421,-0.25909720344163384,-0.1013524084928418,-0.5080589605934481,0.1398314972911099,0.2763512436284718,-0.06598186776621659,-0.3476113423797629,0.2808033544790548,0.04532866809932418,-0.06656200734724779
ocran,0.017959514319316153,0.20218212129368918,-0.0288498545552089,-0.3093794778990919,-0.32244830650089434,-0.024234421434183598,-0.10067892345575308,0.0975199074455101,0.04531303896237508,-0.2005328093340046,-0.07429770475789747,-0.3978784569617255,0.10954029558973444,0.2506005209574161,0.0002156614969366193,-0.30755254957603567,0.5964473203173136,0.040657759084050976,-0.07404694643462098
ocran,-0.0607861647518117,0.3355032143900132,-0.027436956578079513,-0.3769480840047579,-0.3646356139451264,-0.034167945622413466,-0.11576618316677187,0.15426495841681448,0.04846045615774769,-0.21796564215512398,-0.08724000663147422,-0.4567909515875992,0.12463945202769959,0.29909102124256765,0.0655005448723295,-0.3718734398442061,0.21661155128186582,0.03069589452755261,-0.10820925370513562
ocran,0.12588654413261852,0.3064187964696795,-0.042006318061562936,-0.3274024852549958,-0.24351006779377818,-0.03244002115303533,-0.09934455632076787,0.139431599442918,0.040730374647728294,-0.18219296571769283,-0.07163704332868491,-0.3318180636348229,0.10627994412785435,0.2485114436076372,0.06991654807459766,-0.32035699036145765,0.6065417948258823,0.018119358491196315,-0.09279386053451052
ocran,0.00038630993079517357,0.2941693944893344,-0.21756344774624536,-0.2712298847834629,0.19664738338202598,-0.04725389356715683,0.6689767904683468,0.13425727818579444,0.03033228929941742,-0.17919355086894231,-0.07672440304337781,0.19182466853864463,0.1297412908936953,0.15872375474318176,-0.08895459464332388,-0.3787718111193609,-0.11743393335746329,0.0017173671652355852,-0.0565008557355242
ocran,-0.09940310393289076,0.1881197884955978,-0.37114110563554975,-0.17289887910527973,0.2640367195246316,-0.05871526789925401,-0.1494942811146028,0.05055211170666922,0.025655875108035936,-0.2199455091231142,-0.12741849518926882,0.2595054768104142,0.18918744716492306,-0.10858909396925637,-0.35048338155075387,-0.5137500470098996,0.3276313390533104,-0.15240827015822095,0.03687397399530414
ocran,0.004375284808460186,0.03240971529066256,-0.2403536265465639,-0.09760175209065351,-0.0289067535750272,-0.05313391073355058,-0.11566423005332285,-0.04238165611812529,0.016533353024043476,-0.16555030674906804,-0.09888553287784595,0.2005121462108058,0.15284858881345234,-0.28392380269563033,-0.16465719260041323,-0.30535960483136443,0.754963963128076,-0.20012538519239062,0.028355492820397163
ocran,-0.05545345150762634,0.1592441734135571,-0.344369164876567,-0.06598370444330293,-0.010676168631245308,-0.06971379879462508,0.2339085287646397,-0.03745775509137261,0.03256772051146737,-0.1803725995233792,-0.14317126209670036,0.25507211854821626,0.19700733725546696,0.2170939731361329,-0.5390950172421195,-0.5039438430333882,-0.1778487605052625,-0.03396108659054853,0.0902455650087044
ocran,-4.650953811828699e-05,0.20722108794310323,-0.24492074006478148,-0.00015752893533288345,0.02918521349305593,-0.036554464062059366,0.7411941756289568,0.034838305522336896,0.008153996919294467,-0.12896851784103947,-0.08546361540340458,0.17086050191552396,0.13543959161252725,0.4506362975680346,-0.20256531405001113,-0.1374728376577586,-0.03213634992073772,0.09046842491372338,0.023243857210136314
ocran,0.011094640347226755,0.2649763108231139,-0.20378232086062464,-0.005340229992106326,-0.011387525021584397,-0.02847076082438316,0.5443188243231599,0.08510739922506519,-0.001955554227635015,-0.11428405227071815,-0.07066126340974553,0.14885246548704734,0.11767821410091585,0.2579055357105381,0.21493111186127636,0.1493972049681684,0.6069762122464952,0.11061765717390779,-0.11838846071024768
ocran,-0.002880856884517134,-0.53515566651973,0.4104166011507089,0.05552292184554035,0.09424331466236292,0.06749199137023584,0.19389227640760942,-0.14383552709463604,-0.013064092706525761,0.19648395782521347,0.17404579979052326,-0.30261317004701943,-0.24702011725056888,0.033949088247982026,-0.31979078316515563,0.030232895406825916,0.08588330953011956,-0.14352436418621436,0.3411654453704483
ocran,-0.008196179942916224,-0.2619143835873088,0.22739820802813837,0.07629760731790852,0.07263676265881162,0.03802397227811212,0.10887891438158968,-0.06294882959323324,-0.014480080869857826,0.12117663994597441,0.10274122961519248,-0.16983594785146092,-0.14341995317672668,-0.45151235032619236,-0.20594692078518134,-0.12625829203461914,-0.6679636778671454,-0.22867000143357377,0.125632838683345
ocran,-0.00395736009411309,-0.2830590431316018,0.3281877518681742,0.12413851641448535,-0.0014066603205407583,0.049315131178598356,0.14624618398380926,-0.07275870429863306,-0.01756438637553765,0.17693138857544177,0.13623464593303433,-0.22674012098321158,-0.1996641296038103,-0.5812072963194339,0.3685099428128028,0.3250319102569986,0.14871486251660065,-0.15741819936806375,-0.007104827507003024
ocran,-0.03844283485628495,0.25767323330669534,-0.39231292350887137,-0.1258488679508501,0.19175398712026476,-0.048650480065320294,0.20897557995125987,0.031321039535118785,0.017135782616138483,-0.1821854319708832,-0.14526748247729368,0.23157794254810454,0.21231804480517052,0.06922559987191013,-0.44278842562403176,-0.5520796812265691,-0.14497435634805644,-0.009883178264109446,0.0035753409875224147
ocran,-0.015449677738483766,-0.17335741353816114,0.31328265302405633,0.1067476327685793,-0.19099055582045812,0.03592885676364226,-0.7341714745125922,0.01376689769909361,-0.013691496595223522,0.14076142101009365,0.11128864000112923,-0.17458982793577413,-0.16236890601497805,0.19605095011943038,0.15072099770933686,0.33387361042010444,0.11646498377288095,0.07277808126325475,0.05218987929345673
ocran,0.0036934902094456767,0.21999740851828362,-0.5072259871220196,-0.2174206551749162,0.3303420423247107,-0.05438038650397694,-0.18759403179638492,-0.08763592895271376,0.024111926660291945,-0.22839397971554148,-0.17616936322824933,0.2765092863644672,0.2555538220061202,-0.2606548985233463,0.3666617728444148,-0.11555418165804608,-0.014754959521460106,-0.07498420707818386,-0.21207453177733804
ocran,-0.015274710500400211,-0.1251859060034849,0.30355588925600663,0.1437538699578382,-0.08856527575696374,0.03194069115739456,0.12140754838437508,0.04150132012394602,-0.033367162094868286,0.15518825970365022,0.12271316863133745,-0.18529087232272903,-0.16659644311072827,-0.00933348364824694,-0.28907203970536155,-0.056227952791976746,-0.7977176131608981,-0.018649947565383507,0.14260451834403318
ocran,0.0005236609766682061,0.16254424766377432,-0.30833080463730844,-0.20952383862888813,-0.49101201374850967,-0.053549023172808734,-0.18302836604167202,-0.013684631106412775,0.055661491490326655,-0.21111998251018624,-0.18958934861161045,0.2892675746148278,0.2607610249537103,-0.4182031360803629,0.1299480089263253,-0.19886626611037592,-0.20262859127316324,-0.1615733245850136,-0.15226903623029694
ocran,0.0016946146195723343,0.12046500997177337,-0.46089258389072596,-0.12673470443101498,0.2666559645001419,-0.04439708727661432,-0.1799543082206723,-0.11019222689391737,0.07907229348238758,-0.15636878238525945,-0.19549503569574594,0.2876323622538806,0.24159192052240036,-0.5579528656840325,0.06254307112361808,-0.13362642035330966,-0.16141352251424199,-0.1833799802334373,-0.19136241599225365
ocran,-0.0012021345411883716,0.06054146379914205,-0.4198006640180163,0.301684385888419,0.19295754191934883,-0.019182446144200508,-0.16936752346529882,-0.08137955359773479,0.032938782174938216,-0.12368080509127743,-0.12956545687849289,0.295352081301017,0.21983231297967537,0.07068167929529984,-0.5640886962016696,-0.36876086396115554,-0.1627091264806396,-0.03816988258190413,0.018551392389642853
ocran,0.004549727490368758,0.20015888064694476,-0.19357663960478266,0.4445074524176285,0.05047827171143033,-0.045465121775094736,-0.16609826874248304,-0.11053639692662426,-0.031304163503693416,-0.129267346963332,0.03472689141303212,0.31934306016628955,0.2111757219228464,0.5926699609764873,-0.3425454701335158,-0.09005265315196911,-0.1767077691899168,0.08390710448168553,-0.003720013566292246
ocran,-0.001213361868270972,0.2627345161949716,0.6061923561998928,0.35150291286559615,0.22198239742878478,-0.031466114937329,-0.16610397580883127,-0.0577596282800654,0.1929685574434445,-0.1744229883799509,0.18465141247385938,0.28500761830434806,0.2201326037510074,0.07419530661106598,0.08023166116079108,-0.244133429727003,-0.16320037944350627,-0.10834365138254587,0.13188668967213915
ocran,0.0002651666356527737,-0.24322482964577152,-0.5208102457877791,-0.23975347709043024,-0.254006157837099,0.010084861493059476,0.11127231965590671,0.053798733486166504,-0.18341608107668161,0.09750979076955663,-0.12874298408689674,0.34522466888112296,-0.14381383957291743,-0.5237488885798148,-0.16010609826565372,0.03641971904732359,0.11883610792233668,-0.11673612471621936,-0.060087503399897726
ocran,-0.0018125136240252984,0.2932467659642305,0.5137866011469456,0.1811192672427905,0.20338658763414458,0.01335504496104746,-0.09250597070987877,-0.04043333626391413,0.19422001005268685,-0.08278961255817896,0.1026778587773625,0.18663582392667918,0.1258252820378146,0.12547404530983594,0.588972589834034,0.26530083449039465,-0.09475507603962953,0.10734821069864357,-0.07865400641960259
ocran,-0.008488123091675655,-0.36460543933814704,-0.6034150423145316,-0.16961536196696944,-0.1907018977458651,-0.01417075807879812,0.10199889250179218,0.07585418676810193,-0.19450230044315012,0.06998686722124768,-0.12079989166333124,-0.2080443143302847,-0.13799215740462517,0.35585438017554305,-0.4058737568385335,-0.006570501648843105,0.06463358700699456,0.07422037180190345,0.02677235213342336
ocran,-0.0037897053621391433,0.40528845639233413,0.6237639948533623,0.14825151499524555,0.13335829758565415,0.011387007284742318,-0.10898476355486822,-0.09154584078989327,0.18756236024753592,-0.04446941333486168,0.1171545548392933,0.22508033227494226,0.1432060493515572,0.3916263044110945,0.27726908319569055,0.01148226841737438,-0.09819361928008917,0.12552020444807246,0.09316045923077589
ocran,0.0017141896644598082,0.41481975670772886,0.5748692412458449,0.09667885837989365,0.07844582150713532,0.007666832693791526,-0.1031834407482802,-0.10394011331191211,0.16701999368848788,-0.02292673039314333,0.08859049837490778,0.2088893581890283,0.13759361814383447,-0.1578935868185438,0.5439025308611598,0.1524777753666695,-0.06960313289302054,0.0814777318721867,-0.07817181286304987
ocran,-0.00031447850638717127,0.4955889806253456,0.6634655655089093,0.09517865899005083,0.14717262827858069,-0.016106564696253697,-0.13459829513644192,-0.12427123310196933,0.22270207070537726,0.005316299127069042,0.09112148125122435,0.27109205925108293,0.17864177495648811,-0.06453331503942393,0.2463704472140289,-0.10650756218795221,-0.062086630220221796,0.07572592144963865,-0.023225513911316414
ocran,0.0011746878903293129,0.31253030165146606,0.46870591671965645,0.000484128668055533,0.11706144978553863,-0.02926509132571722,-0.10359017289958725,-0.13156839414220306,0.17378346142881806,0.0062756853970465185,0.05605493423031439,0.20301395568285385,0.13946130648834887,-0.08338819847713946,0.5976273619669852,0.3887829831774855,-0.09905528208481608,0.08968547887988547,-0.11345613220921501
ocran,-0.007629271903959292,-0.29416863279794636,-0.5518753153798651,0.029893252851482966,-0.1344920291419038,0.0446297112128655,0.12320042464937786,0.144244470791122,-0.22761765180292948,-0.0011610964995965025,-0.06969686713004623,-0.24774047690497453,-0.17461507250349484,-0.5622743182512809,-0.11713150581053425,-0.10821798466349367,0.09787393215970182,-0.2088049536921855,-0.09296991868044834
ocran,0.0001656813019408713,0.3201537331228004,0.6639412478805827,-0.07344666258734896,0.1520079960723772,-0.05656516752601487,-0.1467427420913128,-0.1868997315155025,0.278700094968534,-0.003434348595827398,0.09581952821493059,0.2961049900995928,0.21498670839783163,-0.03127186268115646,-0.056808969517250694,-0.3379385526615157,-0.11420056449780186,-0.05496016940936322,0.11525532819320013
ocran,0.007798345224996862,-0.19544280902405986,-0.5408315400139438,0.15840994531413582,-0.07061228490627797,0.04334416960561516,0.1115501692354835,0.21999071412792667,-0.2316345688556445,0.017084779301987145,-0.07036702262670867,-0.22529511612264264,-0.16777726880773267,0.3502225092446444,-0.5112133169599243,-0.1986125641813558,0.09798074854280155,0.029622675917666538,0.06914370664526909
ocran,-0.004504976964847149,-0.13103951028691796,-0.5343358459458951,0.21104424500105545,-0.02011718077551832,0.0340128798236613,0.10109692905516715,0.22507403795413672,-0.23278563626806803,0.03751313875170591,-0.07082718608256805,-0.21654861451583687,-0.16115205169848829,-0.27706306666109215,-0.4193932972664751,-0.39902230937313826,0.12488159809744878,-0.17142572057993194,0.0013596760664579784
ocran,-0.004297289574242963,-0.19282343009137726,-0.6852494263913472,0.24973569817614683,-0.010103883473232513,0.03452762095099545,0.12408450639440989,0.23707174605231796,-0.2993270558837962,0.04585408784612038,-0.09855907187345042,-0.2719347906596781,-0.2082089323751242,-0.2706063404541022,-0.012003203850866017,0.17243537477906512,0.1178995817439896,-0.046969249963659615,-0.14165201705324662
ocran,-0.005094438122252383,0.20255893488844925,0.5678608423685323,-0.25537966012076685,-0.025103099390504067,-0.01757246166022271,-0.09766938383813673,-0.21580139609261234,0.2319945329986138,-0.027357845511305368,0.07123265549678953,0.2119998906057051,0.16180250975201438,-0.35584826056401114,0.46733899403839774,0.13949596033619566,-0.10122061757645817,-0.08277736789651068,-0.04333707132734643
ocran,-0.00524116613128204,-0.2234358182243702,-0.567863142625547,0.27138246746749717,0.057244918116930554,0.0014981322201366703,0.0901779502168119,0.15951608658418273,-0.22103740727959142,0.029426180490365054,-0.06673181440778046,-0.20822561010438587,-0.15633436084243324,-0.2658989949265831,-0.41185579233181935,-0.34950784848771027,0.11869042182125004,-0.13587908052013814,-0.009701513067504861
ocran,-0.005904846984315166,-0.4135535938762216,-0.6750800811263411,0.213282187136531,0.010784718475112856,-0.033759619345833235,0.11295426143175623,0.09035590503116994,-0.2692275640798148,0.017246173233861635,-0.08281448839335036,-0.262996527974096,-0.20556377815506227,-0.2416105384831366,0.011700193096443027,0.16606121632104148,0.11226221196892588,-0.018214213162957692,-0.12444240782407621
ocran,0.0013783825710764629,0.6046299755245644,0.30388192848069684,0.17208173915439567,0.2567574813502247,0.16592983468922165,-0.12133621097547095,-0.11448419417478653,0.18991806831288205,0.03889762538231644,0.03696497326655844,0.27377721734613436,0.21547744217556888,-0.3708968765961995,0.2175294557431207,0.07974068639033223,-0.1386799649137722,-0.1370506755103581,-0.039875626998659354
ocran,0.013354255135357231,0.6375417567621652,0.023202540144879664,0.4671378449661791,0.12369086306791868,0.14989133858566775,-0.16746405187499697,-0.1721673645625691,0.07215895614369758,0.03132709019389208,0.04889957949452373,0.3495947724031835,0.28480957954655967,0.03809816712710555,-0.16423929265365433,0.08726448179408439,-0.16953856095739384,0.05045933262540192,-0.00941732779239509
ocran,-0.01631766396029384,0.2853532506077285,0.08074914466434151,0.3150111257702215,-0.574537321841619,-0.07646670338878736,-0.17719867472732162,-0.16401784015944143,-0.02669575672086886,-0.014251541060879587,0.10340827547815695,0.11978090882717751,0.24405134133166995,0.36376150588921724,-0.365521815791083,0.0825474397369807,-0.14590008836910368,0.19706131161186186,0.014117499326108859
ocran,-0.11163446925063861,0.06570589155612096,0.09669235054841911,0.1619818891370521,-0.5719315455823981,-0.1473025603611949,0.32635053381336154,-0.13506444836618137,-0.021037473355165853,-0.021995963239858248,0.07514236558929085,-0.5288372147766636,0.14046883171279842,0.2893437145559283,-0.23397004923461906,0.08912552023870572,-0.10348906191046903,0.15315052018032996,-0.0010578637389837301
ocran,0.015913065339674123,0.07448801653963333,-0.13522577334379648,0.10208544004272879,-0.3212481948873426,-0.4067710630803668,0.5485655275488474,-0.33728142910607484,-0.27919077196117276,-0.09836140586190543,-0.033619371614059354,-0.313483175973129,-0.1283154613248848,0.14000911765857682,0.008000591347468642,0.16631737516008355,-0.09406296268832136,-0.07832910604734941,-0.12883125152052746
ocran,0.007508077195709541,-0.11960842212202721,0.1856248450014154,-0.13030193136479262,-0.34719051191873457,0.7990311497259903,0.2533720529383642,0.01777203921291462,-0.0022495127940780403,-0.18494260882896202,0.05018299870505045,-0.2334447992118986,0.056939030296223284,0.015632069070178712,5.9442525617504705e-05,0.09354865405929723,-0.0459536936094284,0.06251462997894491,-0.035667214400855636
ocran,-0.003342260591643268,-0.18360888130217923,0.3519157004831508,-0.322516394410877,-0.4277281631281218,-0.13423897397114687,-0.09937757627691356,0.37991298164012804,0.07786166330209753,-0.3524994629682882,0.09041100017189846,-0.41675244801304195,-0.03211879052577012,-0.030814213254275583,0.046427878381991264,0.20862766840981983,-0.08497441781655801,0.11030757892611724,-0.06339853272066177
ocran,0.006679942374474295,-0.13748207321056982,0.26690092501169904,-0.2607874487956496,-0.30072501470405144,-0.12034180898677853,-0.10229312971705008,0.4254994553318061,0.12357087131528509,-0.05805926569129463,0.02752351420710005,-0.4296745805566423,-0.5443333855446923,-0.02585529947992683,0.045658944049074675,0.15319776598110915,-0.09057716146084042,0.09264534751829004,-0.045756857531609296
ocran,0.05638768915663844,0.06277531390793199,0.16982173629686348,-0.14910077914930728,0.05849174469162579,-0.06091715289180392,-0.11940293542986176,0.1321626361690479,0.2839574849179458,0.3747449978405514,-0.2160456381053245,-0.3206345310047532,-0.6826198249761705,-0.1351428718352461,-0.014387289074292259,-0.14526648287420535,-0.13700899246123407,-0.0919328404091828,0.05309259819158236
ocran,-0.0007859278142802237,0.17119820718713974,0.07762985709275982,0.03323153033296358,0.14476466977416977,-0.035321255688569565,-0.12148288884269826,0.02762055657696089,0.199029613704512,0.44840387475831583,-0.21749027673988547,0.2378919781695819,-0.6488494900316576,0.2391138237736327,-0.19164742198418308,-0.19988512280971202,-0.1295542132688279,0.07001243298032767,0.06864187898900721
ocran,-0.0239361292931561,0.19398030426466698,-0.044595553413449306,0.18168311959935862,0.22736881642404377,-0.02149614575368689,-0.11176200341927973,0.16600866908731718,0.11598908212906334,0.38207993650185246,-0.15504086603369815,0.2112907301026102,-0.5717235262916399,0.40976099815161554,0.1510500294685138,0.21657197773002196,0.11840375508890522,0.16822764567702136,-0.015312046622272268
ocran,-0.00925830256679029,-0.1695936756335077,0.04628589501683894,-0.18821925551076454,-0.07508824000681878,0.0202355767503256,0.0861962009624466,-0.14327344866363,-0.07250630903055617,-0.29299779521459424,0.10990117677577535,-0.16527363514149523,0.4529486769696387,-0.0713099195681447,-0.322203473815387,-0.34684793219371457,-0.5616738994598254,-0.07951611035060997,0.11401426285453832
ocran,-0.00470078366203784,-0.15117238870127647,0.06361014029720626,-0.2846074562114692,0.11503083898695633,0.10047874571411355,0.11080103417018222,-0.017994164538555586,-0.07758840919287614,-0.3767988515049213,0.13572370924694824,-0.1964458181882839,0.5966601390638466,0.385513781332861,-0.23046111531758312,-0.2369931360550376,0.1016738921530472,0.007783712468318403,0.16389285241422763
ocran,-0.015285668940509662,-0.08900769672374809,0.11333816771791604,-0.38460132585780965,0.16647071407851496,0.03361766588157698,0.07766001801819997,0.09766072854544948,-0.059137061752976346,-0.40442516181001315,0.14307939628314884,-0.1885684780729819,0.5718421414497518,0.14095719934647202,0.4166145660221813,0.1953233867074059,0.06969850379400375,-0.0017333051508345665,-0.019071043117542746
ocran,0.02135663001934433,-0.058479939240048684,-0.061633025416058855,0.1927555613286548,-0.1424918648544691,0.8947394312380426,0.14056583434434025,-0.06894815605349183,0.02167980492376608,0.15941458584388776,-0.06701349137867035,0.10827882046537886,0.09517027534768101,0.14535938317613273,-0.1691714646328552,-0.04214215187417517,-0.05768835676455084,0.06248275480366478,0.018431598689140155
ocran,-0.00020068182965305714,-0.11485550287288991,0.31741418466716387,-0.5111809652092029,-0.4059529729353384,-0.01840398870481744,0.11340881667732096,0.028649572339943696,-0.04354668328225421,-0.29728075497988177,0.16719865298727013,-0.21114572104856333,-0.1888788151694719,0.057892003036985024,-0.24435432355278,-0.23733937542660216,0.12787329662348254,-0.24257380957155011,0.22991777757085044
ocran,0.0036214092640949264,0.0575114967171138,-0.253382305264218,0.40249862341932696,0.025392326033884444,-0.03652648314114375,-0.12395496567169197,-0.14717859893747098,0.07095864091177553,0.39234601388021745,-0.20888100400803883,0.2195470503796152,0.21011085012415387,-0.3776538681320282,-0.4590018853881799,-0.25698534722723754,-0.06500442573879427,0.035791579819971914,-0.10805940772738458
ocran,-0.20171524262214113,-0.11432040406246322,-0.09481488022723301,0.1861131482718118,-0.3457233769401724,0.6957642270123457,-0.10133010611539478,-0.1465319607721039,0.056621498977280416,0.24025142219194975,-0.10237641103289781,0.16531611124192852,0.15332565059900105,-0.05944000796137675,-0.36713051712536754,-0.19757754265790625,-0.06688313319554726,0.05529456545791391,-0.02862622140944175
ocran,0.04103916088576523,-0.11266804709834322,-0.02995670185746308,0.05507469874242912,-0.20868128803014058,0.9289198419979882,-0.0642621964214104,-0.10000496088315433,0.02361039356278241,0.06776690412573722,-0.013435839983801014,0.06942774499600032,0.08611654593691193,0.0039539877560409685,-0.1739527646921986,-0.10080743048161188,-0.047482645867175065,0.04628211488006486,-0.02010324748467075
ocran,0.00027121072849546347,-0.2858068018534444,0.15736183150805835,-0.3516608602856203,0.34127848799986865,-0.10264569885700821,-0.12096876577952363,-0.14898010894749344,0.0987307115226638,-0.3827090199773456,-0.03825062743320688,-0.5783130098779486,0.15707349785458133,-0.059700082369180694,-0.08852260815149154,-0.20154099066485012,-0.1170215620108827,0.14072728534377904,-0.06114153748867089
ocran,-0.01684299324304307,-0.1899076892594997,0.04183590661168909,-0.23302028944795372,0.24035082775395225,-0.06108153105620738,-0.0818257661779244,-0.5452721616822535,-0.055179597808165635,0.23436625613164097,0.07445955982843157,-0.3225064166492569,0.05138291496260349,-0.5718425882573909,0.022391142716128035,-0.17554155001344973,-0.07674841944044285,-0.04634432742056788,-0.07644802713706207
ocran,0.0015530506863072858,-0.3438962285854808,0.1152485824175643,-0.11447577273734971,0.0969122436021881,-0.05398574780987372,-0.05517978519849274,-0.505630410262075,0.006401736872650341,0.4029280550283782,0.0020029269817571803,0.11414573054347266,-0.3954593324338273,-0.4253024859578125,0.23378966045055422,0.07322540393308646,-0.0024823721913733473,-0.08939148291855108,-0.060191106578976104
ocran,0.004712812177099651,-0.4194590294516436,0.15698281382325446,-0.08421255529864158,-0.2599718155768854,-0.1330418834383306,-0.07885506728381025,-0.37843600297428404,-0.1263627623696333,-0.08618231212012084,0.23634463472835354,-0.048604388411136595,-0.49851368315610034,0.020631859121100382,-0.39655237507387314,-0.21807772929684044,-0.08048026617829063,0.02183009521565294,0.12360566616214808
ocran,0.004712812177099651,-0.4194590294516436,-0.00905524254701482,-0.009619395606984696,0.23928595090339097,0.29051257931848,-0.07481161618012677,-0.43327597553418407,-0.07120922278875663,0.09104104456558176,0.08808934935179268,0.2211002696010499,-0.44760977633210713,-0.21428632684819865,-0.2901429913786495,-0.21944130550730107,-0.07828139330881724,-0.06704290855089555,0.17222606864352222
ocran,-0.005607452781113499,-0.39239367889743765,0.23018187570034102,-0.19949406584712148,-0.20464452181975024,-0.13069164527670402,-0.08440450172194416,0.008362365564657541,-0.18779616345067848,-0.43200931515701096,0.2026721997000914,-0.4058258878025833,0.13764611894114767,0.3934849377476438,-0.14220739834773577,0.16351429645727583,-0.01960965372135227,0.1779457646669662,0.08146050963287327
ocran,0.0035651679775668375,-0.18570925165368368,0.21627126841057034,-0.2366340360448395,-0.04801942380077872,-0.06183924729697702,-0.05538768429337255,0.39015400893469177,-0.038767253092066765,-0.3465935793158356,0.08969558334958623,-0.29542205510583686,0.10579732401166958,0.03756992971760991,0.2702974292289756,0.40484884012984584,0.4539032692021168,0.14553204208915307,-0.08717874718581287
ocran,0.0017008973658561109,-0.20112858974590986,0.20935159666618983,-0.31560646136928366,0.1839982195407749,-0.047433288144198484,-0.07609670143357897,0.4154107597318382,0.03763814653537675,-0.4123295244116337,0.08503316453726112,-0.3980045908208651,0.14678906643989534,-0.13706275849905772,0.3364510037067595,0.25006690822943545,0.00448782652236863,0.17150277203558398,-0.13812973672849496
ocran,0.04949488210679455,-0.19106619335616953,0.09398902199169912,-0.2432353899123441,0.3750905620327832,-0.029346322327744055,-0.06796538302924687,0.2296120937133614,0.05847359876076604,-0.334688607345798,0.061226837341353306,-0.3448060424915104,0.12780350306963423,0.20217286731983167,0.2505585674170814,0.3148368701583704,0.4265124569277102,0.23336390376029487,-0.05517767202306376
ocran,-0.0010723213674109625,-0.24544490330465052,0.06269684328586163,-0.23522132816818067,0.47824269443923295,-0.03028291946996405,-0.08756133810532088,0.2647806375506534,0.10633305037114114,-0.37897877601555735,0.058610894312179564,-0.44030757321702263,0.163114117556501,0.28873813235448464,-0.27301938306774437,0.005351977389388721,-0.09569789992197643,0.15151533294042058,0.06473921604488524
ocran,1.6627176032494677e-06,-0.23361441607500288,0.006680116478333278,-0.16069933118592386,0.5247148601709515,-0.03788405706199472,-0.08759880564276705,0.23749954946768392,0.045042767801071165,-0.3823622647936783,0.07904022832188916,-0.4367392150768261,0.15790137148458408,-0.3257618915936656,-0.26190911920334486,-0.1625213323929369,-0.07284463795354337,-0.04461385495006311,0.011692723143710053
ocran,-0.004216087736264201,-0.22183924779988995,-0.016534627814618855,-0.14585007292979635,0.46784361902050625,-0.03937633947533983,-0.08295064090536121,0.1159551266810209,-0.012416988691496137,-0.3628175055768709,0.08241647105074879,-0.396704355023833,0.14044816211039496,-0.4257653822181415,0.3278659096608196,0.2487699586325058,0.05058774593455975,-0.05536442433352411,-0.12853359404355455
ocran,-0.0023219311995797596,-0.23189572514183,-0.022103445583824554,-0.14675918505479407,0.35598437371570124,-0.035467307715609554,-0.06173257109760073,0.06894260871249128,0.017797838927067447,-0.27293971636416603,0.049948534054858315,-0.3140391157682597,0.11274194736505803,0.24737722674509918,0.08752512077114691,0.4426271097047736,0.5523460579104741,0.1706968629095187,-0.0036399502247606514
ocran,0.006384809088304722,-0.3623218111230063,-0.0365636944295018,-0.18261485574747022,0.4525348554671094,-0.05570164974616674,-0.07502246045816244,0.11929621592271172,0.05424112687229369,-0.3235352669422339,0.05489602254532572,-0.41843923371756103,0.15592491819523638,0.34510377508854795,-0.3799099938006037,0.06046960174859676,-0.05637439156465203,0.11724915420438314,0.11064559448931635
ocran,-0.0037205881414317707,-0.3910322024275227,0.028859243023149444,-0.2597891965023249,0.3562330701247421,-0.07176950914405467,-0.08384975799739454,0.11786754541941952,0.07536181962205811,-0.33781705210944524,0.07780585443895122,-0.4672558344729981,0.1752466636298013,-0.4168643318277575,0.22942029042142467,0.055424034038971566,-0.06595239669395525,-0.11590870648321164,-0.06029342037090344
ocran,-0.0028669975086608825,-0.27683006444521396,0.12004401830169927,-0.24565991812119767,-0.07982707295933457,-0.04650427290334022,-0.0670459876409038,-0.006125816962527498,0.08027730309900598,-0.2596352574045487,0.05590633776344173,-0.3550169154596759,0.12638929872076482,0.10657254907084628,0.2652369657559681,0.3999452600075321,0.6039457036141039,0.0876476213882346,-0.04949013036699456
ocran,0.02074433187051134,-0.27579687893532423,0.21090637406101376,-0.282934701441464,-0.30610872267138123,-0.072432369282532,-0.07402077644203495,-0.09399842449458942,0.09770379014456067,-0.27569873197056194,0.0433245977955581,-0.26236813525248526,0.12188947380604805,0.38142098979573175,0.04721805573499653,0.2810232696513484,0.5110811255896685,0.15646949832540763,0.05137723930748537
ocran,0.018203059143149493,-0.37094878893841465,0.33977342093665674,-0.4310287811145591,-0.4046677680252532,-0.1113034036608144,-0.10765825366337758,-0.17477230046009795,0.13981341066034045,-0.4193830202690307,0.05680506257719613,0.1368595476032236,0.17905652534892696,0.21940826375375008,-0.01668559095039922,-0.09769919216649717,-0.14061140938555555,0.10023205117842518,0.07520002679111935
ocran,-0.002462958756338285,-0.2931642155430336,0.24446052692495995,-0.4101529680958166,-0.17272641526079577,-0.08204109231827043,-0.09425317535490323,-0.15317671109992725,0.08225007048787689,-0.29751471670448276,0.09780377890388155,-0.4797715434886053,0.1681763972114055,-0.44069010915258844,0.12314377128219912,-0.11704863674109622,-0.1255056521215784,-0.12219219067114842,-0.009569552185104215
ocran,-0.0012609577315289802,-0.22693324531620898,0.12827723311477865,-0.41758634474953765,0.04164648890620874,-0.04822130816927693,-0.0841671696330674,-0.4909177293011959,0.06842364310784635,0.26896806991026007,-0.007421725487218367,-0.3216068785681553,0.16414762558417048,-0.3813959321657414,0.30821228057458205,0.1341759896589881,-0.13456260573572354,-0.10783978465337782,-0.09934958599033368
ocran,0.004900526670427285,-0.26904093461965445,0.11754569010319427,-0.3510453328408591,0.05167205200264369,-0.046671813303110384,-0.08214179206284233,-0.6121781274633644,0.09305778756987323,0.5293632868296871,-0.16835105151108204,0.129902812382484,0.15225919729769208,-0.11001233075387608,0.10090979349136951,-0.07877856680608872,-0.12887884502366231,-0.039380982385396765,0.016506532830689636
ocran,-0.07412118328534778,-0.25219162030098924,0.1130227869818853,-0.3147782599082154,0.1456419634184327,-0.04736570134727922,-0.09473575219976821,-0.3620551535292189,-0.07831696495046689,-0.11808309383404057,0.22878768923849413,-0.46662484022981465,0.18047507670551352,0.42794112423424724,0.06012693508610614,0.21628233615751505,0.23764247413795753,0.21222821455569674,0.05703828525861838
ocran,-0.07412118328534778,-0.25219162030098924,-0.06923469010095051,-0.9193716984830083,-0.03254177769825585,-0.009901677421553125,-0.05123467396862024,0.11528693916180184,0.028642646646264938,0.017921785652612782,-0.06133734181989596,0.030191617471031114,0.051179316413267485,0.22698076529670816,-0.011977679403008493,0.09556362578002073,0.0033752900101343747,0.004706247680068776,-0.004913842838680879
ocran,0.05656288631093298,-0.2235049426118355,0.21222517186325987,-0.27650002107723437,-0.4640912960677101,-0.11303809428263634,-0.09426630247138364,-0.04389119540440018,-0.04890220956043459,-0.15372728854427672,0.15570164291534336,-0.4572237729822063,-0.4533987925699713,-0.049098217526845594,-0.26711440137698284,-0.19875703524145003,-0.09458483899315888,0.04357396292159972,0.024129041600272367
ocran,0.0038005797036749648,-0.27644417795795856,0.16176383324653598,-0.250217463048751,-0.4039756954499991,-0.11759484228910044,-0.10695182264719111,0.1850654155438082,-0.14229930596319385,-0.4118157667950493,0.16358075104437264,-0.4793272106546977,0.10895060772319398,-0.1648204938298254,-0.285586448216505,-0.18067733341336753,-0.10633397603604083,0.03210643207517717,0.012539898635352395
ocran,0.0050218881054405,-0.1826251158438872,-0.07091094695222222,-0.10649546099753243,0.0504259785017494,-0.07414178466422341,-0.12340302725377661,0.25410033345732286,-0.21412989081051015,-0.27697959389377236,0.12353020846218729,0.24210647371478455,-0.6724467826500411,-0.39857316572177853,-0.15640188609677405,-0.12140263967742779,-0.11760385924078443,0.0038449569878101124,-0.04368000109413014
ocran,-0.00024090887439931263,-0.02306269175967196,-0.31397614671213614,0.40435391634892115,0.22425050448338996,-0.05320852918312205,-0.11153422409289854,0.040961105857040214,0.0047345442914977515,0.34284511573431836,-0.1598911563399302,0.18092115719139362,-0.4550028937012528,0.010754367901139577,-0.4904927134358087,-0.18512565882283905,-0.09694010316204521,-0.003824108478855795,0.05362019501866654
ocran,-0.0006121927364826302,0.18843817318008582,-0.2695520978630991,0.5538488261686051,-0.042103831776324346,-0.07884156349338044,0.004678583990510473,-0.026248409564096447,0.14990688825409562,0.5142752274775837,-0.26333048927607167,0.1820612744131611,0.1471406479408064,0.17178559804738489,-0.31433265775888053,-0.15623951400970623,-0.11187073584161354,0.006108647160672314,-0.0039271773130892425
ocran,0.000763081888859205,0.3390661533817689,-0.16517266796635355,0.30791914368544504,-0.16480824144289846,-0.06311726826112425,0.6614722817527049,0.18001068703690662,0.03146717040878972,0.3470550542223296,-0.12772858741169918,-0.04491928231992895,0.12806506236321424,0.2333629190542019,-0.061689653055611166,-0.18969030883155746,-0.10041300346621301,0.018623763237042314,-0.03157022893879278
ocran,0.0006763508433589157,0.33869667385260166,-0.17886955632189683,0.025588838511091623,-0.016091567247487934,-0.03907579069525524,0.7129241159402411,0.23138440099272764,0.027116010179836156,0.23382169805696934,-0.14573574052201596,-0.20374437311531146,0.03481432619958668,0.2711899396854571,0.07465770640354988,-0.2674252017655411,-0.11126713102123693,0.06198545580149136,-0.053131163646882355
ocran,0.00014410432107623715,0.2220457442689221,-0.36713733633114437,0.008121702848394164,-0.004248790285479628,0.010687565303187185,-0.2505764434471608,0.07495097029333041,-0.26400450135601083,0.31738843859310484,-0.13902858265474366,0.17762074164195302,-0.06617150992448909,0.2546885625438295,-0.5279925091988943,0.10275585077455086,-0.11003435003730296,0.3848956836864143,-0.08460211775343676
