Username,Adjective,1,2,3,4,5,6,7,8,9,10,11,12,13,14,15,16,17,18
pedro,0.0008031337539256054,-0.2711059169693746,0.22761191395084268,-0.43380866187710665,0.1918533603270739,0.04307014415357272,0.133931207113874,-0.32756164570441665,0.17339966597353,-0.13336819066199104,0.15039872581911906,-0.37085400045971606,0.20718899010304243,-0.025442405012514355,0.17230491408674445,-0.2993131942299755,-0.08425261066538454,0.33956634613652564,-0.17130305958011827
pedro,7.782390334764814e-05,-0.3477822411116614,-0.15127630940836012,-0.25919339555466653,-0.14232477648459668,0.32003230194298443,-0.04202036106617347,-0.3116035487791019,-0.2155142246207107,-0.33809619158571463,-0.16328969390300652,-0.2129694784734641,-0.1852144812402854,-0.2587108808872634,-0.17281864639276084,-0.36608522913692687,-0.08240139848722405,0.2430576938157401,0.0606621865865642
pedro,0.0015723457545534314,-0.30135591314911053,0.043723606165708806,-0.30349738073167615,0.23480784806288482,-0.028978953842929662,0.10493605437201788,-0.31315605311790295,0.19950966083743304,-0.019696192730417054,0.23598252364516645,0.22745833180129513,0.19632735199024162,0.07208593708211508,0.23757920439049948,-0.1850923631681163,0.4501192241665152,0.3728234446304478,0.16261551853825115
pedro,0.00018381624648926165,-0.2141122859954551,0.11449584260205903,-0.304633146887839,0.22455639894260643,-0.03283257225234172,0.2290710173605538,-0.29111827058396833,0.1931740589480026,-0.08885277430517025,0.24851161432135682,-0.3596978951637607,0.20518324155231185,0.06070646686288157,0.24213464715707975,-0.187554590105755,0.37693050395143646,0.3733779964487303,-0.04569060158282245
pedro,0.0013197409093411716,-0.2756337000940447,0.2976058947673411,-0.3635068156635256,0.21726576214173943,0.05337582064530649,-0.05467270897343316,-0.32567934435456997,0.21736870566566144,-0.04668435799651597,0.2689816911177461,0.30723644919590554,0.22505183200416587,0.015587404312457816,0.25879372474671825,-0.21574594437726186,-0.03657951121763537,0.3988202798636655,0.056820905414011275
pedro,0.002694057228611784,-0.12515856271912904,0.17235364640571327,-0.23778231802878078,0.26118055529755163,-0.3106015724611271,-0.14333300218097836,-0.345756506409337,0.2408207361348678,-0.10186508437943192,0.2789202498338874,-0.40457878044100065,0.24213648751625896,0.08186022113156138,0.28041234208585886,-0.17879910164112095,0.029889699428316208,0.18167328603154934,-0.2713430006870521
pedro,0.0033956362462504047,-0.1275687069615702,0.17707199144418484,0.010322636895878172,0.2922148174350121,-0.1568751283226833,-0.08046020876837674,-0.2113315065868389,0.27038034736577626,-0.30661150498979306,0.30382113420414397,-0.23980028910262707,0.24104042488492614,-0.06540408893458374,0.30534501438830475,0.05204614908112622,0.4661613922742759,-0.2347007370415672,-0.20854249906430677
pedro,-0.0038109202054803786,-0.01592743168171655,-0.02859143347165205,-0.20250096555936956,-0.003077585602362551,0.12218178954919721,-0.47951691795584345,-0.05369496508567504,-0.2892038188045306,0.1840207685311877,-0.3232534320893143,0.09017327411912303,-0.25774664069246533,0.079780041338684,-0.3031683916767416,-0.05495046335397533,-0.0013095591446622152,0.13407147567818664,-0.5425242293650576
pedro,0.004262343897063776,0.14058851131379493,-0.057105932168407536,0.1714384973717521,-0.18945164728625014,-0.0845525678606094,0.41400273258117154,0.166178987640584,0.23762117570238458,-0.005836522368973561,0.28368574988325923,0.009878008187115962,0.23138786908695416,-0.37136504638313017,0.29927379232087375,0.028139937091139308,0.4955982179955132,-0.035722088521268874,-0.1993793145873366
pedro,-0.014669357229474702,-0.1603918798523496,-0.2663429865588904,-0.27557393576548644,-0.30530779118980744,0.04542122232213623,-0.1986287133914645,-0.18879263568360474,-0.2940476885448555,0.02209666314246699,-0.33140835496476323,-0.03118148926229094,-0.28183434421997056,0.02387440532552179,-0.22574939672603705,-0.18048098439613042,0.11679051526937345,0.039010392332550436,-0.5296869074669353
pedro,-0.0001428462476108274,0.12938360219656422,-0.0831951708374045,0.1637410040417742,-0.07095803967020174,-0.04847191242366698,0.19136895199220524,-0.0880772601731198,-0.012686152122110075,-0.251765268808411,0.09563948766281262,-0.02621278321323546,-0.0773459996174164,-0.5858885942566747,-0.5565646453876474,-0.19050122582603124,-0.34064356841895477,-0.08951181337561336,0.07091681918085183
pedro,0.00280552524491754,0.14726928599987327,0.34755017839245583,0.46143331361752893,0.24388896747028968,-0.06527314721374089,0.18466584031504754,0.1866636463467705,0.2559406293069858,-0.051699190490062955,0.32492691805849033,-0.025195609354656343,0.2698135657779101,-0.16478793428386207,0.1814745958797505,0.365750890463519,0.2129119501829976,-0.10158547750090734,-0.12332769089670331
pedro,0.003069972969792228,0.25985223815713643,-0.14666102953523397,0.3711076689749656,-0.3445375215640554,-0.16233038387871718,0.3192728376807246,0.23827219529501728,0.26309286773558105,0.07059206530161895,0.13588147276952028,-0.009683590464158173,0.3136093597154102,0.20629733881946613,0.21688206657898493,0.24837160473252143,-0.13586667117536252,-0.1660582553452112,-0.28469451415054325
pedro,6.443645445855278e-05,0.24499103479396722,-0.24650314951387609,0.1046269747882603,-0.24639998194997756,-0.14841670958948588,-0.16878868797676352,0.25347265522539875,-0.23592898794341013,0.37775320449390754,-0.24681909584354397,0.2797386799379442,-0.22119381397421342,0.3924954135853098,-0.14145620659295421,0.2043883062413976,-0.13462599345472134,-0.2689773494575644,-0.00449194992357711
pedro,0.0007820244254281942,-0.13801133491098483,-0.18726446133705443,-0.3146408717639452,-0.39843430360713533,-0.03444230776883699,0.2056100434547131,-0.15822176076025182,-0.24753036341026996,-0.19332821477247103,0.21200702321463752,-0.2235499829065743,-0.2233121474780847,0.24267218054183876,-0.3974828756359346,-0.05289677590978092,-0.13262231092164894,0.10715729458655089,0.3570033743524267
pedro,0.0003678463298372103,0.27719373778065365,0.05003302525617692,0.19090699556116902,0.1866283356632179,-0.15621143194974701,0.16432940481364955,0.20588986343105423,0.29412473367314057,-0.08944840271996636,0.34505897669616314,0.002758481559008695,0.2686661768341881,-0.20293130529025935,0.34238759056921186,0.09219522691853713,0.44984886922566775,-0.13526710335766862,-0.28679467021830257
pedro,-0.00042114824427572794,0.1537670330464453,-0.020019904423399293,-0.2137739134994087,-0.09488036983008433,0.19929868612261914,-0.1073465208107717,0.3717095700604955,0.32726123716732614,0.28564781113927046,0.0775015146242142,0.012243000492767433,0.3188878550728737,-0.1552491622791108,-0.45046764381882953,0.22114257385516842,0.23621272546135838,0.27451797108362463,0.16798110042191222
pedro,0.002663058494914158,0.2437406364201029,0.2902841805431978,0.4216818966072715,0.3312973602521494,-0.10023609540974299,0.12055058920822463,0.2536117033115222,0.27469293877739653,-0.02729468786511626,0.2456616438546771,-0.00966947128829477,0.28226871785904534,-0.04323960424039768,0.2267491604597491,0.37806653036575505,-0.07740013800313286,-0.11587466484868275,-0.2188528522728817
pedro,4.617344200120219e-05,0.18567374476880652,-0.28940606757183596,0.0549523982007662,-0.27087121249682694,-0.11752264001632107,-0.1012334567195954,0.1985816969023298,-0.3007267865077312,0.36678135062320955,-0.25573102330791536,0.286375616780259,-0.29631415209962847,0.3132236451954262,-0.2574429487042636,0.18908153505344946,-0.09653676232723879,-0.26623680143674855,0.03698941675561845
pedro,-0.015995167160290532,-0.16585623702408414,-0.20395794266514403,-0.2546372782896438,-0.20402315017255018,0.03984892557361855,-0.01162499004357322,-0.15380356230509865,-0.17197323806742604,0.030841780325034856,0.1960715853580513,0.062411499564545586,0.6836181814290672,0.06423249379866655,-0.15345212614698986,-0.11264412487977994,0.07861874927619128,0.010554970791266782,-0.46064649326731155
pedro,0.19104929679746513,0.13633735307507142,0.3068282981881407,0.3530074823219732,0.27935606719169825,0.03818259483789148,-0.1487959093176462,0.19736587765202296,0.25501967199653974,-0.036873986915320185,-0.1667406696506051,-0.05501702898715765,0.40443284058564144,-0.10843932402209404,0.2088006743681287,0.16377038033042438,-0.10560415296137787,-0.04174147594263684,0.5159466047181162
pedro,-0.000669767683842462,0.09818933506129941,-0.06123282600943799,0.04744521446744555,-0.07240205494684226,-0.46982178260438284,-0.10767432332777564,0.09813959636840346,-0.1830840344336075,0.0645228709725006,-0.13108010370780226,0.17185613745657088,0.4636035095984244,-0.44827124846287036,0.318536686206374,0.18354742880341812,-0.11038322476201706,0.09506293069891616,0.2837377825900407
xxx,0.0008070484450249289,0.16892148611228683,0.22080532518063845,0.4712117863882772,0.14580919378245122,0.3439086093836692,-0.0622421407816617,0.02437259026293119,0.09600731230582828,0.5312028199054905,-0.07594687407363927,-0.06986088600233725,-0.2991511984454421,-0.33937624931764365,0.143095654620297,-0.09204912421316398,-0.08140169274629391,0.08855179034954361,-0.08087880149384312
xxx,0.011518150032249081,-0.26984086521652473,-0.24114968824544056,-0.024129926574942954,-0.26859838237857375,-0.2068828842124024,-0.11321424229611021,0.24667035113135505,-0.409927761291787,0.28827128551049364,-0.17133486074060128,0.2139813513960726,-0.19728782270978634,-0.045534230062898584,0.2527560423688404,-0.12149529319915149,0.4087861258424513,-0.2530920098632328,-0.052460872497397774
xxx,-0.0008934633837113646,-0.2804940567397891,-0.26199063151684965,-0.02416179352942407,-0.30069813016377817,-0.09406825419520945,0.5228145136854404,0.2783968475208549,-0.18747413410685268,0.29818039911789657,0.11144825154790555,0.3141145573490314,-0.12034818326865987,0.0703663318050188,-0.14814091433781174,-0.04894082915081414,-0.006253253217603335,-0.2904535081211289,0.19663932600664058
xxx,0.001861474830955291,-0.20652470856661564,-0.2234852241038926,-0.08914892810319713,-0.23949168480934596,-0.011511592607120515,0.39924107099295786,0.05402469592850183,0.05927189995996391,0.14028844546901117,-0.1819370243418092,0.1990338847185943,-0.0082349090913951,0.19989796267315907,-0.43450668300092743,-0.05969764967253813,0.4909186823555981,-0.21287858702686696,0.25502664130338415
xxx,0.003369088568472703,-0.1670583017483426,-0.2575403998451641,-0.10479771092414218,-0.265049483067992,-0.3709484617168071,-0.11260114069993642,0.3418127904152808,-0.4443517213947362,0.06696366084028371,-0.1860124902531268,0.2911314553026428,-0.20559821891956737,-0.15867316776560397,0.2754698022557213,-0.12437453124929472,-0.16959348249404527,-0.11550502512671748,-0.18766556121512926
xxx,0.0036398776085970826,-0.1162945240639307,-0.07475004703246713,-0.008283637853848561,-0.29101909898834016,0.15881633741418585,0.3780929255890281,0.0883920726037248,-0.0024741410626685396,0.08272481437765947,-0.08140177156521594,0.1672809298913499,-0.00012331586037181438,0.12610588282725058,-0.3749556810871059,0.1566516903281034,-0.07816532029430309,0.6546964617043742,0.25081279747131363
xxx,0.0022926099047989395,0.24429629072182524,0.12189498087024164,0.028818365458599456,0.22001308169796815,-0.07682445424769342,-0.12009526191716506,-0.37478438209471215,0.1694950009016625,-0.15333483653422586,0.24668935379884713,-0.13423506678368607,-0.21052273716295028,-0.5009681394639101,0.1922021634478881,-0.16005752134827686,0.35001928541745086,-0.08505852173957938,0.31100519025830975
xxx,0.0026763724835923383,0.3748094220722073,0.18728019649298355,-0.2354318603967303,0.3199557775027833,-0.5547511477959972,-0.17886503318407823,0.12059111846073618,0.19455745635729166,0.02049413204264304,-0.024332529207819642,-0.2640847100777692,0.2610470527495898,0.04140835147668586,0.17240764431111152,0.27701802025951616,-0.08522232234776528,0.042790291859788915,-0.13541618593900634
xxx,-0.0001735295301942331,0.22443803020278152,-0.011918611161307682,-0.07939258926878412,0.03243202375658786,0.030065063595843232,0.39734439970481744,0.31740141416788026,0.05368833992362189,0.14050589834921257,0.2574483785615547,0.21182912856584682,0.614517561362914,-0.14651875884313717,0.29099759204120995,0.11331738860869564,-0.15919516326414931,0.04450435847167328,-0.15773718819871488
xxx,0.0012250489571460788,0.3642776261678117,0.3413193180283449,0.3357803751540246,0.27090053537310016,0.17461410140493008,-0.0893396346563799,-0.2730967774304504,0.24505752206940695,-0.11690329319258776,0.29118783854632235,-0.2703909618195593,0.17210594881318036,0.14106263723476498,0.14065160172085653,0.3588226268631323,-0.03695734914458809,0.038181023959120125,-0.13825107052672314
xxx,0.0024995762497145107,-0.2527410739625883,-0.2692789467583243,-0.2598838602865248,-0.22825842820360817,-0.14669277448041995,0.01630029464774574,-0.18831942515215017,0.13596044865333787,-0.18616194526628183,-0.1579406591137363,-0.10742252807155289,0.0791226402463489,0.3611351473613127,-0.507015483245893,-0.3105679422507296,0.016957086727779968,-0.2123625850761608,0.24801750523899257
xxx,0.0011689970662508867,-0.24664787328028176,-0.29683359151022615,-0.293849974936077,-0.2462479054559767,-0.2967047809962159,-0.19796680344932563,0.31360979214470214,-0.30837361318418677,0.08562515395432442,-0.21713755171473473,0.21705806736376956,-0.16918342446199655,0.07623092593791844,0.06590289723775994,-0.19412849873855026,0.3956501757867744,-0.22019493339152693,0.017779993039091797
xxx,0.0007300389686496308,-0.20326927459830227,-0.23073514906904646,-0.4110337298973982,-0.22416097534135307,-0.2601873860510582,-0.17869943261287086,0.024917027622437856,-0.028317229383460974,-0.10086021371896024,-0.14467767380290517,-0.0013733216455233256,0.12504879710648734,0.30381698341144325,-0.3369600993907688,-0.5018798493528341,-0.05810249339055384,-0.21760790651453957,0.1731747227968568
xxx,0.0021001494782454163,-0.028510817226652104,-0.21137298414476435,-0.2769862530781047,-0.22697944992507726,-0.37912432364710086,-0.12926782928999375,0.36300069069870083,-0.40823714298606895,-0.07289959243421792,-0.0831657930049892,0.39199733437184,-0.14303678326975827,-0.08184955623649491,0.21383677195686862,-0.26365759181478715,0.20982799115901735,-0.07207074825583783,-0.09939767848532079
xxx,-0.0034022491199929036,0.08590040425252796,0.07921432511360382,0.04431717667164058,0.2838830985739872,-0.052429555362812685,-0.31997640697627644,-0.3397208514152891,0.2527142927200857,-0.04099345201404915,0.09671925525524748,-0.2952055737101622,-0.007549148817659502,-0.3373329070553651,0.3468447073922602,0.08073501555825617,0.1516003694937608,-0.48022503064039296,-0.16411587863816993
xxx,0.00763764245991598,0.1766540085361714,0.04804849910734954,-0.050916279369203496,0.21027906063353052,-0.049178236022867895,-0.11192301550663732,-0.35291701337905756,0.1411548058104916,-0.2065448582213741,0.23832391377694645,-0.03956077094469298,-0.3285924552426555,-0.4450196885100056,0.16097347277797022,-0.12432678530745564,0.32822204757383944,-0.10428442794241778,0.4395911574138469
xxx,0.009478861417608798,-0.2318299292904985,-0.21495009415778926,0.024553716850813787,-0.5090460452774968,-0.031147609774807395,-0.35621262936972636,0.047952103847557145,-0.32602369172825335,0.0776042994979451,0.055333489339709815,0.33307448545888174,-0.401233630457178,-0.08528434312103507,-0.1694417880167943,0.07136680196158605,0.17207328017359577,0.03961510315397589,0.2249558317532721
xxx,-0.0003687871660593978,0.17287255444193972,-0.05091596288251424,-0.22797462609901073,-0.24873378557715978,-0.32613900468414164,-0.21548498862068505,-0.3104859802594592,0.17152983095578173,-0.16273682631703176,-0.13085746247665522,0.16656650230556702,-0.1935747730688555,-0.011924379465202008,0.34197269748244513,0.0821340229573416,-0.5476491495500035,-0.16595929226084086,-0.12222571831662223
xxx,0.0008988771821828222,0.4251146027739649,0.3334114394920522,0.24183164947425562,0.2671161993141141,0.10237880223743054,-0.17092187315062254,-0.2001354746137667,0.24081992014460585,-0.16115205684157025,0.26134146524865387,-0.3057597291460081,0.19082760464451062,0.06203879186802523,0.17856137707375577,0.31171079155167847,-0.1555112057959063,0.14825169594743987,-0.19314295022606065
xxx,0.00029847699106788026,-0.4376308768107491,-0.3507147510088595,-0.14794433438832674,-0.24488415044024067,-0.09793758070628224,0.16552684571676607,0.12875944571682857,-0.44035446922121335,0.299589305083724,-0.2631263152239407,0.30064741621952235,-0.20302059675185674,-0.12817002636061525,0.07529991697023833,-0.11652599424609887,-0.08632388428613914,-0.1469792961181301,-0.02854011278454245
xxx,0.0008167121727142327,-0.4036075297510674,-0.34009575911806245,-0.17032918729351257,-0.24431720086719932,-0.162848017263291,0.06478387634597635,0.10284174162092917,-0.30678412984751857,0.1600504178613443,-0.23593721932034098,0.3083463905413721,-0.18971488159816985,0.12551106937708942,-0.3019870595483966,-0.23903265809364907,-0.1412007673719294,-0.2566540687089298,0.18728861095170615
xxx,0.0030121427080353497,-0.3210138723654381,-0.3591750927039845,-0.0825617858072123,-0.26784023401337775,-0.17290922778676462,0.12260716383902995,0.22960860855354176,-0.5251600695516199,0.06844348046540777,-0.23160691377099835,0.2598459160597917,-0.26800300423510287,-0.025923130065998078,0.03848518833813541,-0.3032375134621768,0.0024820031164516474,-0.1552898502457939,0.006796238375675341
xxx,0.03231665047925677,-0.2811597984102877,-0.2742129559444056,-0.02639872671671263,-0.2194290580653498,0.1113855626692988,0.4096350309988364,0.18099938244450842,-0.2698432233074051,0.0059134782600037995,-0.1968726607310961,0.22420997063444437,-0.17177360617043128,-0.02478970118287708,-0.36197868310343556,0.02602040498947311,-0.12057004128621963,0.4197216475707888,0.2636911524820198
xxx,-0.022164816271166666,-0.2735135835991417,-0.2772005120072787,-0.030925134911629525,-0.21634787437053357,0.1679366467812309,0.4016332429618814,0.15649965630923893,-0.22276691850461108,-0.016958443029372543,-0.18572727271671977,0.23501014261983505,-0.1520003107738245,-0.03809853913325237,-0.4911544826056018,0.1525448384924712,-0.12540118227259364,0.17460538048142174,0.334178828727173
xxx,0.003562043027716479,-0.2227184316085402,-0.2451502880575398,-0.06923963664386469,-0.20931512512560344,0.15742094266142093,0.38077758554022534,0.12649708880819183,-0.15033768788096386,-0.05061278665758136,-0.16123121490874526,0.21714591054117122,-0.1112238275513353,-0.04147878569897132,-0.5289613103211829,0.28442298736083854,-0.0782553237874037,0.2899909082476798,0.30430111729188153
xxx,0.010219549367901579,-0.14046181719667652,-0.24478841000677065,-0.09466451486942586,-0.3196609178599123,0.09477007101815882,0.5223401560439558,0.1784565511677443,-0.08028875547938089,-0.10609522671155351,-0.1965657845277007,0.2803124933829625,-0.08138222572794325,-0.037213887397347024,-0.26434937452158225,0.4690863748246479,-0.11135525957852721,-0.19883525153658968,0.10370921278284526
xxx,0.014433763144201707,-0.2038260373377826,-0.02728842928964036,-0.08915352516567676,-0.06656574819336175,0.025496693112417503,0.1638799950261457,0.3079851680987129,-0.21524744086509276,0.23606246452566995,-0.15331781963665142,0.15414943174222187,-0.01530226312066329,0.6194058968036751,-0.27786898385085823,0.017814051136342157,-0.45009038829111875,0.08735106765887762,-0.044789371051382997
xxx,0.006269912613768327,0.18801976739433976,0.09329584347899811,0.11185473775382174,0.19818772865529935,0.05081373102088024,-0.1088551541404483,-0.37678275964509367,0.13887984291605385,-0.17371635155160045,0.22319334187496911,0.04425320808564815,-0.2990173208291035,-0.49713707972426124,0.14690598425243367,-0.1715969440861622,0.3069612591421754,0.09435440371795255,0.3947249537557262
xxx,-0.000641151817699125,0.1749701436323243,-0.07269187445222426,-0.09417158738116158,0.04304714512637663,-0.03253166939233324,-0.15775354943915038,0.22573298767726874,0.11827045251954267,-0.09334891443488373,0.46150747616362636,-0.11987851424209336,0.11148729496566973,-0.2458828263885577,-0.10620144934452755,0.014226163322251502,0.47791911667846665,-0.5600315424229684,0.002696320234294852
slasto,-0.0020110807109082448,-0.010573795844268824,-0.42369950956681174,-0.5556003557041627,0.00887667226466828,-0.06149957672361582,-0.06421567327059624,0.22784692327222955,-0.18539524337961535,0.0506920321011244,0.10776267584528577,0.39238577349944415,-0.3196174292903913,0.1374804387621074,-0.11834882093764176,-0.27979768883204764,-0.023592691983368313,-0.11884916845895106,0.1456870915814681
slasto,0.0015047590762073228,0.5539364118948613,-0.009430287989915964,0.2801482439749884,0.06356762504462043,-0.3753233421046681,0.07371126328419905,-0.21231110399101608,0.16153109045253758,-0.03162036926571887,-0.1018454692661039,-0.48000275728943365,0.13393804120729008,-0.005378095220915457,0.10951028398586922,-0.06707972426638416,-0.149993409089187,0.16258748191532174,-0.260584265170457
slasto,0.003350537750886174,0.3527038296259503,-0.04449329182704498,0.1772147268865874,0.06776535107052789,-0.2813485513746933,0.07759191117841067,-0.07806933809822833,-0.020554983809428194,0.04503307695023312,-0.08480904127761836,-0.493133685393608,-0.5874938771285886,-0.010847332265776196,0.1060748450235074,-0.1193011667745348,-0.1502190925871434,0.17615246982092436,-0.2630211006210326
slasto,-0.001095327288432223,0.04723840907315551,0.08703678280514293,0.06147528860120108,-0.09480773067976145,0.20494211885761662,-0.10700456770864762,-0.43204197206941514,0.2848695369137462,-0.4168107625382114,0.21132087845827893,-0.1336061209732731,0.1205166642535446,0.008244728986552983,-0.10702398305570333,0.2857124630447734,0.18936438586934293,-0.38772897121712574,0.3550412832235719
slasto,0.009582864927350047,0.07492637170855254,-0.03651015753623965,-0.08609711904863677,0.0643520351079492,-0.058178267507786374,0.08236622254428173,0.2750020893484237,-0.11179658054627328,0.3140482056235023,-0.1500411121621498,0.10661193602099317,-0.06425969156336508,0.10603281551382908,-0.12914349000291084,0.06179286768589213,-0.10534329359800812,0.3889806001818539,0.7432557574221431
slasto,0.0008653839474726532,-0.45676283402810935,0.024330571569515673,0.16076559384971373,-0.08200210272940306,0.07574715359579551,-0.11660421934236724,-0.38184233896302383,0.23038743662802774,-0.41868910338049403,0.18099493663183092,-0.16374686378310482,0.11223336508903196,-0.3004149696336053,0.23335925118115336,-0.2999587558640061,0.17366166581648645,0.03279883642997915,-0.16311196927939048
slasto,0.06986044127546505,0.3682710994208551,-0.014120558178415255,-0.05823557470633633,0.054840139661131604,-0.09966947560524342,0.07518872612403445,0.20485116030036501,-0.15070547738370663,0.2402543601308126,-0.08299301335157995,0.11157062288537196,-0.04698357220408307,0.13417032263058384,-0.054845452640950414,-0.024713934880575678,-0.09576306520659446,0.3137822631055958,0.754320149270316
slasto,0.002121053451133878,0.3708491496983853,0.015195280960847768,-0.019933973111902325,0.04956352668984441,-0.09800526086147902,0.07361181087103226,0.13453234195543134,-0.1261469032983719,0.2044244144317786,-0.07763701600785246,0.112843993568,-0.0427428535556448,0.09596304161139893,-0.016608007680035335,-0.11588105684910047,-0.11060822740052377,0.35899058222102304,0.7641670291596858
slasto,0.047941071803761504,0.6013028662739348,0.06257629170830291,-0.0013572518582028353,0.07183708946857331,-0.16896116839418462,0.1179014462881744,0.1585910754074604,-0.18570267447789782,0.30143063583199503,-0.12905461247388775,0.1910402875714239,-0.07750274199928982,0.11674722525638392,0.005908284916441192,-0.23097823666878461,-0.17888011510268978,0.47889486749417565,-0.22113044916599153
slasto,0.00014946057034499985,0.36538644192747854,0.1591838261446249,0.019358664102307042,0.049769759726570204,-0.19329160385411046,0.10992888537602276,0.12866638467962774,-0.2922898202987788,0.23894796675096897,-0.20955094069969055,0.2035009217566216,-0.1654173134228854,0.07778965008268023,0.03090323615402147,-0.3088209334991957,-0.18438677464638625,0.4361860167984475,-0.4364063660026859
slasto,-0.0015790033722010083,0.0002892891854377821,-0.07317488110858261,0.06458182637780059,-0.040667594165107526,0.09536388489895152,-0.06748544742737078,-0.09149029316701456,0.19036999057517345,-0.17103193965874747,0.15502732057048996,-0.11337000258772763,0.10509010049424887,-0.05392815724711345,0.014571350619215651,0.20956203755759292,0.11993778580601738,-0.26344093102015237,-0.85003283969256
slasto,0.001295084460741177,0.003174191531784325,-0.2610553546253034,-0.35791242293877096,0.12803357066891094,-0.02623024102119586,0.11112306845174647,-0.09021198580147266,-0.056219149884634376,0.08319635397887576,-0.18903074683252452,0.12481874278134772,-0.03568225830282685,0.2836787899985206,-0.4167654820245911,0.47650486744631265,-0.26531057474359626,-0.3243909969317819,0.21601051201579405
slasto,0.0013688554631480566,-0.5215127469957017,-0.2590131901149543,-0.2255011505668595,0.13460573401072418,-0.0773552903704046,0.0964549228506794,0.06061934829193373,-0.3851266082841304,0.2894394093727609,-0.23145774797571378,0.24396277528172003,-0.15623731159749363,0.13157526340035006,-0.010227343325152008,0.21052821066303448,-0.22361349189059931,-0.28677843986968576,0.09707270103576886
slasto,0.0001651008807966444,-0.4448533138361368,-0.23042166266700626,-0.384224605899489,0.11918265843894346,-0.012039735020345313,0.04283256473616053,-0.12397919661840011,-0.1253860646471838,0.1308879593221145,-0.19150122664186575,0.20755825204325207,-0.004642054863702405,0.15750418955502687,-0.3630581113110473,0.23255739759133404,-0.20983588858634616,-0.3957470850675434,0.2141292309195117
slasto,-0.00044185008235707584,-0.2177473135927594,0.046004658012748556,-0.01598919575406385,-0.05786224336262878,-0.29849113648753567,0.7408106541021,0.09292811618171745,-0.14570360906294486,-0.0684896558549302,0.10323069227884063,-0.030108974558991395,-0.09607018360364385,0.24052269121084827,0.18541986389079937,-0.2363076264054968,-0.29992278023443886,0.03126117880120545,-0.12089691925306122
slasto,0.002356015028032597,0.24179442951845953,-0.1124070104387298,0.08193754573046502,0.06708480814151398,0.04150801928885067,-0.07862296689468086,-0.20016027982957024,0.006412935762292283,0.08733105201872662,-0.045645514617206596,-0.03458849988768669,0.13814600477365174,-0.5759676692311441,0.17078345380387333,-0.5669541862667632,0.25554185597228,0.29848487365097875,0.05429247680934362
slasto,0.004619675496586819,0.1592312911971984,-0.13129636044751547,-0.001555390782361904,0.08029180227653233,0.08712535977522913,-0.7406144162869273,-0.2941072844840221,0.15381125141660057,-0.013054253287620438,-0.042530151391856105,-0.1152255790101116,0.23090293779814072,-0.23854260749977968,0.21479673419882278,-0.14909579780963086,0.017190642452250562,0.30076000164082944,-0.010282837336964251
slasto,-0.00013171175613563367,-0.2493956925694364,0.1843031189537848,-0.11308561056670521,0.33981667864765086,-0.4972349316944187,0.27589096819729375,-0.016540088737511893,-0.13958846949775994,0.12304557304822586,0.4291449490651261,0.3391715637631964,0.18881971845656445,0.25447524592319776,-0.11395824035742042,0.03476612808571332,-0.0570562246285372,0.007669463139611865,0.013806337599371792
slasto,0.0020490168562861,-0.06941964859269364,0.40194269336066846,0.418675310974043,-0.017365971897737174,0.15267632777384685,0.05455565173854123,-0.020144173421660454,0.3182604452270625,-0.196436254350173,0.42913251569904043,-0.41932564291034213,0.2205274487985706,-0.1364278578388609,0.12674526817644458,0.057291370656938796,0.16500139484078308,0.07438866365249666,-0.11010851495733731
slasto,0.0022133676794190934,0.6238293494959131,-0.06716473188774663,0.17314806194236643,0.07769728538866859,-0.38067695433294996,-0.2641871968358844,-0.0037623922280699304,0.23636432712729852,-0.10312078683031514,-0.12577004483259158,-0.32282996147716436,0.18192004256437586,-0.05296968622077473,0.16415560487220385,-0.16319362727779171,-0.1821968505308637,0.06623611292269888,-0.20489665859023845
slasto,0.0018702382460154753,0.23109170298090248,0.046026445679236194,0.15352425970758926,0.0756377076440904,-0.28070448866803077,0.11544618889816124,0.3907312960240639,-0.2830299332878462,0.31795799644115164,-0.24737498471468905,0.2398529905953255,-0.212710902587673,-0.040556193649272924,0.1953389667942188,-0.30612417067771863,-0.23406151604851036,0.17517818956370823,-0.325936093209979
slasto,0.0004242883452724636,0.07413068777597923,-0.2293402393663342,-0.2266470190863168,0.11499588769790375,-0.14712831265392454,0.10014666281226113,0.1069117782873744,-0.06113860656178918,0.09030294672348955,-0.1664409259413435,0.12679690425532267,-0.06408778762126424,0.39836388568304076,-0.36968800586715944,0.5429502998010151,-0.20875550841567714,-0.31386004911110077,0.20538667664401072
slasto,0.0006855526243706295,-0.24057066395078094,-0.30403274241828526,-0.2578032359409009,0.13234500377020564,-0.18497426769777556,0.09159726901127146,0.3086147245637756,-0.32285740087768466,0.32669058790873023,-0.1612937239471674,0.19242074742107548,-0.14451666677113623,0.19512866595577985,-0.21872086609182337,0.15603903565645902,-0.19409590754226508,-0.38925284505953683,0.18308533598348012
slasto,0.0004009732591785317,-0.09849809569613438,-0.3285537206154612,-0.33413091420576363,0.10470481510537755,-0.1491293213533787,0.09901419848184838,0.04333363483753423,-0.173992735761554,0.16687766603091642,-0.1729806669787345,0.22636203297407348,-0.11099926452289147,0.3332371509063106,-0.3539508234016872,0.36251312817638964,-0.22323827610086086,-0.3392205367636277,0.20388340714849226
slasto,0.004702569942194823,-0.07898864416770726,-0.2739020104982094,-0.2103832285632336,-0.7644696811235839,-0.10234061737153137,0.06347229425543428,0.08526188821441906,-0.09333288119391316,0.18358488203932022,-0.11147984628597025,0.14218901678270954,-0.04626072828059863,0.1196623395446826,-0.229549451699457,0.06405024821517674,-0.10322506255697024,-0.28459614508056935,0.16830555456055837
slasto,-0.006994801785127214,0.07633119307783312,-0.3252003178297107,-0.3494363484746517,-0.14224599600069698,-0.3009325492380309,0.08199571679271515,0.13858612513106047,-0.33294260661968134,0.02219784965456735,-0.06727655380244839,0.3787906866278851,-0.2063373465619254,0.31199838253086737,-0.11621211527088514,0.3716356391868339,-0.18018166370637295,-0.19656035352818638,0.0871720353028361
slasto,-0.004711885796327727,0.10508636560919882,0.21741864695685642,0.18574763167032354,0.5294937698673189,0.30748561715839107,-0.05144957223562638,-0.3522688883229725,0.45107703222343487,-0.07514165011417517,0.028529431101149326,-0.32409946644806353,0.20355144474356934,-0.07613179956357519,-0.17963676577049542,-0.07503516912285896,-0.012118044312286894,0.0559610770532289,0.04640900448532747
slasto,0.006402243771744115,-0.26396663190210445,-0.20929450059071797,-0.08197053005512184,0.11087801255188362,-0.39911395506111835,0.06110665489314992,0.531931211593921,-0.4868200960606177,0.0875114717591845,-0.04347655731758367,0.234482205663135,-0.14280822540574098,0.09654595751048813,0.26778999772007156,-0.025972076896700134,0.013833658874674182,0.028366236535162032,-0.1300230971906068
slasto,-0.006713987877278432,-0.021841582037830654,0.0029038568552866018,0.2254541616257566,0.052546035111294645,-0.06544267464216297,0.05491772010423252,-0.29790158760243984,0.22416122142916783,-0.7124601344377314,0.3690382398792537,-0.18784040906385513,-0.09924371632374597,0.2777614101083453,0.08246616572860585,-0.06835710193873275,-0.10448547728277127,-0.038583966031323684,-0.09838109062700183
slasto,0.0025014701417165356,-0.09443979087479519,-0.0397780261380577,0.18126521545653587,0.051032901727037124,0.09212933001633127,0.054584285043492234,-0.34294835581815486,0.12205554912306457,-0.6368886595631986,0.3604331171998284,0.2071418290930881,-0.40106548438834677,0.18214471027077128,0.041231445693490465,-0.07651574546687867,-0.07257962438197317,0.06050269588306901,-0.14525421826935803
slasto,0.00011900300030978296,-0.008229175098416431,-0.37065206104499765,0.047491108195425465,-0.04427606690010721,0.05391267394895111,0.25391118990545664,0.4426283077166323,0.4495593078977664,0.4359909902945693,-0.13667084281929814,0.10162834134609881,-0.15510108960652844,0.06850665504312693,-0.14903347432581254,0.13217409168693445,0.14426386957409726,-0.2880951926627465,0.039949123351462786
slasto,0.00015830055612897566,0.42933652744988077,0.11172357616407103,0.30468316521331096,0.04380865503125214,-0.2019451415797788,0.05234173044574614,-0.22646967954871347,0.20036104114049794,0.09465529508554395,-0.09866838880965473,-0.13923746464848386,0.009232514228866093,-0.33388141758562667,0.3058585808453108,-0.2806815639384993,0.41337353174479335,0.23119494803789542,-0.16485696681060158
slasto,0.03562841663758353,0.3640851900040851,0.023339113189430005,0.14982667287651497,0.04997080021439072,-0.2141647054406939,0.06446299728534775,0.034052545392023695,-0.0693167041115143,0.06459559439290831,-0.031296539193567535,-0.27650313614950056,-0.4987329288193497,-0.3006237010974169,0.2864927591582441,-0.22993298611955035,0.4157705301069767,0.18158017795445683,-0.15641867128083342
slasto,0.0025041214882237173,0.18651241599743373,0.03802549257304433,0.09613448496752307,0.029070896426693554,-0.15448442639927792,0.04556245913078544,0.23126774998892666,-0.25202586521842535,0.12357703217204992,-0.05575664866213616,0.18060246540580854,-0.18163211937836393,-0.370703932669174,0.4034493963199337,-0.3105528152044753,0.4002232527321976,0.33514811706412406,-0.24002227229871592
slasto,-0.00029683132326872473,0.13691295749889165,-0.27926280616096166,-0.24153013248189514,0.02456310277394426,-0.26134787023774614,0.0985089299274695,0.4149809615229773,-0.24397277084105684,0.15739652549591324,-0.18094912268676316,0.18307726988450354,-0.10406732789455111,0.2813744782969165,-0.2745046450186522,0.15603282497551885,-0.19691564540215623,-0.41714346789870493,0.2026566450347823
slasto,0.0007743147579054469,0.01351868026419631,-0.26161002168181896,-0.27163430588106563,-0.6845227559373138,-0.15223985900588224,0.06917866814447779,0.20614809248231417,-0.18272974919659968,0.06451174317857791,-0.09911200232694618,0.15014316469057845,-0.07085711414467773,0.2553069117691773,-0.19634508522699523,0.18164851895810472,-0.14690615000487986,-0.2586759360825948,0.13564097740605724
slasto,-0.0004970682502389828,0.17736335836684175,-0.3186774726114163,-0.41376135160207583,-0.05126561975224457,-0.21723161618704073,0.09234994688295413,0.2956003176755681,-0.2184837340515036,0.062423578988488666,-0.09351493137489457,0.20510237120355093,-0.10920392485117393,0.3350313300649347,-0.2894410760164247,0.24081399006407517,-0.18146311049602698,-0.3211869826326382,0.21351777422597146
slasto,0.0034646688510705536,0.005720713187270472,-0.20143796077114706,-0.19295300666934156,-0.5733892310121593,-0.37970688246375617,0.04562848637910239,0.3873171230825279,-0.4084032551776867,0.013590759814352699,-0.05102224616843383,0.14354816525667838,-0.10113430267169024,0.07717797475717844,0.20373165379158106,0.006964610711353298,0.20492953407160566,-0.056569594195758834,-0.06314217128453148
slasto,-0.0003455088961550778,0.015867632124964753,-0.0581419454053515,-0.2589783311046404,-0.036535244330150846,-0.13235836077488808,-0.04722226443887065,0.5187321277432801,-0.07745385905104944,0.5665269382408541,-0.24647123452216016,-0.14050889903779604,0.3704777618424062,-0.23681205971801642,-0.08779021305823119,0.08659892601985594,0.09181905570899761,-0.008269683775442484,0.12103468965945877
slasto,-0.0005177045650452363,-0.23938182932268823,0.0541717920660702,-0.02914265588058743,0.11705976256295395,0.08580810821785768,-0.22143200239113475,-0.06410773395213389,-0.35782231115634644,-0.1277994466432415,0.21506521053896022,-0.04748101811758483,-0.011282326658066284,-0.5805902733964723,-0.09963785329889088,-0.533271205839625,-0.17065814511092084,0.09632053436087164,0.04367410896036955
minestra,-0.0015807241384850758,-0.005768800321772723,-0.25261369908259096,-0.08130490886719295,-0.1452461379957467,-0.2167717889907794,-0.026263978303866054,0.2904046111510184,-0.17728743154428336,-0.03285398410052942,-0.44060331179239476,-0.18079760432612987,-0.15211263025925864,-0.07923022134954208,-0.15325240369716453,0.3392761211815774,-0.03730822945293617,-0.323043077933399,-0.4932982851159043
minestra,0.0039008789140738717,0.417214852388514,0.01449063806359785,-0.12320205397331159,0.15354982813461585,-0.14182924676758757,0.06322201190758739,0.28879031590402654,0.03256899306090065,0.413822692177155,-0.17575164348133177,-0.04416454427196212,0.03242160883373837,0.36200989444718357,0.14719186282665755,-0.41581755404705784,0.2136190905730099,0.14215567566797477,-0.2859905974004045
minestra,0.0013644438654412635,0.5083398892974257,-0.08618808515859167,-0.23610777418255585,-0.14324275966115554,0.005185284222228891,0.07186100816605721,0.22013249295648202,0.08123258083360442,0.10827509912427018,-0.11021687709615731,0.0358738756398415,0.02124335531871165,0.5821786301781292,-0.3227936250094379,0.1628601990589947,-0.09985515845138078,-0.25216906207751394,0.16978803386925112
minestra,0.0012393677432351539,0.5282301689947607,0.1120295543510551,-0.1456822375316301,0.2801345518502717,-0.08232020620875119,0.07637223649894338,0.23735984954191455,0.03552270219394558,0.09210279301394475,-0.12181134387939759,0.09843070854995657,-0.021784701294718798,0.49607982578370174,0.07280147694215515,-0.35573315588445936,0.2841452701671875,0.05219614969146409,-0.20886427572323502
minestra,0.000260347302258783,0.42137089640434156,-0.1898299059420987,-0.5069001839149512,-0.26719578671090677,-0.016320381560851558,0.06523788533129937,0.3073786790300285,-0.21827494656271051,-0.10448851762883782,-0.05748976795480491,0.1354799020841245,-0.19511272500825513,0.2871383398337393,-0.25617990995956486,-0.03526324801183383,-0.08989573851820593,-0.24089280230183424,0.1591995296143731
minestra,0.0017991338762131728,0.28609731168678254,0.1750215035697913,-0.08780980023150457,0.2669076638964528,0.026940320271431794,0.05576742855701712,0.33948124851166855,0.39625243254615916,-0.35662974872208925,-0.035030233453300016,-0.40960289147131884,0.31044082856887384,0.09279887766873599,0.2384900788176906,-0.2632600862660699,-0.0034593252378715147,0.03378345435486309,-0.06291264842421265
minestra,-7.582285321290729e-05,0.452919471277016,-0.056651215411190226,-0.44857165352273326,-0.09592072985339262,-0.046563361471983554,0.07083510648668712,0.2499666869965576,-0.042653750032244954,-0.10910408344897925,-0.11311666465985774,0.15383219002041829,-0.17626541606657867,0.46970751077390416,-0.21658284306643827,-0.006935374499358883,-0.24626556818041484,-0.25978065805482786,0.1860156386264757
minestra,-0.00026764207035692846,0.31511307055988613,0.2660206150184482,-0.22586231419808833,0.13128187559206156,-0.22823644372927915,-0.42746303187763296,0.1868249894641962,0.20573775328483906,-0.44243033090022943,-0.04013046578975829,-0.33611070979514135,0.19822705402369595,0.26100649858803576,-0.031885405496926846,0.0077590646862604066,-0.10837578503893502,-0.12836172448596325,0.050962808890766965
minestra,0.002105217877733808,0.049323038706815515,0.4529900829420954,-0.11324629165651622,0.1580217066529982,0.37984256323319165,-0.6334255113716601,0.1318013682139869,0.21361170111809694,-0.25657450014488786,-0.013812679345500555,-0.13062365634711792,0.21313544681804464,0.03418391798062924,-0.04808987036958562,-0.010650510573600808,-0.0990525727973987,-0.039562617111965036,0.050794535276008364
minestra,3.719467724268288e-05,-0.036410345989649706,-0.2487748056911721,-0.5093731013332947,-0.38737527975889563,-0.19864069763296816,0.07763061682128088,0.11669683615541529,-0.1267881478518593,0.09086546120760178,-0.17365145643240595,0.03124723393556951,-0.23644612399588372,0.1702673767605438,-0.12809053613016513,-0.20390575624531396,-0.22469654557589994,-0.43043698358577265,0.18453188656561456
minestra,0.0006596053715011823,0.005018378684040355,-0.21172427159451468,-0.3473574256407168,-0.41716176631191826,-0.1377587873963288,0.08312916746670361,0.02971856034149803,0.0145184614362227,-0.13948286245667935,-0.127214257026406,0.18357983246167967,-0.30985839646094354,0.29470273046075374,-0.26250688275519585,0.17784523133944127,-0.3209572967200752,-0.3683335625997079,0.2050858407566706
minestra,0.0012983477142780313,-0.13459692708082327,-0.10476933264167887,-0.221644562733493,-0.34261774900671316,-0.5260742449269374,0.07285398284512526,0.41448378069317726,-0.3074251835074528,-0.11542658475840596,0.06597080374341151,-0.0905788917127411,-0.25964227773792364,0.0879162910722486,0.15808264649729678,-8.453992485309982e-05,-0.08185575693565776,-0.3474035854037068,0.051203965672466656
minestra,-0.03983972445945765,-0.019423176015274324,0.0420653114675861,-0.004253204343446175,0.18113700128895593,-0.01060263193050688,0.03933128051774175,0.09275965752130277,0.31118701665079473,-0.337580877816409,0.5165954240081835,-0.41527017121049786,0.264230985417634,-0.21372696462142005,0.28088832209934456,-0.16278538879660157,0.22016015394851227,0.14392263283055587,-0.12068012569705552
minestra,0.004659947470412724,-0.015217206032303952,0.051382608486104375,0.021681927365518373,0.12783269597041078,0.03723896408120076,-0.021088653911170544,0.004194589856252272,0.18770740412919965,-0.2843339117851087,0.4025691236751044,-0.2674630537569408,0.21152594944141176,-0.22162308286296462,0.19987125621733207,-0.19847508170075406,0.6402111042076801,0.18084248414333576,-0.1140811509254876
minestra,0.00870456859860113,-0.15346578102789019,0.12759491598511674,0.03242239512773737,0.19091715391505418,0.46330592061754167,-0.6019607011532934,-0.17572940606001328,0.165695117888796,-0.0591327574998253,0.022886266614390118,-0.08220487846697015,0.26615390678128836,-0.04111115925335792,0.2241143321856647,-0.19424329448392855,0.012758566835343764,0.25011022559560625,-0.2309561191301685
minestra,0.00013541578198511566,0.21846855973373994,-0.22903947351035414,-0.3203099592099946,-0.27810163171868424,-0.173307219243012,-0.05968620962250264,0.2661306339333627,-0.25665311404685437,0.026413869112999904,0.014109813631424032,0.14921763394857643,-0.3413364044097996,0.1754302796964158,-0.3214227362004315,0.2079116085175355,-0.06057817036308882,-0.3351494862273474,0.34146088877141045
minestra,-0.00020867684160108307,-0.3162553794147184,-0.011609897892557822,0.004294219902333345,-0.14661617909818836,-0.09473413999314893,0.017758406418971716,0.16511841915630834,0.47432341127511524,-0.07092739661885614,-0.11027864523022374,0.044313307270615665,0.2416320417103507,0.4532811467333354,-0.22040158160392564,-0.43752684864469293,0.2738183446311085,-0.12619817614787882,-0.053680908411567606
minestra,0.0016144140495765378,-0.23271572058601192,0.24442345186222192,0.22537852515750195,0.1900960815945179,0.1660948433086346,0.02405044613741995,-0.3406964403521637,0.18491285415001285,0.051403957889484465,0.5708185498499477,0.17607162813891222,0.1698237980670926,-0.1884769100284346,0.2091949063882037,-0.213024479895034,0.07220534888115938,0.22786947839471602,-0.22497711269687723
minestra,0.00015486439039205565,-0.08716923642292083,-0.28323588027728297,-0.026917995543151524,-0.308741748693644,-0.0317070836241679,0.04744769945353417,0.05072721224148226,-0.30037289460081756,0.27337998147595854,-0.12482497399254025,0.21206046963501946,-0.3417787740589519,0.06340608111088747,-0.25242216072068024,0.4973046098515339,-0.24234979689685507,-0.23804979912596821,0.19372304829109666
minestra,0.01609107390914001,0.05261882692959138,-0.051315216143212994,-0.2569925470075726,-0.1989517304208271,0.10599382860161294,-0.04288902827095461,-0.07582308365617521,-0.18523955435806522,0.2736151122343425,-0.004255944152559242,0.38390941714408744,-0.18517839673351147,0.4685837596036535,-0.19304321891173506,0.19973157303684558,-0.42215876440975625,-0.29458463902944204,0.1324612215555519
minestra,0.0012048073676776334,-0.16176534441692486,0.06816936428322495,0.3036684838997079,0.2707819599241324,0.09417769402564974,0.05267492771321252,-0.17982648683988234,0.17758272618334295,-0.12318548301487443,0.05140106109769207,-0.23341108336822372,0.30036396369836105,-0.2682029903307425,0.25079907236802285,-0.20954441517925743,0.4474305966899187,0.35123904207988504,-0.2516135053778159
minestra,-0.00019171614959078185,-0.2616729953452521,0.030424582533882197,0.3028319603837662,-0.5669360392882044,0.20698245249925612,-0.3753144536153355,0.33612025645184057,0.24593477855849857,0.27214194210256,-0.09610870126893026,-0.11310008210945059,0.05423430175896911,0.057338753750593136,0.08234215159784236,-0.21489233799331398,-0.0032340141581635733,-0.060760532085198875,0.03652964215591408
minestra,0.032846588631354715,-0.1619471417900622,0.305226657069368,0.3113281994387363,0.16710131044911566,0.19214178268488866,0.04230649671051347,-0.36084773455174135,0.250168771502063,0.19120154660470956,0.5083624241106955,0.11864121610291954,0.18426697141945517,-0.191972540949971,0.17507940767600455,-0.193751460718807,0.06657329453215842,0.18853488534617574,-0.19030023161382964
minestra,0.0037654052097618107,-0.13419284197380887,0.25839547405544006,0.46076530761448875,0.3533591436974471,-0.16833421074025826,0.04622720526659146,-0.17269950896947328,0.32810794667635323,-0.02517002075526232,-0.020608008170179548,-0.1534905745177833,0.2742212818570085,-0.21800500808104306,0.2710055581987743,-0.17422387728723984,0.1446565981359441,0.22840326825981652,-0.293037153312472
minestra,0.0001957799311863804,-0.23980883346760606,-0.34641405291963523,-0.03376434025445641,-0.33863477747569204,-0.04108557920828575,0.06174025987873709,-0.11124613806548626,-0.47622935084103624,0.3988286453483996,-0.15144912135443833,0.12945764171453472,-0.3676193676355021,-0.09094583800023594,-0.0652604795509992,0.0005585186939398837,0.1649365717118953,-0.29725610458310514,0.0023333760367800858
minestra,0.000158354500490808,-0.05705242963692832,-0.36771055729605806,-0.16676053033562752,-0.2793927860961448,-0.08997666071912382,0.021720716951422026,0.022579174099609096,-0.37144467150735694,0.14859340105208377,-0.0852680609306938,0.2176674031333122,-0.3881851852235955,0.0010047612092701289,-0.40653118521832526,0.31712343416246863,-0.09862221754561408,-0.29040559708331054,0.1459482584372616
minestra,-0.003075749892652849,-0.3062854292396994,-0.04088788514192186,-0.061801354794232634,0.08490766301749754,-0.09150980452634395,-0.1770760945450477,0.0710827981935415,0.0023568102066162857,0.02497704157043304,0.029782400539213615,-0.21241066909103154,0.12375624896245499,0.6324391465256414,0.14656194119257296,0.25579971943674584,-0.00834006230475371,0.5471266111761538,0.021104211439875564
dan,-0.0019260473272213465,0.059524954422163934,-0.010491878218564121,0.4042686458405869,-0.03159121902428555,0.35770739737675045,-0.053566772773716555,0.07877012753630748,-0.0030834622831028132,0.4187919338272723,0.15722038654175946,0.4916264524555138,-0.0229730237533906,-0.23966925959148078,0.03057497600494641,0.14911854816918993,0.12064127888406799,-0.3331660531664587,0.21536390384271473
dan,0.004353131319360472,-0.30320507050711887,-0.05990684995608475,-0.41619872619767734,0.06101590849326912,0.31624351570875625,0.05562830669263222,-0.20397352438745023,-0.019272467318886558,-0.37909192352669263,-0.15064569054583757,-0.016858314591373165,-0.4106066296374219,0.22184149920001364,-0.029687484868106236,-0.17228408748444943,-0.1258065809855333,0.32460779571832193,-0.21492161028214513
dan,8.434776404705253e-06,-0.30081133879247723,-0.19008713688757928,-0.3329328339461154,0.05216100425468251,0.27537575273521586,0.06563711143209876,-0.31757357504483424,-0.22518828074594038,-0.4021712780727272,-0.1323197950760799,0.05973568568781401,0.09867224856799899,0.2524573544775533,-0.13611134248304063,-0.35719345749744486,0.003031137112566822,0.3281001750766714,-0.13434910352981216
dan,-0.0007521337592179942,-0.16895195714864925,0.05079704800382656,-0.35183329344853764,0.021668400898282397,-0.03485351421146118,0.05018906568247186,-0.23574905926032796,-0.355219709207534,-0.31993434666384557,-0.10947875365914328,-0.37522941295380385,-0.035367956145111984,0.31219352617159607,0.05201743361770371,-0.18007939508226675,-0.1416524099810133,-0.4665971317121405,-0.17988124681870785
dan,-0.0016924621292924594,-0.15859152976654503,-0.2170783423440299,-0.24053716101471376,-0.4452171908166994,-0.4005966259674251,0.0477199972270283,-0.20732513448388992,-0.01511169304846279,-0.26249985777748924,-0.131298724651536,-0.39949339713792265,0.05525890661381842,0.2558033295109485,0.025680772138582306,-0.1811987909620758,-0.11922861712896614,0.2744580434152501,-0.16857561520169675
dan,0.003309906809389752,-0.19955186772184821,-0.11893415545902408,-0.3005600050561461,0.07169705337721669,-0.48327260278167655,0.058029224239595084,-0.23839056643780812,-0.011015497667345144,-0.29686782487517527,-0.15178087278299693,-0.46746121603981067,0.06908246923638375,0.30489138744110633,0.028329638143258732,-0.2100140766759811,-0.13159827551385309,0.19139844949978574,-0.1743751859084983
dan,0.00047610251056848983,-0.2984217507760176,-0.08063102799040589,-0.3313912906845108,0.05958955730591576,0.3404607636304313,0.05686489624201921,-0.3204211971651184,0.12737877848301443,-0.2630439714252175,0.07787544296859894,-0.4560115408820505,0.06742546910090319,0.2913155510041154,0.025472583634038995,-0.23782900757004044,-0.14443813472559958,-0.22483809523724624,-0.22757313119135625
dan,0.002066014731552457,-0.6742418980398146,-0.053474931584649776,-0.1859155292789856,0.055690287669477034,0.13791455853852175,0.04352289655424407,-0.4090338799068809,0.12795677662645702,-0.1532402113930401,-0.21930513735225635,-0.02177244653304033,0.06782251432380412,-0.013253045034881221,0.01977997186929902,-0.21446951207556048,-0.15528338598688599,0.2814708666499138,-0.27151777751031453
dan,-0.0012566521617039558,-0.0031693129069664066,0.0019187498252162608,0.09801518225879315,-0.036942574166598546,0.49336982953846725,0.10848545634516545,-0.0052552272158268975,-0.0976380437660668,0.2144126257708525,0.21621706415840217,0.3751048403181272,-0.08142540848511728,-0.34702784682181304,-0.014912389104722897,-0.08955787732156999,0.16807500088207122,0.5182650878052367,0.24227112602667658
dan,-0.0013538381202585705,0.027776135917893848,-0.027924113797683447,-0.20722362989523765,-0.03231815406526858,0.1852414346781705,0.7843983538448245,-0.12024283782646351,-0.06994379153162711,-0.07229082963658456,0.19735730693313114,0.1372635734404393,-0.08467359557589167,-0.016610151629512,-0.013504013524899215,-0.293540806479116,0.1611395567979826,0.2385636642783934,0.21407283180683837
dan,0.001059997059120906,0.11539639745286676,-0.05634752429918399,0.08085891561995857,0.07811412067414876,-0.2487984315103697,0.14355762139416356,0.15150245856008662,0.16856242140560607,0.2106479277493752,-0.33077798502180533,-0.07541904553460348,0.17527800581648367,-0.4020849030179505,-0.06289645605838054,0.37767628093211647,-0.27875422476894407,-0.1933013798917567,-0.4727144257885184
dan,-0.000850750087292455,0.03456353682742409,0.014458518233529949,-0.14710816923716608,-0.03356580323591482,0.17246816448695565,-0.0833297699957928,-0.26828016166469115,-0.3974662518516272,-0.0007805499527343544,-0.38626073417027906,0.04693890303171879,-0.1178853138128938,0.33806333803541405,-0.3578331404183376,-0.10747459018644177,-0.470304057562754,0.15002455538131937,0.2152032566376542
dan,0.00043257283224055196,-0.22863134060242302,-0.5645122917689718,-0.40273838381310967,0.22178306173141757,-0.35154815874921624,-0.05173264713641806,-0.2934566418264146,0.28710921883819635,0.006691981711156273,-0.18549021225814655,0.21075551033600287,0.01951732146673179,0.15987351778283143,-0.03295125663530685,0.045913486506881346,0.09946456949690353,-0.0389973815163119,0.058644585107497184
dan,0.0017954492600484441,-0.556836119357558,-0.07509351502321449,0.10221413379612096,0.07195130423027392,-0.10365801276494982,0.08540129417699588,-0.3402833523111515,0.008963049979737854,0.2492421050008494,-0.2701100029505608,-0.03298103863092303,0.2579393629924237,-0.1885490681259271,0.04294844960174198,0.17792374377406361,-0.22625165052103136,-0.10383267036512074,-0.44836771044391543
dan,-0.00036443963365152235,0.1347582134837145,-0.28419174816736703,0.023934469054396515,0.14673382740564395,-0.21320648415640825,0.10956022038889837,0.2702550027087984,-0.3800509234783878,0.42254061347565985,-0.23694410103664842,-0.07132591133887783,0.012121020132348025,-0.16123158181219485,-0.261842153195534,0.349794304726417,-0.19005977672997895,-0.2139973702693636,-0.25551265085876235
dan,-0.0007492553779866388,-0.02580416684943625,0.30110699685716247,0.0643029423460346,-0.09685542712722647,0.11297657890951955,0.010058367406798661,-0.14962451648635489,0.11277091065769888,-0.23729035113748145,0.20624029292006185,0.030469997867973,-0.0058486867284675125,0.1943899457103993,0.4758324335284501,-0.46069992521104686,0.14975832892976668,0.2669008874102626,-0.4210306546551804
dan,0.00048220687812845347,0.1716823109341897,-0.2410034708044161,0.022621583106738542,0.08323986281229608,-0.10887436937805749,-0.5959950355855317,0.047704805591015996,-0.0997335693564457,0.21205469851825914,-0.18825235943894247,0.030885176442283346,-0.05306451683635531,-0.11819891941190662,-0.32252579571231876,0.3688986790438007,-0.13066328077532188,-0.21790480756060338,0.3505770475743203
dan,-0.012934576313257218,0.05284489994540946,-0.34259638707947626,0.03888038125922572,-0.1293950114147788,-0.15119727028114613,0.07154067486494997,0.022689834772437908,-0.5364363085249759,0.35316277941076346,-0.25616518912960495,0.0533831803041227,-0.18302300130287724,-0.10277401293630622,-0.024015226608389624,0.4024525817600147,-0.20771398707156277,-0.23998331643565948,0.211628960322549
dan,0.0015859118519082924,0.10461841515609568,-0.24276345060580096,0.014223120068114997,-0.6430912348120792,-0.08078345417091219,0.04960805102513283,0.007590844780881973,-0.1460328516687493,0.21387188137058613,-0.16172238230562913,0.03463364978053705,-0.06652281523649403,-0.08474055632387513,-0.32300275821180774,0.2729382847381824,-0.10010634893671629,-0.20139626036582542,0.41457598815353264
dan,-0.00042296923332830024,0.11810591974857489,-0.2534443263806012,0.017826782792350733,-0.20736732727177792,-0.08169754168216291,0.05428453406053791,0.005360601416474513,-0.03952132616933181,0.1906198991495972,-0.1761233525396167,0.03989543112658676,-0.039734117914897824,-0.15387414411803968,-0.5068297569262876,0.40146190556410655,-0.1433023820498786,-0.1970176986530258,0.5437676920034122
dan,0.0035289564859890617,0.030388099489481863,-0.26356880324871945,0.0024328874060556634,-0.6893905035146634,-0.08924244979444441,0.04320731863347056,0.032431258363166585,-0.3426864744238115,0.170331449174424,-0.13001891343456576,0.059449641571667815,-0.10639319245520361,-0.08260963736640493,-0.1581431496088138,0.33902834412418326,-0.02007924120066196,-0.1775898395464006,0.2941756716011703
dan,-0.0068853688984712585,-0.035920047339383254,-0.2921314006758446,0.036444147694219255,-0.2314944968596239,-0.121114949622311,0.054328590631308585,0.04570409015948728,-0.541216945146841,0.2849281485685543,-0.20619241887596299,0.03941671847252464,-0.18735300048204556,-0.0597880805956532,0.0009042546198769039,0.3492513064196646,0.37890066656322957,-0.2297893578908844,0.25209340582122086
dan,-0.0021291272883238142,-0.018096323198006012,0.25768662472977055,-0.02111821847267988,0.6731531584081771,0.08207082265716859,-0.045069111160360616,-0.019320174955250388,0.19121681927712317,-0.23013655403329572,0.10929199273226166,-0.036122789610928054,0.09456369377805975,0.06609787500444297,0.26336170754583094,-0.2643019437259046,0.09716015231973567,0.2040565005445503,-0.40517561551565423
dan,0.0014837158831186332,0.11691798858747263,-0.25157969417001624,0.017907438167060297,-0.5316390671012369,-0.08766107183687659,0.051734949869143045,0.02331376054731392,-0.09387940251321752,0.18703685489023944,-0.15812888413255669,0.04588573372495466,-0.07502832475876922,-0.13335669543374984,-0.40450284051859003,0.37124795424087353,-0.08389441063743479,-0.1847984604799189,0.43842513977978465
dan,0.0005429132785555184,0.14952903997402373,-0.23874498214012851,0.012464690199291941,0.1193980516098592,-0.1283836002184279,-0.6146926269556091,0.1656197365555001,-0.4558626516570606,0.24438278351340004,-0.15223704938898164,0.002891910043450291,-0.10261777708397316,-0.1237988746654632,0.06833754982325423,0.2308593484524656,0.21891607870862187,-0.1972753164820758,0.1519498320564845
dan,-0.0010316058346359967,-0.13312763327116142,0.24677255591372182,0.00400835536489002,-0.12368910595680865,0.11604203084575891,-0.06846202859989702,-0.20298543486047124,0.16007751505168238,-0.22122091456799184,0.1698492876864582,0.005790338987418504,0.04244760329292765,0.37295802200889805,0.44840414733958733,-0.37796921752186674,0.019154332322571795,0.20183776592733255,-0.4661884913214632
dan,0.00035246320951987846,0.20664745479687618,-0.21164755445354988,0.17348481698879675,0.13552793144646116,-0.23404540435917692,0.12626673682834316,0.3627155783791937,0.192876502345317,0.15790200911911642,0.39508442260215443,-0.03199546841069904,0.0958933527189627,-0.20158294918040917,-0.01357283439265103,0.4193027576686673,-0.24269349884436095,-0.3602713961425658,0.16726790027327174
dan,0.0009513394303141649,0.15200638618577303,-0.1800821451625393,0.19059047724072167,0.12966171524331713,-0.2516743000220383,0.1332392511281538,0.2605620982331073,0.10940986631997927,0.19172660880268957,-0.22521708977762553,-0.09109453579222379,0.24272358195204358,-0.23913988832189714,-0.07328458454611952,0.47271698239986604,-0.345341802502967,-0.3796924010026858,0.16195643945303984
dan,-7.844221379901124e-05,0.020923656364819847,-0.09045860834297309,-0.24271890364851575,-0.03734621847158549,0.1593580843399034,-0.05862843049854158,-0.2563103932278492,-0.36440628682927506,-0.11577239519655479,-0.49415313843207315,-0.03339322646915432,-0.10207689410896577,0.2970471486866228,-0.2871527808719771,-0.20095180213438804,-0.41952365956791965,0.21668014583864523,0.024533040433004746
dan,0.002083483842630876,0.6492652416997794,-0.050786575850148674,0.2705667154000037,0.10147311012151623,-0.14210474711605842,0.10961408442200919,0.3150390470961271,0.251811719952942,0.2318462728493642,-0.058056522864677655,0.03019844203515514,0.2675264900101342,-0.07233094322594096,0.10294761739722055,0.1401203257144745,-0.3081261114893171,-0.13244511906908227,-0.14125071318688617
dan,-4.1057121018681775e-06,0.31826219936147143,0.26569265069095005,0.320559246465735,-0.038443452958821636,-0.117355060498777,0.025853857726950126,0.397248115327189,0.33005983381372866,0.27093156665687024,0.5068513970845676,0.03555120242498474,0.03618448127400608,-0.18796503091101066,0.16452982528616905,0.1721322498595912,-0.07796435983957838,-0.10801593381496949,-0.00651910795910537
dan,0.001332080331495835,0.38703123916306537,-0.15948165337212117,0.06998920738232468,-0.39899794024066093,-0.059800861247323416,-0.5571525195308917,0.2736748615496383,0.2541477320006007,0.04834846900517935,0.23974204644803557,-0.0061985844794404015,0.07541614866817282,-0.03686194808754815,0.21593037544195534,-0.08277463422411575,0.28394646578090554,-0.03708668636223822,-0.06937776914634144
dan,-0.00029324008686080485,0.5432951412242749,0.1990913062742672,0.31958507454795587,0.14921106974789347,-0.11828923079681597,0.13686314840339747,0.1429978456315647,-0.153237209409057,0.29864797754118977,-0.29897178545434305,0.10047495721022645,0.0814297034105226,-0.07537022877868557,0.25476414310098,0.19748419124873964,-0.3413921258856498,-0.13917741754849247,-0.15275944746633013
dan,0.0002721461632718418,0.011688124477785018,0.7822220647828949,0.36595996888446597,-0.017095374506231446,-0.06944429522179926,0.06970054824500124,0.23296842331366344,0.25744011108612547,0.14621398803151472,0.059767275820284765,0.04950680592539208,0.05658972894063197,-0.06440465324966958,0.2598243602232905,0.06267467269902575,0.05127521366721921,-0.07778631442700386,-0.09313482513993465
dan,0.01290508825258859,0.07993559553408625,0.20176336351187385,0.2878197199020541,0.05381478445141278,-0.07350079025027871,0.09467653897532087,0.4306790915953637,0.3434790467476011,0.15214037034237907,0.31779962997060496,0.0071956479403114774,0.11280910471296943,-0.057347053426363405,0.3083416067873123,-0.008920882598851205,0.53441123471116,-0.1051606930501063,-0.13160301656436701
dan,0.005727336664196265,0.2727503179305167,-0.2713607957813725,0.29614220824319626,0.2404296395003205,-0.06566105502446222,0.1486949146181569,0.202889609131816,0.1417535972846423,0.2900225728117745,-0.4039866452978483,-0.001691632509297754,0.2301944087707783,-0.1271667830875034,0.2415625646291162,0.1597854173707567,-0.3771623271482356,-0.12724996601306432,-0.2448964849001646
dan,0.0009454087618055372,0.2788558131602256,0.2156121106210958,0.013270457867520291,-0.5219896265232828,0.2891198761600211,-0.3605574882877286,-0.3843066200729597,0.3795873096073985,0.15929510883914919,-0.16479342152385515,-0.009120081389765528,-0.05240501160419369,-0.04904529152272094,0.05498213416924931,-0.10828596552171853,-0.037696824273096806,0.026801789249759515,-0.15190948579437416
dan,-0.005424594634278567,0.0777002399985168,-0.02406231438279749,-0.12051711769946165,-0.08399088608871551,-0.026083344280153374,-0.11562320898918813,0.7190692203234204,0.03291456952212547,-0.3321542873796689,0.3209031120858288,-0.0532626379047699,-0.21141592859306996,-0.032335126914430766,-0.10473105043834738,-0.07162386458063444,0.28721561226672443,0.05164465761867769,0.276530038079487
dan,0.02754312262771099,-0.026957702275349105,0.02003282400983089,0.1321827313809848,0.05164697749763542,-0.022578872515989144,0.06511933003374742,-0.2541035387825919,0.012173259352108301,0.187589817301329,-0.1865829933717707,0.00950009276062187,-0.8790263109590413,-0.012902307552940964,0.071118933410974,0.0810812992513953,-0.17991348293841938,-0.05448481721194161,-0.13909884305029252
dan,-0.0017407553631397783,0.4931073922470576,-0.09298475743963164,0.18179367091179416,0.1255082796309074,-0.08675698606019427,0.11820039139436293,0.0765683046947176,-0.16606262423102966,0.43038602450599317,-0.3518348356376081,0.11580444738996458,-0.012002204469886285,-0.3165382284032437,-0.26276969990062315,0.2523674905284131,-0.25837312872400114,-0.10695330993140435,0.10371140578382505
dan,0.0005600838148190503,0.34003233016974266,-0.2411886729417917,-0.033799124341850166,0.14381600806343772,0.0006008861355535602,0.060069476502839544,0.02896409047456165,-0.14597817203813634,0.20812803148216336,-0.22207804108429208,0.10955063201029268,-0.011658657473111216,-0.3645845689619807,-0.35682837429974534,0.23214569290779138,-0.10616778369405423,-0.1774434676743959,0.5629852255723827
dan,0.008902018201451506,0.44603662540885775,-0.30951802320406485,0.061506520986014196,-0.05849805190151476,-0.05759966235681173,0.08517453454583639,-0.13304465549647787,-0.4852242093519778,0.28618499452805296,-0.25196994997832944,0.1647002770102887,-0.14482542268197446,-0.15757728978411495,0.03698008901950552,0.2156782600430518,0.21394729256457068,-0.20521737621125724,0.28325759317727617
dan,0.008239685674964928,0.23959143083089268,-0.22860096883550707,0.044805332673342343,-0.8064109785298584,-0.027809612977750635,0.05543176913347167,-0.07049762901570877,-0.056560765179988134,0.1704256261708801,0.07145610979963497,0.09651416048283681,-0.043277557382785554,-0.1465135343531941,-0.15880886813680162,0.1298835257483713,-0.11528398138207202,-0.1134471395010071,0.30159677629210463
dan,0.0018396045435585709,0.20149799061111473,-0.23074003056398018,0.054617101842835254,0.13602521753503677,-0.017647021928872825,0.07418343931430237,-0.07704936800235701,-0.15699513068803425,0.17459009914636475,0.10902214924473821,0.16968605941912113,-0.06884604281889625,-0.38548659414143555,-0.3676791582347516,0.2793539803194477,-0.17688132483985627,-0.18942653211055052,0.585983300093407
dan,-0.0014097264733892185,0.25773320936549754,-0.2910147515334629,0.00930605303653298,0.16516651869601154,-0.03315709407894992,0.0772953406515945,-0.1536656308444585,-0.4134085082075933,0.24501658204196455,0.02524870578814102,0.1764714744971651,-0.14796168661303888,-0.278967541873515,-0.20972034463157443,0.21792732156252673,-0.0489330479082313,-0.2062726876273754,0.5403495007806451
dan,0.0008670649001522396,0.25679258363456486,-0.2444475923243009,-0.020478118119545145,-0.12911794650019423,-0.010404087515163998,0.05563134271721012,-0.06847385039088957,0.015814489673235375,0.1381878949592709,0.265575589750428,0.12864819854653425,-0.031416243217849006,-0.28698830721239554,-0.4762003482617687,0.1795879263501187,-0.13784155556423258,-0.16135936272245652,0.5962286803099552
dan,0.03038562356671472,0.30450622083433565,-0.24385527956759998,-0.019483908902186757,-0.5902126060460393,-0.020969170632052597,0.054677147789597196,-0.0657669374554842,-0.26192016293947146,0.10978737276312954,-0.16878309239128034,0.1363905707063347,-0.07935921718546389,-0.2906718867155412,-0.22365844236408736,0.22051146586285028,-0.15578954038606888,-0.12623732114531405,0.36597431155902477
dan,-0.0005842217214006856,0.3760475605795279,-0.25436874958747735,-0.023866457665500888,0.13946608645117076,-0.030947304782510322,0.0702770985946998,-0.10244922270053716,-0.3622622763855658,0.19714231729544007,0.05903697057752899,0.14997645905055057,-0.1259783478646977,-0.24059725414557473,-0.28914152176277963,0.2126144875113064,0.01867948658179035,-0.19003520134227703,0.5677736774618982
dan,0.004218103604437323,0.3558830894898343,-0.2390778239446888,-0.019932186271453673,0.13298005882432828,-0.028707968909549627,0.06990927885963429,-0.0590177662343371,-0.18950134954745376,0.14566606685055053,0.2186889066301254,0.15837992353976735,-0.04982501466634743,-0.3593513929004029,-0.37099459120121586,0.2594990562090983,0.014468797472626504,-0.1877271397072882,0.5355665700351461
dan,0.004188947256220678,0.4980951496745766,-0.17828552894763539,0.03717312769743741,0.11953690203572252,-0.09378627239268104,0.08954687145711132,0.030796824659454526,-0.4583247917427961,0.2757481159867469,-0.17073073510855685,0.12012724248264114,-0.11849214243939492,-0.2529319258641674,0.08083882003272556,0.2052302784786266,0.30992808444992875,-0.21316552344250672,0.29805899550672554
dan,-0.0002085171930248695,0.14342544832776796,-0.08989973881992175,0.03373854822753192,0.08599599018739128,-0.007560640716908767,-0.169431454770155,0.14840937102269003,0.2268041612426177,0.16830911133223603,0.4330395217935104,0.1385739277851781,0.037540774198165976,-0.47240758359994167,-0.2786044922599455,0.15968240345605972,-0.20619296644621557,-0.13293618769737395,0.4874887409289634
dan,0.012158930528956304,0.09552608742217482,-0.02331492432748372,0.010329224939763924,0.050707458009319875,0.013794359421021824,-0.6410597841855739,0.15584296823122498,0.2184746328356278,0.11937239177519794,0.34626356389172647,0.10560461418726011,0.04497782093035914,-0.4505197591080687,-0.12398331435501693,0.09339838606445773,-0.11440105811255091,-0.06783976400123452,0.3352768143728384
dan,0.0013736110565583013,0.6177495869942429,0.03000736605686971,0.0992885165764119,0.05125598868966941,-0.09891199749242392,0.09443893986803995,0.24399470143885574,-0.08718790364010733,0.22613095512116943,0.09300778741040173,0.10208413056533729,-0.03776854868318173,-0.32757103153997047,0.1921286741679437,0.05198006538091086,0.4769264343017963,-0.1277650865266663,0.23838626552707273
dan,6.632170364442435e-05,0.305396113931126,0.21960941806454026,0.11131485552769008,0.02124416760096731,-0.012384093791316669,-0.0374175138235195,0.5053384494442269,0.4215865216261853,0.04948446837805129,0.3777481879837697,0.06980555817859455,0.15090199774190213,-0.22004063329074403,0.20879959653676725,-0.037806840629587814,0.3354268090203475,-0.09683192744507421,0.1512888467375666
dan,-1.9510193388730625e-05,0.10816397426083005,0.4692431590701652,0.3315530507444298,-0.0579345481917399,-0.03419357367232534,0.0748893246874736,0.42936543336887956,0.33701628939113215,0.16183192815143332,0.37432660075298185,0.03138958811658669,0.006865691770606965,-0.046045528617133825,0.2568814719849007,-0.0861026548659839,0.3242032065470908,-0.02193498125592143,0.040768576774703115
dan,0.0020792289627523954,0.06810339383681858,0.3045632483217102,0.4532075298522009,-0.03554593353974713,-0.03342481841841488,0.06602566495689789,0.001813368944196775,0.25866338084595175,0.2688409454801623,0.35902135967234255,-0.030753991864210725,-0.5577467338310693,-0.09844786327157055,0.14087755531361792,0.07523683326479513,0.19757163992651466,0.059312046704730934,-0.18056965186097654
dan,0.00015956682590505334,-0.25979263150412035,0.4745181366276302,0.6154844907781802,-0.060009883109306314,0.02054900569898093,0.10442197660758838,-0.041753973268014694,0.13107115409366993,0.26150379338289775,-0.3180195252455649,0.1633958864917806,0.06180182333741633,-0.1624810085960369,0.14199326912747204,0.046420757634937825,0.01579526122382813,0.10261603637948022,-0.1874401279432728
dan,-0.00024655534835893445,-0.12169630055883453,0.404119985819958,0.6825575847367419,-0.04965382921813608,-0.017672498062322347,0.0913690205847278,0.04752926819363118,0.05115970871119942,0.30632754117149846,-0.2850372943639643,0.030118152617021613,0.08234953390614098,-0.19017799953900974,0.1074054102815913,0.15899246506257025,-0.24079924185978877,0.06396707938433163,-0.14886267418078372
dan,0.0007335091032390522,-0.01835877944814548,0.30277604686885096,0.5113814705631824,-0.0357079736496033,-0.020062432461348405,0.03699972712964216,0.027869029816155976,0.02644700547224177,0.25124558176664574,-0.23098034499255826,0.0034912199052421263,-0.6388720391781878,-0.1580579015224295,0.08562537487421303,0.1034754284681971,-0.20314643387271117,0.08382059794741466,-0.16122802528846733
dan,-9.49795544664351e-05,-0.28826801957483905,0.20604426012738766,0.13700237156542464,-0.0770736187492285,0.20764678841980833,-0.17506738190818275,0.18281721750831506,0.48448520991893074,0.1871250384070617,0.4045763566007293,-0.5207154102592215,-0.022074136505803574,0.1487551048036932,0.04767566797314149,0.10462990770977684,-0.002888222155431716,0.044537882035938434,-0.0123871491736242
pabluccio,0.0010497516704363209,-0.6927694888808711,0.39286706314980857,0.367573222766121,-0.015447674740661037,-0.07444997157387064,-0.03825384637167671,-0.27709819881831865,0.11498262057872916,-0.09666680973261531,-0.028316884212229516,-0.2429906360986502,0.09975149230633208,-0.00010507399563509156,0.12066180975430488,-0.0904782855710012,-0.04198200574749241,0.16398447998530144,-0.05316485553976121
pabluccio,-0.0009509812228137401,-0.08862724186029039,0.06385041606853536,-0.07441928884502481,0.37535035402094385,-0.014620414017922499,0.041570336933293546,-0.02795700382584554,0.04415279214505894,0.1195124495740011,-0.020574029531020673,0.4128068560738642,0.6045206034275648,-0.24402661145754814,0.020020585409423333,0.03759298647309812,-0.008915506441060747,-0.2491303509128461,-0.4036083085856749
pabluccio,0.002900590503569641,0.32846335834902496,-0.020231635107909263,-0.1609932394578352,0.07374996796337466,-0.6508216303417302,-0.11529326258417905,0.081661041164361,-0.2588627705912712,0.3318860295091504,0.0013899444764027375,0.12592993249469303,-0.013882347336136353,0.020121860980769627,-0.09738201996885273,-0.06047351992661625,0.04272316751726016,0.3840449641175685,-0.24645993276940253
pabluccio,0.0006102400872625416,-0.05620277888908502,-0.0560114453842242,-0.2824142257121471,0.10267204160800666,0.3720965012664018,0.08178230124581326,0.02417725598617836,-0.18326741720873257,0.25912223977072907,-0.04129533780528323,0.22542355101627093,0.0020866929016658663,-0.5741206095736462,-0.35304581895499054,0.38178354202436976,-0.01713947108686704,-0.020564981501774604,-0.06072920572780554
pabluccio,-9.79291728426668e-06,0.09352753660881977,-0.26139609944176345,-0.30758852872442066,0.16219336973861584,-0.04193665598642998,0.2613338404747617,-0.16399159431493823,-0.36133564526142853,0.3420483304403615,-0.21331267168426588,0.3854471927207007,-0.1821217651087821,-0.022850282474652168,-0.06436031807540882,0.12145530880080761,-0.17062817373167957,-0.4245644725412743,0.03840001436997228
pabluccio,0.0018626873259350951,0.08231725574704364,-0.17477752552131764,-0.3948156361442347,0.13917175661836834,-0.0302973559421716,0.25890395732373644,0.019622871043264694,-0.33078432385691364,0.10580212236829901,-0.17288780882841773,0.38339618493034583,-0.19028714850293263,-0.25253125472501986,-0.19831538115463945,0.3701481714510502,-0.1739625416409131,-0.33444851736171033,0.056217605560424884
pabluccio,0.003508751012153058,-0.1782722212020446,0.39708053149943845,-0.11034428929746379,0.050066291021684084,0.02628220482779245,-0.05549807767230442,-0.17349884905825208,0.13001009455467796,0.2167251241120774,0.7314006438125124,0.2477153895771647,-0.07888504556689628,-0.16195935584931426,0.023115998207016805,-0.019349194686483016,-0.11734394335419,-0.23343220928250488,0.01364140323124173
pabluccio,0.001436549528146182,-0.04295118059605431,0.1455374247905069,0.3654503985785059,-0.09812628572283012,-0.19885631439508497,-0.23213360136195185,0.16112417905869575,0.24442816111905152,-0.3831235777875857,0.20761287689193328,-0.27794297694591635,0.14004800643227847,0.23991253084104652,0.36971987211126284,-0.15365324238283765,0.14297586571476037,0.3436855312589536,-0.10714863421490674
pabluccio,0.0010927995655434777,0.05774295397874766,-0.2482018387893853,-0.2926724236582841,-0.5729744764781715,0.09431250779420626,0.16669926318524755,0.011027938411442912,-0.131907638310613,0.04360507656205059,-0.10547615927433407,0.22653653964300488,-0.10497491471934214,-0.3424008033360045,-0.25925430919619796,0.3788164389482632,-0.13360559274419825,-0.2067574275332346,0.054614258720800765
pabluccio,-0.00040419966240912977,-0.020441980367849465,-0.24560687571690026,-0.21323520221235742,-0.5878219570787947,0.016602832931250724,0.15237317364281824,-0.06216606589132077,-0.12828780435457227,0.2571466381806235,0.534175380612658,0.1790173518316908,-0.07076141913572388,-0.12342493881875048,-0.1416090821028585,0.10677802867015578,-0.10407194884834209,-0.23551511517233711,0.05413878647362869
pabluccio,0.00042739620201598063,0.12869688333091497,-0.264340998796157,-0.23601846194982543,-0.7293655425685581,-0.044174370015405806,-0.05472479269865887,-0.021490681354140735,-0.09062860146210665,0.07365236286818581,-0.13287394534364722,0.20663492153794843,-0.0795197811109999,-0.20633673235849984,-0.22957656008270136,0.28339921515407923,-0.1191572175306829,-0.21730238286658926,0.056079401080794435
pabluccio,0.008531571963160269,-0.04644655674391789,-0.12022701166544136,-0.018223987151450172,0.09210600140671972,0.33292661385406475,-0.23783757961833715,-0.016540259461552992,0.14809758378671944,-0.13765411534165706,-0.1294116518280544,0.16728724166336678,0.01193595191179954,-0.6888322518510942,-0.3027592647166882,0.3903464906779143,0.0026666469304850184,-0.001890022627696259,-0.051005941060958175
pabluccio,0.007134997599967299,0.09242057418631093,-0.10897440992829055,0.1294268897721776,0.11225248385108393,-0.6604100746393996,-0.27670127883955614,0.3174574317477475,-0.21519420164805364,0.2941149088244671,-0.040158716319069386,0.07229508795892194,-0.021630570644215568,-0.3301925342534434,0.10521149033829545,0.0935872526047357,-0.045413850176609344,0.18098890593905415,-0.1815294445097914
pabluccio,8.226789582912308e-06,-0.09415976226141352,0.04791752265384486,0.3469058192032824,0.0490289014570103,-0.020294560312394728,-0.02748868205242816,0.37710015050706336,0.3173796242237605,-0.42945912888999344,0.2601887647041905,-0.21888363697516874,0.027976116702556238,-0.04012532980335713,0.2787636051521234,-0.4002916436934908,0.26934129071976676,0.0950133445471734,0.006133589415095871
pabluccio,-0.02057857399221294,-0.01648299275046532,-0.013774219578306091,0.20811002019750283,0.09431753606382397,0.25215898929408376,-0.30133076683415655,-0.05803503350553526,0.27066931666138944,-0.3577975700323093,-0.09095363844863358,-0.3253769399862696,0.3261800857963164,0.3435228568415223,0.2360372057355913,-0.15793547088518778,-0.11246202314944537,0.38503693019066515,0.09053801902169926
pabluccio,-0.00020592501706289673,-0.03663820514236822,0.04358934517083077,0.4971931731169259,-0.2815938820387616,-0.17545445971916113,0.16241101962676865,0.0662795935077195,-0.011227026351364404,0.631957410580626,-0.19056469526429712,0.17533269904078883,0.23293614682558508,-0.06317465764415443,-0.17493783437521493,0.2252116574947105,-0.036895350085263026,-0.034213811823912116,-0.006964647505380544
pabluccio,0.002014766376125633,-0.11808543235614923,0.45065248489574516,0.33143269593339686,0.01890939344198678,0.22722562485271414,-0.2153744077718887,-0.3241903668440196,0.22194406986785117,-0.12506732459804956,-0.07032459386991448,-0.19783192959871387,0.23792064067040547,0.2317632961744439,0.15882877442384086,-0.17536147279745354,-0.05749664056407012,0.3035296327982823,0.3145268614248822
pabluccio,0.0017993778789621513,0.1406651329803491,0.1531525893490594,0.09259503227045768,0.12294334023440755,-0.3062798673735774,0.24750120489072336,0.013817147285281519,-0.26394351891807877,0.13794913915225118,-0.166758187233497,0.4100258446474484,-0.20648737079000176,0.41595895939390215,0.13674815979259816,-0.20923475131959954,-0.02246874270481261,0.2733048373881216,-0.3739644918031574
pabluccio,-0.0007809522691902757,0.264625142720873,-0.11635028403887482,-0.1077167970486611,0.14413289968568194,0.0692699613007869,-0.4087312818474003,-0.10135168927824022,-0.24206038440854002,0.3412578595391975,-0.22600013172830025,0.3472883243625858,-0.14593575574931483,0.010543155135562485,-0.3068112888758673,0.07811236855534141,-0.04610645936615619,-0.4801395758242526,0.02981383592637953
pabluccio,0.0009871151441540873,0.12610772530181652,-0.22379277358278415,-0.26569957593589677,0.14456833704532848,0.06988546596226537,0.2352764185036514,0.03227198690560654,-0.2208481508052636,0.060463267791139384,-0.05958392611017162,0.34442953701809276,-0.15562022921384566,-0.23414201525781467,-0.4508936802284005,0.3688619627254909,-0.19002077507519577,-0.37458739655664147,0.10861510951765924
pabluccio,-0.009648906860642577,-0.09117888413186359,0.015584618737243344,0.23214955921883457,-0.08876873681769916,-0.006181304106272059,0.3420823386864312,0.04207423320083829,-0.02584668886731826,-0.21097083277919093,-0.563118406087448,-0.22334890830853335,0.06763832477435813,0.19926690083881876,0.4446850963973695,-0.10827507053307102,0.13703789573404548,0.32680450134290817,-0.1390916852590463
pabluccio,0.0008396119793719252,0.11825429572957216,-0.15354053744645135,-0.3440032855477114,0.11689296565335214,0.0777360523434346,0.21872198230814724,0.11622040345004432,0.025678275891167297,-0.007118595399698795,-0.17458909702844122,0.2298855145947622,-0.08131476071858805,-0.3348002966359476,-0.5125190545478953,0.4556080154561305,-0.001061643759681007,-0.2800139810945591,0.10790799751117863
pabluccio,0.021729680297879157,0.09762756000428147,-0.18222933977540692,-0.31664178905126034,0.11135030180163501,-0.15284742662695525,0.20105120341231864,0.15136264677011263,-0.3873710419174579,0.05318820591694657,-0.15616129415821586,0.26406122285262146,-0.2305860842129635,-0.18579141887480055,-0.09229703597555568,0.3822355968176883,0.44839978900286265,-0.2593175750362078,0.016931921122100627
pabluccio,-0.010348701254316769,0.023814263567926375,-0.19048520203815855,-0.3710890675125937,0.12365662936966326,-0.17652912336601076,0.22590535811632045,0.05565989207882832,-0.5325764127406472,0.18671468805570762,0.16481811021762963,0.2437360332590476,-0.28068608733165923,-0.09819946316741027,0.032961269184716716,0.3246209305620559,-0.20076296851150668,-0.2907335160944899,-0.007706906326111668
pabluccio,0.003965639075056265,-0.021703278620388497,-0.17475194916649617,-0.30640855565802044,0.11127650934454572,-0.029197573611976353,0.20210363540153145,0.01814089877645739,-0.2554154399712803,0.29742855462461104,0.6844709082655354,0.1923598080660734,-0.1389996332316921,-0.028218409998550284,-0.06283151652968393,0.15095568651003188,-0.15651892687085683,-0.2981777918311608,0.03507580245735462
pabluccio,0.001489169777795624,0.25015947831693197,-0.23020318534053485,-0.33636654365416024,0.13187210156753965,-0.1187169486031117,0.2339980271418183,0.11789135133602623,-0.15208357420258076,0.03185912828877744,-0.18718435592575705,0.2589004984272034,-0.1500479428196721,-0.22171264501358925,-0.3776180436715553,0.4389106719006732,-0.2015692929419626,-0.30395157124363426,0.07077719597822131
pabluccio,0.0015218969746806294,-0.013968260512075352,-0.26591430803165095,-0.3498414737880889,0.1521723191166239,-0.010695079953342965,0.27067782761616055,0.029545531204613527,-0.2867381720258946,0.31891616257821714,-0.2426575496584874,0.29075151888558326,-0.15769020911953918,0.11196940021130013,-0.22437404157650706,0.10010542700580558,-0.22049050187296187,-0.4814449394239978,0.061451692353288644
pabluccio,0.0014171349056351155,0.25031311570115866,-0.21380437665489593,-0.295973237978595,0.12586051640813403,-0.13943631002358756,0.2236926331813967,0.09914762154897251,0.07045803157848544,-0.11221199984740542,-0.168492869535799,0.23111934534891923,-0.06854646528271244,-0.2250763784956068,-0.5260505607345553,0.4344144502254851,-0.006911686361882215,-0.2803629607860347,0.10031324750363793
pabluccio,-0.0029652226102058156,0.0011597208040215125,0.19574683189371306,0.3235059382523289,-0.11118874422577849,0.031665432145628294,-0.19668631082632687,-0.018844160054827686,0.363031726329324,-0.22692244258313937,0.1716224072643074,-0.19203217025797065,0.16961818921209051,-0.0438712424724108,-0.011821259733439941,-0.08869184304095794,-0.6493952785856826,0.3074772484679623,0.006750950430170895
pabluccio,0.0016864013180928016,0.27854976800185444,-0.2501297074886578,-0.37813817868075805,0.13232335202795442,-0.160545976286537,0.21702247761491353,0.16101537362460958,0.08484702415186526,-0.10144510648441672,-0.17879314303694413,0.1972848939276574,-0.04398531133964501,-0.18406859414018995,-0.4977025630033962,0.3666012435962302,-0.04183052739392874,-0.2894760164613637,0.09328782370210835
pabluccio,-0.0052263437598703945,-0.2340789579328546,0.17198768064042372,0.2521914815900133,-0.09855019046544646,0.4695823997970553,0.02279617699542572,-0.29454162415266544,0.3594048337989347,-0.10313699492844929,0.04924982684685543,-0.2321136326531679,0.14916559047177452,-0.04089434748969778,-0.03800480201321502,-0.1552276205382945,-0.4826948944586303,0.23522942500692412,0.02512428276842897
pabluccio,0.005701538642898738,0.24085807271013662,-0.19049093519772964,-0.22427428632136964,0.11741422274053072,-0.49697077866145595,0.22024746936549233,0.2626241071261702,-0.4311269575044046,0.366416862848686,-0.05292570714261509,0.06353226990316067,0.0020243418912822735,0.16554195241842404,0.054238254513433705,0.04152242743114135,-0.14187107957855064,-0.3097681800791292,-0.045034403362417354
pabluccio,0.00043945073214837364,-0.19997457490449422,0.13719368496776324,0.1552854466232916,-0.10739244962629563,-0.174982674534345,-0.21598659233758993,-0.2575860438908731,0.07055268870002926,-0.1505723418082089,0.06009305074720364,0.07890322662684363,-0.10714906321469743,0.32248393474572185,0.5898709343819698,-0.35550861999191663,-0.18013226371815572,0.30738664153336664,-0.08769233594068143
pabluccio,0.001033252407385562,0.26450780294208603,-0.1307346546248751,-0.1500878414639109,0.08905386078852186,-0.27524584256107654,0.08608001251095986,0.28009140333845506,-0.3581446171235832,0.20769544598519277,-0.04000045429355783,0.09790091313190231,-0.03640216927997445,0.05919748172577334,0.021072984358673833,0.1571750091400561,0.6731132431751579,-0.23384305735368288,-0.023125043103212544
pabluccio,0.003256774940990244,0.0691328181684119,-0.03619928100282954,-0.025180947179396573,0.09621967600907978,0.4716970140340031,-0.22001405887711536,0.4459154105730518,0.015884618945976096,0.08982054164677387,-0.06340709220663668,-0.14856769137474718,0.12095544769103365,-0.6539116091179922,-0.14700584815577283,0.08879397743662014,-0.04104269620806255,0.04787194862646382,-0.06448525931606333
pabluccio,-0.0004643601164386711,0.02241917076799536,-0.02912678869861296,-0.2461499269769258,-0.054342976875405166,-0.11295637831145905,0.04345098902011112,-0.3899422373926076,-0.32564542498907395,0.39571315293987935,-0.28360466886337854,0.20560241257438516,-0.13632556785316877,-0.012782661263578523,-0.2884585946564384,0.39318429345940836,-0.31464787753505763,-0.09356362192688354,0.1369614468464869
pabluccio,0.00014982900961724619,0.01623552816162913,-0.20380221315437108,0.018835093108187404,0.27965740002125355,-0.25737917896791684,0.05979879874398973,0.31310165780450266,-0.1300393329116598,0.18268283918720396,-0.36493742882579955,-0.22579199428352162,-0.33339222454068995,0.18678866566867347,0.363025675273068,0.43960447731896357,-0.03428721072375205,-0.07089393719337589,0.007692605629098427
pabluccio,0.001533354162327777,-0.05977817274155952,0.45603682453813876,0.348553577566145,0.03044532529563623,0.12140504140076043,-0.1412448621513642,-0.233756058084999,0.2917420106726213,-0.19323641062602712,-0.11037230489723836,-0.22985080567890925,0.27830848232585204,0.27285428145913637,0.21174029381892406,-0.2033489496156151,-0.07667418346953912,0.2761405228120737,-0.26271618628411103
pabluccio,-0.12927997223630758,0.15350117731727456,-0.282209322774773,-0.18560499513505252,-0.3794909497184976,-0.17979524865344637,0.21405279885742454,-0.0331518411871001,-0.32071985588481056,0.14713072289234982,-0.04589266322190807,0.34581555253352053,-0.12177950019554129,0.41742804353677393,0.2308335344493624,-0.19747693754126344,-0.06858453352998056,0.18520980065147027,-0.2692978243148597
pabluccio,-0.017629696491606086,-0.13267688012699763,0.2664343694382107,0.175542190908116,0.5281115155952947,0.10586552390585062,-0.20300293729105962,0.06237207522491962,0.2803644812421446,-0.12628842026576037,0.04011435788142733,-0.31395040432188953,0.09507329000527001,-0.3901549274100078,-0.2167613627081233,0.1922940278788518,0.06369802823564129,-0.1813857239543611,0.2616815556193557
pabluccio,-0.003398339614627323,0.2519708679662371,-0.2605612008789152,-0.1489802107163162,0.14271802488310287,-0.10955079436057577,0.09428993124404518,-0.1774131321887115,-0.3136737155816348,0.27196614717319617,0.17136748220542666,0.3041811218132425,-0.14414044903499734,0.4685226726628238,0.24742833295950253,-0.2161729423478869,-0.07516603099670363,0.18968116601389737,-0.2992783014042796
pabluccio,0.0008463005381249404,0.23436149217903612,-0.17158614699511743,-0.10608151497967068,0.1060896535487452,-0.007286265128511271,-0.07358818956532552,-0.13081928567498888,-0.11345116934679282,0.3695658183987813,0.7683055985992399,0.17112869935628422,-0.06032706415783791,0.25050693814454866,0.023715047253275508,-0.06835677887150768,-0.045424348707798906,0.04390450816902402,-0.16091888851927844
pabluccio,0.05639807434967746,0.3174374185596258,-0.2189772307624569,-0.16435943888214938,0.11825695677322964,0.018850407526817842,0.20533444798394093,0.15912271803805123,0.30286353833265917,-0.16443581780738806,0.502003566321029,0.13037474778197175,0.10228258687111624,-0.29399110733792333,-0.30934854212500706,0.3421422233167686,-0.07353931089219062,-0.1942752577146143,0.043292830656504654
pabluccio,0.0026386456832220343,0.15950400657189928,-0.20501882866927035,-0.1630436045498056,0.11453704891549961,-0.08828490548170431,0.19959373562402277,0.03397581125767214,-0.07847194332795454,0.04056961246140998,-0.15764914165210211,0.1894629342311462,-0.07180092604262282,-0.04069536528935246,0.10856033589749157,0.07695060390147973,0.8370016996485304,-0.21883382197449688,-0.05006046758375459
pabluccio,0.007419989416579873,0.1602873083458414,-0.2951879844301383,-0.18017801918959908,0.156813068269928,-0.22441242595170344,0.2715491838389249,0.05590282630674393,0.2579021407754572,-0.29742743055862303,-0.1962036465448855,0.17755886906148788,0.05239747537331608,-0.3163361093964251,-0.29640438153891374,0.4050759854997908,-0.19739288341477662,-0.28707573270124637,0.04195679022777189
pabluccio,0.013222388733386417,-0.08168179432940259,-0.20008085597323574,-0.09950994876188307,0.11260480593151667,-0.14975262170091366,0.20044486711638745,-0.0218312990806807,-0.2735596096715168,0.08827770403857323,-0.1493183814910923,0.25984533941469334,-0.16607480999363947,0.19030006775051464,0.23017304171522357,-0.0965696735128458,0.7099288918362929,-0.24040905801016713,-0.08540396240563315
pabluccio,0.006699409847019941,-0.2659949338602414,-0.35398887541635116,-0.12764548683492244,0.18636854765205446,-0.04178339530278727,0.3257581046719313,-0.08486759801824173,-0.08801512426958569,0.312571910168077,-0.25325326920880614,0.28001787629583724,-0.06285704732714735,0.3250088379388296,0.12072735343797969,-0.18825936722641554,-0.23424888685742126,-0.4167737870192127,-0.040973209205495596
pabluccio,-0.002999516794369425,-0.11643118554261474,0.33134811632126127,0.029283039730810395,-0.16671435418891192,0.2691353174749058,-0.29053938986501526,-0.12551746721281623,-0.2873844116882212,0.3369577972287639,0.21344964647254197,-0.12424778333546457,-0.06689445528057827,0.20694718539337312,0.30790114219392645,-0.3302231288517798,0.2190689160050902,0.3405821050296737,-0.05595558272187864
pabluccio,-0.002830279423115041,0.1326618487926697,0.3229970783893297,-0.0390147782659224,-0.1815383403314005,0.15776916494870283,-0.32898772706637075,0.0936101837187402,0.09899304440196745,-0.22546284350202703,0.23440219006672586,-0.29771293069651067,0.10131209776874307,-0.3829235703557058,-0.2504457903580307,0.23799079024176018,0.2512278653073578,0.38066160591172676,0.11498693759860928
pabluccio,-0.0024336132306089137,-0.1988825191203594,0.28002887547643895,0.084714670990676,-0.155303335891521,0.25938003532130693,-0.2823073609770724,-0.21512782062482066,-0.3209882960284084,0.375122972434844,0.19721187003484508,-0.10039871526007808,-0.08163707812443709,0.18631570445474915,0.2728522735771278,-0.31375425046370214,0.20926864675658874,0.32386831271897387,-0.04246164035303773
pabluccio,0.0038796958676981445,0.020249247955534344,-0.1751639179023482,-0.08915101527134921,0.09918619305194437,-0.5151711653719004,0.18682138482083496,0.21020396256374935,-0.4858247492932951,0.26586977516142923,-0.010039752465769164,0.14752587411847123,-0.037729831612399484,0.2250818429355139,0.32828607484065986,-0.1539557489314947,0.2343142233276081,-0.1651029793217948,-0.111057420854466
pabluccio,0.0030615593663796247,-0.12407119134841114,-0.07742183695884075,0.04013656735129692,0.09275526440722069,0.56931998480829,0.16895241300600056,0.31270260427891833,0.06447033204875792,0.029918888454290467,-0.06070150200560963,-0.24533178430697997,0.20525229686125823,-0.602083438007864,-0.1710738788242459,0.09173025353838353,0.043040680854212296,0.00601890994205318,-0.06941399640102247
pabluccio,0.0006727200742455302,-0.08402370676535062,0.051776167882668256,0.2642082948800942,0.05080241162624185,0.10752942321220749,0.10902179984300829,0.3738742021610526,0.3314425775510835,-0.39080157496034956,0.2676238976008327,-0.18233119987478683,0.11611391948100978,-0.012477533394123514,0.30653689452467164,-0.41294457289473235,0.3066864271787894,0.07517408341715247,-0.09675170031147348
pabluccio,-0.0008112347867139871,0.07565617649392169,-0.46381380917111864,0.24871827703462648,-0.20458198961474505,0.20548903914844607,0.31114298924367545,0.00026516390438929073,0.33852652352059664,0.15985254008471927,0.24165764875823187,0.059737360030659915,0.12842228683376355,0.5243118335575355,0.16967000498237533,-0.05642858652375728,-0.006943065884904443,-0.04675053274898642,0.09317422499719802
SADAX,0.0016765412159930938,-0.23485237192587488,0.2760261190319382,0.10381856634639323,0.2941867747110395,0.23372901402798993,0.11324778099092755,-0.39342025936260355,0.13148620178078443,-0.08133100949017814,-0.11200668111681522,-0.3002704764188293,-0.46973141708841964,-0.3366093054258133,-0.11098855618461964,0.17096321784297924,-0.09683142487950869,0.06785133289902863,-0.18167094192341016
SADAX,0.22407399441670803,0.12498080946070217,0.1757599346572023,0.09119651219792428,0.29988238882090534,-0.129581818550004,0.5813838323616516,-0.3034308934894216,0.12600088154471267,-0.08685207562026476,-0.10764753105830648,-0.32113265203796587,-0.4586606831245575,0.027212171270860574,-0.04038975265905548,-0.01176445534932781,0.005578671726503777,0.04672837624088798,-0.23482946624923723
SADAX,-0.00012320538880992196,0.24496491419875793,-0.04380446426414286,-0.10547338341356753,-0.0004966629358460413,-0.2016527039133322,-0.08663373802422052,-0.264127462398156,0.1070526854225283,-0.09106167836600625,-0.08993617938254371,-0.428980434090409,-0.6285441033683477,0.38413609932751563,-0.05746795435081333,-0.051407659875940794,0.03744576197339222,-0.11388307354518142,-0.18494762253888766
SADAX,0.005690258104183509,-0.04598927232623673,0.1484850679906502,0.3285856426089316,0.26031424281508747,0.0256557370144926,-0.22465109156052088,0.2768590439156373,0.05000555972615209,0.0008962551822936726,-0.006147333868941836,0.3376862869168415,0.48245942407476183,-0.277335407334274,0.32776772014427963,-0.09160544371435465,0.08728958914594961,0.3311282675074113,-0.11395632009739518
SADAX,0.021907875099894423,0.001288136114528049,-0.12148282608338705,-0.3005784841870616,-0.22587184184489073,-0.012491466369089084,0.5811591577920754,-0.22910979501453804,-0.06628390046798045,-0.0032313999072304373,0.013487358085195652,-0.2570916791088853,-0.35375550506690295,0.2544543736358903,-0.29026196172828744,0.25094402175767805,-0.08739536556351203,-0.18692174270832423,0.05573893035935638
SADAX,-0.00021168054717178792,0.10338203859981764,0.2707960524467915,0.2908487930690454,0.2910294553357918,0.10743107265868877,0.07510866773870997,0.22259242032047338,0.4987849416759972,-0.4062658689134539,0.17105670683385973,-0.34490681679269947,0.08469949905783031,-0.27133414342184603,-0.017329456527699637,-0.09279931506795458,0.03732243967231456,0.15331886950964033,0.05738454162061466
SADAX,0.0005070199909270967,0.13170565660741315,-0.2348776052456928,-0.1326872917120849,-0.332465840189714,-0.033813109100196824,-0.08894949073380695,-0.2843898841069346,-0.10440044650686832,0.22714597077718446,-0.16444381228838953,0.3379955068654278,0.01217651972331607,0.35429877057907305,-0.27895227914398146,0.4581659622682031,-0.17893212999435276,-0.23766418643672535,0.06106534522220436
SADAX,0.0027699835199667304,-0.08788952136770808,-0.24748331818554858,-0.12814613667569838,-0.3215008712189518,-0.1626054340300633,-0.07847419924476419,-0.24012394869594542,-0.4381632913744634,0.5370569203568138,-0.10064749961869561,0.3285056774799056,-0.03180769693963617,0.12261787769693164,0.24643405774393567,7.768759607584064e-05,-0.12435978467499346,-0.06914002975534196,-0.15968572196776462
SADAX,0.0019746225110104775,0.31695974093895346,-0.2987491634917888,-0.11312341979225338,-0.27524113195537586,-0.04801955497646016,-0.07779990251306333,-0.19134948145125136,0.14732444457898183,0.08514108319886954,-0.1502076090273005,0.21841004154364546,0.11880149750274208,0.3173404403026397,-0.4978096141371407,0.32779018285167183,-0.17085607578541206,-0.2604336566833045,0.10218474232966442
SADAX,0.0019332455489738738,0.06662407175527825,-0.17276148583348427,-0.0421067722416744,-0.2413015158734793,-0.26723162079259455,0.06770121045877837,0.3989856052588527,-0.4883529193162193,0.3183268688624046,-0.027803264957515894,0.3889675029117873,-0.04315302942022111,-0.010993782214996736,0.3070548279258299,-0.12558150677447322,-0.12757751600285253,0.06974412996141854,-0.21322192485199398
SADAX,0.01691540551651751,-0.20640250154707152,-0.06472818622872732,0.001664290681138603,-0.004644346014101339,0.22342453355485525,0.8176550935769259,0.15962764790349132,-0.009550043617813803,0.14028404333028213,-0.021414934463322786,-0.015402483371052928,0.1448136146799791,-0.1792492556060781,-0.104967407555009,0.0919771735791972,0.047717091942141375,0.3209314687722366,0.10442582495319178
SADAX,0.4235975932839412,0.2270834857431476,-0.027323399154078887,-0.04462993587101663,-0.29114407717595014,-0.34272037796322297,0.06550594877589518,-0.15339179244288628,-0.11026450264596771,-0.10796309540417229,0.04903798777839247,0.11312286610080577,-0.2243556325187228,0.163282029128064,0.21885346318388704,-0.16979864774581505,-0.06460532869468649,-0.6999781216785197,-0.16961303548162004
SADAX,0.005476476983754934,-0.11048136561023456,0.10663611671195827,0.1512631804227341,0.2819106898001353,0.26453959385085235,-0.057109554733956056,0.2537836142625225,0.12478545194170731,0.059918064182339935,-0.0557820863305377,-0.135719004176475,0.22293291007551078,-0.07858013467135275,-0.0986401383542017,0.11878692896307927,0.10967679462930714,0.7692878693717653,0.11036199343226621
SADAX,-0.0003234016549352214,0.13320678642475128,0.2986897015385428,0.3589657545252762,0.18888531247218712,-0.009160786728032624,-0.04190328614127815,0.0395352696797748,0.20107380456171678,-0.35715485570626326,0.3202114325382652,-0.114455229965943,0.06454234720963406,-0.20565328041486838,0.24284619418107034,-0.3727831849565657,0.3779252603600914,0.1401802583192059,0.18600886938470323
SADAX,0.0007156281607701808,0.14964044965513004,0.4267229041973464,0.3401613894852442,0.19127965819380385,-0.114408845379009,-0.051604356816866155,0.026606528426080255,0.19436257844457072,-0.2182702416348925,0.24257956840004669,-0.1980975313321969,0.12545768371399657,-0.04651739755622542,0.23409441632030792,-0.17862694025234743,-0.10920664927872417,0.2213137238316498,0.5270047394486026
SADAX,0.002909961122282133,0.3684932449548539,0.07841230018630152,-0.15177598078287577,0.18327716823217038,-0.638146946364206,-0.036493562072140474,-0.027918477181006957,0.058293753117984924,-0.13394069810172587,-0.0685659309748658,-0.3274488995031158,-0.2436963842179409,0.21114493285649277,0.11699114355382323,-0.07859207861266412,-0.032543538082752226,0.058382862719972395,0.36129114293026043
SADAX,-0.0005537833647862933,-0.28158222592077325,0.30614853760381605,0.06516964117052969,-0.49160493205330774,0.23205479924353528,-0.02308068852729232,-0.043292564221555765,-0.18201676219529697,0.08602176028577631,-0.21350936673674017,-0.5445532869303092,0.24777883700215897,-0.013224496172186639,-0.27864971965767743,0.007482186768124371,0.024617016365001146,0.03296712822596093,0.034460741812488024
SADAX,0.002342770742923324,-0.10876868295110596,0.23826634991125684,0.21752687558194822,0.33077995439466407,0.14236438450418304,-0.06987434368250461,-0.3000626364531781,0.11287547600316569,-0.07161651048925584,-0.1233128283395209,-0.39342973373816803,-0.49145852101798226,-0.2622532607848818,-0.07804876070063783,0.3229669508920618,-0.05271328075298747,0.07255398019618814,-0.20703739957984454
SADAX,0.0072047040728303,0.2832348156475097,-0.14115300025518185,0.027740279598378378,-0.19912430916298599,-0.19893010546444995,-0.09051825506164446,-0.10363969781975951,0.04556458636061781,-0.029926904247836207,-0.04496364366479528,-0.432667601634375,-0.5701160178193393,0.4472152382797671,-0.053827144647702434,0.11334920615182395,0.05985926179653988,-0.21428530205969532,-0.13583344523062404
SADAX,-7.255005168278608e-05,0.1960292499374554,-0.22559032679567192,-0.36668898278063017,-0.3103241969334307,-0.11557486273069931,-0.07578041368911136,0.10124180943023042,-0.2880380660220889,0.3173031598793931,-0.15803722194191014,0.3193802688645874,-0.01784041519548887,0.27668169165275697,-0.31780626786779237,0.014803547335639931,-0.0007586921526465212,-0.3957621443950037,0.07227375445551393
SADAX,0.004027177655219182,0.3087596700214192,-0.36390319240577407,-0.3377431607569114,-0.25385907173236333,-0.13701332423656673,-0.06088551305166929,0.2877469268427719,-0.1222424268623654,0.07761559845613734,-0.10192685301298053,0.2517160942755317,-0.0016907252146547203,0.3988198024920953,-0.17255407229392944,0.33772499239024206,-0.13458447886186456,-0.26948473533516026,-0.010169923232155507
SADAX,-0.00291089350220057,0.051972554947527366,0.35992084213491604,0.22616267437166995,0.27437832272801327,0.12859983919518925,0.07250381800456719,0.1359397410945868,0.5588863286915238,-0.4493911110081639,0.015905734241177985,-0.2916191415626253,0.08438039416818524,-0.1565750639055873,-0.18934278420996303,-0.004495754343806358,0.08528332368525074,0.06163885920487301,0.15122226513873507
SADAX,-0.21101347235867568,0.12347599661477396,-0.2941726615865854,-0.23826588737837376,-0.22621764385539822,-0.031947634765550084,-0.06645452516587942,-0.04378780597030855,0.16917941421510277,0.14756525684843053,-0.17390569956941357,0.21044069784487074,0.1040561950730305,0.2237918376634602,-0.4655986011243795,0.09703429113265478,0.4962715502458439,-0.30265324512068553,0.18165504154441814
SADAX,0.03638092220569126,0.11856738268072316,-0.24397213285520553,-0.1934477286757262,-0.19159546341743047,-0.025387775580475135,-0.05796648636869711,-0.05504244093572933,0.17514490998434218,0.08192799526412499,-0.14996515682211387,0.1699906302128175,0.099505642908147,0.24311440988077415,-0.45118209825216393,0.0862620027204013,0.6345575960130259,-0.21109782429403615,0.17100252941639926
SADAX,0.001937596212892989,0.27612736506530305,-0.33843692512516765,-0.2926933594423174,-0.2621499205812743,-0.15994678598887926,-0.06362357882875286,0.21489453404245884,0.08852965102999215,0.06524173193052651,-0.1621948988107331,0.2264728100284938,0.07378442995717834,0.4179738145236066,-0.31195218383127044,0.3263785082171317,-0.1710581721205276,-0.27012857367619697,0.055738263873353934
SADAX,0.0012718407490193368,0.07162609943570178,-0.20739540530339218,-0.15125638316823684,-0.2184734697281804,-0.23671645858755574,0.07382080708850039,0.5452786178148431,-0.4574162003502419,0.2528060925174858,-0.041656128652074256,0.3544138570386876,-0.06629687537775357,-0.009342388532125717,0.2713025954315468,-0.07754973557360866,-0.11138763139788663,0.01802536120363746,-0.15848054553197968
SADAX,0.0026443893986154653,-0.08517377166748308,-0.1403717724749475,-0.10648036658184762,-0.16915484611743356,0.15799783549934635,0.834028253429393,0.30560774693200266,-0.03131500115123611,0.14323985819311297,-0.022401650922421613,0.025861659274987656,0.10925510203829569,-0.1344660373480841,-0.19092340170952365,0.09189846952562876,0.02117183345747211,-0.06502734411491769,0.12987151704503036
SADAX,0.054567994338442366,-0.05018552504393031,-0.10186877620244801,-0.07161440010604478,-0.1614239837386679,0.15583558875046022,0.7640548310915373,0.21984981426986538,0.058745714948157106,0.07984401458161718,-0.03765172435988965,-0.04040802005544585,0.1312774464666692,-0.06260573929849735,-0.23608203662046956,0.09834458365650174,0.014669581830258243,0.4309284762228122,0.11903200471701857
SADAX,0.0017690935599710984,-0.035080375520180354,-0.06141513647837449,-0.01168456170749511,-0.10025783657596989,0.15805400707895761,0.4279093581355103,0.21032381996174337,0.12475837776568229,0.0020128528707357802,-0.062113518043117814,-0.05290807476691495,0.13656707575840155,-0.014619093445895587,-0.22936236148674125,0.10497564258317632,0.013383278112718161,0.783018225880013,0.12029885178872808
SADAX,-0.07302288128244952,0.07855713106351268,0.15385713894760106,0.2645178318848885,0.3196140798191333,0.09295545336956312,-0.060543826228722564,0.48217572206679593,0.2974872146788017,-0.30138935776751286,0.09695586973734693,-0.18932281319435795,0.23083278993431208,-0.13397751170644112,0.28210644746994296,-0.10946037203470567,0.28209642890569975,0.167555465638836,-0.2412547609478748
SADAX,0.0009869643499889834,0.08742110216564662,0.2108835152524896,0.31181953689117303,0.18720772727673676,0.0017575104102573432,-0.03770155917064554,0.00505562027957973,0.1713634083099109,-0.3937303563689749,0.3733660015393548,-0.01809982156939656,-0.007958483724359531,-0.17403285143156977,0.22876304491077926,-0.4391784260542351,0.4569908731748528,0.01791324776529353,0.07291201196444691
SADAX,0.0010947508807915326,0.11601408564865465,0.1442385251742221,0.30287674613316523,0.2540627614187821,-0.02889906107155036,-0.08095300790408602,0.18674569524094647,0.3095406916909085,-0.2760015169118572,0.21219092033541595,-0.26250506910885424,0.3632855318426302,0.04201180251236245,0.31209824288196675,-0.24590875233533943,-0.13164821178899203,0.24784711387877376,-0.3329982796509035
SADAX,-0.0007936291822596463,-0.34374331563800525,0.17797546671966924,-0.1250212947919396,-0.019785842314436926,-0.1360616096762726,0.303340513975774,0.5180600164855839,-0.18154919797823987,-0.063504123704989,-0.3306515784809481,0.21875972620700346,-0.4576693151677912,-0.2160627029183428,0.008819347480695123,-0.03081262619894168,-0.06002591276420291,0.0002336704711358836,0.01658994640394407
SADAX,0.0029703004114155097,-0.11254391967835108,0.26660945672464154,0.3417535822132352,0.38083990265448353,0.11323019922151177,-0.0721645393976627,-0.2584061233381774,0.18288667291833605,-0.12979043781070368,-0.11984031717592668,-0.2316088476713603,0.3985919106873012,-0.21925878569534393,-0.06004102486903448,0.4381816891043293,-0.08084220382805785,0.039039944031210236,-0.20174519153138212
SADAX,0.00014906527538415147,0.20031180683547123,-0.2703707690904561,-0.1976791468243622,-0.3722434279945784,-0.17580508496035963,-0.11490834827023652,-0.2950393796067409,0.08569339932469763,-0.05419363996395365,-0.10423873102712652,-0.14417636651144228,0.4677543158738039,0.3348538080751863,0.13249825356061862,-0.1113254666626424,0.02033034289380171,0.16300453034062087,-0.38494941782596204
SADAX,0.00025091924187822063,-0.12161474998794726,-0.2897771245354176,-0.5106874221706222,-0.3305568290402454,-0.08853602116283601,-0.08545534639773794,-0.21902469818417233,-0.3585111190983462,0.30651358246113747,-0.19132489561515487,0.3834347652955631,-0.03397342604217866,0.044595245911785424,-0.10144680369618689,-0.1521658899299858,0.020702024080607815,-0.11370732829658055,-0.10955155386633536
SADAX,0.0031046009322765094,0.19568566623176878,-0.345461693793362,-0.49922850592905743,-0.2595186952252645,-0.02631836307474907,-0.07005470113285447,0.12390901400829223,0.16619814492388457,-0.03636469110683862,-0.1723231316200189,0.15348341566133178,0.12241774204803883,0.23236340283531975,-0.4521295841612584,0.20406720215029858,-0.17086265424950894,-0.2651721702105606,0.08988950504468467
SADAX,0.0028952427503440652,-0.232102102472713,-0.3300478142204446,-0.2829141549064006,-0.26154215221294425,-0.06179561857020794,-0.06711224419209129,-0.3266278390722266,-0.47027549632055005,0.35932436272473534,-0.17892591498985266,0.3338646133270345,-0.07583110032452069,-0.14851660272870387,0.14979822974677348,-0.01695987372071174,-0.11143759704585915,-0.012441207806634293,-0.1299343372554977
SADAX,-0.004857108489027401,0.09639532085043805,-0.3410243667180284,-0.3136002683167816,-0.25644145281074576,0.04422738415657399,-0.08205735975026945,-0.006058440326305798,0.21328597837262597,0.01917627550719359,-0.1647810451109571,0.18013507921540542,0.1314017178277347,0.14632855218970794,-0.6439685553043226,0.06681439827720198,0.0002991053940035707,-0.3131024743469569,0.20061244386713528
SADAX,0.0016700423045506118,0.23436823352757183,-0.32468236934003336,-0.3144157257982092,-0.26951278628237446,-0.034163685962994135,-0.07229674483147308,0.39852882752132207,0.18579094779911828,-0.08006048697572828,-0.1637792671824475,0.14348832608298398,0.10436371145777883,0.25160979875772466,-0.419535156037797,0.250173892361969,-0.14220241806020967,-0.272973218021543,0.08406477482470769
SADAX,0.009481309911286883,-0.08238089702006246,0.20827105080303612,0.19691540251752684,0.21722653242440276,0.3146641814366413,0.033308185528240615,-0.4238702812061218,0.46674250452289884,-0.17354962368325558,0.08480753853617974,-0.35702315317170463,0.09932149787737571,0.0952723337363941,-0.3386728463711367,0.09111719403333045,-0.15545160187419196,-0.04344932205123808,0.18292722057075989
SADAX,0.07875775280146541,0.047445492102127826,-0.16691885323691533,-0.1488726426109399,-0.1944770061750319,-0.2875094452662868,-0.029715119853563635,0.4437059340990223,-0.469012429705103,0.2016595040339503,-0.035464169799900844,0.33135791940545917,-0.07675346835319961,-0.14861096384927208,0.32368990043513224,-0.16072851563910537,0.2588925694530775,0.06827537408004145,-0.16587954569402152
SADAX,-0.00443918494008461,0.07811981757102736,0.20366344704777695,0.1599221433555215,0.22423196922973582,0.17051398683407692,-0.11036827603964466,-0.503395202900948,0.4558482060396379,-0.25389469437523016,0.03423998998635588,-0.38129821565862265,0.06868583610943427,0.19256526940456933,-0.23918622949210624,0.07771730325129622,0.08132666164344766,-0.12562032184199676,0.18877516079555484
SADAX,0.0051150695499549426,-0.17437477364962728,-0.11478285070219219,-0.08843985728470016,-0.1777492501069444,0.13822377631732014,0.7348607539952993,0.2978150529467633,-0.09120060685072713,0.19140988070711273,-0.05381900780670493,0.09979706389906581,0.055476084135842305,-0.08388187673342508,-0.2593318525159095,0.14555214369422295,-0.03554551241877342,-0.3197207096194609,0.09661126046047727
SADAX,0.00497890347106117,0.06600024697577278,0.12159765973604231,0.21662489800732707,0.17055461627377222,0.01356617260921883,-0.03298445483362501,-0.07461388686637985,0.13987959103386866,-0.40539459022055296,0.30432425225253185,0.08978386504792335,-0.10620211157494251,-0.1798709537422836,0.19228075277044362,-0.5053525241026462,0.5041512702007789,-0.021818910488087612,0.15095681752663054
SADAX,-0.0039392359148239875,-0.3514404600642249,0.43980293451628355,0.3530874513999119,0.27676953797416254,0.31225764840516296,-0.049036596665403595,0.20723618420034734,0.2627385033792323,-0.17132853366635065,0.053432382898751754,-0.12803136554190309,0.2806724270242607,-0.011092001300468852,0.22683532066037598,-0.1675089779474033,-0.09476033948739444,0.22846806787620907,-0.04137404531552678
SADAX,-0.0007546132894612941,-0.5501745671555343,-0.16249534324031914,-0.017898221029230856,0.04648792672436135,-0.09632871402732622,0.49260818762065417,-0.25574298025861597,-0.31121300957803594,0.004229757524017611,-0.02190439624195331,0.31291797177918756,-0.10843088935389127,0.11802164976682096,0.10858120262260443,0.3342648812235134,-0.0011298125703765693,0.031413307273221454,-0.07489325534270745
Pa0l0l0,6.413892480145269e-05,0.12614725903262486,0.3351596311687314,0.04770145109219342,0.1856276133415419,-0.0480019655799626,-0.16166605161726919,0.4805950609606236,0.1935595917682562,0.045891480313048176,0.0995268008504849,-0.08861647820198508,-0.30984176291213666,-0.02843622479176902,0.1758823926677975,0.41802039882686337,-0.14904501619904464,-0.36882989269311706,-0.23988375643533189
Pa0l0l0,0.003667692793873306,0.15709122283673763,0.3343910035115718,0.07350029093164186,0.17653954549616555,-0.03754372573004004,-0.1541941287274703,0.4876418503890221,0.22724239491776832,0.06999721996268715,0.2753989270660147,-0.0005145181477388618,-0.06173115636274666,-0.014877692878367916,0.17664697474115604,0.43637148140797677,-0.14775760682673322,-0.34125833264645755,-0.26005220666943263
Pa0l0l0,-0.00032452206302134617,0.10885764465077671,-0.0010175265339275603,0.6657738512346714,-0.09716883850653027,0.13017852525277118,-0.022478529358951244,0.19518607536409874,-0.3344954926088522,-0.07176824203242502,0.36038032477418597,0.1222097381386853,-0.17278462846658346,-0.3863561283102643,0.07159287490009378,0.1226411969662912,0.12493684446550898,0.04925561316313465,0.026992666424167054
Pa0l0l0,0.0015660754070107627,0.10434874321776792,0.2750151490926843,0.0829313511774331,0.18789045930916773,-0.06607221241520322,-0.16004575597676904,0.36986987829913404,0.186989089483245,0.07402568192018037,-0.11810093485161431,-0.17371660096652103,-0.5331380467725592,-0.03908946083381409,0.18095280817863313,0.3816900490182792,-0.14760606283861594,-0.36589950587469866,-0.008847763922220536
Pa0l0l0,0.0006010022447319188,-0.13138943399383476,0.05565129851594075,0.3208769341981858,0.2807228349892441,-0.15570443600871667,-0.17163401294519354,0.02256115420629146,-0.08295776892563393,0.013349210415312564,0.11464315028696283,-0.2557757507693699,0.2205871112499171,-0.1034962657742435,0.031228836959198408,0.25180864915868606,-0.124971489312817,-0.40295216521421723,0.596904962618876
Pa0l0l0,0.0003827210063835267,-0.14082441559405068,-0.21615248202791681,0.4360541891571983,-0.4212784863983284,-0.08816612974545711,0.45116138156214497,-0.03207791090248367,0.11614254050754015,0.18324876041298754,0.008536898362596862,-0.22068993736629675,0.2615911113680208,-0.006589013015283498,-0.3239874703473058,0.08525944005517087,-0.18774439033879012,0.18370660819466197,0.08903000501059316
Pa0l0l0,-0.0009737190890176505,-0.23493860746481615,-0.36231922331299415,0.4903028104954715,-0.4104676690605431,-0.1621627373207497,0.06764414052454926,-0.11597568574915615,-0.14658367039266756,-0.005094113835244716,-0.17454805481131622,0.11548909112908538,-0.124632439859351,-0.11906899830240121,-0.41820545848881724,0.19843886470206998,-0.023650518194028892,0.17828202628507248,0.13667286166569767
Pa0l0l0,0.0012448279764712212,-0.19511488599775864,-0.28210448571528224,0.43515757429159563,-0.3067759072927128,-0.11054984405023874,0.3152485379093404,-0.1279928899911084,-0.22018341921613502,0.04528771482305149,0.006412586225753783,0.1206302490257405,-0.16292295538366638,-0.09635807990018101,-0.3086934565920586,0.04990424875102068,0.49490619567680755,0.1439450246698171,0.08062828809818101
Pa0l0l0,0.01563914349337631,-0.18795875533758089,-0.2611531214316662,0.37576471504676395,-0.265230239121545,-0.11258817108450757,-0.14656316994675977,-0.1315853973145951,-0.44492834392120045,0.09150763659039361,0.5777805617153663,0.10524189916875142,-0.2105457224273474,-0.1312647616228088,-0.014296380666582184,0.07917467578429332,-0.033602663742523464,0.10904216781023315,-0.034049598402368805
Pa0l0l0,0.0003606943138323398,-0.22150109705052712,-0.34169608196394696,0.42797129039748444,-0.3398670095313527,-0.15491092973359924,-0.17427755625989794,-0.11405062561840318,-0.5688967135212132,-0.03176058195376506,0.015419227208993138,0.08043871899436213,-0.1927057513463,-0.16120197202760775,-0.05143631269398929,0.15657639126811912,-0.15020764264885048,0.1494175003946688,-0.040033991087883296
Pa0l0l0,0.007235830121103415,-0.1376990765561542,-0.2403501528377815,0.38567721197501575,-0.2470908750213052,-0.0848290549776347,0.3356275089516182,-0.03715192851252385,-0.13356000071051924,0.02902524653815218,0.6128109877871475,0.10694513404168257,-0.07075773109676507,-0.07047071684897235,-0.34687808838157497,0.14628441742304524,0.10910479498207998,0.09565068876029181,0.11765781622690447
Pa0l0l0,0.0005265613643505016,-0.16941027982844295,-0.3155498582369566,0.4784726062799558,-0.33221840549057885,-0.0640111853262246,0.37536726789069,-0.0803659663626963,-0.1852090440178636,0.05214376748917156,-0.1754688323918676,0.1465865888119224,-0.1085528681652999,-0.05904385708137876,-0.46844070816521893,0.061966972472065375,0.10983951796239619,0.1721426250765773,0.10688322716629645
Pa0l0l0,0.002149568931325876,-0.10894655043476496,-0.2652706903428006,0.2724505925638817,-0.2627563700429507,0.5526294293306192,-0.08321041550057741,-0.12142821302850539,-0.489714620198099,-0.02336527660886853,0.016844405504280093,0.18921816109370843,-0.14520357475878273,-0.08314104774762307,0.20513981672975712,0.23123019407171952,-0.14473814441234226,0.13278611877422106,-0.0940354699968678
Pa0l0l0,0.0014894960348389504,-0.11635104094039275,-0.25989229468193864,0.32821467577856134,-0.34110856109354465,-0.06069485596707314,0.357563430198315,-0.10640990987788533,-0.46141157974271174,-0.07484802440834713,0.0465343687591563,0.22860151573908283,-0.13965393739384227,0.0431059551989517,-0.4624993440830629,0.053502017186468416,-0.06321964546860732,0.0378830689532584,0.1883923755106017
Pa0l0l0,0.0002417265379346024,-0.05027109366891979,0.08273589514139501,0.02996260155492405,0.1394993138795394,-0.049292842724715145,-0.10732713233567218,-0.30385069364822637,0.21421847931346777,0.4559690057746287,0.47754377497317274,-0.10389168472953451,-0.08566813486038942,-0.054221527176983766,0.18068180136571663,0.5128628429049126,0.2352624324465295,0.09731249127868512,0.02419618455852069
Pa0l0l0,0.00011835401233761975,-0.4120267189789813,0.033868089274650306,-0.022127525177028675,-0.08376778253112194,0.11032122977959745,-0.06847761315963068,0.38492770605329674,-0.13114279629980552,0.3319314737600316,-0.06895516592792329,-0.08508928415637523,-0.24466872406098972,0.30090375449467627,-0.5790435217963144,-0.1651655528547628,-0.04445769589178739,0.04593612764542573,-0.010747300594360742
Pa0l0l0,0.0006619801789326381,0.33335232205848464,0.28235658833500543,-0.41076405906176094,0.20067610121313903,-0.12031847270438627,-0.1897217653455662,0.17599596545965435,0.10833408949220281,-0.1434697940695037,-0.06294182888096954,-0.25102242298135974,0.2039825808826146,0.22313597659809103,0.2276832621898682,-0.3279749244712828,-0.1710730193917441,-0.29753515357338367,-0.22542139271908984
Pa0l0l0,0.0019313546528383113,0.00991212554570532,-0.1714448731400373,-0.12461146215655197,-0.34726285962277414,0.6363142000180749,-0.1620230962701159,0.05430538745224958,-0.32561228103901363,-0.3817110665107626,-0.08286367093465576,0.08205514202872848,-0.17192389232174912,-0.011645095985044174,0.08790314055850482,-0.11543228249673955,-0.10581559733347126,0.013854985390499884,-0.2698750390523046
Pa0l0l0,-6.461780332818395e-06,0.0188814373251222,-0.34892319414871065,0.009678227853027542,-0.36343008547118344,-0.12450940020405726,0.37021729075713894,0.1803630256468607,-0.30330073100400656,-0.3424653569973781,-0.18256921925011435,0.0949669220065747,-0.1734067277749888,0.04351644147960436,-0.42060662477685645,-0.24670446155496684,0.040031773937402156,0.14034257354170893,0.1340428194407992
Pa0l0l0,0.001707548663712684,0.01752404856507566,-0.4167280158983945,0.004382916923861193,-0.3571984083525466,-0.155108626764132,-0.21177641551708348,0.21218273741983562,-0.36298790089547595,-0.3432992577987263,-0.19006894822434564,0.08479013397818952,-0.16066325465913636,0.00786853330152092,-0.13849126567991685,-0.20421060354586626,0.40931431410024094,0.16031510877296215,0.1075434724137432
Pa0l0l0,0.0007381139678073223,-0.06314402404309681,-0.41356776656742467,-0.013336287036828164,-0.3609616837266093,-0.1579530336672651,-0.20972076730326256,0.06418739029836908,-0.15663056539737708,-0.22735597585835626,-0.15564342769209816,0.0699072854323837,-0.1453684399151009,-0.041413544052642894,-0.47027724509593394,-0.35592038027062395,0.3150129565027611,0.18589002045722908,0.10788998178741262
Pa0l0l0,0.0011428416174836154,-0.028679473969047353,-0.40017032214426973,-0.0572714882349037,-0.35231066697069297,-0.040399794650971974,-0.0560004249264194,-0.051538619712192875,-0.5792938628930999,-0.44831630913665743,-0.04105845008116822,0.1199419109946983,-0.20427969372025448,-0.0033188978143289167,0.05311522464661368,-0.16143890780219458,-0.18458703509666613,0.184821894272661,-0.1127685143179701
Pa0l0l0,-0.005197657416941626,0.011406346865710942,0.3652593225181274,0.09349052637796637,0.4246725286659409,0.09824961009766432,-0.37357040222318844,0.038271984074939175,0.09142186836493217,0.36643477449350614,-0.023957853343959973,-0.16033484026363548,0.12210558358855213,-0.1306045302402471,0.5190326803341428,0.15546334553457425,0.09224158205297506,-0.06633981469767523,-0.13907371161874899
Pa0l0l0,0.010500785532632034,-0.14276365360414522,-0.11914561777710599,0.48110070934478516,-0.29863938094394504,0.15927878945611806,0.22767195597845422,0.24418222017631333,-0.3247857837214413,0.07063778165667575,0.06035066408921812,0.1900284890953474,-0.14858487354519748,-0.1409180296387902,-0.3472850407137074,-0.3023603864270377,0.20390730697596432,0.012902618076504325,0.24902414120684976
Pa0l0l0,-0.012443319974135019,0.13436540682822357,0.12382176566714162,-0.39132481799501057,0.2044767264428,-0.11137119278338586,-0.1600093984950995,-0.2599168276327569,0.2847868664396491,0.23893794461187606,0.12133113678400384,-0.18435623042586005,0.1619431801835679,0.06387745277451913,0.27462564256832317,0.4527572454003851,0.24963586179087824,-0.2629881676157323,-0.1923706348808099
Pa0l0l0,0.0032693214681576224,0.09514108090873852,0.06488362650420898,-0.26508733980891,0.1368305416656497,-0.07394836117479091,-0.1049358138922577,-0.17582351061076726,0.18726916648017944,0.30389702031005766,0.6365870905251215,-0.07069690439809734,-0.11461304499294946,0.02927804401109448,0.1696116422765683,0.38125964582516,0.2816001343007232,0.128032434149417,0.16992635624219077
Pa0l0l0,0.001193425692580805,0.1961748855517563,0.03460933340675154,-0.3862265475230041,0.3349089025050338,-0.1505107384586839,-0.2485963861170182,0.15640520127827723,0.2409645254855093,-0.16003918072073217,-0.06815787262803459,-0.2214520383642302,0.2845653483132381,0.20722214954054433,0.12861784946364938,-0.27567795128375555,-0.15845977589888596,-0.346206414874172,-0.30211883578152904
Pa0l0l0,0.0004245538351017252,0.20537361675888632,0.1551730651261216,-0.3549933052175511,0.3189984491560731,-0.13418839321842108,-0.24805848542028466,0.09718594772529496,0.25599715944409057,-0.10825792101494351,-0.07333880801800757,-0.2497272777089561,0.282468440798095,0.22647253696269148,0.09109795970429083,-0.4689900727599647,-0.1467372347148071,0.09381571852731806,-0.28691377753232034
Pa0l0l0,0.0003412593186253969,-0.22731943794692333,-0.23149339565689553,0.323572150560162,-0.268740979335202,0.10588180422916524,0.21956356213223385,-0.08371987115660406,-0.23429629082381412,0.07579133825325332,0.07519620232604113,0.21633369125650884,-0.24603676785195155,-0.1800123603598088,-0.0850546263583472,0.35103722340615084,0.12841984509321788,0.5414988203908663,-0.0719825932754344
Pa0l0l0,0.0010804780931302038,0.2545077476664758,0.30563407637629236,-0.3917441128218194,0.2676743224533383,-0.10120291541503611,-0.22091923972975416,0.11066492479089624,0.25329013993604954,-0.10060294015499952,-0.08531871194367716,-0.20965072461296036,0.24635221161480347,0.18834040438065186,0.07454694155921036,-0.2818875512624854,-0.11395608708954197,-0.30865930274069003,0.3611939785808657
Pa0l0l0,-0.0005115295661769655,0.3305003731365901,0.13624075647998854,-0.40882382450264776,-0.21091157877848707,0.05224964421894533,-0.2251189677037371,0.33941396025430876,-0.21091567544697976,-0.06253910678851823,-0.17451158847320117,-0.2240597694480151,0.3368682180817841,0.19172113194780702,-0.12096286098338359,0.4064906955809971,0.035854441657771643,0.14291628410186621,0.10539831373454363
Pa0l0l0,-2.1242367028027766e-05,0.35170697866477235,-0.2781180979231766,-0.24041315009232095,-0.05774390649510569,0.1725823212585363,-0.23943484809736598,-0.11679876528733621,-0.26352757169685764,0.3779288557044873,-0.3967026631033869,-0.33563450956872676,-0.12939417700643102,-0.2973195092700767,-0.13724753800003203,0.024124956886060006,-0.1552114786536361,0.03525204489277132,-0.06978213264550112
Pa0l0l0,0.0008677275164723045,0.3876400062319606,0.342917403503337,-0.4139391762644975,0.20577865396201167,-0.09565849043106855,-0.17626155138072938,0.046660189900501525,0.19158995408161433,-0.020436524717958145,-0.10447922367542932,-0.20063567783170178,0.15954120507320302,0.3073532910119189,0.2526791307027085,-0.2870117029224872,0.24492912352214533,0.2224233143276886,-0.11026003442056641
Pa0l0l0,-0.00012070211727297431,-0.029711388060847554,0.08713437907990795,0.24148878597600965,-0.285053976701989,0.22958008667134486,0.16389517080034535,-0.1267382033982564,0.2121334286735508,0.5664795359041404,-0.13869671573122247,-0.33592039705066684,0.2410230908896167,-0.08252273640306863,0.1453568791086446,0.3091385829475143,0.08075698260800147,-0.2557725125873242,0.06930641938426232
Pa0l0l0,0.0004923421360394241,0.13529316337603936,-0.32497858030287274,0.02725428596931984,-0.38804081916761174,-0.0882352729422206,0.4826007973677841,0.017712495998466363,0.21243655776347198,-0.15010623698498696,0.015185851536138082,-0.1267097695056018,0.12770851225945304,0.1427836892742836,-0.4730340514168147,-0.27757874999277626,-0.11607496605703019,0.12425077602641094,0.1827480744773295
Pa0l0l0,0.001169932486110868,0.07129339950387736,-0.41524765449909506,0.02656149745817021,-0.38688215969050654,-0.17782564269727727,-0.020886699266904108,0.28464195631314965,-0.4356445727385551,-0.43351280373658185,-0.20875407010398458,0.10306805419792446,-0.16827106353670318,0.05168939521261726,0.03710078214453723,-0.12791986145660078,-0.1391990770829943,0.21200521174540973,-0.11854844867895091
Pa0l0l0,0.0006998314544145891,0.03388611604609251,-0.38577634100598757,0.02981855362868552,-0.3520435886235466,-0.132095355442567,0.34963148855061177,0.1770766597135809,-0.20873457858402264,-0.2611156734211187,-0.18345814213653927,0.10999097116628144,-0.11454576624999392,0.07140915641567046,-0.43510851368332804,-0.3291238509294303,0.16786399259506832,0.17850465247674593,0.14403619461066458
Pa0l0l0,0.0006320269556900204,0.017384589508776364,-0.3396575367585134,-0.007825958596720684,-0.2954413625406627,-0.14118956168108485,-0.166570104224665,0.1741389928105984,-0.5474678671483025,-0.31454471369617476,0.0902789212605016,0.04376189808384218,-0.18611770710740924,0.038969843549896827,0.13572513285488205,-0.22146849781236888,0.4356536804623584,0.12585214982094567,-0.031518710678083664
Pa0l0l0,0.006846622672400243,0.04826745401098087,-0.28224506998888277,-0.009139375208143664,-0.25797296492973393,-0.10267807191230353,0.11451263732701665,0.15957097323463593,-0.3104845217124577,-0.2584580973284599,0.7643238553586675,0.06207509310656151,-0.0985615614312139,0.060669723912893776,-0.02106400936083882,-0.10789975365097994,-0.1273131608552117,0.09629879856596812,0.006835457122090718
Pa0l0l0,0.00020807812647427013,0.017670348401099607,-0.37543610564414065,0.0033348894985839946,-0.3737083261767451,-0.12895954769803425,0.2638383682035169,0.07552474388729664,-0.024009266488356933,-0.2623768702922262,-0.013481364999789549,0.13446523307198813,-0.05974724428097644,0.2247636226718538,-0.6453379125566298,-0.1781370566711254,-0.09608607846880016,0.10069877187534945,0.13336220081589692
Pa0l0l0,0.006084352033370248,-0.005028767664853373,-0.23578431504063102,-0.03258672359825105,-0.3570562709824714,-0.12434002798309518,-0.11511356702689356,0.07832641438085558,-0.4828522052506591,-0.34802025705650935,-0.07400606253632554,0.28500373787150973,-0.1828564536828172,0.1574166390512921,-0.415382797669982,-0.247694830076866,-0.10381993873879293,0.17191911561265022,0.08699178316498817
Pa0l0l0,0.005828326132838681,0.07580713978400784,-0.0051383792510630855,-0.19882751403209287,0.1608601687496469,-0.07825063447332756,-0.11506744732360485,-0.1557744401577856,0.2197174697101979,0.2591424183325256,0.6551171102960207,-0.16892780943882096,-0.19078557901580778,0.02369975351148334,0.1947309000596979,0.3615909722155814,0.29305545317547416,0.04298219617841084,0.13669533477083137
Pa0l0l0,-0.009777800591084962,0.18742014266444973,0.08961927346440893,-0.3112817871902705,0.2645862574313604,-0.07192982502181604,-0.20605535537447112,0.2325341568657326,0.10995494415184533,-0.43365401348207167,-0.0009611531867312666,-0.25024559179296924,-0.039056680652587134,0.20889768977581386,0.06229690973586123,-0.17151979678034673,-0.11950871287240979,-0.5272032404849701,-0.23404298070324706
Pa0l0l0,0.0076465559281484515,-0.24243648639441273,-0.18057775134922524,0.3714560395012155,-0.3140203097590146,0.05820150515194162,0.2522916365858683,-0.3791291149612272,-0.17134958125955324,0.40545820642553987,0.06083857884557139,0.14918319190531018,-0.2924394908876897,-0.14118358399446967,-0.11071495767251671,0.10422980730660804,0.1613437854897389,-0.21181703169697969,0.20509249191378037
Pa0l0l0,-0.0004550055692688005,0.3115618610051154,-0.20655933653494674,-0.07702258703981647,-0.03437514097759866,0.3092518466960028,0.10736413889437989,0.2369664517005076,-0.38685408661649195,-0.018438142225024743,0.23429385705613498,-0.27782117403941886,-0.214276291981545,0.18914411344317586,-0.2676004975539411,-0.4486621655525482,-0.1889317105969855,0.1261585584861908,-0.03935005687307827
peppe,0.0009231566665965425,-0.43492501398791444,0.3312118001263281,0.17235684807358131,0.1876544017151381,0.16563970370709907,0.20059201708219174,-0.4033846847173714,0.023277719313793948,-0.0020884972222125877,-0.24186696191979512,0.04167726986203564,0.16610110694998415,0.23889268020545248,0.1729361471741994,-0.1803686596533305,-0.14533431993422763,0.2811603607351771,-0.31268185361411555
peppe,0.0013311141950775242,-0.0301213159282201,-0.20560906388737166,-0.0767560159991215,0.2627253335633807,-0.08513290075556237,0.25908541124213075,0.04363764047163744,0.18133275594201415,0.014913525832481237,0.04591286150408622,-0.15625083173305596,0.3045472636790899,-0.5831820917428645,-0.15232034116257961,0.49784773986127334,-0.07051650945441248,-0.0028204989608095594,-0.1926482622050745
peppe,0.001995155401597928,-0.01345447647142241,-0.09750939937229153,-0.19736657812973976,0.2743161306700789,-0.2752029815861985,0.28545809493481233,-0.30480066199976735,-0.2714992391722809,0.40311494665237163,-0.1617752509033192,0.03886452319160438,0.14501030501982165,-0.314086374680616,0.07665561106685385,0.25993228928969225,-0.12852751813426938,0.17310376372272168,-0.3499757231062447
peppe,0.00179858336965253,0.1650411425885208,-0.19527889872815174,-0.13653156126113566,-0.20464191020470993,0.10328098960131615,-0.23613419748080536,0.22842495138646893,0.2156856251685897,-0.15990383790378457,0.3016285686454418,-0.0930517400603434,0.18769202619491387,-0.3875026517958638,-0.418423678273983,0.2421898619289364,-0.061774549492450787,-0.36232375753030904,0.17193214361396764
peppe,0.0008373082043431391,0.2526652295619994,-0.2567829248054503,-0.24163566403536926,0.20894583583417076,-0.08633612082281493,0.20609245300363352,-0.2871072391459606,-0.5105038232406758,0.22030896155295926,-0.218231694250922,0.23411446436501726,-0.17730051464917512,0.19375466849380374,0.2789677296409964,0.004563296413899581,-0.2072145168353402,-0.0818331005382804,-0.16666895934761097
peppe,-0.00010095966898409107,0.18835689834922978,-0.1138519567262245,-0.03014379179245948,-0.26906949418063053,0.05611229179225394,-0.33924146507666036,0.25657962135162793,0.22677111764840616,-0.14148452279235027,0.3600397141235121,-0.010331723720747393,0.14474687719046184,-0.29082143530187765,-0.3641907615392524,0.36616584059863677,-0.2412069844789056,-0.20231712104683666,0.1471510466197954
peppe,-0.0012365341072894129,-0.08737347611954012,0.11022174471538937,0.24797447331195246,0.15485480904565943,0.14002302451550497,-0.3690341583173701,0.4732449666466421,0.2773272955858559,-0.37554623966822714,0.4324116337329902,0.09733367090266327,-0.0505249944971662,0.0643560705234798,0.11667660325620709,0.19203929258687572,0.08276274672477851,-0.184174072238469,-0.051345928424909267
peppe,0.00041451137289732955,-0.0785921361855843,0.20260234666074206,0.1568251327769583,0.08554575271280598,0.01824398320336094,0.00019148840792999482,0.5882726837261786,0.0988790076864373,-0.6458593220441398,0.2709485101739969,0.0465718850004428,0.1413186536576971,-0.08524678775348897,0.017138215666559483,0.1730723993185846,-0.07225111149431122,-0.09466629880533689,-0.01745559286378356
peppe,0.0009895368925946831,-0.31792793472273045,0.40715126119020595,0.37847303199162274,0.17549679220728073,0.041250929909144675,0.25676206009714486,0.2255941303525901,0.28618807830208143,-0.10501363952341825,0.42251664678564443,0.13978649114633568,0.17557786983785742,-0.07952717996899547,0.08050414909085311,0.26543316633823777,-0.11451634834713709,-0.03199587308340693,-0.14618473722596878
peppe,0.0016998777010242738,-0.2983891019931766,0.34976943008044936,0.0752301999603435,0.25412744432034234,-0.12276356840038567,0.32854763401583037,-0.3008867545659366,-0.17053064964247225,0.33019798612213913,-0.3370056586829085,0.2861671089442793,-0.06253888127643041,0.17399710929381004,0.13894029428017018,0.22167330611063527,-0.1502441134062327,-0.05817479165381495,-0.20657846347772235
peppe,0.0044568584754489495,0.20857230541535582,-0.15227060179550056,0.08058102968864998,0.2051311020608972,-0.16070420504483565,-0.21056560345637007,0.26541995780343036,0.2493887941431892,-0.1075380635956942,0.3595791436697938,0.05191675506816154,0.15124161703047703,0.2865364521416227,-0.3282775926169913,0.40114826327543135,-0.1522791219765433,-0.33800099682851553,0.16516393154169207
peppe,0.0019586469004238354,0.18955339415234293,-0.2447694463462935,-0.008298793417332362,-0.38334298078816903,-0.4700342587496404,0.13912595242539133,-0.019217907580242555,-0.2905471706805795,0.34055087173377174,-0.1405372035109747,0.15952555046246156,-0.12581601695727287,0.013951762767062881,0.1979357569420405,-0.2091784474370315,0.39401153766588076,-0.12285523932171873,-0.039880864485131416
peppe,0.0015146812196203247,0.3829974685369779,-0.2166163182380726,-0.09759480032429542,-0.32465387701384646,-0.3863749857191009,-0.3001897008024055,0.17653281832598663,0.17028994545322115,-0.05675063862146091,0.21557186353460164,0.02232013876000587,0.09702540231441058,0.3202480749165031,-0.25501811741463365,0.2967618668864877,0.04031371140435988,-0.25043804233196,0.11087999369152422
peppe,0.004173678210731254,0.25923416451522774,0.021823499106514044,0.09653713080408485,0.1575258612084146,-0.5696979009238314,-0.057888743713968384,0.10070176781478374,-0.09734104056641915,0.23099892889347584,-0.13627405661588307,0.13596654293534938,-0.062146614529531824,0.2404764786591515,0.20701843942457693,0.018967576597979176,0.5508563523258988,-0.21532924232561806,-0.07436174698026705
peppe,0.0013317618289325295,0.0507909167281234,0.2502273437707765,0.38563774786522237,0.14147215621292533,-0.24635993794152072,-0.24375776309286687,0.39473162266595646,0.30784892081764675,-0.12558080166744331,0.3057586872037291,-0.02124833731329293,0.17628845581755204,0.4243959777354146,-0.15743037534673537,0.15129577289147894,-0.04130887281576046,-0.1582896323271505,-0.0066259310476476565
peppe,0.0010595905590275703,0.05310883585752007,0.3056890607567947,0.5011924285646675,0.10418153657376211,-0.5025111341056936,0.1460800848715076,0.17584367608117463,0.024194880532768928,0.4621700799686826,-0.054805292815332786,-0.1486288104642729,0.1207188806819309,0.2583714864075429,-0.04457597202610929,0.08136385705099336,0.032841212307305495,-0.027647101802532582,-0.07647603255593224
peppe,0.0028645279869916897,-0.11105454658087235,0.2847794973446002,0.5122284818942413,0.0918240607908808,-0.0850996280044237,0.10824174455799071,0.22943924594372966,0.15180230266197717,-0.023118398739957472,0.14068029920422234,-0.04437462826502189,-0.03936597334800886,0.27764866300950986,0.22369898005529956,-0.5323320679445498,0.3033857189632794,0.08899297405264008,-0.08245628235409892
peppe,0.0023856825771021903,-0.21714531271090004,0.01789405516078235,0.4151147827231061,0.2902596021457531,0.13307747605369669,0.3180982121967961,-0.06263905938776723,0.09794188682379083,0.30150688135547177,-0.10557717302886047,-0.2864013411927603,0.38151756793161135,0.13473972227768083,0.20466588013886156,-0.04197980489654053,-0.19441215196756514,0.202805684795485,-0.3052518182693211
peppe,0.0034360842233293575,-0.22351867472182693,0.030684389401454792,0.2583627402275632,0.2572286069341323,0.12961677742674396,0.15128700346798624,0.31853037055938244,0.3450502027336921,-0.13146450574849253,0.5197446156943977,-0.14414890362776728,0.32413088070436524,0.04083414115128928,0.14967020361737068,-0.019504001757519623,-0.16203223494599783,0.1600025443401548,-0.25769967853340564
peppe,-0.0010490088599472115,-0.3257376725901172,-0.013968287029046433,-0.08913076064279343,0.22144338169731073,-0.04544323899067927,0.2163742288129807,-0.1946568892411115,0.06649040230365337,0.04367500995109721,-0.07116228443924154,0.5769905820074256,0.4173385217136666,-0.0437764727322989,0.3301667653327141,0.2662538631312636,-0.21126937646719637,0.014143203839727569,0.06935197476223968
peppe,0.001048464258739822,-0.5421136148654438,0.3318111741181232,0.09180695652803245,0.20157848701924425,0.10754649309022506,0.25774606623504254,-0.4415568237405519,0.0581135814878071,-0.004278262660604771,-0.2693553223998723,0.1809214906783649,0.07912040184078713,0.08805279121304681,0.1646096598150795,-0.10403261375848412,-0.14602084673538823,0.17345383784121007,-0.24891547240869724
peppe,3.305409742293221e-05,-0.1351015023171708,0.4332791578188955,0.20301087993595676,0.44637944331093526,0.023494393084098477,-0.041612225792992154,-0.25014236024038056,-0.2816465449354988,0.1071854083691417,-0.3806161382321851,-0.06346006404939983,-0.19868877101684163,0.039408665179004015,0.06302005335427008,-0.3018037990706503,0.14448727834130076,0.2946140424259043,-0.07227250882624849
peppe,-0.0008851970514495201,0.3496050739863221,-0.45189777545672927,-0.3235507273319355,-0.40620844705101233,-0.1248475726913046,-0.36335810551700065,-0.16246239055333234,-0.2275846846351343,0.14523039197095933,-0.15285175779250032,-0.007404329902734196,-0.10618588403043869,0.15483510094080566,0.12709478466394622,0.16565731493467828,-0.15108485158821236,-0.17278906710842845,-0.045073776799949845
peppe,0.002805826467800709,0.308610499185045,-0.30411278270046016,-0.24669574836835179,-0.3145034371107629,-0.08338817730080128,-0.2724807452203666,-0.14049543098467737,-0.41851681134075025,0.15149070455307065,-0.12726627765909254,-0.4789097903468656,-0.18165974698113638,0.017042474191618695,-0.05330104308441622,0.19140250051538021,-0.07567210873361821,-0.17073606998779958,0.016269939276217088
peppe,0.0001439240315881076,0.4425994275671188,-0.3296075574550549,-0.3824366513657161,-0.35885805644608115,-0.0677974509370368,-0.3140658449925379,-0.11762052370626296,-0.06877163703788684,0.06494990326255133,-0.15567691880333337,0.14335775981907117,-0.008924319344019402,-0.2183188130064961,-0.2755697571984482,0.23046774513196636,0.06340185773009321,-0.2311715278201835,0.12396613030138955
peppe,0.000729558938954893,0.3231739241164971,-0.3810878520164539,-0.2891904646029819,-0.31924273159196803,-0.0869184309504646,-0.03377163308209105,-0.10847984148131676,-0.518115394017428,0.21285037871519652,-0.11899675104794182,0.16118378520431312,-0.15534162505692958,0.02863666742649579,0.12354364431999756,0.010477420397431774,0.36248279056669097,-0.13006370474804554,-0.0423897573835494
peppe,-0.002394240752564107,0.3745213248222512,-0.24058607708500457,0.027390907754605266,-0.2802236419509186,-0.21714124906394483,-0.14591293173244774,0.024410270038073046,0.015920647569245452,0.25478188447321115,-0.011115757636660617,-0.11805120485469138,0.02596343270304994,-0.4989693253899719,-0.48141696073295637,0.17328062295293115,-0.016582081497111524,-0.23122722014310265,0.0955977567360493
peppe,0.0029273949866319322,0.2218266360940526,-0.12981449589254979,0.04863081581913535,0.09663409870848583,-0.25011964665656133,-0.062114361572087815,-0.11696928877701708,-0.2954918372837952,0.47208032529256727,-0.11261867960607004,-0.01852030084837334,-0.025493802275458798,-0.5668512489934234,-0.3308911616967373,0.25768023790697375,-0.09891601399396474,-0.09806282079972888,0.04096251783110667
peppe,0.0061650624118043795,-0.22232829665413445,0.21519242222384694,0.4493623850260306,0.10677251985652772,0.07995452356706173,0.15413438100836538,0.17296213887881207,0.17277887190371533,-0.013473803636371759,0.21049778371423075,-0.0217084964385471,0.14985928918348312,0.2584702107270449,0.2636292395393255,-0.5189319319811162,0.32513926191606457,0.08600860090572139,-0.12200955685785718
peppe,0.0005165558695517828,-0.2980407673217291,0.016158995099481155,0.28310304156756777,0.26577613826836666,0.2790025837113419,0.0016989019640394891,0.1387073638320622,0.2902669438048133,-0.10549574960198733,-0.33431903254187983,-0.20068260449150174,0.34620278542644206,-0.05711120562976188,0.27649127530155115,-0.17061139289497304,-0.2339016788752776,0.20721996638676424,-0.2988150317390471
peppe,-0.00017643263739438916,-0.29740161450812747,-0.06854951826292496,0.4516533776304741,0.36440043966916835,0.1740579377268914,0.08679990505454512,0.1029242179534897,0.39540867346711905,-0.12325699668664054,-0.1400133407264358,-0.15558424813768817,0.4661977156921603,-0.19919652591898868,0.10928106617217792,0.1246282199162942,0.1464745997597465,0.011734387140969067,0.01462499243337603
peppe,0.0006181605151775935,-0.27066966833687717,0.1561940258461667,-0.29846270469621533,0.23347322838441656,0.09162612466579484,0.2789877726995967,-0.4333431914771857,-0.22502048707740796,-0.09656104183493804,-0.2699435494337104,0.33612823903246747,-0.060529418153845306,0.09757697019778996,0.21973936335942829,-0.20268783502867646,-0.18447007490209225,0.15968871182894878,-0.277206230800839
peppe,0.006635877767993446,-0.11670831316261127,0.12487889483315184,0.04994458078317165,0.12229341829457809,-0.057666297234813924,0.15235743015470934,-0.04310131791246023,-0.21084718030728966,-0.1560340424507225,-0.08805730556045521,-0.8730012614468221,-0.17703867552301245,0.0481628695726015,0.08025905091196028,0.008065925255688782,-0.08119038111019397,0.052068394676863285,-0.19177592613246738
peppe,0.209370741513634,-0.061520399680724466,-0.008566939392593242,-0.1768696258597769,0.15333223544502284,0.16566131549286287,0.16845622552158876,0.1677309235470878,0.21660135914895956,-0.11943980485700054,-0.0038909153617234897,-0.006725702239527781,0.19159650935190384,0.10642517893961173,-0.21616491766371318,-0.022681788349509006,0.0041504017650138714,0.7029130702419636,0.4547193622870987
peppe,0.04164098930178514,-0.029922585291231374,-0.010828766527337566,-0.1847154276279336,0.13298616404374045,0.20324764920700908,0.14734326989079585,0.1957584869031046,0.19608378257051573,-0.11637085248640926,0.35522982830794947,0.00044830392377941813,0.16666739443721174,0.10206840509223357,-0.22165187669788808,-0.030831012902035076,-0.0028902296639524397,-0.690816754277719,0.31960843620350876
peppe,-0.001387580256036783,-0.07963338680843185,0.12058471707347274,0.31149479406227126,-0.10652996175805508,-0.3081621757198396,-0.15835672497911457,-0.15187237942248216,-0.19398845393537564,0.10121157715124778,0.024511401980492356,0.04734708629675548,-0.17901660903414807,-0.14789196383432543,0.3150394066494511,0.03543162363394028,0.05057590511968831,-0.5698989889350426,-0.4417571345820033
peppe,0.00044921030491503665,0.20238258057559794,-0.2600341933949293,-0.22296847238756698,-0.35225632172712656,-0.01698622792199278,-0.15422106097467564,-0.06138969414676913,-0.22442979280987177,-0.09014095537738667,-0.058389227989413935,-0.39347985078612135,-0.29964916475427034,0.016404213626098885,0.0508015578283593,-0.08467166114528542,-0.10104681995006655,0.18217132685655518,0.5743232642734616
peppe,0.005407770006670353,0.1616262304335248,-0.23328902291650522,-0.28981164502613876,-0.3204618233975739,0.221280992865472,0.12260675213014384,0.12154729860961686,0.15875199773501378,-0.07997299746943246,0.13552562567117912,-0.09349570435533751,-0.5589178961402751,0.006381919976657714,-0.3490578770416869,0.02725943752023524,-0.037385856476423285,0.3266594858147966,0.22840779610965292
peppe,0.00578896799575301,0.166111686759106,-0.27854967825047217,-0.23688548776915122,-0.3930438516080699,0.20589241838588962,0.12694995077639987,-0.10154812947666782,-0.015693337823176584,-0.028054519398144566,-0.15003757974355875,-0.3057365111708967,-0.6138853643338156,-0.22332677384915645,-0.06765430198537284,0.08226394996488576,-0.0014500842221593954,-0.2224696026740902,-0.10397103560934841
peppe,0.005292044867828828,0.04289538137466144,-0.04841220931235313,-0.008678661504034993,0.1562982352286539,-0.08383999539538266,-0.07536851649426285,-0.20159083178688933,-0.30977449054669,-0.07875118871546678,-0.09799145923560577,-0.5583556190553572,-0.3250815885114238,0.020747244639032165,0.2250029298741416,0.03424376043445616,0.5709466530338755,0.010961482975758118,-0.10212923869931517
peppe,0.003125732803481211,-0.14289003988981933,0.16897302588412766,0.11284934289397518,0.12352708760443805,-0.0405522741575556,0.10953068329846515,-0.07795629769539607,-0.10940058897961145,-0.09633463837031593,-0.05333294043362128,-0.3607288857924039,-0.18491807266378185,-0.03275996000686874,0.12606616314900607,0.06617305295897505,-0.13189915428980478,0.0651830310613027,0.819703445851145
peppe,0.00035781026508900995,-0.10693534329370569,0.0644288389495099,-0.1425533585858128,0.11029114207117227,0.47194929176400185,-0.2037379263829345,0.23679097520806683,0.16656743888153708,-0.10442225862003823,0.2383005384651613,0.020741537337636666,-0.44429892835374446,-0.0191404816363638,-0.19555101342575684,-0.20612928315338377,-0.04946030021616929,0.414128369753572,0.28861884327558784
peppe,-0.0027260081997772683,0.010908469063181297,-0.12343523365216558,-0.3095256576217459,-0.10169473130340903,0.371716848783903,-0.12266870828761987,-0.03237732004781933,0.15539728194265473,-0.14221060453773515,0.07657934202033438,0.45350349770085757,0.31716703156649834,0.06022357164187256,0.18086221929056268,0.22757949867062385,0.04516769750800958,-0.4455309978124131,-0.28117987741568695
peppe,0.0026762870318234122,-0.25832389201999406,0.16181319068384226,0.20344202630225106,0.09049963019440428,0.12881578583922623,-0.24907505636569566,0.23763190930748282,0.13353550501061687,-0.10884117870392347,0.19767339241575513,0.04426418731380886,-0.271512584974234,0.3663079378936569,0.21221582308540632,-0.5332176036394618,0.30699085970733025,0.05993631205738481,-0.1288428254043759
peppe,-0.00035354094869118936,-0.363224849768039,0.07551498438949766,0.2975774319413428,0.09431891436708689,0.15659122230395017,-0.2540158577113454,0.1968211844958576,-0.24120691226961727,0.2748297864522979,-0.14757950569063932,0.11323015205187717,-0.16331024807004554,-0.3730099763794411,0.04152462039690547,0.2905611265054101,-0.4401582053040168,-0.10884561030439033,0.10619343717244345
bigw,0.00011566853110551579,-0.3747682269311153,0.2659536800748714,0.3044371828910621,0.2367272254826174,0.06448879180350564,0.15549237818382328,0.18352205678898073,0.26592904102209275,-0.15850783091383416,0.22159919787055235,-0.2592626035448715,0.24265860907310172,-0.13966501660271674,0.2611770240283187,-0.17897227899913498,0.22020365339868914,0.26610665874149914,-0.2607218538900598
bigw,0.0013475303286256393,0.10814675843151043,-0.11572538848022462,0.018337655491381475,-0.27671525103336714,-0.44843605502345235,-0.1333485577730529,-0.15101978809762,-0.20850693728726213,0.5362535014054067,-0.035024550184086026,0.21860418832244385,-0.20644872665726158,-0.2057253749950689,-0.2145078356075304,0.22833269655051788,-0.08231940737608588,-0.2167858731508943,0.19848701359842771
bigw,0.00013641777693409627,-0.23560674382202387,0.19354472417542498,-0.1550373432976514,0.037770683906934145,-0.13151252215140258,-0.04756995186766033,0.17468766686939532,-0.06649085509371487,0.19213652280088153,-0.04243701282743905,0.10213805290567671,-0.06852522642583934,0.1035062066347726,-0.22196437356909313,0.47651826411450354,-0.6097147525266623,0.291634575682267,-0.17138270022613042
bigw,0.0012569889791331286,-0.19729898674103286,0.35422045406649894,0.23118242897846403,0.2742901955805142,0.049842208949884476,0.0922465099598699,0.3088169747552115,0.3516330298283585,-0.15693016880148047,0.40535610731645666,-0.27213036294421766,0.2717786917021003,-0.05173398394941133,0.10800674401358297,-0.04158873187780854,0.33780878718166146,0.06927707546804739,-0.07119241018658636
bigw,0.0024232414101563234,0.18406657024656464,-0.3624129843249859,-0.38123045797173954,-0.23684499180805946,0.02496688492389987,0.4061518034402719,-0.4453901293631779,-0.271015954399824,0.14272668895458734,-0.1780426993001328,0.24573150792168375,-0.20209648166242977,0.006331445677523731,0.1298266986678845,-0.02427596240748353,-0.09357221684200713,0.06568647867300165,-0.10994334786269808
bigw,0.0012083710714909108,0.16242393983803605,-0.307214195466998,-0.2920592619685933,-0.21595969746255678,0.19575161704766636,0.35646572617023387,0.005615061294809566,0.08383886533665623,-0.05873365599772404,-0.10393300856993982,0.08127340770999814,0.04560413839170217,-0.1675494037002895,-0.47971130918678934,0.1794220584054417,-0.14980000169493798,-0.2806368859943152,0.4004144948010756
bigw,0.0021363336681181253,0.18746540568321507,-0.3578607035868864,-0.1821909651415001,-0.26548032581207204,-0.01464895698385727,0.18743988256901298,-0.42366470561284175,-0.4334020475607007,0.07362323625163922,-0.20066368443193272,0.27434546660904907,-0.30074913871319353,0.11791894630535689,0.1859881450614799,-0.13109524336188202,-0.19705364669722983,0.04278347214599477,-0.11268051094740844
bigw,0.001975235229275593,0.13701540431050338,-0.264319994586807,-0.10925871866694892,-0.23455684820356307,0.17855841817270285,0.3566294410955093,-0.09395914475482602,0.16135729398222196,-0.07812028368950469,-0.10305591643683598,0.07509484731020846,0.1055659852868281,-0.15011357825447438,-0.49203504401228626,0.1795001485032313,-0.15395706768066478,-0.3391538967588881,0.42589604372346396
bigw,-0.0039010751138308245,0.06719596785546354,-0.11874891082850614,0.1521811322492667,-0.22658464677614626,-0.4488816672573845,-0.22502828968962038,-0.14098177990222566,-0.2686433572029645,0.3539477855724256,-0.041607431617878596,0.13851910541939122,-0.2145198678065146,0.15301180261780223,0.2873743709348901,-0.3662277041390457,0.14873894001615687,0.27581738862471866,-0.17936469875032676
bigw,-2.3154511806887973e-05,0.036675673461500344,-0.05720169282184151,0.14473111051615467,-0.17442826405759645,-0.37944084024168256,-0.16892530098861824,-0.0950234361671085,-0.1979085445267175,0.2172283043002218,-0.022783519770153585,-0.03317788692777769,-0.14425591642860366,0.2965183913148778,0.2575939384147396,-0.46319099474323056,0.4205416570099185,0.2693208205005402,-0.18833944455457793
bigw,0.03935176329929523,0.01153427817280751,-0.03922833370049299,0.13007741769527123,-0.1649835869693083,-0.313819924180765,-0.14526311005466525,-0.08772685162947964,-0.14994179912328287,0.19261026556050795,-0.013549577733521103,-0.6374709990578081,-0.12283919738256725,0.12400285500220555,0.22930143839052924,-0.34673873883819584,0.1757505876456862,0.3076257370265448,-0.17882672553555398
bigw,0.017038152531988378,-0.14266416471876653,0.03150900872488042,0.13780980820573743,-0.1577715709738144,-0.06400306743373972,0.40326779689962505,-0.09579622427418637,-0.09781008190726377,0.28107702828228465,-0.017290379498614995,0.3100851557489686,-0.11896792166930922,-0.18625521449800583,0.24279214614166342,-0.4920946561462097,-0.09467316707663904,0.3989419986241392,-0.23618284742243065
bigw,0.0010966238119682215,-0.21903018337579425,0.18048012135004388,-0.10084974832824661,0.3367282051993323,0.6418275077440851,0.2948431887290441,0.06552200418307015,0.11085716610162265,0.13072240833037183,-0.011436491131423214,-0.07339622400733253,0.12392021028437182,-0.121403582371461,-0.10997495274478314,-0.24837221394995623,-0.011090390504559877,-0.33082844287822444,0.2106745144494094
bigw,0.00019565710002070796,-0.24197307368078932,0.214650760815296,0.28690564000938723,0.23803003249628132,0.08302608764827635,0.1642717530221246,0.28761277912776595,0.17065987798981602,-0.2826500336947095,0.2004520282801316,-0.1003749826341579,0.03977160161364949,0.32298355829944453,0.16553430001037148,-0.435362701467069,0.20653298588498487,0.17428880267783087,-0.290954282062445
bigw,-0.00031108532101640417,-0.3315304621100453,0.014908006398303373,-0.34058373062351555,0.3618362964268104,-0.3160119233801551,-0.023247079897165596,-0.4146828337792917,-0.2581896124921843,0.19409088196089597,0.15255098582486226,-0.20812858503313292,-0.1794078055684186,-0.1920514819907063,-0.31655594888135546,0.09032265417073843,-0.043830004948500007,0.08251641726678202,0.11613542452552175
bigw,0.0029513073532068407,-0.37904429363301173,0.4921835783978562,0.0986515833546164,0.29864892782298896,0.23462820701533632,-0.003850172376987094,0.028117918518546323,0.16357159404762958,-0.21086104217626603,-0.08428313219648959,-0.19098226864108134,0.31100452108080884,-0.23062211098261706,0.2277139230946267,0.06221839191552781,0.24967584608879664,0.18880680072282005,-0.2021991858298275
bigw,0.008388790583564848,-0.13706352552171752,0.19713589266833265,0.47641338330294,0.2461118337412797,-0.23399704023609735,0.08063383958789838,-0.03054000918412349,0.20015324197020276,-0.12683158119764304,-0.0875626988987797,-0.2129163185146161,0.4105653312222109,0.17722376816588067,0.3045765179958727,-0.007903617752707521,-0.17482617371572748,0.24120328698071444,-0.3192621347127741
bigw,0.0003350760065341169,0.2341208959296925,-0.31996513601919796,-0.17024950242341028,-0.26674510491109793,-0.08439530772452114,-0.21444797129840418,-0.4065938854794078,-0.4095718721792566,0.22519042654029145,-0.19618632218752563,0.24189811324067834,-0.27972875560125987,0.08804734598546492,0.19589034987739123,0.001765173926915912,-0.16070042121661368,0.1447981702082675,-0.19393652688378224
bigw,0.0019372994174271232,0.2526905256101769,-0.26030798838691893,-0.1937029414771222,-0.21571332164642712,0.06581704632424977,0.2773416645335216,0.01790400080487754,0.10075335776033895,-0.019925358508057798,-0.09649836758480333,0.10123067737589218,-0.021484416268932886,-0.10599969002699468,-0.5206795496573112,0.3763150244724384,-0.1485751245789329,-0.264125277114918,0.3954757488142267
bigw,0.0005012684331149042,0.2886100032497662,-0.2648237113840308,-0.26613246037252525,-0.24910362909639377,-0.17533731638142988,-0.2813912762406273,-0.34064828849938755,-0.4281676595429965,0.21951677219983842,-0.1800624646973017,0.22506862859776197,-0.29473699165695394,0.17707224262709145,0.11905005148955869,0.052934124488684876,-0.14874185065771064,-0.1215872848732509,0.03205510474215487
bigw,0.0025347813968914098,0.14084348006871644,-0.2414130853732852,-0.11986255356392278,-0.2359366181735222,0.054659115576968766,0.2832948691700269,-0.016670639331497768,0.07987568526683078,-0.00764627136900362,-0.08647636004959391,0.13504016023034046,-0.042231639682203115,-0.25919623396262986,-0.4894342117467227,0.4266258141460847,-0.16534461886296614,-0.2273445762508023,0.4082028627090528
bigw,-0.0030414560280679123,0.03988797127422729,-0.04666105782290375,-0.12320530394718522,0.27902616748359466,0.46925233703795344,0.30544764868011953,0.366012996050484,0.18218103111604192,-0.3934311207992,0.18315819754829207,-0.23958018185819432,0.2844873428496577,-0.14209236308413092,-0.1499335194275719,-0.11791609713081824,0.1767739734816246,0.08361555897413403,0.032608187765182546
bigw,0.0022881269141786812,-0.10248313030100352,0.006311546749278807,-0.05633987741849699,-0.236554736265817,0.3298392010252889,0.2845894818127066,0.2760809601760887,0.3169817509231804,-0.1219300327729008,-0.14307311887879623,-0.10715219538895746,0.13800343830113046,-0.23572931872913563,-0.2852131915560654,0.1392273139598573,-0.03309938069282527,-0.48193178939707115,0.32912841951571714
bigw,0.0024134920452193696,0.03285356873226478,0.08897612520021364,0.2280887446259083,0.22358832715872506,-0.47576913670416365,-0.06943834157177829,0.026751664167811162,-0.046922846010264904,0.26713109372253946,-0.007127082749346932,-0.737030006861311,-0.11329699611687555,0.05174035755478257,0.014740333737651351,0.04910214453653861,-0.03420503001079312,0.11548316797408971,-0.08730035097452758
bigw,0.0005850030930494999,-0.2048088986390393,0.15212125572979307,0.19900220315311598,0.2566609558353136,0.1140546139064337,0.1907117943775349,0.3917954995689679,0.1572315799814471,-0.2956717107224122,0.32803970974050445,-0.0961090893928804,-0.05446912225281016,0.2647174514931031,0.1040829666138973,-0.2880722382987553,0.1890256565375433,0.35355467348933184,-0.26451714734603077
bigw,-0.0016526137932833267,-0.2527341220984337,-0.010709284449863623,0.08352179114337863,-0.03207733092878221,0.17368258817031137,-0.5210327150077855,-0.12239892947844012,0.0796385385930575,0.17251752459745978,0.048013353778084425,0.005770803350579271,-0.5947905910185006,-0.23779927908310877,0.06657677184381662,0.15830078863327743,0.21861454908744127,0.25315901723452816,-0.14574897418746308
qwe,0.0005825642567409119,-0.13048167119512102,-0.0980749991627663,-0.4252610388612989,-0.05924720906248212,-0.0740890900439447,0.013865844225638066,0.0658584795533918,0.39950335906540135,-0.027675588952246713,0.3655086076219993,0.2523384115056795,0.41421330671915296,-0.3137732596310557,0.14316827873719495,0.03858720974335648,-0.2259769485755862,0.030516483221874283,-0.27808357519161486
qwe,-0.0018518918439575506,0.29219095184964144,-0.20451755458107368,-0.23564805648247192,-0.30529459513101787,0.0033645952801010267,-0.12157723252642713,-0.14425520176243456,-0.30913402156550174,-0.40041768342030604,-0.2612651441159852,-0.32126159599096576,-0.004587609403251749,-0.002224232573624063,-0.4492811372078559,-0.08765613684001901,0.08228200912453378,-0.20338925732107188,0.0582495488366709
qwe,4.700419666475703e-05,0.3676428935996222,-0.19899048094421345,0.1889107113716732,-0.3514985094777476,0.11642515658284731,-0.18304669702220627,0.14541778157207258,-0.3374829428603526,-0.1863404733703778,-0.11830967874733413,-0.35516112419471924,-0.06531547481065834,0.013610126399867164,-0.3729847991247253,0.3229943161716978,0.10214340128564663,-0.20757515249674444,0.08733054391079559
qwe,0.0005651250324195751,-0.24197955300214358,0.02377238918027158,0.2047957199492596,0.2361571251811546,0.2149430997017087,0.03222516540348114,-0.10700362743128573,-0.03253739156547352,0.3129291073388653,-0.20392972824532674,-0.09442942539127541,0.18002125221056758,0.40504191284627483,0.04576064018753099,-0.5213474146638164,0.3383430577104921,0.005281872759451785,-0.2238867443842155
qwe,-0.0013527069156645496,-0.2280657132850872,-0.038314415865651874,-0.12634748355827422,0.25975764912268495,0.1291896241706291,-0.10055713466897002,-0.2055353814602913,-0.01991582810282441,-0.10980938789890472,-0.16501540036812526,-0.004301841730487537,0.23472025228053298,0.6487901167486205,0.2666062463830397,-0.2655102091886594,0.33185989261103555,0.04725658924569601,-0.15610748180778083
qwe,0.0008372207390614359,-0.23152589768485077,-0.03831029970346145,-0.21048159651583578,0.08545056545166349,0.214146833493577,-0.12177074575001325,-0.18996220933407723,0.020681792807322297,-0.2077834060920978,-0.13702004696592493,0.27914526133659584,0.29688164211609314,0.5621067237948175,0.2559291547447472,-0.273488093300615,0.27440696143066373,-0.07630413752193377,0.17530902991532663
qwe,0.01319930484037417,-0.1884487394954241,-0.11119162617554013,-0.1313722877901266,0.2900491876737304,0.0923328043732736,-0.1308864730494994,-0.1554073423427353,0.0742652832981895,-0.1345018532523707,-0.2129269227178268,0.12745309257438006,-0.4060903050576896,-0.14503196741769314,-0.0628877909460787,-0.11052978512638821,-0.2051692975017476,0.5820137517944718,0.36440392270114835
qwe,-0.0006894402874469733,-0.27935606076365255,0.13748520580151002,-0.026868452288085976,0.20230054166301664,-0.09372200788414327,0.15872778704615884,-0.058459073744561496,0.09564972365561984,-0.07566359305662042,-0.19190812007689884,0.14933515212843204,-0.39424364484449614,-0.14518487605815236,0.008187788124654597,0.01598825716302609,-0.22264853040269889,0.5505683984130163,0.46955717607944725
qwe,0.0019224297675567174,-0.16127939828434418,0.15404222704914527,0.31823305225994436,0.14184380921098677,-0.5329341020089513,0.30236848695991414,0.2171747724467257,0.05237256738594715,0.057000235416108706,-0.13802097964508644,0.08477747415106668,-0.010669022486585172,-0.1737640903909802,0.0039031281639109756,0.3611250628081875,-0.15989726982320498,0.26731548337210165,0.34098343763564315
qwe,4.70951597089734e-05,-0.17135835335344513,-0.03437808140845411,-0.07260391815192853,0.2510482871604086,-0.07552523133182247,-0.027537375788361275,-0.09663033388233011,0.1122973042506129,-0.24680493863654054,-0.1925357001664814,0.1581200241024756,-0.3950621431449191,-0.19461595754143698,0.02645446748360186,0.25627454052430965,-0.19587903788822913,0.392418564145306,0.5450467207711969
qwe,0.0007384529701141805,-0.07774946031679211,-0.061951964452550246,-0.09372967488851502,0.26150395790779196,-0.04846461873316139,-0.13316715449155406,-0.06251508543160564,0.115094060897674,-0.2129521226826741,-0.19495782386250513,0.1339258684144212,-0.4699582248881003,-0.1939982901613734,0.02355615351055857,0.24034424887675426,-0.19224955820071005,0.3872000361487985,0.5203046568553201
qwe,4.362266191723049e-05,-0.12323653516098718,0.009782947135085785,-0.07100845057907662,0.31559214078040027,-0.0001303922495815209,0.11243143233433564,0.1020808185968122,0.093884527909048,0.16298004497328397,0.32979490130124656,0.04404350034479962,-0.44652172666031287,-0.4752642732486788,0.10553126235105241,0.4650613445243265,0.2361499260822266,-0.0024548775261051645,0.04984284960426518
qwe,0.0008209901895519259,-0.16420555776923218,-0.06363164837900925,0.051552161882233515,0.2695155076196252,0.017562761272912227,-0.14928107314420605,-0.10277382352717457,0.12577551841094323,-0.13511087753184653,-0.2231553539154862,0.15588594653532098,-0.5367292338885943,-0.5483024237976711,0.11755904052545565,-0.08032245039468752,-0.11312290584949,0.15611791377569395,-0.32589439669701925
qwe,-0.0007210197588939512,0.30344567736612815,-0.21886851208969738,0.044967137231270216,-0.46538851940563825,0.06481259718362752,-0.17334715000866924,-0.21037837633637693,-0.28276192308171066,-0.17131764759799376,0.14844636701829902,-0.4315919187806198,-0.02722336075070807,-0.07411247521550896,-0.35817802513267827,-0.007190314193801741,-0.05661330159189332,-0.31931539270799103,0.07445471859215752
qwe,0.0009714698693404016,0.3821632110912526,-0.21385033078697435,0.1183101402029271,-0.37720413464872576,0.09748669911882346,-0.15447863907165885,-0.03664682871459173,-0.20681104921420226,-0.13653466141032516,-0.10515038501655585,-0.35011227276988355,-0.011984427494734152,-0.23032053147277307,-0.4814378570247807,0.18642747585423272,0.2619474822999362,-0.151855472375858,0.1038059953454799
qwe,2.7457365803180175e-05,0.3901234415819871,-0.21153278247473162,0.20788138969655293,-0.36387732049597027,0.08151116400826526,-0.11656470504048705,0.005620898960935208,-0.36692370135081787,-0.18279162023050485,0.25925514245852876,-0.37122599906291576,-0.0579934343403753,0.016897508380027196,-0.3478927145908255,0.20696190007839316,0.20423559886078926,-0.13442914172671722,0.08252728897235281
qwe,0.0005029396747062251,0.27902928788716785,-0.1755075802549988,-0.056791233579378465,-0.27750122891141377,0.010298137996834109,0.08823318840999694,-0.06957646444143092,-0.339168796905566,-0.21971870304182015,-0.08011739458799894,-0.29142943933884763,-0.022537767979552228,0.5879609580021349,0.22753859064215623,-0.19810290982825746,0.17611579668408542,0.22005043985540662,-0.1644696308806169
qwe,0.0005560063823794067,0.3115656763546227,-0.2320034084214463,0.1382183295893448,-0.38385666801747187,0.07546440788039087,-0.10489208910682588,-0.007866537916683966,-0.26047058775511717,-0.12501613811771814,-0.27459704832411586,-0.32390896012197007,0.0038593150489657276,-0.26041687278148407,-0.4526599816864004,0.27674277560781824,0.11444529919155899,-0.16440511433409083,0.1124772943274807
qwe,7.926350425728456e-05,0.05262606118222857,-0.0668105495296003,-0.29767816981707723,-0.07748919812955059,-0.013256823883065165,0.4714811634403657,-0.4247470763593948,-0.2953158761537368,-0.35740818868822377,0.045685479613346645,0.28481338216732704,0.002156535796267864,0.31645278662128545,0.1989199628387904,-0.1545327305956547,0.06605883501735514,0.09336253699705273,-0.14295068311737705
qwe,0.00036670112123427954,-0.21187489578735103,0.09747678972353258,-0.16742534439028905,0.24969415754926783,-0.04301256598011249,0.1776121830831164,-0.31743998403854606,0.28149743469511873,-0.26842362167559175,-0.10266903241014627,0.4176872805032528,0.28679510864948393,-0.1687740976908363,0.17994420094042127,0.2911451877482217,-0.30767860795710855,0.013396520066755856,-0.24908186244309002
qwe,0.000866204928164491,-0.24275333874954938,0.10484433028158968,-0.027117176557046707,0.25316985574739814,-0.08390242712073226,0.1276691758855995,-0.07837535493563051,0.32793540251163944,-0.2546668205828527,-0.21378615863293376,0.36237452269585246,0.31563294129181446,-0.3337711816234837,0.14466579347524205,0.335949726313576,-0.3048823551042643,-0.01501390053321662,-0.21989398892764142
qwe,-8.380010566112251e-05,-0.04120027109283816,0.17023497067100957,0.04629688370326675,0.26389528352225866,0.08173247697305717,-0.37111063972281155,0.169888506813404,0.2587323032908978,-0.3813613959538293,-0.35459604894976776,-0.33273679399171846,0.043936183197066776,0.12837377756266977,0.31591474522189866,0.2778841011072617,-0.2628094771612685,0.04033106054424975,-0.0965125855942562
qwe,0.0003844638117670266,-0.1631977256858206,-0.06830309826532655,-0.2117655517939585,0.1766648669106,0.08742276101707534,-0.1033903442795241,0.4097865999893139,0.2542482371345183,0.248859813916996,0.19632887838937146,0.21254584555414394,0.289614736104158,0.45783305442240646,0.20579842892091055,-0.30599008627733015,0.18085752417539022,0.14921939633121944,-0.10792574927457352
qwe,1.2225421700412604e-05,0.0786234492998515,-0.1231100754291522,0.021385969405529368,0.16160006373961736,-0.08588849517302026,-0.13757947312570942,-0.04311236544762521,-0.040224038745781364,0.12530142981773795,-0.18596176805217443,-0.10974394075869637,-0.23177750101747738,-0.057207746755415144,-0.17473387753055022,-0.125889126523931,-0.20795346666349465,-0.8021546439703539,0.2644097470177269
qwe,0.0009505029676520187,0.14000176380930066,-0.11378278877545422,0.06919753692468192,0.02079962139265918,-0.5811081926565811,-0.12090685042401055,0.22265283288193924,-0.08079325396809124,0.2769157591010217,-0.19325593234489377,-0.3115883925453884,-0.0344361844340703,-0.15735154824153294,-0.0907505120007907,0.21173564784857396,-0.2037250236265195,-0.4712277678352879,0.011619529154729382
qwe,0.10903320499969318,0.052772076132182856,-0.16346031637824907,-0.06348048628305607,-0.3842418127039107,0.05487022287937909,-0.12869974405720488,0.012543333421359252,0.008913815479211178,-0.08619122712808448,-0.14490917802260053,0.020194806737918437,-0.34299763601052513,-0.08532441332991862,-0.08291053227415744,0.40022886392106966,-0.159119784114054,0.5584973284485439,0.3754389436076767
qwe,-0.027380628858740787,-0.03265906692027276,0.17148927295137326,0.04240103778410928,0.3064229951475083,-0.060499977054060496,0.1392517428164179,0.010079101742222527,0.01928920837238187,0.029686775500201483,0.15712210643304403,0.12310010358070775,0.18241279291042875,0.12102110421436778,0.11901825990457944,-0.3831183083386965,0.17366800815080888,0.7375425448385672,-0.1630630542668388
qwe,0.0016150234546914626,0.06947050356633278,0.06760072982500309,-0.2089989379249891,-0.34107992174488116,0.08023288847331189,0.12488485231772829,-0.23310283622049774,-0.40695330907354144,-0.2708294497276709,-0.35110003015059255,-0.4155598776715038,-0.37766914273383306,-0.1164499890197083,-0.035490497210141254,0.09148871037166866,0.10665232723579704,0.10178668316040124,0.1781488930354775
qwe,0.0011995844717685737,-0.08841849536970744,-0.08748140076121236,-0.15879906476973185,0.30340903278169035,0.036817671576251564,-0.14386138354027775,0.12880969144098053,0.29306216760277726,0.20552805752631906,0.18320917185679142,0.3089374521690521,0.39995398083615774,0.25672075762966445,0.19035053845098865,-0.4106782966997378,0.11775713200528404,0.11944400149471127,-0.33553526137840956
qwe,0.000773232935824513,-0.04934073094096362,-0.09841253057369836,-0.23023076363109032,0.3300746732140783,0.06523015347596124,-0.15799241561338917,0.15510402570442455,0.044073544167690076,0.1325823255843749,-0.15539809286474845,0.3735433227182582,0.45150374471712956,0.3091164496993097,-0.06372023599953136,-0.32071176535848894,-0.16144377405700866,0.13413166439489208,-0.3729170062471285
qwe,-0.00015749739901257484,-0.27389469988778115,0.2066698721977499,-0.2949650599287024,0.20189547088363688,0.14692509878735063,-0.11109555546547058,-0.3655047842279361,0.3163159451453452,0.049576536583612496,0.26335012320411727,0.17535508134848204,0.2829861236728318,0.0862135779678522,0.2708869431098703,-0.326403716290092,0.25609545465368966,0.01902395882225581,-0.22579634853159555
qwe,0.001522763543491232,-0.3097536085894412,0.4354469187727362,-0.04984528057542269,0.10611416640875014,-0.062006345992107366,0.029411387827192,-0.5857578333213848,0.25018556387634694,0.20674788545539838,0.16268951942461607,0.017794262373333,0.1046177251298613,0.031184873881485716,0.28943889008396245,-0.3099635334034255,0.16348079835187684,-0.0063578318607118945,-0.04705121931274938
qwe,4.7987625174397493e-05,-0.26982013136230426,0.4642016883356449,0.2284715393050073,0.11475368917589124,-0.3839620900714475,0.2873855821192305,0.2765494886160134,0.24251354674786668,0.283142098108838,0.15428382909351623,0.12259136308956732,0.17027451202950936,-0.19080234735359208,0.24687929815659018,0.16206795044909003,-0.07630182910183433,0.0514276512726199,-0.03088236333823783
qwe,0.0007474358008325022,-0.17346718070929487,0.04803137875224011,0.011878045764957173,0.16280868119955563,-0.0337026085857587,-0.013983446935440904,-0.01561653598618624,-0.02806896960931453,-0.38959894247418214,-0.1529818944459789,0.06353376325432654,-0.3137338205358971,0.24383453860106555,0.2802170116750646,-0.5557360144825628,0.3607765086092176,-0.212380290915649,-0.19710537121513041
qwe,0.0005239413049254698,-0.17628646852603624,0.02754798506547096,-0.18457729076130489,0.1918403057852223,0.17722946056136799,-0.023236314641360875,-0.12658983374007945,0.24203267350594299,0.026905876527563304,-0.3432229895043689,0.12069227215700763,-0.6118371014816766,-0.08394900837666647,0.20521283704001006,-0.3300599338283304,0.1478791397570385,0.14826348994770458,-0.2852207643602318
qwe,0.0007525862531036845,0.26726398171150667,-0.26649900147586514,0.10885995486804603,-0.40749984158208336,0.11800089256765897,-0.17371298926753131,-0.18314783945663696,0.1404214921275529,-0.01122366256005105,-0.256414540841619,0.043309304833579046,-0.5007859492589989,-0.19341155321909798,0.09492263902529559,-0.05200029905037627,-0.3006927954487706,0.24101329013691494,-0.25713287401499946
qwe,0.007381013744431403,0.30945665306862635,-0.18789608171293126,-0.011601057721184485,-0.27580411216692985,0.10809408649982766,0.09183719550624085,-0.009761276176309638,-0.3078650051876487,0.17232279924604518,0.3038008336033288,-0.3041333607940622,-0.10807537394923353,-0.019211632618358645,-0.07282690769311677,0.02856006815236202,-0.1906520652381135,0.5533503871959725,0.3202088982820385
qwe,0.0006611367808928589,0.2892762360993573,-0.17596593931590476,0.08985422951182283,-0.3409723075955571,0.11817755438179323,0.062404868837957636,-0.09600829496073335,-0.30859115975275964,-0.2504814773597959,0.29972172565501876,-0.340004765842182,-0.06485729623929357,0.10092751850276252,-0.337459928521791,-0.007251753406469727,-0.06474634351480363,-0.4601339898415353,0.16215926074110873
qwe,0.0011080230913486978,0.44088683410551543,-0.2175984189308494,0.3301193424618346,-0.3499921641674738,0.14033379978415825,-0.14679480312746956,-0.0022265997476023786,-0.22416056829027872,-0.15210852964469007,-0.0012098930282297556,-0.3502016720797691,-0.04938876102465202,-0.0846385312238994,-0.4485715960641114,0.19101353419244815,0.13255388399513424,-0.12438494187702319,0.09578006694865843
qwe,0.000629502259547502,0.46844579469614284,-0.22095226452811356,0.2375986556971556,-0.3613671957870875,0.14136373690682746,-0.15269770308014366,-0.058579996687289186,-0.21031960591776788,-0.3671560304783905,0.18860673072732176,-0.3684592852624225,-0.025717311117651256,0.14965836568758137,-0.2647140109287941,0.07822092510749482,-0.1173499058057109,-0.17466831613837946,0.06374694350379417
qwe,0.0011496034961092196,0.4753710775187326,-0.21675367143363589,0.3526038372235729,-0.3547922250136082,0.15716138725238454,-0.1533149711800443,0.027163550216198505,-0.16191975965238928,-0.14513361881419357,-0.006780592342895801,-0.34890410494007124,-0.035207356467001606,-0.076090768274522,-0.34549942835426567,0.29733776839345427,0.13933302125295038,-0.1436846192829042,0.0629317191694757
qwe,0.003531730400473537,0.4621576511550528,-0.2258068459782684,0.2848288404421042,-0.3583396448135295,0.12273950302355868,-0.1534355224218889,0.014495538292920468,-0.19105938095702754,-0.30354038846836573,0.2967863981302899,-0.37510181893633504,0.010274647808598639,0.13277001850309533,-0.15689811690631034,0.12950315032470083,-0.19910217039688927,-0.1754829529235607,-0.0093686283338906
qwe,-0.00027716784134073296,0.5204507526255971,-0.21760554980456737,0.27521331489264433,-0.3575180991162383,0.15508906225518304,-0.15568987774611637,0.13364409463060414,-0.20401364924966983,-0.1779094964197021,0.13947719610725923,-0.35383369968842954,-0.03304307101491386,0.05465206101698945,-0.22806080411364352,0.2621274915281457,0.19516360464102447,-0.17663923742225024,-0.006895582634632487
qwe,0.0034691008576972363,0.49749507275222155,-0.21873545139642359,0.17047127068592702,-0.39091222412946586,0.1183432865522831,-0.16236449573339148,0.06873079678740025,-0.12432025877538265,-0.3225787384818708,0.17206942540752906,-0.36636967856213287,0.0674698886485357,0.21380007885941937,-0.25442701467681667,0.08400026420936575,-0.13244538260391203,-0.2228121572216488,0.07143741360397898
qwe,-0.0022759611035259066,-0.48255070824606294,0.2352501909381091,-0.3361148791800441,0.4050042079311425,-0.029040514429502395,0.1637437990434044,-0.14472377177119267,0.14525421741415334,-0.043198961658137795,0.21804569197244014,0.36579679438865037,0.007381642226666463,-0.004025178991212114,0.11587478402602823,-0.319176167787713,-0.07693183600291456,0.21614771154077222,0.11779052750578861
qwe,0.0007633265142941647,0.3883487995374991,-0.25557747674154907,0.19730062222748973,-0.3868000684706783,-0.1625412199966786,-0.03470081501959012,0.11526984013190192,-0.4747862204378481,0.3360873569064154,0.008727964387468146,0.20942540268193127,-0.09684043405854127,0.12978448587415886,-0.03492103917568746,0.13497013034749225,-0.29594690112957683,-0.06436240684464421,-0.18632008889435167
qwe,0.0020278073672647555,0.3025699254451793,-0.16468659469090408,-0.01779736628633046,-0.2570924597537394,0.25143884005772726,0.4288281037974314,0.11049551224706633,-0.2435720229824762,0.24900534634328222,-0.18395747997666842,-0.3000272544131423,-0.021073950000290442,0.14990012053596138,-0.3606873752368354,-0.28458484411823376,-0.20371471247719383,-0.1678876977192111,0.08197839964648211
qwe,0.0006876473250953705,-0.05858310993201562,-0.04592077244034809,-0.07129418263536251,0.19643899546733576,0.0666148994924969,-0.13636365591788058,0.32692552478113035,0.32556644130346324,0.24387159294901395,0.12186088265227647,0.22946041524180943,0.3411104314082893,0.4132797133249513,0.2531127104253529,-0.23309806079690382,0.09039117907846739,0.28138150333312495,-0.30822546963729586
qwe,0.0006728288188684234,-0.08110591635706718,0.005982012718562468,-0.2843198701286167,0.24636179244107495,0.28530029180477984,-0.12846945847298158,0.022796997610234498,0.12290080237622873,-0.36815470008709045,-0.15987019195899516,0.20857424580762257,-0.3330585526462872,-0.02778859627273485,0.03206348682203371,0.1675730526831707,-0.2025472419463646,0.3950012797064039,0.4425711033476777
qwe,-0.0001670548264553783,-0.08341372567387573,-0.2627788782599589,0.10719802160999665,-0.015776560367655804,-0.46505636253418386,-0.26628662750289417,0.2263703943165632,0.3739350998347687,-0.2224257686084442,-0.15608308596593126,-0.274398740982292,-0.05020488480326294,-0.28365214725545185,-0.23111126724972766,-0.05921764820418367,0.3236047851891397,0.18651074814059146,0.07387649752561119
ocran,0.0005947739418009767,-0.2571144020728619,0.470630084609886,-0.061917531584759634,0.20611051002279737,0.19715963247549273,-0.002541206889836889,-0.24000173136731442,-0.039669284611368164,-0.26321388555225383,-0.19580182547435737,-0.20863618954851698,-0.23935632180379557,-0.49651308637524466,-0.07331361185971724,-0.2630989257833274,-0.17675950468626164,-0.03073834651730791,0.07925254844566007
ocran,3.9821118633121695e-05,-0.2371169713247485,-0.14361911194385846,-0.2880640845089543,-0.20227516252615205,0.17343816824629743,-0.1554466833163742,0.08444840114311397,-0.2538737146071807,-0.24381528182380438,-0.21400605286223642,0.01154851950346955,0.08975997945012604,-0.336329363580838,-0.26162367270463677,-0.24641513511311908,-0.21496163352657727,-0.34145133503664776,-0.3935835884544788
ocran,-0.00022097426456376654,-0.20874877662916683,0.028539465245113575,0.023515242392573008,0.2032289318241632,0.07989600624645783,0.024088485305359723,0.06710826309192883,-0.13120710625471252,-0.16179466748044796,0.11145721571480598,0.05455432301647691,0.09810889911837786,0.4782482827330563,0.5101748424458468,0.1793933118142343,-0.20183814086021906,0.4984826250002414,0.15318277616720774
ocran,0.0022246478092989184,-0.24575845091920429,0.31167800954655434,-0.08641921351802445,0.33181074817363343,0.19356424676363743,0.17458007901905656,-0.08577536806933861,-0.06529333925376256,-0.3431158754573649,-0.1746055301745852,-0.18270801859386782,-0.2653788983377928,-0.5123841192688072,-0.018505826763004347,-0.24433219207521353,-0.2032427972249571,-0.09809942748106348,-0.1406908489607218
ocran,7.756992261125419e-05,-0.10536264541337068,-0.22487349072337448,-0.09289827385634787,-0.265524559218529,0.11547159538339957,-0.20792844050202425,0.32696187310487607,-0.3380580318629106,-0.15648545818852577,-0.24728867414108152,0.05284522451768409,0.07817856315658953,0.10665293277484098,-0.27316764241058633,-0.17337237185986476,-0.20772010850170308,-0.3779650856884284,-0.42992963378044063
ocran,-0.0003455744783856484,-0.11747219630447805,0.0037262690795037898,-0.035051529885572155,0.04565116169396539,0.0507145632782314,-0.05726965434596851,-0.017381940421040246,-0.0208628950879626,0.008286349845195018,0.19689721340829447,0.09715357670682291,0.1116060710856388,-0.1967561971254895,-0.8760289509987078,-0.2229920975852598,0.24163085280338828,0.03329221583638121,0.013915389570872776
ocran,0.0022263464371890993,-0.100984721092375,0.36240271573899674,0.22248476756774688,0.32454622292347823,0.34802442524043803,-0.04818736213529279,0.08290929127987329,-0.06874003861752062,-0.24210686707917758,-0.14689623907967325,-0.2200168493276343,-0.4486623509280409,-0.40201087271551417,-0.014481706605396752,-0.10065996298647792,-0.2274055609020615,-0.048210960301583734,-0.11270507683623746
ocran,0.009016400535296273,-0.07360999087673524,0.21028444142744418,0.22846962196656917,0.3968112389478537,0.13515609123699457,0.4323177290717458,0.26354214137651283,-0.11124711319862908,-0.2217133622320311,-0.1446176600339045,-0.1743185301237783,-0.05788177356196223,-0.0990144967671759,-0.03082730046904823,-0.18046793030656985,-0.20946410924981668,-0.09638223552136904,-0.5034008140168349
ocran,0.002695140382677642,-0.09186633644006946,0.0847257698392283,0.18905084015891632,0.3053007750158139,0.12798076787107762,0.5465506559252182,0.4248607376533531,-0.28037729550610807,-0.0617690471437244,-0.2756369655879244,0.04639848186347448,0.15349866554050173,0.05211583337365264,-0.14199273205103022,-0.2619678207613524,-0.18587378901147636,-0.08628045496374423,0.20546103562137802
ocran,5.6504449065303694e-05,-0.028240181141784525,-0.17263526790550832,0.2464634253346741,-0.29225402847580845,0.08904337250701308,-0.12609985818220182,0.44208860943184713,-0.2517567265519296,-0.04336240182931067,-0.2113764494231705,0.015290463491270187,0.09050475496443654,0.3377340082313282,-0.26152384145519253,-0.046921272227492,-0.19311081762576446,-0.36855840446922683,-0.35751413053428766
ocran,8.717974695655306e-06,-0.0572275247730058,0.06151765981314783,0.44597650803935845,0.19893315352076382,-0.12307626376939025,0.36370440007981497,0.15474493697325548,-0.15263672312409934,-0.1219591762209494,-0.16432370787699363,-0.45388506497702236,-0.4258323373292095,0.03324642228204321,-0.14414706224059537,-0.15118682798819838,-0.20821770831096553,0.07644857238871122,0.19140849459412362
ocran,0.011900096353642154,0.2854770455271698,-0.7111023882183471,0.05955924642726408,-0.1451074949113711,-0.455622831321861,0.11980181296022616,0.09415461478501479,-0.09903816615254687,-0.08512961737858767,-0.10498886807227124,-0.22219145523960193,-0.2050415190744373,0.000521677459347247,-0.09567581242682864,-0.09829058347904424,-0.12405432047222617,0.0031058256666768166,0.06098686965163068
ocran,0.12828701091763622,-0.037154172283211474,0.9442760705763854,0.20708087095390382,0.040827331857971924,0.2221230572445405,0.04189510001945424,-0.029031930660619702,0.034933598454092316,0.034036339970481194,0.035941333189333714,0.030033195288902602,0.024687212637355706,0.013888051982252111,0.035182301983736466,0.03479904543637865,0.03637226255721594,0.029988198326850193,0.020742902628353016
ocran,4.993437172138528e-05,0.19832441047553187,0.5626061296898468,-0.11084768377085957,-0.4913162987066357,0.2998447754654618,0.17335053901792952,-0.3614172804324118,0.04278933525718371,-0.3687555392277249,0.04474595094332662,0.004156171583605557,-0.007167656859906925,-5.3368386565940155e-05,-0.0004978770694593604,0.0006157348536207258,0.00022935375758367977,-2.661176120150827e-05,-6.2920567048779725e-06
