Username,Adjective,1,2,3,4,5,6,7,8,9,10,11,12,13,14,15,16,17,18
pedro,0.005153519005110847,-0.1682916162255208,0.3454834974635576,-0.38789518803922923,0.18207639550235835,-0.3377621871231003,-0.11305745466092222,-0.3000404295089397,0.18857338080322905,-0.056611677695813,0.23379327986216628,-0.272384509715514,0.20799370512390136,0.16315065062663425,0.18119703498948803,-0.2839537573443612,0.01430652353598422,0.30443788110505365,-0.08926876756584276
pedro,0.04008684051748396,-0.1648176095545244,0.33714986924724877,-0.3838264394083399,0.18008545714254298,-0.3370005181450204,-0.11268218584380202,-0.2955404805776985,0.185837413699011,-0.052485744742647285,0.23157650549699424,0.285476939888732,0.20658502448255708,0.1641881548827866,0.17712730458253811,-0.28130707695283386,-0.1312487089962093,0.2974083288531835,-0.0869766707137889
pedro,0.0023649314196241555,-0.19444734392340382,0.2942373251402991,-0.4036784538055468,0.19308039562052615,-0.2470033456773779,0.07916853273243837,-0.30275670148839695,0.19421952342924115,-0.06014999634886747,0.23669596733897955,-0.38006405460864096,0.2136567741695759,0.10871323607361937,0.12323107047120399,-0.2966500700036585,-0.10433055342952537,0.30415861608598904,-0.10282596179777406
pedro,0.001897600716239577,-0.29389975626466947,0.11649300741920698,-0.38473087526739946,0.1807755804973223,0.32584073643717043,0.24696103195365116,-0.2848638692992621,0.13947348329482873,-0.1648244684004733,0.05300079139219804,-0.36363218208152254,0.18835909655342636,-0.1590174997790785,0.16159442000333188,-0.24626819125894267,-0.08744113025592243,0.30402897056741185,-0.2044060414650351
pedro,9.098984651847976e-05,-0.30253932880981854,-0.2151876632645291,-0.21497775594075277,-0.1944381975835843,0.30293231509770524,-0.10432503846202364,-0.2601751267824804,-0.256112942538906,-0.3429458263108331,-0.18549430727466495,-0.19551781091631557,-0.23131199849299347,-0.3073188020550522,-0.17589729095216874,-0.33196049157316504,-0.1036077330008093,0.22426446529652455,0.04291762055477386
pedro,0.001001943537819416,-0.3318265816589608,-0.19050205554871014,-0.25438040629712805,-0.22414237828991113,-0.2830421748264319,-0.1262518476290635,-0.30503696171545325,0.2360564100027297,-0.1381694472688775,0.2264458661170347,-0.24639643584090734,0.16725894882277206,-0.035319373925845624,-0.3551667565282919,-0.40105455999033623,-0.011162320980626481,0.03724455107188656,0.21219243155590728
pedro,-0.00011151814883166022,-0.4067839517968147,-0.17569898714773857,-0.2616982558783467,-0.2510870359752539,0.35611720976343286,-0.13345822592174875,-0.34340965256239286,-0.031473709339418406,-0.25619883631924023,-0.08301506606391701,-0.2519516578404779,-0.022195526562637624,-0.07866132722817211,-0.24641821386261814,-0.4179085435613949,-0.005936083230110773,0.11860390478867869,0.12811642310206986
pedro,-0.0011869216547268004,-0.3608958172934589,-0.007449724811401264,-0.25921081662382955,0.04687614921276749,0.3295108503149562,-0.0015391979518878164,-0.3867946730264888,-0.32483967740315495,-0.3287917340254808,-0.14002696078704474,-0.18230128044601066,-0.25972977225213156,-0.05565448789725421,-0.176688026851334,-0.3821126862711957,-0.0015963757253824751,0.1443639087265292,0.08382032663576702
pedro,0.00016957824198280408,-0.318859873107059,0.2699431772484705,-0.3110190753382921,0.19735909647259375,0.3312180809735934,0.35241066573421415,-0.3480433788096378,-0.10268916226897996,-0.2455865786388505,-0.1204908741345594,-0.2728908996802227,-0.043087669333533196,-0.03185221520647609,-0.05652556611955581,-0.32015095392696924,-0.02448015200903054,0.25162409101304706,-0.04919883975150082
pedro,0.0012778031202112566,-0.29791579226032044,0.32918859543093504,-0.33267823715803774,0.17109664638734762,0.3054060129834356,0.32239569674927665,-0.29070938571097416,0.16646149042547045,0.03546703560478462,0.21455343360158657,-0.2631438402145212,0.14367637965136526,0.074001804952711,0.18594206863236667,-0.14981853039036547,0.14716530756642376,0.32190887807641094,-0.16894096568840486
pedro,0.03856165025736097,-0.2724625794256399,0.3134588100668948,-0.3166022454085446,0.15656139060744048,0.28214006480615234,0.2980147392594857,-0.2693550306746187,0.16197721488796227,0.1059320011854353,0.16978440928941035,0.18396582791580854,0.15342274401026015,0.1238974128236483,0.2121228315575834,-0.06506004912512038,0.3874837066034982,0.3031542226339118,-0.1774791137525425
pedro,0.005427728971519409,-0.2817204653345314,0.28199988227884065,-0.3387615726725701,0.17255778812785166,0.2989233106021524,-0.04913083710768155,-0.2773446755059134,0.170077742599765,0.10967208998447209,0.17713374480880123,-0.26475182749023224,0.21256588707977947,0.12283508866534884,0.224850901707987,-0.0639681750936705,0.4124911166748424,0.2561197241655239,-0.18652585304263442
pedro,0.026269657890376413,-0.28554098761854735,0.14311286710856932,-0.33030232206862487,0.19558703351274867,0.2980468964174884,-0.1134828994809418,-0.29603875083951203,0.16162595237513822,-0.01499050661124605,0.0740556642861329,0.40226746046698153,0.18643701604539523,0.09943833521696514,0.20481303473135512,-0.14287305717610468,0.12417669859546855,-0.17962672691976583,0.4614514227108393
pedro,0.001519075298668251,-0.34004095216505875,0.059443986750534195,-0.24789979182672303,0.2059669981234121,0.2283117468328002,0.2799554328488326,-0.3071157409528771,0.13611898290676544,-0.08663630908153531,-0.06503978395238733,0.3802191212661508,0.18671599388346452,0.010995007676614535,0.18992970121264377,-0.1889289435705333,-0.004835903525273215,0.3296024996098032,0.4023644008742147
pedro,-0.0020156600935137825,-0.3605553173374009,0.032674216192851956,-0.20707640432512617,0.2039278597421508,0.18729793686953167,0.29874171571288327,-0.2756226845771039,0.1756468264938797,0.01863500065023033,0.1975098845521892,0.38109566437601233,0.15067393001308862,0.04641880378166994,0.20930373041437034,-0.15841981953118234,0.4225652112787523,0.3102514613410227,0.012139532150470386
pedro,0.014226896532279024,-0.3537426896164279,0.03170640717102047,-0.2141921977611399,0.20158982175421225,0.19089731132448393,0.2956402586201649,-0.26807864828368416,0.17485968048175493,0.03440582927375883,0.1900074753339168,0.37946333904916235,0.150449192935095,0.05826525817115486,0.2078106313916045,-0.15433463071401768,0.41769564457844355,0.30719726316409574,0.1338057165777199
pedro,-0.0016429350150930083,-0.317763815182872,0.0329788216832966,-0.2554160076927749,0.1986770597036219,0.23368831466723897,0.29438811879610893,-0.2652116688077833,0.1736837529386174,0.03631946326455702,0.18795832758782544,0.3872279340755297,0.1573509620031516,0.0698534572475657,0.20347348676184807,-0.1541733941398524,0.41789521207273894,0.30854864486025296,0.014472942306122071
pedro,0.01828478017341234,-0.2533479702167007,0.037860725765873376,-0.2778997753479015,0.1906055776088012,0.07983436622186815,0.030470664255432794,-0.261327348800757,0.16872103859223173,0.013094380031751148,0.1845906841906268,0.3893721534973566,0.1562731285138161,0.0658598950474175,0.19182852670152312,-0.152523132899886,0.4082128929002863,0.3080670864899573,0.4249030257238305
pedro,0.02519007151265712,-0.21480391420090691,0.03972685357181092,-0.28864746559185317,0.1991191970739746,-0.3250754265275368,-0.10631189435590321,-0.27445786996948845,0.1725701974522708,-0.028245844251022306,0.2041488543693245,0.33514346589065647,0.16914434544526488,0.06162846882740121,0.19750967452675303,-0.1611086077553474,0.22312852544513187,0.32445466398542006,0.4472187031374516
pedro,7.197311414884889e-05,-0.17292714271860776,0.0432963712283746,-0.2885112985805574,0.21248455316773632,-0.3000996826267121,-0.11255896176115328,-0.28137236069336763,0.1725274833633641,-0.09191276818873752,0.2299916004318966,-0.3479490847644976,0.1974232300544168,0.05972001815381967,0.21114550388997688,-0.17125266054834357,0.36831345026015827,0.3489383195660865,0.2681230656501873
pedro,0.0002462140016640429,-0.18002261964161465,0.059572330826337394,-0.2837513944536111,0.21989389533914344,-0.13449045384440333,0.16214126966189926,-0.27497480560203647,0.18136734404920135,-0.09479337760907333,0.23512488385802738,-0.3357555446908929,0.19795477380289214,0.07985186631230785,0.23147645336015293,-0.16944244951549606,0.46689970768258493,0.35637129275740104,-0.18011236018736324
pedro,0.004150022451997263,-0.2541494338909082,0.28305625892095077,-0.2817746899735072,0.167219875315396,0.2838778245235787,0.26918769544997706,-0.25588753089718547,0.17048230581243004,-0.047251524889901565,0.2192285294100769,-0.20938235535712793,0.16992522384505182,-0.03270739931445492,0.20001846245122443,-0.19118221208137892,-0.08738484782585375,0.3142902393700702,0.4396416795310674
pedro,0.006233785571455236,-0.2441583822452102,0.2668572611199233,-0.31752999144592003,0.18476511857704092,0.23348128170672408,-0.11648337747226048,-0.28002723076638913,0.18597579232069308,-0.038904336732553675,0.23060367899978826,0.4446486520027132,0.1921006594270461,0.014226268382804266,0.224725630326877,-0.1827979489079426,0.12965399689233517,0.33732037045927604,-0.22159725259353333
pedro,0.014845589740634713,-0.22093897747987126,0.212917885473415,-0.31544068167758366,0.1921264578580646,-0.37589643861066363,-0.11338670380587135,-0.27940204167031046,0.1868335137007556,-0.038632746121043074,0.22744700302741702,0.44538544831694454,0.19550891602773945,0.03627852415585553,0.22236697982317094,-0.17900529627081677,0.0753638104860491,0.3519690045991034,0.01118282553831021
pedro,0.1380775531717023,-0.21631418790413198,0.20470926254671715,-0.3140917477186466,0.19572948090987605,-0.3735716259240829,-0.1143299927073085,-0.28245534704491926,0.1897752069840402,-0.03938872525497042,0.2293923094873119,0.26764984006533443,0.19561423150495866,0.041910091158394794,0.2236237208198274,-0.18123568715783908,-0.13112209826797883,0.3601258309885454,0.33218698037709854
pedro,0.004485199056187012,-0.14770897113518017,0.1693352818726399,-0.27779961252695207,0.23090180476662653,-0.3300031309070114,-0.12847836243865865,-0.31323497823639074,0.21547401259659235,-0.06915607354661489,0.25443070197224454,-0.38707981992000184,0.22038930010572164,0.06102310520127021,0.25047963574855336,-0.19008381100343633,-0.09687823990944079,0.32922217883521804,-0.24653044876356442
pedro,0.08758902550892328,-0.06222317197606917,0.14862231165950351,-0.10215884266981085,0.25608612308938195,-0.20478996388185552,-0.13747284826560502,-0.3292267189304214,0.22994463085734718,-0.12464845328968029,0.2626610860475648,-0.343789795490611,0.23258112301567324,0.11598641982763323,0.27268135303231217,-0.12000966146258481,0.3743968221984143,-0.33505999755578814,-0.2538872156770528
pedro,-0.02038988482720111,-0.06969928545910184,0.167093693854549,-0.08748573928594995,0.2797374199150417,-0.21515535989999898,-0.15192805387208608,-0.36020562425760166,0.25245484352546804,-0.15738222837381297,0.2846421978500383,-0.35506670873901336,0.2449896527503337,0.12984205680383848,0.2988452125585206,-0.10620441034230732,0.10213182736295104,-0.3467806749806478,-0.2800754143313695
pedro,0.00364136582993269,-0.11617368675432715,0.1672542822776607,-0.004981513289490722,0.2758569654122393,-0.15658729768605872,-0.11476149592543888,-0.22701239920627428,0.2545432028250612,-0.2788090683726285,0.2847689909300616,-0.24609524040177158,0.23010986534322306,-0.04224317109008199,0.29093294969881095,0.03363453062809602,0.4983388858181339,-0.2367623782008738,-0.2531679975425644
pedro,0.008392355311170451,-0.06591584309009535,0.1457486148773009,0.14885365147803642,0.2796190403282568,-0.11010070566318791,0.418622742052615,-0.032510310239563765,0.26003335759527735,-0.23278959887256456,0.2918332005936452,-0.15542906056041977,0.21048777731723362,0.02105936051334425,0.2527469839304519,0.05079125593747492,-0.13932018399960422,-0.16863118914174424,0.5435577276635477
pedro,0.02303402305698954,0.0071046351085838465,0.07133831407681919,0.25361839160803185,0.36098022428820337,-0.12808478859310554,0.5147476861364387,0.03237418108819688,0.314439589612084,-0.23008982021844163,0.3374090776900055,-0.08545386111831031,0.2865618268768364,0.039791324271186285,0.2927394987542296,0.06379481178481036,-0.15929395381250075,-0.18646296938075416,-0.10602510678253427
pedro,0.004510158442008483,-0.05493019802099597,0.054955572430877946,-0.18870883616792095,0.22781765902983192,0.107006098643706,-0.4226697261811808,-0.08727804436679028,-0.2509128273742054,0.12614232254886826,-0.27649747804824426,0.01887425840300671,-0.235177845895245,0.10778101602474127,-0.27199252613913066,-0.048865736512257174,0.009193834373563903,0.08865721655830916,-0.6338920830667388
pedro,0.07854645958031448,0.08209059654013616,-0.07951075487810293,0.1543666036553383,-0.24680458042628753,-0.09731961541580163,0.38563633989920165,0.1224445553170772,0.22095728952547017,-0.06068615634159504,0.2599867944316081,-0.011409238316534853,0.21341944154119022,-0.26054225111841905,0.2840263323208551,0.03456493088230445,0.5380317426377474,-0.03433597626546272,0.3504815173340642
pedro,0.004441237112191692,0.1302601409623595,-0.06872580335574408,0.15983655225598983,-0.2128102898710298,-0.08437476251181562,0.3952551200881979,0.15715916315561346,0.22593713633668847,-0.008166217607267878,0.2717898442556415,0.00636168904898422,0.22207592665016987,-0.36852133414933097,0.28945079806176827,0.02351409255235219,0.5152969432773855,-0.034209690773644295,-0.2413344686799549
pedro,-0.013206462015151462,-0.1451685130708663,-0.20122013865590302,-0.23953456286402633,-0.2753862459196105,0.045948378430863114,-0.30924496607170965,-0.1681228426713821,-0.2609748576758484,0.02101653076495163,-0.29126838024720525,-0.02858030067515852,-0.247527629828477,0.049285174149404254,-0.22991060259655216,-0.12885380244826228,0.12210701065650822,0.03505557129710063,-0.6129513375060978
pedro,-0.0001493593732145441,0.13084084774987975,-0.1684496044907371,0.05199465402220744,-0.031202458270730253,0.09284536857115533,-0.19058785693376493,-0.07467679966330239,-0.02620484428214889,0.2599766367993291,0.010284035615051087,-0.08680709671333209,-0.018094875787743468,-0.531098581786028,-0.49672573238190404,-0.4024894506624615,-0.3340096121653471,0.1250714636109304,0.07784174691127538
pedro,-0.006528235433430385,-0.10017490157028608,-0.39703926215381463,-0.4096178019987879,-0.22862820756550764,0.027707846126931487,0.05954157820219663,-0.1599240139466267,-0.21751686308355708,0.049140460937352796,-0.2806118271480172,0.025752980857525667,-0.2332184542647898,0.19057821263917904,-0.20182328058126192,-0.31876451682651985,-0.4507656620637209,0.07083108918482921,0.1094665798107988
pedro,0.00360749803802309,0.18583394029340689,0.18840671379426666,0.4385425875366008,0.16367923119756286,-0.10561820630170146,0.47013855122666004,0.18759320080254438,0.2618891922487269,-0.04702865035160067,0.3232284853201902,-0.018527506249052167,0.26922755148978106,-0.08154602127309393,0.12096958103651405,0.357570493706601,-0.12213985505230669,-0.12732650211704913,-0.12292363522768503
pedro,-0.009145234438831038,-0.23623780340335998,0.13397323339754916,-0.3464625693788459,0.3119979586672017,0.14595957872529938,-0.44335797412111577,-0.20162861611371535,-0.26837258290795957,-0.016417040918898475,-0.24462042171924495,0.012907558346843543,-0.2868702040225165,-0.1912837158839421,-0.18990307644669283,-0.2483828554597344,0.1205098220538957,0.1492363476644172,0.2541747940112744
pedro,0.0005636732442123279,0.256561221856714,-0.17554734193630117,0.28246025743700437,-0.34766710891407576,-0.1641424559799246,-0.20202262536470167,0.2998561323049817,0.07658953898714767,0.33905586513728314,-0.2721474991475908,0.09238282548738104,0.18751738523615166,0.08676024215979695,0.3432283864845632,0.10300013247886748,-0.1684544360148346,-0.14264708790170302,-0.348969958395833
pedro,0.0004707881923949472,0.2191627012238359,-0.2627508733264988,0.11721821868049404,-0.26478466525356253,-0.12896306630584964,-0.16588853037509946,0.24424146089984092,-0.39396914024312124,0.41694226981758853,-0.23777020525240786,0.264098439813291,-0.3359463689687266,0.12081672608483073,0.11715087765547226,0.09487521965565665,-0.12444356565108056,-0.16244303739176463,-0.21882155692349725
pedro,0.0001985366602166226,0.21431650272705124,-0.24129779206339463,0.0876842754889756,-0.22853634118949995,-0.13230715558867542,-0.17360623618474458,0.20978100491830065,-0.1982455543122518,0.34831012171094444,-0.23820792335821955,0.262043087832717,-0.20167917385819575,0.4970175092525144,-0.185601463786352,0.20524257587550962,-0.14276532527397173,-0.2628009215566817,0.06725795363937206
pedro,0.0215960538177859,0.2563029779845945,-0.20819663749182046,0.11311231033617801,-0.31858078447332194,-0.028978160898030243,-0.17402404392315954,0.21189548218738585,0.3402334308964408,0.08053745124536865,0.3263035802706074,0.23864470145743197,0.18561982466248456,0.026583721688246454,-0.4930999016095871,0.25615664479959926,-0.03599222477650651,-0.12328675426450982,0.23358174108895455
pedro,0.09089418477621183,0.24036865677223723,-0.20089286565195624,0.10413348343458674,-0.2979201190907881,-0.028244270389861454,-0.16388867264509904,0.1967563360477676,0.3180377964859498,0.0741346134847974,0.30732040792698573,0.22079617673574642,0.17497842821401535,0.038946213301533694,-0.48025716371037336,0.25736122114142546,-0.028136430600280073,0.30076404373759125,0.25648988340450746
pedro,0.032483243240635784,0.2525070440401835,-0.20952088277911105,0.10706196192979851,-0.3106278283715115,-0.03145922778404993,-0.17127215118153388,0.20059087768723152,0.33028682707915186,0.07771866428149127,0.321997166619036,0.23013338095050573,0.18225517767112973,0.051230313619671265,-0.5107792470971481,0.2848582263855861,-0.0010761724149580207,-0.12300386358992435,0.22145737480300196
pedro,0.06109037815664984,0.23689922876636116,-0.19099891716617123,0.09859816340532881,-0.2879548720691327,-0.03146791471413265,-0.1584916548788047,0.1814682448132343,0.30490713456979945,0.07509282416342622,0.3003632150040597,0.21318741880459685,0.1661292173365815,0.06496468751638639,-0.4721775243856019,0.2702218771675953,0.004873670321927655,0.37737889354902754,0.2263059618980945
pedro,0.002703240603550531,0.28575958674446983,-0.20714235881545973,0.10920019572041917,-0.3333984566724485,-0.06976653628174385,-0.17986535930320463,0.20016846492521884,0.2898840867095352,0.1332928682833547,0.1993140028387497,0.19365552720160953,0.17291948542706376,0.11781991115343739,-0.49756126414436574,0.2828524036641979,-0.01114184523367359,-0.3474524709680432,0.06194283861283742
pedro,-0.00019108298961644963,0.30564708065269836,-0.15797955473834413,0.03430770779636125,-0.2799013920052255,-0.21977691403160743,-0.1980136067296642,0.38119866427693516,-0.22762248977816446,0.22433486267392505,-0.23202309905614918,0.2802813270376069,-0.18359554384392715,0.09559692728793312,-0.31578671508266365,0.27864896560471686,-0.011918244885038098,-0.3381690121758781,-0.005781521477720039
pedro,0.0011742848122376756,0.285498693059052,-0.010296369823122507,0.03559733594425453,0.3609938027981034,-0.21971056737796832,-0.01040486523581043,0.3593053119619261,-0.3757740636084006,0.2407009818865862,-0.1846298879311938,0.31156302556645366,-0.2729226584718161,0.09698376327109187,-0.22907229581560606,0.24238989295768534,-0.009886468472165429,-0.2890523078776062,-0.015750413052052464
pedro,0.0007530636792516655,0.292391520702421,0.3415381646314789,0.16279187227739333,0.3014792150443123,-0.16940394215949028,0.5190122976009975,0.3283385811972361,-0.14418853113740882,0.2091989713592565,-0.21561719788996542,0.20463261518116468,-0.09936476546498578,0.023589254296549563,-0.08416106890486268,0.21542294266610443,-0.02333742801078936,-0.22766959030694997,-0.07329694964440281
pedro,-0.003888128902850963,-0.32565345505311205,-0.5402777092388588,-0.275976597770386,-0.27914329684215555,0.1468952498004513,-0.33619947110127696,-0.2576122210610035,-0.13924739570372047,-0.06839179869578536,0.27702533098755566,-0.09003229589103356,-0.10962979273048219,0.004652880145863231,-0.13584958182173268,-0.12685981683914516,0.06991546326099649,0.07619887607750538,0.284242817099946
pedro,-0.0024888753114222415,0.33524972840354633,0.5951959341812157,0.2994152823477131,0.27523037307729725,-0.14584197899357726,0.018957180508279298,0.23095594788801624,0.1694671139958867,0.03117322712025388,-0.29384305551524115,0.08407956909991399,0.1621991229831154,-0.018427558568362336,0.17074999115290024,0.10696702540739324,-0.09746856277290912,-0.09762506268518299,-0.2891329219232543
pedro,0.007761526114620506,0.3141253136956672,0.5730000877579227,0.28799915015349314,0.2572946140815064,-0.13634905046505985,0.2692969602662645,0.2048672285279726,0.18465965207498097,-0.008676512351473943,-0.2873891063874992,0.0860857586033295,0.14687410977779375,-0.0649561456966481,0.19387678998950247,0.0892802553377122,-0.10621196955882808,-0.09010918512040418,-0.2753920994357908
pedro,0.01616836848128894,0.32691736310324176,0.6040977389797437,0.30394965557846304,0.2679350671565987,-0.1415278292700202,-0.18761992899270075,0.20935484579462738,0.21163675985453073,-0.0433720329359409,-0.08377650264822513,0.0894960746684518,0.15089047833627825,-0.11390416807050611,0.22918090091071844,0.08445117979254357,-0.1241963126475136,-0.0929155874359584,-0.28948270376891433
pedro,-0.0036862433499359956,-0.3055255148469903,-0.546319728564435,-0.313518217796012,-0.2727530553375047,0.11806925123296318,0.1802043801409769,-0.19470086450458038,-0.2186844252763543,0.05648085376077791,-0.21280841237110748,-0.08139798995794673,-0.1647380223815494,0.17067482525493138,-0.262906685189181,-0.06844620885940163,0.14713712507397725,0.08503263596420697,0.29883004753164394
pedro,0.0018677391637364528,0.17567202995489803,0.29301031005690703,0.3323126681681076,0.37056588482630853,0.012519943226958626,-0.19434666407709425,0.16222124008824124,0.2137072802123322,0.17252099031189785,-0.31511372556370104,0.19618589736444655,0.20899703119179142,-0.1898418988589456,0.3574551559417336,0.06355019503185368,-0.10291407984703299,-0.10017639890269298,-0.35483997224844893
pedro,-0.009894524597647761,0.13818113647364805,0.058071096520197485,0.21559784445371863,0.2943464893272332,-0.026036388854579977,0.09877949988356453,0.16314853748011166,0.23898062690011618,0.040055034366192524,0.2643523528630483,0.06459435436841053,0.1913405198045552,-0.34597292837194393,0.32360786650467266,0.002390580365244298,0.5896189634787681,-0.08088242119931424,-0.2436375333711686
pedro,0.001955259341979607,0.2764838554826292,0.06195580580530324,0.08789099791532144,0.2758502817585972,-0.20786192992675717,0.4054319180935814,0.1724688307648413,0.2311345940578197,-0.13971887609846523,0.25872464040422427,-0.049073711208554735,0.2027538051430756,-0.28903511191621184,0.2991293349054436,0.032068074477723564,0.41199074742060116,-0.09206981906301924,-0.250821146754364
pedro,-0.010428647331689496,-0.3440891511229385,-0.07843058795288754,-0.10994127313009842,-0.3233303631283139,0.2378517604769061,-0.40577057903968244,-0.1729254038145062,-0.27716189236300504,0.1302990703620093,-0.3090251629111949,0.03133003219731868,-0.27062291999158256,0.06961112375163064,-0.32945757178006974,-0.08130890465484025,0.09007525975671918,0.14479103369036123,0.3083937260668967
pedro,0.00036601990326526335,0.22823589523655377,-0.023725355125146064,0.19097774287608657,0.05147811582834808,-0.10493289428292654,-0.1595096750630982,0.17077883386636947,0.25488737888659246,-0.0560859729386353,0.30146182861959847,0.024139394155606057,0.24549076531379926,-0.14595183632209496,0.3191365042486479,0.06508209659199628,0.6364175291452591,-0.11756185544169853,-0.27663815736104
pedro,0.007969388403533909,0.22088684189924404,-0.09607426066200264,0.17850680430739563,-0.24445580302278802,-0.11417907170117296,0.0038813399818167986,0.17650454005740654,0.2530557317961386,-0.0344209524659017,0.2995350769249094,0.04302007609862977,0.234581729043975,-0.14731400974755318,0.320981938911344,0.06406279334286573,0.6178101080492725,-0.11086616629442737,-0.26741645442923007
pedro,-0.007408848808376602,-0.19883785050394343,-0.1389917945473149,-0.27976224089657903,-0.3494079759998399,0.05814825351741402,-0.3569755516005153,-0.20259322027129645,-0.3025357067830915,0.022224136748700513,-0.36987594211529967,-0.05726704835799655,-0.2844086241716463,0.06420701461186144,-0.31945004804111654,-0.15266186997931036,0.19332879136024655,0.1514917486935878,0.25716748905961423
pedro,-0.0002740887641769839,0.1719298783308967,-0.0838207035451759,-0.19723774211231127,0.016558549115803168,0.09079101888249899,-0.03262448301140586,0.2145663997402548,-0.5091783840586592,0.2840372239771993,0.13742556734798192,-0.35809127006184516,-0.029327715606451643,0.09335697116186303,0.3526874378717203,0.3884878903077426,0.009725662206143904,-0.23210341891638525,-0.20732288413670089
pedro,-0.033221899177890646,0.12840879438229838,0.3921503244555179,0.37052936468502684,0.2816066850785556,-0.013598902386591548,-0.1643625862413172,0.1999770370791044,0.26852292435055375,-0.09744831228258043,0.3400520877820667,-0.0136084849109037,0.2524943839985828,-0.21853510469430493,0.22151078011644243,0.378877951195169,0.12764919756983922,-0.07153583584388648,-0.151606693089612
pedro,0.0274197172720842,0.12096251647340026,0.3614012157750502,0.3432143532299613,0.25395325263890944,-0.01647917565982365,-0.14887811113805074,0.1819852996506646,0.24054918921644022,-0.08904942612801854,0.3090838768307169,-0.016457511603446683,0.22685242372607475,-0.19496956971770793,0.20828507247619876,0.3435580075529949,0.4255220066809934,-0.07538299378693605,-0.13294761776914427
pedro,-0.00161407687945103,-0.17874052949755737,-0.3448647858937676,-0.3997277015528692,-0.2969857333655428,0.05951653471925652,-0.015616408130999355,-0.20516783367864078,-0.2724840442735265,0.09718840159862799,-0.3507059548865216,0.02245157378165813,-0.25532931781042123,0.1812131909806106,-0.21450929750456144,-0.3802610346650931,0.1752188184451343,0.09047728103237632,0.1432961425959842
pedro,-0.0025590902173436895,-0.2608193698371899,-0.1609799993186655,-0.3550362690823867,-0.323282353043939,0.13096235808220982,-0.49715726434767715,-0.21609901631828765,-0.24940358625425743,0.005465478055241475,-0.17768059128351518,0.021858507162089817,-0.2707717441037841,-0.10109293803271407,-0.15701462873073035,-0.29436443160629444,0.11272457188622535,0.11579711059475362,0.2219100168449838
pedro,0.07287925327423317,0.29754905084141997,0.10631678535109416,0.32813744576143894,0.3497365500212578,-0.15307266183160803,0.3268706041405207,0.2658363484102305,0.18620665705275308,0.13347976628603914,-0.2717400794742557,-0.018501558550645173,0.279962822880985,0.25188064644410246,0.17777008157983137,0.22990586402157268,-0.09284975774604723,-0.1034968585014412,-0.3113478708433731
pedro,0.00892337196497326,0.3341276387273085,0.022371403689076978,0.32605514111300227,0.2554363629860788,-0.17554939277457082,-0.2102812778227154,0.32942269140764535,0.1103829466587484,0.2523847662698234,-0.2650684147674398,0.06840737763475162,0.1950750081709871,0.3235644693570585,0.2156087024395953,0.2237261440150776,-0.10692297226555499,-0.1439370450699266,-0.3323868489945538
pedro,-8.658809767471842e-05,0.2290096161982235,-0.2800574756844767,0.08936429523399596,-0.2677337333671071,-0.13068286210489372,-0.15789792785265058,0.2399214061705322,-0.3663297555423826,0.403269230655127,-0.24728197473267327,0.26807858622262676,-0.3215403822258221,0.24494408022588135,0.05091050969119813,0.11653705740240827,-0.09065276277741653,-0.19592807151939765,-0.18406695995970482
pedro,0.0005070169727450363,0.19067400117850755,-0.2898733371974231,0.07075339696073842,-0.24427904377114315,-0.1023201143998237,0.09369335865204055,0.18628821257080433,-0.1397493965441073,0.3537838904594661,-0.23827383435107757,0.24985344618858013,-0.14128654875111224,0.3439860433799497,-0.43976862190064736,0.15052120876403807,-0.12109804906043911,-0.2905868481001934,0.20891748222464473
pedro,0.00885176886779912,0.19206034619069542,-0.2805861306527871,0.07399571581419055,-0.24219146329029353,-0.10316577715110281,0.21197046253435411,0.18554624457121138,-0.11406868935539415,0.33188610345587216,-0.22638246418262958,0.23957328685735965,-0.11400374070947297,0.40453944958357135,-0.4203494744829494,0.18607199183393114,-0.11359265413164014,-0.2587138828705369,0.17505436505798186
pedro,0.00026850615451273074,0.17241421033584878,-0.28722390520761754,0.05655194808641,-0.26318453938735464,-0.11065641859326673,-0.10657554103825238,0.17935724629864444,-0.26615861576232136,0.3497653923994552,-0.24980765844655503,0.27916920066212625,-0.27870452459232753,0.37039928005690415,-0.2670238893884602,0.18623458163221118,-0.12650056067844165,-0.27059651593871925,0.12626164839999587
pedro,0.01280018623413283,0.10637012177080986,-0.2605135592081461,0.03537204025521064,-0.2376948055664541,-0.03506559504805612,0.42835819934744623,0.12729719340890308,0.17779925682971032,0.178462450796335,0.30794380705269975,0.1999534660657431,0.0486137264065123,-0.09808601624686428,-0.48709787751328504,0.19993533164905453,-0.026878743694566443,0.34524513453320327,0.23394797207384666
pedro,0.032144615007930054,0.11993905737361141,-0.2708160340883716,0.05169165902036813,-0.2477610317275175,-0.03644904469175202,0.4446490593198744,0.13522387807053526,0.2337753155467388,0.14112971814692257,0.2989878298730291,0.22168265237195842,0.09413020240459598,-0.09119263563642623,-0.5007686062050569,0.21960505385837875,-0.026057711166413585,-0.21385666045932433,0.23494183424145465
pedro,0.04848367179187163,0.12034271799333286,-0.2594226798372002,0.05729905824215702,-0.24012493051584274,-0.034468581785169115,0.4299994146892064,0.13391519970071322,0.23358346375793831,0.12045116939613346,0.28571731545982365,0.209937759849059,0.10094823228201832,-0.08656416698020952,-0.4813460528716935,0.22067390426631953,-0.02339774658271804,0.32117047831226897,0.23812325918204405
pedro,0.019537650388889004,0.1259449903282393,-0.25929510404409717,0.06805960370225744,-0.24289319774502613,-0.03290102142333531,0.4334246178483687,0.13797980243222563,0.2395806989815552,0.10440113908527159,0.28613370891333445,0.21347184396292768,0.1063370035502417,-0.0902768644520057,-0.482275825049883,0.23475062075402933,-0.007909153326023568,-0.28874068594526814,0.24283043411019645
pedro,0.020018652505848455,0.13005758597039377,-0.25606914841432094,0.08083357841211071,-0.24750916931723219,-0.03252499359941151,0.4391572398050957,0.1433986932677938,0.2438243326935362,0.09809403699112366,0.29031685531296747,0.21094573118370188,0.11099683165394564,-0.08155534790487518,-0.4813685336499593,0.2530763080265912,0.010554529802646097,0.26554534162733967,0.22808619735289426
pedro,-0.014663455295401973,0.14044706363077333,-0.26647398527792787,0.09416168733502321,-0.2640375274254528,-0.03572710431593072,0.46547566314661104,0.15281179119712682,0.25645526867969476,0.10735679528102429,0.31039241897412434,0.2144921214525898,0.11974077513153529,-0.06091305360836138,-0.5013715023508544,0.27947301528325164,0.021140300732170884,0.002196750125538214,0.14752926658383395
pedro,0.07044020740469628,0.13481852356682128,-0.2511679275877296,0.09272884959559632,-0.25019569389180074,-0.035247885994254255,0.4405831303822977,0.14444064380344854,0.24012698219687723,0.10588162627312384,0.2967533749554323,0.19332866256822362,0.10949816213218791,-0.052407240942304104,-0.47160632041840167,0.2682862128047473,0.02067669845150014,0.2561598774260415,0.24867829226587965
pedro,0.028069241690391714,0.15441655229024479,-0.27785337909757896,0.11196931985649569,-0.27485735144449347,-0.045907268588561444,0.4234546927138896,0.1616559723829002,0.2347114417707031,0.13515796108040834,0.19747699346957823,0.19396137116943576,0.12019598859307491,-0.0335656740412976,-0.5074064495463896,0.28980829204197,0.015476478887049101,-0.2947967552561201,0.09576788053492709
pedro,4.7914898238749095e-06,0.2527546933654719,-0.17567269433421384,0.11736841176987907,-0.22942218414411625,-0.16717375513522198,-0.1350732874327448,0.2955596285074197,-0.31198574659928907,0.28287558795135204,-0.20477874541296445,0.2977059377979325,-0.2332485977798791,0.053877317958800665,-0.38942592709771984,0.2925571230517648,-0.019399015935571712,-0.31017844324167837,0.07901383369923572
pedro,0.011286930927276126,0.242877647752037,0.1985134402383863,0.18392064209227738,0.29035983663377485,-0.13354214252056612,0.2643630038310172,0.2953352715592539,-0.35134366576459947,0.3288931917084651,-0.18590362795812163,0.2569611972095798,-0.18467341993290454,0.03697005022474784,-0.29268884355780805,0.29174955802055186,-0.016324505055529986,-0.26227161938202626,0.031814614947267686
pedro,0.00042773274747171994,0.34099986190766246,0.4476935304059676,0.3121050461075132,0.3262798064808046,-0.1457188784593632,-0.20814471090975004,0.3051813313957889,-0.05236485722472442,0.24246033809572723,-0.2645366174071761,0.1963431541021553,-0.002716481759700822,-0.04992079681996145,-0.10572417259060761,0.25974973147209274,-0.04064302628721335,-0.23971510724134423,-0.10679953548465529
pedro,-0.0014318233465915684,-0.35871282151662776,-0.5050883704901068,-0.38514886757104727,-0.31805525833912873,0.12001457059697268,0.19808566702066915,-0.24055293482295012,-0.19898916956505197,-0.04929711451400423,0.15331100922819507,-0.09894641572762038,-0.16592269874576268,0.047135855103911904,-0.16674231117028437,-0.14903403415009195,0.09993554281083018,0.11477962935588061,0.2774087358103149
pedro,-0.004437851940213708,-0.2477378849843176,-0.40516878372255316,-0.3851182655501027,-0.30371156916634984,0.030779716832929068,0.16703880916762573,-0.21472590305842038,-0.2643038350146547,0.09419830573200724,-0.372863206051696,-0.052317278995881,-0.21615396802128142,0.17693264745589463,-0.28890930477483584,-0.07662373793891257,0.16830155707785963,0.07521460580701583,0.19263123518528785
pedro,0.0005828969307253318,0.20481776179632896,0.28373919120080815,0.30969587618703154,0.25574257312774207,-0.07419558198683912,0.05571856210657982,0.20165324866266018,0.2099730169934391,-0.08437906058307738,0.25612582585194393,0.0006189111895379834,0.18339919266963395,-0.1766552385250034,0.2462772984064639,0.0699851961975967,-0.12932800161134206,-0.040311133150181616,0.633561026005198
pedro,-0.006787311731273123,-0.3023539167515701,-0.18621997727239864,-0.21112341413801541,-0.25075215228174297,0.21542175499653782,-0.3832706340272072,-0.23413999152310958,-0.17756458368672756,0.09075171926932436,0.21614979639108914,0.1265804763924037,-0.2012422170597737,0.12086734574103113,-0.2076407083633289,-0.09912804374514864,0.10609930345812812,0.0015972986033436353,-0.5445306650351849
pedro,-0.01350400654328622,-0.1804878252564469,-0.17467870073882083,-0.21492737286674857,-0.18635441484970372,0.07592131717842482,-0.12134038162623198,-0.14882228315046653,-0.14896873579320896,0.03611454104096637,0.17435365748975346,0.06816665860637679,0.7408079016622404,0.062321861602624984,-0.139864884291636,-0.09873155564605046,0.07156633150725432,0.008238001357528581,-0.4094291620912605
pedro,0.05580608196199064,0.134698490535048,0.2781083462847119,0.3301065828579722,0.262160105386479,0.03284590169178468,-0.1380869367028444,0.1843716576213431,0.23712684472566217,-0.0328470395883105,-0.22133664222096305,-0.05931366389477369,0.3811655420376009,-0.0935725968299238,0.19753757754981482,0.1490099241198826,-0.09950071693105038,-0.036688252034120294,0.5799512580610175
pedro,0.000869683976403024,0.12102743540242818,0.37296585598213694,0.3602945804555497,0.2700437430675643,0.031028360045301445,-0.15541940578345328,0.2157840904738832,0.25015835219653126,-0.0640536094739735,0.33321764117823016,-0.04545382573546368,0.3909410776802367,-0.3210832340627023,0.16584443389337708,0.28637627671280647,-0.03513987845391912,-0.0836983201100891,-0.1355169644290194
pedro,0.0886552577805462,0.10360844031247268,0.3483619962223947,0.32685146632351947,0.238996739647092,0.014061356125007134,-0.14306235715464394,0.1948508775970591,0.21775010433296332,-0.07020172447188498,-0.251920118859011,-0.04599518379402333,0.3418486770871906,-0.3443144042984522,0.14038516133408588,0.3215716670634768,0.39637928009641543,-0.07736843475305982,-0.0759743676431106
pedro,-0.028440669729762058,0.10800444944175848,0.37790148353434044,0.35221288260758027,0.25760698315670305,0.013282843412116965,-0.15480783621901625,0.20633364676440608,0.23441272919269465,-0.07737871504185434,-0.2711105351961049,-0.05006433299465694,0.3697384784770929,-0.3780588115948727,0.15439167147959182,0.34750841814156375,0.1136668373479064,-0.0824125903660033,-0.08662982793901484
pedro,0.028626848744131975,0.09264450045767134,0.35097954201908316,0.32161828302528916,0.2347851811071833,0.010585236940541323,-0.14209760038348554,0.18418237285028569,0.21453113366642884,-0.07392925740866996,-0.1957862821329899,-0.04707063504795572,0.3364538160488432,-0.3539229529225769,0.14544766226207573,0.31394427474257414,0.4398511324280212,-0.07578669130327698,-0.07754147886753755
pedro,-0.003580783998841685,0.06466305175754117,0.018093608897029455,0.06141778377286864,0.3340084821023746,-0.1426352921556057,-0.17972183896675814,0.06413553386383153,0.13101070409542795,0.23379415344437218,0.1137954781707285,-0.1854064700817986,-0.1628816260389072,0.13478879119463308,-0.2476673171744514,0.001403111084003914,0.36703377416401073,-0.4375827518196708,0.5215543310250401
dan,-0.0037095737774935516,0.033294119116549045,-0.01634699305338505,0.38409936008959894,-0.02745719565729045,0.4419091871213626,-0.05136936024934597,0.06931423165713445,-0.005263833433556842,0.4011070406212884,0.15015024680936792,0.4657516413290518,-0.12559192187527174,-0.22881626739872782,0.029459179557964992,0.14122082754951218,0.11481130816855638,-0.3186725557042897,0.2086901751203514
dan,0.0034828622488928362,-0.21928944777581016,-0.03728268741539187,-0.3494083668135119,0.046057730073038566,0.2667875867763868,0.044403890931112806,-0.12641697325143195,-0.008064508936431503,-0.3295764358931159,-0.1317462590467209,-0.2777562948626716,-0.5980536199433263,0.19631212060628384,-0.024038169124646888,-0.13663412935789407,-0.10426274001660424,0.27705211092026,-0.17582051747724053
dan,0.11581147535973932,-0.2856733459123626,-0.055332543507149085,-0.38157396470907756,0.05629751317143414,0.2890435565060146,0.05181948643592973,-0.19618132342942832,-0.00574821777001915,-0.3379563305770971,-0.1391685294207064,0.2919533150986338,-0.4673866587450817,0.2001829986708226,-0.027168858997138584,-0.160133394020461,-0.1150054792198874,0.2938309816696187,-0.19627271951208522
dan,-0.00011072527444372852,-0.26908880493616594,-0.13799562869388515,-0.323392797135079,0.08361601180097857,0.3273551472987116,0.05970450978942119,-0.2789409070871601,-0.23596845437339695,-0.4227930433941095,-0.12866760688704298,0.2937813079685707,0.1457107519416116,0.1899177394680411,-0.19686551601722754,-0.24697252332837197,-0.09884127895481289,0.29533372668615504,-0.1307612903767573
dan,-0.0014607624106513322,-0.2722254818105665,-0.19573328516603633,-0.21626108624165483,0.09454019293588661,0.2831882207640393,0.054674398649519354,-0.21185906064210522,-0.08618365070652903,-0.3072812995636429,-0.12296529077490612,0.26221786645432826,0.11848242273787396,0.09949213785146227,-0.49965994237982664,-0.4448469702599968,-0.05005119613996012,0.19207864964183624,0.08481077188235274
dan,0.08127725480262164,-0.16261163708416004,-0.10898415249786708,-0.12108511424939165,0.05212075728705574,0.15396223910932152,0.030103982241329597,-0.11759795805767723,-0.04886521048150614,-0.1639645958520115,-0.06644224461584791,0.14321591849794166,0.06511111094058317,0.053877758087961004,-0.2826088378789236,-0.2510502986623236,-0.02649231022771671,-0.1935422787929944,0.8145351613390098
dan,0.013669271415620299,-0.3016647215253951,-0.1959469979955305,-0.21921491618017316,0.09330820920659184,0.2755918591428758,0.054072531204302235,-0.21191027377203894,-0.08997153231298141,-0.2885986962366981,-0.11866625176172255,0.034357838874268624,0.11668859637020788,0.09340748538343732,-0.5070536807685857,-0.4558433398993296,-0.04838127066259554,0.27490299995178996,-0.1351461764405053
dan,0.0005024353396814979,-0.3036992657896092,-0.20417439900859335,-0.23146368272683682,0.09751533754270834,0.282381297674698,0.054984442197752545,-0.2243060375846421,-0.15972328016925816,-0.2863992007158776,-0.10990838983929645,0.11642862200982998,0.12411779509767158,0.08752026222566836,-0.42535827675912063,-0.4759857257088941,-0.06573516803856135,0.28261901135080425,-0.1483104382526665
dan,0.0013123362829365788,-0.26477692925892504,-0.19891980248508567,-0.23525754244373293,0.09599639926843695,0.27387799913333694,0.05400337848082828,-0.23239186497478698,-0.4010798688312941,-0.31535416836543695,-0.07899020525844876,-0.2630377615566259,0.105648737956222,0.08444965835950814,-0.16613724610330086,-0.4281801182293594,-0.0981035297296879,0.2892072983794625,-0.1886562369515805
dan,0.00014862539769539202,-0.2730439304944929,-0.19563180480214049,-0.26094019996626394,0.09474961356964554,0.29285820525609507,0.05808346326411702,-0.2548898757057237,-0.24453358990482182,-0.3883245329087317,-0.12323849977663262,0.20286913673745957,0.11132251526184098,0.11002479553875423,-0.32192405043673533,-0.4052437414904704,-0.07884300180750883,0.2745562387192223,-0.12292331973936788
dan,0.001035585947464125,-0.2507133011829292,-0.1949743620523079,-0.24649740729490946,0.09383832855525087,0.2811926610421722,0.052813980931589594,-0.24644836888364643,-0.291030761125623,-0.3296072532745424,-0.10358123672023392,-0.34652805237435497,0.09974087034945138,0.0940005131223402,-0.23600796398189164,-0.4349246117697445,-0.09923377641294691,0.27644324873536835,-0.11359344819421882
dan,7.349854668702027e-05,-0.27245779806581133,-0.23507550466221483,-0.23325120714628322,0.11258608968266415,0.2955416396775643,0.05532454367188549,-0.261011426235236,-0.23464936497649733,-0.39703262596487865,-0.12646145753897828,0.20163267482535321,0.11959816429357291,0.11845381685634758,-0.32393543598464525,-0.39470959098405495,-0.08572010926174813,0.2681255184918283,-0.08511356484160783
dan,0.0017146286092107462,-0.24992682786913623,-0.23777234344712975,-0.20090235184356317,-0.006990459371019565,0.27712983822991916,0.04753105162065228,-0.2335237300014834,-0.14864898059760143,-0.3085889550381932,-0.11923818532431696,-0.4326399590401448,0.09703542227283324,0.08450121655321671,-0.3054030382724379,-0.44674361034054877,-0.08843956215298342,0.25625488833011645,-0.07336707596385474
dan,0.14661092481453836,-0.20142138723565453,-0.20704310827854666,-0.16955352637242252,-0.5733918736433253,0.2355977291958131,0.04011481276322664,-0.19989280452150748,-0.20418126493641153,-0.2575306693905087,-0.08933395058837193,-0.3605738784400618,0.07585341032559732,0.0803473093751841,-0.11192101047185209,-0.3479460138335834,-0.09481476593956513,0.22757677960885234,-0.0968194338575298
dan,0.0025073495743263927,-0.23443131588348876,-0.24027551874783928,-0.21117985430745653,0.11420689137134815,0.2884662358230663,0.04994294891313574,-0.25820743601259255,-0.41177081670033644,-0.33733947674030124,-0.09312455492641833,-0.30919662030326794,0.09900733958823953,0.11514071006949021,-0.04098799912192525,-0.3780478988431497,-0.13001564322773293,0.28890756972135545,-0.14707740321682558
dan,0.0001283296536552475,-0.28023488487575704,-0.23010018278668865,-0.22359444533042527,0.10897320847945229,0.30187402290484106,0.05478535098972376,-0.26306673612749404,-0.21664403802280488,-0.3885898024611113,-0.13498288068400588,0.15019778484643692,0.12240608296599306,0.107710405444991,-0.3091286749160312,-0.4041842588583534,-0.09519047003213504,0.2987024335178953,-0.14425041359279517
dan,-4.239178348011032e-05,-0.20051355240828161,-0.21505275564782655,-0.24627775813839156,0.10453850657814973,0.2740848663913382,0.04827022903573271,-0.26378585088152123,-0.4738368607616298,-0.33049252422715836,-0.07998025682567059,-0.2680267373461052,0.03534862986550024,0.18470041733815873,0.12021826978259359,-0.2607287337594486,0.250894455872747,0.2820210527530374,-0.15056115161769784
dan,0.0013014617102380134,-0.25039237623690047,-0.1784008902115487,-0.21847622256639804,0.08689508722132666,0.23583532632447637,0.045548935589421774,-0.32077819702554083,-0.28359057257038756,-0.3496270147462186,-0.05702640323382591,0.178767978189208,-0.5199254317641836,0.15217107234674304,-0.03648145425404113,-0.25787228090646286,0.05503738836895135,0.25198577205484946,-0.15458460428888532
dan,0.001505617737103349,-0.2499562169605638,-0.1821151612508507,-0.2107902911052603,0.08514447570515081,0.16950822849411956,0.04868353354254212,-0.2687140080090308,0.06277321921751602,-0.28875738711755117,0.24128514634263049,0.19305333760197682,0.14262351152771752,0.21820255391468568,-0.4716465930717292,-0.2720666857004341,-0.04092342993357155,0.05162927666013927,0.444734916794294
dan,0.0017767035761713612,-0.20922376869175419,-0.18036456675828771,-0.20016584978591673,0.08320690898838326,-0.45160126718626237,0.04683075471636324,-0.252507546797909,0.08439934448594592,-0.26309536891526064,0.23795091808000443,0.1992585614330365,0.13925186971917233,0.27073778620013156,-0.4545038411736806,-0.3283427601561704,-0.05169451207345572,0.10883223053252526,-0.11203053229689741
dan,0.007061492212019067,-0.20033210800681578,-0.17752881552120864,-0.20902212072927578,0.08128607529216768,-0.3068687813309461,0.04606986268980693,-0.24997034803113097,0.06695886435616112,-0.24872069242343647,0.2299278182263492,0.21754270927856129,0.1423058870110811,0.27591687333682396,-0.345717336051255,-0.35842828406679567,-0.07234284582632458,-0.42195372204355547,-0.15839477307626135
dan,0.04750024836988137,-0.24023591095967659,-0.20036589655347867,-0.24748570205612888,0.09012520839773544,0.3056958920089591,0.051761401622379015,-0.2836094032892425,0.043661176138429986,-0.26682848394774206,-0.1723485666315394,0.2595455820525316,0.15991489106693513,0.3033333111874252,-0.260172252004072,-0.39741487372212936,-0.09932793935802614,-0.32032964219836413,-0.1741956554614833
dan,-0.00013617992946123386,-0.27811340322833966,-0.2304202962551951,-0.2992244753481548,-0.002356449443810758,0.3164833954669559,0.055582881577464126,-0.28388519846677945,-0.05214647399903409,-0.27814560782217307,-0.12205521077871309,0.29689902798628226,0.16111727419263827,0.40624687993409947,0.18029976391749497,-0.1462327388547533,0.2514794526042576,0.3107472063058656,-0.09139351995024121
dan,0.0012340695052713122,-0.17369618954111726,-0.2937855362687568,-0.19042410229665768,-0.6096599991462787,0.23089716469561106,0.04362781805853776,-0.19034220957638076,-0.060504949919965925,-0.21489412389728713,-0.1090919433938516,-0.2500560337458475,0.11898227245174596,0.29137535980574253,0.1715852585291128,-0.10165761320653631,0.23980025447499304,0.24659471430280033,-0.05207035367887855
dan,0.017964141967263387,-0.16486754042145838,-0.13743741458074726,-0.3232739497501246,0.07017856070887468,0.11831969451412647,0.054954632005844516,-0.23758626210672446,-0.07108888831224375,-0.27029873433102974,-0.14141053538907475,-0.4834214548102065,0.14986374857746795,0.38875717418828454,0.19246935120013015,-0.14350922160468504,0.3100821266499233,0.325593342111198,-0.07636046832743257
dan,0.0005616183876152924,-0.13760893969564394,0.012685182976479581,-0.3411505896277761,0.022065768917228053,-0.45944299748380146,0.05220779994195699,-0.23489773363791216,-0.04892914107572411,-0.25362074732856477,-0.13852455562603738,-0.37339907634410496,0.1431283303312431,0.34282835849977344,0.14419604609673137,-0.13438657846664925,0.30124217945323367,0.31019845511428806,-0.07661019191714856
dan,0.00017379248490169004,-0.24024990753420514,0.018737918351044103,-0.4117256012306424,0.04019366841408592,0.3326818456328933,0.06019334940844602,-0.2956206128070313,-0.03196621801237264,-0.29084503247626164,-0.17402063197441534,0.24622283709402432,0.1478632158874722,0.3593941157712067,0.12014103199518646,-0.21398148237389147,-0.11209194781224864,0.3880911249467651,-0.13473272388534413
dan,0.005284331020065599,-0.24316173189223844,0.21863168258120136,-0.3842996176633342,-0.03208788962014257,0.3341640345979447,0.05526420996224427,-0.23905822055512205,0.06819951932222444,-0.21722243277755632,-0.17620228309913818,-0.47863516708487636,0.09874045373054427,0.31787493479377815,0.12444002832822014,-0.14953461496426282,-0.16358686405497452,0.24188735573939388,-0.16310213809382035
dan,0.003914978576054852,-0.24742536717581862,0.21789499694304248,-0.36824650568516426,-0.032664861931699714,0.3158549775069107,0.05079018354761339,-0.22902431898448825,0.07158800010998169,-0.21099885695279033,-0.16836896423624742,-0.43676977175345966,0.06301968483388426,0.31276696240437585,0.12558511583586726,-0.13186729760248966,-0.15970894930443505,-0.3797778850914978,-0.1624163696055736
dan,0.001476395423733408,-0.23284199038639342,0.20140048007675682,-0.39893052877852947,-0.0266003847196351,0.34001548623101086,0.05428826950846025,-0.235684574528043,0.024014274043140098,-0.2442531434333529,-0.16563429579322134,-0.4621441147892215,0.054676406947362234,0.32497081665883754,0.12105798241738847,-0.14193026686240443,-0.1662464720590934,0.26020422392838116,-0.17685375420338187
dan,0.014552327409546716,-0.17611997209013677,0.13867817524586684,-0.37696419561258554,-0.01053271126979935,0.19953248489485786,0.052141423368407464,-0.22134306204620544,0.017301418360868952,-0.23654640248065423,-0.15501868092942095,-0.43896275473963164,0.0568117548840738,0.31871767326571204,0.09254934181835951,-0.15728800978688512,-0.14924218710373952,-0.5028827415843001,-0.1725170773073798
dan,0.006787010443781404,-0.15223231308386254,0.10810430907390223,-0.3484974382998193,-0.0037130396220163963,-0.40006238879872646,0.05002686027288301,-0.20027840969987923,-0.09682301705317749,-0.24344809727750413,-0.125358662655662,-0.41040532904541643,0.05013181513367942,0.30520683095292006,0.05517315113300236,-0.17225868856208873,-0.13276462684905205,-0.4616452331854864,-0.1705789478796939
dan,0.018501241239965993,-0.16732900535430345,0.12019565975465195,-0.382900500713343,-0.004245712625882221,0.18444080011497388,0.055704671318403266,-0.23518555868638832,-0.27274051682201655,-0.2998196403784572,-0.11882651030913853,-0.43534228189611385,0.021864193944314186,0.33194340512831133,0.01291872208583099,-0.21365780117790573,-0.13680075794397337,0.3758114310490247,-0.18476465508919226
dan,0.0003102032694377449,-0.14606822757528384,0.1441023108940538,-0.3268621475664398,-0.01454838783187022,-0.5090255726700804,0.050717714980767555,-0.20766571879465368,-0.4264367725981029,-0.2776566198098781,-0.08600555787122001,-0.30115145196614057,-0.07514321139694825,0.2837714463122987,0.03453573098492067,-0.1688058478742952,-0.1250819519699005,0.18635996891796344,-0.1509192981362842
dan,0.00801473044787526,-0.141144935386458,0.132234154240063,-0.3164507890772807,-0.010553624808157648,-0.33980532815633047,0.045295379101740495,-0.20120229226150943,-0.4271871284984369,-0.27843090931052633,-0.08202054986075343,-0.2929675483801195,-0.07043842234127189,0.2792978531905881,0.05152032988578341,-0.14944670344402394,-0.12559465863697347,-0.4522812095475279,-0.15322616106322665
dan,-0.00016209582884757885,-0.16650113942346256,-0.07390741038939741,-0.3189777930367726,-0.05245614802075787,0.3089647314995787,0.045079371162223755,-0.228080061492703,-0.18635986277416852,-0.3054956581623503,-0.11988977464833477,-0.406182382918201,0.025181422957615923,0.2886558492165093,0.041381261722827606,-0.18077697465716447,-0.13169430217706943,-0.4887585624000362,-0.1755337167869529
dan,-0.007199179512046583,-0.13275053474489829,-0.22820476749749088,-0.21089195843739758,-0.7340410184364539,0.02328672049047805,0.03879875200183323,-0.18165035617896386,-0.017975402016744725,-0.2274427625979248,-0.11288704865053392,-0.3374430263482479,0.0409801031535946,0.2219264786202567,0.032096620811577055,-0.1478363414375432,-0.10475891384384574,0.16977127557587302,-0.14030661952583184
dan,0.00651733919367902,-0.13721931559429057,-0.2142374194546518,-0.1938838529655962,-0.5936237816939174,-0.4155493477005556,0.03949606789035586,-0.17301911698752684,-0.009559308430500558,-0.21907119596412228,-0.10972556239544896,-0.33155842384743256,0.045426162090989035,0.21342066295114817,0.021026779727070823,-0.15242216288197852,-0.09920646687823158,0.2652474369233321,-0.13991887261040672
dan,0.0021030135995570216,-0.17728682386920805,-0.1318732936270608,-0.2767659181407589,0.07553904734004535,-0.5224666881654593,0.054366564164409596,-0.2237223490615513,-0.013539319845220091,-0.28144152437094044,-0.1427457651890994,-0.44043001160786355,0.06507066492693171,0.28263623912159386,0.025034613773418448,-0.1985548528707702,-0.1261446622110147,0.281645046972891,-0.17245939835932367
dan,0.030084217741867692,-0.24157959026996154,-0.12018023550587194,-0.29297846842666597,0.0722384940877181,0.32751125319156904,0.054526733293604364,-0.2359182618922781,-0.005521783988404436,-0.28452371548113425,-0.14734837650553562,-0.45323597943376986,0.0679255615088775,0.2953540519956316,0.026900765064381296,-0.2047350522448005,-0.12510364192258241,-0.4132116476797309,-0.20309014763530792
dan,0.0024267354684260737,-0.2808918413294258,-0.12386924715594583,-0.30916112684827196,0.07485356179452782,0.33422938624881404,0.056110880680274526,-0.2489673301533299,-0.004872946645045766,-0.2983084742874136,-0.1523606622964034,-0.48043632958138544,0.07623205304023613,0.3057028962855122,0.031230214872424614,-0.2138509743682274,-0.13354659241112266,0.2884024298144036,-0.19416936987335495
dan,0.0004830087875581211,-0.2177480482212666,-0.06391399826020616,-0.3106457100213379,0.04855417693345859,0.3212636388660501,0.052533766865644614,-0.2783126314910303,0.13105461130139,-0.24246408868451766,0.10319921341020256,-0.4466686736768083,0.057896272675689864,0.29160981264427693,0.019571148700887237,-0.2097353509809116,-0.12701819819735116,-0.4381515920779906,-0.19803207800682884
dan,0.0070221132348985095,-0.4031013761471483,-0.056849440922231764,-0.26963421249274766,0.05135099330666957,0.2462974845204391,0.043377729125032564,-0.35176225449864784,0.1764568275859767,-0.17197687818515492,0.30774302773549667,-0.39473062599656017,0.055348927667615205,0.16086020849798496,0.026815207309740376,-0.23398836633017903,-0.13501978820382637,0.3245583347182701,-0.23118921366222311
dan,0.0004938428171822758,-0.6616045596510629,-0.05252407430416417,-0.14413747508220554,0.05580430796837109,0.1575998095003076,0.035476215296652014,-0.41034789375595576,0.12725203885815897,-0.11105916862364952,-0.2102375427282401,0.2243542166971222,0.061935838258346795,-0.06449878420799991,0.026793263723345666,-0.2109931145569097,-0.14686602615630606,0.2703792726409641,-0.26491637450313016
dan,0.007048566835258041,-0.4599052504739062,-0.044392283157782306,-0.27157951926926355,0.04369897298120376,0.17301598003139723,0.05099677503156904,-0.2981866314227251,0.10914647859760204,-0.22152766685126252,-0.19101991441304036,-0.4914120685821532,0.0642067713877511,0.15000653361513935,0.009751537415088359,-0.19810671766727406,-0.13873204036053494,0.3432218583973639,-0.2177738186181183
dan,0.03357077753924881,-0.3229467699975717,-0.044610665655220406,-0.2855612194732036,0.038587134827807734,-0.5785218245135298,0.051482244789066815,-0.2265636416497918,0.09932152484550492,-0.24244178105416456,-0.18018157265537874,-0.4227329821174858,0.06051735703311094,0.22018244587437827,0.005840890931641008,-0.16364413078811543,-0.1321760005359805,0.08201430098665458,-0.19760494561990236
dan,0.002163498151364201,-0.05015727570524571,-0.009804868111238485,-0.1545022783869235,0.035610949488953846,-0.5069193304236519,0.031988811252759264,-0.038107654412914485,0.09521329821880428,-0.23317474016735953,-0.2060213843767514,-0.37942351600798907,0.07487056399498428,0.3302028762863964,0.012313259480208989,0.03287353377295371,-0.15836975752057209,-0.517411163902468,-0.23301538055845125
dan,0.002004992237471833,0.004283650544830456,0.01918548611860653,0.18171985871313923,0.029555749480649044,-0.18214536858678956,-0.82201654747662,0.11734547978191184,0.06411804409713999,0.03941640664220235,-0.1689089610362218,-0.14531448229961882,0.07286156619718251,0.07216943832141956,0.014023265509318365,0.2603000492048415,-0.13817508584779792,-0.24052911193526966,-0.17981071428856166
dan,0.0026612062809299774,-0.23461929657609035,0.16702344039743822,0.3158492495286126,0.01669493859786278,-0.19487249173767598,0.12688044159743123,0.04861840352250664,0.09781878050807574,0.2524893308629718,-0.34521209220869636,-0.07086316026746226,0.14720380304359032,-0.32219218832498037,0.010233742602385552,0.4049241923168285,-0.2772591884083043,-0.19479108277032636,-0.3983793801384259
dan,0.0004035748614981318,0.13740070306311683,-0.06612193754599016,0.08308943222431957,0.08524989116316363,-0.24042995167567469,0.14148268847405215,0.1398658275508765,0.14115801015379734,0.21366394444458495,-0.3639711208450643,-0.07087623622295806,0.17365837753971755,-0.38758506426659517,-0.06983980772060709,0.3607641116698293,-0.30474653606832686,-0.17944177492728136,-0.47078374476000073
dan,-0.0003622383649840075,0.030313714769152726,0.003374105582533149,-0.14361263771320482,-0.028385585637294892,0.16951897957959203,-0.08155106652865587,-0.2638321792847627,-0.3952092262973322,-0.001807299280905384,-0.4032797260846629,0.04419267924819457,-0.104244820505005,0.33187701598583036,-0.3521057107996235,-0.10687293932107027,-0.48025341714341324,0.14768847701700916,0.20736135116809531
dan,0.0066016536492648275,-0.025811563901012538,-0.3795354406636099,0.15203662150156155,0.18550113453749706,-0.1854317120070639,0.11147202303839783,0.05535524354203373,0.14787299431616432,0.10988868994498119,-0.3202687191074442,-0.11847896283852964,0.291045967447517,-0.24857181848387563,0.09500226262123034,0.3131937189488138,-0.2763231588127188,-0.1401080357435681,-0.4977330805273056
dan,0.0010941534942300862,-0.05897506377536545,-0.16822901893095965,0.04726617573962595,0.09211223324372741,-0.10040436907058332,0.07562360742093849,-0.08657276758722722,-0.17635223039662093,0.13607281568263904,-0.18716527951099593,-0.11896326718740187,-0.7916492754670462,-0.11491477793269887,0.014047528691218242,0.1951878445185174,-0.17441226408226806,-0.09828240026051432,-0.34222751833873605
dan,-0.04193677887042041,-0.4560372394253617,-0.0674589111383329,-0.014385306024954275,0.06253105313246608,-0.06646937768833047,0.09773360327619629,-0.48048597193240467,-0.24905475440210995,0.22927069575520953,-0.23837483896870104,-0.016981455756347366,-0.1394792943272093,-0.15505014559056926,0.0315252802797259,0.18459938552047664,-0.2252301915907364,-0.11411306050135,-0.47381955806545867
dan,0.02013212268623332,-0.3489627903581516,-0.034102986958555834,-0.005587066705493224,0.03798487212780801,-0.03950624404249943,0.0654053113326196,-0.3346665172420308,-0.15947819940887964,0.1572240343410956,-0.16435229680235722,-0.008963535359802684,-0.7257437306178863,-0.11551992818677713,0.022329080947789803,0.12136892470670066,-0.1565702554654022,-0.07247183055027877,-0.30896386338537013
dan,0.008016783643079775,-0.5644469857072155,-0.020824236417304548,0.007378060865092975,0.04446363857138344,-0.044719795782281815,0.0902264813564923,-0.48476436974995746,-0.17417716666935154,0.20555628901914505,-0.2333624865655488,0.003858306898470939,0.10843410346025295,-0.1791328277381184,0.0413099981359215,0.15549233748393637,-0.21966799424929234,-0.09195685952920243,-0.4246084300403697
dan,0.004499033285812792,-0.4556275540975531,-0.005909607955292162,0.014691551254580066,0.029666180897500387,-0.024715987027701638,0.06060927489328486,-0.371265152014321,-0.08342276940798266,0.15443771249035312,-0.1658869418474041,-0.005591787131822813,-0.6746670973498409,-0.13060087071634796,0.029142501748191676,0.09470952766034854,-0.1510959461356293,-0.05411851627106362,-0.2880627322019364
dan,-0.00212489262178045,-0.6422369871879481,-0.3227872299386348,-0.15264224949951205,0.07106097379666584,-0.01708787744735435,0.03371229161292344,-0.4458681764623847,0.07405784057966147,0.22329420663285643,-0.24366946650923968,0.15685829901559006,0.007230719627172271,-0.20463527106379556,0.03740614679999506,0.06363557572423693,-0.16714205022727616,-0.036532557278190846,-0.19695663323773907
dan,0.0024132957515056695,-0.5963972621730247,-0.05164201375614441,0.08637149851267606,0.060027600395024944,-0.07570699747421884,0.07762012672228116,-0.40964332434696654,-0.0016657130016866735,0.23639359571916427,-0.2459145524650852,-0.012107058093203275,0.24410742987338732,-0.1902929976424586,0.04277747674949864,0.14424683463078014,-0.20703675648887093,-0.08202907356938219,-0.40802059580166666
dan,0.0008204634388369205,-0.08973736358555047,0.22716491663950544,-0.13522227510391194,-0.12978253513082477,0.2605149310499473,-0.10639418762922503,-0.31563058524466026,0.1231670675448208,-0.28785473258150085,0.279286917673898,0.1420892254886977,-0.16612717950298486,0.0703503827802214,-0.005639338786460327,-0.34797362401332876,0.25443329763242833,0.2154164124643429,0.5151484430245227
dan,0.00046426697368566396,0.15001059152659918,-0.26319723733363065,0.018186153138400513,0.1366249939813317,-0.21035317911103815,0.10569269501102865,0.2650895350188638,-0.4166479198440223,0.42649463810682925,-0.2247687344662277,-0.05984680654575539,-0.012657328938689393,-0.15676193897539506,-0.20597370824039657,0.3168104479138546,-0.1838987916972823,-0.16608547013075728,-0.35356408708668213
dan,0.00017686054072827464,0.028626934594292937,-0.2593219011706889,-0.06542383069786267,0.08152254611934942,-0.08427925172782239,0.05675138319146179,0.155523311744384,0.019216339825238807,0.19646287922796551,-0.17799764686350808,-0.05881562986604437,0.048901820412005505,-0.17489786377453234,-0.5708439994832426,0.38563903634428837,-0.10210093963348306,-0.25863547135735365,0.4769779509919053
dan,0.2662585883967894,-0.045566318322079226,-0.22995067041437675,-0.05101469012907205,-0.7991856948320308,-0.06501409101388794,0.019482123471208954,0.10948089704300736,-0.013498328605975676,0.0910530962422405,-0.11795938387952713,-0.04346336364485198,0.06516063523555445,-0.11266087593704104,-0.24574872425882768,0.35504332377839054,-0.10649815884088168,-0.1420112731610159,0.1672772693249164
dan,-0.0003489938276663818,-0.011755184138004204,-0.3164261985367919,-0.03274522382835369,0.16750032357132982,-0.15767641428419918,-0.004605338320669474,0.09159504662066413,-0.5261783694931369,0.3022471233329119,-0.21627783708979934,0.06424041492553377,-0.1370678080539732,-0.19785805329914033,-0.06954966560210833,0.4967198018047112,-0.22384397006474654,-0.21185320752213058,0.11714950313060933
dan,0.0007024389678706483,0.17592522254107112,-0.19815789600748968,0.01453150224981135,0.10480274657153316,-0.09347874415485972,-0.7054161934476232,0.04005145370957627,-0.019558659499097762,0.18808487302062496,-0.166670342609019,0.02018406714029181,-0.02929254778599168,-0.10626865773216548,-0.3136194369488195,0.3028757062092493,-0.10430933469039734,-0.1893334998641905,0.3126022811233168
dan,-0.0016405011813116672,0.1262326936706542,-0.36047680040707364,0.03661876919968253,-0.05946542384085354,-0.1388612898328242,0.06645184219582762,0.09787014786444251,-0.19723053207408808,0.2256041733450924,-0.19918630809917418,0.024381990887059585,-0.01761399071809325,-0.16130862563248716,-0.2916636871313123,0.570318083940975,-0.20065150317590835,-0.25572993005286615,0.37892093822650863
dan,0.02964550127663237,0.04562546398636164,-0.23193492823769873,0.02633250735321835,-0.7887334113470216,-0.09032165277825528,0.03743014458499372,0.05901785437492738,-0.2535448059083098,0.1494792160809824,-0.1124044019315795,0.04184692482800644,-0.05775564507674642,-0.08851254127419095,-0.09930846950232687,0.3359903164744342,-0.13435398960462633,-0.15290778638900604,0.17866178322599907
dan,0.0009282672302486614,0.025520037779887244,-0.3105376686426998,0.04750201913313267,0.09166804177651343,-0.142987344017372,0.06369258969035223,0.04160173053608046,-0.5900999218568219,0.2887769779632429,-0.22302540702011794,0.07527915241297901,-0.20636273148197554,-0.11312935136513907,-0.01543839724710701,0.4315173265891305,-0.21098975792314323,-0.22621835719466743,0.20367778632825007
dan,0.003516362593372323,0.08751641724965335,-0.22674814799254195,0.012057985105771577,-0.7427002391405819,-0.07569400852775013,0.04452014335847831,0.009460771861332876,-0.15672496235326003,0.19966847028916615,-0.1462325370047588,0.03144045960577464,-0.06600810874065134,-0.07338798788835003,-0.2523928326211855,0.23921850326595892,-0.08749822586088901,-0.1833547675981599,0.3501826674227515
dan,0.000893570398749395,0.1381304297403346,-0.24049354240259846,0.019426741317396665,0.03937549423828712,-0.07813953487001125,0.055550252498265,-0.00031742130044454025,-0.026132783765223266,0.1968314209821854,-0.17730306324373787,0.038647480345431424,-0.03992693437220751,-0.1380570184181197,-0.5397281658792186,0.37614421237681983,-0.13543925851419078,-0.20403298559743108,0.5711301478855422
dan,0.004467017765158979,0.03874712198291447,-0.24018662525679424,0.0008170581287889085,-0.7500146711171343,-0.0766253468718886,0.03891587564843341,0.024479466723135855,-0.24637757097486715,0.14521911067500123,-0.116539027918215,0.05192201164229948,-0.07804109845393839,-0.08986695226509137,-0.19865690840169084,0.31603329459130375,-0.07643704396147347,-0.15754913738282356,0.29675082926652313
dan,0.0006105157237988364,-0.03258695178182833,-0.2823626592542723,0.03297999353101816,0.022047672565978765,-0.1251850841915099,0.05495218956943458,0.05462692927935727,-0.5735476115240983,0.27790286642794393,-0.2052420905023844,0.044254702416204245,-0.1901726309517573,-0.05800443872163773,-0.007384472076400995,0.3647549700929924,0.3866546038798858,-0.23425157290449833,0.262077057514164
dan,-0.004103223978073598,-0.007590355301160167,0.24078738369448427,-0.019680704187284296,0.7505338586629788,0.07719299757467264,-0.041059581245983835,-0.020796121555070532,0.20873408429853535,-0.2166347566943274,0.14142276935391077,-0.032462030393384675,0.09290682239103189,0.0541426156967383,0.1917202947054074,-0.2386844041138745,0.07430037012851738,0.18499744184775438,-0.33705928036166594
dan,-0.0026116736683704463,-0.08016874718495937,0.2524928822268839,-0.022133040884220218,-0.04717617669452766,0.08000161607986608,-0.051377501542840424,-0.0034871258486611923,0.03585199063454609,-0.21377829654295213,-0.08553739634548224,-0.0436838674485278,0.0732057711005572,0.10853784183901617,0.5571888688563512,-0.31878565462435626,0.11943143564074135,0.22468120157816837,-0.606524977099289
dan,0.15474920082845028,0.08778527484299432,-0.20835354889831562,0.01709964692942379,-0.5920780966282022,-0.0668074180541126,0.04315967559629683,0.006061884336209803,-0.024721577513643327,0.17166071297228486,-0.13989282064009784,0.036732083304868206,-0.06167738066606368,-0.09243082459419734,-0.45584861664346155,0.27817883049771275,-0.10431201378118046,-0.16398271220208055,0.4531807904648631
dan,-0.0016224831321501472,-0.12003112208461264,0.2598231359018131,-0.018740191937361365,-0.038683554582206243,0.08530819966707949,-0.05461646357332024,-0.01431075064522833,0.042762829590823996,-0.21622436214825608,0.17494257597436585,-0.04402490733093453,0.07848686296450845,0.13478122933172365,0.5477342536621538,-0.3787039942418285,0.13439527796963702,0.19597277694718204,-0.5481092627176015
dan,0.007886028706443804,0.09605792893151407,-0.21227331018280238,0.013885199126920256,-0.721237407582178,-0.07333954237318757,0.04264027532068844,0.021189563975578245,-0.08208420761924924,0.14991749850899697,-0.13030538638703548,0.03837914481006115,-0.059433434244557146,-0.11986957496764157,-0.31395413214905327,0.32630350224799554,-0.08882124424973842,-0.1502807796193796,0.3414814301451573
dan,-0.0033405371409633102,0.2461632287437132,-0.30685020926107864,0.030121486562425234,0.15286952578285537,-0.1651563198382737,-0.043955833280967166,0.11019587180312551,-0.48804347105011575,0.20666212463733036,-0.165435150922369,0.07278601793888559,-0.15248899342378444,-0.13483581490061855,0.03286234708721,0.39319764002701907,0.39245876190934786,-0.23944171954641041,0.23996245686640844
dan,0.0027360290231775463,0.15899076929972156,-0.21216253916319416,0.012372424539819252,0.10658579226712818,-0.1236617020864218,-0.661322871048987,0.14987141678863666,-0.4499709789232914,0.2207063020390084,-0.13527345698544863,0.0031264175008616783,-0.09855279682838743,-0.10535592935656361,0.11313326262160438,0.20247393458499421,0.23881119623757532,-0.17652548163833282,0.10392575250771097
dan,-0.0002255762031339603,-0.06520093643706618,0.2718247065162912,0.011816204384557723,-0.13118826304856016,0.08946791267126192,-0.062874743355136,-0.17939835139196544,0.132853252860416,-0.22503408063820046,0.18667537245932933,0.00469723210106442,0.04132182305648983,0.32407134001666354,0.4923811564158187,-0.3481773599926117,0.1005824388670374,0.19930948346064173,-0.4867967653214326
dan,0.0025815164192576137,0.3301278429767837,-0.03700677388022722,0.058138384340434036,0.04983137500354921,-0.21165430597401166,0.08097813650461697,0.29192395942832533,-0.3444269166155086,0.20854133113771367,-0.09837496769142044,-0.020024955130732297,-0.05926046336072552,-0.3857427314170423,0.09428043826283063,0.3636546404521001,0.4596597947660689,-0.1971151696923873,0.17727372238135206
dan,0.005030986293144605,0.349858111887079,-0.009046546889447837,0.11281325935949854,0.04523407720923798,-0.22902269308406484,0.08647945971354389,0.344193949354007,-0.05966893946684098,0.1773388740046997,0.46663431294416535,-0.03216546323874264,-0.016544136275380622,-0.29825790357223725,0.1271272273937495,0.32288825392844506,0.37503871267010946,-0.24009181975266708,0.1503513390428979
dan,0.0011857534953026566,0.16534753964498689,-0.2245548555085337,0.1549434412835599,0.13515437802047145,-0.20172405496687748,0.11484625151019945,0.3421166349345279,0.22427944892218862,0.12677454486570508,0.4946850298998127,-0.01692099655562625,0.07298242590732064,-0.1685986903595106,-0.03066754102123165,0.378691488899262,-0.29186493050654133,-0.3305219360102407,0.1585334237309418
dan,0.0008184744473293198,0.12481843762668487,-0.20985475810225118,0.18865228322552152,0.13705404247080455,-0.23843574616299332,0.13230662286784492,0.23325489441617786,0.10264344300873865,0.1873501601870216,-0.355748885535516,-0.0869918909264307,0.25386656099435584,-0.2090165712980484,-0.05249643601608337,0.4487635974950083,-0.3347360979860036,-0.3674109746879925,0.13476962958121375
dan,-0.0017904066766417151,-0.3170211261433875,-0.16117298202360716,-0.16151932054534554,0.0011413856285175312,0.24294856218110483,-0.08239095638295332,-0.3111266708204516,-0.24771943943931082,-0.13069789287969233,-0.5346909793424584,0.038973519046323284,-0.02724135215381436,0.2720537671293017,-0.029419251527339797,-0.3316710072783736,0.18110706366628765,0.2805660273773359,-0.14769972013529833
dan,0.00024049987237550444,0.04276901292795989,0.038351560003634044,0.16249752802680892,0.043235396830968324,-0.18453125601816708,0.08800328024675534,0.24209266487158618,0.36846931284837636,0.05189740549166037,0.4729102503261798,0.008454554563128781,0.06865405511319071,-0.28564853064149887,0.30154313501413327,0.1783744902477409,0.4884321673635663,-0.24067145788189798,-0.017277944119509673
dan,0.0005993774980055843,-0.16990100879580405,-0.32216834077736656,-0.5417542899526215,0.029068562022089663,0.15577580220470205,-0.08313092433091565,-0.21258147078284242,-0.014505683804771647,-0.2929519159699568,0.13499737285158356,0.07870123913739972,-0.18420335811615166,0.2971244213551399,-0.042481232834429325,-0.4318027066750746,0.23372299474485056,0.13630013956039827,0.050051663984934124
dan,0.005679832079538982,0.07007337418676508,0.2509589052719454,0.5776665607813035,-0.01735312269661611,-0.110311393850913,0.07650773765785558,0.26913650029508174,0.1549327823437748,0.22876023431050166,0.41847373462646065,0.07954095773184151,0.11000275151895547,-0.33061596094303475,0.13279434807887003,0.3008265182875185,-0.11855641882185139,-0.07908164341941887,-0.004758713318010592
dan,0.004159829253885722,-0.3402751451922853,0.26263199910521434,0.48114172168586866,-0.02219129596130852,-0.004563947201199605,0.07534208760780507,0.21129710540651808,0.21197642042491782,0.23934637327772848,0.38019898983191436,0.12855389679795853,0.135145924829955,-0.2524793298471905,0.15430824665598797,0.1839669068146248,0.358416457586002,-0.02764926890254921,-0.026715664312923833
dan,-0.15476745275329892,-0.49198358635129397,0.2331239443855783,0.34616385112334436,-0.018537134582356986,0.08420775363590968,-0.44743996755853815,0.1315838806903231,0.21946357379863704,0.23155658118039396,0.33643276099360486,0.15380121826181425,0.14355133770931933,-0.14858582167640047,0.13641495409540935,0.1034872023278327,-0.21766932310581458,0.00604068261217465,-0.02793253365838143
dan,0.015372477528859124,-0.3846375586476629,0.16717565888489536,0.21675895145079488,-0.010021574044384326,0.09855399627663113,-0.744228539968422,0.07861539680481973,0.17646536231593785,0.17624779874536323,0.2636504231188926,0.13283367762116338,0.11569904713076742,-0.06431275457081728,0.10625753601358481,0.04810361030585932,0.16028516213038876,0.018330806374964443,-0.02716554875319916
dan,0.00748752699693145,-0.519544224796768,0.1153133016884229,0.22494167544507784,0.032517558015911746,0.12701738379353686,0.06898617501926714,0.10842426751635925,0.2829764286565548,0.2719482915703365,0.43809932540345786,0.1904268016724866,0.17065868573552942,-0.06710430767102674,0.19393564073596925,0.016764171961132727,0.4167210440544878,0.02846584343415662,-0.06527683949748396
dan,0.005774057645565631,-0.29151594026726313,0.001991646110769296,0.13898102962553321,0.10054899189166368,0.009242332138553985,0.08105398751023724,0.17151719180610178,0.3058104762133538,0.2737107080075966,0.643885590261712,0.1370792130654055,0.22497111904555742,-0.15976783535732156,0.17448425865471492,-0.045787925032117406,-0.3482704868013112,-0.044710806673781404,-0.12541108165600307
dan,0.0005860381198533403,0.6230617854456673,-0.05573468344231247,0.25600702919008633,0.10053654959154269,-0.1361151986339927,0.1071752595833808,0.26657903996407095,0.23879301621023744,0.24054990373505225,-0.313090822493706,0.03620543527037493,0.2646044950197554,-0.08571574441478978,0.10107441921781118,0.09933862764776179,-0.302191866217178,-0.11612532789032848,-0.12444753770866082
dan,-1.9525352329331345e-06,0.2961815064929828,0.3168086889636875,0.323976956054677,-0.013278736097565866,-0.11512051067807208,0.07741876898991785,0.35758212042734755,0.29338279963056235,0.2848185366980888,0.4915387278278872,0.04756273116525765,0.03365849494280606,-0.192331918502872,0.11698421007915819,0.21487664461680642,-0.19278190993700955,-0.11516788089306872,0.01349671925259012
dan,0.00018983816943650886,0.2299103010467682,0.019086638047657645,0.22090125108759853,0.07188837383834651,-0.08504971029020858,0.07065266444082693,0.4567560927285337,0.3865873351707031,0.11219913864605027,0.40750916128534603,-0.024704775560019224,0.026618348724017752,-0.10236852064997409,0.31875167101287566,-0.08095017881992657,0.4666056116288115,-0.04125990434213075,-0.06694198309242712
dan,0.10035841726523514,0.2559510596459922,-0.1772616850209411,0.11409685456488212,0.11349596805670926,-0.06220427356223826,0.06012570472001705,0.27592082630570447,0.23583914592886712,0.13474262935983825,0.2994731853606819,-0.1495632905992547,-0.6350387641883665,-0.07935376135974283,0.21532827901929388,-0.03545112698537101,0.3422291213938563,0.01568519319137056,-0.18210163289424788
dan,-0.014904312681026688,0.3581057064710138,-0.23650288703537448,0.12736823516227858,0.14473555940889546,-0.07696103513580985,-0.143384518299701,0.3308613287304628,0.2972192436328617,0.15593657663887442,0.3680780272603819,-0.16263962508452082,0.19701593388200006,-0.09996958213743602,0.28751308096538125,-0.053495877296774526,0.40614893792941287,0.03477176475205729,-0.26002867143884106
dan,-0.0028797980240175733,0.3002830129287012,-0.1929907279648693,0.07943254970170803,-0.040433205336050604,-0.05507725054984621,-0.7412348941278176,0.2377258934862106,0.22157935872280524,0.0882066669038816,0.2487426981595031,-0.02190298337739741,0.06359325523580625,-0.05339361151587506,0.21066088291508925,-0.05367587543917904,0.27369583892176513,-0.03694929981053485,-0.07749061789832837
dan,0.0019187266051956552,0.3246493065344432,-0.18140418505821565,0.053073777874201346,-0.5657557138041077,-0.04997021703357753,-0.5795466126694327,0.20665924690866344,0.19408645069235297,0.03813404090288567,0.1836925132831473,-0.0007641386578885603,0.05583386451790419,-0.025968931389841823,0.16627521027030182,-0.06450749985423329,0.2127858640455768,-0.032713777072913036,-0.05388775192811394
dan,-0.020158307195055788,-0.3615186667002164,0.07472309208227758,-0.07796054563867331,-0.06227734121848305,0.056016221747897416,0.6937586657139155,-0.2784663160871078,-0.2494025269073077,-0.062205204121948306,-0.26183919413509027,0.008629351181721867,-0.07076776545762678,0.04790570849404539,-0.21896433734652848,0.07143283930671808,-0.30168703030249944,0.039773448596711364,0.06425428381278556
dan,0.0036348287105940507,0.4452977886869424,-0.015276885143830632,0.1128518014163115,0.06420399993033386,-0.07340651937598686,0.09148626352781834,0.42419829412103355,0.36711511059163915,0.08263863433276143,0.3355234537145327,-0.0003673023121836424,0.10646133476747734,-0.05698693960184566,0.3325021144440062,-0.11609876077997415,0.4288635632982647,-0.044879141429490406,-0.11036936767737923
dan,0.00029622632255581086,0.6270786534937716,-0.049368021654160765,0.21051853516302396,0.13810210039722653,-0.11066892342134801,0.12740473586393233,0.10195845903293267,-0.35713662067973617,0.27428274372909983,-0.2483588703507738,0.16541323030152347,-0.01979790149510831,-0.04055325097039004,0.21380747667707875,0.15302578465961741,-0.3169239789983881,-0.1340442833553946,-0.14378048693786524
dan,6.99352159059391e-05,0.030078134737659933,0.8054659772836275,0.3716219902018651,0.02046749982181592,-0.06211457810531758,0.07009124865803627,0.12066195987404696,0.18275415917011134,0.17977636017874246,-0.10509080800987809,0.05647135254593797,0.04308041900661096,-0.07619730392157872,0.23521954224714908,0.12326654647345256,-0.13903134540744091,-0.06699397131714589,-0.08070491476339434
dan,0.0018822762953964553,-0.009011387155630985,0.5017160913940271,0.27182005757917177,-0.05415998108107951,-0.06868369567857131,0.059668493280492646,0.3949497117397401,0.33549261070670405,0.06821014468395695,0.34205624330032974,0.02307020662169212,0.07293441351649517,-0.03647894267604565,0.2616866927502081,-0.05639319301896768,0.4204386052450653,-0.0850890512083585,-0.10027764913984505
dan,-0.017149188952119098,-0.2715274518841553,0.28331600705824106,-0.2944894220690606,-0.2420370177773896,0.061003281670940906,-0.14897788385814362,-0.14213403285666668,-0.1009371425406773,-0.2855833588967347,0.39987171123166204,0.002624069372457019,-0.30180529958374064,0.14094130709468428,-0.19445955427626113,-0.1964638817729725,0.36619246723097915,0.12289840973231686,0.2576164024519164
dan,0.001064971889426381,0.2749276261041071,-0.0766552913348072,0.13450248392949762,0.09318875754166854,-0.02149355268301692,0.0803256045509961,-0.0873829734071434,-0.20041920824035625,0.16941850158973285,-0.19514784838953136,-0.051249990641174165,-0.8155869703128703,-0.018513427075376794,0.07715311338921077,0.12261568129689371,-0.19887880809821346,-0.05444464934436127,-0.19648142644011898
dan,0.0006006212436580529,-0.16396889252633562,-0.730934743572281,-0.05840253533527945,-0.26197703291579133,-0.36120099190254507,0.26882442094012543,0.026828876545591636,0.22877929881785458,0.15718181433793973,-0.16599476761684323,0.01922363034432306,-0.007217234769541128,0.0980918481810142,0.14137247259928817,0.041267081202030424,0.08792287219232042,0.1303943434408097,-0.04782260943194886
dan,-0.00662137230311686,0.07507909024434914,-0.023232800211476445,-0.11373862223741704,-0.08159964387158904,-0.027406745426053786,-0.11271775741505484,0.7081071644324636,0.03198674522540821,-0.3236418325910956,0.31322137314387255,-0.053949547931312535,-0.2876533935904329,-0.03351451326610578,-0.10140062757884998,-0.06755984818414382,0.2790498685028641,0.04871273297504402,0.27132077882781813
dan,0.028661242267389465,-0.03408082062788176,0.01906528172276789,0.12730584585129753,0.05178535067251484,-0.01854935321164173,0.06576065452468241,-0.2768406396709777,0.003663758758681574,0.18997175777459066,-0.1860223992103681,0.009315334657151229,-0.8728576344366197,-0.01064796611763335,0.07063790955646145,0.07768382299074118,-0.17961953022102542,-0.05309849830970453,-0.1392209879982916
dan,-0.0008383076574895329,0.3168602297231134,0.021052979790789683,0.3496006169843575,0.10795472445261722,-0.13479676146886752,0.1318147571657741,0.09642922551461718,0.10220946523520484,0.40452731701756833,-0.4016213343912976,0.013265685749881918,0.2802481408348934,-0.155621684046891,0.07721079251138248,0.30266476836222717,-0.35974338238498615,-0.14182008912082003,-0.1871363789191076
dan,-4.728327404499596e-05,0.526836531788941,-0.07496072105697871,0.17379905020473474,0.10895097790241141,-0.09831650452058023,0.108869586152443,0.04645273141202433,-0.31256453953375907,0.41571995108767723,-0.30986287101933285,0.14502499765079738,-0.08967517154726487,-0.2987456218649475,-0.21723605692660347,0.24747596439660977,-0.23142883707209477,-0.06456455203045801,-0.007064649689124723
dan,-2.959984247071501e-06,0.2762212894467557,-0.21635205192866158,-0.04454879785154172,0.13102630734211962,0.01777149044260163,0.05242805568883003,0.0512850583552794,0.00974029214613941,0.1968932721146935,-0.2140915951886467,0.07672934289067644,0.03678866655309094,-0.37085900565792856,-0.44032241504318825,0.19502646579557575,-0.16608026782219676,-0.15755648705322647,0.5815894750574403
dan,-0.0010242728962550796,-0.4468375359004867,0.22747458576002752,-0.02265531237686476,-0.13646242657535546,0.054699951708109616,-0.07604490591634719,0.023236398979291223,0.5727106362652995,-0.19530378668569798,0.19463762834872883,-0.18313901448016467,0.17779057877956256,0.21707779713277883,0.009612720735037342,-0.25424019897909783,0.047483051118700874,0.1812295981459329,-0.3225137705172401
dan,-0.009030888486532329,-0.4137678759768204,0.24385846820330084,-0.04645969205939609,-0.0794537686360143,0.0529952785309007,-0.07741072896984769,0.09211507781900254,0.5156905912336511,-0.24089293300006365,0.2203372378890152,-0.16336700870129867,0.16499339975747762,0.16789823934702405,-0.0314629752739501,-0.21329153066702286,-0.35940675413964546,0.1868148855015623,-0.279998853442105
dan,-0.013048718865853166,-0.22792742331164217,0.21499854451773692,-0.04131043496387371,0.8466273742482786,0.027161751825479172,-0.05159363861751928,0.06972938738983195,0.07018396976393326,-0.16176210140113798,-0.04056975664094586,-0.08944939763399966,0.044042327547065774,0.1281215335080021,0.12222362713375548,-0.11947506858164211,0.10723578270875445,0.10142884703296813,-0.2549185141528514
dan,0.0018142227136926847,0.19145004828778403,-0.21321482422211824,0.0553896100747702,0.12470927039113296,-0.012295388287974812,0.06705642320350028,-0.05243012073761476,0.03790540928325008,0.16115864967346388,0.2458665624821584,0.13211220389841352,-0.01740232520586087,-0.34478398564483603,-0.43773668676938576,0.22986740237247658,-0.16835213739289578,-0.1727123679334032,0.6039478833542848
dan,-4.0376132180983126e-05,0.1975261785186772,-0.22520608449343527,0.03711759672160705,0.13347786087255556,-0.03219885954498302,0.07124396985574817,-0.10986378208118154,-0.590526733501039,0.1676241649190715,-0.2012751015913149,0.2095968302988989,-0.1876383894506208,-0.32102934848336845,-0.08010399049620859,0.2890402286887436,-0.05201426230054562,-0.18514276930766507,0.3826416492549871
dan,0.008437736313703502,0.21061111783044148,-0.20008732935572493,0.023461507343407812,0.12195602917743412,-0.03869543674937674,0.06893609671025704,-0.12191747786034268,-0.6203306179953862,0.2002390074621996,-0.22196309731969105,0.17294239622867294,-0.1977341546463408,-0.2536310328217916,-0.004755455023033877,0.2461659449061041,0.25512645862954575,-0.18157816086566006,0.335977026021206
dan,-0.0017243448944815054,-0.25917927452420353,0.30125711477076467,-0.011818207579151535,-0.17028308248280005,0.03612957910044963,-0.0793675318721373,0.17912249634034277,0.4647402908256844,-0.2668953932032147,0.12949891667070393,-0.17287437783270782,0.15206735479586042,0.24752341428431407,0.12006139771069269,-0.22324567306361184,0.2195424414077685,0.19588878677256139,-0.4518358507826731
dan,-0.0004965749454223646,0.23980393118973575,-0.24320611902858702,-0.01675575112035507,0.04450323872303354,-0.011098235127255739,0.055894393463919306,-0.07779934071458026,0.004758802088707757,0.15086187469806245,0.3113299087328972,0.12707621959881626,-0.03765352195141012,-0.2679423094002313,-0.46581277261626836,0.1605750741253238,-0.13228461967641567,-0.16583248947761725,0.6123319742045465
dan,-0.02259364677046093,-0.250508143171696,0.21330727736527155,0.017851481266126876,0.7348567875721974,0.015038858443864636,-0.045472081298073355,0.055788535108821875,0.1468916716183095,-0.09480579175156599,0.05886137926498559,-0.11133806640602935,0.04764975434186646,0.26533259399979053,0.2329384782617361,-0.1874683696910984,0.1285656764822843,0.1063814961697651,-0.33114554331702983
dan,-0.000808662330703723,0.3923392055290616,-0.2588878055420065,-0.0200264485464264,0.14225430180882578,-0.03356473327479426,0.07035851685021706,-0.06940266177580223,-0.522760723503068,0.14060643561268757,-0.19589506591332703,0.17613618183866672,-0.1656898389904769,-0.2838788911570766,-0.15472669959281948,0.26860783952073997,0.0037416036700936854,-0.16567809794704885,0.3917578176969319
dan,0.002752748023349047,0.39267199099738387,-0.24575774125872651,-0.020418189200934436,0.13592634672753942,-0.03892088395693379,0.07031129529835933,-0.09924650618500087,-0.543543109393632,0.19771299610401433,-0.18847401214928536,0.1502842825170467,-0.16587583529020722,-0.19159530956106788,-0.08404333587442285,0.22891528630182084,0.21364240433788875,-0.17898852926640924,0.3952267798572521
dan,0.001553844826039672,0.3112830335973554,-0.2236483718632568,-0.022803222340944267,0.12239201880570291,-0.02061749800012254,0.06149938830860911,-0.07937783135851702,-0.1238031935488924,0.15556066960289283,0.2903879791993978,0.13350942493791157,-0.04992208527803277,-0.286903969270718,-0.41639666135008824,0.19591437503244785,-0.08679670081574778,-0.17409404328196404,0.592438152454916
dan,0.004332281031440158,0.4629763619715622,-0.17203451129484737,0.029926665751568698,0.11282004968883665,-0.08648340040471723,0.0819073414877096,0.025051868022237037,-0.4943069675343597,0.24107066989325227,-0.22219074585089202,0.11993794955098633,-0.12362090231022714,-0.23676925726402231,0.09274997260140805,0.2030259070703542,0.36515205514011856,-0.1996300260903238,0.2589535054313344
dan,-8.59690744990475e-05,0.17950064476136124,-0.1055104395225912,0.03800682002646501,0.09291120735294536,-0.016748903856384306,0.027456857035780963,0.13836223453031732,0.20588714961154989,0.18044852556997273,0.4473890042120352,0.14102719130619254,0.031262900730909045,-0.4641345945525329,-0.27978193909505106,0.17256518247210345,-0.21225011517958844,-0.1434412343599341,0.49123751691954987
dan,0.005881456924878696,0.03780984186929338,-0.01915880934233838,0.00843199521385569,0.04214576419654092,0.017708096076273213,-0.7393229486470165,0.13002652966757014,0.20014468373350486,0.09855441320730998,0.27941022692108225,0.08893166819087941,0.03915070163674685,-0.37081011736097313,-0.15800638317964713,0.07661126941664607,-0.12984870199814794,-0.06257391660181758,0.3257958047028477
dan,0.019788023189674025,0.329007831610899,-0.01182006975779789,0.060735338346247274,0.0627193310315764,-0.040662584566922934,0.09825641758913652,0.1710337343494993,0.0708755096044355,0.18862916138052327,0.3371550645713892,0.11428234327963396,0.022869492158402605,-0.466134456781419,0.09864601046811307,0.09957425829712215,0.5740790633618762,-0.10867209556927217,0.3118753439507542
dan,-5.602484069473477e-05,0.5781173615083276,0.02307667365647803,0.09717773560221542,0.04816904648254659,-0.10149788825279311,0.08410451306041856,0.20139161729657573,-0.20738890306776636,0.2219083421953527,-0.1488895202882493,0.08614534775144302,-0.06231763682158206,-0.3117022180558848,0.22655706480826224,0.033586303849538486,0.517997543319764,-0.1127301832037382,0.1979394033836556
dan,-0.009675382126081,-0.5944788874369534,-0.040659102228542826,-0.08565272191891342,-0.04197610202531545,0.08387227614681904,-0.08737316240512996,-0.26603616325732476,-0.11236507511592841,-0.1864801006923725,-0.47048901393870374,-0.10198252882307882,-0.0016786166850003199,0.24989685342127724,-0.12131889172872448,-0.06064947599432862,-0.3543677478862459,0.12400411933817944,-0.22234419969815428
dan,4.6033292819725984e-05,0.28051688191169566,0.04102958859795014,0.007732229830080044,0.04799110260756854,-0.001058831710343922,0.06566096761227364,0.5089466460226842,0.37906172966885754,0.07696142878908567,0.40492799824296005,0.15086794147005972,0.11643317017314193,-0.3161447714546414,-0.06636851686054836,0.02347951290256127,-0.1726384364694171,-0.10431797471813306,0.39804463756220293
dan,-0.00013289798320069923,0.2343260670522019,0.05214196825400663,0.03518675552988234,0.05761617306727174,0.01920756588125479,-0.0018026024326378576,0.5152883460153576,0.382755571982605,0.013556205018079782,0.38747526041173236,0.08676698907614981,0.1270701306383686,-0.1883069987758495,0.21692561169545443,-0.057711442123464685,0.4774428612425849,-0.09750528466889055,0.16768032275298173
dan,-0.008208190881883435,-0.4611077833429408,-0.08404976653353735,-0.09612671726215648,-0.038774975863095675,0.007815302793944174,0.616689868838383,-0.23584880950569773,-0.3404688713931177,0.10648144836106402,-0.24278625650196098,-0.011680156389999315,-0.1356765551298956,0.1532572013345341,-0.11253717619527123,0.025919889378565125,-0.27622886029453947,0.07309303261755909,-0.10179881019515617
dan,0.0009671329466654701,0.25182139931692543,0.3499360860479591,0.14723188169768375,-0.024291998838276832,-0.032833192484755074,0.07897888349602884,0.4401172983300001,0.3751315316579469,0.09007809891337472,0.42755912947222774,0.03626846085712993,0.10916314919643783,-0.15865130939638625,0.23081773426385876,-0.04086345402361101,0.3977176765443438,-0.07508276964557992,0.04510298332603417
dan,4.1050768351030466e-05,0.10627638612783659,0.5110075986730523,0.26751578445412805,-0.04240479687603303,-0.06130278981760853,0.09896362270236515,0.33991165408051377,0.26697637542760017,0.1957985760024901,-0.27757133347884066,0.04145797334687246,0.24839448670424108,-0.2476716957220096,0.29353637069463645,0.01782250191618919,-0.3477186497203229,-0.06046614320619683,0.051547226291744075
dan,-0.00034819507127024777,0.12229907125988528,0.49036071830516437,0.20629475288369029,-0.06539741649172878,-0.05026714111806638,0.07137108973159305,0.4817999232813599,0.4234200461319576,0.10358929234937314,0.4085233707744442,0.009336007021650817,0.08179718190759759,-0.159303987499221,0.22836534760228375,0.0012728198896393796,-0.11359548087308408,-0.04418659715287925,0.04395576651295126
dan,9.467096307955366e-05,0.08401041498972173,0.48674865139548784,0.236723266734893,-0.06527443655186221,-0.03394314113285468,0.06527839503304025,0.4359927940639739,0.3541659069743819,0.10162196080224228,0.38559929489820444,0.030476016351339136,0.09199743138808417,-0.038934052248976926,0.24147915133197123,-0.1076258439799033,0.36229377570045473,-0.03751783211935726,0.047967141349980126
dan,-0.0027354552332454706,-0.14186119276529197,-0.21775784448975377,-0.37989467923530035,0.011062235203527428,0.008138065822417759,-0.06555723540189709,-0.48651624938196836,-0.3645447867056144,-0.15193227897835943,-0.3350009565525933,-0.1064700189076623,-0.1266446087580082,0.26139528673871,-0.016074331240809356,-0.24770200273596812,0.04735201323283096,0.10778964260571583,-0.3279830461647021
dan,0.0010824674500862109,0.1379955060939293,0.20649767963152343,0.491750876408826,-0.008372568468355353,-0.010455478417934747,0.07109280564079226,0.4450850960616432,0.1908444039834368,0.22783720225893442,0.32070497324000585,0.0685065596516486,0.09027319899990567,0.06022143413584705,0.2898257575499847,-0.090739411705793,0.4359476116444862,0.05162936379493468,0.02370818772704223
dan,0.00018861300353671673,0.2288671494931581,0.21324514552790463,0.5725243794495188,-0.010280912959125666,0.002015287220758579,0.08555831769377324,0.06568160058790755,-0.005574988310970515,0.36528432301743535,-0.2704453281078123,0.09806425649741206,-0.03803456111738909,0.21672842551756105,0.25579715623336247,-0.14060084321845373,0.458195527426826,0.03828636222571621,-0.037006963570494135
dan,0.002890910762674147,0.09463455495960495,0.2017451586218505,0.4472650644921656,-0.018425722453223072,-0.002292147080383876,0.0670025354523664,0.04236765462790535,0.003560241165296962,0.2939180514630895,0.011406405322391814,-0.07615470389906151,-0.7147913205200221,-0.006761896236116294,0.1264890708850542,-0.014325532403288727,0.3506894863052818,0.03252660245102657,0.010942436945248797
dan,0.006433584772138697,0.02294756719744645,0.20790931928583103,0.46611649142166844,-0.018262222626497238,-0.01318025729891481,0.06442200098375664,0.08699377776687836,-0.00036642419916842753,0.2755802668479966,0.14137666088061,-0.053571131101101045,-0.7451691763790262,-0.05784478558841678,0.11486996809293175,0.00012682222443618452,-0.2071768515045227,0.08093368750065981,-0.0816370078918827
dan,-0.0006482718197945793,-0.012337427130007739,0.19452940602018234,0.4772813962494753,-0.009011940555577903,-0.023449940526277933,0.06163147675716347,0.10076958694678234,-0.0031144964192351982,0.29771666373324457,-0.020554247210793197,-0.08777638503211777,-0.7363250971502662,-0.12603729640878472,0.09396070569330568,0.024162987675213275,-0.19481359820891625,0.07805643157739044,-0.10646484485721673
dan,0.001044568826448295,0.08522034309367149,0.2200369220130015,0.4152268289282419,-0.017646335176569848,-0.039427217890056016,0.055073805746818104,-0.0023968379370300436,0.19383789640134863,0.2602869916640406,0.3215614809846128,-0.05973484649041822,-0.7032528455644098,-0.11588509083270518,0.12068764357754799,0.08717765517412136,-0.03196618129498949,0.048497827363997756,-0.1455246612935629
dan,0.003890290633192281,-0.038552404297221975,0.4089785126228187,0.4970857195415737,-0.05339308744342556,-0.010856861509118923,0.08174237984122695,-0.027820961601430858,0.3021235666548938,0.25968685161456434,0.3019269099086672,0.12116960397999503,0.10005756740196237,-0.07711431579553142,0.1672917838020112,0.01659912049398535,0.48018585587301393,0.07698167011625466,-0.16866795114901728
dan,0.002322861106560649,-0.16335670932195467,0.4316995989147928,0.5122447282831409,-0.05440966852111836,0.023460491459175937,0.0979595176751986,-0.14610301356360403,0.17669281689558114,0.17916632837330004,-0.2917645563548953,0.2331884922168413,0.13650170922648305,-0.07436371896195293,0.18153702182334816,-0.03409034309522117,0.43854373988566225,0.09622176724386482,-0.16558472271727134
dan,0.00064567209526573,-0.3070823904725713,0.44046415271309436,0.5834620384749952,-0.05594149685139439,0.022343755273353725,0.0955813382599385,0.017906454844839784,0.08085111942295371,0.26543655262831917,-0.2927128826821746,0.11198190896359983,0.1781019119343514,-0.19303274203847234,0.09789341121224217,0.07782618497119277,-0.23252800732928902,0.09928624410257299,-0.18551391551635504
dan,0.028393590344823565,-0.10489238954270656,0.2757654860143686,0.4545049527614126,-0.03408135451454602,-0.010780620433731186,0.060769122871798545,0.023382488527906937,0.029332374672607204,0.202185169139763,-0.1883914152835607,0.020853582133723025,-0.748271843510064,-0.13070067776581454,0.07442722481972425,0.09933481787114898,-0.16118145369478615,0.03153155926660619,-0.061801930262874664
dan,0.006204216907617723,-0.11672744241278354,0.3937772537048834,0.6657483602822637,-0.048420033962401014,-0.017385060631419636,0.08908740139084727,0.04726253914685122,0.05076209901826252,0.29890136788552535,-0.2783303989218291,0.0289979684980901,0.2352654372084823,-0.18550911399387304,0.104728247449966,0.15524070632963477,-0.23466617603363943,0.06269278463410982,-0.14566741468930006
dan,0.0010819433891077943,-0.008350227010067364,0.2578267380791599,0.45454590023880226,-0.029295632257106973,-0.026907675775680987,0.06080247218764866,0.03630267432890732,0.017741312061184344,0.21423475151099905,-0.20191493991907072,-0.014540116473548343,-0.7351089216877258,-0.14680405327749632,0.07441405128122827,0.09906941832328073,-0.17483072844010536,0.06861482452222538,-0.14314926984082385
dan,-0.0007278523313134343,0.07108114479896344,-0.41058027014825005,-0.6248693331046139,0.05396920660828482,-0.009598126175831178,-0.029586848272188562,0.02262463013006835,-0.06385915515454793,-0.3556522954313524,0.2917141252304888,-0.09261398597074785,-0.16977161310896494,0.1749063601085907,-0.11243580212346485,-0.09313351241179761,0.27173012702153815,-0.12281127901494149,0.1939751990756132
dan,0.0006741443649566618,-0.10918272564649072,-0.26527052524450045,-0.028581826788456645,0.03320054420095331,-0.21048191954002515,0.7970097923798019,0.10553139338183785,-0.03784991996844516,-0.029894340310799475,0.14822543746772074,-0.09359263261252314,-0.05967024225454304,-0.3400280024505483,-0.05057250480740845,0.08896716653526088,0.14820540322642878,-0.19135608791492237,0.06193870307589511
dan,0.0006552608310988122,0.25704340020163374,0.19670855351006644,-0.1574848525502041,-0.016256371085188657,0.2362886611665767,-0.6494385172752468,-0.044290834929780594,0.021983845754808627,-0.13175234441193787,-0.12619874657722627,-0.1847344552706741,-0.08108410080442165,0.49500500331082087,0.04671147106581068,-0.11342840261910835,-0.13063033930404466,0.19428710774969568,0.03528544962839579
dan,-0.002067460908709929,-0.27247969114225756,-0.194616528745448,0.1595154629805294,0.015194779651440041,-0.1354398939241656,0.553804328371054,0.07634324028373178,-0.007453349032480877,0.11505687913846939,0.11230505808651989,-0.1463914294113565,0.43626069965836495,-0.4972346947939938,-0.06773443102894289,0.13999473532349138,0.04050785524276028,0.13726187015278485,-0.04196701527891383
dan,0.0022072829660358772,0.3528908486451773,0.21265299489332978,-0.16454322302221966,-0.021046020228484865,-0.28723597380413785,-0.4967686243660108,-0.05754625777650167,0.033952350309028316,-0.09902587909898083,-0.10865539737984303,0.17893414012996664,-0.13872222256610522,0.503249193752552,0.06162273856823985,-0.16006080003609213,0.22363518564076038,0.19603982549464538,0.15807326498581287
dan,-0.002423165760768338,0.007228253769220332,-0.38849647884137123,0.17860960702697776,0.049946170224289,-0.2103982736407102,-0.03583672628047727,0.23052156088007839,-0.08230684537698142,0.012328997961553161,0.19764626671929503,-0.23581067163349614,-0.1693874875694279,-0.5784661018308838,-0.11660218243594642,0.26684148284756565,-0.1952242448690012,-0.21357046722597525,-0.2872154999724914
dan,-8.425412388306976e-05,-0.05315068376356862,0.2802855896369364,-0.14180838957605205,-0.015902322635254533,0.23069343675005677,0.06427584718120757,-0.39786195489305254,-0.06996878415088878,-0.031584763152889356,-0.21898010931004566,0.30462291406784386,-0.0050866552863078705,0.5013869276797271,0.10763919514780056,-0.31104570711934115,-0.2459563761815227,0.242386926911348,0.23868505912022508
dan,0.19633180324418575,0.014037867126759645,0.173827656379474,-0.1009003169985007,-0.0029864195127245756,0.1731061531796964,0.04935614727949793,-0.39015720712159474,-0.1354548265118784,-0.06582321926715944,-0.16651240444810766,0.17410231185069136,-0.634689260482746,0.38041769324336444,0.08066290996496395,-0.22171219310014603,-0.1850995096533722,0.1806866755081116,0.15470484845457325
dan,-0.024049286942147585,0.03837528104372193,0.20495979387607316,-0.12650539939065605,0.0003375512876857443,0.21823267724310613,0.061884871359269136,-0.5269797718135146,-0.16662943717490653,-0.0953828881190956,-0.21164204206702075,0.23252757256090514,-0.09716336633671668,0.48983653279606654,0.09843165732247548,-0.2756121572889304,-0.23182130010131738,0.2332432994845598,0.18014585326578472
dan,0.020879926309312832,0.04532149604417329,0.1372380554077924,-0.09383025541515297,0.0049140539937252104,0.1634156650843552,0.04620735712520103,-0.42176675390813706,-0.1073244100774961,-0.08235444750621106,-0.160878433160134,0.16699694582278807,-0.6532073387110136,0.3811172228168246,0.07199794400760968,-0.19474480671416253,-0.17043627083919055,0.17717252210548332,0.1265217431119976
dan,-0.0032579129918818618,0.06253209212448227,0.0807284282825496,0.22242255432048558,0.3005279818627081,0.31784060841883977,0.0243969491501372,0.6964071772249828,0.10151071357514797,0.1218935900591883,0.3072541663181837,-0.03685333209771205,-0.12376240077594411,-0.22909217136189108,-0.17167345328990682,0.047124976399165026,0.14005739467940925,0.023219736576836198,-0.1503632001332966
peppe,-0.06781933516690242,-0.2356658736713999,0.3548663867314204,-0.004149504750641662,0.1294059990617496,0.28921045845720555,-0.3980842867544279,-0.4619062753285141,0.04565269862825786,-0.13263873798895115,0.13383237595816322,0.2012138781843058,0.058132012105297365,0.3111054147782952,0.12060635325779016,-0.18510770997633014,-0.10651318470095254,0.2253001141690951,-0.2390395715610525
peppe,0.0004166772003033059,-0.2911031251581324,0.3847298772845703,0.02283198874540126,0.13487501753508982,0.30353068893706475,-0.22695503156767524,-0.49137644406147457,0.05373994779473897,-0.13025761272196487,-0.15403823011065987,0.1940187897870587,0.05476114268702273,0.2993448474425206,0.12571911136448063,-0.19377553058785887,-0.11182785400431831,0.2426295865263056,-0.25471159198543736
peppe,0.0007058046193492173,-0.4418168831819484,0.3591242621938052,0.22338105610167067,0.17272198847973247,0.20272359889708036,0.23710026476819368,-0.3743121433827478,0.06519679537355878,-0.0767334807685178,-0.21910267518576038,0.07220763887591194,0.14677983408241987,0.2290781697026622,0.15510172309053816,-0.16139619035972325,-0.13528477521722404,0.2636578901247522,-0.28873901782237066
peppe,0.002190493806842021,-0.43603480071696127,0.1629322069106659,0.084154346590038,0.26618630011665767,0.007208902883547908,0.30933334631641807,-0.33485878673142105,-0.026674877504128766,0.18866739652105274,-0.20034932412077225,-0.11914960878266584,0.2842584345034174,0.13046967954481759,0.16749573036947818,-0.1297941542324382,-0.16699547089374572,0.2991590501709668,-0.38310126003604694
peppe,3.2998801848866654e-05,-0.0626754957913629,-0.17946050029367344,-0.005199738541069603,0.22913223822979492,-0.014836912483730884,0.22422913086845067,0.2035906246280285,0.2813617927704427,-0.12871095190570597,0.4030859429737176,-0.14901764876862536,0.2760429782954773,-0.4577217439100075,-0.19512032942919538,0.422488296646804,-0.030557576609606448,0.033952223554576555,-0.18603726390205816
peppe,0.0040713056101610145,-0.008740642269649695,-0.19153844430475342,-0.11859494504033798,0.23917387926910333,-0.07565359065399659,0.2355769762610402,-0.02427400417904533,0.15296651771744624,0.013737858488765292,-0.24470566534381236,-0.15370925506844826,0.2947852038376643,-0.6029325012280636,-0.18283011304994704,0.46253969153689417,-0.0576069651207734,-0.09349641444534179,-0.11492500728099428
peppe,0.0004643105443978669,-0.01808525994614512,-0.11637324420976936,-0.19632496761552856,0.27813598195948885,-0.2762186472150873,0.28710513563324,-0.2991109380451627,-0.27309398415082164,0.4140008446470522,-0.15769162006039092,0.032689554366150966,0.14975923086778237,-0.3117140515389426,0.11275145167179511,0.24357768709591768,-0.14672746860204,0.1524829840809878,-0.3372015363428725
peppe,0.007771461215744309,-0.009608963273788627,-0.18917062587222383,-0.3719548270407937,0.2875895210497,0.15034673102207363,0.2828248616182621,0.10764006925295735,0.3224119269880514,-0.125612023321167,-0.09615348425427128,-0.0870626391288586,0.29089691229097603,-0.4166073360904501,-0.2427509701295671,0.306387720327592,-0.03470767973073335,0.06673474447964448,-0.275114629110537
peppe,-0.0030601282783209423,0.1159746261847884,-0.17765481974775643,-0.1357717259452867,0.03129390988656343,0.1129253775111583,-0.16027496511234332,0.26077261071890356,0.2249827972942884,-0.19741488820352174,0.3588187450398896,-0.07725498591291878,0.1794790127574583,-0.3310240376999723,-0.46370025474954973,0.23019241817387417,-0.05272746911203156,-0.3944483843764356,0.19146247667924798
peppe,0.006414660542520741,0.1980771882342144,-0.18536572278303243,-0.1421403152029756,-0.43182333889357605,0.09201066336385205,-0.2781782973371757,0.1770121449773009,0.19801289597063934,-0.11116908090999109,0.24245388165664444,-0.10340454835356043,0.1813187586190271,-0.42151753821961374,-0.32820909339268534,0.24674747703778904,-0.05849214160363397,-0.29020572651973625,0.12125790480515265
peppe,0.009506602353322078,0.27706881701986447,-0.3540013198426515,-0.1726180669845883,-0.5724618539929878,0.02824187886618569,0.0447492824110971,-0.010645366708167361,0.05645864494982465,0.11872360278988317,-0.18016489673903138,-0.08421519617625842,0.20386113535520198,-0.5188910960213159,0.022456786567828915,0.1896469322220041,-0.13245924207791201,-0.11422488969759019,-0.05280248908715264
peppe,-0.008395111009359362,-0.28259831060243434,0.3222954565562802,0.1660670593896893,0.4766034653639378,0.034852939755538624,0.4630054653814935,0.15736058806171657,0.22670178341979447,-0.27445307054557344,0.140190478672731,-0.18980577305660418,0.022118270837651853,0.19745813429252854,-0.20720221602899036,-0.06233504975854421,0.18218930582783363,0.0967978751567695,0.09962755378530737
peppe,0.010011578679132282,0.24745148719015567,-0.22629647450189536,-0.15137586852904825,0.2386187053874354,-0.06789980236785484,-0.47683778388035297,-0.2116429454174407,-0.45981807568674826,0.29435136249797544,-0.16708425211724603,0.10866959080289007,-0.20281988666849568,0.036134870462407424,0.2814996566141516,0.012379237105872229,-0.21003915500254985,-0.09899371494951911,-0.13180281114309267
peppe,1.1016989535309682e-05,0.12229839669741857,-0.363146223420939,0.21956880005189913,-0.04209785086683447,0.013930278739895632,-0.02385084725594946,0.022699353055196297,-0.15072358445840767,0.060933663029353206,-0.12521901160400575,0.07354601617345694,-0.11205535525480756,0.01601405526611178,-0.061317907618272244,0.4812901977304855,-0.6077256999520481,-0.2877566488971862,-0.23246574715929857
peppe,0.041961893333425836,-0.37259700660675077,0.3941339158447377,-0.052556174414193316,0.13971346538067167,0.23756767910667959,0.2028368415532642,-0.5301364997446808,0.06451779602418341,-0.04022017496510412,0.35487037489518725,0.19763648604646517,0.044835091878045304,0.16029078048180884,0.11879424232569716,-0.12063149506051057,-0.12023137544026868,0.1516845852597479,-0.2007922056795329
peppe,0.001169132375928729,-0.5568159238815165,0.3249158885431862,0.09412251901008939,0.21532689195489876,0.10540311147906195,0.2715120832150951,-0.4180799288773397,0.07530614504670122,-0.013284497215448929,-0.2750540822192785,0.1864444465560172,0.093663452694508,0.08293355212795625,0.15364218236737504,-0.08866977499993794,-0.15119277904261308,0.15549647297373448,-0.24314660351659595
peppe,-0.0014303567074894583,-0.12374372748267089,-0.12793379424020324,-0.08605290504793695,0.09919072730354615,0.05731282037236139,0.22085116937198282,0.3790640385916745,0.3188031454337627,-0.1933143323461293,0.4770784632614285,0.12183808181512257,0.24026270549021064,-0.05789708184908145,-0.2516089589854828,0.2925873513705465,-0.08521731447544464,-0.3655346649230009,0.15166570007921967
peppe,0.004967142889606549,0.1403161094527946,-0.4335195523940857,-0.19285417226632048,-0.48056471105406284,-0.02431876704523767,0.06632523152116981,0.23004627682718568,0.26433238325508274,-0.09736991935343986,0.41808269775381707,0.05539243249462618,0.18231709105802324,-0.035240271866279066,-0.04449998819634818,0.2912060256957807,-0.13349864390677743,-0.25882063172718867,0.05512447453172468
peppe,-0.000162126727692403,0.34939020209399857,-0.46158370457257525,-0.31909614807073206,-0.4090382779255252,-0.12707130109137935,-0.36719879813250667,-0.14053909238830298,-0.1670421727434203,0.13315428906048177,-0.15782770141285285,0.14063019593199874,-0.07110643893602955,0.15878344674766445,0.1508642257471715,0.15537103879027792,-0.16063886087306925,-0.17071402822089088,-0.05062413398860217
peppe,0.005076919394474162,0.25418015607688194,-0.2715145350139011,-0.2142589390192607,-0.2768963257883775,-0.07125369259155717,-0.2404052195137343,-0.11824678089934723,-0.3547514923899682,0.11292919492868314,-0.11151736549951798,-0.6560759784571836,-0.1636882443235212,0.01731175146405358,-0.03314095154853361,0.1655118929166651,-0.0680741122639623,-0.14312520815197113,0.007834777413719348
peppe,-5.852625305912806e-05,0.42142682947089743,-0.3303433652933583,-0.35371550246331307,-0.34230559016550893,-0.051091108934974754,-0.30227267521641776,-0.2020884889875184,-0.20385088141151603,0.1785244519019883,-0.142037822019884,0.16432387322832503,-0.06310718989506436,-0.03401781155017598,-0.26422463426666565,0.2157493625024866,-0.09310861350768371,-0.2657748560913025,0.12147091826005114
peppe,0.0005892791587220188,0.3963558084173351,-0.29135182695240125,-0.33988728856480827,-0.33566004018913886,-0.036541285348847916,-0.2914318464813437,-0.06869178451660257,0.0916883605700392,-0.02601977687633958,-0.1498975306903587,0.08992584580215014,0.06627693435065185,-0.2734263531758039,-0.40822637356331415,0.2799114113489259,-0.050856736198474466,-0.21005399927817897,0.16833369173343035
peppe,0.0003716633046506706,0.3293981143054864,-0.36167292624698344,-0.29790554244027484,-0.31143489965742327,-0.10407724342546322,-0.0806328431036593,-0.1054949842989533,-0.49802676881886715,0.20118917654238977,-0.12660565599289228,0.16901352818216075,-0.15915391956853908,-0.0025560022981158757,0.14519928730576967,0.016922293568742544,0.38555280334407205,-0.1250894737617745,-0.048794416570900154
peppe,0.0007190535849795772,0.37321000414414357,-0.3209795965575898,-0.14755697669844633,-0.3485700623158964,0.1416563342394541,0.08992592150303018,0.07758699806118492,0.17016810123758422,0.027584160246350523,0.1708657444944431,0.023732071521204195,0.10900193484439577,-0.31270376799565547,-0.5352986141091159,0.08489913095293293,-0.044549682573180135,-0.28871725877350224,0.17889399609767445
peppe,-0.003913157998997545,0.3439674204175771,-0.16412750238797805,0.12274515335918951,-0.22925702958505245,-0.3943149656623635,-0.25635914953332745,-0.015984383398413373,-0.08456211325214734,0.3609237232977474,-0.06504474519643855,-0.05704860325681169,-0.02817817107877994,-0.44459912811089897,-0.3946839422432279,0.16817318067820203,-0.016388664008219707,-0.18382313103601508,0.06466843349104248
peppe,0.020898678618470456,0.265094258788165,-0.10010750655812889,0.11108489795273131,0.10567130453566106,-0.33170822560623925,-0.20677251061505048,-0.0041003601964767445,-0.1979895482466271,0.3836161316245237,-0.05204724055969341,-0.5029007470040928,-0.135737960998072,-0.38478589762141724,-0.3078946061453706,0.1439346451293922,-0.010888639788969097,-0.13334795628752164,0.038915872146144226
peppe,-0.03680706976258086,0.2804619425993301,-0.10382573709063458,0.1280643267446056,0.11846125948822658,-0.3519394119888686,-0.23696554675419532,-0.014429648849158707,-0.29179872321474826,0.4437912770060731,-0.06384062838563626,-0.13577126682637378,-0.13578065408507842,-0.45518088469732276,-0.34705522527166455,0.16525534336909897,-0.01127157083328636,-0.1427745745876809,0.0374776485509504
peppe,0.032417213679560075,0.2350095890954357,-0.09065829250004279,0.1136048084178047,0.106295781176673,-0.2987304334845112,-0.21532609015365398,-0.021867552104444174,-0.2850698401587529,0.3985561120921809,-0.056154832759068934,-0.45404705388786365,-0.12036679545685637,-0.41994288772785543,-0.31227999795221634,0.1476057231809441,-0.010122512333977375,-0.12495904855328101,0.03123753937719182
peppe,0.0030197152008186114,0.17843677294291055,-0.0945495081244907,0.1638587738272767,0.13129204536055572,-0.24384603177723554,0.029820689383668744,-0.09682056799434628,-0.29734214780267293,0.5335677561531155,-0.0728790075782463,0.11694201314196559,-0.04420079052060262,-0.564113464639372,-0.306424017663288,0.16293419043934634,-0.021723718954789778,-0.11036718837362541,0.006446933776896264
peppe,-0.02342111625449511,-0.1533329333415486,0.17203286867745096,0.43311531751745075,0.11940251970193526,0.0340357169751882,0.16526539419154507,0.11678432058245336,0.18227300834702975,0.12387276166957942,0.010091915334027115,-0.07285309159116174,0.16974690662184916,-0.06817361517477355,0.2577519418146216,-0.45429224982081295,0.5753115525967066,0.020552576151765808,-0.10618812746245412
peppe,-0.010049384841557282,-0.17454103341241,0.18908958267190548,0.3979951023830674,0.08018782611664446,0.03415984787983548,0.12128512773835606,0.21921887086466638,0.1593006793290231,-0.08233768146020029,0.25783210256444566,0.002148115137486635,-0.036043888889682,0.3742219555930292,0.21976899942001038,-0.5075207547482664,0.3774743018995946,-0.037445211213226755,-0.12358120362319244
peppe,0.007996002192455642,-0.18139822515028692,0.19548530567249622,0.3793986600059652,0.06824840552124642,0.034562994300807455,0.1075567689091329,0.2280723981478371,0.1394884826869431,-0.08212268764482408,0.2197498026828785,0.01897281671357845,-0.16388194024850203,0.4645515353884996,0.20470553128355107,-0.4869600049765365,0.32796182705454796,-0.012790823688933715,-0.10595004239945285
peppe,0.017913060971891093,-0.21184827703609876,0.2184270225425341,0.42457963299976353,0.09980180538133905,0.07812107454555932,0.14642852171187373,0.15959197321754645,0.17433274774577734,0.01802737123023847,0.26869723127153555,-0.02105275865151301,0.17634320437574,0.1738011819467022,0.2627026456957208,-0.5077565226292995,0.386888903331998,0.11140729000072229,-0.10286788405408201
peppe,0.0037566065795673316,-0.25272668945740523,0.08176847641817264,0.4813735684773103,0.2120794976471889,0.20313298741823416,0.13868364943853023,-0.0943412314936486,0.16019620678080976,0.04694359698058854,-0.2444397268757713,-0.1315483283190713,0.3306192773096829,-0.26242922126174595,0.2837481688086741,-0.2777108014630302,-0.20887681530995678,0.20666825892297946,-0.23721382884393574
peppe,0.012960260822341816,-0.25690735080771115,-0.03973731024505503,0.41991311896513367,0.23015692842228483,0.1807025269916419,-0.37259970599382053,-0.03543706351747245,0.18907870605501667,-0.02878067525501762,-0.254122431669202,-0.20041371743897402,0.34843630929101305,-0.14806947136677798,0.2626396669355322,-0.15064321848636972,-0.2014854201451134,0.21089696586975606,-0.2626372575227369
peppe,0.0007940579702831314,-0.30342006245315467,-0.04382624980881043,0.40338053312937217,0.23369495065779583,0.2256841701194435,0.12013996308013171,0.13136476879962597,0.26350084781770206,-0.051950869771185626,-0.2902080024503311,-0.20877546255802862,0.32460385337024816,-0.18028462226302427,0.2612226260207244,-0.19181238729315117,-0.21316025099012506,0.2206983236572539,-0.26282829661721163
peppe,0.003565416125567193,-0.2809149600360798,-0.01008343228177988,0.33358553528360624,0.21892662720354628,0.2425135318128711,-0.3769481166933005,0.24621869461755974,0.29274963219918954,-0.04685826046532446,-0.2974152296513738,-0.21977466202792678,0.28966961080554443,-0.08477109957634156,0.21810659814121736,-0.11423597662183799,-0.19223112123072814,0.16326125404849,-0.24550726237557727
peppe,0.0009704945985812438,-0.24738595767439384,0.056241227688210826,0.14489110863145313,0.26325226928568607,0.248009815147365,0.30708433440658306,0.19483659258143765,0.30855519580771446,-0.15412092756807955,-0.3379397796236769,-0.1992501166690573,0.337125164472448,0.06216162952405448,0.2583160059296487,-0.15372072723917543,-0.22683648199600315,0.18075321112399953,-0.29445936159324126
peppe,-0.0019328733824067123,-0.2239800163175377,0.19787348858345255,-0.31319877085370745,0.16669951741112748,0.4172613442065089,0.2185848681842288,-0.42589589440526154,0.019727624519703155,-0.30880930905795423,-0.05118024628312414,0.24856112537252684,0.07086863487768438,0.18858674863391983,0.1931850913919016,-0.21704211794324335,-0.16264246355165177,0.15321432887107436,-0.21546796147605438
peppe,0.0052438500577061745,-0.2496481292466639,0.23556882191857387,-0.24476061473389593,0.13730072434923857,0.40448005983232305,0.18885142778700592,-0.3377053044542558,0.09018431593970873,-0.3696550362552616,0.2755047985245768,0.27497509647966895,0.09383608242642545,0.182777604529416,0.16486597053878133,-0.21283764716191636,-0.13990276393658344,0.14977226212890554,-0.19266488376860855
peppe,5.794908548019661e-05,-0.3302336236587613,-0.5157667314522871,-0.22936110018685307,0.3609401277937328,-0.0791086727635448,-0.0975048991917816,-0.0015591677738092844,0.19311460404091715,0.31871225415091375,0.2215082924215779,0.32443210344125395,0.18161968926322708,-0.1343367256043503,0.15506660394452365,-0.06862880876189428,0.2265313592452985,-0.019077441031453046,-0.04021717825694011
peppe,0.0013248501396847976,-0.37312353792080893,0.2248194423405513,-0.1045760621005508,0.20773455286510345,0.2091961052891666,0.2598014889809999,-0.39939261565478196,0.017380800012473024,-0.31109559751105603,-0.26600815084569407,0.2856004726814204,0.05901961204371228,0.14015505242491244,0.23262976430410334,-0.19981864086752538,-0.188597177033234,0.1453086234409563,-0.24921093604527517
peppe,0.0013012845994250554,-0.17539703040468518,0.09879062523489812,-0.39601496560784666,0.22393264613324487,0.009513501527407504,0.26054075911909275,-0.41193871231402973,-0.35539267403824154,0.05154480652269322,-0.24551894789422724,0.3388626293303718,-0.12963527893717666,0.06209644254743287,0.18917810746533115,-0.18635848192040347,-0.16233176277657024,0.152622475238749,-0.26447027120119637
peppe,0.005486892431235373,-0.12059035412299458,0.12132205731107915,0.0351645500508576,0.12321776871976992,-0.04703956269041124,0.15374942298726715,-0.045810277937992486,-0.20174821695127196,-0.15666387834617262,-0.09336761217727853,-0.8836065216253596,-0.1612882825946889,0.04150109571903284,0.0759737949522888,0.0017848204501533294,-0.08046109271040842,0.05773388681186824,-0.16830632946995963
peppe,-0.005299647902750115,-0.0815604151264446,-0.00861977938222387,-0.168239981417796,0.17065338029903956,0.15391449988311637,0.18738044682045787,0.1480737510058734,0.22503491001357095,-0.1253435323646938,-0.10171704142628231,0.0024974678918122176,0.2007656236427802,0.13270983958692584,-0.20638855248970742,-0.01625313330813745,0.0025749081451713687,0.5120435783586554,0.6445468885867471
peppe,-9.059491288248897e-05,-0.09764316143261956,0.24415707141413667,-0.21322668945940138,0.14750240503416245,-0.08972750488690158,0.09362920131679751,-0.2704708948933455,0.05534040144106977,-0.06850785669158499,0.16401392755961594,0.19584190247450434,-0.0183020571537656,0.14184518384455264,-0.20341020590831996,0.018268209587815488,-0.19234991270105528,-0.06464203142636953,-0.7728561003393106
bigw,0.0012528874552598967,-0.35879813467762334,0.2902564275059134,0.12111542091321148,0.1894456483765092,-0.04532534363072105,0.1806727060249669,0.2512649010898261,0.21666707602625163,-0.28681341398300914,0.3802343736582214,-0.274382164203825,0.17010288804218918,-0.36240128613640465,0.16693503967903237,0.09062349448211704,0.28400739777158646,0.04244640319845804,-0.10365146252517708
bigw,0.0029400252951271855,-0.23608693642390216,0.2072283435282688,0.2982231029142656,0.21227605329084487,-0.1980353953929812,0.20662514923339367,0.1319424708093113,0.2518102686380059,-0.06669233354502198,0.26628797707761753,-0.24529595339754537,0.2226229690629984,0.04215638270234526,0.26627071827699433,-0.2543413270296186,0.40732288257846433,0.2568858044418889,-0.22413115360051442
bigw,0.01413752177368603,-0.043912266407607425,-0.11045063406535849,0.20112725742779344,-0.22771885385184706,-0.20523746725716918,-0.22494999637917948,-0.17099316044248636,0.10448000141788297,0.4601765681652059,-0.046171754685033185,-0.054950657345035056,0.1318933350579706,0.058221384681295923,0.3376327774172814,-0.1677745883009328,0.42626853205168835,0.32211568457315976,-0.3088326864206508
bigw,0.00010296415742872494,0.14942878618387062,-0.18398228062955913,0.1304256938857315,-0.273817368713672,-0.24816638041202543,-0.2789617706554719,-0.25591819318938985,-0.19589731901703572,0.568714599796654,-0.11740953172675966,0.21269149502114643,-0.19367240452776355,-0.2525273999160902,0.1705795508851503,0.20028763668229121,-0.13122513634447547,0.1228473628129231,-0.15263209503431913
bigw,0.00018095990984589986,0.2927518531673819,-0.2145322262947853,0.016781595003328365,-0.271265709269044,-0.24545128713918998,-0.28784715596281063,-0.29550058153086184,-0.32645317398053747,0.4552006664348031,-0.16699748070027295,0.23844644984717403,-0.29278396906665877,-0.025563572185721313,-0.010183698955221632,0.21153519851541494,-0.09491594483600635,-0.14763654066453993,0.0585327702994326
bigw,0.0005789402595955074,0.3129370349651428,-0.2276702970181128,-0.19661676763123667,-0.21463932077635137,0.07161092123934261,0.3218418095830398,-0.212260412392113,0.021974818781175562,0.06414873192375437,-0.07302759624450739,0.15327116562748266,-0.10653732487931665,0.010023622806978761,-0.44187330551662335,0.29947316274201685,-0.1530811929839161,-0.31037421463078224,0.40270062624237735
bigw,-2.0492971218380733e-05,0.3888855643908093,-0.21494063543522512,-0.3521326990076886,-0.20629042860567764,-0.1657191472312408,-0.2031934058244143,-0.15474396852609562,-0.27198504916211624,0.07078367676206265,-0.13795146478767958,0.2256477776352101,-0.24360136247636668,0.1520734587135669,-0.26794644911029614,0.19483341793213643,-0.14170664657257884,-0.30797745640845664,0.29534952227336664
bigw,0.00022106705690571137,0.2792017847845362,-0.24051129638421442,-0.30905895635645875,-0.19832686519355,0.006187000516924294,0.29973230068975015,0.1813384575715804,0.09595164150895988,-0.01081512544019105,-0.082854485574328,0.13990186175275648,-0.08868835637208329,-0.07005435274001541,-0.49782710292136584,0.3002020264647769,-0.154404119433966,-0.24516072977403824,0.36899392111019536
bigw,-0.00012081773210720718,0.3090749018329892,-0.28705006746210837,-0.37156262579678284,-0.20258974192475898,-0.197475995967774,-0.22532178150874174,-0.07946550454027917,-0.4703167421142833,0.1321525289474856,-0.15817129586690432,0.20662896703003653,-0.29590140181811003,0.09579497857123394,-0.017892286444046696,0.2702669211130194,-0.11348344268680867,-0.2216478608970761,0.091713636014991
bigw,0.012566671475227149,0.23761919876046408,-0.2558531848968731,-0.27931571588468235,-0.18951380074006238,-0.20868787700095343,-0.22427920921295516,-0.2019713077560618,-0.4468970388158184,0.20215502160613202,-0.14049022628566823,0.15498797186777152,-0.24009664569917633,0.16179440143680296,0.1989141530193203,0.12503241587729255,0.43091415662279475,-0.12261450859797685,-0.07356506867758869
bigw,0.002328832071751258,0.25877682584827644,-0.26301122100811736,-0.30682189273174126,-0.23897377926683058,-0.22474631449522,-0.1810576831494538,-0.27816671503124063,-0.4225687365472903,0.2929672537580565,-0.17820041088664362,0.21975043068982522,-0.2555331884380646,0.20711353100887214,0.11494485125904688,0.13583858163170906,-0.1839779491820911,-0.18313962932340003,0.016016809859613807
bigw,-0.0007132802785471926,0.1916157316635184,-0.2298710471746912,-0.28037376483077536,-0.2251581217315713,0.20573394987459842,0.3410007733445729,-0.13254004326767588,0.07990436106868609,0.07873824823518934,-0.1496734481971028,0.19039670641391668,-0.0857831261433575,-0.02106331375249808,-0.42727496878160215,0.04331111270107084,-0.12864927485893574,-0.37491056971191783,0.4293879836791478
bigw,0.0026885154184927698,0.09467189360114288,-0.22685977336543328,-0.16955395585150282,-0.22664850175540627,0.2622908163376709,0.2839394233138335,0.18242322734344293,0.27912958705155166,-0.03654935935236834,-0.11636861738858328,0.023098704444694203,0.060942963410623434,-0.27652697550578687,-0.5037441230112849,0.14596894246015135,-0.09334224054768829,-0.2865771021960764,0.3706043751809709
bigw,0.001121182146766632,0.06552554479586781,-0.08398876700470836,0.1359809021185553,-0.2390059384985943,-0.534931455260743,-0.19234832213355596,-0.09500191938581919,-0.19639166676962053,0.548628383086984,-0.05620986962985024,0.20038838077485246,-0.1859029500081131,-0.17827546746359105,-0.1916857544379597,0.17541517554951463,-0.07116361686315271,-0.17629224940582103,0.16728933326107592
bigw,-0.007099661892378624,-0.2265087090188093,0.16880542033946433,0.438794760881006,0.2892742927302143,-0.039517135675902496,-0.17258042408062188,0.3337874606906735,0.21798062665583864,-0.2780091318321506,-0.03460016714753499,-0.19736612998025796,0.21016255487210603,0.19928423753783195,0.1542936061120174,-0.33795805291904957,0.09784088647610123,0.25572176576544087,-0.19847437846227473
bigw,0.0011402408413469468,-0.21814584390066777,0.14969505487962242,0.35798405251870113,0.21366853873071706,-0.016784538479005143,0.028653568782885688,0.3897851416668424,0.18259051341394889,-0.34891489247860136,0.24811516172080947,-0.17028266503023437,0.17813143514590707,0.21092752148887053,0.13598710824133947,-0.35892515590085666,0.24789108848852875,0.19751010240342118,-0.18309099488028785
bigw,0.00015007710168027225,-0.3383394273656629,0.23293290446791937,0.501980433362218,0.34999881507244646,0.015343040869309871,-0.21129407355366084,0.12231753082517247,0.2294110859311822,-0.0950183650438317,-0.06832367673818947,-0.23708083356172283,0.30186562177142723,0.10545389394274986,0.19380136059355874,-0.11894857665069741,-0.013221994950560843,0.22090001543466736,-0.2673702788967593
bigw,0.00021820377692277515,-0.18620380370866646,0.21496903449488014,0.1865014000635453,0.24650640401074014,0.1636759346686884,-0.16135101015559317,0.24487059769613798,0.2664289334164645,-0.18294267987525129,0.45920455968464585,-0.20425662437220493,0.2104142533156431,0.09783554727330118,0.21806586959612484,-0.2442038828742079,0.307763293516563,0.26045883147926135,-0.17363597471277942
bigw,-0.0006805231949307945,-0.20894554347677166,-0.049213875861679704,-0.14230439337798378,-0.010194730233160981,0.02832366335988115,0.1755824618949885,0.07995083684367452,0.3955792194291484,-0.15976559808560173,0.0011341112548145886,0.13554208021621839,-0.3766866818667924,0.2565233755030666,0.19985704620952338,-0.3655950442970667,-0.44414015225665854,0.33429273516468305,-0.06963494746178438
bigw,0.0028433496267528243,-0.20504882161655147,0.3548309999647352,0.07222444157677842,0.23048476861543352,0.22527626316174562,-0.11177463305151474,0.32367285554283737,0.28708519765600116,-0.25223420534967933,0.4599307242852245,-0.2290003727132613,0.21100786896822038,-0.27421081544479203,0.1777279842750828,-0.0028022240170105586,0.15014022434575355,0.12040849558354465,-0.0856419425935445
bigw,0.0013632172221826754,-0.16297803452065393,0.269174964914928,0.24574753976870836,0.24855817557160229,-0.05669921128697237,0.24234411787731228,0.2304996724102252,0.29484098634829986,-0.1392969785536667,0.3720426031727155,-0.21745250396160867,0.2260921633624411,0.06342974214376706,0.24803220063036852,-0.1589735206021073,0.414426950761347,0.16624058319964283,-0.17429596009467208
bigw,0.14821169993958688,-0.1523815373126427,0.0036426621533996867,0.27163773813268144,-0.28450884606468535,-0.10931339968993742,0.3579278734262748,0.012460819066829734,0.29291089970432727,0.09942827852500642,-0.11693989829598864,-0.15076742483690012,0.25212110988163094,0.01718684345946598,0.3461467497492943,-0.21553367362460735,0.4981581442231987,0.19096195311100733,-0.18699701413451117
bigw,0.06810665578935296,-0.16411704867198365,-0.07658143408616921,0.30732044427616617,-0.3487475000125035,-0.14121341981400198,0.23409594923539268,-0.05745293211205346,0.3125918454791511,0.19367956440173192,-0.1283551272140361,-0.12993578518996723,0.2637381791386809,0.008772511347860605,0.4329510604125834,-0.24731752918292368,-0.25293858196176205,0.25532626774660705,-0.23892811573505304
bigw,-0.0007755100812434412,-0.05659269616788787,-0.27096367345643046,0.15914823808217984,-0.34821934672550686,-0.14774304888687284,-0.3604382252004576,-0.21974160870204437,0.061245417512611144,0.2902527936692671,-0.10493723787326259,0.1563435528421646,0.01934022587148491,-0.00639806788001829,0.45838690506798907,-0.21028922098770073,-0.2711849573106752,0.24183186629840053,-0.25793243837720137
bigw,-0.0011563293759210224,0.15291347737768313,-0.3400467807808577,-0.22848389297697033,-0.24054340293087254,-0.07349130177709184,-0.13339487369436895,-0.2539118992577631,-0.34437542843668073,-0.00040729775259227175,-0.16802978794551454,0.3191025711674506,-0.3051274406141568,0.006481442573278356,0.3586111087292714,-0.18965398781918003,-0.2117017230616362,0.2522056843514872,-0.22013065547295563
bigw,0.0002714473582522634,0.15450523842040761,-0.31015086466420205,-0.3196933070184459,-0.19674924805949226,0.008102603375524977,0.3399317472226258,-0.3253347900000685,-0.3773802660714888,-0.03440785416552838,-0.15828853174447913,0.22795000800564705,-0.27048645860857645,0.012715234284370056,0.30697444492056014,-0.18832859400952043,-0.05249229131936317,0.22963107395218701,-0.19603788477434722
bigw,0.002585475265028918,0.17475380351676362,-0.34433474541810716,-0.36434459706598077,-0.2223256441733578,0.011448326892790685,0.3827682193272236,-0.432468168716023,-0.29245911703588,0.145217458646585,-0.17436496988448097,0.24023535618989036,-0.21079247389205447,0.0197218229798578,0.17394352044068967,-0.03097753212135639,-0.14436253982598854,0.12146238810190478,-0.16934899060494668
bigw,-0.0002459308756520768,0.1399907544527761,-0.28478189198136306,-0.27143831804880186,-0.20296130911539786,0.19664007996442134,0.33317079726575577,0.00704965499196543,0.14998889764882867,-0.059997547911282326,-0.08639754255970505,0.03899514537530098,0.10220244775189358,-0.1630268650431477,-0.5008351465960916,0.16125779212082356,-0.13846479503780948,-0.2960892532194351,0.4229942250886816
bigw,0.0014544264139401907,0.23711574911637137,-0.346807212402221,-0.33095077090155123,-0.2290261983750062,0.0872710000093063,0.3904491094165806,-0.1545261905413898,-0.34446179883292344,0.002012750859399748,-0.18497831475828613,0.33002661035493597,-0.32383164687008936,-0.09989808147968612,-0.10785348496010258,0.18542339504726216,-0.1533143801565233,-0.1395662160621897,0.10925688273221192
bigw,0.000351000772145426,0.18522853468799536,-0.33411356948338955,-0.18228507208917202,-0.22750519859889162,0.005629444409377485,0.21169981304135516,-0.3116227435018719,-0.4993396994330154,0.016803129349665987,-0.18524411788082204,0.2162693461630988,-0.3256567172996876,0.12568214135517727,0.24631045583681851,-0.13170905700124214,-0.19317284287599024,0.14357748791632682,-0.19649392687728667
bigw,-0.009318925778166062,-0.1572380045031192,0.3235682185091698,0.17696584930586698,0.24746864061903925,0.04123656355573003,0.13606790650426734,0.4369794003391365,0.41305549906644784,-0.1119545559288903,0.18646492526133993,-0.2524677537721176,0.2635578512904098,-0.13933977979229167,-0.2539521828320593,0.1928491878124257,0.18728850018215928,-0.14120324497230285,0.19905344777177478
bigw,0.004166806195793127,-0.17127187715542613,0.33371823688252805,0.1479325065639303,0.270165483510349,0.014257462738982036,-0.4340553066706251,0.4593702419029135,0.2217105792137525,-0.09789278013099305,0.18804195950718453,-0.3212089537993189,0.22206088910355984,-0.030636300925287917,0.060847652110900735,-0.020097172631686356,0.14467904987000943,0.2561425904929319,-0.16317416254539166
bigw,-0.0018857883370279394,0.15081351416284597,-0.27121050595273966,-0.08730773666427763,-0.22647539166446856,0.14211914855184996,0.3597894477576087,-0.17440952929465428,0.1565396448109703,-0.09091887731801923,-0.12429593794656425,0.11452578171345752,0.05937251712223648,-0.06739508460706543,-0.4532713150783717,0.08640619608980642,-0.15424556834046751,-0.38082986141709313,0.46214033934816146
bigw,0.003924585450442103,0.12586605466449122,-0.261281899068878,-0.12292323127875965,-0.2423850816705449,0.1995424345241401,0.3653321233381332,-0.038876515922638265,0.15455727219167462,-0.060559736122845965,-0.09048107806790902,0.04282014781010194,0.1363572294791706,-0.2053695037241807,-0.5049335981251714,0.23642823523355555,-0.15487505671038693,-0.29436767539752,0.3839168136237616
bigw,-0.003356124737785789,-0.11530981469147683,0.2822922044553325,0.04981844785969303,0.34278486866300373,0.14292002703627427,0.3672485471801942,0.19510045036118298,0.26286299223194215,-0.21730488453360505,0.14852495640188576,-0.44721629628102766,0.311148703312823,0.024606513351433955,0.024228490710612074,-0.24821099541496944,0.17512150058895704,0.2131567930515193,-0.13989668477149064
bigw,-0.006510119251989484,0.07251347178211162,-0.1557303012728246,0.12924333274802596,-0.24792028188129805,-0.4183280249411037,-0.25082771981886587,-0.16032323363302356,-0.30127336721362935,0.3667394868302486,-0.06980336159084508,0.30958655841462207,-0.24538581238851237,0.11969729169170784,0.2770404333410842,-0.26411850626229866,-0.07473739564974924,0.22489319490686194,-0.15972179328897068
bigw,-0.10193250119505065,0.049432989373604325,-0.07374600015837451,0.13983173307454175,-0.1788302958731479,-0.38556790352577214,-0.17486882561814376,-0.10474434323235879,-0.19522672096732221,0.27038795693684214,-0.021627356871925484,-0.26631691570591254,-0.16365305912307807,0.1635393593644198,0.24617407900780122,-0.3788364627143627,0.4652919317083708,0.26271787018188697,-0.1568203283594252
bigw,0.00014091665553692085,0.3548476063393353,-0.1150869707625991,0.019922209205103663,-0.10924263105150138,0.024917128092334317,-0.09592408049824436,0.01238071670252416,-0.04157886308299853,0.0921686378931395,-0.07696098491155817,0.48929750592681504,-0.03556216287185053,-0.27745527843864976,0.059903541286287276,-0.014833375504424054,-0.2540197711529159,-0.5943049701526546,-0.2884334201067404
bigw,0.022080362617134735,-0.42259568108110485,0.48936908013729286,-0.0049695057085478046,0.25172220224654773,0.3137172541136165,-0.18401922730338316,0.01880411064187108,0.14060734793580656,-0.2106176894602938,-0.07847489814580758,-0.1567879279434127,0.2619621876367775,-0.34933957009857586,0.17613523420533211,0.0745544074609265,0.19379789644326398,0.1316132292059085,-0.0944027169741676
bigw,0.002663236542167209,-0.374499779215916,0.46759776576451784,0.03139508536804534,0.2621992248228521,0.29246491032499383,-0.09266638221663615,0.02935778238508583,0.1456287775349897,-0.20219879126847343,-0.07711553917913148,-0.17117842152700832,0.27687003846892566,-0.2882655768594771,0.20695505324438473,0.06165542116299805,0.3639700194362869,0.1452762002445992,-0.13812078966258293
bigw,0.003804646972131905,-0.2047635530283246,0.3336858130553627,0.37772513069801933,0.33065767195794366,-0.12614768896588696,0.23916749677130927,0.0028483996461685502,0.1840744288445299,-0.15661615186892308,-0.08333687150781215,-0.20819306930505965,0.3618729489853384,0.11016787334221666,0.2611193284404613,0.0178723841214988,-0.15581309200626361,0.2517402433416223,-0.33711787417120775
bigw,0.011128495666978192,-0.03750307305771338,-0.1717856830988191,0.38513317785989454,-0.36785041707697397,-0.16826329405479104,-0.3650033819474549,-0.13695176395176126,0.1382651927527034,0.08830797157035208,-0.077604582715197,-0.050153648930117714,0.30757212907360837,0.12939079918375154,0.34478624881487147,-0.006763262708481309,-0.20634636337438458,0.2847908479287653,-0.3402086881473995
bigw,-0.0005539661578417955,0.24203220624914745,-0.3443935443676971,-0.1110865715660949,-0.25847836890647125,-0.1552407891746777,-0.2472199063097592,-0.2202648184081913,-0.4462308817014616,0.1391133667315504,-0.19248501591164205,0.255732247714668,-0.30214089151789847,0.10099286117212633,0.2415488505509308,-0.013273550264395093,-0.16250576005261158,0.20131807978553892,-0.24911128999177
bigw,0.03126737269896007,0.20985333421113242,-0.27295722632346225,-0.2420718386349684,-0.2366368218454007,-0.023334917518074354,0.17566446624489018,-0.5490230929322424,-0.35737015376317355,0.18491941403804124,-0.19677050976200727,0.19165775760389686,-0.21595240352446723,0.12963074199166422,0.20103206642139274,0.0037326505246846964,-0.15146010042563976,0.15864032811129622,-0.21141673186803217
bigw,0.0016912396054055145,0.1976157675839569,-0.2768652923365545,-0.22968324436061938,-0.24164209170521636,-0.023402360916394853,-0.03574254265619772,-0.5678597523839266,-0.3554269871807371,0.24078200254940954,-0.19269896602643627,0.19527516387195257,-0.2169073661286156,0.1354029829724816,0.19979382341316604,0.01392047055459316,-0.15272851224060854,0.13437628417723263,-0.2059410616989783
bigw,-0.004139935524411648,-0.18582171884600018,0.2767697376011235,0.18460877230608402,0.246339242848825,0.012911993343255627,-0.1625912835646833,0.5442198824506749,0.3690647541586383,-0.26551203479438046,0.18581525706172167,-0.2164199300498152,0.23874076985942505,-0.12083508270375258,-0.18991234932983342,-0.013158396483764675,0.15162684309523863,-0.12344319655367739,0.19284731379948492
bigw,0.0009356598296113688,0.22814535424838123,-0.29118784406259157,-0.20437143069083794,-0.26120569059164417,-0.036928366258202346,-0.2700540600820485,-0.4929434437485866,-0.3686448210766489,0.2798162000919308,-0.1894565761712139,0.22473675501357596,-0.2624749392832454,0.05512819475211732,0.1346552317393078,0.014843875302054218,-0.14963354695572745,0.08527586861559547,-0.12382986279601198
bigw,0.0003554019409661607,0.24794005232016592,-0.2545459498648117,-0.17464240643199697,-0.20897029954875512,0.07273388277203452,0.3061295784869531,-0.025598834051133636,0.1237492220276195,-0.003403385858504641,-0.09360098040682796,0.0943604646838477,-0.0057878627098189184,-0.09081301194944162,-0.5192481863300463,0.33327066484537515,-0.14179509724281167,-0.2818998973274865,0.42233906252371123
bigw,0.0003183225076464465,0.2944993304787013,-0.27062024249905103,-0.27314993732442017,-0.25200627292591676,-0.17336486234677168,-0.2787622414883789,-0.33125562544840875,-0.42311441115254816,0.21167203496925793,-0.182121434555861,0.23115591293107257,-0.29759678758929503,0.16830585126069805,0.10798978203867417,0.07185518049183995,-0.15230157569789146,-0.12475068376452929,0.038941337353284
bigw,0.0009800790371111109,0.14750251990230176,-0.22466025368300246,-0.10722652120715444,-0.2206578423268167,0.09076357596308962,0.32975863758394014,0.020435853922760556,0.16804157288459046,-0.06942855418272548,-0.0870450057972597,0.07795823861316933,0.029500021386180023,-0.20880085652407515,-0.502646560394966,0.37468190609861335,-0.15496909826390246,-0.24383425791745325,0.4271950741884668
bigw,0.0005089756960900755,0.10114936987701657,-0.21026415967760015,-0.1150295962067101,-0.2744066560341589,-0.28152114378364834,-0.2940337560408459,-0.29933625494392613,-0.32113451568442186,0.2892201660442065,-0.19158972156518048,0.2849813392809759,-0.33135920513520273,0.005972752792587684,-0.013213748349429955,0.32739607415886524,-0.17101962551283878,-0.19721835083998465,0.10806444158877106
bigw,-0.003166656526109876,0.06361019178142054,-0.08292606847791839,-0.14712738978782552,0.28943955958349943,0.4710852500343223,0.29372680301889,0.3670946938577881,0.14448510587297025,-0.3957836481136991,0.18570310001585796,-0.24482203901737237,0.27509789571634413,-0.14386896484186767,-0.14843493692198834,-0.09147986569166792,0.17997592227615752,0.09565336717870089,0.02088971979402692
bigw,0.0010134946596031557,-0.10728673555877076,0.009247843455875149,-0.053453191116658,-0.2484552229544398,0.32379973343707796,0.29379803572542457,0.2522781532240153,0.31693844255947523,-0.1050082761142961,-0.14491733242700877,-0.10235271087915193,0.12957204612872733,-0.23050434187544025,-0.2856237950534547,0.1381164515486668,-0.03848654420326227,-0.48942827774785014,0.33831290407760967
bigw,-0.1008126656872838,0.08844140349193884,0.05207789960871031,0.24436338591654988,-0.2521914211624812,-0.6258017098540533,-0.2245322480043911,0.046881732524765136,0.006821817584849135,0.398732500851623,0.007916838192340283,-0.37068489569757435,-0.15104525851159517,-0.10236348516118353,-0.127018835774216,0.19886792164249953,-0.026981351889005772,-0.16691111249368978,0.0885720743179558
bigw,0.0036131331066310123,0.05662664018899452,0.06777391202808924,0.19389441964202772,0.15209749814275791,-0.4847242043667698,-0.11942393891750222,0.0052489848058679305,-0.06523577553060472,0.25988444815594475,0.002200934200025909,-0.7564615123035823,-0.15298911158595654,0.02332284219430763,-0.008099508373073145,0.0756352799803176,-0.024672377766224034,0.06814430368048877,-0.05658137969392581
bigw,-0.005735851525784939,-0.16734737459771204,0.18917700131801352,0.35487111534702764,0.4158649232112134,-0.11771220227753726,0.3603939331276087,0.17798269048004353,0.16225737653434863,0.23128650155637184,-0.06471721638025173,-0.2514945878853896,0.27580586904494764,0.1808801396338352,0.13623644293551526,-0.1114540608333691,-0.07921218921998076,0.3382392499358578,-0.23281752607209696
bigw,-0.010322670433483283,-0.19822685087410552,0.16065513317596145,0.30973554566621325,0.2834888129286866,0.04607028274383822,0.24661863259117855,0.3596147978762632,0.21458106402003524,-0.18098553798869385,0.13749743430634984,-0.18205316711078282,0.2269629536216941,0.28438734577093266,0.17506816035477893,-0.37312110626619865,-0.057911411060926336,0.3074017348057703,-0.1880749400606974
bigw,-0.000620084156757239,-0.16068291198919005,0.0989392184536646,0.19714799239375094,0.19553276245437679,0.07239964894690576,0.16675071470930738,0.37441383232374886,0.14363765823893032,-0.34088437208002365,0.33731180739509664,-0.1066687740426639,-0.016501348985065625,0.30535738957465774,0.10306175804201428,-0.3261516542603032,0.3085124290731414,0.33197386912745624,-0.1901798412637855
bigw,0.007115838091169868,-0.180313169793943,0.11988010163439156,0.16268118156289213,0.22730272835398257,0.07823955893899362,0.19425684707456134,0.44933563563766804,0.11652972553189384,-0.2315971182518811,0.3930541249394635,-0.00394716993100596,-0.3935847729458221,0.179421219792806,0.06296342467007807,-0.2551751263696943,0.0988173517253813,0.2728268858034725,-0.2590790779268537
bigw,0.11002580483628369,-0.23408308966372002,0.167787877461463,0.16198293543002137,0.3227010586356263,0.11815573938851506,0.27654554413680205,0.3785545374621619,0.11658051942068669,0.003104860558931823,0.402517040865247,-0.022060614464287222,0.30841111859704373,0.11519793539530547,0.05338926598109975,-0.11577702787505952,-0.07996810384415072,0.31089180539043476,-0.38618326086758953
bigw,-0.00017427992494298272,-0.2749545062165829,0.27102672713211573,0.09109136348080935,0.3607762806146646,0.2787669360151185,0.1660763650481379,0.062119123662652036,0.15084426472820744,-0.05973429661590798,-0.10198290649259348,-0.13910011521639257,0.360327329083222,0.12331956351084217,0.09226269570667961,0.02882130753185925,-0.08042611708942443,0.43112447165356155,-0.4478185421809163
bigw,0.001853426660796735,-0.2913692666184805,0.4814497054314831,0.11679538021781369,0.3453412765317205,0.3590882014733643,-0.08259416337486128,-0.02481511244967295,0.20867588272355195,-0.22369290493400443,-0.11167571097785502,-0.20929216446081678,0.41381218755910554,-0.04907110944547608,0.11403478294820149,0.07283502065236137,-0.10289009082439084,0.1694572028429118,-0.181406037539563
bigw,-0.001711867146897613,-0.2421860348787253,0.47719205037184176,0.06987476783637653,0.28611514459982795,0.2878171975699364,-0.1450710756849659,0.041941456664687654,0.1809433627557146,-0.15216949290031986,-0.09662681586130983,-0.2028941410896342,0.3455235003081234,-0.47390895943374794,0.13185371798012394,0.17566643524799191,0.04639509002280758,0.12804147472677224,-0.06387195900801686
bigw,-0.000610327110131148,-0.24349734400335538,0.5733579832226158,0.06890614658631203,-0.0005305593612332793,-0.07448037616728259,-0.3505317293001627,0.2854233478079124,-0.19999167265088716,-0.4540133214794253,-0.11052050213854954,-0.028429231432923797,0.054427091959538584,-0.10942491639615937,0.12060586072220411,0.11513170636443508,0.2595272180430921,0.16306363886322375,-0.03880620707209517
qwe,0.002385391968377245,-0.22983720315554473,0.09768648118905847,-0.4902315142072651,0.18708955877325803,0.12142274235973781,-0.1137962300653938,0.24736606260579813,0.3622234259365088,0.04122045327819346,0.335742357916721,0.1964119667141848,0.3327456443735251,-0.3212507390761417,0.16306467653219694,-0.07053307080285327,0.10457855243148145,-0.04471195639789513,-0.17547556332170405
qwe,-0.0012536327356986177,-0.23282148398451422,0.08777806844936455,-0.49305446906824235,0.19339068901185966,0.10955319245633441,-0.11706623249261908,0.23418594457899836,0.3666078103530794,0.03431057979883169,0.34061660379591574,0.19859846798387232,0.3369932713161549,-0.3247291028938413,0.16533999029154808,-0.06817566889717971,0.034978433320929994,-0.04731388257698679,-0.17758583665160171
qwe,-0.0051246397824868326,-0.23788240342595382,0.06018347148065614,-0.4644588605698174,0.21053496058472798,0.03241554054570233,0.04112881164407733,0.11938932490774311,0.36862473712146243,0.11786340087997649,0.35036973294759516,0.20488009897420179,0.3459134318890714,-0.34114790416095964,0.16059275921094124,-0.06281209803123924,-0.21420840410191144,-0.029182079510631766,-0.18901255510952358
qwe,0.0021566940696016307,-0.20177312711159187,-0.0020526710021749883,-0.3612481673284153,0.22016355747030836,-0.07607082414522576,0.44623231530129387,-0.0015595455741806215,0.32567898250811494,0.16414237452767322,0.33123880975776027,0.19777409568125057,0.32738979595392353,-0.2764434819697942,0.1163782826185503,0.03247408410161163,-0.21682189639368551,0.017854555829633075,-0.219137744071481
qwe,0.0006329723098975882,-0.17657127255840296,-0.10572533259727446,-0.42763823756771535,0.12513278989121768,-0.04557748316832074,-0.1334787608261591,0.11374529093604639,0.3767862306722467,-0.04461099645421643,0.38251739411354396,0.2344835104583327,0.3805741238149086,-0.28659739486997765,0.11869930833824106,0.03484275742216096,-0.231277857276078,0.06933193376039763,-0.28362910327708196
qwe,-0.0005666005996119886,-0.008708089542437718,0.19528736530527896,0.3352313716972005,0.3842897149623069,0.1242590823451579,0.12944839858870005,-0.013517703668011206,-0.3547959835531552,0.15327603826015312,-0.27596015197499707,-0.24570796575810008,-0.40098077759061623,0.2632450981907859,-0.12341707710246815,-0.06657373337188083,0.239277942090498,-0.033012414187002945,0.2745125158111508
qwe,-0.0001329006949269364,0.3252283587664289,-0.1936280635633424,-0.27125771881602323,-0.3043920820499616,-0.013420993459889957,-0.1189394344608035,0.08535027410257491,-0.3703717565457786,-0.202455614899891,-0.25629688109003174,-0.31235096405231927,-0.0397510471371626,-0.06224809893867746,-0.4115409630734186,0.18946412510657237,0.2710815351506878,-0.20074345058778753,0.0545212282750489
qwe,0.0033209292326433354,0.34206958497251366,-0.1930843481403512,0.4018605457831637,-0.2785702885800222,0.12246401517643626,-0.11770565890422789,0.11354701234793227,-0.42745374826161947,0.015649571819215065,-0.2429832768597019,-0.2697596440908891,-0.07261281121974963,-0.002538099173155632,-0.29286452365925814,0.33347470594537576,-0.032388353088767946,-0.21405283182089815,0.03121061956809808
qwe,0.00034968604498686995,0.3159199164351614,-0.18490440023603394,0.30284896518042376,-0.2975468532360723,0.10491901505753559,-0.11957842041549435,0.12109044156044113,-0.4041488219217496,-0.13029226751848821,-0.23680230907134167,-0.2573244547581863,-0.08007232795324207,0.06227136301738027,-0.3967797387201267,0.28302351713105733,0.18634893638685043,-0.23278617263942677,0.08024210516849971
qwe,0.013211521291106698,0.2811020314949884,-0.11987372279891459,0.35206840494001246,-0.23742454354610013,0.06547792903736813,-0.13340295994787282,-0.05555735988812443,-0.21116300612625155,-0.14085961799183963,-0.1810631167519709,-0.13943476139408695,-0.06220888264638582,-0.04918872882706978,-0.3739034324605145,0.386671928070178,-0.21435595141824923,-0.4918282043892144,0.031780374240082176
qwe,0.017074586882628973,0.28516361582169186,-0.12317330215902587,0.3716894724496383,0.08815923492067596,0.05529649035024493,-0.1375418750046409,-0.05739522814447659,-0.2088074966720379,-0.14923274372072715,-0.18668001449687394,-0.13165741646238463,-0.08533278061116584,-0.06711401478629773,-0.37141186572757656,0.38641072228868745,-0.21346175440066195,-0.5177931553587919,0.03923647704355416
qwe,-2.3986876850863057e-05,0.3468284395208017,-0.19152050415235822,0.33747846827255323,-0.31493531691642984,0.11560022240300102,-0.12164842916934462,0.09760704657545205,-0.3377816513414382,-0.0467086945497119,-0.17095762719775118,-0.2509003707843898,-0.06881364095753359,0.02105974758704339,-0.3870208760824925,0.28718901760340465,-0.18906234625930524,-0.3280425641856347,0.05487626697370122
qwe,0.0013628554496189274,0.34001399487088013,-0.1734041722512668,0.32478582981763754,-0.2664765518919827,0.10256239310549306,-0.1094411549487611,0.16266777783392594,-0.3713089609291918,-0.16160592752512812,0.12267058560602491,-0.27866198521548485,-0.06359155457418975,0.17050664084954126,-0.39005269771063816,0.24434731477689395,0.2977047376572991,-0.17546027141635095,0.088338787726221
qwe,0.0012018170445181294,-0.3355257654176015,0.166914760977471,-0.15980223142747732,0.29105259114650744,-0.1131942192472098,-0.06024087057810269,-0.057787281568192225,0.16919945066068168,0.18470261200687238,0.2182487500427786,0.23902172155955242,-0.010107079441724547,-0.2049261867552602,0.5224817249042325,-0.3450310918511777,-0.32290707246380074,0.08331210259678834,-0.12916849552355025
qwe,0.0012367206179474336,0.3641523308144634,-0.1788562296316637,0.24005350604508538,-0.282124667082629,0.09294792394564394,-0.10757353055775755,0.18534510430295514,-0.2409161217493024,-0.08066770148232903,-0.15841617696029237,-0.2712454246990774,-0.027930294061088417,0.11564709852954855,-0.45368517514616247,0.41628871168335724,0.24932318032271178,-0.1212920561972507,0.10122752589039351
qwe,0.03715082591928204,0.26840346091665357,-0.095673085168139,0.2313813088081852,0.30228534855409595,0.11547212834736305,-0.13715630905637052,0.2257371122141383,-0.382289680647595,-0.37562634343651957,-0.08303832412822201,-0.32727412154427105,-0.04031603321347799,0.019251212427878268,-0.20158424713751463,0.3419642698921511,-0.28704397032613355,-0.2178243402034254,0.011483965344646463
qwe,0.016886446055132804,0.2751243771475502,-0.09144121758747047,0.17317226016107723,0.3139478178865241,0.11524036054467486,-0.15062018003259367,0.08542932694060287,-0.3091105327551707,-0.4162646515771252,0.2873347210719309,-0.36682946863709087,-0.014355324753025523,0.048178308718726366,-0.2327722978694645,0.23959638804420386,-0.3153163816742296,-0.20871974963164602,0.03275109010299124
qwe,1.590044189044381e-05,0.26424191462076774,-0.29099466049114014,0.03465003016386238,-0.014654937246932313,0.014751612149635803,-0.040151908266665474,0.06179440305742401,-0.06297225362371404,0.060091096462216644,-0.07361787893463771,0.13747318264518105,-0.1935587672602428,0.04334043804126584,-0.30000866406417315,0.06168361785314758,0.6586682376990729,-0.24636392240602228,0.4229032901961233
qwe,0.0008604063629962292,-0.1470374048095194,-0.02457702485572133,-0.0870914890398033,0.25645047722195624,0.11160338143627975,-0.12928138711910242,-0.02998114681208071,0.12610119109848816,-0.147940131174962,-0.20247088517930556,0.14815140602584378,-0.5096772934521469,-0.5318885881730121,0.16823904634168496,-0.3420819220713047,0.1895058226157947,0.052814940866905295,-0.2166161071603614
qwe,0.0014277854912807704,-0.16616533050111318,-0.07137557844978282,0.11795511062217227,0.2741299147416563,-0.03201846737799355,-0.1428163189386603,-0.12572329899938875,0.12155829127904388,-0.12089906622973412,-0.20614228842245821,0.1653603500581572,-0.5071433481626665,-0.5069571424084177,0.08311068706427374,0.056182583244474504,-0.24298169478182208,0.1944331284030801,-0.3473703143515788
qwe,0.001963408222200944,0.1985659015210444,-0.22931427949991745,0.06817090533841474,-0.5014949902961624,0.04142518217623718,-0.17506511905459254,-0.2115407401436912,-0.21612381530704258,0.03360077270525604,-0.32278664635905474,-0.4259729111235192,-0.02604597197708128,-0.2471203938549032,-0.061688084711841465,0.2109487638385895,-0.23219065293562355,-0.03053313832199257,-0.2763143320660654
qwe,0.0020546107928910593,0.26731993656601044,-0.19571006575256422,0.04619272776962251,-0.42246130669837306,0.05652721492753517,-0.15666866870021426,-0.19345751186832535,-0.2722428663637956,-0.14683639039837124,0.381834647112185,-0.39816310125324234,-0.045219417565773634,-0.05341504656137686,-0.30285455100999337,-0.04206513144335895,-0.17691221789431388,-0.33120777274209573,0.07120811496752436
qwe,0.001045351812654334,0.34471997270373467,-0.1971586420440138,0.0884195784683893,-0.36237582347089053,0.08812574078191189,-0.14620588852938493,-0.07703743187276736,-0.1635705205461862,-0.1527209724639532,-0.22016615454846558,-0.3293000184240345,0.008798891277166812,-0.19008447544900264,-0.490825700756652,0.14894267993750532,0.3587879555652766,-0.13905884758930018,0.11715438452802503
qwe,-2.428533930761582e-05,0.39842338626611873,-0.2101301796045404,0.21992374120730865,-0.3569051691107113,0.09551663382162198,-0.1428786540375274,-0.004710970440446206,-0.31406754730949576,-0.18224847779719908,0.4132317947783717,-0.3648684974838442,-0.05986312584391134,0.019855018681933925,-0.24925955685404985,0.07804321362696373,-0.16601655776340496,-0.2254663478571156,0.07388169801436459
qwe,4.315033660513651e-05,0.34971104755432636,-0.17980209405364156,0.194652912886097,-0.3131109598088136,0.0840969931947809,-0.1252473169881052,-0.01307756722178607,-0.3009367659349524,-0.19303138618240934,0.2149263276772096,-0.31479703043061763,-0.042948477000697746,-0.04081087931199236,-0.4532460299510194,0.22828699929753637,0.33996870299850673,-0.1395852700098326,0.1314557316361901
qwe,0.002141524513240073,0.34885086727823506,-0.18593807548848873,0.2168172266149335,-0.3317238567692561,0.07341939871443257,-0.13007358848127848,0.07368925819202635,-0.3879160995091973,-0.040690235778021874,-0.2307645257620974,-0.3321522966392046,-0.06435067327945049,-0.16259825584229856,-0.37310138961972306,0.29246601517942206,0.2428384400592302,-0.14188552541945224,0.09383914426607358
qwe,0.00024374407316165211,0.3406279704894098,-0.2164191858385791,0.2143324381338612,-0.3722771439641819,0.02626626485809436,-0.14255662027704338,0.018360645814066223,-0.39047810620209616,-0.10724807572501194,0.42058373114691766,-0.3862119014701386,-0.06935268541123042,0.009145888692839211,-0.026393205552115696,0.19901239968479403,-0.2789976905110189,-0.12625069789647614,-0.047504716332878553
qwe,0.002707571110637008,-0.3041237003598397,0.2028349441468567,-0.06291215877962264,0.3015592638588133,-0.04156192816097425,0.12873184567499837,-0.07963744575576705,0.4195173820074444,0.058158371328814074,-0.36925971293987514,0.3379011485945207,0.0774954882820629,-0.3895457505418083,-0.26142776261266937,0.16366386810416386,0.03802901376483753,-0.16759172898925045,0.18576141065069943
qwe,0.0011500658921483867,-0.2596414811210711,0.17374040675606553,0.02119170474453321,0.25491697859621376,-0.04159374897800668,-0.10005202173988988,-0.08070316535274392,0.38486942143516156,0.0618156849904189,-0.2502642542103208,0.2959608332023168,0.07187147823376168,-0.5226137847290452,-0.2459812629842699,0.1424485435778041,-0.2856603606327219,-0.21536808500513327,0.17166947184061193
qwe,0.0011589217066174124,0.21714746061348797,-0.15316350757271535,-0.09639756623998001,-0.2322931544951893,0.01447261378640467,0.352358852310557,0.08130766808788432,-0.35233210574631846,-0.11105256701600458,-0.04269593719020156,-0.2573682642384175,-0.06498362611106699,0.5606185841233712,0.2276472688981044,-0.06370754177061173,0.23320394640628242,0.26150241789225676,-0.18292244301387353
qwe,-5.2976374192438376e-05,0.2558783353911788,-0.15910869780755188,-0.0703339686863246,-0.25226393468212005,0.0031522840028553444,0.00015790219522693016,-0.03368446671930454,-0.34328898579406353,-0.20126625629157163,-0.007865787177520749,-0.27084774788304017,-0.035730072620784335,0.5762463943633692,0.2382157279316364,-0.20700611022896429,0.25992059388408834,0.2661693830741106,-0.19070045749123252
qwe,0.0016971192890332324,0.2537592447795393,-0.15992432018512337,-0.0665699550718861,-0.25071757953484,0.01920078120300628,0.3358998412142017,-0.12691183701411,-0.2795960104253145,-0.213816005230848,-0.22246384281965564,-0.25986902804623757,0.00032433803382413416,0.5689380114686841,0.2547146646284379,-0.18618358910050808,-0.0049953709218989095,0.1763624708109916,-0.13475603808174538
qwe,0.05224667917299797,0.3103003641618721,-0.19737244159289238,0.04572083589188705,-0.31068741301520475,0.01188108543275401,-0.13108694099584994,-0.177618736135518,-0.23200349535273615,-0.22980698797571805,-0.2737812703241337,-0.30830675931355267,0.03566623618338114,0.4553928273028983,0.16690763146297963,-0.24986187086853012,-0.186015501698859,-0.30447929758600567,0.11986673307512155
qwe,0.0005067365091274906,0.3630997450006296,-0.22444473283501587,0.2246972069988469,-0.3598642477457761,0.0363987874802317,-0.1499112443529689,-0.18884132770789203,-0.1936290649867821,-0.2408090759885027,-0.28156556803717514,-0.3358956834458718,0.06084207995776704,0.1106851683011932,-0.31740006081620564,0.007595735573169137,-0.17899828163648826,-0.34786456865260185,0.1447163377076012
qwe,0.0002461743384941397,0.29275696904913695,-0.20681608623769332,0.18372608274120206,-0.35011190367706946,0.09009039379945058,-0.14035902957284302,0.02376162609105118,-0.1425103525181807,-0.0909887260082537,-0.23140060793406086,-0.29696515025697046,0.027719174609382537,-0.22962001648514113,-0.506751840361105,0.3067702551203926,0.27874298588352325,-0.12451875485736039,0.13740781988521789
qwe,0.0025163944038410135,0.284829756798102,-0.22558078380161928,0.09804595454606378,-0.34807034286338967,-0.011974617760981679,-0.09747544679012873,-0.16365766931413603,-0.4430058164347541,-0.2574914462809657,-0.29986665219706476,-0.3533621780901373,-0.03730816459134294,-0.13895856129486434,-0.1992041745071137,0.19331523300526712,-0.25706225151986944,-0.24060790349396877,0.04149934785334064
qwe,0.025417632152732683,0.21836465918107406,-0.18733104888190516,-0.03257887990303576,-0.2920275827191472,0.02306182744504787,0.5755389705006597,-0.22628603543086806,-0.3927660289308822,-0.3301480195840155,-0.25117673615987757,0.1273025772994487,-0.04440090843201548,-0.0684017487432284,-0.10404362969785558,0.13481929868864123,-0.1950954766188146,-0.1768483873464933,0.018772653063359245
qwe,0.006303509472786545,0.21674258362150237,-0.18800015848002943,-0.05988397192243083,-0.2934564814160942,0.0265244198972257,0.5768849299670651,-0.23921337484106306,-0.39793031476883034,-0.33950171503314697,-0.2486704691200543,-0.0795153794442973,-0.0451836705083534,-0.05595979810410069,-0.0893394129754494,0.12697665869254296,-0.19430163607230125,-0.16812116994355603,0.013704867267805065
qwe,-0.00041266777912332887,0.14375092095537068,-0.1451238879457143,-0.2449938939635001,-0.2814761763989691,0.010866089879701014,0.5157361440670772,-0.3282836607908393,-0.3455333199687564,-0.3338619648213964,-0.22472922596298386,0.2942349888734395,-0.033079640430696555,0.16515670113009964,0.11914293547522474,-0.12156732439241054,-0.08129859437744148,0.03834831033343086,-0.10859389023081886
qwe,0.0007467605168595539,0.01381594355858277,-0.025268021476761104,-0.28960738608363557,6.763221804746704e-05,-0.009518328037464394,0.4490057155023687,-0.4271389864978639,-0.23706755304542002,-0.3197660108338563,0.1549837342723711,0.24944398559884293,0.010158119601452078,0.40470128936536265,0.2015381485035249,-0.1776135552095859,0.16064386771238737,0.10857347711152415,-0.11320335478760601
qwe,0.0026153026084521137,-0.0649385208284885,0.04220168090193702,-0.2391195242211892,0.21205874855241116,-0.04339032149097255,-0.12893928020602766,-0.4701235010016631,-0.2876896882465248,-0.4452395849239345,0.3471018503414588,0.3333146557094482,0.02545436858662149,-0.010752473903291945,0.22152366972590865,0.2058921424436006,-0.09751755564012528,-0.09462920026411056,-0.17045988822770056
qwe,0.003610441534216759,-0.03656545349541046,-0.03812834040902324,-0.252887714846828,0.24830224560160757,-0.0766086645648521,-0.13002415477935753,-0.4466079179456333,-0.29981886769460253,-0.33784677472231506,0.296944315287889,0.34127662310821255,0.03686137330287548,0.13861869863024678,0.2768611694941805,-0.12398853380549714,0.22510587475923108,0.11564750671822019,-0.2530722620380704
qwe,2.623105734296101e-08,-0.2972206924408776,0.25215629918992427,-0.19970290507179536,0.05268716561149,-0.03849935235338784,0.0500466713712663,-0.05697247048423677,0.06124096519902421,-0.02444498719286189,0.16339747522346657,-0.06430847975908192,0.10092580616931777,-0.10777538995164208,-0.11894900292584815,0.3169279253455438,0.2520809171167312,-0.69074838778267,-0.29314324198924235
qwe,0.0008232805017429946,-0.17844868440720135,0.11924300625530149,-0.2912190484597383,0.21975435499148974,0.24918936793315188,-0.012345688299030945,-0.09556901881074466,0.1969047292138121,0.0346753688153007,-0.2850644363525232,0.09593345934386965,-0.49698094123760567,-0.043903462225653736,0.17841984855878884,-0.36669030914033995,0.37085722676719274,0.12266014340199209,-0.22632512822776957
qwe,0.009720331033418225,-0.17855289612002256,0.05099860369074586,-0.08272546169971608,0.2348990246655232,0.02446052781151377,0.48161034715969214,-0.0908623112309005,0.19348670326714554,0.023971995717715616,-0.2768591364498267,0.09187407432265729,-0.4841987097738498,-0.0408693141121083,0.17160587443958608,-0.2762299705820313,0.3700613874194248,0.10044698012147694,-0.22513389362115813
qwe,0.008633679293295593,-0.20698503203908314,0.030410182778580114,-0.05031308585522702,0.2928000368711295,0.024448793303476126,-0.16659308719361451,-0.11629869236430149,0.23455075834020556,0.02518761820476627,-0.33203065297072737,0.11181462963333687,-0.5839308639035101,-0.07991401807320529,0.19665458356802062,-0.24559112675157257,0.3404614310482513,0.11578950046726136,-0.2683779004739312
qwe,0.0009353351314312737,-0.14064965563202506,-0.08393146842820343,-0.05573334615708778,0.21240406898694036,0.10752387160049814,-0.16074339603713475,-0.13759462152829022,0.2372924995722938,0.023759155178521254,-0.330927631930703,0.12018764182059914,-0.5976664455854082,-0.11891315624537045,0.18722680603322833,-0.2239560526365554,-0.36008459767723583,0.14657052588145622,-0.2830007877848186
qwe,-0.0009602761900351926,-0.19557645302900292,0.24467467487722738,-0.08604365798352277,0.4025334754650407,-0.1144148909237046,0.16485487631970136,0.17104508133679228,-0.1737245542046442,0.03987925803759232,0.25289110297972145,-0.08901344659183673,0.5333373405293709,0.18213797354281777,-0.1131913917043949,0.07526396318174239,0.2990386106875825,-0.19740152253949933,0.307869908056311
qwe,-0.00204598822618301,-0.30909723570572256,0.20284903007952493,0.02875795542277406,0.2936073466923454,-0.10939079678497919,0.016672366574120998,0.08922250906984795,0.16069846461361506,-0.28710889929066014,0.17123364440361816,0.3125829572684264,0.07093939112828292,0.061501405032856206,0.016800708912683832,-0.031565334512179875,0.2044115798562273,-0.5000399392903916,-0.46783740091623677
qwe,0.019430445922444174,0.2802392868555351,-0.1708045748710924,-0.030042304556258684,-0.24818626592997894,0.10303457868697571,0.3643403966735383,-0.033110382518705496,-0.24123477783733774,0.2023279970484991,0.3244459842120011,-0.2729547878036439,-0.09139918347191286,-0.022998479749427075,-0.052154590328843516,0.027286086126717218,-0.17728087813495802,0.523060187072947,0.2984430250930943
qwe,0.029048134457217607,0.2960299963054551,-0.1771028224680474,0.008288386409437399,-0.26204941426815703,0.09843673717240645,-0.12241621319331764,0.017423164915755428,-0.33839400352812016,0.11525529648413525,0.33959032061756805,-0.2917998896723675,-0.11298900802926747,-0.00842592217776503,-0.08581375212979953,0.02437809370755987,-0.1761472851995061,0.571375736842545,0.2841235694833681
qwe,-0.0005516816694581058,-0.2228939327328312,0.14190769622836585,-0.02311921008493909,0.2526944005130648,-0.08970624573332012,-0.1287695237699247,-0.02455630289990706,0.35214063470695944,0.04956935648783538,-0.2980560378118729,0.27257315026055123,0.09101139536030396,-0.007971979832241273,0.09445347404169382,-0.04124545668430134,0.14269788901964864,0.6863463220086692,-0.20140214469143355
qwe,0.028484540004302228,0.18197530541299872,-0.13032781573460628,-0.0011670531059856906,-0.2913831872006,0.10082961653244764,0.23749776798155425,0.00907988896455036,-0.35923397181381633,-0.18698281884435203,0.3137516330687972,-0.28530775487209514,-0.08313499246410626,0.0184583983051992,-0.10992092614217805,0.016731089979817235,-0.14790982285019744,-0.6181501227430644,0.17574437990826233
qwe,-0.006760900204227191,0.1820050582095955,-0.13332121173864434,-0.013502302271909378,-0.30819240514908647,0.10299379913554267,0.16394747549911598,0.0008851330072836629,-0.3531090033163095,-0.24293473196238208,0.3178309174284958,-0.29964960122525697,-0.07539647299191664,0.038453482106441374,-0.13584950830477371,-0.048589748294488554,-0.16038061107965412,-0.6005541043165175,0.16604610891896465
qwe,-0.0067524649270316655,-0.1933002259295703,0.13606477430004063,0.005490725358659866,0.31407454710029675,-0.108271809031915,-0.36920884407955684,0.03497592013774473,0.29307949331860855,0.26877653781688177,-0.3077615085931655,0.2998208914032235,0.0641713583443173,-0.08805361158305254,0.18416818632343307,0.15069149777105062,0.17806146845922352,0.4868521415102454,-0.12732983296217498
qwe,0.00019832752533778444,0.28399296690220344,-0.17030756318242435,0.13132993160173276,-0.3350922719908922,0.10505966963269893,-0.08988700060465012,-0.17556009203347755,-0.2625722461893835,-0.26678296097953474,0.3648034960336657,-0.32998119376869334,-0.057248282124333444,0.16662678129717387,-0.41056953936935725,-0.09119229223307705,-0.12299146442230463,-0.30497960981663386,0.11277938074069489
qwe,-0.0019211375391984364,-0.3365730794791023,0.17934402331467122,-0.15431989192864523,0.2906971812669654,-0.11438023731918796,0.12559848916836483,0.16850936408269646,0.1754265041989728,0.27729850193066147,-0.14619855354354624,0.2965282498323767,0.009995187467875071,-0.1259247677056916,0.5220112969232685,-0.1833855218061943,-0.33521882541282244,0.12936406462820252,-0.14429110843774862
qwe,0.0017990888616630314,0.39177019844303784,-0.19575561102784456,0.2907056014112801,-0.3140261123087092,0.12539582263548044,-0.13304048272277674,-0.050427081754486645,-0.14282080032602393,-0.1827385093815535,-0.17260414188891185,-0.30267525997791045,-0.011916275032518464,-0.06136170783885934,-0.5073248580072656,0.2197624959289603,0.2883941776720439,-0.08449250407811891,0.11840514753097658
qwe,0.001829992409744475,0.4385733555896702,-0.20912922789407995,0.20823135805432702,-0.337836196423771,0.1367877696910705,-0.14381589711929374,-0.017984417666042782,-0.2738696064017175,-0.29417606978520605,0.3309875007199056,-0.35972744819897984,-0.06850408640640197,0.08766562110031512,-0.20597229594653574,0.09162716076915434,-0.26075238703798254,-0.1843651268358651,0.03203517856804266
qwe,0.0032905278374865485,0.4411188927880307,-0.19849644289788404,0.3191957781584924,-0.3287547543445775,0.14612108593169745,-0.14083683525448673,-0.017624374346041197,-0.08694021344917571,-0.2308315123811996,-0.1872423519823392,-0.31211285447036846,0.01243345058987969,-0.002709730019569003,-0.38735504860426817,0.23397343412948665,0.30391001705483267,-0.11506118497291415,0.10336787232347912
qwe,0.004086649861753231,0.43281676811101355,-0.20980898438672402,0.2878740680807648,-0.33404599635253546,0.11814438619052803,-0.1435737041814148,0.036941989833188166,-0.22677943929486913,-0.2156293541331715,0.37710744757207576,-0.3546535954282105,-0.039387170870376444,0.04212858516648235,-0.12810726564237238,0.20105547204252405,-0.28498001246715615,-0.1727325286742575,-0.0336185362161585
qwe,0.002749594417068394,0.47231649296685135,-0.20596258281114177,0.24290282050221576,-0.33258123996092726,0.1641703530500571,-0.1462734534542997,0.07073235459866645,-0.07949890261825378,-0.19718104372973375,-0.20618323054081084,-0.3201807685375292,0.060684740220272856,0.12069819205255124,-0.3324620586818265,0.10275874957005342,0.3928287288142774,-0.1385813293903903,0.09190012830749142
qwe,0.0019104386421384331,0.47696620042646115,-0.19223735580801907,0.27139077268457074,-0.3159869774998351,0.12497187560318404,-0.13735398256229855,0.170515354313417,-0.2586070949462212,-0.08586750597678355,0.3880566029185514,-0.31851195681578437,-0.10459166431791402,-0.005318047692438047,-0.13956061321466554,0.2785348401452986,0.1669545503477312,-0.18266576075612323,-0.05414771714618964
qwe,0.0053242074809290215,0.4639281613280785,-0.2011296839682999,0.18057704168649674,-0.35275718397141326,0.10860839382984508,-0.147468910964711,0.08029271796591632,-0.1911230147314357,-0.2947630549944683,0.342772914070593,-0.3451271308729244,0.0003897074150626418,0.17276673181359065,-0.1577923121174931,0.1524548821911154,-0.25949452635016707,-0.20460613510288295,0.008501560634797229
qwe,0.046685320823321774,0.451354770707542,-0.19714306597448153,0.16680602017217908,-0.356835215573459,0.13123748782563938,-0.15018406673352216,0.09748209413230441,-0.03507791681805434,-0.2730599440621735,-0.30362592533424865,-0.32067537438876853,0.11712014531706742,0.23220224330428124,-0.3416859003017522,0.07347595002381214,0.1911450664747457,-0.18926140643551428,0.14150506832526577
qwe,-0.000612414902166612,-0.47757598388165634,0.21793251949988302,-0.2821063400382351,0.3771074832249833,-0.08456466375209613,0.15712584522651324,-0.13677414867781978,0.08857955291298455,0.08824970346607837,0.3205919221412621,0.32858729023847905,-0.03882351515658109,-0.006358471774372839,0.1972617283287674,-0.24465382814013908,-0.2857053702829802,0.2026593802208362,0.05185340341503977
qwe,0.010150882547997786,0.4072840643128021,-0.21255887181151964,0.3232805743741676,-0.36751572224780704,-0.03280455585938571,-0.14250013112756413,0.12657577022246266,-0.17290124006982915,0.15990869461352328,-0.1744177134013127,-0.3466017989457883,-0.033205120351065036,0.03436868381853122,-0.029370739202592706,0.3501946665424367,-0.3365508693865614,-0.20894869187801332,-0.15240629667253094
qwe,-0.007064949474770823,-0.3336456582207433,0.2108168706067851,-0.29129817405954683,0.35336202888194024,0.11963906843692362,0.13114174666542186,-0.10855545333855827,0.2369599548695363,-0.2223314570181232,-0.4029804619431071,0.26882462122275513,0.07708830608310042,-0.10097189472556177,-0.013719740910367479,-0.30669969996524826,0.30028322631454035,0.12584525192246912,0.18596339281322463
qwe,-0.0031434342260194107,-0.3058420178938821,0.22191771137869315,-0.24390916999089948,0.3360197711770964,0.2068384068038475,0.12713200389794932,-0.10314033400822475,0.3853134837508826,-0.31771480822804166,-0.2490873911141159,-0.37008835045133864,0.11190874582834083,-0.11086147892456032,-0.011314209007439662,-0.16608858962859877,0.2582911586215563,-0.01247346007376042,0.21774606048255032
qwe,0.002135980445142811,0.36301290111663753,-0.23144589716532127,0.1351857584594102,-0.3394447976061198,-0.16370170943959392,-0.051752543171002335,0.10111791086361883,-0.49699146625834245,0.3125634779780008,-0.261834826910416,0.33517680449362536,-0.07488625391488159,0.11139466869906173,-0.04245086847075429,0.09026519848036367,-0.24828081101838398,-0.05791151264684996,-0.15130743868000568
qwe,0.0014721789006652468,0.3040091001606396,-0.1678004785843864,-0.02323971916375572,-0.2544160318399958,0.24451686108598628,0.440381476865156,0.1127816146330169,-0.25281294548190586,0.25208417490239055,-0.19176389039573605,-0.29082123695343276,-0.01416261896739718,0.1570094879026182,-0.3452896620531921,-0.2815359555869551,-0.21092789446036372,-0.16183609829728737,0.06983645086524368
qwe,-0.0009868073574816132,-0.04538114338031884,-0.06765908355952333,-0.03140885489832596,0.17771947450262185,0.0893564693217925,-0.1570445589494482,0.257355737136857,0.2223107466541733,0.2390780958898951,-0.26026649904374316,0.2626203761036697,0.39611265417496017,0.36899436757514537,0.14266952894587717,-0.19910517833329425,-0.26084415487973583,0.31221429831288816,-0.3163021065300057
qwe,-0.0031629737712752072,-0.04307970856499033,0.12937118124786437,0.07196777773505744,0.14980326094771046,-0.09234951824678064,0.13316119691327183,-0.24438591100996931,-0.3041121488846581,-0.27573549517315604,0.2726376679744038,-0.20103389842429165,-0.31051703900867517,-0.3434213864593499,-0.24457593367018707,0.24685743182770123,0.27515658996033054,-0.3071434286771193,0.2817420169309045
qwe,0.017403854289672706,0.016817862835028567,-0.08952316648654,-0.07499450342929889,0.285791179766256,0.08294117637681198,-0.13862665902551916,0.24603362846270155,0.3252344477579609,0.2783972943845907,-0.1970239861766624,0.2176506712638315,0.3208298135106617,0.34480966943873076,0.26554326212858753,-0.2539557723878779,-0.0936492846006898,0.3025140046880531,-0.301965130179334
qwe,0.0012897340302280651,-0.07395261379383919,-0.01920127538896388,-0.06729947834406431,0.22253394814050356,0.050340239439833324,-0.12079244414691777,0.33157593093650756,0.3111960788820305,0.23619277105298606,0.27143553966504846,0.2048038496550377,0.27911160498850984,0.4154682325641469,0.24779034505048506,-0.2213389547071052,0.22372079049441995,0.25705291235530964,-0.26030170584099543
qwe,0.002310407867156061,-0.1701463976477826,-0.0061630440614847525,-0.21947546641833612,0.3103625512973079,0.16300028446244885,-0.17031412687779185,-0.028617968645477537,0.22734877707593176,-0.388072585473529,-0.23191944730889993,0.34041248523667667,0.44481706944694827,-0.174494669834998,0.0800404807085631,0.18980472550592645,-0.23729267696975448,0.16815731755341368,-0.2069785746199544
qwe,0.14378626084175222,-0.17206684294294272,0.001735179309232483,-0.24681628888432552,0.2578353763447966,0.13141844236066771,-0.14281655653957792,-0.015090586492164477,0.13904653500255454,-0.3653079876998186,-0.15743939137436766,0.2401869048819339,0.4232060706411222,-0.1240190241394606,0.026890550565027867,0.16269259293748153,-0.17535896611654064,0.3292323195577906,0.4571826615435392
qwe,8.484789297361944e-05,-0.09104194465265891,-0.08913918010983715,0.01445151416617636,0.027092492068294883,0.4823935138109564,0.0751711043213217,0.0868517575751065,-0.036057910332577166,-0.06815443590834479,-0.6632327921765508,-0.24643887539750609,0.320188914542427,-0.28933096365896543,0.13086248052448188,0.09805234926409477,-0.04206677538863334,-0.06083747800132228,-0.10921002151034609
