Username,Adjective,LogNumber,1,2,3,4,5,6,7,8,9,10,11,12,13,14,15,16,17,18
grims2,-0.0003532277380559103,1.0,-0.06200326696051984,-0.19566957016188527,-0.061906949543708865,-0.06522909428276616,-0.058411204192266024,0.035543608286709216,0.06926720262942257,-0.19801530848055948,-0.01662543543283006,-0.05390023951771276,0.004639394166450952,-0.16201620493610203,0.04297978367669586,-0.4838377805392743,0.06399637085455606,0.549444723877888,0.20397396090053663,0.5367582252628209
grims2,-0.0003532277380559103,1.0,-0.06200326696051984,-0.19566957016188527,-0.061906949543708865,-0.06522909428276616,-0.058411204192266024,0.035543608286709216,0.06926720262942257,-0.19801530848055948,-0.01662543543283006,-0.05390023951771276,0.004639394166450952,-0.16201620493610203,0.04297978367669586,-0.4838377805392743,0.06399637085455606,0.549444723877888,0.20397396090053663,0.5367582252628209
grims2,0.004816426449602969,2.0,-0.31606018897126653,0.20801655216893344,0.23006302215416313,0.01340927451108706,0.21734432058076836,-0.20645435812478283,-0.2996406412929489,0.13539432794129627,0.20274642193346074,0.25936466473407316,0.23527826807847968,0.06378868172881856,-0.31829629497200473,0.30822347588557913,-0.2860540331426105,-0.20276275835894875,0.25826875769680213,0.2280143296642657
grims2,-0.0005018344249439662,2.0,0.20573039085238118,-0.09790238582696165,-0.24447298465470205,0.10811531360493513,-0.07791722803091565,-0.10235577011611668,0.11702738972741256,-0.14295714437705492,-0.24459467817588576,-0.026102531661667695,0.13499606045873042,-0.39845288525951217,0.22794756560682417,0.056605266806055446,0.10582020168245836,0.09464509087136526,-0.3579793970453061,-0.6204744732177431
grims2,-0.0028011903307708684,2.0,-0.27272748407566433,0.23898426895487446,0.191915235901061,-0.040688579147129846,0.2995378843042176,-0.3031814191290578,-0.3456687348226373,0.21952612691290127,0.12406725263401533,-0.037135668409697856,0.22571611835314223,0.049340135642067906,-0.29056965708312793,0.2600076588230078,-0.35495240282524526,-0.27180645971332484,0.2321511384636117,0.06889073542074431
grims2,2.1281483975492842e-05,3.0,-0.26071030307259063,0.2502988010901508,0.282358852662031,0.0005984838715267706,0.3290729156084901,-0.270235830351199,-0.3240883113024607,0.21683203203268464,0.28137217127098463,0.12577190363079002,0.2324712676238765,0.09902549286282905,-0.33918270719210986,0.19834887225050754,-0.20154400966635333,-0.19284958369260735,0.25493500544587616,0.016131242740126263
grims2,-2.0588551268644008e-05,4.0,-0.20645934688745912,0.2622994405918343,0.27344589323224594,-0.053417570860586405,0.2509263164778333,-0.29881187694590355,-0.31012709432451496,0.28129360120986674,0.19452932737253703,0.2002419577510767,0.15822676381057868,0.19732396988581466,-0.2928586095618284,0.19993569056230878,-0.281956578511968,-0.2554618541542587,0.264932352922268,0.02809203305788799
grims2,2.7862066740523283e-05,5.0,-0.26170325188539806,0.22468632367523544,0.2430722135347704,0.09105756615250382,0.3178755743265292,-0.3031463499956557,-0.34238961773322885,0.2109918783727393,0.2339183704788202,0.1244089124319662,0.2657426635031169,0.09989433657929978,-0.2944829399572079,0.1925319496452261,-0.2802770972637206,-0.17827496877669374,0.26846749429316624,0.04434953436530568
grims2,-2.3752396482973337e-05,6.0,-0.2588748084793758,0.27675217395224394,0.27279227073249723,0.10766684942946704,0.35243187353722977,-0.2670973992821461,-0.3354549837255717,0.2270752107067645,0.2860137107780773,0.04865088218408035,0.2558961504596484,0.0928209074583341,-0.32919890743239966,0.2017327945241692,-0.20949983580303574,-0.12738888595179534,0.20656371593313708,0.024855978742947538
grims2,-9.508911378205066e-05,7.0,-0.35673879964305505,0.16152290938195635,0.2758477309503174,-0.015008420144789085,0.27274942351248754,-0.10918536122432314,-0.2811898066285856,0.08993111281028572,0.29128406385241484,0.031185538954751218,0.3991665234088007,0.21368950775809264,-0.3296474841541522,0.1986147393716934,-0.12648278034193744,0.026904402774106193,0.3086368310029207,-0.21436365432290366
grims2,0.003349678486019538,8.0,-0.24222028292666126,0.27875483925037225,0.3041016856584868,-0.00022678096692270528,0.20655557982065575,-0.1919773810359821,-0.23858410751860726,0.19009751892385646,0.20081133425028125,0.32386650524588934,0.17330238757987063,0.12179180232412089,-0.28465358336485996,0.31709751714635515,0.10528514966975319,0.0851227543737891,0.1283221678136643,-0.4383031296846342
grims2,-0.0002629593600082845,8.0,0.26061894007736897,0.03823095675549937,-0.15306312603680594,0.07413556440169698,-0.23798646249962221,0.19658789744640115,0.06261112439171082,0.001991356237179723,-0.251033551439139,-0.019168544120628336,-0.09801276482143545,-0.1381002182748357,0.2832529012592196,-0.08283734945727937,0.24210463584433167,0.3514869999377802,-0.4004683461957629,-0.5298989897639761
grims2,0.001910947692429226,8.0,0.21831633129246,-0.30291391653445643,-0.23242171670823594,-0.16037251577594958,-0.34990196716461325,0.24960859840542568,0.32498005637269856,-0.2561165413746934,-0.2953090491357337,-0.02072952219350918,-0.23492782248943772,-0.10445684519586719,0.34447063311932397,-0.23800593571704684,0.15016830077457516,0.1966342269260822,-0.1857337842965071,0.01181104712457536
grims2,8.001379722826438e-06,9.0,-0.23556003193610184,0.30857876085117175,0.19899297088217927,0.10565524109065481,0.28143096407091,-0.2811136114582424,-0.339269756643272,0.30718531087615875,0.16047869206986326,0.10400380293474379,0.20785382654834295,0.16247391711245368,-0.30076811962738825,0.28452760514639786,-0.27476716443478494,-0.20686236857733198,0.18622182437310253,0.0166776401566391
grims2,0.0028613819306659996,10.0,-0.34174709315319984,0.15170782729315402,0.31822160880684874,-0.036278154129882896,0.2519763292009376,-0.3086878950422266,-0.28976390500893323,0.1523290225686575,0.2448874570688193,0.3494807848459979,0.18674899182809493,0.21305716795259116,-0.2640293769859335,0.13574979438360038,-0.13820047986570147,-0.1060950678625223,0.3326328948620802,-0.012251454311706158
grims2,-0.001494561469834728,10.0,-0.025500245614933907,0.38403058436446197,0.037280083215017475,0.30446049925973967,0.0713959717737707,0.051032118192173716,-0.28031539626918994,0.3895167333156197,-0.3056261056381784,0.09307917244642833,0.08971593511104187,0.10123406031078695,-0.10036749803258074,0.3340134992680512,-0.44354335938311623,-0.26476279952317483,-0.07713194001423557,-0.0706838438487135
grims2,-0.0021027394179027005,10.0,0.1121475164659459,0.0541827165592067,-0.5257907401347514,0.014262764022394537,-0.2945835835075214,0.09590855849454658,-0.005274337956417181,0.03067276720878078,-0.4775705989407758,-0.04860648186460816,-0.257550482831276,-0.039237019639680806,0.21642542690468708,-0.06288919525782095,-0.44575629537306005,-0.007190733900631309,-0.24467838862331823,0.05621644542467253
pedro,-0.001114084646361695,1.0,0.015716815761760403,-0.08439527262980034,0.07233006441254797,0.2404063952913488,0.1567567396873696,-0.26718964421239505,0.23587102576596133,-0.22470900299318233,-0.1199357291963219,0.2472553596253635,0.035124716970437175,-0.22922243927362554,-0.4811153785701743,-0.23432099654479027,0.28156134343215544,0.1656399362805049,0.3542918218367587,0.2821354521430809
pedro,0.0007334311776520711,1.0,0.008082391646696652,-0.3037613424811033,-0.4219677236975296,0.3306677791479966,-0.12317336687810138,0.10174603143853267,0.23783969287213552,-0.2552953148620776,-0.1510439198901167,-0.2419735361105507,-0.08364991587531144,-0.23203036015619832,0.08731574257320698,0.24969707107636155,-0.36120120290684005,0.016148366524486184,-0.29295985529378127,0.21040996914850427
pedro,-1.2310618327044925e-05,3.0,-0.25324518688359965,0.034977577525256764,0.10597095627922788,-0.1504200078554758,0.11822126365331753,0.06522647248622271,-0.2743660690977009,0.19775636830408114,-0.10984354444972022,0.1698850747476198,0.11470137812881849,0.3666682741087171,0.4181158364481602,-0.4575544009076791,-0.09115961664674209,-0.3536887751006448,0.12272446931468171,0.21679429336257897
pedro,-0.001675897841302818,4.0,-0.11743012552044511,-0.18125904858273745,-0.33352639458269856,0.20911767454627783,-0.005725849571913958,0.006843420408412379,0.03503051427093303,-0.2069418167058097,0.04209350177516989,-0.3152219000324091,-0.08025808552028559,-0.2065545177652322,0.23844169480952676,0.0490470892154213,-0.4244492629111043,-0.3684129362505629,-0.42099527921050256,0.22721884717558
pedro,0.0007823134651539082,4.0,0.04308274323942652,-0.18326598358059817,-0.19362595564472243,0.21022910297736835,-0.23089159395664077,-0.14403247307551656,0.18780661330017412,-0.342371211863005,-0.6099105357365565,-0.15169652528746044,-0.17416967221659116,-0.3382258518945706,-0.01976472514427667,0.0315422490131878,0.05683397859278099,0.2515663589990101,0.09517175636736348,-0.1990755227171655
pedro,0.00041180177710088505,4.0,-0.4495426866731998,-0.323613990072558,-0.10920762500298589,0.2637013837556939,0.4229824984502982,0.26771546806746044,-0.2938044488790213,0.11306252464365298,0.08924958762541557,0.17784861446838732,0.012601794226247185,0.10892355217736607,0.11359182570823644,-0.09925831560945254,-0.2589380508013327,-0.08836077328117037,-0.2822112224776547,0.18209031840036025
xxx,0.0006626324149687012,1.0,-0.035028812732140834,0.3051462020345083,0.13816532128695846,0.06668712372509594,-0.12135175262336276,-0.18356819953330425,-0.060141376975514034,0.12609853457367712,-0.2030734167225095,-0.11200618172911538,-0.059818687680702774,0.17263954588649758,-0.11271491820897396,0.0669871304374504,0.7515464915860685,-0.2397309478327048,-0.28879013469007453,0.06425713641691275
xxx,0.0002886774795336497,1.0,-0.22225294692738662,-0.20113862289328177,-0.02170701457507591,0.10799211182080312,0.1008115895539904,0.12819957069649793,-0.8372871495426029,-0.12299523817768825,0.21126679971026843,0.01668484454162047,0.12234304504694461,0.024393283078328557,-0.04042663583664074,0.061840702727130534,-0.015679637724904258,-0.22840271280401925,0.15629887658308136,-0.11162980445819203
xxx,0.0001600382429042668,1.0,-0.3211699551241696,0.18797724350938727,-0.26083216536237186,0.026963761396599152,0.30336174044789604,-0.06702834353634306,-0.04328147481390091,0.15206431000740464,-0.06173046080678803,-0.08218055485643605,0.13405279313539628,0.0711087100329086,-0.2102390684343247,-0.1034296414493149,-0.25053728398710645,-0.15072542768099445,0.33196057111564575,0.6221430800788157
xxx,2.8204142180736205e-06,2.0,-0.3924878626010887,0.3078417543027948,-0.2780003446655351,0.0285707674307828,0.3656049601224688,-0.08088774378397696,-0.03678324666266848,0.26698196939153734,-0.16034280550449068,-0.10378050505028052,0.24127945885943364,0.1916915614589733,-0.17182597058651145,-0.22937451464609127,-0.24961889528241765,-0.19120598015823662,0.3826131334362825,0.037462730867560405
xxx,0.0044966984532649225,3.0,-0.4309872810973309,0.1741424076111583,-0.3109050850249234,0.0212418943789947,0.34602732368955924,-0.2972472278377894,-0.0837603625762574,0.12938295920919296,-0.10815200813851321,-0.0938601968360406,0.10826054718821336,0.10130117860196465,-0.31109506716140856,-0.006313293683594822,-0.27605485946142266,-0.31210042922066855,0.36940499709244623,-0.07471774733369813
xxx,-0.0045476566459813714,3.0,0.18933740849265498,-0.20694166761042354,0.1617846641993787,0.11761250454780256,-0.23776802856894788,0.07510490771255317,0.12532098811502893,-0.3499044392339181,0.04047950462774214,0.3535400291102896,0.37557662131634395,-0.3633654952342436,-0.12477955517518051,0.33595484750018656,0.08826055864632962,0.33221057068627896,-0.17730247166395802,-0.057093668182564214
xxx,0.000985241204172295,3.0,0.3085281772818457,-0.3698196651561838,0.11209349671488703,-0.34908493190385764,-0.26838418501983696,0.15963417142638497,0.3536942038369396,-0.35924462375704214,0.2989071633909681,0.2186024261032567,0.05268721843256707,-0.15638085628581266,0.003046271505779849,0.16764162575365266,0.12096784805689434,-0.10605904952831023,-0.168816443782301,-0.18732845965386902
xxx,0.004515324022938559,4.0,-0.39333860251182257,0.26796988337907834,-0.14158262490992352,0.04391757526190707,0.37973765919828956,-0.1412309171082361,0.20984664712092416,0.24821836632180933,-0.0861548398906043,-0.16240704892181898,0.17409871777505032,0.10590719780382833,-0.3321037703813111,0.05048106425680574,-0.32044336411340657,-0.185077618214631,0.3799020237867683,-0.11080514241388241
xxx,0.004980496226449607,4.0,0.3360432043200747,0.2596425620532201,0.4978625260725277,0.05196218612876222,-0.1827167709729285,-0.08965997564564253,-0.036560015206457956,0.24764419923240116,0.15233984694986957,-0.07243240976317077,0.20866816055204437,0.11215605891026117,0.043405987793203156,0.19502759102550457,-0.02905713994356686,0.5547352540926369,-0.15949523098771204,-0.08059511400640629
xxx,0.0011965342238611368,4.0,0.23030869863541786,-0.36765645897805976,0.06720475040312154,-0.3068851569619717,-0.1966090491220298,-0.04021695958585296,-0.152907202714313,-0.442972453837949,0.22141599712707258,0.3681485809930876,-0.3056474844969277,-0.25221608080086927,0.07212527979892412,0.26146462498089657,0.0636190826025295,-0.13254728831692772,-0.06333339659132378,-0.11148573776788624
xxx,0.002783632684019671,5.0,-0.3897877374595873,0.2895617599636615,-0.09717417724901463,0.03923408132823011,0.314058206128863,-0.0160301434020567,0.17480004950844769,0.34212009551909384,-0.11919780854595105,-0.15005472169301845,0.18789800412335667,0.11872595197837554,-0.2931802688360137,0.07665957280321037,-0.29574949896101577,0.4203243643217401,0.23493108299060697,-0.0972433733937526
xxx,0.00044940720177918036,5.0,0.25801118041119325,-0.3420020791985108,0.2238901760853425,-0.02126382150556977,-0.22733203939420432,-0.06507453823673602,-0.09315688395136833,-0.36315230906650775,0.22999925110283262,0.14709923088722301,-0.29589770422954526,-0.23782283153992073,0.14016624445264048,0.43931465180120405,0.041959688349037114,0.3291259859573854,-0.1606781722219876,-0.04705907989388184
xxx,0.0001509258485371182,6.0,-0.2917983358117415,0.22991678610686428,-0.09260644331929484,0.01708574809922788,0.2252004976981601,-0.06784964261035994,0.1102812410623773,0.16669381288538876,-0.11743564396026561,0.7360062794941891,0.10471604909745284,0.11041635513086209,-0.19283720751205502,0.02292127648773064,-0.21302458906997437,0.24120251452728458,0.18338497342859392,-0.06559849156685621
xxx,6.635066553655115e-05,6.0,0.26399818263579794,-0.3464914637622395,0.15893291518938144,-0.2602432970973352,-0.13369540696161297,-0.059096581295779306,0.048703179783190734,-0.1991028910682671,0.2776630989866212,0.08398257325196616,-0.04983338730451982,-0.024397454175745348,-0.005455321052145942,-0.6867120526791111,0.19914832520537296,-0.17344890125513182,-0.15274256489539087,-0.044441062459585935
xxx,9.45707091467389e-05,6.0,0.16821072221477762,-0.02191252168129787,-0.36199503017806817,0.04113402606975607,-0.34324464878032745,0.09645333092157668,0.18046610445201652,0.016603948487289143,-0.36844720964662303,-0.03598481002309865,-0.18400522638347624,-0.123508438351501,0.47545943624275905,-0.060587854872419904,0.3229320681766211,-0.11043468778319732,-0.3798909884805829,-0.04286684239184152
slasto,0.0011155324124874453,2.0,0.14131999808935156,-0.03304620906684563,-0.2551930436837451,0.023446086819527374,0.07457046465979414,0.23900220091161103,0.32610147000636147,0.27688377983562745,-0.4200479240517197,-0.1511504999159865,-0.006301199843223906,-0.4754020894624401,-0.18367852784142202,-0.09351475399968678,-0.3049453129358767,0.1064892320163764,0.3071833484254103,0.03262193243631799
slasto,-3.613364041805389e-05,2.0,0.26225043690077915,-0.2038852282423287,-0.30244887816247806,0.012422011450520673,0.1224321553210976,-0.09870374819138977,-0.21922383241036436,-0.11068287858469528,0.08125300742214872,0.13684535599605271,0.11045790032785466,0.2050049867183281,0.5231659563590485,-0.31077749486983447,-0.33529146416087535,-0.1889847986725891,0.3121117529784231,0.13263751461859855
slasto,0.0006587254697855193,2.0,0.4007988954205057,0.06135395873651539,0.28899338526715135,-0.008408564681601095,-0.18310563420006548,-0.024175211583505538,0.36331009520485846,0.18948157567901047,0.04380240351435138,-0.04700115460119298,-0.11003830036989545,-0.2349954564205751,0.5170807132109984,-0.12250880542229137,0.24687996697470502,-0.19630979133319273,-0.04662552568076764,0.3074041884747309
slasto,-0.002001773091456075,3.0,-0.012207453923122731,0.02422940790613312,0.2674461889734845,-0.004877506986825046,-0.24540937550255332,0.27811917924908397,-0.19986038193574143,0.019882764937097747,0.20339203328681268,-0.5512913301836792,0.02871892607108922,0.2660563437433972,0.14096355676565556,-0.11289143646249136,0.2966219175964,-0.37861385963476546,0.0630424715747238,0.254898702112528
slasto,0.001886132402660153,3.0,-0.47440628809759094,0.22356722924289985,0.3026022146954594,-0.024130366162335444,0.005219678914164499,0.1771303776461333,-0.40391549019683926,0.3300865440126812,0.2386544939343527,-0.08520723649164556,-0.015028884376573043,0.140053897618561,-0.09808746358107567,0.03714767206755117,0.08763428560647606,-0.04546988459434764,0.2947469426365987,0.3709681745468267
slasto,0.00149347048043964,3.0,0.2678622940559399,-0.14914820697662567,-0.16862226543231593,-0.7004150525638966,0.11345691723871197,0.14368671326680055,0.12121076755319599,0.010586310593045154,-0.08240046940801403,-0.027178181724218313,-0.04103604611392762,-0.191791245580717,0.00125729075374,-0.13797657496466176,0.0083326104539365,0.23511925132290798,0.39073025495300906,0.2561471314747682
slasto,3.1491210220960906e-05,3.0,0.058545985746182486,-0.5207580378083189,0.24389000995325796,-0.01137322077692122,-0.29826437075390205,0.25936627239185994,-0.06243626547571708,-0.23257966215708661,0.1546964380760571,0.08709596767816125,-0.03366512831080196,0.1305083496567044,-0.14304347706929862,-0.46103889772021533,0.3145595041614253,-0.2102882649296666,-0.12233046394890407,0.10350515050876914
slasto,0.0015256351634103545,4.0,-0.14256953252292204,0.0510415189929444,-0.32252443472480447,-0.020074809702495824,0.31064971937092095,-0.3731049205510985,0.03136499939676185,0.03378175911100993,-0.3767544550143809,-0.10389816391743802,-0.022632974245221843,-0.2483445248967209,-0.29169002554897244,0.051833141191810136,-0.3824742330967958,0.4003602125312497,0.006510899401031166,-0.15967217642684106
slasto,0.0002514999488606299,4.0,-0.3338810821911276,0.24513788277063475,0.15086005525666152,-0.06394352389049573,0.18547713055437656,-0.07167776721332747,-0.4374600459409687,0.4307299219653812,0.15958921857291186,0.19301799670110265,-0.036474380893971134,0.07367986873071426,0.1442451215816031,0.23416726155941026,-0.25541782401902174,0.2562982321695214,0.19108469949129708,-0.2694051658095164
slasto,0.0034296922811800135,4.0,0.16235904737067886,-0.14197832773677943,-0.006715862745488771,0.10948966138889618,-0.27133147032248384,0.26928642684386117,-0.058489170583326984,-0.24520537058721628,-0.06647911292545686,0.5733796007917161,0.3417659479483777,0.2350371069077087,0.20119038428970618,0.01243185890051159,0.14557643673517118,-0.029637462174059277,-0.4021986113928547,-0.04548884816188797
slasto,-0.00040766617380355726,4.0,-0.2238462370365642,-0.03824085637547159,-0.16841517827839128,0.02666612096281803,0.546855311903879,-0.5139066032750763,-0.11067407032016838,0.08312709218577112,-0.18069335902069802,-0.0600437236638593,0.06679775793454099,-0.2722565087696158,-0.2922828913260258,-0.012965615943983315,-0.30245816383230373,-0.012542555185483415,0.12836478243733027,-0.1687960218026389
slasto,0.0009145293852971997,6.0,-0.33530486745526217,-0.06278288060710502,-0.11299332784273947,0.05973453866284017,0.0011831106744467498,0.19163737213771098,-0.22040567436323674,0.18228138540708985,-0.1097904042330431,0.6653778694387403,-0.0360779806011499,-0.1554606330606565,-0.19105748658167956,0.16188434949710673,-0.19504160464672476,-0.21023694903556356,-0.023579017494219992,-0.35071962071256113
slasto,7.059523252403588e-05,6.0,-0.33001193511147586,0.2322060705237009,0.2502873844079857,-0.028755606259253746,-0.0322878863141049,-0.18823367467523183,-0.01787371301537725,0.3865112620684497,0.22800910302066354,-0.03430754094655463,0.5462628512952359,-0.04906072419589992,-0.09697737681195105,0.0422528440653216,0.06398547991153951,0.2517043539843466,-0.18293331906736382,-0.34847955706135564
slasto,-0.002260819906578518,7.0,-0.014370901032735335,0.008138085029878228,0.4629879034536179,-0.016167015285967833,-0.23476101434106986,-0.11586900679064908,-0.09279449773275504,0.02571957868673088,0.5092096370591769,0.03758255942778406,-0.05624953750006552,0.4424620199527098,0.20653560465529025,-0.11834092418450504,0.34019814086552047,0.21679183358662688,0.012131171570664998,0.1676653777492095
slasto,0.002570247000399982,7.0,-0.45427394467302395,0.14688688497768665,0.303149669963174,0.006979911835790816,-0.04065987940101626,-0.027251499152233898,-0.41553228758913874,0.32266029443000105,0.3137833758772333,-0.08670037178626225,0.06356394231326365,0.3077695750147112,0.1378472164071273,0.09778361219917678,-0.03105978219822644,0.3088850317853079,-0.02166261147959629,-0.266066698310608
slasto,0.0010168057065136227,7.0,0.16160076317625782,-0.2046642535272667,-0.03012497530016562,-0.28579625973009076,-0.27263599462023164,0.12829579787625284,0.05425068225885099,-0.5356426927948739,0.14259163956168247,-0.029445749001477006,0.2883485900850621,0.09450342753944799,0.2447798468530921,-0.035418382917263375,0.1914429723135964,-0.09111329645514613,-0.4274445566544683,-0.25817925655744867
slasto,0.0007410165253466385,8.0,-0.2927250354476581,0.05171903996409655,-0.10843033942971929,0.03236792979822596,0.013632977165246163,0.18425037462001426,-0.20715303335079885,0.2689926844171729,-0.09146760801369311,-0.11866839008386171,0.14273975834966313,0.6403315098400724,-0.1861147384080097,0.09986321739929166,-0.39017871522742953,-0.1606160186446169,0.008855537355352324,-0.2717619656140595
slasto,0.0003048576335936468,8.0,-0.31467710225445233,0.05025261693928018,-0.2679756730156327,0.03251082179425881,0.4001653301518397,-0.12643590693869977,-0.3353876089763057,0.08233232973940248,-0.3336912836693294,0.07657782804228794,-0.052914256192084744,-0.2687991195775104,-0.27703799395667694,0.016044312499747214,-0.22946843122053595,0.10112896527327268,0.3883779067330004,0.2172755655185693
minestra,3.118683219583927e-05,1.0,-0.3561064733825603,0.32885674354565986,-0.19281980369359883,-0.14560018792082144,0.07131653256097054,-0.053328234088998006,-0.12858323145798217,0.35523052903513647,-0.1872412771130281,0.10524776876481844,0.11824852509242116,0.3114643795026331,-0.060607010680957654,0.3348362288002678,-0.3112120518516316,-0.3994617146316248,0.11818955000584935,0.11269943010617953
minestra,0.00018894650266421988,1.0,-0.043623296939813816,-0.06553113731775008,0.2367432011835846,0.05437295736005748,-0.26127072018918585,0.33803881308312755,-0.051731013888096235,-0.16946538010206333,0.333227364604077,-0.5434267139059337,0.2136471240437747,-0.10250524868825611,-0.30284485074057377,-0.10977754737651821,0.2680437738658715,0.18018659827038458,-0.17175225277306652,0.14417545104401328
minestra,3.655058116668897e-05,2.0,0.28637770383118366,-0.26488421237096516,0.19281156884261086,0.11504226429434798,-0.17420265015265277,-0.13340319126914132,0.29730372963853896,-0.3098268901536701,0.2723036387420152,-0.11031386955783175,-0.09393959746309288,-0.34496215821514264,0.028952567478668634,-0.2811734407236456,0.31556099321943304,0.2598446330294992,-0.2858793664698167,-0.1484057139372332
minestra,7.067496729989305e-05,3.0,-0.17831945653343356,0.2816813738935452,-0.21266933661669804,-0.13289636209537295,0.15372954548403603,-0.014641922057095856,-0.12340998000880843,0.3006822023368517,-0.25762596805116933,0.04046466550785439,0.038615178815397236,0.2702524399588733,0.3161398985579154,0.36407528179247806,-0.29251821260748,6.59694360021264e-05,0.3959193775230737,0.2813019116293235
minestra,0.0024043287255529973,4.0,-0.1441002123854437,0.21072480374578728,-0.057621911991576395,-0.1000119395387893,0.0008918884850962262,0.18406094212091922,-0.07122883524235586,0.3150462237497507,-0.1525032243554058,0.5198813084076278,0.22440895872693645,0.18826246716412584,0.2382546767959735,0.2766203395603738,-0.1662333183219271,-0.2149751796167342,0.1940854475767584,0.39895308415913033
minestra,0.003887153145789295,4.0,-0.21650973607080284,0.46695702689978213,0.2335884417363305,0.04491048050925786,-0.13261403215407458,0.08271484326623554,-0.06105278664088911,0.3752369821690874,0.08786138219139175,-0.07380658460261766,0.2332149045222673,0.2858239283560795,0.28795080048847727,0.32366349344439366,-0.2693304238769758,-0.23823652738095935,0.20737987372535968,0.017564129174217014
minestra,0.0012391457040703514,4.0,0.22574803120123407,-0.1111761267151129,0.14425803486767,-0.6599165209030452,-0.08385155703330043,0.11695165601346176,0.1319553856550821,-0.21418236280890776,0.15563849930017615,0.06665142725007117,-0.002395999455068909,-0.16635201247412443,-0.19439370029369057,-0.3246614502723875,0.21703568664835837,-0.18552621396829558,-0.3257642559084868,-0.09590175389685673
minestra,7.801169340374345e-05,5.0,-0.41501789922537774,0.41220116236316473,0.074221151873539,0.0006872375156564437,0.029997503187132655,0.04095983874089968,-0.388883982711126,0.16958665725912786,-0.08336613034746733,0.006084458222945908,0.13858221545163865,0.08591858271437176,0.06082356103271811,0.34103250970980303,-0.2617562205586441,-0.31439937645607813,0.3061308096372644,0.23477040927974857
minestra,-0.00014867800144568552,5.0,-0.21978233175152442,0.16706685294166101,-0.1356585917699331,0.00515195173237897,0.5282885962497796,-0.3288620725987739,-0.15435952940143968,0.21963035136128156,-0.21544097757368738,-0.0620730427070133,0.2777984415955388,0.20435257603553475,0.14917137962934485,0.1923375214400943,-0.08973281088617024,-0.039049506017586055,0.43955518707940955,0.12173694815564805
minestra,0.001421928194392085,6.0,-0.29015421860889806,0.18138150062238845,-0.05184842963143241,-0.049100880828660924,-0.00427386011793795,0.20942044990994496,-0.1058320649655744,0.38266880241211015,-0.21461484183184493,0.24081429493183526,0.1655677161722496,0.22455757614267843,0.11440149828860215,0.2367523961506172,-0.23130052349085387,0.008294749957882775,0.3034861288779303,0.5287715021521101
minestra,0.0013280105481000306,6.0,-0.25772406528449604,0.3814695257955574,0.2846026069606875,-0.026388913766463316,-0.31398293570206587,0.1471444042871179,-0.11648756153092187,0.31514351598490337,0.22479085909032373,-0.0968211535201511,0.20632339274056402,0.1752798502979687,0.09779858018293269,0.25058025558982727,-0.27250679359939817,-0.2496269478360926,0.032582625379786116,0.3606312338253904
minestra,-0.000311121965781743,6.0,0.06568416688316367,0.2284340984020149,-0.4685953544187461,-0.11699596611778114,0.384815136981382,-0.164645498471692,0.14257774549591457,0.1779404813356466,-0.4280224594140681,0.07977646998088293,-0.1742746679883898,-0.043116479144542724,0.05159643008899863,0.19551227640785765,-0.3362229208954246,-0.31439634035873115,0.09010414571837717,0.018884399484219872
minestra,-0.00037731961013772364,6.0,0.005019437199622969,-0.05944830999116971,0.3111241536333239,-0.02102213039982862,-0.48230661891085397,0.18916195370378586,0.06246300487027105,0.19640967270764131,0.42416089722851014,-0.11480512178402939,0.28910425020217967,0.17546763014112926,0.018841323867075738,-0.10438121172880267,0.05136523205301376,0.3120318270712843,-0.07495233711530278,0.40495290537389234
dan,-7.886217228138691e-06,1.0,0.2245505037260043,0.18120783174881094,-0.4104991623209093,-0.15436162894362704,-0.13577638164631048,0.041865170295097245,0.13104528940459875,0.06474071831322135,-0.368069383531396,0.010353549018163828,-0.1801129308142172,0.10277669301793114,0.2965722016153525,-0.35151690633622584,-0.3932805477186118,0.283362325845866,-0.06396653889141853,-0.2317128970885234
dan,-5.205194123233435e-05,2.0,0.11984193904478654,-0.41776728154043785,-0.23880717791699665,0.402256518720152,-0.10937276435704972,-0.0045747271394817116,-0.00614967703089086,-0.4027114077902109,-0.2982444903873399,-0.11136966222249693,0.12904319929458974,-0.09569541808151909,0.07363740831840304,-0.34082832577093913,-0.3010015423434311,0.2777049285062062,0.00981492436106587,-0.03878356226180625
dan,0.0010180843050252917,3.0,0.20569160200054493,0.22994482556914086,-0.265473066323514,-0.22691795283853622,-0.11185950080948763,0.06857439619851279,0.34082515198955105,0.3005132915890521,-0.20818745060722088,-0.1656536018869503,-0.20875100557685575,-0.18739270022865134,0.13089277111093356,-0.21816516319510917,-0.2246719755953975,0.4172271557263988,-0.2760280303396677,-0.21026425037687277
dan,0.0027265628045395965,3.0,-0.2325948089146605,0.23165451292080264,-0.24438433712626673,-0.2010232205301053,-0.11739544199470398,0.05562615129462048,-0.16611927800971604,0.32296969682502374,-0.19833479075412477,0.6275527806564117,-0.10779774467583433,0.14613666514411353,-0.10242262890779039,-0.3012862862840114,-0.16846052658616764,0.1888613251441578,0.08511769956374027,-0.06803639059288862
dan,-0.00028553198071946457,3.0,0.2695344124163907,-0.05126510748653457,-0.21035346144737233,0.05948629757697312,-0.06545883650671847,0.06706742674758134,0.41668102430513404,-0.3050353143669163,-0.3150134293584568,-0.056937989043090824,-0.07034759845937794,0.10955964430195328,0.3051742352523758,-0.3502549307073412,-0.21693926800826865,0.26788390027340164,-0.35669101541081305,-0.14210255630718557
dan,-0.0009963301822043895,3.0,0.41144625322972683,0.1901363763946277,-0.09841248493220368,-0.18596448578930608,-0.008354124691007879,0.04260887587749017,0.48342958657791196,0.13682629507296593,0.0009456159838101944,-0.07786225580896923,-0.05019174955147416,0.1921347851119866,0.40116134124693403,-0.033266471914118544,-0.06573100003176972,-0.07615828875593134,-0.5148811601200627,-0.1149898836384616
dan,0.0009965665296113306,4.0,0.34884757158296253,0.3127267974328656,-0.18220829131377195,-0.2678638124211114,-0.048221164550730944,-0.10121333356947657,0.38835109668434925,0.28736684914339183,-0.10202223725096615,0.00833182696621056,-0.1191623206978926,0.14224377107221794,0.4383517440642311,-0.013285976410379166,-0.09517914952295793,-0.10238186849742638,-0.40107154576435405,-0.10932320120205877
dan,-0.0004444381356578353,4.0,0.4607360052590586,0.11552091290366362,-0.1353865894086154,-0.11789718600635997,-0.036366971514370294,0.04394561128312683,0.5003225355589856,-0.039928097426044716,-0.19676708397293038,-0.08591614451814421,-0.0998402698766622,-0.00625274385648937,0.30682399691986806,-0.24474403900556047,-0.17354149612462277,0.2049275350195571,-0.4160026912447324,-0.17793389591864872
dan,0.0005384321926566665,5.0,0.2561467581098565,0.43429190309250987,-0.14314767076159893,-0.4399568647965928,-0.06903894073562031,0.041251675314288604,0.3041984414207172,0.4625418028816198,-0.09716256927735974,0.247466116425605,-0.14953391293377374,0.15598084528015346,0.23827327349373328,-0.04929312783331813,-0.08922436922104189,0.09802868916427131,-0.13220575952035568,-0.08457538931394479
dan,0.0007650296140301023,5.0,0.23634485574548902,-0.08116039426988486,-0.291524191902327,0.08828069142358437,-0.09877063484947755,0.06335593120703113,0.20573140598949832,-0.26106992847772964,-0.584230121026235,-0.10619186315859964,-0.1442916816017527,0.23429308285090475,0.18916429837920157,-0.31120037430856234,-0.2950504221801654,0.1531392576477468,-0.10704540369344419,-0.193940563310947
dan,-8.317154075173521e-05,5.0,0.033952694171364914,0.022047592130398447,-0.013819771531571063,-0.023862354106588466,-0.0012498326798857141,0.005036317025859557,0.024751018408923388,0.02247859564638324,-0.0059839732673057375,-0.012450877672958008,-0.004553205238058592,0.020422482631505937,0.015184676115331261,-0.020552523341015257,-0.0128107641122744,0.02565904607434857,-0.06275082540639117,0.995195509778754
dan,0.00044879802041140486,5.0,0.3790131421894606,0.22801130150876425,-0.2417147210185718,-0.2121493557921707,-0.06106860867343663,0.052804227234172434,0.29212325689518664,0.13791650990216972,-0.15588552108603893,-0.11024423905878032,-0.1397664348267931,0.2698608665206871,0.3203686680051435,-0.16545026664662874,-0.23746886798243516,0.41549031925824537,-0.2712867211206824,-0.169139726880633
dan,-0.0045130123982388085,5.0,-0.07908298995942595,0.19461160087738927,-0.4210280274140146,-0.19310547585958135,-0.18764984402953624,0.09426562371981287,-0.08055977257963733,0.15236127387966575,-0.3242104468722937,-0.18340016136128265,0.1116524307193234,-0.2955193177611373,0.03222796308196257,-0.3148194723166693,-0.3371125453345192,0.36778181616267763,0.17063805417305897,-0.2253752182473329
dan,0.0019494409356512526,5.0,-0.010330600529853939,-0.08843094385585104,-0.2907277044513721,0.1416310017620492,-0.12494273264194206,-0.16138026349792942,-0.019744111278681087,0.05702465596912047,-0.19291131439558729,-0.17827462180393644,0.6023525627497512,-0.39212323512136443,0.02782497653573339,-0.22150190258782432,-0.24782535619505336,0.30932275271702697,0.1279576662860084,-0.1824858198157828
dan,0.001382608556621282,5.0,-0.037573547068584456,-0.03060579675032138,-0.22174792741599986,0.08350604823005929,-0.09117867819249932,-0.714221952451298,-0.06875907673075728,0.04626233432077837,-0.1694387173065395,-0.10216498998225222,0.32610388426082343,-0.3192094312425123,0.018590789619239757,-0.18281030095845463,-0.2013307253851766,0.27299964654128256,0.09956350014900288,-0.10042408502994106
pabluccio,3.369322066701535e-05,1.0,-0.33969496969801316,0.3076445081040299,0.3588070671144262,-0.05256288919457953,-0.12433497300967795,-0.1848766349229262,-0.06022600954712676,0.21740498627009905,0.21029257680236424,0.0030564999354117084,-0.03812597081268659,-0.04303475244296687,-0.3316513955603521,0.29109759641804184,0.2802210298893021,0.19496870500652638,-0.2822900092770093,-0.3455915800930695
pabluccio,0.00011565469139996143,2.0,-0.13239688243291223,0.21906895507441593,0.05614446367451201,-0.0939839066183517,0.184163886986259,-0.299033815742627,-0.4101192260412781,0.4026844180598767,-0.10688911248593515,0.021574455845842583,0.060153366911181054,0.2601587168908756,0.38012873476169634,0.13463390702159395,-0.3142910570578539,-0.057859298003214765,0.33962709007527553,0.0742671288065763
pabluccio,0.0008639414330057387,2.0,0.312908705662727,-0.0898112571068781,-0.3708799458298606,0.057431332378018736,0.0996150712808455,0.37460724429367565,-0.09242269823447234,-0.14121327467120667,-0.16042037198112805,-0.12338714388653353,-0.03369888667237664,-0.27150493529126335,0.11612243148206886,-0.2710915642312133,-0.4013872946913929,-0.0839807013793312,0.3914718033396998,0.22413281630758475
pabluccio,-2.3565986217609245e-05,2.0,0.20439989936510963,-0.2796387283502707,-0.1741909448745368,-0.2844421062238237,0.013213368276609296,0.1903208774558583,0.22527701499853922,-0.4390409333125056,0.11083488315774714,-0.0147438018582627,-0.49029817577307,-0.16704106688848533,-0.25138221826740065,-0.3514659062073931,0.0753798189840997,-0.02486749051150114,0.030939660611521987,0.11871780269881273
pabluccio,0.0029696652570426157,2.0,0.07046157088296594,-0.3502859470228792,-0.1759309486098476,-0.2347832527894739,0.05033753840034368,0.2064189651202481,-0.4665163481685046,-0.12864493795793283,0.1048224680966484,0.3169319394097335,0.1677142520499724,0.10985717893195839,-0.08027775226890736,-0.2707757334614366,-0.177119057313415,-0.04566783183728902,0.4785546114231741,0.11430157851291115
pabluccio,0.000521528443427122,2.0,0.24090431821819855,-0.2812750785163982,-0.31166053438418145,0.14512518739409555,0.10315125669939515,0.10989517696393988,0.14684225717080088,0.10612990450920583,-0.46735589989396426,-0.07893888673992659,0.0686709670691385,0.10474535973838166,0.07963595578903238,-0.3526000819088042,-0.3257364440555962,-0.07253839442664181,0.40929539618745986,0.19802737901799733
pabluccio,-0.00023561747127138263,3.0,0.2386585930626782,0.01823263818044707,-0.18141085467211154,0.025754468169790497,-0.2972894986885702,0.34823394272043323,0.3523775299890198,0.10165663047598368,-0.21992090746754797,-0.10754003871521324,0.067809053768417,0.21787770555183328,0.2935389338181664,-0.46004803075954936,-0.22002105766467403,-0.09794957971497602,0.1035688542513835,0.29401788949144797
pabluccio,9.520602174920106e-05,3.0,0.29559214236726394,-0.25235972509279736,-0.1704559011339422,-0.2501387827937022,-0.4867639638205902,0.17849085719935087,0.39090422020575677,-0.4047208340958891,0.07515202497561045,0.0033841395130585037,0.09629275467766657,-0.13948158870090335,0.0670109462181028,-0.24881622942340104,0.1450236221723723,-0.02356073779774149,-0.19233260116122974,0.11201144995145997
pabluccio,0.0004583281483394762,3.0,0.2720721951162101,-0.35681971078780605,-0.23534309037463777,0.1673532847491143,-0.5561022478549238,0.2652373023557038,0.07426015443378337,0.09892869306282162,-0.2941840732846211,0.0819777633223603,0.14317519231662684,0.21967106171737893,0.06931208993373454,-0.26201693584148433,-0.16683798335860206,-0.06255586679068975,0.14632668409789865,0.17811543232727753
pabluccio,-9.725911914694563e-05,3.0,0.00819488082151797,0.07981427717272949,-0.273280583648397,-0.022101253904817,0.38132729998148646,-0.3355447429268842,-0.21916860764996277,0.08171616314150072,-0.3931170220776062,-0.14042098422923374,0.03030902631161177,0.21555913385079037,0.25513855736714286,-0.21669780206395767,-0.43619035320408833,-0.06734638660919393,0.1998277988350929,0.19300993484362605
pabluccio,-0.00022795416210873919,4.0,-0.0871494031411141,-0.18002705360319926,0.11300169268688236,0.03692955552938649,-0.09320096933962012,0.11300124308098894,-0.05484185988438986,-0.2524084702948541,0.23810147217725758,-0.20529812682518087,-0.09557753001762756,-0.19439728521338215,-0.46522270106801383,0.41597021394243744,0.46081292992254236,0.09903475350385157,-0.12906457917408523,-0.28921655252240314
pabluccio,0.00028920042944795824,4.0,0.262801065103977,-0.3372466774141806,-0.2850600781323789,-0.18142050425065404,0.37319215438855585,0.18406848884817004,-0.17943959198902357,-0.26593175435990046,-0.25233194000803544,0.06318161674031414,-0.264978529622896,-0.013303556016705733,0.14889922134898675,-0.3408988251184121,-0.2643473665736193,-0.03746479221399078,0.23601894310753208,0.1533974365650845
SADAX,0.002247649876939443,1.0,0.030776101214704307,-0.07245706945166341,-0.20946599129905674,0.030310041226928083,0.13584074243048683,-0.11526008001294584,0.12364180466303844,0.2153398960642473,0.06575943959944831,0.7379022149472189,0.020819708097894987,0.12302353116021125,0.05679920587113362,-0.3233654267649615,-0.31639371916207304,0.0005884416549718572,0.05615808678117045,-0.2831418387053232
SADAX,0.0013573893365004255,1.0,-0.015037922167951837,0.3487905601939336,-0.06913731654373884,0.08510075582639895,-0.0516163687447382,0.169688263586834,0.16878989007426518,0.41306183225720133,0.1508826356661588,0.08596700699142595,0.5052881995296702,0.24108254897387152,0.26663774786098005,-0.19689690869042628,-0.1077657969851783,-0.027484496782963348,-0.31066363720249335,-0.2705378733841876
SADAX,0.0009835074243317533,1.0,-0.14161495228868912,-0.06777427498274768,-0.1270538267103537,0.13738430448746913,0.1227559497595735,0.21959374169857962,-0.4702061545414985,-0.1538367979613591,-0.4244992031400072,0.02051592483410097,0.1472855185060216,-0.22455453090619903,-0.05709751720618134,0.032526683286285045,0.16584487814872736,0.1297114863890598,0.5103383121516194,0.2654309184345791
SADAX,-0.011757189551713806,1.0,0.35405092928576437,0.298312360613542,-0.408466405497871,0.04920618341580063,-0.22550351254515666,-0.17896349668560474,0.11572039406083873,0.23847870857402154,-0.2610803675516985,-0.1009960112175342,0.09119245182529255,-0.38209134607947254,0.33873882352527773,-0.19665372103552803,-0.06697505836252188,0.18779272703820615,0.08235038135096688,-0.1750014555591168
SADAX,-0.0002464784219276832,1.0,0.32781458304376054,0.19477055581855363,-0.33138902103552964,0.03883381905559652,-0.11108652772404926,-0.14160032077976503,0.10100984833749883,0.19516674190572045,-0.22942504007267045,-0.09509963262608512,0.12065220111276288,0.20646597279194967,0.4848037902857927,-0.3193139293160436,-0.3267969369439807,-0.1258954337769366,0.16514283949533493,-0.23835324618992015
SADAX,0.0019706281282974645,2.0,-0.11212179322683652,-0.09601934021822647,0.19071527610464648,-0.01863654253414688,-0.14518331027443707,0.07373178544470702,-0.05133649519315562,-0.10894792357943804,0.09472905120601186,0.05547988554620789,-0.05269776772628646,-0.10514711053165025,-0.20666000169692625,0.14349317615971266,0.22923911075361422,-0.8548617926093782,-0.10582846389079402,0.12941232752513132
SADAX,-0.009906714570709888,2.0,0.11008563347042341,-0.32775225994598123,0.2578198598100271,-0.0394129945279041,-0.19793650418878153,0.0809354095529836,-0.10014452149501098,-0.2653276371456412,0.23711459672715515,0.09375785836256195,-0.17113706983894847,-0.2215477446051405,-0.27534952965890186,0.4272860986739714,0.38663065862057006,0.07647596882272133,0.014431121567385097,0.35911283193519494
SADAX,0.00793012667961946,2.0,-0.4224574715621492,0.48169908690127416,0.18273030940406257,-0.00382724126264557,-0.02634750540797796,0.18222293582750224,-0.15886795715039329,0.22692784734505006,-0.08668649399857525,-0.10092232112445719,0.298255697435244,0.05107047810428406,-0.06204347886612849,0.37356401773274617,0.06735232605171908,-0.21426210282477318,-0.032607376409478805,-0.3758778837402828
SADAX,0.0015501780428432712,2.0,0.05645832549115218,-0.3194380309046083,0.18500530555822714,-0.5631579745240417,-0.15773506079145883,-0.00829398517051914,-0.1842620155763661,-0.3918152618258205,0.11471769565280392,0.15345336216483568,-0.21980522135264982,-0.20502354702755915,-0.3290137069766184,0.1104749932124211,0.22681543304987925,0.08473966396164123,-0.08759325947599518,0.13102158986378998
SADAX,-0.0003811905849226138,2.0,-0.23415125901576617,-0.016550864998620133,0.3120384765918281,-0.05003630817327383,-0.2896642741036281,0.1418536555431944,-0.1139329096238739,-0.20559139215120287,0.1982305053111988,0.09857606079544354,-0.1414944146482287,-0.16291205558274022,-0.4381395122583855,0.33488363472070165,0.39164267469491254,0.1750673211600906,-0.21082933573357962,0.23996418989942614
SADAX,-0.0009234967834476849,3.0,0.17361145746254267,-0.14052959533465081,0.37178685354703456,0.018562304853981828,-0.29969284558255394,0.15575895882113702,0.20505129246000714,-0.20962839435620334,0.412710795483913,-0.01586239175121712,-0.16355142317307908,-0.102707237207628,-0.1862838808245608,0.13945371875145313,0.3302287271264094,0.06484194838948222,-0.43541472932849123,0.2158785726316527
grims,0.000657884493470341,1.0,0.13071838816318476,0.2528148531525247,0.33452013035586686,0.02512653163596532,0.05074314556042213,-0.17859201536174005,-0.030303705029761735,0.29242369942861146,0.08773725314742349,0.373702671929289,-0.055498499950772766,0.20676519133144064,-0.10074051651804469,0.41929585498114097,0.20066882528508243,-0.3692476514844497,-0.1447744488462006,-0.32992397730114115
grims,0.00035051250232260477,1.0,0.14453870711917793,0.06287693004982664,0.20591836547419679,0.09057837656217423,0.013242290639549466,0.1263081278443431,0.08294801470836698,0.1727932204217555,-0.0394429767268844,-0.050782398812183424,-0.3911420528479018,0.3822977602770357,0.00861910825673957,0.383970699919783,0.33084668305662046,-0.2703379679293436,-0.24014454306813215,-0.425068993974676
grims,-0.01637761959113012,1.0,-0.1050484358163607,0.16601463896330707,0.34747244375446307,0.022375205139989023,0.20727078533726218,-0.36724989580447953,-0.2237676371297552,0.16259517164379272,0.273091647574245,0.45185655480589454,0.19319005635667502,0.029755215663405315,-0.24027214211460554,0.2967873696710106,-0.019253880364663817,-0.22455477926293113,0.09452616312866947,-0.25163076302384746
grims,0.005419339282668018,2.0,-0.015475132376660957,0.15469242789208498,0.3253320340932194,0.027151897393309785,0.11506174214658749,-0.24143447557057562,-0.13937221736272062,0.20231219175905193,0.19651558891975732,0.6850714331366068,0.1289781747973301,0.09262070685451063,-0.14511451805539657,0.2649859447439522,0.061354395982444104,-0.19935925695283374,-0.008795270039207364,-0.26334606567703095
grims,0.0058021093260814515,2.0,0.3543286661606925,0.3823048589815007,0.29667205582808825,0.029700396172401517,-0.044108038125140754,-0.05284045351754136,0.15404113390019591,0.3667746466851657,0.15508282755064984,-0.09999582406320567,-0.1211492580377226,0.19555937267275286,-0.12037600784685228,0.2734931458668075,0.17579400899712033,-0.3337854568605544,-0.23408858886654962,-0.32099026217357063
grims,0.0016683860893584202,2.0,0.17015857175048368,-0.26532750132624183,-0.10623752719773329,-0.24441490729665066,-0.2744779750822494,0.264320850940704,0.2969424576407761,-0.24484477451649767,-0.02434522173863944,-0.07678448901273495,-0.14199760900382205,-0.11762588482709839,0.28755006383288845,-0.2834421469966322,0.3099321271255121,0.425558130248869,-0.1877873335899801,0.14269171340894077
grims,0.003468472097725357,3.0,-0.20376883932057163,0.2896528569656501,0.1489057204864148,0.03767109802219334,0.2417318587261384,-0.18919696360873012,-0.30456498011992594,0.23847551800388697,0.12405481479145218,0.3071627773931393,0.2423830881320302,0.10095820466428691,-0.2670911825157313,0.27924258041530764,-0.3008593146861031,-0.21222564318084788,0.19886857925041979,-0.32253326097360413
grims,0.024394429374382538,3.0,0.3357250385481265,0.3435355589907062,0.3946306668384264,0.05763206893333637,-0.07649720633755926,0.18959290130141865,0.16486775675319532,0.23841246036119643,0.14846454494941172,0.0010947739156554226,-0.11312193361529677,0.1169023615452994,-0.07799198243326318,0.25695015911668356,0.14867604385545344,-0.31170921964844023,-0.1512594366448923,-0.47078617472600326
grims,0.0016311889453519707,3.0,0.22138718675256594,-0.2209130051321636,0.035552994249725176,-0.12868231794039303,-0.368110879916031,0.3019501530472372,0.388459537935175,-0.2383799124974382,-0.07026738578283391,-0.007461596583425932,-0.23043079363002475,-0.10040847378615486,0.2995186797233969,-0.1721522395484538,0.41651468662896723,0.21250761661269085,-0.18693132742866814,0.09406473556705482
grims,0.003979390676029061,4.0,-0.3719752538496106,0.09617728374595924,0.08550374264010757,0.029410686929932154,0.23776052538536468,-0.27435147336149696,-0.3681559142997798,0.14563520018217635,0.08282023626570457,0.29371568019754835,0.24734812048218233,0.07107962663663867,-0.38685588821757405,0.10479057835107702,-0.32146256307565413,-0.07843071718417285,0.2639638253912682,0.2376862955250446
grims,-0.04608317325568,4.0,-0.4060515547298099,-0.31355539537733534,-0.34254536815351294,-0.09905152342597487,0.012068598791780353,0.13689669944976438,-0.201727895364047,-0.21031462241237636,-0.20380484574292537,-0.06438036159790705,0.07215293853587974,-0.06270013563651627,0.15597456468810797,-0.1358474776248375,-0.15084350799063453,0.18056337809192058,0.12890375968731968,0.5798875714259345
grims,-1.4788611774869815e-05,4.0,0.16259389449441167,0.3218067877243903,0.18449646031071562,0.25926035932081615,-0.0799312507445983,-0.002010870671478504,0.006080639003907006,0.3663267116715079,-0.2632464792348587,0.03678778331168828,-0.2039891263960036,0.2141888812307525,0.14008080611418489,0.4500395678403652,-0.04585656919517966,-0.2783000531698005,-0.3432165164590077,-0.22466285815953355
grims,0.00021559438710194105,4.0,-0.3847685842492759,0.20863869540190014,0.10150712447089491,0.01897992665695228,0.31258681394150506,-0.2894716510910899,-0.3933165701813475,0.14619667371247566,0.10623837553476247,-0.08144373335257889,0.2530554599687145,0.038014345585870205,-0.2578193441291352,0.07178130606248911,-0.33454450196463903,-0.0982356515355816,0.37130885674161,0.16036713486216142
grims,0.0038345904783524043,5.0,-0.224462578904771,0.288790352828912,0.19796981033316668,-0.003960118673610022,0.25584136005804325,-0.24950317433845737,-0.3120684586949559,0.2839388872696079,0.15678275731216126,0.2934348336027481,0.16345000333731718,0.2211966418661064,-0.28464462318406464,0.08927021465556396,-0.304995846492262,-0.1652887449181654,0.3185546764318558,0.15541544837934748
grims,-0.0017745631984784833,5.0,-0.0040531153235691,0.4112575180890299,0.058794056315847464,0.429669878669826,0.2229263382157294,-0.2193992970563149,-0.2767370418349978,0.4228123418543694,-0.13775337598234058,0.052304893380791195,0.066775841364757,0.16575779383457687,-0.12635244668395051,0.2830312617409199,-0.26160162767275624,-0.22372755218255735,-0.061878821096545404,-0.13249717930799698
grims,-0.001118614031379241,5.0,-0.4033935599097037,0.1735748572613057,0.09071062721134508,0.0190070519601993,0.3392043624806199,-0.30079288870964277,-0.4117525897963181,0.11587968590360495,0.11467307379525407,-0.06494924442393464,0.25550060815622444,0.03823225352853136,-0.2710671502377923,0.003053521132105198,-0.28624075935571835,-0.020381911971868127,0.38146547868928954,0.15680894874786885
grims,0.0032701283698953858,6.0,-0.3191332422717732,0.1758977834988883,0.13860520874932775,-0.018820258412987154,0.3136542862284765,-0.3029462312243216,-0.31581302242710324,0.22832289486208868,0.19384440100744285,-0.06927302215733899,0.17821624958543458,0.19611143720886115,-0.3599161875468281,0.09854818848916178,-0.2744014933946846,-0.17310604106113334,0.3803478013502942,0.06205504272694357
grims,0.00018003460413221507,6.0,-0.24150657110581802,0.04041707473522327,0.45794932553153833,-0.03276574077660187,0.3468066082473712,-0.11602380291158698,-0.16208113035263372,-0.006263289125480008,0.4455751763329541,0.04680395129981157,0.2661145868880546,0.019193036018559807,-0.35405975334495404,0.21322727053784643,0.1880957055588711,-0.06514483920086052,0.24309416448041415,-0.16657731211060703
aaa,1.343620468359804e-05,5.0,-0.3309562320168914,0.22437245016438911,-0.09403757794834272,0.013709827425341551,0.25116313401096724,0.09147142476097365,-0.32058370242364304,0.003231378561922312,0.2700923364254998,-0.06998305988489129,0.3324057530873658,0.12365366231663673,-0.3877918663689088,0.2625465384272065,-0.27218486120582014,0.3584045335886554,0.17167568017415724,-0.04363692716721243
aaa,-0.0016890373543760621,5.0,-0.1622405529522954,0.15417921505008259,0.40306686169889544,0.034416438959688087,-0.17965671978739955,-0.3123179292688146,-0.15581974971071125,0.1513577460259453,0.10786791838973077,-0.13180832786137817,-0.25907787368911706,0.22630355316677772,-0.09772677287297521,0.10439950187861147,0.6039541096154758,0.22435861324842335,-0.16099801593191757,-0.020984273133251095
aaa,0.0002749606930835351,7.0,-0.25605369915752807,0.31467233621642254,0.055598385478430094,0.022915004362678897,-0.15526320309900177,0.21676158933549378,-0.22036792259192045,0.33638570828794184,0.043522591282024695,-0.007425322231034157,-0.30304332666795836,0.18540326690647577,-0.14711975375969252,0.19260869024314548,0.6032611156163191,0.19154774258566815,-0.06212262734260793,-0.08727478996800454
aaa,0.0012635904708314773,7.0,-0.38557164272149136,0.1473173775685639,-0.14997179219220752,0.07535726942332044,0.29182826948501456,0.3004675664166553,-0.39156400874509373,0.19773012887954683,-0.06298763469674773,0.15044657776065873,-0.2671908501182282,0.022849158097343426,-0.3654076792247858,-0.056282404031980184,0.18785161624757393,-0.11226261963505356,0.35592362924677157,-0.15433691149308715
aaa,0.00029365034215518966,7.0,-0.2533731314837572,-0.3253869268105435,0.3740095287375436,0.07242077964201435,0.002139245164384807,0.17887001463767352,-0.3065696892509205,-0.4676822787342987,0.3060805872427134,-0.15359493664767462,-0.01545279867794199,-0.2704911947931235,-0.28117590673683407,-0.2034164362388588,0.008920616589102873,-0.02189267567526031,0.11856546093481608,-0.11979558565208002
aaa,-0.0011663754786808342,7.0,-0.10718075000017574,0.21058014329401786,0.2063813555628217,0.018177068513096827,-0.13407223652828285,-0.214602079005946,-0.1982376449805489,0.3619707311390323,0.06672121351808287,0.5559196296670345,-0.1872377757645894,0.10712180626803497,-0.05502636525504449,0.1152270666745755,0.43567191624503554,0.2516540670414316,-0.18988509903982914,-0.03689839595318445
aaa,0.0007604426315937383,9.0,-0.24549642961855667,0.30870197253354226,-0.18378216066130618,0.026414439611343463,0.1769593061003269,0.2146723221279173,-0.24871499485912982,0.41850439499034875,-0.10856160835819603,0.4521961402432343,-0.23755297560078611,0.09367982324631192,-0.17893843154474356,0.13729881041977957,0.3256968374006002,-0.1457051902545453,0.1680701191658635,-0.08750365878458218
aaa,7.27053719389954e-05,9.0,-0.2620053260278015,-0.35012540049962426,0.19731572120572896,-0.6583868143073802,0.12743975343171593,0.1736766184085156,-0.2635885243940289,-0.2979622920100085,-0.005289485347228729,-0.0436825646184264,0.031149864980284516,-0.22660340703509002,-0.22315189541932878,-0.08621961622915161,-0.05533920142054211,-0.06814559579060597,0.026683585340520125,-0.1085790435005023
aaa,0.0012907403496561867,10.0,-0.11492346637723928,0.4558579026478572,0.2995225713326664,0.0026291488203619815,-0.1419643597671135,-0.10050943568197644,-0.10144524638362054,0.0988489218324154,0.08730780869722053,-0.11176990085854505,-0.16009447249640507,-0.4122238699534576,-0.06054752659757961,0.2547880516796907,0.5531871548575445,-0.17103563710987715,-0.12322144226010102,-0.06509680492493634
aaa,0.0021605531605569535,10.0,-0.397889547202982,0.1647144136522285,-0.18333464634229196,0.06918149725274667,0.3011872109205105,0.2941863459025339,-0.3669777806788862,0.18359554036267053,-0.18096166279529075,0.14677636579094147,-0.2958815792692245,0.10190757841846762,-0.337687274846383,-0.002711865394740927,0.07142131865168268,-0.12895912286259711,0.35838141663239703,-0.11868362899416791
aaa,0.0002453177320569177,10.0,-0.2862039409898858,-0.3638582205658485,0.16286799332486876,-0.27327674065379176,0.11234068483476942,0.16634530052962646,-0.3691430669519184,-0.48345104803863803,0.24841684045842724,-0.11357522811498147,-0.030724421324226148,-0.22643167149635213,-0.24958740819333955,-0.12552470220119114,-0.11863104005566955,-0.05769296246670921,0.21633519362176695,-0.07160333295353152
aaa,0.003679745686823327,10.0,-0.307783792290826,-0.43590937767924565,-0.08921613625571391,-0.4052263512137732,-0.30642598092351386,0.1345330138219458,-0.07038079369006518,-0.016868756631731284,-0.554063447529774,0.06250487331821918,-0.1630617960950972,0.1110358746460419,-0.22172057013417396,-0.0916878084767262,0.039822131988744694,-0.06731009636641941,0.03036603435513977,-0.10692858208935356
aaa,0.0001336392224375439,10.0,-0.29788576175127796,-0.028930754310748763,0.014442540982674884,0.03512363028209165,-0.017218951853039274,-0.24474839031841505,-0.2969909818051425,0.42791565826725453,0.12854562287795765,0.5203961867293074,-0.1878941619644578,0.13160911371639772,-0.24312869019558217,0.32172201865124833,0.14869949424562484,0.15663201736542326,-0.0444102012421696,-0.16209797139653334
aaa,-8.26121088237013e-06,10.0,0.3833109293260979,0.09127527563863114,0.24275603051252992,0.05380537569341406,-0.34009147551273056,-0.27644919025393283,0.3853049864791341,0.018130797378587863,0.10505913519527325,-0.06867628781268319,-0.408622702565702,0.3243021785861016,0.3155860329458003,-0.10498136768710091,0.04109390745109429,-0.011950503156477395,-0.09652619773437998,-0.17993968140747574
aaa,0.0017066578752927845,11.0,0.3758487805187886,0.21720763161247436,0.03603503382875139,0.026423819147298574,-0.24123908208094258,-0.08927518185509613,0.32336085363578276,0.05278984638476681,0.05598915553863959,-0.06990548927209089,-0.18352755359901957,0.21034122965221014,0.4476643096222183,0.2907510195268804,0.19690648402895555,0.41222745094745966,-0.23242147381416886,-0.04935798004300857
aaa,0.00047966787176195145,11.0,0.3728287665669381,0.222183424937767,-0.05340390069765382,0.031008492821589323,0.35258969169803417,0.17236472122693802,0.36432988716451165,0.14370856576010554,0.048820393621519166,-0.037246833153983194,0.35898474275119796,0.28745523554469105,0.19154955969991544,0.0011034736452641533,-0.11054783936233148,-0.11500362833601017,0.37254009349631184,-0.29018214875759846
aaa,0.005736900561321347,11.0,0.1689211938889994,0.31182490194398826,-0.3999228891308511,0.00942435570655777,-0.19294944595280752,0.149509991223397,0.20114041067270105,0.43122973299217215,-0.32993335717231254,0.3217451575230908,-0.1711590620026622,0.12642667253301076,0.14606973042208016,0.11619649878169963,0.14149657602524213,-0.10580270845190248,-0.29806644546580396,-0.12510900979701176
aaa,-0.0001951342129884999,11.0,0.2750537659470676,-0.36602958915402195,-0.3358156184303328,-0.18763778138354753,0.044806944427038156,0.09608870568639602,0.3429069499558681,-0.29912353530548336,-0.41882742630005687,-0.11466274754244749,-0.02338400879472926,-0.11288021501321191,0.27492585363783345,-0.1500597479862319,-0.235603170277723,-0.08049609758075248,-0.24927105793229803,0.002743979839282679
aaa,0.0009262761619135147,11.0,0.2662364128888077,-0.024845562331588744,-0.3633106878728369,0.06435995061408774,0.08373353463680525,-0.237767342434361,0.25584825007199397,0.015250380189011587,-0.18464975124662145,-0.11127529475324069,0.027895947884673245,-0.1405236089676651,0.22024386972608584,-0.3144125075550198,-0.20165029952974223,-0.0977392845887271,-0.28545947208247663,0.5630809865823101
aaa,-0.0014355730690159402,11.0,0.37277248854741407,0.1550787917683325,-0.058930509642078466,0.0374807029282667,-0.16933123165353783,-0.28876475146657044,0.2842557739607024,0.29964583174940046,-0.1295380586525852,-0.14489909920090163,-0.17262817851665854,0.11394295303284802,0.44446609076897964,0.2096597779355517,0.4077557822497509,-0.10156027951587696,-0.2253685985127776,-0.005437907730298668
aaa,-0.00022127879393519698,13.0,0.31563073243391454,0.16902005741440995,-0.558557821005706,-0.09698709827352002,0.07586808044541472,0.18664330278737207,0.2742019791277894,0.21364920267193477,-0.3339512749808091,0.18566975497548577,-0.15382103939432723,0.04252331479944835,0.3493642117578745,0.22372877236692254,0.061877237612950345,-0.1530719695907879,0.12058923314042651,-0.06011965564297609
aaa,0.000850087716312014,13.0,0.31676165035936993,-0.2496967856993355,-0.3574215435827678,0.08397097436769212,-0.2472344531112861,0.08686863298661622,0.4148320365875135,-0.12094940606270363,-0.5123896397875497,-0.14075085237219093,-0.13881871982155836,0.08629640392585294,0.3152250252955685,0.11852428837824443,-0.07330417718908995,-0.1025413281840376,-0.06642579892074789,-0.06587706545632503
aaa,6.55202377276588e-05,15.0,0.28177857046998933,0.11930769217443093,-0.507461378857286,0.052059073631829086,-0.14908971479907543,0.17924259276033394,0.2817606589693195,0.08893860297320946,-0.4149317744390646,0.17192432950688274,-0.17479005119751378,0.035167818101229445,0.3450466940694287,0.3065720952017591,0.1529210265052181,0.08640772456309087,0.15361867373083793,-0.058960382924284814
aaa,1.3190389712367324e-05,15.0,0.18405271747774551,-0.0289322503827959,-0.14643642686806282,0.06480772757933384,0.2172587125176322,-0.04786516317916793,0.20719956006142345,-0.05883134964229368,-0.061972171231109444,-0.051396428472897875,0.29327526391007275,-0.4164541858591857,0.14322823351776148,-0.2745153668868666,-0.22677094678728188,-0.054252985617022055,-0.22318518317532393,0.614637247099256
Pa0l0l0,0.0006091868410812275,1.0,0.20611538269099333,0.09263032854542164,0.3213286147702941,0.031432051114466494,-0.049941335226033154,-0.10893369920926606,-0.2282295503363429,0.022242708050139587,0.2350688966425255,-0.04268369186661502,-0.2470945149910199,0.21535595523169565,0.5779875373942168,0.25444208938805013,0.3940279662801001,-0.06306757142991502,-0.04020509085077898,-0.23146558792537597
Pa0l0l0,0.0054315071826688405,1.0,0.650179069279724,0.5118900547112365,-0.2110128117882559,-0.020122672408274173,-0.10227362243984021,-0.02310718746569248,0.18330105386689502,0.2947450372279224,-0.1329615183217871,-0.042948180945321844,-0.23548290697826177,0.15599967545865775,-0.08898364344085691,0.08843371878490992,-0.023437434161891688,-0.10274798245712417,-0.0868684004158016,-0.07165242734736772
Pa0l0l0,0.0008788150487209893,1.0,-0.18487214823163886,-0.39830283452367055,-0.06932852313259871,0.13618814507811722,-0.01926459052092176,-0.09525869498525312,0.2388240954703954,-0.35141982887275225,0.47182917319450113,0.004903546569909962,0.46322927829774296,-0.27599373524209747,0.08594796507674594,-0.06719271157785361,-0.08880063878132116,0.025377574324589054,-0.15864588778946648,-0.1866670096134405
Pa0l0l0,-0.00027070396517125305,2.0,0.37492348288915506,0.279205231306347,-0.1506721915914779,0.03807568441289248,-0.18132354506200182,-0.13965707426159937,-0.03874355260134226,0.2642219538358198,0.09899334020036946,-0.10612726663169943,-0.22953726937288702,0.2041539473229286,0.37282672926684063,0.26478283621425125,-0.06799626584429647,-0.1283813550300494,-0.4226859691205824,-0.33063732371037197
Pa0l0l0,0.0004580915396491832,2.0,0.0551586816825632,0.383266812534988,0.11634417221372086,-0.14079604199927612,0.1387934264419412,-0.4765713920591342,-0.12303561664890696,0.38864148556892636,0.014862496640609561,-0.3070298494113764,-0.2557885781048996,0.3734804551039035,-0.06889188448938609,-0.1077937869568724,0.057695926350694836,0.055274269383705464,0.19813210111497337,0.20671489637025656
Pa0l0l0,0.015664558773306213,2.0,0.01909132556229828,-0.038216905687538244,0.025666903783561557,0.040798938683523474,0.04712626401410515,-0.07365031605204811,-0.09473172463966184,0.10693304328510288,0.08798048101640434,-0.10405993190414929,-0.20023355567790735,-0.9171110299539562,-0.06921981222202767,0.1414510147995501,-0.0530925138865729,-0.06024425860094385,-0.0651027660676929,-0.18043319104140595
Pa0l0l0,-0.00014863619761191005,2.0,-0.2230651474055991,0.2242808550592834,0.32338646469009635,0.009296309628026673,0.3954245372877097,-0.0433121265425764,-0.21551128527899469,0.2089048738438003,0.0432826376931295,-0.1572357998727152,-0.10556069320176271,0.18437561710403572,-0.40663868555223653,0.1581121935106333,0.3725227888184746,-0.05749873146720131,0.31699592410111394,-0.20566428860313898
Pa0l0l0,0.0030942134350220854,3.0,-0.13808148673994675,0.23462319278231542,0.34208930823417716,0.006741022738127618,0.3906724186476516,-0.03506860992575764,-0.22661039294948046,0.2262413636391403,0.009328469536659579,-0.165849171702628,-0.08921718175383399,0.17198235237392945,-0.3458440744899066,0.203828006997806,0.3962866594165338,-0.27512983333367097,0.2660161989792437,-0.15044603730372857
Pa0l0l0,0.007494533384762179,3.0,0.27706781705219546,0.1637444201046363,-0.12892798898696656,-0.015412425506931221,-0.055509543870568195,-0.08738398743558395,0.1392001703643079,0.2026034458027817,-0.0013724147176796314,-0.16136080168425795,-0.18197113479199634,0.15342673362513432,-0.1744455909980671,0.18424453447575842,0.07714907750446141,0.7909220185742512,-0.09679488291736552,-0.14307507125602517
Pa0l0l0,0.0008872775122165459,3.0,-0.19599560837130492,-0.17427107212713688,-0.07258483735740333,-0.36137629158827417,-0.09655325829378329,0.3289054706649793,0.14825476623146042,-0.29648487016747255,0.01313798084816528,0.18686317437479952,0.15972065262139215,-0.1384722614441363,0.14872521086780327,-0.5157208710433338,-0.34262399317235476,0.053088347645465085,0.2582862665160567,0.11482838225257189
Pa0l0l0,0.0028388062435005593,4.0,-0.16332475492467263,0.2023455515491813,0.44648490965799303,-0.0028559798111442696,0.3915818100913426,-0.04294115117712817,-0.22575096102792389,0.1672784342960515,-0.00483763298460606,-0.12869889578317242,-0.03899263368862739,0.14534662506398485,-0.2963405038365508,0.2197812168040442,0.3788836714360341,-0.07462005291977938,0.37382659667029944,-0.18621728593455994
Pa0l0l0,0.008980732734204704,4.0,0.6422846681669688,0.29449705394650294,-0.406346730964472,0.04231050395586482,-0.19323174749133668,-0.09495557125432824,0.3154532203887364,0.20231884952688772,0.006701656674066091,-0.0660201230984139,-0.08222637203295328,0.07589712676597127,-0.013313756439041853,0.14126336809695259,-0.17920306150521215,-0.12909825726877505,-0.19385957922366132,-0.15367490974281617
Pa0l0l0,0.0006422977239834492,4.0,0.017388052486121994,-0.35093387456058184,-0.2635395878001196,0.08993214339596162,-0.25545488676887484,0.11464321510873103,0.256829348361175,-0.3850949373993944,0.0016664688082380329,0.19310884899343123,0.20252973641481375,-0.22379944892964232,0.297705488577581,-0.3154791923703318,-0.35729125028459846,0.0862279770234849,-0.21650330201051274,0.088445030363663
Pa0l0l0,0.0018082330009427181,5.0,-0.13183431613137894,0.14979886587552316,0.22707376594484735,-0.028729821482585263,0.19163325000118436,-0.024226782806336035,-0.1685209726979926,0.1494400425451765,-0.13157944671222416,0.3500438194206223,-0.09210846135018154,0.11103471994027977,-0.12449285957158725,0.105072227204384,0.21786515012795948,0.7283506989117174,0.163688881922461,-0.1667365216830464
Pa0l0l0,0.0033407481961168577,5.0,0.2591375958381609,-0.2983994512214174,-0.13497806320009229,0.09928411738560282,-0.14702545105533477,-0.058044118359701094,0.5019941439919137,-0.16680442560357261,0.5916112923606284,0.10853060475124217,0.06830494235331132,-0.0257522136580769,-0.043444765583013974,-0.26271069603232905,-0.1348540125044614,0.09364354222904998,-0.201437705537079,-0.07330648705115436
Pa0l0l0,-8.736793016789896e-05,5.0,-0.15100375179957987,0.18561968644552929,0.4341965669608175,0.008704009038551957,0.420804700746486,-0.053561540037993224,-0.17745039015061007,0.20561834992678715,-0.11613289943038389,-0.1392016118913048,0.01818193370108093,0.10270394623976356,-0.3080413154716884,0.09480980646166608,0.36091843809607305,-0.09639232366997569,0.4152417802186498,-0.20205813522808058
Pa0l0l0,0.004235147378811714,6.0,-0.1630482268055818,0.17999465126678932,0.43852444815787067,0.004521787685382432,0.39518199151421396,-0.18638671386852426,-0.20297914470152578,0.1984239658361339,-0.06411028151871273,-0.12274422363193592,0.016587880493719672,0.09918366107920124,-0.30648749131878894,0.1943973107965293,0.38442267436028066,-0.12320439768656934,0.3477717035864295,-0.17970154792465715
Pa0l0l0,0.0016632896204770513,6.0,0.5860110610565351,0.0916182919429348,-0.3838895389161786,0.07072720387334393,-0.3566210801595311,0.09086400527052763,0.32043899921658037,0.08588681533641453,-0.21085131775899332,-0.08511054131281612,0.02011066998913174,-0.047152399075458554,0.03978729272314192,0.1178297519108081,-0.1326606894580646,-0.18393479464230153,-0.2891555271351264,0.21328974307521467
Pa0l0l0,-6.631878857528596e-05,6.0,-0.20624308554611573,-0.22673636708837275,-0.3119860453982757,-0.3121236180633652,-0.39185130455002765,-0.02852050103196945,0.021607377481844072,-0.19679080916349398,-0.46766347577143413,0.14794592110552598,-0.06903828852944659,-0.04362148945192948,0.17734593100058493,-0.09641463864146638,-0.19500141698858547,-0.002273828803227522,-0.253639869436338,0.35688385924733274
Pa0l0l0,-0.0020381750572574012,6.0,-0.16360486618317555,0.05903954931853839,-0.3505350069284276,0.012817936917665994,-0.2994690559677905,-0.062033826691620345,-0.17367966358656717,-0.012217740597588116,-0.48248976728285015,-0.08781192153259057,-0.3336016351097447,-0.5078414576405782,0.024691289376956322,-0.013087758390662226,-0.1159777269133422,-0.032727725833959415,-0.16173931564679997,0.2677724410501817
asss,0.00037475470333775374,1.0,-0.36143583091061227,-0.09660622703048238,-0.24621619786033574,0.010491604654052975,-0.04160958012923315,0.02220329504481658,-0.28387114584582424,-0.08820375068670089,-0.2728727995904216,-0.18148149952017809,-0.20291921069929555,-0.29893875254764085,-0.3308190874901383,0.28773262999456956,0.39197893086888064,0.16792245156346616,-0.2755900600863298,-0.14404680886267168
asss,0.0002995651141341225,1.0,0.2659588587602722,-0.35908396884062144,-0.2727527599277171,0.25226225125288626,-0.0992403295484071,-0.10975324712057773,0.12398815573279237,-0.15954209048907692,0.19370360406376894,-0.03581957758795544,0.3698857926765519,0.0019315960245939328,0.39886505816275625,0.057903863155504706,-0.37430289705320974,-0.054195215652859244,0.1420874346305211,0.3134883528692802
asss,9.29587540281603e-05,1.0,-0.36683710691930216,0.2356696587446785,0.21938549380468297,-0.17614682753725153,0.19801194712180567,-0.21838784716019052,-0.25251687036234743,0.07417111052056981,-0.15941026424647392,-0.09060106414421676,0.11267428517672629,0.12502597770920035,-0.33820852965836257,0.13446290952483098,0.3450953243897814,0.26825977427453906,-0.3282030646790963,-0.2852731029872172
asss,0.0024819753902543206,2.0,-0.26966772339030554,0.06681185272393375,0.005675355330983767,-0.06885761360556655,-0.1561412832974497,0.13098640750819418,-0.2814647396855558,0.03625577015458009,-0.19540149645355145,-0.21711280515540277,0.07941534160981406,0.11629835645710754,-0.3315584254499554,-0.07680154731466075,0.3757184956206983,0.383697007735842,-0.43281634696939997,-0.3150689394339952
asss,0.005042565112908024,2.0,0.3622240306459672,0.4876179365524671,0.2117657255584944,-0.13995357697671745,-0.027083533361914443,0.16195724913738097,0.23548175138148275,0.2956668461673033,0.23088600457755265,0.38658691065977097,0.13004838005595942,0.09432617973800242,0.1331408570281413,0.06813940979442938,-0.3500809838983526,-0.11693621482401137,0.0848410181996501,-0.048893056233061984
asss,0.0011069711326065377,2.0,0.1699058476070504,-0.23573484038596038,-0.11795382419957152,0.21911035029795659,-0.04660601393144846,-0.2733599496809,0.17861710280872006,-0.3016648498738206,0.494912266890325,-0.024616321686497543,0.29606781443141406,0.010511543331573817,0.24524946837561362,0.1554522896991078,-0.31021078060882923,-0.07910963688088522,0.19380990088576525,0.31009722458224337
asss,-0.0009898735816300346,2.0,-0.310954244261286,0.22846095461807048,0.29887892241728825,-0.1714555781023585,0.3665708115252588,-0.2687641634365318,-0.24664198112475585,0.13599273116411145,-0.10081127436023042,-0.10121046047296739,0.13094629509306435,0.15941974819100216,-0.3514538911026269,-0.18306038956148393,0.32084448198215026,0.166084108182754,-0.1382793938385641,-0.27714164906082395
asss,0.002994970685590931,3.0,-0.28204474589293443,0.1556469276683463,0.2062407427045936,-0.12249139348943022,0.10245528814810564,-0.06152154440347341,-0.26834401402258146,0.08507540228496736,-0.15338403438681772,-0.21631511191422026,0.0953839292966585,0.14294458701446958,-0.34794062515159985,-0.2256574229457378,0.4007952088194714,0.23937489338253395,-0.3542871117521072,-0.3603699530741048
asss,0.0006139954684609565,3.0,0.2793559468565584,0.49452815733807487,0.2678241390998261,-0.16918293470496912,-0.0766501736542877,0.1011387690705397,0.16940183081378385,0.3261667588015408,0.08545424668053228,0.37252664214707226,0.09156462961104403,0.045368833928174285,0.06825845002841568,0.09929755352257853,-0.19039632515232843,0.45378979460782026,0.02689763979323175,0.10919663803568969
asss,-0.0005218304522516343,3.0,-0.3697928586473006,0.16292787181458201,0.17595130241968024,-0.17576361425242326,0.36257834297375874,-0.2936106482978111,-0.2858489048943165,0.08458075115042343,-0.12915892662201992,-0.11783506483719357,-0.04292753876250942,0.21711223411931682,-0.3606167152800899,-0.07347141608881268,0.34262236097890764,0.06500795650432695,-0.07302306870250452,-0.35550484908589153
asss,-6.136795714479329e-06,4.0,-0.28833425630099857,0.2502969410014946,0.1607270800820961,-0.23206241095866656,0.2500482296581949,-0.2809568533598871,-0.3046946451478349,0.22193911726843296,-0.19260482326457037,-0.14742482281546002,0.015859042442152044,-0.221819761657235,-0.33970669794915864,-0.13981790735090094,0.3205022155368674,0.12576783454201418,0.018360579365745585,-0.35897039244045736
asss,0.006924190501127893,11.0,-0.17547017589929573,0.08900638430486452,0.03680415015161286,-0.07692820649338003,-0.13533968551262426,0.19766254158993563,-0.2457810427344263,0.06772797105476402,-0.125334225792504,-0.12598071406656874,-0.14162402400416604,-0.2370217178279167,-0.38401876006730895,-0.30628973361697326,0.3273670824545827,0.30201303335802215,-0.3637349283362573,-0.38967733214858663
asss,0.00016928040568665173,11.0,0.386233754907637,0.21475774293070882,0.08917812926521669,-0.06235732749399889,-0.15422215812662793,0.2789224549323618,0.4648957207795263,0.11953738206225391,0.12336571976270876,0.3172270335886266,-0.03605664787404685,0.14562690363211453,0.11562183486332428,-0.129551789505847,-0.24894488263340575,-0.1653812177522885,0.40675565385311446,0.19384501389223135
asss,0.0011772612073858275,11.0,0.2880402171292995,-0.3213840585491192,-0.22177970740652136,0.28986064018281055,-0.40940470282565883,0.3013797039143149,0.37873652767044275,-0.22079620539336742,0.010744195488897502,0.029619449622002265,-0.14079540008410996,0.017798851728315124,0.3258041827743912,0.15115968262843646,-0.2096198133647167,-0.03784852558759768,-0.0694990870069876,0.17196460072331318
asss,0.0004136168853472467,12.0,-0.24908697650918307,-0.03797414551562095,-0.0738623357143434,0.02667866694599816,-0.1347766431318197,0.09913635228340288,-0.33661474778112827,0.0843996183088081,-0.15932411307232625,-0.3083754112910654,-0.07596109752437895,0.21320309871395382,-0.28298704213961945,-0.5577293815463776,0.2636106534181485,-0.013743461479395988,-0.27095096406023533,-0.2756408394624608
asss,0.00087789956755737,12.0,0.26558158279253125,-0.2841020115632219,-0.07939048648815066,0.2322908328499274,-0.1972886121670014,0.2522924285816611,0.38629473269068165,-0.543403642726862,0.2662201611388069,0.024080630465020302,0.14032235521750777,-0.007893961525402577,0.31058074473694036,-0.016820442213517077,-0.14691870404099258,-0.1138533972877824,-0.019101268191885797,0.13617477275355738
asss,0.00464815018637625,13.0,-0.2196684825565396,0.2307670502675121,0.39813163050655803,-0.2212856812530711,0.17987179705988415,-0.037832275445493294,-0.16756659204677685,0.18864031664033185,-0.03256214327529639,-0.057571468850371635,0.036036902704050224,0.2578726501220243,-0.3634712631419437,-0.3254533891237071,0.43358416514111786,0.17984487074122263,0.21647436139442522,-0.1271367384960591
asss,0.00023675515654129184,13.0,0.19688505842953963,-0.07184335276924292,0.1509559372975763,0.04248419067891115,0.17353208057060537,0.09186218918533669,0.23790877581245712,-0.3641746482551115,0.6454654042257685,0.0931399693147907,0.2706102787512703,0.13090444952925456,0.10165698700258063,-0.011688599591813518,-0.18602725009987592,-0.08846261713805006,0.3273024514643386,0.1673631584814364
asss,0.0005296166198281022,13.0,-0.17482382231660587,0.15466980595222035,0.2572621242950267,-0.17002276150469803,0.41659610587197043,-0.31710486526969917,-0.05278658992287364,-0.004062392174808379,0.1255251384135896,-0.09596206735706317,0.14966751372611078,0.20207884865914527,-0.3275705919312175,-0.1856975890325087,0.3376378668953452,-0.008210069091453333,0.2619393790503412,-0.40105490857232656
asss,0.006134141937635501,14.0,-0.191968778906795,0.15026309113017688,0.2382069559236053,-0.1612044372419856,0.3727518208135176,-0.25582141362684596,-0.08665236531365825,-0.01820783640339966,0.07932028285489294,-0.19704570498483648,0.13976558632280445,0.19723962605862422,-0.33737072144881547,0.021249111858280396,0.31148492453411425,0.33248290049869345,0.29179488123871117,-0.36752111339281224
asss,0.0013707478646759353,14.0,0.33096651497180024,-0.0004750028947487772,0.2925983320869867,0.0954437125346024,-0.02493975576630769,0.21760968104613504,0.29293742573273845,0.057737879712179904,0.23948511128129016,0.5055911786794127,0.2322227102777386,0.1209448624092983,0.1505371792514752,0.12275110342393956,-0.15599231467495295,0.3948426317817657,0.137414713728666,0.2005958636219141
asss,0.002480331232846348,14.0,0.2565115008706328,-0.23188082539791122,-0.0722825659896874,0.2097987197693592,-0.16257249405096189,0.25725561256376867,0.381037100279293,-0.565215531796979,0.32645080287161005,-0.016860974339681513,0.2351801025548384,-0.03659916411548815,0.2080882616440875,0.09439074309253945,-0.1476812927048218,-0.09136312477468105,-0.004719400052541295,0.1674261993857678
asss,0.005685726696563319,15.0,-0.140628231017304,0.14505240277797504,0.27325365549867736,-0.18007916953812667,0.4024093843863671,-0.22794244315433823,-0.11587006011665311,0.1957457189054927,-0.01156535182674494,-0.16430420492667572,0.06668909775481391,0.26629878227065457,-0.34351303027691366,-0.03831386710880045,0.3262423769321867,0.06249935403959543,0.4047549992636142,-0.30054280613346157
asss,0.0022354211845338288,15.0,0.32403608099250886,0.10224578049276511,0.18388768932275024,-0.015468689093578463,-0.05205882670024847,0.2069326905596338,0.22673532197228768,0.08378317648575316,0.19924979554972772,0.4726096691140202,0.27581002031439705,0.14208301480899968,0.12646933219413506,0.19634847304570865,-0.2327379108015427,0.4497408656237455,0.20038432137545176,0.1899438495872982
asss,0.0009589225225452144,15.0,0.2605822940453207,-0.40211218418770167,-0.24711649776813552,0.3291446141984828,-0.08250066783700333,-0.06707504200957834,0.2550121392689464,-0.4308091149372454,0.23758342824917195,-0.06040720140435028,0.2739130903411627,0.002182733950532995,0.25425991120547864,0.1609439058620578,-0.16996002413718528,-0.14615968386753794,0.14720761811057975,0.20363831378241565
asss,-2.9907315195721662e-05,15.0,0.27635927843824615,0.2661413715780693,0.2822011050762056,-0.19078739779135448,-0.014663162687786977,-0.009325067352430536,0.2175557173598336,0.13420304200258532,0.1633903429466944,0.06977752652015316,0.44102913644595493,0.37706661164994637,-0.07061948512243461,0.5114004045417376,0.010256166055896803,0.034944254667252005,-0.1469943955796345,-0.11580910581633073
asss,0.00013619552798726443,16.0,-0.39555761817077717,0.018364169184469037,-0.10554827077367598,-0.08733761543461478,0.28856851576439796,-0.2853049666498746,-0.3711798040395016,0.05058961689463431,-0.24133891723834536,-0.16777012793361815,-0.15283503058520911,-0.1663173838451127,-0.3548974691308724,-0.11200858261497165,0.30982421220601464,-0.1211439279842283,0.10750344556022738,-0.348268337107669
asss,0.0006921306494001286,16.0,-0.10426899145235266,0.19480693821668715,0.2627243576065944,-0.18546891405850144,0.41867083157112334,-0.3020587771228073,-0.0928379347032958,0.18194635964882638,-0.11635752928743373,-0.14031821545860992,0.04865640014977388,0.2249007956724762,-0.3049669925584762,-0.14984825892680714,0.29403589439396577,-0.027044697760977694,0.3575887518510835,-0.350447718174151
asss,0.004313129701937722,17.0,-0.06999385899386514,0.2338007657221301,0.29054165217568007,-0.2104580400390471,0.31305503937092255,-0.21123184177286244,-0.09143812870963991,0.19369243859421123,-0.11357245724549224,-0.1345369408753241,0.045876107310328026,0.23994642740389013,-0.273548600020006,-0.0072950688847858705,0.3352481630690539,0.42153599250334534,0.2945760426971131,-0.28427480099081825
asss,0.003006089083280557,17.0,0.3291652466086539,0.25709017095639863,0.3351421877913104,-0.12287720207301871,-0.062276222867646884,0.1404116716437724,0.1633701669832951,0.24759925085982273,0.17213985331096063,0.27095330381727184,0.15137015531681158,0.14116567042843323,0.15324705623653595,0.1929099063209795,-0.14086768241001202,0.5466512764367947,0.1722882782301861,0.1777775808990574
asss,0.003934332907332764,17.0,0.23552192929712867,-0.2494684115721506,-0.12702613423628242,0.23657581321454607,-0.4562492306036962,0.24267168583534704,0.30000155306163023,-0.24145940723281295,0.07716164028982284,0.08022042426108787,-0.038209165354447246,0.3294474463173227,0.3241303703734323,0.16529319631767847,-0.1099621761325762,-0.0045303243434984845,-0.3219390351131547,0.15591861357489736
asss,0.004704194759085961,18.0,-0.2817132879659437,0.04119710400177956,0.09860905610843536,-0.08215289968515024,0.33025202300613027,-0.3085613114519295,-0.22398694224846394,0.0014025988476775177,-0.10201953648075265,-0.08102653507694553,-0.018518085200942763,-0.4376508212112791,-0.34765724349590676,0.07631664140438424,0.3108342924791969,0.0633391398589215,0.2271412771216865,-0.40031460056729085
asss,0.0011156080521845812,18.0,0.4923802818763703,0.03735425781118151,0.20349816991207828,0.04368076292655883,-0.1731536882095322,0.2978134167115001,0.355171225004762,0.0980120573073886,0.17582942800179735,-0.1539060844183886,0.17650955478197652,0.19403719306569367,0.2908157693392767,0.2745741062861991,-0.16608332369256573,0.2133345826669369,0.1770257964149577,0.26572821711613354
asss,0.006358540397454786,18.0,0.18259737536258797,-0.1520550089342706,0.023437220429636835,0.7266438213248568,-0.16456663654768364,0.18335296633273407,0.3698349588179424,-0.38573087651926746,0.026664907282761253,0.008335764880852794,0.05168637091393133,0.0687947940139181,0.1583320039406348,0.1291842144983346,-0.00995713319618999,-0.08120558334274909,0.00894187935926739,0.10951936954798432
asss,-0.003979619459908607,18.0,0.00011460394068228206,0.10511092587981744,0.0860943644137525,0.9772840373320648,0.01791593825521602,0.07155832706472734,0.011357249693724692,-0.025751107103906972,0.01354813378565706,0.024419851302118892,0.04864036942250547,0.09742954417256156,-0.07681475943879375,0.013881251926584444,-0.003971309127822267,0.01790046884427347,0.003280605067328146,-0.033811680081771
asss,0.00016340232545379777,18.0,-0.004414603208513944,0.0177761385011184,0.483301774442547,-0.00662298440288081,0.399882054880888,-0.10467120799888108,0.036441587610457515,-0.016748634197930233,0.40554076451774784,0.06103603877244876,0.39688966846868745,0.11791384687276689,-0.1589577216664428,-0.03406383742043027,0.2268696868206804,0.05763494748078452,0.4032895926044535,-0.10046885943582445
palma,-3.069075163588531e-05,1.0,0.09348063644581686,-0.32405646867170657,0.2555982318514061,0.17328117657872405,0.1565380662819233,0.17935859976009785,0.0783477578859655,-0.3541777243239874,0.22377687701726662,-0.272787850084979,0.08176379697308363,0.042237497728547596,-0.30467594566731826,-0.4283083548353107,0.10886285408192548,0.1183571571864998,0.09945173377041806,0.397056366421548
palma,0.001282737055850941,1.0,-0.16340765265557972,-0.04236363283725908,-0.33901553500003534,0.030864866066797295,-0.1152632075418166,-0.2408721523747715,-0.30902452091238813,0.008475881105513486,-0.126556419794625,-0.1918556264167643,-0.32620228293228004,0.4242081695299176,-0.0929192063032136,0.0055883907889102535,-0.5148470866945805,-0.13240146772085754,-0.19443572587430358,0.14315149927271253
palma,-0.00026095989647866236,1.0,0.11553851494125025,0.11882831116005055,-0.2140550570758198,-0.05666040285745888,-0.04856728554113467,-0.10470168384641375,-0.12731920083847556,0.013522505294400513,-0.06954942026896795,-0.09140035444558162,-0.16500002025389324,0.17600647334637504,0.3491353772129481,0.2751020346923163,-0.34371836757736685,-0.11490019831025915,0.6720611733876443,-0.20446219400427182
palma,0.0008187921858301918,2.0,0.11598719025800497,0.15990016753569214,-0.36043667985257183,-0.08879348784567483,-0.15068374615921556,0.11916181702132113,-0.17788668487077933,0.020244624174098117,-0.11341588849224742,-0.14454640473610889,-0.2721579145757365,0.27392421685876667,0.35344416049952754,0.31318497894694686,-0.5284931802570372,-0.1380603592267604,0.08988825291819358,-0.20471183418175495
palma,0.0001222015876898203,2.0,-0.4135362171752194,0.003322677839936672,-0.24895084080212826,-0.02305814330473284,0.008900009298114924,-0.1511591234970544,-0.3696753713411257,0.10198032929532945,-0.1762089241690794,0.023220820479326512,-0.09072923577996511,0.13629354737714228,-0.41764569544656327,-0.35897311691787637,-0.32358821662958204,-0.06052570491252604,-0.012039324856893612,0.35535421298961256
palma,0.0001840326521070241,2.0,0.30859149072212594,-0.040092568064299505,-0.24353663571781028,0.014258179021806216,-0.0753527605043963,0.46703318815586686,0.5895125206718609,-0.11751768620777617,-0.41377190319167506,-0.1062204559021092,-0.007239902447827108,0.08223930909901368,0.03560842173553274,-0.11194825817280354,-0.11712984752484146,-0.06119607605930183,0.0035474756253514126,0.1947665841758267
palma,-0.0012907894861974199,2.0,0.4241183205266323,0.10850292054401389,0.05109434766726598,-0.09967137494832892,0.022245420147120457,-0.13056730939607752,0.183000703570896,-0.021534064999479425,0.05338548225608529,-0.12180230428426,-0.12970682767221198,0.24469707352323972,0.5717331755028406,0.15308643463572483,0.1524507797793899,0.40996726221965213,-0.10193821081140429,-0.31289565517144713
palma,7.232173153356906e-05,3.0,0.379265942836449,-0.2577472697261245,0.26397337415569394,0.1341205750984449,0.18999505850428375,0.005687840772587905,0.17397394778381087,-0.3885951275756348,0.24145440650026018,-0.3246899966893584,0.08203398831240366,-0.09264151029924181,0.32115926779337844,0.3633337645848241,0.16233729581701303,0.111279096569806,0.13009401440184917,-0.12164867779514164
palma,0.0003300553765823499,3.0,0.10097820720876712,-0.15744179244333212,-0.2148761080995035,0.07900839072411692,-0.14447707633668594,0.40462117174625156,-0.10188049271865834,-0.560459713921091,-0.039846157000928514,0.34507410206518646,0.23349752689659442,-0.09687749533659595,-0.09249844835085513,-0.3057190596824738,-0.25298257327589574,-0.01391091055731787,-0.0968259593351895,0.2082198529398693
palma,0.0016590748988504207,3.0,0.24510206167648757,-0.16193652700264272,-0.29802500058313597,0.07937113954988718,-0.14122747384059814,0.21764384485945687,0.3009958045381187,-0.05837600702838771,-0.5514191429662124,-0.10722382302559215,-0.15604238341240478,0.1760284895916261,-0.05511667492179415,-0.3349900925580557,-0.27197760003914623,-0.030262637083195345,-0.06282761825863543,0.30376989806089416
palma,-0.004427512863454002,3.0,0.28818550581353014,0.07255906054705319,0.23865645411794115,-0.053670818190944505,0.07440916267920104,-0.08559274800147565,0.18566136298915134,0.025813741431142383,0.1410116123414689,-0.07453320343735818,0.007349344673451845,0.16038694567255263,0.31742544286638397,0.2826540238207778,0.465155799561935,0.5687887477320963,-0.021187006338164033,-0.17787183630067163
palma,0.0015136739809158313,5.0,0.29737018354697276,0.054890938326455085,0.24264157250064652,-0.043189766425401545,-0.0029752931934958716,-0.0016258459665094756,0.2182926491498385,0.008309634267199231,0.17010092090890092,-0.1292022855100601,-0.010232562407630735,0.1674765038312875,0.3127358742546811,0.2983188972979444,0.4363702891093083,0.536377793914516,-0.05040901577939562,-0.2425812807894771
palma,0.0008897834613486191,5.0,-0.2991853931068677,-0.1148427819197968,-0.1448524342827436,0.10486286440917683,0.5455467122817825,0.2296808415000312,-0.3459965774464903,-0.28730782452937464,-0.09597036717783224,0.13183503399049176,0.08690697035121459,-0.05750206030693764,-0.268054914736608,-0.11682395601988381,-0.19539357460919082,-0.15888265850965633,0.2701059869239247,0.23098896880476227
palma,0.0019498787129840866,6.0,0.3605227635249556,0.09475260488296422,0.23528442725244036,-0.06406286658204316,0.05314117604365995,-0.0375545252414881,0.25456250085517024,0.0073360965935628806,0.15200208479250607,-0.11322336120347382,0.022330451135537725,0.1276390752432464,0.28805160228135857,0.2705079748273246,0.396082525610603,0.5868783435523549,-0.015687541544561423,-0.14857915084825557
palma,-0.009211690714461679,6.0,-0.17312247947482895,0.08188474374277424,-0.08589527556687228,-0.12779085868076728,-0.34429328774930656,-0.25324649011489075,-0.014779861029271757,0.011389136709891992,-0.17621266507486666,-0.22535033154849804,-0.013038065015277028,0.13558223980831988,-0.2620707937427729,0.19638522569565375,-0.04650048324745284,-0.18838592665966386,0.2153805792259227,-0.6818506950010117
palma,-0.0011846857150380472,6.0,-0.06468142997809517,0.12273003290460613,-0.11376485377650916,-0.022862692202849456,0.10282588406516167,-0.031147759455009843,0.23706573995386934,0.5241790118802684,-0.29396147034424097,-0.21224263489212478,-0.25308304535234494,0.136590295760942,0.06092339662609731,-0.02437172628114382,0.03606513903369226,0.04091231169208465,-0.5937098031163796,0.22548094844356578
palma,0.00292683216016942,6.0,0.42407907580990195,0.09622958966757922,-0.13727868275449354,0.09407895585966357,-0.11660869321884876,0.22760324208730254,0.45421963880031524,0.1083679154986063,-0.37125269197222915,-0.14229699666574525,-0.1580744416246586,0.2224381338738434,0.04357659635735956,0.18933954184228666,0.0178210095413283,-0.12584766709437542,-0.14609289301570597,-0.4381216958128933
palma,-0.0062848928443196206,6.0,0.32617801144706904,0.04461385450207045,0.24713064780904068,-0.03298137193104544,0.08883833273320017,-0.08611357894415357,0.17997262856605425,0.031907062138510835,0.15001772944664382,-0.08087311871209499,0.0001551580780649899,0.16155036478393975,0.3018171298033106,0.21163799273969156,0.4501590879027619,0.5950534074278341,-0.0058829403757206244,-0.1815082905458642
palma,0.0018733010335554492,7.0,0.298256485358603,0.03258666946163924,0.2137401651919109,-0.04559479110831622,0.04919322481499987,-0.07530267715044958,0.15823256851948211,0.01161874925634508,0.141137886349865,-0.10918845524662328,-0.008208122899113265,0.1502928260244607,0.29979320857990166,0.26053641338917277,0.3963271938062257,0.6540709939781437,-0.02243408931329302,-0.17695906262822805
palma,0.0003543891139158598,7.0,-0.16251972158316097,0.07309739016659367,-0.13594685915094512,0.05873372031634938,0.5722960325150623,0.39477859282990607,-0.23109377145645132,-0.2901605519561698,-0.04542426124614149,0.10982854544064899,0.08363625173976043,-0.0668886623538258,-0.18027972300570905,0.037162144358333274,-0.15131310529329559,-0.09792801363324483,0.46285023868141545,-0.13838375132251826
palma,0.004121899916869749,9.0,0.36437550126399426,0.15962250158579505,0.2706024757414124,-0.12875837520149386,0.01625813782233742,-0.014778217536914225,0.22919196004186043,0.11280451245975504,0.1851007566765282,-0.10895167685279195,0.04437100036280115,0.15297123358382841,0.2612184857293199,0.30254152519186733,0.43435515629076843,0.4230770774037937,-0.07778176842421342,-0.2850146736664644
palma,-0.005778630560944109,9.0,0.07519926696908967,-0.4337154655857718,0.15845593360262486,0.1720426595806105,0.04910545877983642,-0.03573609700386109,-0.09349244932449957,-0.637572413881043,0.1265284312930042,-0.36105621010355937,0.16586948603478577,-0.14035067666439704,0.014284495976639203,-0.07727759241950492,-0.03947915184065149,0.04704434447968403,0.3574518327281961,0.03605108298700588
palma,2.5800116834218454e-05,9.0,0.5021780978493536,0.03159981923578181,-0.08912188571376592,0.05408284227258635,-0.0578348744515464,0.44085323663522563,0.5922971986639489,-0.0825837877890188,-0.17068602129335647,-0.03546721376152702,0.0698750757195569,0.05419434064816993,0.1252260950576469,0.1742839240527141,0.08865467709771549,-0.09000423622899872,-0.060762778086402965,-0.2769445037511691
palma,0.0046248053811166635,10.0,0.33530965523695333,0.051284871158584044,0.3250784197333027,-0.07580294936845633,0.018023443090314527,-0.0899098761213212,0.1840673380057671,0.04704831968965246,0.25540430732870983,-0.09720435279074949,-0.0385566621480756,0.17109715125145766,0.2604012051883535,0.2536897734830591,0.42833539940529547,0.5065482729507845,-0.027611799818108747,-0.22489843497254444
palma,0.008044559681504549,10.0,0.004273147042613958,0.3460494050920607,-0.15304100664691958,-0.15984344399437672,-0.18566285524697548,-0.14663989624411833,0.027711056381773656,0.4406692654582592,-0.09601529538234797,0.43204910326271345,-0.01459528795692981,0.09082787740996863,-0.017200017115090064,0.2362124152476601,0.0469012946450583,-0.17605899920134382,0.40180552098680994,-0.353898853669633
palma,0.0005987999372990673,10.0,0.13264769801606263,-0.023795479707810152,0.11343026442871186,0.06342788617902366,-0.12029853800674599,0.33795593506417143,-0.1300519936196425,-0.46296166053679905,0.26201139447227345,0.29542775533433957,0.2335896382360162,-0.13007325222044971,0.004965437149005803,0.1306513305159997,0.0041826793479771,-0.07790199006644329,0.5442996278570185,-0.24116891236325577
palma,0.008807499951926465,10.0,0.22087677204879533,0.025128661934100682,-0.17108416483441988,0.2688316349299265,-0.22623421736374508,0.3594800629582007,0.11265073981465774,0.10185085428436698,-0.03496789898441507,-0.12816993924764364,-0.27102776919781857,-0.1629831511351014,0.05597493745047175,0.39193338913364956,-0.01261083725449467,-0.22188451464692652,-0.2237204149215315,-0.5212607056808096
palma,0.004257595914297248,10.0,-0.15495288147518627,-0.1854967511029877,0.22718958867133096,0.40772784962219155,0.6188845108100305,-0.11645608444960859,-0.05853573140576708,0.002793353063452954,0.24168831745231908,-0.08803987232399092,-0.09196484671789558,-0.45538240887021286,-0.10308030800937382,0.007630583185473774,0.06905788271719619,-0.09411200462035367,-0.13099791946230072,0.01561841421347069
palma,0.029228108464232554,10.0,-0.0264778378806646,0.05860470039804133,-0.0004493590105060238,-0.9762154490979078,-0.043557891442272255,-0.03535020746122349,-0.028910211255925362,0.02631323599444179,0.07364928624329586,-0.036645565487152955,-0.07394711498842536,-0.1305196569478167,-0.049423911276411006,0.02283236222904634,0.020066863521398415,-0.022959291250258994,-0.02722655412905701,0.06547281762605059
palma,0.004753909266871163,10.0,0.08670095573665479,0.7878531593389242,-0.0006419877450319406,0.030187213205939235,-0.04884616164194423,-0.08578991766136043,-0.010891581611674634,0.1512065507438073,0.2415754423020246,-0.10530518130199983,-0.1453939524031011,-0.3288148608330537,-0.08083103754638696,0.16601190198580698,0.1206318217508353,0.24169163952120873,-0.04658389267130528,0.17376339267292495
palma,-0.0006595344942940869,10.0,0.025500195715591305,-0.42998810079904914,-0.2514980798926223,-0.062429298927914115,-0.18261582859281578,0.1582889313963148,-0.01542144736788445,0.05384076696366398,-0.3193762808568923,0.10617330894262639,0.16086083608555685,0.5177656159874945,0.05558330472779302,0.3671340637115935,-0.17916547715669187,0.04339873589521502,0.05805727407446091,-0.32141559343977877
palma,-3.497133780767799e-05,10.0,-0.025337841742712273,0.25651886419203257,-0.44361898855895476,-0.15735612420964668,-0.13140536647783854,0.13849969142740967,-0.1122609909073745,0.07482463049846373,-0.36084782601638393,0.07484257106481318,-0.32048325399540234,0.4396279058845618,0.08988936036014834,0.29036177528205176,-0.27417669783588317,0.03605322519882898,0.022645674754035155,-0.23701510996566666
palma,-8.313958855106348e-05,10.0,0.31377660674677227,0.0692914096681555,0.4446919453236894,-0.027961937723750663,0.0529388516178606,-0.07239370427232086,0.20082328821747436,-0.02997757310256155,0.30484531286316374,-0.04468009840436216,-0.04282111035156388,0.1394251352416043,0.3911333373680614,0.246907720320359,0.4950863497849057,0.23130933193521847,-0.011625965143923445,-0.14156186420981326
rkiper,-0.0010632463067616884,1.0,-0.03676184891312423,-0.09051944903249964,-0.1438223749531184,0.1754809647914662,0.19983375392571978,-0.26823171236932297,0.347792900508002,0.12723268592500808,0.05995369015517762,0.05511209228685262,-0.017697993263607992,-0.17870928731957922,-0.35421232505249794,-0.28150935231566426,0.08019643346414762,-0.3839650439709038,0.5247111064126877,-0.13102763725875685
rkiper,0.0017421908248687454,1.0,0.3684220330493675,0.1382675586084121,-0.02287095994112452,-0.2542540120661835,-0.33894770562603105,0.2250238738905089,-0.16294176695273485,0.007658000963739637,-0.04960154985301686,-0.0979702434242276,0.04455681104186732,0.21532087959827975,0.41557136003869244,-0.32524599742137816,-0.28369647618087745,-0.1579205649573458,-0.33296674467578236,-0.1807437783466939
rkiper,0.0001641876052147157,1.0,0.49852825385531574,0.3151379781324235,-0.19326144291401698,-0.23304758718061996,-0.11085161493171158,-0.17746967639948608,0.3278410620558113,0.3451365292455688,0.032333833542625035,-0.06460482951498556,0.14571540757509302,0.11522065890407829,0.22251877868086786,-0.36126009827662847,-0.18233279193856786,-0.12701430498201052,-0.03168903122407136,-0.14135182130041882
rkiper,0.000374484821997606,1.0,0.30717573701016176,-0.37248113844819963,-0.18270983505637695,0.34039767921401154,-0.14006896269122185,-0.012877714998010166,0.22832339048558895,-0.29394245172152456,-0.11465938410854234,0.11721690386032327,-0.09114069432536001,-0.11343040734279747,0.29565528465350055,-0.43850241365589343,-0.27033513165569184,-0.10841493837084656,-0.014249948343674237,-0.21571856902611097
rkiper,0.002921015150202143,2.0,0.2225668928608643,0.22764219289428056,0.4590851348081757,-0.2196897095140347,0.12599753967596158,0.18177285253908293,0.033236440273051886,-0.135908760542508,0.20065438758902904,0.023471729650618067,0.25555318228711565,0.18263072698255323,0.01140755332672726,0.21658323724892484,0.4869411056166522,0.3218007362204209,0.10935716474013783,0.17885297683141146
rkiper,0.030790236961109937,2.0,0.03515881920701036,-0.005067676419220568,-0.006333477981872053,0.9918757494651614,-0.0005632469399340282,-0.007953568420592036,0.022237744961622962,0.010224229309050465,0.010085358046870722,0.0008591517954699376,-0.015936134062890635,-0.11710045816978486,0.007041962916862698,-0.007555542949993318,-0.0017349416580360417,-0.006096231567046034,-0.0008742704824765897,-0.0011781174175157746
rkiper,0.008101800774325785,2.0,0.014376960795197251,-0.06655294606623019,-0.022806204597708265,-0.995542990000873,-0.0347573221570093,-0.013914803686847103,0.018749572883373304,0.0012364802307732524,0.0012955346989514777,0.005238321181066547,0.0014041165703232788,0.020402612821129745,0.02466974012241997,-0.015213376662498073,-0.011736899352256034,-0.009994967583664109,0.007291241042937066,-0.020126003815230886
rkiper,0.0007262960361081684,2.0,0.2173024226494781,-0.276342482757433,-0.3635012558404942,0.25768759452587464,-0.2435855466464821,-0.0893304452601049,0.3022982704151299,-0.29822685317596653,-0.38336297270074776,0.06951740628152947,-0.2203527897699179,-0.03845780975684641,0.20560286643518647,-0.32959553781653644,-0.2388315176827761,-0.08699270462273716,-0.014771718655053962,-0.1125819862117473
rkiper,0.0031972156404538187,3.0,0.17676807989489093,0.24237271210263756,0.43752038723247283,-0.2158066390253362,0.1634491161027894,0.10751839968856952,0.006155406884940201,-0.1182493140883525,0.14938583158033508,0.04983173047122364,0.15008487085277417,0.19869617353830188,-0.045782249431701325,0.24148836822556527,0.5416040554585879,0.3692862300343024,0.1472886328952169,0.14524628853863628
rkiper,0.006566815355441992,3.0,0.48850151411160603,0.42611635982007223,0.03066093581087024,-0.18187401454238145,-0.08437580170863179,0.3397491530019583,0.3728119412388405,0.36555092161291597,0.12139415108934273,-0.05564492103459801,0.006284284586781896,0.22496378578409806,-0.03138146521155278,-0.0915248699048862,0.012974101304572211,-0.16350421466546103,0.15865087149188375,-0.14385109918289157
rkiper,0.00046638220997683875,3.0,0.13685692263404461,-0.374652795409683,-0.11315827037072933,0.3164302953247045,0.0027762997535984895,-0.15565330965836757,0.385704728631767,-0.4190166346470844,0.3084645579706802,0.08045118225952452,0.07246892349674619,-0.053251541818333054,0.09088427197357553,-0.38772940785038473,-0.1693815086805997,-0.12624057294081836,0.10295527055087664,-0.23635342881147967
rkiper,0.0050767625870849235,4.0,-0.01761030366537518,0.06176842489137728,0.44398255198472397,-0.13711049342740525,0.2423391246695558,-0.08593252572050263,-0.06905035126753506,-0.11322750987299848,0.1567859756723467,-0.026543248020451885,0.2714210992910379,0.16166535028365003,-0.06346206701844746,0.20824042037304394,0.5328373614238842,0.44911512841611506,0.09975371653944091,0.1679280411189311
rkiper,0.00022944573557722524,4.0,0.4531194119693368,0.35272036591008704,-0.2447148959489579,-0.19567944141259883,-0.08249914636725793,-0.19914662709800254,0.34025412839771035,0.48254234509551025,0.10096169710345358,-0.08593490529717775,0.04188643394232532,0.23579809622514536,0.02829537392218406,-0.21918145993886232,-0.09768379419790707,-0.17343359073180944,0.013136760616059277,-0.11593750941379617
rkiper,0.004013591457408168,4.0,0.15121328611284643,-0.35717044313522217,-0.20300959666474944,0.3527057034008341,-0.19088477984169644,-0.07128956021507021,0.5124429037657787,-0.3770118953110291,0.04590145179361039,0.07315184065879071,-0.14250593175898935,0.2899403583711539,0.03844928117166899,-0.19340538883868014,-0.16587664974922722,-0.06887158532291453,0.09642801984183884,-0.2131255680998312
rkiper,-0.005913217220985804,4.0,-0.024854935148629576,0.047399205267970555,0.41474852901627635,-0.12638246304034384,0.3855798312910702,-0.13687391309604058,-0.040352097742209415,-0.0903884086680339,0.20930332163194468,-0.0022559843594924488,0.32144162658390135,0.09798332995801276,-0.04593128970290884,-0.02025683477402173,0.5630302682178845,0.30667936821674446,0.12348471862668245,0.21535972049195806
rkiper,0.003453841526133594,5.0,0.172429893895225,0.20888618281189608,0.4145180926044808,-0.24273115065476597,0.21972865571575093,0.09237424960014608,0.044487058914642226,0.023297673808724696,0.1638632270041833,-0.02401521881875046,0.26025831586864456,0.21152425701240776,-0.0653685001697128,0.19173310878849223,0.5153399172303725,0.3845752872812363,0.13701556643358137,0.1528698997612716
rkiper,0.0034283547249435832,5.0,0.3880029699432314,0.4006148538572528,0.03334355807427224,-0.22199288455281743,-0.06618765029802122,0.5689345700020336,0.2873789773105622,0.3574887862142383,0.11824989569323394,-0.07346019922550415,-0.01996385550783814,0.18779381271917173,-0.1059068325281044,0.06878350784437408,0.00011299579607340874,-0.16465523893044856,-0.005687751290350809,-0.044507215382054925
rkiper,0.0020487918884804623,5.0,0.15823777086701005,-0.25636705948335625,0.12291848015039215,0.22259803494944608,0.1733079004727849,-0.1861466144405206,0.4341549063652859,-0.39320658343183656,0.5181250358275387,0.036352527479356134,0.17998607332497427,0.009031848930603313,-0.20430714128420266,-0.16716717911958634,0.1580798770897947,-0.14013819843302605,0.13677638557470034,0.03893808996680471
rkiper,0.0008168074369773499,5.0,0.05537930690834125,0.10911055777083024,0.4297156967149752,-0.08622500647027295,0.3298646219988467,-0.10623605085257556,-0.03271890885234576,-0.050490288958028665,0.24946621312017814,-0.04900866657792117,0.221870437873049,-0.12120357666042142,-0.0528661479749418,0.015675645018183373,0.48985344191930874,0.5188109282656709,0.050480418816031505,0.16111822403631323
rkiper,0.0010007244067718787,6.0,0.31910533154342513,0.35407110481645265,0.3593490280285996,-0.24023909452472156,0.09220725210550938,0.3119371846429528,0.11805453117687084,0.15481521916447538,0.1842424038755595,-0.08161314507373418,0.12162191460585925,0.22548659497223195,-0.06969679718852533,0.22929756114869254,0.45617024581317017,0.22402304871980439,0.12261240760944009,0.07251747473707391
rkiper,-0.0006075954317526633,6.0,0.4765765186317719,0.3702984727667731,-0.21569684232551548,-0.31797264865911273,-0.1416864585767669,-0.05793933747252202,0.1635659466303123,0.19508163380051105,-0.04429973557741148,-0.07952070926219487,-0.10136330023238019,0.1013360446355402,0.3555031871451207,0.2445571153010523,-0.1865504591689609,-0.21516099970827932,-0.31986144376552106,-0.038112384765849674
rkiper,0.00015784649942574352,6.0,0.03865209710004574,0.03990782436219634,-0.24611071141285423,-0.10226761120500572,-0.15673867267937672,-0.08959896091729307,-0.16904189071695444,-0.1320904227403302,-0.32332881762855836,0.009305509485755401,-0.4067947604841573,-0.3815120082080477,0.37766240402337015,0.09457151971667481,-0.2545405956939114,-0.09543187932143084,-0.3970953066223998,0.2201117837375346
rkiper,0.0007329054783244295,7.0,-0.1734146378588926,0.3414132741903211,0.3142830001476807,-0.2096506728537407,0.09589853769847634,0.23228594227280108,-0.1898269838468422,0.15091738518626846,0.46047717131013244,0.19604568135795497,0.4553852958540532,-0.0201079022566187,-0.2058667582309882,0.03780276609469149,0.06060641398077503,-0.016885386692141416,0.2812426388402755,-0.05961899491497398
rkiper,0.0025710509260012107,8.0,-0.2491207217839726,0.32728268942304695,0.39030056960859344,-0.28482634079861235,0.1627465820462684,0.09843009968876393,-0.14893158951295643,0.14954817152280545,0.124023071072991,-0.08620992788826987,0.10283920750854979,0.20285800253419473,-0.35791831347758063,0.2255362834427068,0.43499326328365506,0.14675607916304648,0.19914998758252805,0.11275476203590165
rkiper,0.0010321638512911166,8.0,-0.056489517571749095,-0.30742398191624376,-0.4200793713614114,0.3281546454030612,-0.3398399297432127,0.10395270531398683,0.15577683440215614,-0.20313872048784046,-0.4730793594965645,0.019697571222741028,-0.3412518203668213,0.07036811642581094,-0.021994256131131214,-0.036343487269308535,-0.18768548885150127,-0.13005188573305757,-0.034555087289314536,-0.15994886049729146
rkiper,0.001072295706511242,9.0,-0.21377290659967707,0.30788234633023526,0.31987726704362884,-0.24247199992930274,0.08929758034846072,0.3063711929479687,-0.12408309364411602,0.26871157910887833,0.10957524859070429,-0.12050710942589875,0.14254673497598028,0.20680412561998068,-0.4210984454660878,0.28950837979410854,0.35563468144816984,0.07383892243026796,0.1356594652637045,0.08870542810055285
rkiper,-0.0007048760017534319,9.0,-0.29556704348429,0.09473472378499237,0.42757981754375546,-0.0844387147184558,0.3274918311618916,-0.0860159581051743,-0.15323465470638864,0.09501021601398588,0.17561734319313324,-0.1237452618305005,0.24981523281231988,0.1563402376273273,-0.3224874570041359,0.13558290875520404,0.4443393190296848,0.26392088945416914,0.13522289492156536,0.16059753645079985
rkiper,0.0012451932366966292,10.0,-0.16261746514297754,0.3144170482343427,0.3675875223416664,-0.21638849913216324,0.10215486179790782,0.29442318319548233,-0.09226376780371147,0.25891216814085133,0.16869207074499873,-0.19291119702222878,0.14875207220612885,0.18689843694821617,-0.3831271723034211,0.32624548623544414,0.35181920252431126,0.05807807574449496,0.09436255442953893,0.08987529003945986
rkiper,0.0008371840424240568,10.0,-0.16379268666342306,-0.37933296509953107,-0.029731454687188293,0.37310838031227084,-0.12341076646673756,0.42784122925512963,0.2887412458136171,-0.3023701828636928,0.07366260487150122,-0.045088832938260326,-0.020200099679564907,0.23370462779372214,-0.3884914942322212,0.15060290044778213,0.17075204565136812,-0.216363350658981,0.05256740995039163,0.035810865403069034
rkiper,-0.002643610911794996,10.0,-0.2964621829746119,0.08150585743293381,0.3607021849295858,-0.06561188668075953,0.37643098639355255,-0.0898264030697518,-0.13995108397223918,0.061183241285254535,0.14927112361976466,-0.12527916035886566,0.14605031515474784,0.15773903617247098,-0.30574493516734863,-0.017563878308438263,0.45328980034667704,0.41306491644248283,0.11292790773436986,0.176444744781813
rkiper,0.002791672728479269,11.0,-0.13828217410358273,0.29346326240269716,0.2146303292438147,-0.21280788504737644,0.08852388761135072,0.12224919555806726,-0.05804036412090187,0.23458815271076072,0.142437672825671,-0.3234049017765082,0.06949140524420411,0.1629411790312724,-0.38889374149720995,0.2311081915307839,0.29686110800922216,0.5080564049878253,0.09575713337034161,0.07679616270569804
rkiper,0.02050325112592367,11.0,-0.09216165608063222,-0.13541167778636443,0.0007423760048014753,0.12094338876543342,-0.0032850199432108945,-0.07868181778274552,-0.05894189570953222,0.14624074479161417,-0.04672745730496802,0.931469230261676,-0.03562090079108572,0.09193051462070048,-0.1355942964406703,0.14262710276006538,0.02735155886164958,-0.09108255069916239,-0.012527232365704159,0.003479314715372749
rkiper,-0.0002270576213661345,11.0,-0.34901548354386824,-0.28083351252529665,0.24209249479256342,0.2826232806322853,0.2292936009699946,-0.12543478725017732,-0.0004068843943334701,-0.0995037237276937,0.30196729996221217,-0.0879050661223601,0.15663710519046134,0.20981372807583762,-0.49940479497291773,0.14567807970178162,0.2941522676853603,-0.10320473080880548,0.172026104158746,0.13326626728816762
rkiper,0.002178407160227841,12.0,-0.1869695598474438,0.13050443388529398,0.23573831700869027,-0.03203469433717046,0.0378684808550955,0.15305662905496914,-0.08713991018839652,0.2409976069861715,0.10237557791654146,-0.2794303786876557,0.04435721586220816,0.18301134266386576,-0.380611709378946,0.3747991508261087,0.30466454020014383,0.5401877878359862,0.04240973112246598,0.07137392196071154
rkiper,0.003954906733261057,12.0,-0.18681705642098462,-0.24313145048022244,-0.23150056168896335,0.2139309753345716,-0.222950679814319,-0.09688403054122409,-0.07100453214717682,-0.0218457799085087,-0.3376089855243974,0.6581342959664592,-0.3063931993930854,0.09977518929945167,-0.09074340829951114,0.23153718146571126,-0.02123504284337149,0.05309800666944694,-0.16107610361423313,-0.0017267099999437783
rkiper,0.0025574324496484696,12.0,-0.13586541203246458,-0.26551009382165913,-0.37189542677058607,0.253021389130703,-0.2823806868552842,-0.08408437254369207,0.08292281168598133,-0.10364078519034405,-0.3049895111231853,-0.019142280499127053,-0.24369634962937822,0.14930185728503112,-0.21865158463674417,0.33910770095196624,0.020309736866539533,0.5095625172926849,-0.07922010044704476,-0.009138256910559363
rkiper,-0.0007550732951062492,12.0,-0.28050332006943707,0.1409860628702527,0.3706472282198167,-0.148098519635176,0.27606757810481697,-0.10641957405882065,-0.17307600969878653,0.15712543970424575,0.053287908462103954,-0.1536443275202701,0.1789301982266474,0.1349448904984264,-0.2434941004675145,0.13092260355183807,0.43962403556658947,0.4653948812231783,0.13678675758871314,0.13517176374597184
rkiper,0.0017135134315631963,13.0,-0.08869036161402041,0.23559603515608518,0.26954611575663595,-0.19639844954169247,0.06972214257133816,0.22908348094528502,-0.07918928008759243,0.29480652061627327,0.09778162620180854,-0.10151641807585332,0.09311489929478654,0.1581158785786347,-0.3601070704666579,0.37364770186852386,0.25316676361304297,0.5330484553528806,0.044433258799367735,0.042928901052752585
rkiper,0.029113556810819074,13.0,-0.11611179312592379,-0.23696915244007055,0.09912400116040278,0.21438092574711995,0.004113055017924928,-0.09956687524507807,-0.05230773521114017,0.12516049420959166,0.036756647663948226,0.8621333849833273,0.004319744034624011,0.10225790081017055,-0.12592189905621692,0.23437051482180637,0.05707299530824878,-0.11930469435612673,-0.05047080507687289,0.017964686656230584
rkiper,-0.0010122498025334872,13.0,-0.33059384062087777,0.07188143812241887,0.2323381755102135,-0.04869113929594151,0.4050131042415746,0.09175549861011832,-0.17623281822907452,0.05551775380122876,0.13066644198536087,-0.12227867139811407,0.11250212426675228,0.1730119076932186,-0.3307528738936296,0.28110627475650846,0.34531238588716684,0.47826667740867174,-0.004506473096721537,0.10751834420232134
rkiper,0.0015253853608234054,13.0,-0.23848974358230077,-0.019391336429773753,-0.1567471229565354,0.0060484126869604984,0.5677345991579357,0.2121135953464141,-0.2901919770640462,0.06304214212110523,-0.19217072046860878,-0.056391928827748246,-0.17881657740379267,0.031338690917004995,0.032706562709983227,0.29290485057294535,-0.09912294211181392,0.23490308385575945,0.4873598445920818,-0.013616318214107413
peppe,0.00013329308138232678,1.0,0.06505532238662551,0.07115770895608925,-0.07900818108655602,-0.08893442625394374,0.04783998341204055,0.038585346672403605,0.006444312166815806,0.0606654822879247,-0.10034882367280082,0.9432804847813264,-0.1927672489687323,-0.005919236888230236,0.12663383728237596,0.04865978206751359,0.01695046067227455,-0.09248329924328716,0.05764002969126683,-0.03800623377513867
peppe,2.199124117181292e-05,1.0,-0.41840024957604033,0.422050029750174,-0.030114995008346586,-0.4015335046576305,-0.07985073395514794,0.08433894219131398,0.0005322397002761788,0.366297827058566,0.19492858220730194,-0.09272027421602899,0.22732856895270923,-0.013618656673239174,0.03958221389467098,0.22604148091189097,0.2950042071266745,-0.309802212478521,-0.044569776127795835,-0.03007571660121978
peppe,0.0012374337804746372,2.0,0.17461285035574406,0.1451534507858917,-0.5542435280289603,-0.10975632024716943,0.06700822720732702,0.2756499221484213,0.431129229827931,0.17273669080152002,-0.18936511746513982,-0.18800793570593477,-0.35347932349645256,0.16684360508295826,0.025952142938555613,0.2913549139311166,-0.05117306691617952,-0.039189750511816036,0.04800682067102291,0.1304385093375431
peppe,9.571359525385282e-05,2.0,-0.2930768803251471,0.30589772431503914,-0.29557002816513345,-0.3172480073409482,-0.041145378215735,-0.07009981776034174,0.11330922532325095,0.39988055169766346,0.086257619253771,-0.2628635769454002,0.21613226735483443,0.13945969820160556,-0.0004854164213724474,0.3807059011227933,0.23459439752792932,-0.328044872737154,-0.03274527750899782,-0.04262603384805892
peppe,0.0008518887385965246,3.0,0.20740351479124208,0.021914180014001916,-0.25991564134899703,-0.07498064092058433,0.07928884406513839,0.2750546135488115,0.3167380656017846,0.18775603048064787,-0.21047200543567773,-0.16736224640844058,-0.3965869792499081,0.1657915072359059,-0.03026561923682329,-0.012319817765064798,0.00352774130595434,0.5143653399859066,-0.023610389707516014,0.37752112072147664
peppe,0.003761233689453594,3.0,-0.21313918811511046,0.25861275250674765,0.16958018650251,-0.257598275874652,0.16661332417994956,0.12546357175999914,-0.4201454185397212,0.37161068991519264,0.22966512782527515,-0.104011911440938,0.23387654018626866,0.17678177525012337,-0.27626091936349434,0.16208113390516668,0.24010953644122213,-0.055034559363448414,-0.14407445943876657,0.3176715626985099
peppe,0.004346374309857496,3.0,0.18190512929576846,-0.17906490107114237,-0.11465060180783852,0.14894742311100895,-0.6817200812740403,0.05745641710126581,0.29510147249798363,-0.22869985783169142,-0.1485771820666559,-0.022910197374524884,-0.08072318843330038,-0.0828628106506276,0.34727532898743746,-0.20002571448550502,-0.26950678590376204,0.1291771239813309,0.07834307809023018,-0.005738160576035548
peppe,-0.029295889532783153,3.0,-0.19834089826534962,0.1479475567546501,0.08973916018536154,-0.11409380889085526,-0.09107189421675593,-0.06054306779396402,-0.26158972936344826,0.15593209526411458,0.3410149664446401,0.008385089402808039,0.09714775870006793,0.013706311484521507,-0.3899623036034723,0.01851380664361663,0.05862674231236765,0.043922056416936285,0.7189199252786838,-0.1112915511985552
peppe,0.0008264481966104377,3.0,0.28068765620568575,-0.1443023653643919,-0.3911912986191875,0.10453350143234863,0.15879824362773218,-0.12414333455003716,0.31083897844216946,-0.046688145509908546,-0.2658407123266844,-0.020194856337450846,-0.23757872038243627,0.058856907923738516,0.4348612720563056,0.11578542800841592,-0.42385802354099167,-0.11254665698556492,0.1786671589116271,0.19814756929324714
bigw,0.0002059546532607435,1.0,-0.20462329395946868,0.16871659366619873,-0.4376280017359567,0.11079656712924135,0.1638520532326912,0.1820086038436037,0.08484373977037209,0.11859237729835799,0.07538465960879426,-0.10012123648886125,0.1013200392143513,0.051679111830623826,-0.4846419555082967,-0.09000169333915986,-0.4019522436267314,-0.4453766793741341,0.015742306430002462,-0.11330092435109453
bigw,0.00011606248941386718,1.0,0.05309945468491878,-0.17122702741437779,-0.15302901018842568,0.08072669593158534,0.17088504340879748,0.09468480287986311,-0.11064091177679095,-0.2714800187371175,-0.21942972680306172,-0.15450243012347892,0.04139581741940698,-0.25043329331367775,-0.13910954547182153,-0.48334998821374137,-0.13796109465440637,-0.3168605394924408,-0.24391526862401505,0.49543849219686165
bigw,0.0017813687149211607,2.0,0.26159535741518014,0.2704617731845448,-0.0806041845014928,0.08691912394098673,-0.34913777570495513,-0.21345090846205897,0.05330515283483522,0.3284966357483829,0.2792615388538576,0.41962083673654266,0.008701743215194818,0.2430809575899866,0.2753911249862396,0.16205652154586306,0.1888468920919468,0.22231146072361233,0.24187934596339453,-0.08502886385239261
bigw,0.010084515154703128,2.0,-0.3240672427919031,0.20889710271167117,-0.288727015523814,0.12691681620073603,0.18098923038988443,0.24187845845973863,-0.2789025203947178,0.0990153652676955,-0.22178739613997658,-0.24526648707709464,0.25634324462067987,-0.022004812177274798,0.2074872213154268,0.22257893901594542,0.047690014639653874,0.23829535766012358,-0.42497338869481055,-0.25538835036682217
bigw,0.00023673223629782256,2.0,-0.13854174576411943,-0.2575940510623709,-0.05659030916993726,0.19774433332050964,0.17778279342999154,0.25028831978036653,-0.4782772840841506,-0.26306518143980934,-0.259805607358379,-0.08877727036360915,0.31116330478462856,0.12162514795444976,0.20588854690304187,0.26103547944492284,-0.07605859328138224,0.2774544347445385,-0.14071209856254127,-0.2825805568945673
bigw,0.0017267017524960622,2.0,-0.34327821416816606,-0.24784350122440402,0.19495211441914245,-0.06296003703801388,0.5313724921153805,0.39209226805994646,-0.05034562092678563,-0.2633979164161335,-0.08447830463744352,-0.2717903908418317,0.22090530637320954,-0.1856846928594142,-0.3041422649826252,0.010010589523614482,-0.03158929416209878,0.07267371632016682,-0.013198721359809892,-0.0861179965454125
bigw,0.002453251234786216,3.0,0.1928366695466126,0.30829118726950894,-0.2300198385760224,0.06707237945802777,-0.34481848324821357,-0.14470667730817335,0.030146645190678435,0.33047333104042786,0.09196091134477871,0.4543866253453693,-0.34160160476813584,0.2254797554339408,0.26880720982907647,0.14525493970003547,0.19460603580366767,0.20670508648355962,-0.008160840402385927,-0.06263605260066839
bigw,0.00038991066912292226,3.0,-0.3080661868785549,-0.26539461622767047,0.0438162143083712,-0.13632377958975095,0.2506313676514159,0.11670848328438903,-0.1596842612633363,-0.25992808303534,-0.5522636666039695,-0.12871149020994785,0.1533252182271509,-0.024815144322784345,0.039400234035551464,0.1586828777085961,0.1437329563115567,0.19188764212028392,-0.43625463218221355,-0.1563370629457687
bigw,0.00016581249537274086,4.0,0.2757316125698435,0.2484463332063631,-0.15211629886342382,0.12531276043106063,-0.20947782129522616,0.1136508682246997,0.04690447308067707,0.34598656950981,-0.021288495176209555,-0.28592520265544985,-0.4230812421661695,0.22417517225954917,0.3282881302199902,0.25267103731229223,0.1466975254263194,0.2739203039187373,0.1718250296763642,-0.1885440892764801
bigw,0.0003728560995688748,4.0,-0.2770847289531757,-0.17812924194902413,0.08184387208658436,0.0843023356332142,0.2874118966387883,-0.13596929019189427,-0.27761120962470076,0.03383713122720194,0.08901755408138955,-0.3143744968395578,-0.3895576069627885,-0.09596150722629646,0.12705424269787752,0.3510360763267244,0.08110450629738337,0.28920689876564803,0.3426861348378755,-0.28920907085208114
bigw,-0.000559616605303397,4.0,0.0883390722503534,0.42884805132481085,-0.16429560134814927,0.5483591082487047,-0.22861747815529956,0.14687974402844953,0.16334986836335336,0.3673900670056229,0.00934508451571291,-0.1738846176100042,0.0506551798370003,0.25977879168314566,0.011472470710528551,-0.1676258157576853,0.1517739592314229,-0.1871257602611879,-0.17754013025958126,0.16407460655608097
bigw,0.0021545030468327043,5.0,0.21586460032177013,0.34538883989155034,-0.14359441435303488,0.09114188508312557,-0.3454289027911509,-0.14810425400473792,0.11132145046834241,0.23930652767980332,-0.0005856020281036015,-0.2590407791966387,-0.3771522329030659,0.24718061786277717,0.27280346789576065,0.16901842359178787,0.2604062090435725,0.2377658372051177,0.2972056292263669,-0.09032210439967392
bigw,-5.805688442920316e-05,5.0,-0.35937903307149677,-0.01442042018765688,0.01726278076162324,-0.19557775535084398,0.24836548032113165,0.291984979869008,-0.2644564072301007,0.13000416550741972,-0.025094362837715736,-0.3125993971164255,-0.3639845942295908,-0.04480477653751126,0.07750316852259419,0.2822390354393724,0.019999688765252238,0.2922733101584283,0.32433962784352127,-0.29796868733970877
bigw,0.0006255019720533854,5.0,-0.07217741007151962,-0.41478771969774864,0.18827503018926026,-0.5125072143232148,0.18863921510124243,0.041773916205287295,-0.18379830605261807,-0.3238423283438343,-0.05275937853576326,-0.007582788897417774,-0.0064287772858947,-0.43890569315395894,0.07368474893410969,0.2053546798865973,-0.021808841322466153,0.18698989597027835,0.1919678064137864,-0.18229616905154186
bigw,0.001323962975909845,7.0,0.1723974912064774,0.2801703558073164,-0.07526168655758261,0.11419561319686915,-0.013198005624592756,0.24406407904593685,0.049492872908397385,0.24066888070704798,0.1168813919837987,-0.2037626722551004,0.4293018386310594,0.3128978788790512,0.2643556093703088,0.2521218735578553,0.30960933728514034,0.22641245132074264,0.28785465617454276,-0.2283646046501555
bigw,0.0009519092201648261,7.0,-0.3485205180081513,0.15872951786845912,0.05122225286812767,0.12289106688457459,0.2503843472700193,0.2625065425844015,-0.2495731041063355,0.15537788491110796,-0.09529717221734392,-0.12865448652570152,-0.35510565169239106,-0.05452234463321689,0.2657471309462017,0.29575278931013244,0.2781438444083246,0.2434525961483543,0.3216504252985242,-0.25434578589451184
bigw,0.0005778054381868072,7.0,-0.32524795284288044,-0.3363399370590182,-0.07802163679393585,-0.3427601273740576,0.12579024957625046,-0.2584509729988738,-0.4629998392527269,-0.330336427395829,-0.40747130686694794,-0.1774777365288932,0.10217332375487866,-0.13458406385550278,0.07519144281282929,-0.04216570270160348,0.08846144166704578,0.08470949349814624,0.03132263050847415,-0.04369019954871372
bigw,-0.0008826771545109369,7.0,-0.2715918667017462,0.13669481266477213,0.46395559316001084,0.053101075376317815,-0.03281291115492068,0.08965129486908054,0.27136171257166086,0.09625777097396161,0.22789702796370107,0.08907474629096095,0.06410210212072513,0.08973180096395167,-0.44424863774393947,-0.03189819225149237,0.5626453532423666,-0.02591641291195278,-0.09728530683544644,0.01867129001347819
qwe,0.00048793770412907034,1.0,-0.056880682583139046,-0.07544229729943586,-0.02566530352764525,0.04894920324499451,0.027439521310810646,-0.21524304928167098,-0.19325764643052323,0.23436276837678324,0.16396133166312243,0.44687933261137675,0.321063348930575,0.3007788186380715,-0.038045014367258115,0.14204273756009936,-0.1800990932731258,0.5555496586900094,0.11767053786051553,-0.2280051319605182
qwe,1.8028978654350116e-05,1.0,-0.10872886427900075,0.2175242472679737,-0.2993591467017309,-0.05751474912179972,0.08423657038661755,-0.1577076740351901,0.04878079142376067,0.25924827938566186,-0.25190470923170877,-0.03172314376534109,-0.24777942502895303,0.2012485856166863,0.1715266293703772,0.08757362277731227,0.34063032105109997,0.6137634134150531,0.1482482018315279,-0.16798830602218132
qwe,-0.0005849413704046057,2.0,0.08167787526512424,0.0672969336527608,-0.028199692269895868,-0.04865968461724929,0.4094535045642429,-0.3686337124509922,0.14189884617174217,-0.2007765968964274,0.035552612754805715,-0.25559760711816926,0.3222079608514145,-0.2330874410835297,-0.2185470064369234,-0.028842690300473678,-0.29630861519415647,-0.41923862294273884,-0.18545273894578354,0.22440647771687416
qwe,0.001364024309113496,2.0,0.007274712629730581,0.11155396442381751,-0.6051885369029397,-0.028617805785036723,0.2237343762612737,0.11163502268566877,0.10797423691074076,0.27090460109412445,-0.3994619513844824,-0.18858663382080024,-0.23648106449107695,0.11408056222395534,0.023023504513579186,0.006573170538649092,-0.017207797799134054,-0.11710688287923458,0.21905011881827469,-0.3823933166535592
qwe,0.00031364097312679964,2.0,-0.039625020914655786,-0.21327453187004633,0.10555551317165715,-0.6938266816294844,0.15283466532353393,-0.18599716051255835,-0.1738909693562722,-0.22403968018643874,-0.16976299080256485,-0.17040805876597934,0.20677655687396918,-0.31225937497993866,-0.03160777666530695,-0.0963632768883803,-0.006775865815832411,-0.06729597294328492,0.18995490160482226,0.2701071568434502
qwe,5.932324349924988e-05,2.0,-0.40626445101449804,0.3388014496871692,0.401447693866025,-0.033599998293081274,0.043638271335223106,0.08847958188404763,-0.05612728824522009,0.25158292887596906,0.35196395209993103,0.2039607425312366,0.10244458736350548,0.09937755510588392,-0.4188326280195933,0.22526406553801404,0.20967451332083928,-0.027651527977346615,0.0610697420590944,0.14568731432403947
qwe,0.0004258369608200474,3.0,0.14936822021236726,-0.022176704306558825,-0.3257705388947434,-0.007222083068534629,-0.058553540141367835,-0.2453873982077886,0.07352961510416525,0.19742569982768965,-0.011958137295209977,0.1992227118064302,0.3742283697710754,-0.3405680712250016,0.03297987130708341,-0.1680265030842952,-0.5023720279379899,0.11555685498985274,0.2233812288317418,-0.3495350633459266
qwe,0.002015013977348006,3.0,0.22998914984022115,0.02430577003289225,-0.3612579757693308,-0.039497278954248406,0.2828855412234417,-0.08862296608122319,0.4336213892489217,0.20516776471235343,-0.19933765997337477,-0.2572164575780233,-0.19822010896856856,0.12318526303934114,0.20434462754253363,0.1378458776951628,-0.16056439956354054,-0.1381619953108133,0.30287681674134936,-0.37245591459322813
qwe,8.962596707948745e-05,3.0,0.21719420449411636,-0.1958949081850978,-0.13948608957214495,-0.07203722693532155,0.18995643183630384,0.11213467578933109,-0.1893547937848784,-0.2670030416111146,-0.18218728316145172,-0.24533731901711647,0.30733723199427443,-0.48052760692887714,0.11310335879139459,0.10745528850790859,-0.30501126429016173,-0.1264520547715712,0.2904629595072436,-0.31229368066083785
qwe,0.0023006438548443153,3.0,0.20036874078912403,-0.15307626657557905,-0.10240372166082029,-0.7277342215262083,0.07912487676664055,-0.22526504075598766,-0.2056639635551808,-0.26879056175896965,-0.2411391633247907,-0.2511141226988253,0.05253740991247224,-0.2510674208361558,0.13041616836226794,0.026681343055516716,-0.11331900484602679,-0.016983930409705715,0.06937426052429556,-0.046055949276487235
qwe,0.0028402857536842154,3.0,-0.15603899760772402,-0.031854639099162196,0.20095647831417426,0.02295375780287381,-0.02707894370628024,0.15633216182496557,0.32106227693291733,0.24593973941486544,0.41136711664473924,0.5352339639797568,0.14690605417306737,0.2801854337524131,-0.39648588907247284,-0.02804196215965567,-0.013310329483343614,-0.07656983221144603,0.10573144466023505,0.11830534932478035
qwe,-0.0022348217594156815,3.0,0.3265625389669843,0.05711345199392137,0.0572129296977726,-0.01997725478935367,-0.2683398842087359,-0.09283098103760011,-0.02882904185063913,0.16718346730815634,0.09813471407043786,0.38111078790953445,-0.24181057655933402,0.19964115391828247,0.4318830009360736,-0.1110097916282069,0.46440996302171755,0.20459840706650725,-0.2210184692089296,-0.13630867831383978
qwe,0.0004327459586860317,4.0,0.33751109928996526,-0.017332610756835676,0.08051007130963132,-0.02497779919439901,-0.08025854893668566,-0.04246656016994252,0.20927134434684588,0.09671329248340561,-0.042118766580468044,0.06858776421560578,-0.1514467761156916,0.1111901927773425,0.5678570997193634,0.14972027742152452,0.549521572110379,0.024509185541719134,-0.23874529372480213,-0.26656668734953326
qwe,0.0008689482945975554,4.0,0.12018351869102549,-0.30616506886725203,0.1888171519235522,-0.730146563335272,0.09520879583843038,-0.09049307215195773,0.0065393013291719,-0.35013517384156384,-0.08134539375896573,-0.1305924771867931,0.21090170454495155,-0.23850538950879283,0.1739868866269811,0.0376589959740979,0.08129314245319987,-0.06288558150284097,0.019096520139249104,0.12453326928082568
qwe,0.0005082563624792426,4.0,-0.1661496447906804,0.63458715540034,-0.16934493908490247,-0.05107888351909338,0.06046688753020153,0.012314750637227062,0.04521940015774054,0.33526287780880043,0.034051500653637094,0.12192575085734411,-0.05606044642033623,0.23110692846069278,-0.08402743742592123,0.5638052666491473,-0.009739972582166337,-0.061972553170992935,0.07677173337699285,-0.11317179944401512
qwe,0.0017546152371720539,4.0,0.09547001626638314,-0.25789534836021977,0.26910302338302544,0.20364733852659953,-0.3514419298185755,-0.21602693855085592,0.041853974331647094,-0.43186802779823896,0.0771583233229818,-0.1824368189034996,0.1735869743447805,-0.42012749912650843,0.08824824661828765,0.12447849181291974,-0.14989514456800734,-0.16287454658118994,0.20125543580543107,-0.30559245600929147
qwe,9.429721927800504e-05,4.0,0.41423776612808677,-0.08577683056745589,-0.022442930049533034,0.08982533121109718,-0.38260018276250674,0.11673178654511719,0.31464565399208677,-0.17822866011836208,-0.3118270540696389,-0.11787320860851448,-0.28913129784405306,0.1674667449199105,0.2417225971185933,-0.05236793515934681,0.22601156310148762,-0.003008852595084044,-0.3821952443987214,0.20147619766466232
qwe,-0.00039042676905485157,6.0,0.13506921888719237,0.036149659961784986,-0.23611064814325963,-0.015054155113524792,-0.12429002242582013,-0.45706429899019285,0.24849944754006342,-0.1816032772229559,-0.14456115439339567,0.2786523242760234,0.14164016140626556,-0.3146396855541348,-0.1827577123686215,-0.10647840836919553,-0.4251635126201436,0.11749671279541178,-0.0524035037177334,0.3817438556601109
qwe,0.003391000505930245,6.0,0.0488345639858814,-0.009724606366588784,-0.10820215013848535,-0.002973019098290974,0.2288494898088688,-0.008658025853734699,0.3476741525195971,0.27200405336618666,-0.11910004128091688,0.4715777546504529,-0.39966250708350315,0.19045410512414174,0.2136181496961081,0.05686239667765017,0.1299205276957109,-0.17782669966824008,0.25977429003026853,-0.3755926128264377
qwe,0.0004808433210630645,6.0,-0.1504705174897403,-0.005556048206975084,0.1000926683086327,0.0020575112223683726,-0.04016567891683581,0.3928920756560192,-0.6688112346736126,-0.1227835680794095,0.24713709779032086,0.045398614771557974,0.3525017547444732,-0.395101461274127,-0.055184732479577885,0.011149500793172869,-0.01862777983164326,-0.015622695829629668,0.005677641935177202,-0.04061828878194695
qwe,-6.918006191611161e-05,6.0,-0.11621042974391528,-0.16868091249844896,-0.24739513268719968,0.08690123718477596,0.1736718463654252,-0.03735156258981613,-0.44223659453119585,-0.361198965105327,-0.09037473588039491,-0.15829371269595385,-0.2172898367587544,-0.03554466790844104,-0.16138318033981397,-0.3921192909262239,-0.30472218486928027,-0.11013910552196066,-0.29108231606384055,0.28367367924701054
ocran,0.001984292271880374,1.0,-0.08771542107758266,0.26141591761876415,-0.23515153383103188,0.13596267941239484,0.2011181462950491,-0.0829333183569479,0.17418626051512415,0.14905842057287247,-0.09881060135814579,-0.11727131038554085,0.07681777733294094,-0.3288552135064322,-0.4166834728216265,0.3944936054180754,-0.15972975279734913,-0.4741531771733567,0.08500173064149713,0.16101756537112705
ocran,0.0001364882949182107,1.0,-0.27098310836322,0.264879725635213,0.20469635894702518,0.17304599971230217,-0.1315951203461904,0.08279752562363742,-0.20089086024826378,0.31072127048752357,-0.02482641773269931,-0.14854772313487982,0.3317453219009148,0.550243351760603,0.02174760578199325,0.1734793987330402,0.3580588844808942,7.68030009347491e-05,-0.03205960972820349,0.1678579331917215
ocran,0.00041907861455470723,1.0,0.13931253543107708,-0.22325691308133655,-0.04461122184406284,-0.3226375508259591,-0.06999051269813843,0.0992466691892552,0.028678882481766536,-0.32345416911250596,0.07179881112634563,0.2060257576534882,-0.3000782508109784,0.06927602882408361,-0.3132243638684808,-0.3075214451527458,0.07290791510604726,0.26766884511592015,-0.32731373968087285,-0.43040255546011835
ocran,-0.002244134775251331,2.0,0.029025069354326267,-0.28460052344334735,0.31352178440862777,-0.11270143163113759,-0.2092323124343201,0.006964005361017652,-0.07897489793627546,-0.16963097719858256,0.18873863309995134,0.086248981602639,-0.14858199158110288,0.06514158139607755,-0.1901274860066637,-0.38811908752342356,0.41987532242377207,0.49275273881246584,-0.15892240721519693,-0.1667370555957007
ocran,-0.0012754775577264656,2.0,-0.11627470815963056,-0.1310290209879415,0.28240425370270944,0.20704013050465167,-0.25916623268720473,0.3609769358098377,-0.2938781722573248,0.012648274963188513,0.3455068365429565,0.0683124915308223,0.1374821195570214,0.5051458417601409,-0.1385380404935882,0.11515144415716845,0.31881322851537136,0.07228210844054324,-0.05632990568855656,0.1486286017632045
ocran,0.001109630345908698,2.0,0.04611393150952676,-0.3478658768253703,0.3109214420615409,-0.32652290636602016,-0.33141003150199544,0.013837051800081475,-0.06274603312801688,-0.3122021527367581,0.3616158499190258,0.2171281833626197,-0.25454082244605647,0.0830040012612525,-0.25534851574076084,-0.10021598818799785,0.32488156615625685,0.1772312014483885,-0.018581350049144206,-0.000701521510168224
ocran,-0.0015829062026191496,3.0,0.06164969500744825,-0.33234063120779866,0.24608987447011169,-0.108245272847485,-0.30072988364736064,0.07676281123160401,-0.05589437908644211,-0.17224053062980685,0.12776560442072016,0.0992196383166445,-0.15004694279885353,0.07119567453014057,-0.10911937306741894,-0.4190880654977617,0.41647810397639146,0.4621326881468265,-0.17668021742252996,-0.15754335600214814
ocran,0.008793664296912978,3.0,-0.22360630846329885,0.25873771207512486,0.14710219093978869,-0.02158089932866968,-0.06897286215195175,-0.031589506595824955,-0.1961820132155656,0.28030587941522184,-0.08584432265960773,-0.14468454158720462,0.39179559519310986,0.06183286073501009,0.36270870306542274,0.3629059443358826,0.04770403798487656,-0.5127827423977938,-0.08846774925052676,0.12727789473097564
ocran,0.0009861874688634885,3.0,-0.5170446075298571,-0.14431038802202545,-0.2032482101861203,-0.07662908635009433,0.3381811242299151,-0.23701148803647193,-0.3835378832439083,-0.012545075186904182,-0.4405700383672956,0.004040783308214278,0.11618963613490611,0.07144555065835005,0.03221736564461539,-0.19866108807926489,-0.24320190256605745,0.1187410118922126,0.13411647184277523,-0.04896055636974046
