Username,Adjective,LogNumber,RSV_1,RSV_2,RSV_3,RSV_4,RSV_5,RSV_6,RSV_7,RSV_8,RSV_9,RSV_10,RSV_11,RSV_12,RSV_13,RSV_14,RSV_15,RSV_16,RSV_17,RSV_18
grims2,0.09147058909322993,1,-0.1393870768100304,-0.1554562136008425,-0.017712583695167546,-0.054222658808929354,0.007126325582931935,-0.02920770850833237,-0.000721621711635792,-0.17794071896601743,0.039901158115712924,-0.04977477032799573,0.06096977301582582,-0.16700924511428297,-0.03341630844815829,-0.4736730955391435,-0.012918133333422293,0.5513991051604833,0.28032017082036553,0.5259604064874025
grims2,0.05459282280905961,1,-0.1393870768100304,-0.1554562136008425,-0.017712583695167546,-0.054222658808929354,0.007126325582931935,-0.02920770850833237,-0.000721621711635792,-0.17794071896601743,0.039901158115712924,-0.04977477032799573,0.06096977301582582,-0.16700924511428297,-0.03341630844815829,-0.4736730955391435,-0.012918133333422293,0.5513991051604833,0.28032017082036553,0.5259604064874025
grims2,-0.016882592180555073,1,-0.1393870768100304,-0.1554562136008425,-0.017712583695167546,-0.054222658808929354,0.007126325582931935,-0.02920770850833237,-0.000721621711635792,-0.17794071896601743,0.039901158115712924,-0.04977477032799573,0.06096977301582582,-0.16700924511428297,-0.03341630844815829,-0.4736730955391435,-0.012918133333422293,0.5513991051604833,0.28032017082036553,0.5259604064874025
grims2,-0.22895136532710716,1,-0.2755008508418215,0.21294611888537585,0.18453323871621102,0.010684027465943616,0.25976918362182305,-0.22390841940608897,-0.294635132549078,0.1145044019932916,0.21452864359597953,-0.01451212226615752,0.2114626022414591,0.023307792886979647,-0.2646661689399474,0.31376789960817125,-0.3506033119986337,-0.25694862943695435,0.2107953440947738,-0.36562163383876556
grims2,0.034738523032015946,2,-0.2961094428753413,0.23579912843070783,0.22892923650106034,0.013200892153671559,0.21235795619266387,-0.19498345529182756,-0.29577385982747556,0.1628176465479548,0.1981750036465508,0.25396510070129985,0.22327197557003625,0.08420804858319868,-0.31993362687945853,0.33442357397672967,-0.2911565801035095,-0.22509721011557052,0.24435223062959888,0.19227675432539768
grims2,-0.09314688755420109,2,-0.2961094428753413,0.23579912843070783,0.22892923650106034,0.013200892153671559,0.21235795619266387,-0.19498345529182756,-0.29577385982747556,0.1628176465479548,0.1981750036465508,0.25396510070129985,0.22327197557003625,0.08420804858319868,-0.31993362687945853,0.33442357397672967,-0.2911565801035095,-0.22509721011557052,0.24435223062959888,0.19227675432539768
grims2,-0.2501785688471739,2,-0.2961094428753413,0.23579912843070783,0.22892923650106034,0.013200892153671559,0.21235795619266387,-0.19498345529182756,-0.29577385982747556,0.1628176465479548,0.1981750036465508,0.25396510070129985,0.22327197557003625,0.08420804858319868,-0.31993362687945853,0.33442357397672967,-0.2911565801035095,-0.22509721011557052,0.24435223062959888,0.19227675432539768
grims2,-0.15824080722207595,2,0.38348594804693953,0.16974366201695856,-0.16800571996419444,0.034127665507029316,-0.10483427518382257,0.04549505671332994,0.14772241248327958,0.16221081232742887,-0.16253999849934825,-0.051255206103825376,-0.13785313521398196,0.05938144991285332,0.16049891608777725,0.1896745833987574,0.04448922305776607,-0.17992645240756705,-0.3192823824700004,-0.6956538749534021
grims2,-0.22199675910469616,2,0.38348594804693953,0.16974366201695856,-0.16800571996419444,0.034127665507029316,-0.10483427518382257,0.04549505671332994,0.14772241248327958,0.16221081232742887,-0.16253999849934825,-0.051255206103825376,-0.13785313521398196,0.05938144991285332,0.16049891608777725,0.1896745833987574,0.04448922305776607,-0.17992645240756705,-0.3192823824700004,-0.6956538749534021
grims2,-0.1343128627445557,2,0.0018773172130334868,-0.34877145073384425,-0.2431165156421345,0.1872980459643601,-0.08993722825265221,0.11647880854554125,0.175867012762299,-0.4351615494022266,-0.06854607041403744,-0.059079137857783064,0.18290341417854822,-0.4747683304974893,0.19532200655657886,-0.09152008702832157,0.19291839340435915,0.3298944884686155,-0.23310977776427633,-0.16809449292075368
grims2,-0.22837045264824596,2,0.0018773172130334868,-0.34877145073384425,-0.2431165156421345,0.1872980459643601,-0.08993722825265221,0.11647880854554125,0.175867012762299,-0.4351615494022266,-0.06854607041403744,-0.059079137857783064,0.18290341417854822,-0.4747683304974893,0.19532200655657886,-0.09152008702832157,0.19291839340435915,0.3298944884686155,-0.23310977776427633,-0.16809449292075368
grims2,-0.11230637314727984,2,-0.07895392262626486,-0.4454250934823434,-0.20008228814896023,0.23349367577239066,0.009676667943133379,0.35659116549569836,0.25869690653779936,-0.42316870201392226,0.31727410991904664,-0.11233599945058143,-0.05736756938355018,-0.02603334428528709,-0.026330412557489514,0.07766443521585192,0.3687558169186416,0.07574694327935602,0.05310656136302629,0.24299996702432056
grims2,-0.2057910841195935,2,-0.07895392262626486,-0.4454250934823434,-0.20008228814896023,0.23349367577239066,0.009676667943133379,0.35659116549569836,0.25869690653779936,-0.42316870201392226,0.31727410991904664,-0.11233599945058143,-0.05736756938355018,-0.02603334428528709,-0.026330412557489514,0.07766443521585192,0.3687558169186416,0.07574694327935602,0.05310656136302629,0.24299996702432056
grims2,-0.15791358747491155,2,-0.340861235211918,0.14876839072817694,0.16269106322744245,0.016618523895417764,0.3260837960783845,-0.2866588703477938,-0.3109598847869488,0.09608464988860163,0.23292919803567114,-0.07069576719292572,0.24620141214744573,0.019199474362538202,-0.31391454178965134,0.2668507619710682,-0.3208319311241724,-0.23267094251172388,0.2785988716175692,0.12581420230842444
grims2,-0.20683988250361254,2,-0.340861235211918,0.14876839072817694,0.16269106322744245,0.016618523895417764,0.3260837960783845,-0.2866588703477938,-0.3109598847869488,0.09608464988860163,0.23292919803567114,-0.07069576719292572,0.24620141214744573,0.019199474362538202,-0.31391454178965134,0.2668507619710682,-0.3208319311241724,-0.23267094251172388,0.2785988716175692,0.12581420230842444
grims2,0.03824748705777199,3,-0.32887795324040625,0.14340711394010142,0.2529913537688931,0.01046065802184917,0.26467879281286644,-0.2305067036111029,-0.2941115171913886,0.1171105666450956,0.22810784237836151,0.3750164526881275,0.24939888471911115,0.04370434634956197,-0.29319987915373774,0.2063413794132277,-0.26638592809424166,-0.1702683573253015,0.3063269616735196,0.06813698842332794
grims2,-0.09914116365142786,3,-0.32887795324040625,0.14340711394010142,0.2529913537688931,0.01046065802184917,0.26467879281286644,-0.2305067036111029,-0.2941115171913886,0.1171105666450956,0.22810784237836151,0.3750164526881275,0.24939888471911115,0.04370434634956197,-0.29319987915373774,0.2063413794132277,-0.26638592809424166,-0.1702683573253015,0.3063269616735196,0.06813698842332794
grims2,-0.25143894405967027,3,-0.32887795324040625,0.14340711394010142,0.2529913537688931,0.01046065802184917,0.26467879281286644,-0.2305067036111029,-0.2941115171913886,0.1171105666450956,0.22810784237836151,0.3750164526881275,0.24939888471911115,0.04370434634956197,-0.29319987915373774,0.2063413794132277,-0.26638592809424166,-0.1702683573253015,0.3063269616735196,0.06813698842332794
grims2,-0.19942565823161346,3,0.4321753156800153,0.009566991393761937,-0.39197114162083296,0.07942162027909809,-0.29657088186602887,0.28981875563035764,0.1640865615501051,0.0780767703812384,-0.29886616382294084,-0.007183472841543471,-0.2890179208753989,0.12448874835117182,0.2818576407048625,0.0840941067484789,-0.036510684741896955,0.01017751077080019,-0.34239656857790585,0.23372046357576756
grims2,-0.24778676362672816,3,0.4321753156800153,0.009566991393761937,-0.39197114162083296,0.07942162027909809,-0.29657088186602887,0.28981875563035764,0.1640865615501051,0.0780767703812384,-0.29886616382294084,-0.007183472841543471,-0.2890179208753989,0.12448874835117182,0.2818576407048625,0.0840941067484789,-0.036510684741896955,0.01017751077080019,-0.34239656857790585,0.23372046357576756
grims2,0.09921327753009435,3,0.2158194342861606,-0.29355268583293836,-0.2787537789197249,-0.001970258191964523,-0.3473196289846059,0.26737524264308743,0.33494363278773676,-0.25644063367439907,-0.29360966566852675,-0.02910063791333654,-0.22046508340923415,-0.11733519457060236,0.343181049480174,-0.19398959771261676,0.17322898852316668,0.19456209632502128,-0.21624859799835552,0.003812084147209063
grims2,-0.0824800798860325,3,0.2158194342861606,-0.29355268583293836,-0.2787537789197249,-0.001970258191964523,-0.3473196289846059,0.26737524264308743,0.33494363278773676,-0.25644063367439907,-0.29360966566852675,-0.02910063791333654,-0.22046508340923415,-0.11733519457060236,0.343181049480174,-0.19398959771261676,0.17322898852316668,0.19456209632502128,-0.21624859799835552,0.003812084147209063
grims2,0.023911622274838867,4,-0.2611722235936899,0.13250659371195384,0.21576141502773616,0.01362977047797759,0.2218353689239873,-0.23391306673788237,-0.2577049072076793,0.16688406790534008,0.18478948933012346,0.5283195607242771,0.23290447724017033,0.1304821542927562,-0.26100616430835766,0.18947807768732128,-0.2719892015998407,-0.18836447716349378,0.25552300677805845,0.0773800871406742
grims2,-0.05477972887726376,4,-0.2611722235936899,0.13250659371195384,0.21576141502773616,0.01362977047797759,0.2218353689239873,-0.23391306673788237,-0.2577049072076793,0.16688406790534008,0.18478948933012346,0.5283195607242771,0.23290447724017033,0.1304821542927562,-0.26100616430835766,0.18947807768732128,-0.2719892015998407,-0.18836447716349378,0.25552300677805845,0.0773800871406742
grims2,-0.25620189970076906,4,-0.2611722235936899,0.13250659371195384,0.21576141502773616,0.01362977047797759,0.2218353689239873,-0.23391306673788237,-0.2577049072076793,0.16688406790534008,0.18478948933012346,0.5283195607242771,0.23290447724017033,0.1304821542927562,-0.26100616430835766,0.18947807768732128,-0.2719892015998407,-0.18836447716349378,0.25552300677805845,0.0773800871406742
grims2,0.09257516634285196,4,-0.4681438344345846,-0.06459145265199727,0.3363742325824346,-0.049995413378099623,0.16828198393343508,0.4003973645983409,-0.20054599062393214,-0.21452092860315145,0.2173865071332506,0.03654594756183913,0.3095410536401722,-0.22312633063569015,-0.17694192128057948,-0.020258194165005218,0.042523264233000464,0.12277439014652795,0.30737859225834396,-0.22106919978066242
grims2,0.3063222663860844,4,-0.4681438344345846,-0.06459145265199727,0.3363742325824346,-0.049995413378099623,0.16828198393343508,0.4003973645983409,-0.20054599062393214,-0.21452092860315145,0.2173865071332506,0.03654594756183913,0.3095410536401722,-0.22312633063569015,-0.17694192128057948,-0.020258194165005218,0.042523264233000464,0.12277439014652795,0.30737859225834396,-0.22106919978066242
grims2,0.10326538158401882,4,0.17315801870781275,-0.307422270790468,-0.2842452310890212,0.08602181286830102,-0.25564175480051443,0.3067446416679086,0.3237701951175172,-0.31158828665070126,-0.18350780397601651,-0.048853009815115714,-0.12324270574810876,-0.2001133591557041,0.2890224592536561,-0.19250610998790676,0.275218667396799,0.27211374393598414,-0.253491021149243,0.004003035984192261
grims2,-0.07213295696596239,4,0.17315801870781275,-0.307422270790468,-0.2842452310890212,0.08602181286830102,-0.25564175480051443,0.3067446416679086,0.3237701951175172,-0.31158828665070126,-0.18350780397601651,-0.048853009815115714,-0.12324270574810876,-0.2001133591557041,0.2890224592536561,-0.19250610998790676,0.275218667396799,0.27211374393598414,-0.253491021149243,0.004003035984192261
grims2,0.05669082675138885,5,-0.2979974728830365,0.10144992999985136,0.3001149627007746,0.013042677416947746,0.2791598583952472,-0.29003681672365034,-0.3070810966362741,0.09384230554492622,0.23552161736666033,0.30222802378767955,0.2747967167669945,0.043021679637202354,-0.26595860073200955,0.11704503267195279,-0.305136102051608,-0.15313790187537274,0.34364837883124294,0.047394743181761095
grims2,-0.11370591008395149,5,-0.2979974728830365,0.10144992999985136,0.3001149627007746,0.013042677416947746,0.2791598583952472,-0.29003681672365034,-0.3070810966362741,0.09384230554492622,0.23552161736666033,0.30222802378767955,0.2747967167669945,0.043021679637202354,-0.26595860073200955,0.11704503267195279,-0.305136102051608,-0.15313790187537274,0.34364837883124294,0.047394743181761095
grims2,-0.26018403452399996,5,-0.2979974728830365,0.10144992999985136,0.3001149627007746,0.013042677416947746,0.2791598583952472,-0.29003681672365034,-0.3070810966362741,0.09384230554492622,0.23552161736666033,0.30222802378767955,0.2747967167669945,0.043021679637202354,-0.26595860073200955,0.11704503267195279,-0.305136102051608,-0.15313790187537274,0.34364837883124294,0.047394743181761095
grims2,-0.14685080344741047,5,0.452796726348999,0.14879182974772676,-0.33240908068426744,0.04845306936247199,-0.20804854355531988,0.1394539504161369,0.1572716373294002,0.21826297101030112,-0.26801361898849435,-0.04493907980123951,-0.30088414375479156,0.21596998223838923,0.2708071260125224,-0.06864646223491051,0.1761577095635817,0.012710605891079824,-0.3962290144423515,0.21822794876043905
grims2,-0.22697163172816318,5,0.452796726348999,0.14879182974772676,-0.33240908068426744,0.04845306936247199,-0.20804854355531988,0.1394539504161369,0.1572716373294002,0.21826297101030112,-0.26801361898849435,-0.04493907980123951,-0.30088414375479156,0.21596998223838923,0.2708071260125224,-0.06864646223491051,0.1761577095635817,0.012710605891079824,-0.3962290144423515,0.21822794876043905
grims2,-0.14317832703906616,5,0.023074798222110022,-0.3363436100192885,-0.09420496384086051,-0.3936790155246116,-0.1839983338353478,0.17176143630689933,0.15109223469661143,-0.3627209466947619,-0.2127169005253857,0.034539781349660514,0.014633133129419537,-0.353255241792826,0.24259468669722348,-0.39182525434511545,0.21074081165458644,0.25709256220135057,-0.08677638427665349,0.05354962214344381
grims2,-0.2504887048491245,5,0.023074798222110022,-0.3363436100192885,-0.09420496384086051,-0.3936790155246116,-0.1839983338353478,0.17176143630689933,0.15109223469661143,-0.3627209466947619,-0.2127169005253857,0.034539781349660514,0.014633133129419537,-0.353255241792826,0.24259468669722348,-0.39182525434511545,0.21074081165458644,0.25709256220135057,-0.08677638427665349,0.05354962214344381
grims2,0.08921842666543542,5,0.27889195815339385,-0.22670790588817213,-0.2286020893761798,-0.07381251638523831,-0.3374227017889144,0.3089319515571406,0.3773493779331759,-0.20488206151232632,-0.20918217958933513,-0.09750057342714821,-0.30841630083881355,-0.05164820700631443,0.28140153293590475,-0.16457393345144422,0.2719568441045955,0.14675738247094744,-0.2478950633151398,-0.07197248525302694
grims2,-0.05434191793472971,5,0.27889195815339385,-0.22670790588817213,-0.2286020893761798,-0.07381251638523831,-0.3374227017889144,0.3089319515571406,0.3773493779331759,-0.20488206151232632,-0.20918217958933513,-0.09750057342714821,-0.30841630083881355,-0.05164820700631443,0.28140153293590475,-0.16457393345144422,0.2719568441045955,0.14675738247094744,-0.2478950633151398,-0.07197248525302694
grims2,0.05410338677531315,6,-0.27043543405570486,0.1713065341436084,0.3006056938420691,-0.030210619970792916,0.3202282546382413,-0.26981836382836266,-0.2582765210923458,0.168952787518766,0.24842163653066612,0.3913937543390913,0.22054575746079375,0.15110955996478448,-0.288942875595615,0.09591521464417373,-0.21291523126218878,-0.13568510254193433,0.3035621593674688,0.0261618149256338
grims2,-0.10835503166733461,6,-0.27043543405570486,0.1713065341436084,0.3006056938420691,-0.030210619970792916,0.3202282546382413,-0.26981836382836266,-0.2582765210923458,0.168952787518766,0.24842163653066612,0.3913937543390913,0.22054575746079375,0.15110955996478448,-0.288942875595615,0.09591521464417373,-0.21291523126218878,-0.13568510254193433,0.3035621593674688,0.0261618149256338
grims2,-0.2023023349028979,6,-0.27043543405570486,0.1713065341436084,0.3006056938420691,-0.030210619970792916,0.3202282546382413,-0.26981836382836266,-0.2582765210923458,0.168952787518766,0.24842163653066612,0.3913937543390913,0.22054575746079375,0.15110955996478448,-0.288942875595615,0.09591521464417373,-0.21291523126218878,-0.13568510254193433,0.3035621593674688,0.0261618149256338
grims2,0.08177315420958449,6,-0.2308905992494127,0.31127543492933385,0.2320980971144209,0.18155744769344984,0.3417701653092302,-0.2418314777679568,-0.3553424038975637,0.23876063144228402,0.28414685880740076,-0.15243884810659905,0.2584268500946261,0.044358592024003475,-0.3217466838538303,0.24737963380240272,-0.1916329205703775,-0.10967900419182691,0.13361057273353216,0.018684489792885724
grims2,-0.08670629944333497,6,-0.2308905992494127,0.31127543492933385,0.2320980971144209,0.18155744769344984,0.3417701653092302,-0.2418314777679568,-0.3553424038975637,0.23876063144228402,0.28414685880740076,-0.15243884810659905,0.2584268500946261,0.044358592024003475,-0.3217466838538303,0.24737963380240272,-0.1916329205703775,-0.10967900419182691,0.13361057273353216,0.018684489792885724
grims2,0.03685598936692126,7,-0.38958849844654797,0.1610020413265295,0.2908864888279441,0.007844892210232036,0.26914656492012157,-0.1844258081938338,-0.32007577700764384,0.14375998628705625,0.22508108817979447,0.21040403986065892,0.2702412596949997,0.07379027055419322,-0.3320724587052051,0.12090121109371828,-0.2882801274229761,-0.0965788912193454,0.33615539349214296,0.06576611566379285
grims2,-0.1939805209017137,7,-0.38958849844654797,0.1610020413265295,0.2908864888279441,0.007844892210232036,0.26914656492012157,-0.1844258081938338,-0.32007577700764384,0.14375998628705625,0.22508108817979447,0.21040403986065892,0.2702412596949997,0.07379027055419322,-0.3320724587052051,0.12090121109371828,-0.2882801274229761,-0.0965788912193454,0.33615539349214296,0.06576611566379285
grims2,-0.08695719439080107,7,-0.38958849844654797,0.1610020413265295,0.2908864888279441,0.007844892210232036,0.26914656492012157,-0.1844258081938338,-0.32007577700764384,0.14375998628705625,0.22508108817979447,0.21040403986065892,0.2702412596949997,0.07379027055419322,-0.3320724587052051,0.12090121109371828,-0.2882801274229761,-0.0965788912193454,0.33615539349214296,0.06576611566379285
grims2,-0.22155936605783974,7,-0.38958849844654797,0.1610020413265295,0.2908864888279441,0.007844892210232036,0.26914656492012157,-0.1844258081938338,-0.32007577700764384,0.14375998628705625,0.22508108817979447,0.21040403986065892,0.2702412596949997,0.07379027055419322,-0.3320724587052051,0.12090121109371828,-0.2882801274229761,-0.0965788912193454,0.33615539349214296,0.06576611566379285
grims2,0.19765662868980718,7,-0.24510649256581352,-0.03702696249796794,0.2574348985654584,-0.05004737106396628,0.06935090254389746,0.32651785380595855,-0.037318773666529324,-0.0968938054729327,0.3376100092137861,-0.02770039785959592,0.6504395163094446,-0.1073877238788116,-0.21479345622123128,0.12615098102608832,0.004246238462794263,-0.03273396682782948,0.34352558709496706,-0.13064684884247135
grims2,0.2552414227877656,7,-0.24510649256581352,-0.03702696249796794,0.2574348985654584,-0.05004737106396628,0.06935090254389746,0.32651785380595855,-0.037318773666529324,-0.0968938054729327,0.3376100092137861,-0.02770039785959592,0.6504395163094446,-0.1073877238788116,-0.21479345622123128,0.12615098102608832,0.004246238462794263,-0.03273396682782948,0.34352558709496706,-0.13064684884247135
grims2,0.02728758814163752,7,0.15505953518845852,-0.07026086116050312,-0.16372981393906064,0.04056937285203021,-0.1183531404523012,-0.14552015266061086,0.0647928426656788,-0.003265493131470356,-0.29190625705727663,0.041310330684203235,-0.420470800496042,-0.707383112554134,0.1914853765547504,-0.13327972760747475,-0.023206973983258904,-0.00659608059790213,-0.24472396936002458,0.15546662891487448
grims2,-0.049436438598816045,7,0.15505953518845852,-0.07026086116050312,-0.16372981393906064,0.04056937285203021,-0.1183531404523012,-0.14552015266061086,0.0647928426656788,-0.003265493131470356,-0.29190625705727663,0.041310330684203235,-0.420470800496042,-0.707383112554134,0.1914853765547504,-0.13327972760747475,-0.023206973983258904,-0.00659608059790213,-0.24472396936002458,0.15546662891487448
grims2,-0.2634576570380914,7,0.15505953518845852,-0.07026086116050312,-0.16372981393906064,0.04056937285203021,-0.1183531404523012,-0.14552015266061086,0.0647928426656788,-0.003265493131470356,-0.29190625705727663,0.041310330684203235,-0.420470800496042,-0.707383112554134,0.1914853765547504,-0.13327972760747475,-0.023206973983258904,-0.00659608059790213,-0.24472396936002458,0.15546662891487448
grims2,-0.19657892674022878,7,-0.33120556256163874,0.23281353327481513,0.2367680888421305,0.00464746118634817,0.287140302754363,-0.2381729281051354,-0.30463704969670247,0.12861151764960813,0.23878118579038718,-0.08928047957162859,0.23747107311092303,0.03895308624938617,-0.32224701036276765,0.27085822892591754,-0.05213757959771282,0.11977746613001727,0.2068566063132371,-0.41417412201042114
grims2,-0.2325440525485091,7,-0.33120556256163874,0.23281353327481513,0.2367680888421305,0.00464746118634817,0.287140302754363,-0.2381729281051354,-0.30463704969670247,0.12861151764960813,0.23878118579038718,-0.08928047957162859,0.23747107311092303,0.03895308624938617,-0.32224701036276765,0.27085822892591754,-0.05213757959771282,0.11977746613001727,0.2068566063132371,-0.41417412201042114
grims2,-0.06104364456456203,8,-0.2558845453091554,0.26671515380465727,0.30650764098808514,0.00038059584545711286,0.21272155804479326,-0.19897400984336183,-0.24321693832750116,0.18048574382295596,0.20510501045944135,0.3296853996435316,0.18259336244736904,0.11391589136705675,-0.2894797894516918,0.31354350886741683,0.09657573397456748,0.08550351782581231,0.1398673368455855,-0.4212860975747688
grims2,-0.22685125149317317,8,-0.2558845453091554,0.26671515380465727,0.30650764098808514,0.00038059584545711286,0.21272155804479326,-0.19897400984336183,-0.24321693832750116,0.18048574382295596,0.20510501045944135,0.3296853996435316,0.18259336244736904,0.11391589136705675,-0.2894797894516918,0.31354350886741683,0.09657573397456748,0.08550351782581231,0.1398673368455855,-0.4212860975747688
grims2,-0.15283444347529943,8,0.34890066385743224,0.2181915193887327,-0.12344373746565657,0.03129790771191696,-0.19629265245523933,0.1903291492687706,0.09449449448907711,0.15059216218541965,-0.18097812874011182,-0.04077266262358874,-0.18186737852547274,0.060163297105916766,0.20793709631312143,0.02707597539600729,0.2606465458162252,0.15115993017540513,-0.380199245367565,-0.5980472031862155
grims2,0.08269463971678075,8,0.2089373827125613,-0.3016362656337036,-0.2315756279427731,-0.14223100246745962,-0.34887179256996004,0.2472414325452691,0.3058945443501088,-0.25755397574930355,-0.30028080797165013,-0.022310439855484934,-0.21759437028609105,-0.12886868594412365,0.3484658135189183,-0.2459059885311385,0.14718461501267527,0.2278829440527595,-0.19553091662464553,0.020327202094508955
grims2,-0.08591660475163364,8,0.2089373827125613,-0.3016362656337036,-0.2315756279427731,-0.14223100246745962,-0.34887179256996004,0.2472414325452691,0.3058945443501088,-0.25755397574930355,-0.30028080797165013,-0.022310439855484934,-0.21759437028609105,-0.12886868594412365,0.3484658135189183,-0.2459059885311385,0.14718461501267527,0.2278829440527595,-0.19553091662464553,0.020327202094508955
grims2,0.053140685477045084,9,-0.3175511623942924,0.1853866750610338,0.27253159281153105,-0.03163371060440161,0.26735735303304464,-0.2881097759572344,-0.2671673106178834,0.1988572694319093,0.2621303177815062,0.2334055612113746,0.17154888861797893,0.22408728848419548,-0.34606086193003166,0.13038080499615615,-0.18830707636641902,-0.16259747433782204,0.3497941298262297,0.016241970308199464
grims2,-0.1706743670415214,9,-0.3175511623942924,0.1853866750610338,0.27253159281153105,-0.03163371060440161,0.26735735303304464,-0.2881097759572344,-0.2671673106178834,0.1988572694319093,0.2621303177815062,0.2334055612113746,0.17154888861797893,0.22408728848419548,-0.34606086193003166,0.13038080499615615,-0.18830707636641902,-0.16259747433782204,0.3497941298262297,0.016241970308199464
grims2,-0.09402603518895568,9,-0.3175511623942924,0.1853866750610338,0.27253159281153105,-0.03163371060440161,0.26735735303304464,-0.2881097759572344,-0.2671673106178834,0.1988572694319093,0.2621303177815062,0.2334055612113746,0.17154888861797893,0.22408728848419548,-0.34606086193003166,0.13038080499615615,-0.18830707636641902,-0.16259747433782204,0.3497941298262297,0.016241970308199464
grims2,-0.20537852982886784,9,-0.3175511623942924,0.1853866750610338,0.27253159281153105,-0.03163371060440161,0.26735735303304464,-0.2881097759572344,-0.2671673106178834,0.1988572694319093,0.2621303177815062,0.2334055612113746,0.17154888861797893,0.22408728848419548,-0.34606086193003166,0.13038080499615615,-0.18830707636641902,-0.16259747433782204,0.3497941298262297,0.016241970308199464
grims2,0.07555006745459485,9,0.15324697688575364,-0.35770561348966357,-0.11712360201668674,-0.220178807516934,-0.25179985049245235,0.23876133166328364,0.3532074224680936,-0.3584338383480379,-0.06402831129112138,-0.04193394971176586,-0.20590065299970567,-0.11665223599737569,0.23853420007169007,-0.37355210299910896,0.31500884656881295,0.22908086906642355,-0.05177436139029319,-0.005927070109471734
grims2,-0.09091175667944258,9,0.15324697688575364,-0.35770561348966357,-0.11712360201668674,-0.220178807516934,-0.25179985049245235,0.23876133166328364,0.3532074224680936,-0.3584338383480379,-0.06402831129112138,-0.04193394971176586,-0.20590065299970567,-0.11665223599737569,0.23853420007169007,-0.37355210299910896,0.31500884656881295,0.22908086906642355,-0.05177436139029319,-0.005927070109471734
grims2,0.057259215380036525,10,-0.3875481874464526,0.07466298281917227,0.32241839752594054,-0.006952953723574564,0.2683241094500127,-0.30599081841204256,-0.30563628845700413,0.07107799399781195,0.24040150645177363,0.37386292857647163,0.27321191052219673,0.09315090285938568,-0.2475468213294538,0.09094232782435901,-0.09117676048694437,-0.014484407727273557,0.34227810349884286,-0.0045382859796658645
grims2,-0.08533697240303469,10,-0.3875481874464526,0.07466298281917227,0.32241839752594054,-0.006952953723574564,0.2683241094500127,-0.30599081841204256,-0.30563628845700413,0.07107799399781195,0.24040150645177363,0.37386292857647163,0.27321191052219673,0.09315090285938568,-0.2475468213294538,0.09094232782435901,-0.09117676048694437,-0.014484407727273557,0.34227810349884286,-0.0045382859796658645
grims2,-0.22482179788119672,10,-0.3875481874464526,0.07466298281917227,0.32241839752594054,-0.006952953723574564,0.2683241094500127,-0.30599081841204256,-0.30563628845700413,0.07107799399781195,0.24040150645177363,0.37386292857647163,0.27321191052219673,0.09315090285938568,-0.2475468213294538,0.09094232782435901,-0.09117676048694437,-0.014484407727273557,0.34227810349884286,-0.0045382859796658645
grims2,-0.19102297673372115,10,0.01684701606702081,-0.3386109193129293,-0.09622039462037293,-0.1757364525679166,-0.06258130682468031,0.12069063410479951,0.12107510909198074,-0.3579097516981202,-0.014259687820532232,-0.04708804507282784,0.2010403183146963,-0.4687585794389003,0.12894160279054273,-0.3030190428560133,0.37042615556726227,0.4008095217806711,-0.07343078004037226,0.09695943725300121
grims2,-0.19496639132532623,10,0.01684701606702081,-0.3386109193129293,-0.09622039462037293,-0.1757364525679166,-0.06258130682468031,0.12069063410479951,0.12107510909198074,-0.3579097516981202,-0.014259687820532232,-0.04708804507282784,0.2010403183146963,-0.4687585794389003,0.12894160279054273,-0.3030190428560133,0.37042615556726227,0.4008095217806711,-0.07343078004037226,0.09695943725300121
grims2,-0.22582866251054615,10,0.01684701606702081,-0.3386109193129293,-0.09622039462037293,-0.1757364525679166,-0.06258130682468031,0.12069063410479951,0.12107510909198074,-0.3579097516981202,-0.014259687820532232,-0.04708804507282784,0.2010403183146963,-0.4687585794389003,0.12894160279054273,-0.3030190428560133,0.37042615556726227,0.4008095217806711,-0.07343078004037226,0.09695943725300121
grims2,0.0019135919977383454,10,0.03430251321106657,-0.3892160163167127,-0.03947455833089934,-0.17828611128198477,-0.08887429091080383,-0.03516762463966283,0.2964772913186912,-0.38827880573936124,0.30947801681636844,-0.1085797688736634,-0.1281310279064638,-0.08433943333691103,0.11808189337939691,-0.34662053004377635,0.46008337596048204,0.2805484396905346,0.06594040091888492,0.07922830424982155
grims2,-0.09908209450458898,10,0.03430251321106657,-0.3892160163167127,-0.03947455833089934,-0.17828611128198477,-0.08887429091080383,-0.03516762463966283,0.2964772913186912,-0.38827880573936124,0.30947801681636844,-0.1085797688736634,-0.1281310279064638,-0.08433943333691103,0.11808189337939691,-0.34662053004377635,0.46008337596048204,0.2805484396905346,0.06594040091888492,0.07922830424982155
grims2,-0.14383900944585115,10,0.11081140824172582,0.051955569379611655,-0.5214809586296014,0.015484443377774684,-0.3058348540091535,0.0993010382533402,-0.0067952246510577545,0.024545771652617444,-0.47825069955800553,-0.04744430756336611,-0.25907554408116656,-0.04753913517682726,0.22156061797738605,-0.0655003823877714,-0.4340719877087465,-0.00258526890196072,-0.2517106124857758,0.05724817328559366
pedro,0.033111682815883156,1,0.0005769456408817266,0.08093356806869213,-0.09822676142478051,-0.21453253938003405,-0.1751371200825208,0.25640682527693015,-0.20212947360685266,0.1774613780815693,0.08879643727802748,-0.2730059596143048,-0.06050668368182124,0.19526600899571023,0.5000462157877846,0.2508779896251707,-0.298700185203523,-0.19070208603420755,-0.3661103589117439,-0.26868491366194586
pedro,-0.07960369643287492,1,0.0005769456408817266,0.08093356806869213,-0.09822676142478051,-0.21453253938003405,-0.1751371200825208,0.25640682527693015,-0.20212947360685266,0.1774613780815693,0.08879643727802748,-0.2730059596143048,-0.06050668368182124,0.19526600899571023,0.5000462157877846,0.2508779896251707,-0.298700185203523,-0.19070208603420755,-0.3661103589117439,-0.26868491366194586
pedro,0.06768821069972637,1,0.01693142043086089,-0.2935813829988926,-0.41150901187900535,0.33625274678273015,-0.12462547275508355,0.0825641847691876,0.2545200526914122,-0.28260667030243225,-0.16842186771312134,-0.2441727923009634,-0.09492175823557494,-0.24769827961035165,0.08583044827984262,0.23705943591080397,-0.34463511862513924,0.00134778238611667,-0.2718629390217793,0.22253728796575215
pedro,-0.06428648354578027,1,0.01693142043086089,-0.2935813829988926,-0.41150901187900535,0.33625274678273015,-0.12462547275508355,0.0825641847691876,0.2545200526914122,-0.28260667030243225,-0.16842186771312134,-0.2441727923009634,-0.09492175823557494,-0.24769827961035165,0.08583044827984262,0.23705943591080397,-0.34463511862513924,0.00134778238611667,-0.2718629390217793,0.22253728796575215
pedro,-0.37701494588595047,3,-0.05568699132904236,0.15894170361516027,0.4576190803795574,-0.36850100532133007,-0.01522987566434323,-0.018524360159906272,-0.2309387068365112,0.2230661909577209,0.1866547972149475,0.23889097509152965,0.07064247437381653,0.24512231484357327,-0.21024195515234273,0.19190466886148294,0.32108837276798047,0.06549653381440526,0.31921643244244935,-0.2747034694579269
pedro,0.06871528370669694,3,-0.2534282520791229,0.03441081217039399,0.10418647218449908,-0.14941998054373717,0.11820500187001867,0.06661989596035671,-0.27397818145842107,0.19719892118418372,-0.1105827617531098,0.1700138809981405,0.11458458072102956,0.36629261618203685,0.41938176176430925,-0.4578187921903832,-0.09269034092724328,-0.35250354435539777,0.12141098974524242,0.2180449843717804
pedro,-0.03735131766930725,3,-0.2534282520791229,0.03441081217039399,0.10418647218449908,-0.14941998054373717,0.11820500187001867,0.06661989596035671,-0.27397818145842107,0.19719892118418372,-0.1105827617531098,0.1700138809981405,0.11458458072102956,0.36629261618203685,0.41938176176430925,-0.4578187921903832,-0.09269034092724328,-0.35250354435539777,0.12141098974524242,0.2180449843717804
pedro,0.11431283941881513,4,-0.06125554817256766,-0.15206638622843383,-0.4499046458508915,0.2281024701280399,-0.058684888203333986,0.030560546030679488,0.11023268538424641,-0.19155582676218344,-0.033969142870924986,-0.2942352268083602,-0.07490510773562482,-0.2044437842205628,0.11888209762671285,0.13847098870205543,-0.4403382983229738,-0.2887961584500374,-0.4289112323752725,0.18906756291076596
pedro,-0.13733955450354451,4,0.12320496251199274,-0.12361164924296131,-0.392791492602576,0.22536911283941696,-0.24215434718801251,0.18694748557327506,0.08044620556193009,0.06421104805052336,-0.2980413523945206,0.05460434014045628,-0.21260319449991855,-0.3217813054890349,-0.2445291056523629,0.2534636436276161,0.1276699799971872,0.4471710192175377,0.09482600278237704,-0.2653980728002969
pedro,0.03800039604547842,4,-0.010026874457740562,-0.22262254499407197,-0.2007021136813809,0.23766075084796923,-0.18637615554749906,-0.1482750488278178,0.1713253893699323,-0.3816152727102032,-0.6473430133309221,-0.13871410738915965,-0.07276116441123115,-0.30831481234616165,0.016551041831270888,-0.008196123989484765,0.018002857173233456,0.22069421207926493,0.07138932919752942,-0.16957637666965217
pedro,-0.12073694134202285,4,-0.010026874457740562,-0.22262254499407197,-0.2007021136813809,0.23766075084796923,-0.18637615554749906,-0.1482750488278178,0.1713253893699323,-0.3816152727102032,-0.6473430133309221,-0.13871410738915965,-0.07276116441123115,-0.30831481234616165,0.016551041831270888,-0.008196123989484765,0.018002857173233456,0.22069421207926493,0.07138932919752942,-0.16957637666965217
pedro,0.01597128236684224,4,-0.4473335173039046,-0.3195442732445125,-0.11415457597664894,0.2595637143356205,0.42295594086903504,0.2655727232208705,-0.2901156252280404,0.11162300612916164,0.09023561149793824,0.17682958715008554,0.06289042715037628,0.11027733773541781,0.11899327271589985,-0.09890258377813264,-0.26176308805385595,-0.0924215148998561,-0.2816238494646119,0.18838787955411598
pedro,-0.06650153287076987,4,-0.4473335173039046,-0.3195442732445125,-0.11415457597664894,0.2595637143356205,0.42295594086903504,0.2655727232208705,-0.2901156252280404,0.11162300612916164,0.09023561149793824,0.17682958715008554,0.06289042715037628,0.11027733773541781,0.11899327271589985,-0.09890258377813264,-0.26176308805385595,-0.0924215148998561,-0.2816238494646119,0.18838787955411598
xxx,-0.1358560025941741,1,-0.23470068865655802,0.23931304910606588,0.03120676250274055,0.049140251180287274,0.007400318727777285,-0.1367025568852907,-0.010919176484136619,0.05599683810955973,-0.27135786040444126,-0.07268575583241724,-0.07756919786221193,0.2488644484463485,-0.2597087794587309,0.02437405062467754,0.71493005891949,-0.2948926842114991,-0.12926275284628266,0.1804214708263363
xxx,-0.28700160444378897,1,0.015343308348997775,0.2011791644595608,0.04480249704769013,0.05131841395243265,-0.2047574534515908,-0.15772574902412537,-0.004943532214746082,0.0773845912376241,-0.23161905004587588,-0.06176917627822528,-0.023055602096324308,0.16082014395702057,0.09716499220979215,0.1128327002388385,0.6461540973504672,-0.29445470843997995,-0.2876585495068361,0.434556049694853
xxx,0.002685679194478578,1,0.30700045959191485,0.37211299900762584,0.32510209112538485,0.06299348760754106,-0.24042014088566507,-0.18027690420772965,-0.10421904719094227,0.25890404336174305,0.009227566013778526,-0.13680187582448983,0.07600153614130195,0.0712672848241748,0.07955410931710112,0.06931942365052561,0.497369880058255,0.13682657909640317,-0.40356177451564623,-0.14028167830270444
xxx,-0.11095128129697887,1,0.30700045959191485,0.37211299900762584,0.32510209112538485,0.06299348760754106,-0.24042014088566507,-0.18027690420772965,-0.10421904719094227,0.25890404336174305,0.009227566013778526,-0.13680187582448983,0.07600153614130195,0.0712672848241748,0.07955410931710112,0.06931942365052561,0.497369880058255,0.13682657909640317,-0.40356177451564623,-0.14028167830270444
xxx,0.004998272731071671,1,-0.16119528047431614,-0.2564336637165593,0.03298310189425174,0.11129195315028584,0.03770142366976678,0.12538062901702593,-0.8471024465538034,-0.20332344361717625,0.20913045208902672,0.018949150008446238,0.00290807430433247,-0.06373598911899028,-0.02372662041048697,0.0656709741554557,0.03825951164585739,-0.21862190703023074,0.08152506435142164,-0.09885723661286143
xxx,-0.10115051895827631,1,-0.16119528047431614,-0.2564336637165593,0.03298310189425174,0.11129195315028584,0.03770142366976678,0.12538062901702593,-0.8471024465538034,-0.20332344361717625,0.20913045208902672,0.018949150008446238,0.00290807430433247,-0.06373598911899028,-0.02372662041048697,0.0656709741554557,0.03825951164585739,-0.21862190703023074,0.08152506435142164,-0.09885723661286143
xxx,-0.0071767208507906785,1,-0.16119528047431614,-0.2564336637165593,0.03298310189425174,0.11129195315028584,0.03770142366976678,0.12538062901702593,-0.8471024465538034,-0.20332344361717625,0.20913045208902672,0.018949150008446238,0.00290807430433247,-0.06373598911899028,-0.02372662041048697,0.0656709741554557,0.03825951164585739,-0.21862190703023074,0.08152506435142164,-0.09885723661286143
xxx,-0.12376877702493719,1,-0.34012664627749806,0.19749380896229518,-0.28412062878678157,0.029050597278882106,0.326614401295843,-0.0719558778336097,-0.05795762433231981,0.15909780346794236,-0.060692009060725714,-0.08503352396432053,0.1416019172883549,0.07611787910220258,-0.21150194945381393,-0.0955632517258655,-0.26406569490804066,-0.15758068017765814,0.3579585404123207,0.5566816282433926
xxx,0.01835934501959548,2,-0.41268923275542285,0.2561197444612445,-0.29875146494920407,0.03487605001670612,0.34519636435358075,-0.10046000145788965,-0.04110121195967781,0.1920780886521939,-0.12569772313568833,-0.11498966930112092,0.17144472568650093,0.09727106445523187,-0.35982905306653923,0.013416830440387561,-0.3205190055938843,0.1560902778275955,0.41064349895788776,-0.11192098994941312
xxx,-0.12616186967614784,2,-0.41268923275542285,0.2561197444612445,-0.29875146494920407,0.03487605001670612,0.34519636435358075,-0.10046000145788965,-0.04110121195967781,0.1920780886521939,-0.12569772313568833,-0.11498966930112092,0.17144472568650093,0.09727106445523187,-0.35982905306653923,0.013416830440387561,-0.3205190055938843,0.1560902778275955,0.41064349895788776,-0.11192098994941312
xxx,-0.19202059801752944,2,0.3336447318776795,0.1558654158086774,0.37492523756640983,0.09337390709766409,-0.2317093335849438,-0.1942267384110352,-0.12587427004702897,0.06701957900405546,0.1488885108284817,-0.05026270869964317,-0.0365948152305511,-0.111849130835638,-0.022625900387830005,0.30800825570120044,0.09495376241574961,0.630511427572562,-0.24629023050896318,-0.04696848664926341
xxx,-0.20351973666879414,2,0.3336447318776795,0.1558654158086774,0.37492523756640983,0.09337390709766409,-0.2317093335849438,-0.1942267384110352,-0.12587427004702897,0.06701957900405546,0.1488885108284817,-0.05026270869964317,-0.0365948152305511,-0.111849130835638,-0.022625900387830005,0.30800825570120044,0.09495376241574961,0.630511427572562,-0.24629023050896318,-0.04696848664926341
xxx,-0.19278326285003802,2,0.10754425795444615,-0.32716790351670355,-0.021514102700108353,0.030968293863220562,-0.10300767695759441,0.01966449412708067,-0.17871853770208257,-0.476725840205217,0.11568213927669663,-0.036909637545551786,-0.5304957033820741,-0.3926156897373015,-0.03878871896156433,0.21983715597896739,0.023922330426669743,0.30668110856914016,-0.11992172473739188,-0.02472240616448826
xxx,-0.0900614884081152,2,0.10754425795444615,-0.32716790351670355,-0.021514102700108353,0.030968293863220562,-0.10300767695759441,0.01966449412708067,-0.17871853770208257,-0.476725840205217,0.11568213927669663,-0.036909637545551786,-0.5304957033820741,-0.3926156897373015,-0.03878871896156433,0.21983715597896739,0.023922330426669743,0.30668110856914016,-0.11992172473739188,-0.02472240616448826
xxx,-0.2134394151748538,2,0.10754425795444615,-0.32716790351670355,-0.021514102700108353,0.030968293863220562,-0.10300767695759441,0.01966449412708067,-0.17871853770208257,-0.476725840205217,0.11568213927669663,-0.036909637545551786,-0.5304957033820741,-0.3926156897373015,-0.03878871896156433,0.21983715597896739,0.023922330426669743,0.30668110856914016,-0.11992172473739188,-0.02472240616448826
xxx,0.28574865331139265,2,-0.10600816863857732,0.5088369660370942,0.09321162267523171,0.40124280224126263,0.12832724071083032,0.13284491563263415,0.31636145370082086,0.3080302854678452,-0.46337278314475727,-0.11565134423082592,0.008154683024194292,-0.18342117588252763,0.0439444744784824,-0.24085478369160512,-0.018585782842532626,-0.03369691653728967,0.0775273728173884,0.042978969805556634
xxx,0.08175854527377166,2,0.1946722098457915,-0.4140024856052701,0.16378743028605272,0.14055210577614574,-0.2631935693693574,-0.1197256595910545,-0.15810855582636738,-0.05219157242323694,0.12244934891159594,0.02727263864670298,-0.013805460447712409,0.19288192083022354,-0.06631470366279335,0.4827282398128514,-0.10536809296050105,0.5347176332757568,-0.21257455193940408,0.005187464037284771
xxx,-0.14414062598452354,2,0.1946722098457915,-0.4140024856052701,0.16378743028605272,0.14055210577614574,-0.2631935693693574,-0.1197256595910545,-0.15810855582636738,-0.05219157242323694,0.12244934891159594,0.02727263864670298,-0.013805460447712409,0.19288192083022354,-0.06631470366279335,0.4827282398128514,-0.10536809296050105,0.5347176332757568,-0.21257455193940408,0.005187464037284771
xxx,-0.20353922397177834,2,0.1946722098457915,-0.4140024856052701,0.16378743028605272,0.14055210577614574,-0.2631935693693574,-0.1197256595910545,-0.15810855582636738,-0.05219157242323694,0.12244934891159594,0.02727263864670298,-0.013805460447712409,0.19288192083022354,-0.06631470366279335,0.4827282398128514,-0.10536809296050105,0.5347176332757568,-0.21257455193940408,0.005187464037284771
xxx,-0.14844889470247877,2,-0.39065034654242986,0.22942986725129866,-0.3311754076106162,0.03765666445007912,0.3896195891903518,-0.08461396172232809,-0.1903993452541156,0.15521602072333787,-0.09984258718302792,-0.12831618773463224,0.13358541928834142,0.15458640107172425,-0.1279837131914521,-0.2802437223579339,-0.28363941136584464,-0.18938610496664682,0.38815409655695765,0.18514373186696495
xxx,0.042068604503727534,3,-0.4445096615294031,0.24239306131892824,-0.27324629781135806,0.029541822915709195,0.3412763965106988,-0.17908306353032796,-0.08214372369212723,0.1816283380739029,-0.10988177462495387,-0.11667944000872596,0.12151575566217052,0.13080311844914988,-0.3438415302322884,0.02948022345037807,-0.2933427397048152,-0.26200268716965996,0.3738949112595285,-0.09322687976216239
xxx,-0.15569642606678527,3,-0.4445096615294031,0.24239306131892824,-0.27324629781135806,0.029541822915709195,0.3412763965106988,-0.17908306353032796,-0.08214372369212723,0.1816283380739029,-0.10988177462495387,-0.11667944000872596,0.12151575566217052,0.13080311844914988,-0.3438415302322884,0.02948022345037807,-0.2933427397048152,-0.26200268716965996,0.3738949112595285,-0.09322687976216239
xxx,-0.14832896020313394,3,0.3020459979668589,0.13148664615853634,0.4566043409872342,0.09210662004156132,-0.2901676633112721,0.14454615745109128,0.02327095040494522,0.11757703813998807,0.18077639151166178,-0.07078994391382462,0.13932669756472357,0.0029855296119736846,-0.07985809705501015,0.35071275040118277,-0.0037821497079534167,0.5499801332317704,-0.24724646431381736,-0.0702807599901816
xxx,0.04957495580526504,3,0.29962000527668337,-0.3701446589126681,0.11050017364228581,-0.3142233615206214,-0.271066234481475,0.16571315508301257,0.3400400653495084,-0.3776941269854358,0.271702304835585,0.25863183296679687,0.08389179949448351,-0.1865956495592287,-0.009972313866846992,0.18211612942842087,0.12989065920593815,-0.08019680048047018,-0.173580371291688,-0.1838178357531089
xxx,-0.08936130353993933,3,0.29962000527668337,-0.3701446589126681,0.11050017364228581,-0.3142233615206214,-0.271066234481475,0.16571315508301257,0.3400400653495084,-0.3776941269854358,0.271702304835585,0.25863183296679687,0.08389179949448351,-0.1865956495592287,-0.009972313866846992,0.18211612942842087,0.12989065920593815,-0.08019680048047018,-0.173580371291688,-0.1838178357531089
xxx,0.001814343376603468,4,-0.389088436605717,0.2852662318373018,-0.12289892106560787,0.045155440209062994,0.37379246853151726,-0.10877780737219514,0.22170119903367708,0.2622001653332192,-0.08728850709684466,-0.16982137805097405,0.17709809653484132,0.1103632021658845,-0.3309968388742113,0.05647381971414107,-0.3150467772712571,-0.18572987089842843,0.3749686865195228,-0.11633704993819377
xxx,0.0087388464289505,4,-0.389088436605717,0.2852662318373018,-0.12289892106560787,0.045155440209062994,0.37379246853151726,-0.10877780737219514,0.22170119903367708,0.2622001653332192,-0.08728850709684466,-0.16982137805097405,0.17709809653484132,0.1103632021658845,-0.3309968388742113,0.05647381971414107,-0.3150467772712571,-0.18572987089842843,0.3749686865195228,-0.11633704993819377
xxx,-0.14789317004592473,4,-0.389088436605717,0.2852662318373018,-0.12289892106560787,0.045155440209062994,0.37379246853151726,-0.10877780737219514,0.22170119903367708,0.2622001653332192,-0.08728850709684466,-0.16982137805097405,0.17709809653484132,0.1103632021658845,-0.3309968388742113,0.05647381971414107,-0.3150467772712571,-0.18572987089842843,0.3749686865195228,-0.11633704993819377
xxx,-0.008969973688276959,4,-0.389088436605717,0.2852662318373018,-0.12289892106560787,0.045155440209062994,0.37379246853151726,-0.10877780737219514,0.22170119903367708,0.2622001653332192,-0.08728850709684466,-0.16982137805097405,0.17709809653484132,0.1103632021658845,-0.3309968388742113,0.05647381971414107,-0.3150467772712571,-0.18572987089842843,0.3749686865195228,-0.11633704993819377
xxx,-0.14538090477940502,4,0.3736292281396199,0.24505881641172234,0.5328801541974149,0.06978978755253941,-0.20971773720245532,-0.04789041350253635,-0.03563314879197065,0.2075246673940015,0.16289786313064303,-0.093911598743486,0.1278797836488112,0.05795166999951844,0.047320236495095806,0.23270660467027385,-0.012796758500607774,0.5163651699030722,-0.18274381706511386,-0.09619729194380086
xxx,-0.4466223784328379,4,0.22804970103850425,-0.3403462284450225,0.06570933108875374,0.14324702860574334,-0.12378067189460087,-0.1284648589731901,-0.17462923919797857,-0.5018635896236745,0.16715926636305906,-0.05110409628077896,0.036680237720445374,-0.55415267072219,-0.0743723623697117,0.34076617382393354,-0.019809340024005015,-0.13769862230339375,-0.08392129915992713,-0.07810014694496735
xxx,-0.1401772617011257,4,0.12732065938472706,-0.3217059723093866,-0.02699904029572758,-0.4037170477176482,-0.07320462392478931,-0.06450310298215912,-0.15791001911677302,-0.4316345689295049,0.11801399635259187,0.4143913697147316,-0.3927357122070086,-0.3132629720232457,0.027519166483595432,0.161207691053936,-0.004632672520630764,-0.16413870951082857,0.011503190109326126,-0.06286260175938717
xxx,-0.1431349809369891,4,0.12732065938472706,-0.3217059723093866,-0.02699904029572758,-0.4037170477176482,-0.07320462392478931,-0.06450310298215912,-0.15791001911677302,-0.4316345689295049,0.11801399635259187,0.4143913697147316,-0.3927357122070086,-0.3132629720232457,0.027519166483595432,0.161207691053936,-0.004632672520630764,-0.16413870951082857,0.011503190109326126,-0.06286260175938717
xxx,-0.2197469401421084,4,0.12732065938472706,-0.3217059723093866,-0.02699904029572758,-0.4037170477176482,-0.07320462392478931,-0.06450310298215912,-0.15791001911677302,-0.4316345689295049,0.11801399635259187,0.4143913697147316,-0.3927357122070086,-0.3132629720232457,0.027519166483595432,0.161207691053936,-0.004632672520630764,-0.16413870951082857,0.011503190109326126,-0.06286260175938717
xxx,0.0811710565114795,4,0.3099093569280137,-0.4345970230249965,0.1863479611827538,0.08606657410233333,-0.25854544364684195,-0.08126089746358016,-0.1609972489274333,-0.3176146514197177,0.48673384649502677,0.1161267189075357,0.013563110233973502,-0.0002596779731728002,0.0886828557348198,0.32475350040007384,-0.012685265805435055,-0.1315041673094064,-0.05908970696935318,-0.29638778899348894
xxx,-0.11118359329001838,4,0.3099093569280137,-0.4345970230249965,0.1863479611827538,0.08606657410233333,-0.25854544364684195,-0.08126089746358016,-0.1609972489274333,-0.3176146514197177,0.48673384649502677,0.1161267189075357,0.013563110233973502,-0.0002596779731728002,0.0886828557348198,0.32475350040007384,-0.012685265805435055,-0.1315041673094064,-0.05908970696935318,-0.29638778899348894
xxx,-0.1982619399589995,4,-0.3688573619274497,0.19611885026597065,-0.28842939812083285,0.04634911384825586,0.4249205605563787,-0.08679975842953186,-0.025914945839025514,0.26143687121805,-0.08005767222314374,-0.11064939592591495,0.18689757336749724,0.11763621759899826,-0.20854574066087972,-0.3709827666933617,-0.37143573151766396,-0.010307129377151733,0.3101457395611059,-0.015073864298174755
xxx,-0.2105618913366587,4,-0.3688573619274497,0.19611885026597065,-0.28842939812083285,0.04634911384825586,0.4249205605563787,-0.08679975842953186,-0.025914945839025514,0.26143687121805,-0.08005767222314374,-0.11064939592591495,0.18689757336749724,0.11763621759899826,-0.20854574066087972,-0.3709827666933617,-0.37143573151766396,-0.010307129377151733,0.3101457395611059,-0.015073864298174755
xxx,-0.12262599931766435,5,-0.3944172156558918,0.2831706638577194,-0.10849418977993826,0.03874420802297574,0.3182517421107909,-0.034378643265756535,0.17444717758251077,0.33833800596588537,-0.12106345003004206,-0.14713800380490796,0.18731080299644165,0.1173706013990745,-0.29770703195919807,0.07225361703529046,-0.29613368993279776,0.41285390010337836,0.23926483778703853,-0.09590865367617078
xxx,-0.17396821058051593,5,0.2713929550108517,0.17646594089499956,0.5852518137979945,0.07540277649749466,-0.16404148978204605,0.1962380527998205,-0.0930345373083514,0.021206996991545806,0.22547377917712005,-0.04888640392154146,-0.009198491970933987,-0.04709072129881183,0.1494668424141441,0.30463729826329333,-0.11340476655972823,0.49660949994851855,-0.1912187781587598,-0.07586365297485159
xxx,-0.22760963631488934,5,0.2713929550108517,0.17646594089499956,0.5852518137979945,0.07540277649749466,-0.16404148978204605,0.1962380527998205,-0.0930345373083514,0.021206996991545806,0.22547377917712005,-0.04888640392154146,-0.009198491970933987,-0.04709072129881183,0.1494668424141441,0.30463729826329333,-0.11340476655972823,0.49660949994851855,-0.1912187781587598,-0.07586365297485159
xxx,0.07323278613396894,5,0.2534790041463027,-0.3651632093111321,0.19454999208022533,-0.03241140891146836,-0.2309161891158581,-0.059282792166411004,-0.08647611349890301,-0.37355701540090636,0.2204795352218749,0.15371603803928605,-0.3060091368535851,-0.2356571397285278,0.14098665114078898,0.4403930222455314,0.056929039108602565,0.3081701195917515,-0.15586493839743096,-0.0436089011606877
xxx,-0.080721693947556,5,0.2534790041463027,-0.3651632093111321,0.19454999208022533,-0.03241140891146836,-0.2309161891158581,-0.059282792166411004,-0.08647611349890301,-0.37355701540090636,0.2204795352218749,0.15371603803928605,-0.3060091368535851,-0.2356571397285278,0.14098665114078898,0.4403930222455314,0.056929039108602565,0.3081701195917515,-0.15586493839743096,-0.0436089011606877
xxx,0.006712828134812221,6,-0.2996123120586109,0.23928524503058368,-0.0759036656751598,0.02389409472714771,0.2329343239441953,-0.07061484106338767,0.11629976181593904,0.16271857541444235,-0.11067185223736277,0.7015807720140657,0.09963119675814969,0.09871698120139835,-0.2007392167250098,0.0431715944676951,-0.23314350475437354,0.29273705879435025,0.18902687912516025,-0.07292186845826629
xxx,-0.08859537428730656,6,-0.2996123120586109,0.23928524503058368,-0.0759036656751598,0.02389409472714771,0.2329343239441953,-0.07061484106338767,0.11629976181593904,0.16271857541444235,-0.11067185223736277,0.7015807720140657,0.09963119675814969,0.09871698120139835,-0.2007392167250098,0.0431715944676951,-0.23314350475437354,0.29273705879435025,0.18902687912516025,-0.07292186845826629
xxx,-0.04150969382805678,6,-0.2996123120586109,0.23928524503058368,-0.0759036656751598,0.02389409472714771,0.2329343239441953,-0.07061484106338767,0.11629976181593904,0.16271857541444235,-0.11067185223736277,0.7015807720140657,0.09963119675814969,0.09871698120139835,-0.2007392167250098,0.0431715944676951,-0.23314350475437354,0.29273705879435025,0.18902687912516025,-0.07292186845826629
xxx,-0.22010829842955965,6,-0.2996123120586109,0.23928524503058368,-0.0759036656751598,0.02389409472714771,0.2329343239441953,-0.07061484106338767,0.11629976181593904,0.16271857541444235,-0.11067185223736277,0.7015807720140657,0.09963119675814969,0.09871698120139835,-0.2007392167250098,0.0431715944676951,-0.23314350475437354,0.29273705879435025,0.18902687912516025,-0.07292186845826629
xxx,-0.15671420436924313,6,0.26166643926930155,-0.09527472707441209,0.5057115048765506,0.1317942672133503,-0.14967851762322412,-0.1727204734773473,-0.07242270200732118,-0.22093659462119963,0.29955898309622053,-0.020818852312819765,0.09998206099664364,-0.26445252007710834,0.06267126016664128,0.25102533271564803,-0.14303082421521815,0.5103378944143196,-0.13946542084703847,-0.07516881375181021
xxx,-0.2278825517126266,6,0.26166643926930155,-0.09527472707441209,0.5057115048765506,0.1317942672133503,-0.14967851762322412,-0.1727204734773473,-0.07242270200732118,-0.22093659462119963,0.29955898309622053,-0.020818852312819765,0.09998206099664364,-0.26445252007710834,0.06267126016664128,0.25102533271564803,-0.14303082421521815,0.5103378944143196,-0.13946542084703847,-0.07516881375181021
xxx,-0.1382095713723568,6,0.10593041912536715,-0.26751301121356397,0.08381529489186089,-0.3785976830231578,-0.06651824762521268,-0.08536435369153823,-0.06343244880503315,-0.43852647387835814,0.13824286540332645,0.41294643641319345,-0.3419212316169851,-0.32455287129659427,-0.18156592728277077,-0.3202771767689881,0.049470753554081995,-0.07724565502136926,-0.035173362065628926,-0.04168716614855582
xxx,-0.19144410436891207,6,0.10593041912536715,-0.26751301121356397,0.08381529489186089,-0.3785976830231578,-0.06651824762521268,-0.08536435369153823,-0.06343244880503315,-0.43852647387835814,0.13824286540332645,0.41294643641319345,-0.3419212316169851,-0.32455287129659427,-0.18156592728277077,-0.3202771767689881,0.049470753554081995,-0.07724565502136926,-0.035173362065628926,-0.04168716614855582
xxx,-0.15923357489186124,6,0.10593041912536715,-0.26751301121356397,0.08381529489186089,-0.3785976830231578,-0.06651824762521268,-0.08536435369153823,-0.06343244880503315,-0.43852647387835814,0.13824286540332645,0.41294643641319345,-0.3419212316169851,-0.32455287129659427,-0.18156592728277077,-0.3202771767689881,0.049470753554081995,-0.07724565502136926,-0.035173362065628926,-0.04168716614855582
xxx,-0.24749984438743272,6,0.10593041912536715,-0.26751301121356397,0.08381529489186089,-0.3785976830231578,-0.06651824762521268,-0.08536435369153823,-0.06343244880503315,-0.43852647387835814,0.13824286540332645,0.41294643641319345,-0.3419212316169851,-0.32455287129659427,-0.18156592728277077,-0.3202771767689881,0.049470753554081995,-0.07724565502136926,-0.035173362065628926,-0.04168716614855582
xxx,-0.20066854016975888,6,0.10593041912536715,-0.26751301121356397,0.08381529489186089,-0.3785976830231578,-0.06651824762521268,-0.08536435369153823,-0.06343244880503315,-0.43852647387835814,0.13824286540332645,0.41294643641319345,-0.3419212316169851,-0.32455287129659427,-0.18156592728277077,-0.3202771767689881,0.049470753554081995,-0.07724565502136926,-0.035173362065628926,-0.04168716614855582
xxx,-0.10435931686194241,6,0.3264012592266644,-0.2994462308509862,0.16798982533881882,-0.008995431307680397,-0.1759003210027321,-0.004628185545657738,0.1671712447301276,-0.01953375932381784,0.19488323088405787,-0.044715796390641445,0.027406271071305277,0.11603035436270254,0.14130298901974375,-0.6940068337017796,0.2842269090389314,-0.18039533815730033,-0.21250027081276288,-0.04374489596787403
xxx,-0.10298660904349985,6,0.16868096698750257,-0.022936351470496774,-0.3602630900420718,0.04141663322932676,-0.34384842634079754,0.09973040671598608,0.18165357586382994,0.016662391215970827,-0.3676976715232511,-0.035901299841812874,-0.1838363510976162,-0.12151188366167072,0.4753338895909463,-0.06105416430474717,0.3246174660048546,-0.1105570987274502,-0.37932239079404956,-0.04308229917409319
slasto,-0.12235744928341967,2,0.09708739653946698,-0.028915431825054405,-0.28332327979129757,0.02441460397339425,0.08521880579489821,0.21180312136178828,0.28346733288712855,0.25712903025273315,-0.41340426256404406,-0.13759624871148673,0.020390992001689333,-0.4458900057663686,-0.25163798946376925,-0.012860846265269149,-0.3961551707152352,0.19993070586089018,0.23935466601946515,-0.05932507005994597
slasto,-0.1157560583768413,2,0.16582733720495885,-0.015051997270259965,0.2905086076930163,0.02043098858968484,-0.04468168295441318,-0.5110982537920027,0.374269789612618,0.22648705467575628,-0.02314471161589312,-0.13649445763368373,-0.15057704090048032,-0.35869037429333755,-0.14890515635630006,-0.13604138980864194,0.3773986717960592,-0.16183620404880122,0.13828600006973715,0.18424856565036926
slasto,0.01473395121594231,2,-0.24893589236484445,0.20664206528267703,0.3170192555021443,-0.008856571681624325,-0.12885593433711884,0.12317517217891621,0.2164707188916821,0.11340111846952888,-0.06683516117775425,-0.10514834235788469,-0.11709906249408725,-0.21031514956657454,-0.5147484639507232,0.3060558277550805,0.34781155289833154,0.1996042484606659,-0.31017044279429296,-0.11887227793338326
slasto,-0.0786158392316238,2,-0.24893589236484445,0.20664206528267703,0.3170192555021443,-0.008856571681624325,-0.12885593433711884,0.12317517217891621,0.2164707188916821,0.11340111846952888,-0.06683516117775425,-0.10514834235788469,-0.11709906249408725,-0.21031514956657454,-0.5147484639507232,0.3060558277550805,0.34781155289833154,0.1996042484606659,-0.31017044279429296,-0.11887227793338326
slasto,-0.07067014512513496,2,0.4306041374583224,0.02421998365756861,0.2861985825262073,0.023742065088086323,-0.1399948685671916,-0.06666674131548206,0.3087227031468865,0.19900330642313582,0.11477544023797885,0.2907948229314072,-0.13772226559718764,-0.2537579405683119,0.4491774826246388,-0.17884502470154454,0.23421029853046943,-0.13829723779694314,-0.03144196592523421,0.28767069264237966
slasto,0.15502210109948722,2,0.1253001049184922,-0.04007273275466705,0.15830469995664315,-0.016539959587729636,-0.4864315240296679,0.5071622635934336,-0.23985277651917428,-0.2126171744543347,0.08037696767892752,-0.1758439780605082,0.05602465825000265,0.26675290959349773,0.25003773256560574,0.047579097767016236,0.3746052252294249,-0.09838063428097554,-0.1762184948802901,0.05722452467278065
slasto,0.17629014500654183,2,0.1253001049184922,-0.04007273275466705,0.15830469995664315,-0.016539959587729636,-0.4864315240296679,0.5071622635934336,-0.23985277651917428,-0.2126171744543347,0.08037696767892752,-0.1758439780605082,0.05602465825000265,0.26675290959349773,0.25003773256560574,0.047579097767016236,0.3746052252294249,-0.09838063428097554,-0.1762184948802901,0.05722452467278065
slasto,0.2209553856230461,2,0.1253001049184922,-0.04007273275466705,0.15830469995664315,-0.016539959587729636,-0.4864315240296679,0.5071622635934336,-0.23985277651917428,-0.2126171744543347,0.08037696767892752,-0.1758439780605082,0.05602465825000265,0.26675290959349773,0.25003773256560574,0.047579097767016236,0.3746052252294249,-0.09838063428097554,-0.1762184948802901,0.05722452467278065
slasto,0.2432199497150684,2,0.1253001049184922,-0.04007273275466705,0.15830469995664315,-0.016539959587729636,-0.4864315240296679,0.5071622635934336,-0.23985277651917428,-0.2126171744543347,0.08037696767892752,-0.1758439780605082,0.05602465825000265,0.26675290959349773,0.25003773256560574,0.047579097767016236,0.3746052252294249,-0.09838063428097554,-0.1762184948802901,0.05722452467278065
slasto,-0.3015109784983292,2,-0.17162755807509966,0.04511138588079275,-0.1680742366875394,0.00255957173645377,0.2902469739585545,-0.2884752561226866,0.09108443894244853,0.11569532670646483,-0.08747748647187734,0.6671852223337683,-0.018976870961413997,-0.15673351233253363,-0.22383271168552296,0.07388876695243009,-0.27945828384463406,0.353769254738621,0.02354359527245546,-0.11845624573366348
slasto,0.024534249551103372,3,-0.1498563593720548,0.04649125602348059,-0.20832129250383963,-0.002658475975089907,0.2733310670778351,-0.2670568238606514,0.11245962131206698,0.09529897815751655,-0.13871543753163373,0.6167603528766117,-0.009316778753483126,-0.18966615858149088,-0.20505054680045473,0.11651002778741792,-0.3071703831898448,0.3841212127068986,0.006873197698747788,-0.1759342522292874
slasto,-0.1056693931196851,3,-0.1498563593720548,0.04649125602348059,-0.20832129250383963,-0.002658475975089907,0.2733310670778351,-0.2670568238606514,0.11245962131206698,0.09529897815751655,-0.13871543753163373,0.6167603528766117,-0.009316778753483126,-0.18966615858149088,-0.20505054680045473,0.11651002778741792,-0.3071703831898448,0.3841212127068986,0.006873197698747788,-0.1759342522292874
slasto,0.009063645962011651,3,-0.465548232171863,0.23656503518465777,0.31990269923481784,-0.014389244391912446,0.01005953861639731,0.15183097270865994,-0.3819272507393178,0.3398839191548803,0.27649821347378467,-0.07597986984479618,0.0393782577531928,0.26068339300013665,-0.07168222865827975,0.01547812509662253,0.0945242008400878,-0.12243293875746247,0.23310018685853504,0.3237974007175077
slasto,-0.08833637998887782,3,-0.465548232171863,0.23656503518465777,0.31990269923481784,-0.014389244391912446,0.01005953861639731,0.15183097270865994,-0.3819272507393178,0.3398839191548803,0.27649821347378467,-0.07597986984479618,0.0393782577531928,0.26068339300013665,-0.07168222865827975,0.01547812509662253,0.0945242008400878,-0.12243293875746247,0.23310018685853504,0.3237974007175077
slasto,-0.18532837558497822,3,0.21355427634003277,-0.16864498202497658,-0.15414320887322583,-0.7585518616426302,0.07557953748750834,0.12741532679473025,0.08504016031782662,0.017541521519679682,-0.07508714021556964,-0.028693976371335504,-0.03111976163870612,-0.18261453391586155,-0.026481527915597998,-0.1302794454142014,0.030316753531032317,0.2743739701527449,0.3290410997364656,0.2332075418480232
slasto,-0.062310400590527705,3,0.21355427634003277,-0.16864498202497658,-0.15414320887322583,-0.7585518616426302,0.07557953748750834,0.12741532679473025,0.08504016031782662,0.017541521519679682,-0.07508714021556964,-0.028693976371335504,-0.03111976163870612,-0.18261453391586155,-0.026481527915597998,-0.1302794454142014,0.030316753531032317,0.2743739701527449,0.3290410997364656,0.2332075418480232
slasto,-0.216972007169852,3,0.21355427634003277,-0.16864498202497658,-0.15414320887322583,-0.7585518616426302,0.07557953748750834,0.12741532679473025,0.08504016031782662,0.017541521519679682,-0.07508714021556964,-0.028693976371335504,-0.03111976163870612,-0.18261453391586155,-0.026481527915597998,-0.1302794454142014,0.030316753531032317,0.2743739701527449,0.3290410997364656,0.2332075418480232
slasto,-0.2279138960155856,3,0.21355427634003277,-0.16864498202497658,-0.15414320887322583,-0.7585518616426302,0.07557953748750834,0.12741532679473025,0.08504016031782662,0.017541521519679682,-0.07508714021556964,-0.028693976371335504,-0.03111976163870612,-0.18261453391586155,-0.026481527915597998,-0.1302794454142014,0.030316753531032317,0.2743739701527449,0.3290410997364656,0.2332075418480232
slasto,0.05823352972456755,3,0.05582577340452812,-0.5202233203597658,0.24478429841296537,-0.011104048167484672,-0.29961839631076037,0.2585477029194574,-0.06413852615464019,-0.23282219455451145,0.15528198075765165,0.08743838425150884,-0.0334710754188574,0.13181935823006038,-0.14409318234244892,-0.45948038246175854,0.31517885217926084,-0.20911615252329774,-0.12526996865863643,0.10183799650952459
slasto,0.015357936087087824,3,0.05582577340452812,-0.5202233203597658,0.24478429841296537,-0.011104048167484672,-0.29961839631076037,0.2585477029194574,-0.06413852615464019,-0.23282219455451145,0.15528198075765165,0.08743838425150884,-0.0334710754188574,0.13181935823006038,-0.14409318234244892,-0.45948038246175854,0.31517885217926084,-0.20911615252329774,-0.12526996865863643,0.10183799650952459
slasto,0.020805614362255545,3,0.05582577340452812,-0.5202233203597658,0.24478429841296537,-0.011104048167484672,-0.29961839631076037,0.2585477029194574,-0.06413852615464019,-0.23282219455451145,0.15528198075765165,0.08743838425150884,-0.0334710754188574,0.13181935823006038,-0.14409318234244892,-0.45948038246175854,0.31517885217926084,-0.20911615252329774,-0.12526996865863643,0.10183799650952459
slasto,-0.011642318649101412,3,0.05582577340452812,-0.5202233203597658,0.24478429841296537,-0.011104048167484672,-0.29961839631076037,0.2585477029194574,-0.06413852615464019,-0.23282219455451145,0.15528198075765165,0.08743838425150884,-0.0334710754188574,0.13181935823006038,-0.14409318234244892,-0.45948038246175854,0.31517885217926084,-0.20911615252329774,-0.12526996865863643,0.10183799650952459
slasto,-0.014764690540405195,3,0.05582577340452812,-0.5202233203597658,0.24478429841296537,-0.011104048167484672,-0.29961839631076037,0.2585477029194574,-0.06413852615464019,-0.23282219455451145,0.15528198075765165,0.08743838425150884,-0.0334710754188574,0.13181935823006038,-0.14409318234244892,-0.45948038246175854,0.31517885217926084,-0.20911615252329774,-0.12526996865863643,0.10183799650952459
slasto,0.021757222458042545,4,-0.15381781921087875,0.054404329189538636,-0.31587423159261757,-0.02003834188399798,0.311831836939946,-0.3708169003746792,0.020778230501414745,0.0439271469140262,-0.3702492805031699,-0.08390862133538705,-0.015958232594039924,-0.23872242327122106,-0.2877696368488957,0.05496106499442372,-0.38478316611825314,0.4157928283998772,0.005430767022408261,-0.16710775273802217
slasto,0.00945779532564688,4,-0.15381781921087875,0.054404329189538636,-0.31587423159261757,-0.02003834188399798,0.311831836939946,-0.3708169003746792,0.020778230501414745,0.0439271469140262,-0.3702492805031699,-0.08390862133538705,-0.015958232594039924,-0.23872242327122106,-0.2877696368488957,0.05496106499442372,-0.38478316611825314,0.4157928283998772,0.005430767022408261,-0.16710775273802217
slasto,-0.11169621193262505,4,-0.15381781921087875,0.054404329189538636,-0.31587423159261757,-0.02003834188399798,0.311831836939946,-0.3708169003746792,0.020778230501414745,0.0439271469140262,-0.3702492805031699,-0.08390862133538705,-0.015958232594039924,-0.23872242327122106,-0.2877696368488957,0.05496106499442372,-0.38478316611825314,0.4157928283998772,0.005430767022408261,-0.16710775273802217
slasto,-0.0009073287090216751,4,-0.15381781921087875,0.054404329189538636,-0.31587423159261757,-0.02003834188399798,0.311831836939946,-0.3708169003746792,0.020778230501414745,0.0439271469140262,-0.3702492805031699,-0.08390862133538705,-0.015958232594039924,-0.23872242327122106,-0.2877696368488957,0.05496106499442372,-0.38478316611825314,0.4157928283998772,0.005430767022408261,-0.16710775273802217
slasto,0.0358661607920876,4,-0.37487447125392204,0.17659608633282498,0.20915587070169198,-0.05176735093736026,0.13760075626861534,0.03209854311858017,-0.48795290747071374,0.29322320010522696,0.2362767187670923,0.29236467596544125,0.14775020281132942,0.19052031932572844,0.19883415277188002,0.17681062509689874,-0.1508705452017402,0.3069984397523681,0.08693432645850914,-0.20740849200082606
slasto,-0.07351151398764154,4,-0.37487447125392204,0.17659608633282498,0.20915587070169198,-0.05176735093736026,0.13760075626861534,0.03209854311858017,-0.48795290747071374,0.29322320010522696,0.2362767187670923,0.29236467596544125,0.14775020281132942,0.19052031932572844,0.19883415277188002,0.17681062509689874,-0.1508705452017402,0.3069984397523681,0.08693432645850914,-0.20740849200082606
slasto,-0.14107691806758318,4,0.18564931910020524,-0.24871691913945904,0.0016432177422480412,0.11311775505843615,-0.16648246875403724,0.18324038248498686,0.5386362987579695,-0.36824348536814505,-0.11970039559157857,-0.06553240875330776,0.1432208324834406,0.017095343826042168,-0.039439111152988995,-0.23811821612816458,0.38112612956789876,-0.09091259457608786,-0.3545622827318122,0.164105498499672
slasto,-0.11365401235531539,4,0.12750012152098336,-0.22715501157684725,-0.062084760590464014,-0.4024774139709779,-0.05950600739320355,0.14496904462349028,-0.17250787313624105,-0.5731022904031444,0.12801974285446835,-0.02775344023301123,0.32839320868972316,0.19195109988701267,0.09393619304339391,-0.16739793825821003,0.20472081291259125,-0.06831173123312981,-0.13059977728347444,0.3481571872670067
slasto,0.02599711388883798,4,0.13136733183170154,-0.17319789931036222,-0.03685696692563438,0.128604426814869,-0.17519736596028626,0.19671809284442246,-0.07635523728383573,-0.3713795621460734,-0.08303315900708093,0.6347249784521863,0.33918323084939805,0.17205866751498583,0.15480200701439314,-0.09251137947604225,0.17239361251560234,-0.054914031543708566,-0.2831364255647753,0.1478493728549838
slasto,-0.10392237404828543,4,0.13136733183170154,-0.17319789931036222,-0.03685696692563438,0.128604426814869,-0.17519736596028626,0.19671809284442246,-0.07635523728383573,-0.3713795621460734,-0.08303315900708093,0.6347249784521863,0.33918323084939805,0.17205866751498583,0.15480200701439314,-0.09251137947604225,0.17239361251560234,-0.054914031543708566,-0.2831364255647753,0.1478493728549838
slasto,-0.12174200421225048,4,-0.22401233311683827,-0.0390067808214728,-0.16815547738837558,0.027030487013937007,0.5483318767653709,-0.5111262782984747,-0.11094244873420239,0.08245561496793752,-0.18086352778520862,-0.06035912233335419,0.06559895479254681,-0.2733546781092928,-0.2940651037977796,-0.017307644135700715,-0.3009005778409569,-0.014272993993544139,0.1332361026797143,-0.16617322834790926
slasto,-0.18973018397959168,6,-0.33722016659324455,-0.07877614890409479,-0.23069869643463026,0.07159765767475414,0.23239361997771224,0.19127712452043108,-0.1567494304009856,0.15943213627040204,-0.27916661929713765,0.2911661192893291,0.012235790835972617,-0.3205850578850133,-0.30661706890582324,0.1748819191362217,-0.3667542155161671,-0.2112860274162805,0.129506358224647,-0.30820413341365016
slasto,-0.2333559923256816,6,-0.33722016659324455,-0.07877614890409479,-0.23069869643463026,0.07159765767475414,0.23239361997771224,0.19127712452043108,-0.1567494304009856,0.15943213627040204,-0.27916661929713765,0.2911661192893291,0.012235790835972617,-0.3205850578850133,-0.30661706890582324,0.1748819191362217,-0.3667542155161671,-0.2112860274162805,0.129506358224647,-0.30820413341365016
slasto,-0.27764736011759045,6,-0.33722016659324455,-0.07877614890409479,-0.23069869643463026,0.07159765767475414,0.23239361997771224,0.19127712452043108,-0.1567494304009856,0.15943213627040204,-0.27916661929713765,0.2911661192893291,0.012235790835972617,-0.3205850578850133,-0.30661706890582324,0.1748819191362217,-0.3667542155161671,-0.2112860274162805,0.129506358224647,-0.30820413341365016
slasto,-0.062302612170615834,6,-0.25224183596683164,-0.04876456549991137,-0.07104238976195756,0.04357857777911869,-0.09003363922276882,0.15049799577143494,-0.1793278049742664,0.13456798224976116,-0.06003788367941247,0.8125509636110579,-0.08392203208579262,-0.1290557821925198,-0.11598104291218123,0.1227236080173124,-0.0961113364898676,-0.16482566045313046,-0.0687727550237705,-0.29805715821139855
slasto,-0.34126418513971013,6,-0.25224183596683164,-0.04876456549991137,-0.07104238976195756,0.04357857777911869,-0.09003363922276882,0.15049799577143494,-0.1793278049742664,0.13456798224976116,-0.06003788367941247,0.8125509636110579,-0.08392203208579262,-0.1290557821925198,-0.11598104291218123,0.1227236080173124,-0.0961113364898676,-0.16482566045313046,-0.0687727550237705,-0.29805715821139855
slasto,0.03640378707471169,6,-0.44229429692868244,0.2073141730168866,0.2599002517904608,-0.05207514396685178,0.02760399512300383,-0.08703783137943166,-0.28388348938589736,0.3333074288417825,0.2728995562922932,-0.08057794735589481,0.3232660309780221,0.19969230579842598,-0.014449154704878887,0.0761085139580444,0.005739958593629196,0.40791682791342443,-0.0665143516296989,-0.29818775796609653
slasto,-0.08975279318904104,6,-0.44229429692868244,0.2073141730168866,0.2599002517904608,-0.05207514396685178,0.02760399512300383,-0.08703783137943166,-0.28388348938589736,0.3333074288417825,0.2728995562922932,-0.08057794735589481,0.3232660309780221,0.19969230579842598,-0.014449154704878887,0.0761085139580444,0.005739958593629196,0.40791682791342443,-0.0665143516296989,-0.29818775796609653
slasto,0.014090614265397986,6,0.2488410003186103,-0.22310487558668568,-0.19230994086063458,0.16881467286090046,0.011670229955339378,0.20673284835590883,-0.19182375354904796,-0.15383478272566523,-0.3079142254772387,0.1202269584913013,0.2752866497760583,0.45708856499920325,0.2700418004275337,0.03191859039721965,-0.1333559889723682,-0.13644859303421444,0.137560504599617,0.44298986163860854
slasto,-0.12034561342534944,6,0.2488410003186103,-0.22310487558668568,-0.19230994086063458,0.16881467286090046,0.011670229955339378,0.20673284835590883,-0.19182375354904796,-0.15383478272566523,-0.3079142254772387,0.1202269584913013,0.2752866497760583,0.45708856499920325,0.2700418004275337,0.03191859039721965,-0.1333559889723682,-0.13644859303421444,0.137560504599617,0.44298986163860854
slasto,-0.11033146134345839,6,0.40824797925237705,-0.292954522540101,-0.17721287778028974,0.2243161370339662,-0.1828702938956637,0.2569358722893801,-0.07814939105270953,-0.3077213184476895,-0.05748212165706012,0.06134490343379609,-0.510464559448946,0.07004790580630336,0.15795769367527665,-0.02570435019223324,-0.08041768419706163,-0.20405511423351305,0.18492978551245645,0.2916637532536904
slasto,-0.06866439816534757,6,0.2157704466843004,-0.18169548872605812,-0.23818811835190717,-0.1410066528504715,0.14065802968756116,0.1684779721450862,-0.05392129071167342,-0.43565977987410426,-0.19749885196876044,-0.011823724381906363,-0.6105589220353411,0.09592806305900245,0.06724344273758036,-0.06372242804552021,-0.046784642762500384,-0.14237108710316226,0.23232732071565187,0.3111115890971218
slasto,-0.28865432695750914,6,-0.05835986369859669,0.027232206978519958,-0.444983879522952,0.0055689030206815815,0.410321671955942,0.15531595633021625,-0.012529990152933573,0.05166360229235856,-0.39958163159637944,-0.05059475878824652,0.128511262873258,-0.30753238347109635,-0.2634078662274043,0.1097815403211913,-0.4296974674378469,-0.1573359808772263,0.03585624721997214,-0.19252353447602116
slasto,0.0245189122550621,7,-0.07905189127430394,0.01596558751795618,-0.44535726922715796,0.018497771237469988,0.2456490345911671,0.16493828773431854,0.010450023699795342,0.04949469623084824,-0.4929567491055908,-0.06992003212762464,0.09612776759859014,-0.39448379489055013,-0.19144408097949514,0.15227920637327005,-0.37666580414292306,-0.16701819190724781,-0.03527669376948276,-0.24717199858892674
slasto,-0.10663796046098323,7,-0.07905189127430394,0.01596558751795618,-0.44535726922715796,0.018497771237469988,0.2456490345911671,0.16493828773431854,0.010450023699795342,0.04949469623084824,-0.4929567491055908,-0.06992003212762464,0.09612776759859014,-0.39448379489055013,-0.19144408097949514,0.15227920637327005,-0.37666580414292306,-0.16701819190724781,-0.03527669376948276,-0.24717199858892674
slasto,0.02331503339937629,7,-0.44469868664427986,0.14005429071236686,0.2938471895161871,0.006428187657598898,-0.03595654450700739,0.014209694430563559,-0.40352422525137593,0.3206501602389689,0.30508811336475966,-0.09713987394543705,0.08836011812647465,0.315724844482287,0.13690033587059053,0.09590593659788635,-0.028403666348646578,0.3465665127056935,-0.031399551783016164,-0.2631576881403888
slasto,-0.08948072194883834,7,-0.44469868664427986,0.14005429071236686,0.2938471895161871,0.006428187657598898,-0.03595654450700739,0.014209694430563559,-0.40352422525137593,0.3206501602389689,0.30508811336475966,-0.09713987394543705,0.08836011812647465,0.315724844482287,0.13690033587059053,0.09590593659788635,-0.028403666348646578,0.3465665127056935,-0.031399551783016164,-0.2631576881403888
slasto,-0.13835501882915213,7,0.1854867916903114,-0.224533559687776,-0.05396982252302567,-0.15331437603398826,-0.31880032947162723,0.15497387505152854,0.3265257584865322,-0.4308909398283103,0.0080837171570651,-0.07955367695278312,0.27312885270517234,0.023029201739487404,0.17412881063496363,-0.002888043932164849,0.17101318457126127,-0.11473984572328932,-0.4946980444931626,-0.26802003193199003
slasto,-0.21777002466699744,7,0.1854867916903114,-0.224533559687776,-0.05396982252302567,-0.15331437603398826,-0.31880032947162723,0.15497387505152854,0.3265257584865322,-0.4308909398283103,0.0080837171570651,-0.07955367695278312,0.27312885270517234,0.023029201739487404,0.17412881063496363,-0.002888043932164849,0.17101318457126127,-0.11473984572328932,-0.4946980444931626,-0.26802003193199003
slasto,-0.250003909122464,7,0.1854867916903114,-0.224533559687776,-0.05396982252302567,-0.15331437603398826,-0.31880032947162723,0.15497387505152854,0.3265257584865322,-0.4308909398283103,0.0080837171570651,-0.07955367695278312,0.27312885270517234,0.023029201739487404,0.17412881063496363,-0.002888043932164849,0.17101318457126127,-0.11473984572328932,-0.4946980444931626,-0.26802003193199003
slasto,0.019005991727751203,7,0.1515561505799882,-0.19592731714381217,-0.04087244391644287,-0.31426803369369305,-0.24010428304188816,0.12639761054324275,-0.01377664607072242,-0.5486070807038413,0.1605517287905931,-0.019705935965924206,0.29423586218721204,0.13707238480505726,0.24989781321698956,-0.039090980642627636,0.17627029054041565,-0.0801601765668208,-0.40313409844459264,-0.26058120250474087
slasto,-0.10940345505713361,7,0.1515561505799882,-0.19592731714381217,-0.04087244391644287,-0.31426803369369305,-0.24010428304188816,0.12639761054324275,-0.01377664607072242,-0.5486070807038413,0.1605517287905931,-0.019705935965924206,0.29423586218721204,0.13707238480505726,0.24989781321698956,-0.039090980642627636,0.17627029054041565,-0.0801601765668208,-0.40313409844459264,-0.26058120250474087
slasto,-0.3532497406687206,7,-0.044112726987106825,0.025059895324430946,-0.391708006503811,0.0104775868523629,0.38242455051490776,0.1379966318017956,0.0229939951141995,0.10212814737331306,-0.3020390245147597,-0.08544317945438618,0.13080705614636354,0.5059186983118268,-0.23993428819338275,0.11370504038751797,-0.4231698340797811,0.1124273122367318,0.04529339559236882,-0.17826080111843823
slasto,-0.09785490626298841,8,-0.21944285828928384,0.030651979379745953,-0.19734852774914916,0.03230226248820201,0.03118296076430805,0.17345388093106862,-0.1293714754049363,0.2221999276944467,-0.1869448965501649,-0.11723121162909908,0.1485710285297344,0.6334531010787572,-0.2400730060524818,0.10931549902562346,-0.4345169415435465,-0.13936762380288606,0.012356743611603742,-0.2524942421773608
slasto,-0.11220499980382737,8,-0.42470618640224295,0.059274634523482916,0.3065005541003187,0.05969927946761074,-0.1542218861619619,0.20475586360179698,-0.40619345645339744,0.26291897477238185,0.4135856960000826,-0.04549616179084696,-0.09386122139889452,0.25045574628562145,0.08747709289719721,0.04313864022966928,-0.06049703816140178,-0.2058883325418442,-0.10041614927130638,-0.32934509482551305
slasto,-0.23076786470683844,8,-0.42470618640224295,0.059274634523482916,0.3065005541003187,0.05969927946761074,-0.1542218861619619,0.20475586360179698,-0.40619345645339744,0.26291897477238185,0.4135856960000826,-0.04549616179084696,-0.09386122139889452,0.25045574628562145,0.08747709289719721,0.04313864022966928,-0.06049703816140178,-0.2058883325418442,-0.10041614927130638,-0.32934509482551305
slasto,-0.32128721065164584,8,0.11707329627568641,-0.2054504357511687,0.043715590654436975,0.16390799511927698,-0.41435964913302203,0.19732964902147895,0.15405040862267871,-0.22068621385211593,0.3325076579610644,0.11496176666566124,-0.4236200992356444,0.09923824895738056,0.021325368960860645,-0.04105853822066313,0.0930865032135032,-0.14258412265737658,-0.43869825587284966,-0.3091413960504864
slasto,-0.13052233022198734,8,0.1249998603497745,-0.19740956762066275,-0.0244796621650954,-0.32932502011246956,-0.2953121444032575,0.1336708716935575,0.30195503734050655,-0.3758402166456452,0.03986915520919682,-0.02708483635868454,0.250307339592925,0.049871119598137274,0.06116218286355605,-0.16341019561956818,0.2602591272833072,-0.08088207279886588,-0.5410530637958082,-0.18416710062742842
slasto,-0.18228999710780458,8,0.1249998603497745,-0.19740956762066275,-0.0244796621650954,-0.32932502011246956,-0.2953121444032575,0.1336708716935575,0.30195503734050655,-0.3758402166456452,0.03986915520919682,-0.02708483635868454,0.250307339592925,0.049871119598137274,0.06116218286355605,-0.16341019561956818,0.2602591272833072,-0.08088207279886588,-0.5410530637958082,-0.18416710062742842
slasto,-0.20093566675230168,8,0.1249998603497745,-0.19740956762066275,-0.0244796621650954,-0.32932502011246956,-0.2953121444032575,0.1336708716935575,0.30195503734050655,-0.3758402166456452,0.03986915520919682,-0.02708483635868454,0.250307339592925,0.049871119598137274,0.06116218286355605,-0.16341019561956818,0.2602591272833072,-0.08088207279886588,-0.5410530637958082,-0.18416710062742842
slasto,-0.06824734379757673,8,0.3322335017324747,-0.01640655426126625,0.3080325706086582,-0.0018491330346958807,-0.3874680955685938,0.11329803589814683,0.3290831224990118,-0.017070930721325386,0.365230532930666,-0.08255995130922564,0.019901331764252267,0.2933435157080958,0.30017204131853537,0.011467514537197694,0.21333966817713806,-0.0958371619565809,-0.332160592915644,-0.20245787435884083
minestra,0.012644928526468795,1,-0.45781594586104907,0.20530233408742682,-0.19447317497780953,-0.07567746657891306,-0.10926855024869499,0.14731935931342793,-0.17252566860702567,0.23233160468358416,-0.12221671248476124,0.05502709696011997,0.14786543978285258,0.20296538711819137,-0.45427284226916326,0.2623199270671795,-0.34980159097586266,-0.3295739677007259,0.00983962821251099,0.006808252025449146
minestra,-0.06259448455471597,1,-0.45781594586104907,0.20530233408742682,-0.19447317497780953,-0.07567746657891306,-0.10926855024869499,0.14731935931342793,-0.17252566860702567,0.23233160468358416,-0.12221671248476124,0.05502709696011997,0.14786543978285258,0.20296538711819137,-0.45427284226916326,0.2623199270671795,-0.34980159097586266,-0.3295739677007259,0.00983962821251099,0.006808252025449146
minestra,0.02597436486804392,1,0.2838164948531044,-0.34046480579699334,0.1688095356589188,0.1670587212672345,-0.1433911731526532,0.13536495451243866,0.10730635413094929,-0.3826749489036767,0.1641600070089836,-0.06212371708117173,-0.1644936750996052,-0.3544795929146098,-0.09302031471500306,-0.3541995739584733,0.2102664627304943,0.36987469348830915,-0.14052158524044026,-0.1785767219429414
minestra,-0.06011218671839815,1,0.2838164948531044,-0.34046480579699334,0.1688095356589188,0.1670587212672345,-0.1433911731526532,0.13536495451243866,0.10730635413094929,-0.3826749489036767,0.1641600070089836,-0.06212371708117173,-0.1644936750996052,-0.3544795929146098,-0.09302031471500306,-0.3541995739584733,0.2102664627304943,0.36987469348830915,-0.14052158524044026,-0.1785767219429414
minestra,-0.11205652985119624,1,0.03958522656173831,0.08780821131602501,-0.2600494886537304,-0.06959515761362976,0.29293788199235954,-0.3876808352429418,0.06383203353835319,0.19550408157825439,-0.3630011377096449,0.32768146761621536,-0.24580720056792454,0.12470101977088767,0.3401984598496927,0.13817474397224658,-0.28390432454310666,-0.2092937481647963,0.19500992606299325,-0.16574058675013087
minestra,-0.07976554614632494,2,0.02709359996897031,0.11053858023538521,-0.23577518373168138,-0.06779994935340339,0.19496616735374545,-0.19986526171816066,0.056981613171745285,0.2503619694875027,-0.3394850966564723,0.3820615767542948,-0.13118963872959397,0.1840086319042212,0.376414795038543,0.17855447523690116,-0.37764079934433503,-0.24033297660517947,0.2254896325011865,-0.2142322953376937
minestra,0.044254633038270846,2,-0.30212820382380795,0.2633234068668844,-0.18173069959697885,-0.11402576514058516,0.1672047857701611,0.15238736084260693,-0.318468356168113,0.3015277942152217,-0.25899116267103406,0.0928391577257946,0.10767299214580861,0.34591775704758854,-0.06354654039990451,0.2776593947294605,-0.2991220742172635,-0.251519296317845,0.2810527713809013,0.17327239582145226
minestra,-0.034610043704533675,2,-0.30212820382380795,0.2633234068668844,-0.18173069959697885,-0.11402576514058516,0.1672047857701611,0.15238736084260693,-0.318468356168113,0.3015277942152217,-0.25899116267103406,0.0928391577257946,0.10767299214580861,0.34591775704758854,-0.06354654039990451,0.2776593947294605,-0.2991220742172635,-0.251519296317845,0.2810527713809013,0.17327239582145226
minestra,-0.028609410733042847,2,-0.30212820382380795,0.2633234068668844,-0.18173069959697885,-0.11402576514058516,0.1672047857701611,0.15238736084260693,-0.318468356168113,0.3015277942152217,-0.25899116267103406,0.0928391577257946,0.10767299214580861,0.34591775704758854,-0.06354654039990451,0.2776593947294605,-0.2991220742172635,-0.251519296317845,0.2810527713809013,0.17327239582145226
minestra,-0.08972283244360822,3,-0.2644941947369196,0.362870352970436,-0.33814862442087606,-0.0996191577114258,0.19384267698608273,0.1331145110331085,-0.08489056221500468,0.23109737415295456,-0.34348159215987484,0.3158215247193507,-0.1330426879718929,0.1416432011936952,0.012937949879412379,0.2765877532211145,-0.2186366931510115,-0.1541791300998287,0.2485093126769814,0.30448044901107735
minestra,0.04126197629554065,3,-0.3733230929599098,0.5059525298156626,0.1018957869178516,-0.07418983380224242,-0.1595913178827233,0.11898862574552613,-0.17939629951671707,0.3043164293599296,0.05335739399724411,-0.06162241099125639,0.20013000244098395,0.26173800677631387,-0.12019203136292167,0.35497712108097795,-0.1987675056761514,-0.2568607036655225,0.10504228733950526,0.22838121468951716
minestra,-0.12447477469221456,3,-0.3733230929599098,0.5059525298156626,0.1018957869178516,-0.07418983380224242,-0.1595913178827233,0.11898862574552613,-0.17939629951671707,0.3043164293599296,0.05335739399724411,-0.06162241099125639,0.20013000244098395,0.26173800677631387,-0.12019203136292167,0.35497712108097795,-0.1987675056761514,-0.2568607036655225,0.10504228733950526,0.22838121468951716
minestra,-0.23311323471824427,3,-0.3733230929599098,0.5059525298156626,0.1018957869178516,-0.07418983380224242,-0.1595913178827233,0.11898862574552613,-0.17939629951671707,0.3043164293599296,0.05335739399724411,-0.06162241099125639,0.20013000244098395,0.26173800677631387,-0.12019203136292167,0.35497712108097795,-0.1987675056761514,-0.2568607036655225,0.10504228733950526,0.22838121468951716
minestra,0.0150629692433849,3,0.09592096753135629,-0.1601101239029452,0.17042238756918618,0.12472083392087131,-0.15620335908651528,0.08980553611396239,0.15157770963774667,-0.27371897016150215,0.21488800843009967,0.07399745279163521,-0.0934242388254808,-0.28992563149851797,-0.43699822918364334,-0.3533738016097297,0.28635930966935313,-0.11642141760705885,-0.43266549684078737,-0.21718533788491315
minestra,0.04454507887926195,3,0.09592096753135629,-0.1601101239029452,0.17042238756918618,0.12472083392087131,-0.15620335908651528,0.08980553611396239,0.15157770963774667,-0.27371897016150215,0.21488800843009967,0.07399745279163521,-0.0934242388254808,-0.28992563149851797,-0.43699822918364334,-0.3533738016097297,0.28635930966935313,-0.11642141760705885,-0.43266549684078737,-0.21718533788491315
minestra,-0.07395982184849215,3,0.09592096753135629,-0.1601101239029452,0.17042238756918618,0.12472083392087131,-0.15620335908651528,0.08980553611396239,0.15157770963774667,-0.27371897016150215,0.21488800843009967,0.07399745279163521,-0.0934242388254808,-0.28992563149851797,-0.43699822918364334,-0.3533738016097297,0.28635930966935313,-0.11642141760705885,-0.43266549684078737,-0.21718533788491315
minestra,-0.007310137972197118,3,0.09592096753135629,-0.1601101239029452,0.17042238756918618,0.12472083392087131,-0.15620335908651528,0.08980553611396239,0.15157770963774667,-0.27371897016150215,0.21488800843009967,0.07399745279163521,-0.0934242388254808,-0.28992563149851797,-0.43699822918364334,-0.3533738016097297,0.28635930966935313,-0.11642141760705885,-0.43266549684078737,-0.21718533788491315
minestra,-0.18996113641181844,4,-0.14147454855458472,0.19216936151515862,-0.09516526195152222,-0.09508981305230155,0.036423593873277246,0.1708940182678199,-0.08117868448622012,0.28762251088678975,-0.18633147321658897,0.5521677779118144,0.20014203865515204,0.17351332306529077,0.2213348508320143,0.258962447227541,-0.16612094742691466,-0.19828381696988745,0.2031444602490661,0.4136494865065302
minestra,-0.1846662911272949,4,-0.14147454855458472,0.19216936151515862,-0.09516526195152222,-0.09508981305230155,0.036423593873277246,0.1708940182678199,-0.08117868448622012,0.28762251088678975,-0.18633147321658897,0.5521677779118144,0.20014203865515204,0.17351332306529077,0.2213348508320143,0.258962447227541,-0.16612094742691466,-0.19828381696988745,0.2031444602490661,0.4136494865065302
minestra,-0.17941433616877336,4,-0.14147454855458472,0.19216936151515862,-0.09516526195152222,-0.09508981305230155,0.036423593873277246,0.1708940182678199,-0.08117868448622012,0.28762251088678975,-0.18633147321658897,0.5521677779118144,0.20014203865515204,0.17351332306529077,0.2213348508320143,0.258962447227541,-0.16612094742691466,-0.19828381696988745,0.2031444602490661,0.4136494865065302
minestra,-0.05594088949497745,4,-0.14147454855458472,0.19216936151515862,-0.09516526195152222,-0.09508981305230155,0.036423593873277246,0.1708940182678199,-0.08117868448622012,0.28762251088678975,-0.18633147321658897,0.5521677779118144,0.20014203865515204,0.17351332306529077,0.2213348508320143,0.258962447227541,-0.16612094742691466,-0.19828381696988745,0.2031444602490661,0.4136494865065302
minestra,-0.21563448636928265,4,-0.14147454855458472,0.19216936151515862,-0.09516526195152222,-0.09508981305230155,0.036423593873277246,0.1708940182678199,-0.08117868448622012,0.28762251088678975,-0.18633147321658897,0.5521677779118144,0.20014203865515204,0.17351332306529077,0.2213348508320143,0.258962447227541,-0.16612094742691466,-0.19828381696988745,0.2031444602490661,0.4136494865065302
minestra,-0.2132145229368865,4,-0.14147454855458472,0.19216936151515862,-0.09516526195152222,-0.09508981305230155,0.036423593873277246,0.1708940182678199,-0.08117868448622012,0.28762251088678975,-0.18633147321658897,0.5521677779118144,0.20014203865515204,0.17351332306529077,0.2213348508320143,0.258962447227541,-0.16612094742691466,-0.19828381696988745,0.2031444602490661,0.4136494865065302
minestra,-0.2072486810036958,4,-0.14147454855458472,0.19216936151515862,-0.09516526195152222,-0.09508981305230155,0.036423593873277246,0.1708940182678199,-0.08117868448622012,0.28762251088678975,-0.18633147321658897,0.5521677779118144,0.20014203865515204,0.17351332306529077,0.2213348508320143,0.258962447227541,-0.16612094742691466,-0.19828381696988745,0.2031444602490661,0.4136494865065302
minestra,-0.20006641329540278,4,-0.14147454855458472,0.19216936151515862,-0.09516526195152222,-0.09508981305230155,0.036423593873277246,0.1708940182678199,-0.08117868448622012,0.28762251088678975,-0.18633147321658897,0.5521677779118144,0.20014203865515204,0.17351332306529077,0.2213348508320143,0.258962447227541,-0.16612094742691466,-0.19828381696988745,0.2031444602490661,0.4136494865065302
minestra,0.0663175351027649,4,-0.18910847497307517,0.47579670652946426,0.28629969258567917,-0.055190182440812904,-0.18067938715905843,0.11106000624981452,-0.020904251941653577,0.37874042716006917,0.15040857735358495,-0.09556311004507546,0.22908404326237533,0.258922163214811,0.2620964397741795,0.30262505277757357,-0.22897501990545108,-0.2818740815981294,0.14088800788563613,-0.026413166619323677
minestra,-0.11697394812665801,4,-0.18910847497307517,0.47579670652946426,0.28629969258567917,-0.055190182440812904,-0.18067938715905843,0.11106000624981452,-0.020904251941653577,0.37874042716006917,0.15040857735358495,-0.09556311004507546,0.22908404326237533,0.258922163214811,0.2620964397741795,0.30262505277757357,-0.22897501990545108,-0.2818740815981294,0.14088800788563613,-0.026413166619323677
minestra,0.004043824507714172,4,0.2222884337132219,-0.10829090800126773,0.14014664039637864,-0.6706421008891104,-0.08238894096739614,0.11319925582476444,0.1335546963902421,-0.21009221194251015,0.15256719277338038,0.06339422625931392,-0.0073103924753191545,-0.16733941376653358,-0.1950203571597615,-0.3190646991871092,0.21633855475680708,-0.18289577213460553,-0.3221812635016436,-0.09295536502119325
minestra,0.019868527809208055,4,0.2222884337132219,-0.10829090800126773,0.14014664039637864,-0.6706421008891104,-0.08238894096739614,0.11319925582476444,0.1335546963902421,-0.21009221194251015,0.15256719277338038,0.06339422625931392,-0.0073103924753191545,-0.16733941376653358,-0.1950203571597615,-0.3190646991871092,0.21633855475680708,-0.18289577213460553,-0.3221812635016436,-0.09295536502119325
minestra,-0.0827717459562515,4,0.2222884337132219,-0.10829090800126773,0.14014664039637864,-0.6706421008891104,-0.08238894096739614,0.11319925582476444,0.1335546963902421,-0.21009221194251015,0.15256719277338038,0.06339422625931392,-0.0073103924753191545,-0.16733941376653358,-0.1950203571597615,-0.3190646991871092,0.21633855475680708,-0.18289577213460553,-0.3221812635016436,-0.09295536502119325
minestra,-0.0006128388010496717,4,0.2222884337132219,-0.10829090800126773,0.14014664039637864,-0.6706421008891104,-0.08238894096739614,0.11319925582476444,0.1335546963902421,-0.21009221194251015,0.15256719277338038,0.06339422625931392,-0.0073103924753191545,-0.16733941376653358,-0.1950203571597615,-0.3190646991871092,0.21633855475680708,-0.18289577213460553,-0.3221812635016436,-0.09295536502119325
minestra,-0.104512728839627,5,-0.3315030346410757,0.3317030978470574,-0.08913084551397907,-0.06590104264935598,0.07711109112848684,-0.10549566218866956,-0.20742229246697685,0.2621195102829606,-0.2730490189154928,0.3027996267854529,-0.022941345910094352,0.144114161139837,0.08759899551158425,0.32725155453679683,-0.20139540244897847,-0.30803407531415267,0.2502336600098976,0.372313996390587
minestra,-0.2047172799198367,5,-0.3315030346410757,0.3317030978470574,-0.08913084551397907,-0.06590104264935598,0.07711109112848684,-0.10549566218866956,-0.20742229246697685,0.2621195102829606,-0.2730490189154928,0.3027996267854529,-0.022941345910094352,0.144114161139837,0.08759899551158425,0.32725155453679683,-0.20139540244897847,-0.30803407531415267,0.2502336600098976,0.372313996390587
minestra,-0.07840159889674031,5,-0.3401846065186767,0.5357143604298323,0.17361011255179248,-0.009800991116961569,-0.04838528025647585,0.04847113728565964,-0.24396284198148274,0.2462775083408305,0.05179545648108204,-0.07575220116126621,0.127235436074646,0.09125991364586353,0.07229155630686643,0.4046407226767663,-0.19366653648980128,-0.3419180345800676,0.17255535884436063,0.23685092896828178
minestra,-0.09758414043809291,5,-0.3921539353848802,-0.020053390698254625,-0.05743983256851142,0.08598339970591456,0.26915508718456327,0.025845943663678143,-0.5417753659158524,-0.10551609783057526,-0.12409209814127736,-0.09088522061791368,0.2696229651589323,0.060329027242437445,-0.006124069516041862,-0.0032544493474143295,-0.27314461366250403,-0.06746307739059976,0.5121577692363742,-0.1258807978180992
minestra,-0.1737593924665795,5,-0.1327108169362009,0.19306478783178427,-0.28492745708303807,-0.05327097613872705,0.43274924226848566,-0.19505973679512603,-0.11695824962952027,0.23382675607594736,-0.34710913706111646,0.004283969920264167,0.0902870875122682,0.1211062396133969,0.20097733448738983,0.2054399287532596,-0.15547897537727287,0.06334022376859158,0.36248146412960525,0.42652132034164636
minestra,-0.164487893039783,6,-0.27172592084285224,0.15797971520746212,-0.1433324074063648,-0.04604548611877703,0.12000153594376477,0.18424807602358143,-0.1489019184138475,0.3217677845491137,-0.31298653597234893,0.3852287914552256,0.056132804908807704,0.1923399969195038,0.093921583739121,0.20629455646535305,-0.23952218521098512,0.0041390697737931515,0.32134492569596823,0.45381980909541136
minestra,-0.10629986372399002,6,-0.27172592084285224,0.15797971520746212,-0.1433324074063648,-0.04604548611877703,0.12000153594376477,0.18424807602358143,-0.1489019184138475,0.3217677845491137,-0.31298653597234893,0.3852287914552256,0.056132804908807704,0.1923399969195038,0.093921583739121,0.20629455646535305,-0.23952218521098512,0.0041390697737931515,0.32134492569596823,0.45381980909541136
minestra,-0.2319549604225566,6,-0.27172592084285224,0.15797971520746212,-0.1433324074063648,-0.04604548611877703,0.12000153594376477,0.18424807602358143,-0.1489019184138475,0.3217677845491137,-0.31298653597234893,0.3852287914552256,0.056132804908807704,0.1923399969195038,0.093921583739121,0.20629455646535305,-0.23952218521098512,0.0041390697737931515,0.32134492569596823,0.45381980909541136
minestra,-0.2319002562166768,6,-0.27172592084285224,0.15797971520746212,-0.1433324074063648,-0.04604548611877703,0.12000153594376477,0.18424807602358143,-0.1489019184138475,0.3217677845491137,-0.31298653597234893,0.3852287914552256,0.056132804908807704,0.1923399969195038,0.093921583739121,0.20629455646535305,-0.23952218521098512,0.0041390697737931515,0.32134492569596823,0.45381980909541136
minestra,-0.08726574686719525,6,-0.25394123378043776,0.36066745167088854,0.29143730551303454,-0.02746158500024264,-0.3269357580373016,0.15541903583161495,-0.09602978944557534,0.32514754531718854,0.23147627077414135,-0.10503624009434533,0.2236891772471324,0.17772960034522622,0.10105454282250567,0.2485279856803713,-0.24835651392403194,-0.22135002641957288,0.03526689810398717,0.37897364421302826
minestra,0.06934667187938166,6,0.11123171837458418,0.2414575055234034,-0.45802026839288074,-0.13340833383691753,0.3069796035427055,-0.16972196335571182,0.23369310957627834,0.23435187582324185,-0.4362087359288268,0.07310739967096552,-0.17367426313105866,0.03879163749558576,0.07729924129975928,0.19318604129338376,-0.3330412429213478,-0.28758937465105816,0.051908377629581955,0.04759437185363022
minestra,-0.07604323997906884,6,0.0624467529073972,-0.0647403472108724,0.3221503233901917,-0.02023603542330637,-0.5108357215272212,0.14515534119826248,0.1567870934170451,0.19662634093790768,0.3832852208249861,-0.1066948302890627,0.2546658287045677,0.23258630104476588,0.04841844489899913,-0.10949362271486039,0.11674627328539033,0.3128314456309704,-0.13080280631018862,0.34967591610840254
dan,0.05265735189746997,1,0.17007218394116186,-0.09591271435680704,-0.27253114435088355,0.07993463566820946,0.08797869019214079,0.35138765451395987,0.09376517610633954,-0.21793383504889635,-0.1878443694397935,-0.3285126316541403,0.10977507802157335,-0.062280530426667244,-0.13828270538539292,-0.3167423077836275,-0.37284465840314507,0.4218877675913093,-0.07311095290189522,-0.3046012321611185
dan,-0.03407968430797675,1,-0.23046203152968167,-0.20236553783142675,0.38399175451884415,0.1714225918524342,0.18043208618851925,-0.0025666736405196666,-0.1411053362097836,-0.09832673496479251,0.36013548451025373,-0.04956409502869631,0.2587438829539663,-0.14281232489831944,-0.3679310731227313,0.31526830708053827,0.3488012008353343,-0.23705175802902692,0.05393804794294262,0.17868533733385086
dan,0.052009509115842324,2,0.2636847080352827,-0.39150452908905986,-0.17207126688464858,0.3849331583732735,-0.15320119453962164,-0.05658303135289179,0.1546532757801118,-0.375505643576,-0.24633785565727095,-0.19219053307367673,0.14070080919239666,-0.1493996957738088,0.1116079229790663,-0.30727390071776833,-0.2154650335587705,0.33345221600116953,-0.05979166610856499,-0.004176336420997492
dan,-0.0232317200646206,2,0.2636847080352827,-0.39150452908905986,-0.17207126688464858,0.3849331583732735,-0.15320119453962164,-0.05658303135289179,0.1546532757801118,-0.375505643576,-0.24633785565727095,-0.19219053307367673,0.14070080919239666,-0.1493996957738088,0.1116079229790663,-0.30727390071776833,-0.2154650335587705,0.33345221600116953,-0.05979166610856499,-0.004176336420997492
dan,0.002847612900578545,2,-0.022561935630173037,-0.42792600391424795,-0.26180665994743973,0.4043043688713029,-0.04881739157275633,0.05418626417361879,-0.17640770813790127,-0.40123340535977275,-0.31817657062052307,-0.03834056295697144,0.10770893022325323,-0.033578961450101495,0.054833045977556026,-0.3273562157985875,-0.3390348261192904,0.18309132826022675,0.08816358679199228,-0.07137660950626394
dan,0.0033701533729171163,2,-0.022561935630173037,-0.42792600391424795,-0.26180665994743973,0.4043043688713029,-0.04881739157275633,0.05418626417361879,-0.17640770813790127,-0.40123340535977275,-0.31817657062052307,-0.03834056295697144,0.10770893022325323,-0.033578961450101495,0.054833045977556026,-0.3273562157985875,-0.3390348261192904,0.18309132826022675,0.08816358679199228,-0.07137660950626394
dan,-0.05632167131643254,2,-0.022561935630173037,-0.42792600391424795,-0.26180665994743973,0.4043043688713029,-0.04881739157275633,0.05418626417361879,-0.17640770813790127,-0.40123340535977275,-0.31817657062052307,-0.03834056295697144,0.10770893022325323,-0.033578961450101495,0.054833045977556026,-0.3273562157985875,-0.3390348261192904,0.18309132826022675,0.08816358679199228,-0.07137660950626394
dan,-0.0023107282503880646,2,-0.022561935630173037,-0.42792600391424795,-0.26180665994743973,0.4043043688713029,-0.04881739157275633,0.05418626417361879,-0.17640770813790127,-0.40123340535977275,-0.31817657062052307,-0.03834056295697144,0.10770893022325323,-0.033578961450101495,0.054833045977556026,-0.3273562157985875,-0.3390348261192904,0.18309132826022675,0.08816358679199228,-0.07137660950626394
dan,-0.11488511915373663,3,0.26007701249698667,0.20133460495865962,-0.23210462996917403,-0.19731492847598397,-0.0895816464176611,0.06255517799035992,0.4159762644095618,0.24973150545034978,-0.18839651183282746,-0.16608309725200304,-0.18773999109220899,-0.25579600114466483,0.177216621256801,-0.18304611823325093,-0.19570983446194412,0.3596255084250676,-0.3421283269830423,-0.19577409384153577
dan,0.006296674657319747,3,-0.23637909288564024,0.22957246394048259,-0.26350939415194596,-0.19924223424739915,-0.12941060754490047,0.059914529681322326,-0.1904910977832644,0.3265898294423694,-0.2087741626057641,0.5591858046478875,-0.11235218147251329,0.15001933361156872,-0.11670599280226839,-0.32407650676592675,-0.1908235779269851,0.23860698874381076,0.09283181709037212,-0.08359024962424978
dan,-0.10106377946073017,3,-0.23637909288564024,0.22957246394048259,-0.26350939415194596,-0.19924223424739915,-0.12941060754490047,0.059914529681322326,-0.1904910977832644,0.3265898294423694,-0.2087741626057641,0.5591858046478875,-0.11235218147251329,0.15001933361156872,-0.11670599280226839,-0.32407650676592675,-0.1908235779269851,0.23860698874381076,0.09283181709037212,-0.08359024962424978
dan,-0.08142661372943462,3,0.19867572477808593,-0.13224748992829582,-0.21109660917270495,0.1454117673711278,-0.07223931567350567,0.0642760884325193,0.338134013270886,-0.4013527483285426,-0.3575719985264799,-0.04876743826163045,-0.052816371768986264,0.10471568610842524,0.24528566306073077,-0.4036313921118363,-0.22784605519074333,0.3291605345298471,-0.22529540531414702,-0.12029473421110753
dan,0.24989628716891837,3,-0.4077265036576585,-0.20643958079948987,0.10720026456296806,0.20598430256693712,0.010652800564878424,-0.04488566682697156,-0.47640132006806496,-0.11701042267167355,-0.0013459178404342203,0.06745008107618251,0.05360752651053817,0.016402735648638717,-0.40462316546375926,0.020995440342399075,0.0748403452982351,0.0759024117222141,0.5427054039247295,0.12921393537134515
dan,-0.0872767529781933,4,0.4118940290504855,0.26185188640600077,-0.16323864852251205,-0.236555360149159,-0.04333465064563712,-0.009728756617117394,0.3977271610273255,0.22461814536480262,-0.07256209457220908,-0.01770251550928159,-0.09532625767800951,0.11444559216726989,0.4558671169865742,-0.03144683622609094,-0.10559262338567366,-0.024982396149383603,-0.4552824977202144,-0.11373444825821716
dan,0.03925247761519994,4,-0.0944399229860576,0.35708830673251246,-0.24727003980103937,-0.1961163119578694,-0.06724068804002498,-0.5938987909034785,0.04946338223290974,0.2869395304563069,-0.23082688717082453,-0.08533771661887057,-0.11413163966361506,0.150669027661056,0.15731437075591506,-0.00033118545145673344,-0.06923200275364257,-0.4343490824982119,0.084350817691143,-0.018466608299086078
dan,-0.0782059830899356,4,-0.0944399229860576,0.35708830673251246,-0.24727003980103937,-0.1961163119578694,-0.06724068804002498,-0.5938987909034785,0.04946338223290974,0.2869395304563069,-0.23082688717082453,-0.08533771661887057,-0.11413163966361506,0.150669027661056,0.15731437075591506,-0.00033118545145673344,-0.06923200275364257,-0.4343490824982119,0.084350817691143,-0.018466608299086078
dan,-0.31880851808660604,4,-0.0944399229860576,0.35708830673251246,-0.24727003980103937,-0.1961163119578694,-0.06724068804002498,-0.5938987909034785,0.04946338223290974,0.2869395304563069,-0.23082688717082453,-0.08533771661887057,-0.11413163966361506,0.150669027661056,0.15731437075591506,-0.00033118545145673344,-0.06923200275364257,-0.4343490824982119,0.084350817691143,-0.018466608299086078
dan,-0.06882913824392213,4,0.4375245895233802,-0.024135615205415406,-0.1526055061202055,0.03755446870318892,-0.05652263903322484,0.040783602901220094,0.4651896896478926,-0.20126810740343215,-0.3077448723541018,-0.07733356202591754,-0.09549322631407589,0.1348913644703153,0.24998234345740827,-0.35223857261496694,-0.22583018438600103,0.3001350514846154,-0.20462507645056607,-0.15493730204619832
dan,-0.19948332834443686,4,0.4144115359504229,0.23510910053767597,-0.09146641280600566,-0.2442994476281886,-0.007975036026441592,0.03616378835734042,0.4219715830164625,0.11373087475290054,-0.03988832295090906,-0.08267954814231153,-0.0647057130000719,-0.24881691193861033,0.337661977121501,-0.08496981066996026,-0.08921014897593245,0.062030963120904906,-0.5328773649454552,-0.14508131441574196
dan,-0.18144406009895042,4,0.4144115359504229,0.23510910053767597,-0.09146641280600566,-0.2442994476281886,-0.007975036026441592,0.03616378835734042,0.4219715830164625,0.11373087475290054,-0.03988832295090906,-0.08267954814231153,-0.0647057130000719,-0.24881691193861033,0.337661977121501,-0.08496981066996026,-0.08921014897593245,0.062030963120904906,-0.5328773649454552,-0.14508131441574196
dan,-0.20343314939779036,4,0.4144115359504229,0.23510910053767597,-0.09146641280600566,-0.2442994476281886,-0.007975036026441592,0.03616378835734042,0.4219715830164625,0.11373087475290054,-0.03988832295090906,-0.08267954814231153,-0.0647057130000719,-0.24881691193861033,0.337661977121501,-0.08496981066996026,-0.08921014897593245,0.062030963120904906,-0.5328773649454552,-0.14508131441574196
dan,-0.20753005329693425,4,0.4144115359504229,0.23510910053767597,-0.09146641280600566,-0.2442994476281886,-0.007975036026441592,0.03616378835734042,0.4219715830164625,0.11373087475290054,-0.03988832295090906,-0.08267954814231153,-0.0647057130000719,-0.24881691193861033,0.337661977121501,-0.08496981066996026,-0.08921014897593245,0.062030963120904906,-0.5328773649454552,-0.14508131441574196
dan,-0.10000991530870648,5,0.37642890728581996,0.36089291633668796,-0.21739738283323762,-0.35693371017138037,-0.0737373035925441,0.05677679777686839,0.3344460621755742,0.30121917711184537,-0.14131677454013608,0.06216353580094041,-0.11702920425649034,0.10724101564339845,0.3064789953195354,-0.14586439801091558,-0.19323604393548155,0.25153467256004314,-0.2393499428666607,-0.1414604918929095
dan,0.033115337088348434,5,0.0470998540685703,0.3134914115556293,-0.2689570639152333,-0.18582276666404188,-0.1528383683903394,0.06555678928464351,0.07774793119412941,0.38906023537281004,-0.2250961048222439,0.6461185109260624,-0.10857529826905564,0.1802776740090281,0.12558860615246936,-0.11718644950111712,-0.15754320248636244,-0.10749945627358037,0.12768478963706742,-0.1138256818865508
dan,-0.04810848154226357,5,0.0470998540685703,0.3134914115556293,-0.2689570639152333,-0.18582276666404188,-0.1528383683903394,0.06555678928464351,0.07774793119412941,0.38906023537281004,-0.2250961048222439,0.6461185109260624,-0.10857529826905564,0.1802776740090281,0.12558860615246936,-0.11718644950111712,-0.15754320248636244,-0.10749945627358037,0.12768478963706742,-0.1138256818865508
dan,-0.22528667667620977,5,0.0470998540685703,0.3134914115556293,-0.2689570639152333,-0.18582276666404188,-0.1528383683903394,0.06555678928464351,0.07774793119412941,0.38906023537281004,-0.2250961048222439,0.6461185109260624,-0.10857529826905564,0.1802776740090281,0.12558860615246936,-0.11718644950111712,-0.15754320248636244,-0.10749945627358037,0.12768478963706742,-0.1138256818865508
dan,0.0814261616401302,5,-0.0909458325974134,0.314639667488177,0.253843864040994,-0.38417389118464434,0.10923768025388285,-0.04863271258282721,-0.009021652401609083,0.47304556381119106,0.4577529990853047,0.09167029335491443,0.028533949045369537,-0.06533216380323463,-0.07616588105888027,0.2904722351235255,0.27970892200475495,-0.14884045813356472,0.08607882968414689,0.14681186781341077
dan,0.014164590066869927,5,0.04283456408576118,0.026254921552766097,-0.015276064338538339,-0.02821462325540338,-0.0012768834611839891,0.005536537450754459,0.03316334396503466,0.023737797550037538,-0.0065201837170212286,-0.013536163756816388,-0.0050780470023191505,0.023994506001652954,0.02193232173979351,-0.02244260152788959,-0.014861074632557965,0.031030034395018894,-0.07343123744409605,0.993158124520843
dan,0.010748238390564303,5,0.04283456408576118,0.026254921552766097,-0.015276064338538339,-0.02821462325540338,-0.0012768834611839891,0.005536537450754459,0.03316334396503466,0.023737797550037538,-0.0065201837170212286,-0.013536163756816388,-0.0050780470023191505,0.023994506001652954,0.02193232173979351,-0.02244260152788959,-0.014861074632557965,0.031030034395018894,-0.07343123744409605,0.993158124520843
dan,-0.7056529169908972,5,0.04283456408576118,0.026254921552766097,-0.015276064338538339,-0.02821462325540338,-0.0012768834611839891,0.005536537450754459,0.03316334396503466,0.023737797550037538,-0.0065201837170212286,-0.013536163756816388,-0.0050780470023191505,0.023994506001652954,0.02193232173979351,-0.02244260152788959,-0.014861074632557965,0.031030034395018894,-0.07343123744409605,0.993158124520843
dan,-0.04844326606487448,5,0.45122980272100627,0.22662092449394833,-0.14171939454649318,-0.2168331157472409,-0.03355822423009706,0.03326112132187034,0.36087890324871197,0.11414223055426137,-0.07574872136949687,-0.08317076922558067,-0.06958987299077919,0.23711130820906712,0.36041461847459916,-0.09924048746037191,-0.15464264298266983,0.33393345956702924,-0.4019582540576835,-0.14824191739085202
dan,-0.11565727380307662,5,-0.06817508877119194,0.2052127206597173,-0.38991250145874856,-0.22194499222259487,-0.18032396583283952,0.08898524886872286,-0.038353780456976294,0.15291875107413994,-0.33755066777906106,-0.16157076114751165,-0.12631641803391613,-0.21628001130737134,0.03460598644031362,-0.33716701661110626,-0.3259584388000209,0.434833653825518,0.1581150258444899,-0.22061528973937553
dan,0.11289603501684276,5,-0.002111228716092045,0.1211027157041891,0.27943227874338183,-0.17816869527978918,0.11975501702404062,0.05927597810516674,0.011378498449005481,-0.0596926482759971,0.1849620550241909,0.1755335795429817,-0.6242878529720012,0.38235283871771786,-0.024836103591569146,0.21469695715991838,0.2407311751790622,-0.31961619758455817,-0.12377825314136942,0.1756841044478559
dan,0.24795063067469256,5,-0.002111228716092045,0.1211027157041891,0.27943227874338183,-0.17816869527978918,0.11975501702404062,0.05927597810516674,0.011378498449005481,-0.0596926482759971,0.1849620550241909,0.1755335795429817,-0.6242878529720012,0.38235283871771786,-0.024836103591569146,0.21469695715991838,0.2407311751790622,-0.31961619758455817,-0.12377825314136942,0.1756841044478559
dan,-0.08311175489958421,5,-0.0350398726800796,-0.043073344314439765,-0.2162137922365815,0.09822281912594465,-0.08890157729767535,-0.7476546659191421,-0.05748474611514004,0.043485685097713556,-0.15848954551351327,-0.10205392166691707,0.2761184707172065,-0.3110741200614055,0.019999075303508237,-0.1768772888402685,-0.1961520878638638,0.26536864990856474,0.09729138476289051,-0.09921948707624154
pabluccio,0.013995339485817656,1,-0.33969496969801316,0.3076445081040299,0.3588070671144262,-0.05256288919457953,-0.12433497300967795,-0.1848766349229262,-0.06022600954712676,0.21740498627009905,0.21029257680236424,0.0030564999354117084,-0.03812597081268659,-0.04303475244296687,-0.3316513955603521,0.29109759641804184,0.2802210298893021,0.19496870500652638,-0.2822900092770093,-0.3455915800930695
pabluccio,-0.03041024422289712,1,-0.33969496969801316,0.3076445081040299,0.3588070671144262,-0.05256288919457953,-0.12433497300967795,-0.1848766349229262,-0.06022600954712676,0.21740498627009905,0.21029257680236424,0.0030564999354117084,-0.03812597081268659,-0.04303475244296687,-0.3316513955603521,0.29109759641804184,0.2802210298893021,0.19496870500652638,-0.2822900092770093,-0.3455915800930695
pabluccio,-0.07163038832144816,2,-0.039948894554208886,0.14415675442390552,-0.11035224137411682,-0.040871992594984044,0.3337504543314201,-0.3025618800372681,-0.11805037361158446,0.2416912544124826,-0.24679510799861135,-0.060955878682948876,0.07283935357995912,0.240395653258214,0.41680806235120726,0.08581609102163423,-0.44320076373288597,-0.12848754337678706,0.3590149287588179,0.1945534262219389
pabluccio,0.026683957467845756,2,0.03594135741297542,0.2604253987614587,0.22967512354641584,-0.0556439627073098,0.045550834667133236,-0.3864094468822915,0.1500710524643873,0.3173940495227171,0.10898727154037044,0.29187688903338793,0.10614105839930285,0.12573554379760266,0.37786168071891085,-0.008267227261699796,-0.2938590275725145,-0.11273712673349617,0.15519008273773824,-0.458532696252065
pabluccio,-0.11653806585204989,2,0.03594135741297542,0.2604253987614587,0.22967512354641584,-0.0556439627073098,0.045550834667133236,-0.3864094468822915,0.1500710524643873,0.3173940495227171,0.10898727154037044,0.29187688903338793,0.10614105839930285,0.12573554379760266,0.37786168071891085,-0.008267227261699796,-0.2938590275725145,-0.11273712673349617,0.15519008273773824,-0.458532696252065
pabluccio,-0.26530381192157254,2,0.03594135741297542,0.2604253987614587,0.22967512354641584,-0.0556439627073098,0.045550834667133236,-0.3864094468822915,0.1500710524643873,0.3173940495227171,0.10898727154037044,0.29187688903338793,0.10614105839930285,0.12573554379760266,0.37786168071891085,-0.008267227261699796,-0.2938590275725145,-0.11273712673349617,0.15519008273773824,-0.458532696252065
pabluccio,-0.09483477114047952,2,0.25574990717444257,-0.2903690711218224,-0.24147466748957855,0.1604600312366938,0.03800494566509305,0.23667728039279423,0.5843923515531058,-0.46183179137248614,-0.0943567503234632,0.04161757317779461,0.05290139426537221,-0.19133082391322515,-0.1958198466245404,-0.20494977655884802,0.04196818134385514,-0.04733074174885615,-0.1396622643807204,0.007658766775478449
pabluccio,-0.11309617659376502,2,0.23524896979873708,-0.14269972599818737,-0.35208331133778203,0.08121220302360925,0.19840669754252188,0.33009861447245625,-0.1623515620428627,-0.031013319042039307,-0.27242426052485863,-0.03710920494429455,0.12502212702663135,-0.002443148782347318,0.1977162744649199,-0.1789408058230978,-0.42991368493170734,-0.08040740890500771,0.47578438469600914,0.1951523609179035
pabluccio,-0.15539030386661554,2,0.21261116409798644,-0.26733928542143326,-0.17517463984756643,-0.16821664595198837,0.008959976665397322,0.1908231185450741,0.30004713880873973,-0.429397291088635,0.06347872673090356,-0.009486422941533717,-0.5178894159601238,-0.1831756063245389,-0.24846249865161857,-0.35217170480603227,0.08283400754569059,-0.02416024232579423,0.003231788542797765,0.1197609858732478
pabluccio,-0.11917606302652266,2,0.21261116409798644,-0.26733928542143326,-0.17517463984756643,-0.16821664595198837,0.008959976665397322,0.1908231185450741,0.30004713880873973,-0.429397291088635,0.06347872673090356,-0.009486422941533717,-0.5178894159601238,-0.1831756063245389,-0.24846249865161857,-0.35217170480603227,0.08283400754569059,-0.02416024232579423,0.003231788542797765,0.1197609858732478
pabluccio,-0.2151811428835898,2,0.21261116409798644,-0.26733928542143326,-0.17517463984756643,-0.16821664595198837,0.008959976665397322,0.1908231185450741,0.30004713880873973,-0.429397291088635,0.06347872673090356,-0.009486422941533717,-0.5178894159601238,-0.1831756063245389,-0.24846249865161857,-0.35217170480603227,0.08283400754569059,-0.02416024232579423,0.003231788542797765,0.1197609858732478
pabluccio,-0.11440433103799398,2,0.0783084680405802,-0.30315294486232125,-0.13515760318358008,-0.49292111708901054,0.03315597448240842,0.1626037689727003,-0.47903308715678766,-0.21843589291443194,0.2733851800742072,0.14348327499341895,0.09838023613546085,0.06547473443213085,-0.1139663687993442,-0.25331824287127713,-0.08548594451336718,-0.03271575546850641,0.3647948363972152,0.08998113267502175
pabluccio,-0.2781578575629145,2,0.0783084680405802,-0.30315294486232125,-0.13515760318358008,-0.49292111708901054,0.03315597448240842,0.1626037689727003,-0.47903308715678766,-0.21843589291443194,0.2733851800742072,0.14348327499341895,0.09838023613546085,0.06547473443213085,-0.1139663687993442,-0.25331824287127713,-0.08548594451336718,-0.03271575546850641,0.3647948363972152,0.08998113267502175
pabluccio,-0.08634643159311059,2,0.19815112891261658,-0.29247432105943716,-0.2964407408992425,0.1485724048517906,0.101879763727533,0.1385068905885437,0.1074190955079235,0.11364849303204066,-0.4700031653562496,0.038745591331582965,0.11149407214725873,0.12744367397512435,0.06625323009970743,-0.32306305798536683,-0.3412400198859739,-0.07095318532473963,0.44173095541299645,0.18650457152946875
pabluccio,-0.09722068463203484,3,0.18479864171704563,0.07073639643173124,-0.1870869983287243,-0.007873040965150941,-0.19197855023551846,0.4039088171879322,0.23021496141477021,0.2154780198311967,-0.32285298634996906,-0.10685751468031127,0.0055623870642220385,0.26785570189194924,0.2638177484756489,-0.41078360681194653,-0.28196531082101983,-0.09285874497760371,0.2002493580707135,0.268987605264014
pabluccio,0.12291120301530546,3,-0.011442962055185475,-0.19693164174783212,-0.08320372726308607,0.0268074397615551,0.010464655451997075,0.452957281894478,-0.16740060139185067,-0.26944328332756473,0.09502769804731871,-0.054341876716155826,-0.03872791846669037,-0.26478603915621624,-0.37179428858874647,0.4462540264445832,0.3282489230694009,0.10774848492070763,-0.1632373591104699,-0.2838504153840592
pabluccio,0.21973944527191433,3,-0.011442962055185475,-0.19693164174783212,-0.08320372726308607,0.0268074397615551,0.010464655451997075,0.452957281894478,-0.16740060139185067,-0.26944328332756473,0.09502769804731871,-0.054341876716155826,-0.03872791846669037,-0.26478603915621624,-0.37179428858874647,0.4462540264445832,0.3282489230694009,0.10774848492070763,-0.1632373591104699,-0.2838504153840592
pabluccio,-0.11865828560556041,3,0.291267316488018,-0.2349605078344974,-0.16383320422633585,-0.10035170302846648,-0.4796152677095885,0.18350356792541808,0.4527953685417792,-0.4029844689195625,0.0204640910369284,-0.011448822055070404,0.13003428278203827,-0.15838974302589207,0.07339477266730889,-0.24786082629416484,0.1484474407399426,-0.024725598510047943,-0.2154732602024487,0.11608638600761487
pabluccio,0.14657722454620503,3,-0.2569677369055102,0.29376353775610037,0.16314724045354903,0.5675571100266993,0.4327589205146086,-0.1709022594002894,0.15336523213772277,0.11743534571012798,-0.3423192947953064,-0.21620034679717764,-0.08107951217479481,-0.0970349656436795,-0.11096113989110924,0.19260348471932529,-0.017216617376878154,0.030289732002276637,-0.07072611072510893,-0.09794564643782377
pabluccio,0.38985629210073375,3,-0.2569677369055102,0.29376353775610037,0.16314724045354903,0.5675571100266993,0.4327589205146086,-0.1709022594002894,0.15336523213772277,0.11743534571012798,-0.3423192947953064,-0.21620034679717764,-0.08107951217479481,-0.0970349656436795,-0.11096113989110924,0.19260348471932529,-0.017216617376878154,0.030289732002276637,-0.07072611072510893,-0.09794564643782377
pabluccio,-0.10393869471789133,3,0.2393561625480662,-0.3258912072921065,-0.23609397794260215,0.1683035490699527,-0.4943053806162715,0.25736421888063876,0.14713976396013284,0.1276387675335038,-0.4068123296503464,-0.04857893331774831,0.11980159556223816,0.2263070344123813,0.03650996688789761,-0.26098908905656437,-0.20164598481800006,-0.06440692045055162,0.15241430104352283,0.18168639283012372
pabluccio,-0.12291800742431325,3,0.015173873024701993,0.07142153693921405,-0.28689238412906015,-0.01856999744471233,0.3899252912300148,-0.3390165345425781,-0.1655756748600742,0.08481767100000265,-0.40992858441858665,-0.14452636555833226,0.04589848581042219,0.20491809561680632,0.2515050792689578,-0.21856834486998858,-0.43122304856546656,-0.06672355636349166,0.1950266248992333,0.19477750139175334
pabluccio,0.07907688015849852,4,-0.10557160238566198,-0.1840872263958001,0.13612479259510976,0.04417621797470773,-0.04486512578802387,0.022829029163166537,-0.039133468312658945,-0.28149229547585664,0.25351853086854265,-0.16665351735004102,-0.13825708798520836,-0.20922373764825475,-0.4625881807256134,0.38764586758926267,0.47218348316921277,0.09604605536077698,-0.14584189539679185,-0.2802461844795629
pabluccio,0.0021573074419989316,4,-0.04829876773641998,0.19288848518233226,0.029813010022696977,-0.0308387104461248,0.1682591849695844,-0.4471902999422625,0.1448485512618502,0.19589766589296853,-0.1366506319685802,0.31852739019701654,0.08058549945800629,0.1702776375595752,0.3881219011789255,-0.4128918373701237,-0.3323720056688075,-0.09539749236762858,0.056859235918742236,0.2672628474824793
pabluccio,-0.11991027252791439,4,-0.04829876773641998,0.19288848518233226,0.029813010022696977,-0.0308387104461248,0.1682591849695844,-0.4471902999422625,0.1448485512618502,0.19589766589296853,-0.1366506319685802,0.31852739019701654,0.08058549945800629,0.1702776375595752,0.3881219011789255,-0.4128918373701237,-0.3323720056688075,-0.09539749236762858,0.056859235918742236,0.2672628474824793
pabluccio,-0.21918340583456197,4,-0.04829876773641998,0.19288848518233226,0.029813010022696977,-0.0308387104461248,0.1682591849695844,-0.4471902999422625,0.1448485512618502,0.19589766589296853,-0.1366506319685802,0.31852739019701654,0.08058549945800629,0.1702776375595752,0.3881219011789255,-0.4128918373701237,-0.3323720056688075,-0.09539749236762858,0.056859235918742236,0.2672628474824793
pabluccio,-0.10862295918594052,4,0.21281140297738774,-0.2725089223287964,-0.24192774872710265,-0.2510798296583812,0.36345983380988967,0.1836409641550403,-0.14602964963713402,-0.3981797979744971,-0.16298626561635252,-0.05637260671626513,-0.44456993448735466,-0.13509865595430254,0.06231062745664965,-0.2799271814928629,-0.22502842264240056,-0.02451160048231808,0.14303411666732443,0.1166427733495435
pabluccio,-0.07471590415949629,4,0.2066801580820392,-0.32965645065854143,-0.2650774859463743,0.11053823080817736,0.3435934925700864,0.10781335470467891,-0.1887062372917158,0.05765494589251064,-0.34762845918558855,0.3136600397279169,0.07615931473614976,0.18357239699412145,0.23593124215074407,-0.307987621397587,-0.2567008449627117,-0.04561426592733386,0.30877248499309456,0.1579469137943891
pabluccio,-0.12394411089805425,4,0.4662145844916263,-0.04339916261126653,-0.09637144088387258,0.035100012302590765,-0.38919696651688873,0.3200811625412415,0.29286779480919095,0.06667959697263878,-0.049173886259335525,-0.135848377334426,-0.08305370489528154,0.24028755093619036,0.3754374010895612,-0.38032463094359886,0.052628384153740396,-0.05306449302727861,-0.09689048853394512,0.20003691251680192
SADAX,0.158436823502396,1,0.02880398670228545,0.02305897152795444,0.1958321947034843,-0.03304967247779513,-0.1387059821392056,0.13800319464855323,-0.1254135381036332,-0.2548892945664196,-0.062381458289258715,-0.7491572971199761,-0.04728684550125755,-0.13343394060512645,-0.03128383126395934,0.2807572940571878,0.31790565253623093,0.02120543002001646,-0.07291673611727467,0.2615571072122709
SADAX,-0.02479604890715392,1,0.02880398670228545,0.02305897152795444,0.1958321947034843,-0.03304967247779513,-0.1387059821392056,0.13800319464855323,-0.1254135381036332,-0.2548892945664196,-0.062381458289258715,-0.7491572971199761,-0.04728684550125755,-0.13343394060512645,-0.03128383126395934,0.2807572940571878,0.31790565253623093,0.02120543002001646,-0.07291673611727467,0.2615571072122709
SADAX,-0.15180606099555444,1,-0.49760804200387027,0.4339869021413477,0.17166628871002956,0.020409981893403168,3.240583361432288e-05,-0.24377725631899755,-0.15534291793855612,0.10362769156856673,-0.11246793036917438,-0.1074144572407992,0.006839015635772716,-0.06898028315319296,-0.252867533875664,0.4408176614158739,0.1042781186081361,-0.14390974921240016,0.17478226311722428,0.3007845018814407
SADAX,-0.19446655243051886,1,0.13712349646300215,-0.41231043575830206,0.06389470748291144,-0.17375307741674942,0.05185493937172678,-0.1880475122512467,-0.045554881403546285,-0.43343645185253904,-0.07194752740983405,-0.12217555017191573,-0.49003618060315507,-0.2799284711271027,-0.2612508548068821,0.13594065448429415,0.08890761507123189,0.048465069089522826,0.251544296050403,0.22376959044802472
SADAX,-0.1735467126690994,1,0.13712349646300215,-0.41231043575830206,0.06389470748291144,-0.17375307741674942,0.05185493937172678,-0.1880475122512467,-0.045554881403546285,-0.43343645185253904,-0.07194752740983405,-0.12217555017191573,-0.49003618060315507,-0.2799284711271027,-0.2612508548068821,0.13594065448429415,0.08890761507123189,0.048465069089522826,0.251544296050403,0.22376959044802472
SADAX,-0.2228013230939552,1,0.13712349646300215,-0.41231043575830206,0.06389470748291144,-0.17375307741674942,0.05185493937172678,-0.1880475122512467,-0.045554881403546285,-0.43343645185253904,-0.07194752740983405,-0.12217555017191573,-0.49003618060315507,-0.2799284711271027,-0.2612508548068821,0.13594065448429415,0.08890761507123189,0.048465069089522826,0.251544296050403,0.22376959044802472
SADAX,0.11117351742293663,1,0.09587744287273323,0.20146096826313242,0.09419938622469942,-0.08472438117114046,-0.09507496181493894,-0.24142245389352035,0.5141493079982892,0.22304384320705753,0.42731006923892517,-0.029336863393805937,-0.16145281227223424,0.06914306571110236,0.05374179032003815,-0.031357501404739856,-0.14954261700327837,-0.10913614473141413,-0.492236685576633,-0.24083747980743808
SADAX,-0.18753492775198338,1,0.3155617033178574,0.2973023102299209,-0.39168238687043777,0.046029593529321206,0.126833938133819,-0.17557318643254027,0.1097336314776134,0.22880844395774305,-0.24691266209310067,-0.09358058272176113,0.07750315543062083,-0.5673181517234036,0.2507657034808601,-0.17251248059845642,-0.04376977213141575,0.200158161709541,0.09403154342812024,-0.06438902196418406
SADAX,-0.16418102050294608,1,0.3155617033178574,0.2973023102299209,-0.39168238687043777,0.046029593529321206,0.126833938133819,-0.17557318643254027,0.1097336314776134,0.22880844395774305,-0.24691266209310067,-0.09358058272176113,0.07750315543062083,-0.5673181517234036,0.2507657034808601,-0.17251248059845642,-0.04376977213141575,0.200158161709541,0.09403154342812024,-0.06438902196418406
SADAX,-0.34661629965436447,1,0.3155617033178574,0.2973023102299209,-0.39168238687043777,0.046029593529321206,0.126833938133819,-0.17557318643254027,0.1097336314776134,0.22880844395774305,-0.24691266209310067,-0.09358058272176113,0.07750315543062083,-0.5673181517234036,0.2507657034808601,-0.17251248059845642,-0.04376977213141575,0.200158161709541,0.09403154342812024,-0.06438902196418406
SADAX,-0.3308018323657938,1,0.3155617033178574,0.2973023102299209,-0.39168238687043777,0.046029593529321206,0.126833938133819,-0.17557318643254027,0.1097336314776134,0.22880844395774305,-0.24691266209310067,-0.09358058272176113,0.07750315543062083,-0.5673181517234036,0.2507657034808601,-0.17251248059845642,-0.04376977213141575,0.200158161709541,0.09403154342812024,-0.06438902196418406
SADAX,-0.16189541776915065,1,0.3285770432375336,0.19639460246186047,-0.33171169264377764,0.03892732168261302,-0.14264259938180793,-0.14174744619113439,0.1008945744558512,0.19521903646953234,-0.22982871026159565,-0.09489132717089097,0.12035106149222416,0.20704464314259663,0.48460662906296165,-0.3158440363656436,-0.31954060702974363,-0.11792856901602347,0.16222900495459658,-0.23891162978816105
SADAX,0.02801041191162738,2,-0.0953454905957512,-0.07965945700359611,0.1571475203789096,-0.01531863193791757,-0.12005679120275572,0.060689392906988465,-0.043305729422264336,-0.09031898911833426,0.07670338875235241,0.046438284120079144,-0.04328542696074951,-0.08644219820895883,-0.17177197679070635,0.10883879088925956,0.18948471343537407,-0.90411056621526,-0.08902568823752421,0.10733413773143932
SADAX,0.0409551306751682,2,-0.0953454905957512,-0.07965945700359611,0.1571475203789096,-0.01531863193791757,-0.12005679120275572,0.060689392906988465,-0.043305729422264336,-0.09031898911833426,0.07670338875235241,0.046438284120079144,-0.04328542696074951,-0.08644219820895883,-0.17177197679070635,0.10883879088925956,0.18948471343537407,-0.90411056621526,-0.08902568823752421,0.10733413773143932
SADAX,0.5725877021402459,2,-0.0953454905957512,-0.07965945700359611,0.1571475203789096,-0.01531863193791757,-0.12005679120275572,0.060689392906988465,-0.043305729422264336,-0.09031898911833426,0.07670338875235241,0.046438284120079144,-0.04328542696074951,-0.08644219820895883,-0.17177197679070635,0.10883879088925956,0.18948471343537407,-0.90411056621526,-0.08902568823752421,0.10733413773143932
SADAX,0.002059843491286452,2,0.006125262447068671,0.2588760802013128,-0.3095407778718753,0.03857377779512038,0.23099824691941948,-0.13163326364325292,0.09589283330792074,0.2396716518610786,-0.2267801093580835,-0.09408025723205075,0.1388831258051464,0.2202826228970572,0.32102444992391976,-0.44245738398957624,-0.4092486227888498,-0.09185748627895016,0.054749232454008506,-0.3041028928215626
SADAX,-0.0870955293450021,2,0.006125262447068671,0.2588760802013128,-0.3095407778718753,0.03857377779512038,0.23099824691941948,-0.13163326364325292,0.09589283330792074,0.2396716518610786,-0.2267801093580835,-0.09408025723205075,0.1388831258051464,0.2202826228970572,0.32102444992391976,-0.44245738398957624,-0.4092486227888498,-0.09185748627895016,0.054749232454008506,-0.3041028928215626
SADAX,-0.2501304069962933,2,0.006125262447068671,0.2588760802013128,-0.3095407778718753,0.03857377779512038,0.23099824691941948,-0.13163326364325292,0.09589283330792074,0.2396716518610786,-0.2267801093580835,-0.09408025723205075,0.1388831258051464,0.2202826228970572,0.32102444992391976,-0.44245738398957624,-0.4092486227888498,-0.09185748627895016,0.054749232454008506,-0.3041028928215626
SADAX,0.022785910011875993,2,-0.4452682409609711,0.47403310664354126,0.2019415419947965,0.010895156039817869,-0.030050809669924065,0.15786708484472364,-0.15887283997243154,0.19877932063907972,-0.08679290301219122,-0.11455476232334702,0.22580162774642057,0.01898648275599862,-0.08998404321988167,0.4238211774912,0.08457064766659711,-0.23250535480536705,-0.049097170656592797,-0.3495786077550439
SADAX,-0.11470819616058547,2,-0.4452682409609711,0.47403310664354126,0.2019415419947965,0.010895156039817869,-0.030050809669924065,0.15786708484472364,-0.15887283997243154,0.19877932063907972,-0.08679290301219122,-0.11455476232334702,0.22580162774642057,0.01898648275599862,-0.08998404321988167,0.4238211774912,0.08457064766659711,-0.23250535480536705,-0.049097170656592797,-0.3495786077550439
SADAX,-0.21446490774140342,2,-0.4452682409609711,0.47403310664354126,0.2019415419947965,0.010895156039817869,-0.030050809669924065,0.15786708484472364,-0.15887283997243154,0.19877932063907972,-0.08679290301219122,-0.11455476232334702,0.22580162774642057,0.01898648275599862,-0.08998404321988167,0.4238211774912,0.08457064766659711,-0.23250535480536705,-0.049097170656592797,-0.3495786077550439
SADAX,0.07121301330621405,2,-0.19598461859264063,0.3558044733119108,-0.04540368800964756,0.7025066690281061,0.034139067328166704,0.13908537020898104,0.11731001412958801,0.34695638187856487,-0.02600718492291508,-0.14612931054822548,0.23709872342105312,0.1701064936867518,0.1941548828587834,-0.034223896261540966,-0.15141832132816452,-0.10894821158111383,0.042005079941023815,-0.04641433572811333
SADAX,0.19736261749404016,2,-0.19598461859264063,0.3558044733119108,-0.04540368800964756,0.7025066690281061,0.034139067328166704,0.13908537020898104,0.11731001412958801,0.34695638187856487,-0.02600718492291508,-0.14612931054822548,0.23709872342105312,0.1701064936867518,0.1941548828587834,-0.034223896261540966,-0.15141832132816452,-0.10894821158111383,0.042005079941023815,-0.04641433572811333
SADAX,0.06662256400016228,2,-0.19598461859264063,0.3558044733119108,-0.04540368800964756,0.7025066690281061,0.034139067328166704,0.13908537020898104,0.11731001412958801,0.34695638187856487,-0.02600718492291508,-0.14612931054822548,0.23709872342105312,0.1701064936867518,0.1941548828587834,-0.034223896261540966,-0.15141832132816452,-0.10894821158111383,0.042005079941023815,-0.04641433572811333
SADAX,0.20490981695966595,2,-0.19598461859264063,0.3558044733119108,-0.04540368800964756,0.7025066690281061,0.034139067328166704,0.13908537020898104,0.11731001412958801,0.34695638187856487,-0.02600718492291508,-0.14612931054822548,0.23709872342105312,0.1701064936867518,0.1941548828587834,-0.034223896261540966,-0.15141832132816452,-0.10894821158111383,0.042005079941023815,-0.04641433572811333
SADAX,0.21354163791871042,2,-0.19598461859264063,0.3558044733119108,-0.04540368800964756,0.7025066690281061,0.034139067328166704,0.13908537020898104,0.11731001412958801,0.34695638187856487,-0.02600718492291508,-0.14612931054822548,0.23709872342105312,0.1701064936867518,0.1941548828587834,-0.034223896261540966,-0.15141832132816452,-0.10894821158111383,0.042005079941023815,-0.04641433572811333
SADAX,-0.10539954554524078,2,-0.13464279152796457,-0.06545998687509669,-0.08235438008983416,0.13282653905777156,0.0292161063284344,0.600884535879548,-0.46473109447468763,-0.24982039738816808,0.0010810738254892075,0.008623597971538095,0.2112627389774408,0.12810947627306363,-0.10964371988402881,-0.028488418133937956,0.2550630283166037,0.25294917051312216,0.0073665764134424865,0.3313798379531799
SADAX,-0.23410768320112213,2,-0.13464279152796457,-0.06545998687509669,-0.08235438008983416,0.13282653905777156,0.0292161063284344,0.600884535879548,-0.46473109447468763,-0.24982039738816808,0.0010810738254892075,0.008623597971538095,0.2112627389774408,0.12810947627306363,-0.10964371988402881,-0.028488418133937956,0.2550630283166037,0.25294917051312216,0.0073665764134424865,0.3313798379531799
SADAX,-0.15963859636979008,2,0.24587079938108947,0.05183620260801791,-0.358436516045028,0.051383788991267464,0.32864108440933776,-0.15519744371688773,0.11555708467513452,0.22560397345817992,-0.21921511829053372,-0.10559108598535588,0.14393723043339876,0.1939619254833707,0.46650618771858554,-0.29925241722412915,-0.30852417045809327,-0.04059543281046811,0.17167763758311377,-0.2415976610349146
SADAX,0.03386372519244867,3,0.16662119794160732,0.022548059852549596,-0.339904964394222,0.04778519144471475,0.2782404283918056,-0.2151897295472106,0.1272508099157186,0.20231080548740682,-0.17055928813788526,-0.08743922735946481,0.11669081228750953,0.1750991828729338,0.3600480057839461,-0.39060679248644614,-0.4424456280998599,-0.13276381651918487,0.18874044577921506,-0.24664803561026688
SADAX,-0.14007472351319605,3,0.16662119794160732,0.022548059852549596,-0.339904964394222,0.04778519144471475,0.2782404283918056,-0.2151897295472106,0.1272508099157186,0.20231080548740682,-0.17055928813788526,-0.08743922735946481,0.11669081228750953,0.1750991828729338,0.3600480057839461,-0.39060679248644614,-0.4424456280998599,-0.13276381651918487,0.18874044577921506,-0.24664803561026688
SADAX,-0.2044482635298086,3,0.16662119794160732,0.022548059852549596,-0.339904964394222,0.04778519144471475,0.2782404283918056,-0.2151897295472106,0.1272508099157186,0.20231080548740682,-0.17055928813788526,-0.08743922735946481,0.11669081228750953,0.1750991828729338,0.3600480057839461,-0.39060679248644614,-0.4424456280998599,-0.13276381651918487,0.18874044577921506,-0.24664803561026688
SADAX,0.15340019871440805,3,-0.026901809407879427,0.32214478509718864,-0.14561714622900357,0.06721154587012813,0.13768874527489208,-0.18667431972050152,-0.09001384692202258,0.2874724017976419,-0.15223729963115964,0.10133126799260224,0.6272304009053709,0.2252490482653268,0.22729625198944628,-0.18701229634393046,-0.19907707008185202,0.004640425637271728,0.30130327053055833,0.17480139603607384
SADAX,0.18529126209639182,3,-0.026901809407879427,0.32214478509718864,-0.14561714622900357,0.06721154587012813,0.13768874527489208,-0.18667431972050152,-0.09001384692202258,0.2874724017976419,-0.15223729963115964,0.10133126799260224,0.6272304009053709,0.2252490482653268,0.22729625198944628,-0.18701229634393046,-0.19907707008185202,0.004640425637271728,0.30130327053055833,0.17480139603607384
SADAX,0.11575554562798751,3,-0.026901809407879427,0.32214478509718864,-0.14561714622900357,0.06721154587012813,0.13768874527489208,-0.18667431972050152,-0.09001384692202258,0.2874724017976419,-0.15223729963115964,0.10133126799260224,0.6272304009053709,0.2252490482653268,0.22729625198944628,-0.18701229634393046,-0.19907707008185202,0.004640425637271728,0.30130327053055833,0.17480139603607384
SADAX,0.20104346015887295,3,-0.026901809407879427,0.32214478509718864,-0.14561714622900357,0.06721154587012813,0.13768874527489208,-0.18667431972050152,-0.09001384692202258,0.2874724017976419,-0.15223729963115964,0.10133126799260224,0.6272304009053709,0.2252490482653268,0.22729625198944628,-0.18701229634393046,-0.19907707008185202,0.004640425637271728,0.30130327053055833,0.17480139603607384
SADAX,0.2029785823041911,3,-0.026901809407879427,0.32214478509718864,-0.14561714622900357,0.06721154587012813,0.13768874527489208,-0.18667431972050152,-0.09001384692202258,0.2874724017976419,-0.15223729963115964,0.10133126799260224,0.6272304009053709,0.2252490482653268,0.22729625198944628,-0.18701229634393046,-0.19907707008185202,0.004640425637271728,0.30130327053055833,0.17480139603607384
SADAX,-0.10499670007768626,3,0.051172398040358946,-0.3307878409264942,0.3080527344755349,0.06876098436308796,-0.2342787971655509,-0.10861503430605664,-0.06725713296415028,-0.29064839666871517,0.49371082950162115,-0.030878443801622336,0.06532817984323516,-0.181873241594469,-0.1717068625941124,-0.02972034820591559,0.2729894290681528,0.13934761463475834,-0.3913410492235643,0.27045809228715906
SADAX,-0.16376701883097847,3,0.3138955952000446,0.03982000044340506,0.353726149806295,0.03905815211141276,-0.2724841204442844,0.2500411372869529,0.4198019902933599,-0.07977389472855351,0.38968727576635837,-0.02168789138730595,-0.12055682768423709,0.10152314481197983,-0.054973588401509114,0.09754028059349616,0.24121332752303046,-0.011966429509030561,-0.42445580703017927,0.16024047291080243
grims,-0.14959117411500822,1,0.07891794298094454,0.23282680430932812,0.33031716430141467,0.01977143778639581,0.08707118987777866,-0.2742165965998563,-0.050775431088602815,0.2633299016294873,0.1466612434326391,0.5037309341140277,0.02678956948712057,0.1441885395333094,-0.1775905743398282,0.35933706126601844,0.13710738275988332,-0.340455177902865,-0.048027757823010934,-0.2844778184262881
grims,-0.1095968027057589,1,0.07891794298094454,0.23282680430932812,0.33031716430141467,0.01977143778639581,0.08707118987777866,-0.2742165965998563,-0.050775431088602815,0.2633299016294873,0.1466612434326391,0.5037309341140277,0.02678956948712057,0.1441885395333094,-0.1775905743398282,0.35933706126601844,0.13710738275988332,-0.340455177902865,-0.048027757823010934,-0.2844778184262881
grims,-0.2886028974273895,1,0.07891794298094454,0.23282680430932812,0.33031716430141467,0.01977143778639581,0.08707118987777866,-0.2742165965998563,-0.050775431088602815,0.2633299016294873,0.1466612434326391,0.5037309341140277,0.02678956948712057,0.1441885395333094,-0.1775905743398282,0.35933706126601844,0.13710738275988332,-0.340455177902865,-0.048027757823010934,-0.2844778184262881
grims,-0.08258848601262758,1,0.21754108877439537,0.07447972129213831,0.17039927297795454,0.07973806972677364,-0.0732724067113552,0.20301732387235324,0.13328557092503943,0.18136589009487977,-0.10111410209214068,-0.04433501272794882,-0.46161964126275085,0.33165195083883947,0.10453422290548013,0.3094603459226414,0.34002967550386376,-0.17021153781203135,-0.29291728583764953,-0.3770012024042967
grims,0.2281093039040744,1,-0.009271740648332276,-0.05659102068963419,0.026897792563259377,0.035074428049421104,0.03530721650864955,0.05369945359153946,-0.005258741485872618,0.025842804758588273,-0.0143710931980876,-0.025343347112838536,-0.10706840511690298,-0.9760902685943617,0.002653759526283123,0.06753585025041679,0.0895372137675058,-0.034164502562880554,-0.030854619398690396,-0.10081226298647927
grims,-0.9465369992476773,1,-0.009271740648332276,-0.05659102068963419,0.026897792563259377,0.035074428049421104,0.03530721650864955,0.05369945359153946,-0.005258741485872618,0.025842804758588273,-0.0143710931980876,-0.025343347112838536,-0.10706840511690298,-0.9760902685943617,0.002653759526283123,0.06753585025041679,0.0895372137675058,-0.034164502562880554,-0.030854619398690396,-0.10081226298647927
grims,-0.11344492499422669,1,-0.12069537047386843,0.1295199421129739,0.2920012492648258,0.04068845721848597,0.245079239265379,-0.37745889627854534,-0.17074775157715438,0.10259740112178102,0.20415396924212817,0.028528830107674513,0.14825261855404231,0.06506009924848123,-0.25125374714500615,0.4510689757796294,0.0708850489571802,-0.4390838751531711,0.018987028575796004,-0.3256392986147088
grims,-0.03883574379851234,2,-0.0356036745995727,0.1352198074350157,0.31270149180783635,0.025885838031090805,0.12369646064915196,-0.2615173393947663,-0.14937148574975948,0.1823043536153397,0.1995502457669982,0.70925304616593,0.13831682900702402,0.08364444938021869,-0.15318991450213498,0.24159226266468162,0.040746340167453224,-0.1807564345547789,0.01739070500838845,-0.23937240276207541
grims,-0.2926209305839232,2,-0.0356036745995727,0.1352198074350157,0.31270149180783635,0.025885838031090805,0.12369646064915196,-0.2615173393947663,-0.14937148574975948,0.1823043536153397,0.1995502457669982,0.70925304616593,0.13831682900702402,0.08364444938021869,-0.15318991450213498,0.24159226266468162,0.040746340167453224,-0.1807564345547789,0.01739070500838845,-0.23937240276207541
grims,0.021230037835980514,2,0.35531963137792133,0.3673606440634477,0.28258507205498484,0.035665205982873344,-0.057854901529309444,0.008665711841297614,0.15808875679745238,0.3514850099711111,0.1211333694331623,-0.10249276494439245,-0.10612302139591043,0.16055162273573834,-0.07218247079395042,0.2945163155951066,0.21241144484799018,-0.317521631706024,-0.2860503147297791,-0.35182551902900006
grims,-0.1433929669464484,2,0.35531963137792133,0.3673606440634477,0.28258507205498484,0.035665205982873344,-0.057854901529309444,0.008665711841297614,0.15808875679745238,0.3514850099711111,0.1211333694331623,-0.10249276494439245,-0.10612302139591043,0.16055162273573834,-0.07218247079395042,0.2945163155951066,0.21241144484799018,-0.317521631706024,-0.2860503147297791,-0.35182551902900006
grims,0.0897657635973741,2,0.1694313490209677,-0.265849390511787,-0.10716257262156054,-0.24250949753060264,-0.27381784838841033,0.2640795462535732,0.2961178451573733,-0.24596787357782215,-0.026224040338227138,-0.07683515931606298,-0.13940709677756188,-0.12103859245923629,0.28856350641186723,-0.2822931441407764,0.31055088315939644,0.4259695190685089,-0.1907166956375043,0.13972535243529302
grims,-0.07462459240923679,2,0.1694313490209677,-0.265849390511787,-0.10716257262156054,-0.24250949753060264,-0.27381784838841033,0.2640795462535732,0.2961178451573733,-0.24596787357782215,-0.026224040338227138,-0.07683515931606298,-0.13940709677756188,-0.12103859245923629,0.28856350641186723,-0.2822931441407764,0.31055088315939644,0.4259695190685089,-0.1907166956375043,0.13972535243529302
grims,-0.07138121736716206,3,-0.24249246151746123,0.24674819931415948,0.11960638096487564,0.03549508310131804,0.25323930643115566,-0.2170711323986655,-0.3297411422664564,0.20875409771616113,0.11166886530453639,0.3369160443838189,0.2607767830678934,0.0867849870645908,-0.26290803416063224,0.25994271119170076,-0.31017709909823155,-0.1792423311612094,0.21920710703553822,-0.2942632452327656
grims,-0.2827913673612317,3,-0.24249246151746123,0.24674819931415948,0.11960638096487564,0.03549508310131804,0.25323930643115566,-0.2170711323986655,-0.3297411422664564,0.20875409771616113,0.11166886530453639,0.3369160443838189,0.2607767830678934,0.0867849870645908,-0.26290803416063224,0.25994271119170076,-0.31017709909823155,-0.1792423311612094,0.21920710703553822,-0.2942632452327656
grims,0.09764562589267754,3,0.2743278184470642,0.43870896840653884,0.3397976681462149,0.011640998188438455,-0.004376959753404614,0.13081133522042226,0.11867026297871595,0.3237763600893775,0.19081459325020825,-0.05916911758764065,-0.13017873391165413,0.21668895797791046,-0.15360046775749342,0.2250682522852033,0.022747295349126364,-0.39132104466738254,-0.07672493242643152,-0.3782053116409596
grims,-0.10662053302686597,3,0.2743278184470642,0.43870896840653884,0.3397976681462149,0.011640998188438455,-0.004376959753404614,0.13081133522042226,0.11867026297871595,0.3237763600893775,0.19081459325020825,-0.05916911758764065,-0.13017873391165413,0.21668895797791046,-0.15360046775749342,0.2250682522852033,0.022747295349126364,-0.39132104466738254,-0.07672493242643152,-0.3782053116409596
grims,-0.25426526280248907,3,0.2743278184470642,0.43870896840653884,0.3397976681462149,0.011640998188438455,-0.004376959753404614,0.13081133522042226,0.11867026297871595,0.3237763600893775,0.19081459325020825,-0.05916911758764065,-0.13017873391165413,0.21668895797791046,-0.15360046775749342,0.2250682522852033,0.022747295349126364,-0.39132104466738254,-0.07672493242643152,-0.3782053116409596
grims,0.16753933810756572,3,0.012989394660314603,0.3316042377008521,0.05243722794468118,0.29142423056123795,0.2839603486466661,-0.14259946600429685,-0.1608235116042675,0.4304089524729882,0.1649478952122315,-0.031037697986514713,-0.03781267297739943,0.36767535689028885,-0.3108422094477959,0.11925362349015865,-0.20832975990539984,-0.3523782824557723,0.16987227932305451,-0.13434750260499403
grims,0.17643104279945634,3,0.012989394660314603,0.3316042377008521,0.05243722794468118,0.29142423056123795,0.2839603486466661,-0.14259946600429685,-0.1608235116042675,0.4304089524729882,0.1649478952122315,-0.031037697986514713,-0.03781267297739943,0.36767535689028885,-0.3108422094477959,0.11925362349015865,-0.20832975990539984,-0.3523782824557723,0.16987227932305451,-0.13434750260499403
grims,0.22531054990181953,3,0.012989394660314603,0.3316042377008521,0.05243722794468118,0.29142423056123795,0.2839603486466661,-0.14259946600429685,-0.1608235116042675,0.4304089524729882,0.1649478952122315,-0.031037697986514713,-0.03781267297739943,0.36767535689028885,-0.3108422094477959,0.11925362349015865,-0.20832975990539984,-0.3523782824557723,0.16987227932305451,-0.13434750260499403
grims,0.11761560595210895,3,0.28503393666390087,-0.15186591470636257,0.0637537597652412,-0.05389530226202478,-0.36131010355197996,0.33016321593592174,0.4230486137302638,-0.1372158435159894,-0.03480067345684131,-0.025656703563195084,-0.3008578018444664,0.0065637875869372685,0.26620353898976373,-0.17384884709886322,0.44786239990780274,0.14320972565286402,-0.18189569949575257,0.06066874325665509
grims,-0.056019922182723954,3,0.28503393666390087,-0.15186591470636257,0.0637537597652412,-0.05389530226202478,-0.36131010355197996,0.33016321593592174,0.4230486137302638,-0.1372158435159894,-0.03480067345684131,-0.025656703563195084,-0.3008578018444664,0.0065637875869372685,0.26620353898976373,-0.17384884709886322,0.44786239990780274,0.14320972565286402,-0.18189569949575257,0.06066874325665509
grims,0.025808279917939186,4,-0.3750703348229483,0.09173367223911744,0.08293852399968436,0.029107122624536914,0.23777563418284367,-0.2705990529449857,-0.36956498570621493,0.1422093551294003,0.08118990929730993,0.2950918624276201,0.2483985705623811,0.06933699046373525,-0.38555628529750474,0.10329957526488845,-0.32114196666296235,-0.07595946837883132,0.26471644579044623,0.2411152142876267
grims,-0.11146458542821078,4,-0.3750703348229483,0.09173367223911744,0.08293852399968436,0.029107122624536914,0.23777563418284367,-0.2705990529449857,-0.36956498570621493,0.1422093551294003,0.08118990929730993,0.2950918624276201,0.2483985705623811,0.06933699046373525,-0.38555628529750474,0.10329957526488845,-0.32114196666296235,-0.07595946837883132,0.26471644579044623,0.2411152142876267
grims,-0.004842502524767756,4,-0.3750703348229483,0.09173367223911744,0.08293852399968436,0.029107122624536914,0.23777563418284367,-0.2705990529449857,-0.36956498570621493,0.1422093551294003,0.08118990929730993,0.2950918624276201,0.2483985705623811,0.06933699046373525,-0.38555628529750474,0.10329957526488845,-0.32114196666296235,-0.07595946837883132,0.26471644579044623,0.2411152142876267
grims,-0.2512928418737935,4,-0.3750703348229483,0.09173367223911744,0.08293852399968436,0.029107122624536914,0.23777563418284367,-0.2705990529449857,-0.36956498570621493,0.1422093551294003,0.08118990929730993,0.2950918624276201,0.2483985705623811,0.06933699046373525,-0.38555628529750474,0.10329957526488845,-0.32114196666296235,-0.07595946837883132,0.26471644579044623,0.2411152142876267
grims,0.08202559078310749,4,0.16633355018049473,0.351129759145405,0.2061935266318272,0.24950202692062315,-0.06127120449582691,-0.04196328015868743,0.0014196744975752298,0.37946116107980415,-0.22688142928479857,0.028069504238555726,-0.19414751907483627,0.22170595691474018,0.10815153648535841,0.4444551652158058,-0.05646099204080919,-0.2922689583553778,-0.31612073282518716,-0.24057809590308227
grims,-0.05081041666707554,4,0.16633355018049473,0.351129759145405,0.2061935266318272,0.24950202692062315,-0.06127120449582691,-0.04196328015868743,0.0014196744975752298,0.37946116107980415,-0.22688142928479857,0.028069504238555726,-0.19414751907483627,0.22170595691474018,0.10815153648535841,0.4444551652158058,-0.05646099204080919,-0.2922689583553778,-0.31612073282518716,-0.24057809590308227
grims,-0.26724702424537633,4,-0.38690910526636324,0.20074413944287212,0.09068077105384442,0.01964415724187046,0.31471919163557044,-0.29151118081570954,-0.39453679701062744,0.13089853949484248,0.1082504924591643,-0.07179548847646167,0.25793084145338213,0.026413240413920618,-0.25932065131310744,0.06717510315549938,-0.3375462884363859,-0.09050203140690137,0.37512766063505226,0.1608299695981049
grims,-0.06118375249107965,5,-0.28745698277880966,0.20924252565647405,0.1882906294149278,0.029489261415276982,0.26650613712149235,-0.26619207902457287,-0.35244020581712154,0.2101331128495176,0.10782065727912353,0.3508256687481342,0.2582775324478707,0.10849970928137968,-0.2718472975619939,0.03946052199069693,-0.28565643533235147,-0.06599923404128823,0.33291041647076985,0.20391900107626781
grims,-0.27093768791226225,5,-0.28745698277880966,0.20924252565647405,0.1882906294149278,0.029489261415276982,0.26650613712149235,-0.26619207902457287,-0.35244020581712154,0.2101331128495176,0.10782065727912353,0.3508256687481342,0.2582775324478707,0.10849970928137968,-0.2718472975619939,0.03946052199069693,-0.28565643533235147,-0.06599923404128823,0.33291041647076985,0.20391900107626781
grims,0.10721152847117811,5,-0.40414022131711647,-0.4662964110219223,-0.3132805304578497,-0.05521680501826841,0.06614889796370652,-0.2128926522526518,-0.18640810768204819,-0.319878669604021,-0.17756805229309774,0.022216606851062935,0.17872945238200055,-0.20542018273326043,0.1211069897585138,-0.038870577766056486,0.02892094099079004,0.28906871590166733,0.05297655389739553,-0.34889583756938325
grims,0.32902341053908807,5,-0.40414022131711647,-0.4662964110219223,-0.3132805304578497,-0.05521680501826841,0.06614889796370652,-0.2128926522526518,-0.18640810768204819,-0.319878669604021,-0.17756805229309774,0.022216606851062935,0.17872945238200055,-0.20542018273326043,0.1211069897585138,-0.038870577766056486,0.02892094099079004,0.28906871590166733,0.05297655389739553,-0.34889583756938325
grims,-0.06560106779614364,5,-0.40414022131711647,-0.4662964110219223,-0.3132805304578497,-0.05521680501826841,0.06614889796370652,-0.2128926522526518,-0.18640810768204819,-0.319878669604021,-0.17756805229309774,0.022216606851062935,0.17872945238200055,-0.20542018273326043,0.1211069897585138,-0.038870577766056486,0.02892094099079004,0.28906871590166733,0.05297655389739553,-0.34889583756938325
grims,0.09370470893075186,5,0.02994236285141573,0.41883932030068016,0.056974797502095484,0.35142067804108124,0.1940564722711468,-0.20258909798824115,-0.233021784588634,0.44364615109410677,-0.0910973508047927,0.05346188809802168,-0.011386374363681685,0.2507045805436937,-0.12470173778948536,0.30646025933759,-0.2574537646695316,-0.285261188494327,-0.06031436367815993,-0.17947473801121666
grims,-0.02959682213168993,5,0.02994236285141573,0.41883932030068016,0.056974797502095484,0.35142067804108124,0.1940564722711468,-0.20258909798824115,-0.233021784588634,0.44364615109410677,-0.0910973508047927,0.05346188809802168,-0.011386374363681685,0.2507045805436937,-0.12470173778948536,0.30646025933759,-0.2574537646695316,-0.285261188494327,-0.06031436367815993,-0.17947473801121666
grims,-0.24992472265413732,5,-0.40225153749591913,0.16716931398111787,0.0874096709435516,0.019851153121587993,0.3439840985954474,-0.3038324284313342,-0.41182613457468803,0.10186058086689502,0.11566080479787576,-0.057327215958685424,0.26291228930439386,0.027059038906726944,-0.27021381242453435,-0.0012241928179445166,-0.285486627142615,-0.014500095042729949,0.3809908817121789,0.15873007755295487
grims,0.016727096267432476,6,-0.40240707349095467,0.10004838763823487,0.12328719552766028,0.03113982666505441,0.3088918525504236,-0.32917545976209095,-0.39530916798909205,0.14875483430429587,0.10409762871975227,-0.06995687964922077,0.26344757026606336,0.09531874596626772,-0.30894745637216386,-0.03097102859161152,-0.24854645903288733,0.03066777834980327,0.3866565520994964,0.1639329146232031
grims,-0.09705845680046847,6,-0.40240707349095467,0.10004838763823487,0.12328719552766028,0.03113982666505441,0.3088918525504236,-0.32917545976209095,-0.39530916798909205,0.14875483430429587,0.10409762871975227,-0.06995687964922077,0.26344757026606336,0.09531874596626772,-0.30894745637216386,-0.03097102859161152,-0.24854645903288733,0.03066777834980327,0.3866565520994964,0.1639329146232031
grims,-0.21682488698013924,6,-0.40240707349095467,0.10004838763823487,0.12328719552766028,0.03113982666505441,0.3088918525504236,-0.32917545976209095,-0.39530916798909205,0.14875483430429587,0.10409762871975227,-0.06995687964922077,0.26344757026606336,0.09531874596626772,-0.30894745637216386,-0.03097102859161152,-0.24854645903288733,0.03066777834980327,0.3866565520994964,0.1639329146232031
grims,0.18920133421439836,6,-0.4848047181349867,-0.21003491776504188,-0.1173308387885703,-0.10633661217800106,0.220606769827321,-0.24956207236228434,-0.2297799400073475,-0.11180802541064758,-0.026617199842074002,-0.09047099836665003,0.23060101546577638,-0.17807553599425568,-0.17902972698066008,0.17238964141344693,-0.3144541952064775,-0.20932939258084568,0.1940313774629456,-0.42851819481156056
grims,0.26169824219180615,6,-0.4848047181349867,-0.21003491776504188,-0.1173308387885703,-0.10633661217800106,0.220606769827321,-0.24956207236228434,-0.2297799400073475,-0.11180802541064758,-0.026617199842074002,-0.09047099836665003,0.23060101546577638,-0.17807553599425568,-0.17902972698066008,0.17238964141344693,-0.3144541952064775,-0.20932939258084568,0.1940313774629456,-0.42851819481156056
grims,-0.06428720286005944,6,0.23442415506369849,-0.05184085687030482,-0.4497154632213159,0.03616950630861459,-0.3473916023323754,0.11919130019581721,0.15886805815420266,-0.009460092763499489,-0.4485170236606984,-0.04588071820575375,-0.25515495163368634,-0.03643933147489724,0.3602514323875838,-0.22634565749265317,-0.17355672870645486,0.08895133247206098,-0.24569653783915824,0.17167006957916345
aaa,-0.1128675244880742,5,-0.25957824607488117,0.22323976520904143,-0.12511437451872406,0.06123721913923489,-0.07404539979734222,0.33049570817372814,-0.27131732816658827,-0.12230942510891768,0.224808251826035,-0.06166463405897638,0.4833212461036337,0.21359464210386983,-0.17202015478986982,0.18872146932252162,-0.35911392476259657,-0.17161049985225407,0.3178501357924611,-0.043415780044711576
aaa,-0.06907656865697338,5,-0.3839783302864351,0.16312581916100077,0.15393045279415568,0.043565884345821586,0.22483910813474095,-0.08113550959606963,-0.3679537720735536,-0.08303359888586898,0.31021340961428434,-0.04808737690722964,0.3668327512287613,-0.1855800729692536,-0.49359288266639323,0.019754642533355134,-0.08832798948592013,0.0855664578408865,0.1933291128359344,-0.1919977130637398
aaa,0.0148805420388951,5,-0.2538833407119097,0.2904062753817215,-0.18281191293108345,0.027817696542237088,0.21541040895716587,0.153557993592125,-0.2455856362113839,0.034121391909920175,0.21938639822175307,-0.06143829982163207,0.24122639212642233,0.1451368672589584,-0.298614885258091,0.40129901929574596,-0.25613892967909974,0.4672739882706087,0.1339269188699915,-0.04790518233352631
aaa,0.010580312136776258,5,-0.2538833407119097,0.2904062753817215,-0.18281191293108345,0.027817696542237088,0.21541040895716587,0.153557993592125,-0.2455856362113839,0.034121391909920175,0.21938639822175307,-0.06143829982163207,0.24122639212642233,0.1451368672589584,-0.298614885258091,0.40129901929574596,-0.25613892967909974,0.4672739882706087,0.1339269188699915,-0.04790518233352631
aaa,0.006192182978883953,5,-0.2538833407119097,0.2904062753817215,-0.18281191293108345,0.027817696542237088,0.21541040895716587,0.153557993592125,-0.2455856362113839,0.034121391909920175,0.21938639822175307,-0.06143829982163207,0.24122639212642233,0.1451368672589584,-0.298614885258091,0.40129901929574596,-0.25613892967909974,0.4672739882706087,0.1339269188699915,-0.04790518233352631
aaa,-0.06400332787384869,5,-0.2538833407119097,0.2904062753817215,-0.18281191293108345,0.027817696542237088,0.21541040895716587,0.153557993592125,-0.2455856362113839,0.034121391909920175,0.21938639822175307,-0.06143829982163207,0.24122639212642233,0.1451368672589584,-0.298614885258091,0.40129901929574596,-0.25613892967909974,0.4672739882706087,0.1339269188699915,-0.04790518233352631
aaa,-0.019802063326206154,5,-0.2538833407119097,0.2904062753817215,-0.18281191293108345,0.027817696542237088,0.21541040895716587,0.153557993592125,-0.2455856362113839,0.034121391909920175,0.21938639822175307,-0.06143829982163207,0.24122639212642233,0.1451368672589584,-0.298614885258091,0.40129901929574596,-0.25613892967909974,0.4672739882706087,0.1339269188699915,-0.04790518233352631
aaa,-0.004075327137258311,5,-0.2538833407119097,0.2904062753817215,-0.18281191293108345,0.027817696542237088,0.21541040895716587,0.153557993592125,-0.2455856362113839,0.034121391909920175,0.21938639822175307,-0.06143829982163207,0.24122639212642233,0.1451368672589584,-0.298614885258091,0.40129901929574596,-0.25613892967909974,0.4672739882706087,0.1339269188699915,-0.04790518233352631
aaa,-0.006327698460912519,5,-0.2538833407119097,0.2904062753817215,-0.18281191293108345,0.027817696542237088,0.21541040895716587,0.153557993592125,-0.2455856362113839,0.034121391909920175,0.21938639822175307,-0.06143829982163207,0.24122639212642233,0.1451368672589584,-0.298614885258091,0.40129901929574596,-0.25613892967909974,0.4672739882706087,0.1339269188699915,-0.04790518233352631
aaa,-0.08992070495638105,5,-0.31819028429946794,-0.29819436521209663,0.18756322030897637,-0.11261237884281773,0.2884832031955587,-0.22370591613541177,-0.3115792944480506,-0.005242016161911551,0.21879748499941795,-0.0841929912624952,0.347366727804147,-0.01053131110414843,-0.39207483559233375,-0.24625211608837896,-0.26898373315774565,-0.1306714505939922,0.014044589853146498,0.22776053925181508
aaa,0.04033882874926287,5,-0.23374546534948717,-0.0969798446008473,0.021621158436662624,0.07255787608041489,0.028508895562009452,0.2194795838708817,-0.2558568133872607,0.009867587024383607,0.11527462470789614,-0.11306594302480734,0.34106272085822487,-0.46790723549886687,-0.2567731625257815,-0.19024566856796662,-0.038652139984549916,-0.08338347212122285,-0.28264182761620577,0.5137018119197395
aaa,-0.0895159695087552,5,-0.23374546534948717,-0.0969798446008473,0.021621158436662624,0.07255787608041489,0.028508895562009452,0.2194795838708817,-0.2558568133872607,0.009867587024383607,0.11527462470789614,-0.11306594302480734,0.34106272085822487,-0.46790723549886687,-0.2567731625257815,-0.19024566856796662,-0.038652139984549916,-0.08338347212122285,-0.28264182761620577,0.5137018119197395
aaa,-0.23878054157846096,5,-0.23374546534948717,-0.0969798446008473,0.021621158436662624,0.07255787608041489,0.028508895562009452,0.2194795838708817,-0.2558568133872607,0.009867587024383607,0.11527462470789614,-0.11306594302480734,0.34106272085822487,-0.46790723549886687,-0.2567731625257815,-0.19024566856796662,-0.038652139984549916,-0.08338347212122285,-0.28264182761620577,0.5137018119197395
aaa,-0.1282551439543353,5,-0.14877375675546786,0.15774023303232432,0.39933370515569666,0.031607371331067044,-0.16706725847038334,-0.2959474118468543,-0.1435732222174789,0.14471374091660907,0.10082516760186722,-0.12459158404717076,-0.25134751304526987,0.21319109371197129,-0.0703095069526636,0.1256179293835039,0.6201663013137652,0.24606523796317187,-0.187560786446636,-0.009736715911171565
aaa,-0.10520842309072255,7,-0.2084335104008026,0.22987856881331148,0.17042469164774204,0.025161364519156685,-0.13938162993950598,0.1762632991765393,-0.17786710909506384,0.23666763913109418,0.09426970905447407,-0.1441555426581348,-0.28809198939796865,0.1954602129395384,-0.08844808529360353,0.23759489198805409,0.6386626859064212,0.2837451488147033,-0.1683240648275881,-0.06333534073269584
aaa,-0.1002172872130502,7,-0.2927170044503829,0.3435295708079992,-0.28033746847148655,0.024542173115232907,0.001117472332887359,0.23085990925219924,-0.2675203053391526,0.38617345804988773,-0.12172173941047394,0.3947023949982051,-0.21308203752655275,0.058346544649110314,-0.26625066188341334,-0.02222753117033147,0.2113166629641148,-0.10576586327299838,0.2863380057881714,-0.12037299072028856
aaa,0.017831013060360792,7,-0.2731764398747332,-0.3186483388500585,0.37641506062900293,0.07567443292231207,0.007031971841052824,0.1685726750908067,-0.32291787986911086,-0.4492843789184718,0.303426635472849,-0.1159978532363791,-0.029366036752372225,-0.2678953778473005,-0.29794895269142757,-0.21281823011858145,0.01915005331397876,-0.025533941602429822,0.10663343188994928,-0.13121070777609564
aaa,-0.056251462016373675,7,-0.2731764398747332,-0.3186483388500585,0.37641506062900293,0.07567443292231207,0.007031971841052824,0.1685726750908067,-0.32291787986911086,-0.4492843789184718,0.303426635472849,-0.1159978532363791,-0.029366036752372225,-0.2678953778473005,-0.29794895269142757,-0.21281823011858145,0.01915005331397876,-0.025533941602429822,0.10663343188994928,-0.13121070777609564
aaa,-0.1217251516770826,7,-0.14108780698111348,0.2099449278135641,0.16189445029305594,0.019178771044364145,-0.1189406384402165,-0.2285380705804414,-0.2063717776089206,0.37710843821083645,0.04574627032731574,0.5941172448418888,-0.19842025713332817,0.11114061336939764,-0.08831698210833461,0.07122770740592117,0.39494435427726576,0.19362550934578057,-0.20333469818312003,-0.061498760655553805
aaa,0.0019752023743956184,9,-0.2526820587592502,0.3007492262766266,-0.17568144608196765,0.03019135415587272,0.18424708044587668,0.2171808974589532,-0.2579530036193076,0.40816154894453005,-0.10365794709866256,0.4510240689705457,-0.24117132969658267,0.09005293696834249,-0.18536395478957998,0.13731067395663546,0.3241483536312396,-0.14833430795672375,0.17564346997864017,-0.08997427782825733
aaa,-0.07834129872272712,9,-0.2526820587592502,0.3007492262766266,-0.17568144608196765,0.03019135415587272,0.18424708044587668,0.2171808974589532,-0.2579530036193076,0.40816154894453005,-0.10365794709866256,0.4510240689705457,-0.24117132969658267,0.09005293696834249,-0.18536395478957998,0.13731067395663546,0.3241483536312396,-0.14833430795672375,0.17564346997864017,-0.08997427782825733
aaa,-0.08715493286677242,9,-0.2739491853762108,-0.33698779326541295,0.28519224984047425,-0.43972100877442866,0.0014059318055799556,0.11803479770434074,-0.3403505901947422,-0.44089905958955883,0.21889893989323211,-0.06888931860463227,-0.06157831284579591,-0.20083225668303312,-0.2407822109609823,-0.0512546161884313,-0.05166771047655787,-0.07208485839673208,0.203480796183112,-0.07665442335733973
aaa,-0.1194610559060595,9,-0.4245269579091223,-0.4635825998639025,0.17642631606470527,0.14766865688022865,-0.388996369366335,0.02421962073901629,-0.24425566813230856,-0.20764428092757775,-0.24870810992564069,-0.10874856177760758,-0.17738054018383334,0.033436388238863794,-0.3322422020777531,-0.06471140229762327,0.08764017129693132,-0.12224405898268129,0.17503657108670034,-0.15216942763675811
aaa,-0.1678867895315816,9,-0.23232161228818768,-0.36346615060448373,0.13362645828462574,-0.4209886395130963,0.26813673169656227,0.2075301267657863,-0.27124318637589356,-0.5218724825077637,-0.03829979045025665,-0.10998229933946298,-0.05277092600580459,-0.19931354162639983,-0.19490352107392073,-0.06317729581624405,-0.07350597459064041,-0.06087153439261206,0.20247806909877986,-0.09891164743411114
aaa,-0.27421157485721565,9,-0.23232161228818768,-0.36346615060448373,0.13362645828462574,-0.4209886395130963,0.26813673169656227,0.2075301267657863,-0.27124318637589356,-0.5218724825077637,-0.03829979045025665,-0.10998229933946298,-0.05277092600580459,-0.19931354162639983,-0.19490352107392073,-0.06317729581624405,-0.07350597459064041,-0.06087153439261206,0.20247806909877986,-0.09891164743411114
aaa,0.004380051224053355,9,-0.2199952159238114,-0.3003702082625179,0.1318743110737315,-0.715541755227283,0.2260814523366897,0.1971839608644015,-0.1960381616539216,-0.13188670806738767,-0.07198783604605438,-0.005565094892651378,0.14057920212584216,-0.2666182253516212,-0.18844611018005913,-0.11174746586072398,-0.06909342017265897,-0.055343214949713386,-0.14355254222876218,-0.11689763633715383
aaa,-0.0592680532140218,9,-0.2199952159238114,-0.3003702082625179,0.1318743110737315,-0.715541755227283,0.2260814523366897,0.1971839608644015,-0.1960381616539216,-0.13188670806738767,-0.07198783604605438,-0.005565094892651378,0.14057920212584216,-0.2666182253516212,-0.18844611018005913,-0.11174746586072398,-0.06909342017265897,-0.055343214949713386,-0.14355254222876218,-0.11689763633715383
aaa,-0.09423459341329934,10,-0.1032076143449288,0.4341969320738537,0.3173793442152371,0.003791460323560997,-0.1556267885075494,-0.11225649770556641,-0.0918327523568125,0.07956149007397716,0.09412320847206385,-0.13265956352906932,-0.15447413716531,-0.42106038182839367,-0.050395043039418226,0.2551737033308326,0.5501483879763752,-0.16719486769629152,-0.13735906575767776,-0.06117743376384595
aaa,-0.10747520602847985,10,-0.3287421044365742,0.32871310544779275,-0.2721660074897185,0.02280260079172019,0.2449501974481155,0.2503849651699115,-0.27861669946047685,0.3170127358928495,-0.16796759569095582,0.32539089729130766,-0.24761677393366593,0.10553302320756963,-0.27185169310456286,0.020585811393316996,0.11723073916641746,-0.12104116233324969,0.29910555295817637,-0.09866896300185232
aaa,-0.10742943001456363,10,-0.28583817994876254,-0.3539402870567626,0.17751652581739272,-0.19626123928530267,0.14092212614712646,0.16138131479344978,-0.3776974196353027,-0.47621787670973675,0.28895576384908106,-0.1081110442132899,-0.03247505207822535,-0.23278995629712154,-0.2518994285835019,-0.12416357227133999,-0.12165593145960847,-0.05804957345762104,0.23480907233816908,-0.07103575019238564
aaa,-0.08546599859802959,10,-0.2673138986805538,-0.3971477507448469,-0.08393231051007333,-0.4937525605740418,-0.2741885891398728,0.1560015851214428,-0.06343854183836736,-0.09248169592490824,-0.5645636751494194,-0.01798860978599449,-0.15274395088123235,0.08966248314562092,-0.19184422843731805,-0.08022149636091239,0.02709586657461813,-0.056381019408776836,-0.041891339402584965,-0.09248856833657951
aaa,-0.21787544974516723,10,-0.2673138986805538,-0.3971477507448469,-0.08393231051007333,-0.4937525605740418,-0.2741885891398728,0.1560015851214428,-0.06343854183836736,-0.09248169592490824,-0.5645636751494194,-0.01798860978599449,-0.15274395088123235,0.08966248314562092,-0.19184422843731805,-0.08022149636091239,0.02709586657461813,-0.056381019408776836,-0.041891339402584965,-0.09248856833657951
aaa,0.00016772759621569433,10,-0.2903252766684996,-0.031137304620480033,0.02086282961379959,0.03828716918694953,-0.02627298478602394,-0.2534128318150535,-0.28751374216967723,0.4316107129039948,0.13132331739577377,0.5230775824624705,-0.19947560368639924,0.1420622174431446,-0.2374657795175794,0.3093305078768321,0.14623824479756553,0.1531030442990722,-0.05371475591649212,-0.16841995872058343
aaa,0.01676770673547844,10,-0.2903252766684996,-0.031137304620480033,0.02086282961379959,0.03828716918694953,-0.02627298478602394,-0.2534128318150535,-0.28751374216967723,0.4316107129039948,0.13132331739577377,0.5230775824624705,-0.19947560368639924,0.1420622174431446,-0.2374657795175794,0.3093305078768321,0.14623824479756553,0.1531030442990722,-0.05371475591649212,-0.16841995872058343
aaa,-0.052249186833117967,10,-0.2903252766684996,-0.031137304620480033,0.02086282961379959,0.03828716918694953,-0.02627298478602394,-0.2534128318150535,-0.28751374216967723,0.4316107129039948,0.13132331739577377,0.5230775824624705,-0.19947560368639924,0.1420622174431446,-0.2374657795175794,0.3093305078768321,0.14623824479756553,0.1531030442990722,-0.05371475591649212,-0.16841995872058343
aaa,-0.002413157980037558,10,-0.2903252766684996,-0.031137304620480033,0.02086282961379959,0.03828716918694953,-0.02627298478602394,-0.2534128318150535,-0.28751374216967723,0.4316107129039948,0.13132331739577377,0.5230775824624705,-0.19947560368639924,0.1420622174431446,-0.2374657795175794,0.3093305078768321,0.14623824479756553,0.1531030442990722,-0.05371475591649212,-0.16841995872058343
aaa,-0.04036921324701596,10,0.37599478184263857,0.08419334565008163,0.23184422097861462,0.054334409960201835,-0.3414039902122623,-0.28283781796811297,0.3819582209206346,0.0158812403608853,0.10464247767315062,-0.06770348173159788,-0.4069403757222878,0.32313113409144867,0.30727352067101255,-0.12899534151662795,0.030170186770830384,-0.012933069993101287,-0.12876408905082404,-0.1946142415578093
aaa,-0.08835420797568176,11,0.3685276252264482,0.21444679829141555,0.03692869905935364,0.02552649610798005,-0.24662364854206326,-0.09709141845857718,0.31614509132168217,0.05160483052232816,0.05443637470504645,-0.06811169333037677,-0.1949716360595772,0.20398334380864314,0.44431623022511785,0.2915184355337651,0.20024886366279684,0.41707627320314145,-0.24033936676319576,-0.0433943822613561
aaa,-0.07556398679154791,11,0.36495054041589203,0.20636313506477777,-0.039314173101453645,0.030959621270554658,0.36362327045301607,0.18272435236040319,0.35536370030692305,0.11970475500497273,0.06002255931723216,-0.06114924847447017,0.38156070275783377,0.2868719615520001,0.18412352066169316,-0.0040129311945599775,-0.11694428547093624,-0.10989636016172065,0.3747521573667558,-0.28313007136988494
aaa,0.035589182476789306,11,0.19863126774493142,0.3012919567204132,-0.40540855181890867,0.0226339172191353,-0.1778370019601857,0.1763799109012924,0.21233989461020214,0.40972101386166754,-0.30120957428309125,0.3672317830887602,-0.1804763414228811,0.10486615483330568,0.16999811287994648,0.1067455423451682,0.11804867853542898,-0.11316598168611111,-0.26846466281656295,-0.1447089880818638
aaa,-0.07741563859443515,11,0.19863126774493142,0.3012919567204132,-0.40540855181890867,0.0226339172191353,-0.1778370019601857,0.1763799109012924,0.21233989461020214,0.40972101386166754,-0.30120957428309125,0.3672317830887602,-0.1804763414228811,0.10486615483330568,0.16999811287994648,0.1067455423451682,0.11804867853542898,-0.11316598168611111,-0.26846466281656295,-0.1447089880818638
aaa,-0.22972714933434876,11,0.19863126774493142,0.3012919567204132,-0.40540855181890867,0.0226339172191353,-0.1778370019601857,0.1763799109012924,0.21233989461020214,0.40972101386166754,-0.30120957428309125,0.3672317830887602,-0.1804763414228811,0.10486615483330568,0.16999811287994648,0.1067455423451682,0.11804867853542898,-0.11316598168611111,-0.26846466281656295,-0.1447089880818638
aaa,-0.14574071168163244,11,0.26114654653492575,-0.32730476971540967,-0.06947097221269827,-0.31956471410337717,0.14246940493922225,0.21562660529135508,0.08233765309628162,-0.43357188315892387,0.3941837785528021,-0.1169139131024291,-0.04571809196223132,-0.2775651332523879,0.22032105572503735,-0.09088280333954074,-0.3121271655118149,-0.05222448173800985,0.14219655730626515,-0.17554451676104546
aaa,-0.17692622758401985,11,0.26114654653492575,-0.32730476971540967,-0.06947097221269827,-0.31956471410337717,0.14246940493922225,0.21562660529135508,0.08233765309628162,-0.43357188315892387,0.3941837785528021,-0.1169139131024291,-0.04571809196223132,-0.2775651332523879,0.22032105572503735,-0.09088280333954074,-0.3121271655118149,-0.05222448173800985,0.14219655730626515,-0.17554451676104546
aaa,-0.21985153980106542,11,0.26114654653492575,-0.32730476971540967,-0.06947097221269827,-0.31956471410337717,0.14246940493922225,0.21562660529135508,0.08233765309628162,-0.43357188315892387,0.3941837785528021,-0.1169139131024291,-0.04571809196223132,-0.2775651332523879,0.22032105572503735,-0.09088280333954074,-0.3121271655118149,-0.05222448173800985,0.14219655730626515,-0.17554451676104546
aaa,-0.0904155328139129,11,0.2374065748878907,-0.35428904109030057,-0.35221048140440564,-0.10556640501248053,0.014287843588325976,0.09289808898014809,0.34379492482593166,-0.24315002084240261,-0.5403660639350866,-0.10157914164145715,-0.06885922687384455,-0.018635022899329074,0.24962627868720297,-0.11151295470035097,-0.20526117988469417,-0.07129142932549752,-0.2554322551155582,-0.04645951932197459
aaa,-0.0930563960554692,11,0.24697035553567365,-0.043862527204115764,-0.2640120947024446,0.0668215314817535,0.17083686456088787,-0.17334242503428027,0.25215617133069634,-0.07365542624256709,-0.11005516412110092,-0.09617332751484164,0.15224386142822957,-0.2506897897506203,0.19899258145996868,-0.35189487509446443,-0.1843814996933373,-0.08852464676459326,-0.2630881989812055,0.5939797287420241
aaa,-0.16129299782168952,11,0.3742265212696218,0.14308452678108696,-0.0886834029813455,0.03988677738141311,-0.17697289457448273,-0.29987945779760916,0.29303111133169046,0.314573671877204,-0.13672317441389442,-0.14906602059505794,-0.17959471534512733,0.12026503637293685,0.43934984925437154,0.19230558368576547,0.37388122551670017,-0.10357761601262994,-0.23471266298029092,-0.026600853487456066
aaa,-0.11741726669280361,13,0.3343774553182538,0.30864940223042137,-0.3776056310041952,0.018001940954337832,-0.05002189094110858,0.0774766401339027,0.2715045508300311,0.37916255767611,-0.2062016165070803,0.1423736377882533,-0.1958177816330276,0.10900031409566874,0.37691171870264994,0.2579099931588014,0.27153876072884103,-0.164239230148575,-0.009755167984667846,-0.04043970200282423
aaa,-0.09773183667761778,13,0.25777105605842526,0.15759175508173218,-0.5893763466417122,0.05022973004596883,0.28262188919322423,0.2251820267718468,0.21245420584622068,0.18252475057009473,-0.281121555581584,0.23175037049825267,-0.08634133105385387,-0.0039258788488775054,0.28235888192588515,0.1858888600246145,-0.052043000426428954,-0.133711461490474,0.2658094441126091,-0.06376808716665584
aaa,-0.20461823251808994,13,0.25777105605842526,0.15759175508173218,-0.5893763466417122,0.05022973004596883,0.28262188919322423,0.2251820267718468,0.21245420584622068,0.18252475057009473,-0.281121555581584,0.23175037049825267,-0.08634133105385387,-0.0039258788488775054,0.28235888192588515,0.1858888600246145,-0.052043000426428954,-0.133711461490474,0.2658094441126091,-0.06376808716665584
aaa,-0.07337893505433442,13,0.28133042241920303,-0.30773456096506446,-0.3959137808827179,-0.14150907968344173,-0.20680774034498714,0.14015322233886132,0.3515538572413984,-0.22003597421174012,-0.5110995055043744,-0.12355093870139888,-0.10511211867143755,0.01796212960400445,0.2843870234953542,0.10454089179193733,-0.14832884422686463,-0.09049434532395552,-0.03358763840369537,-0.06308301210181452
aaa,-0.11653338731194153,15,0.36725092272126164,0.35734976799688944,-0.2037592304217334,0.004640489388919592,-0.21266998355768807,-0.06504219518219856,0.26791416554848335,0.17413736365559981,-0.2012883475576882,0.016470034966370974,-0.18715540065660605,0.10740857270294807,0.3961177882081887,0.3203065574065151,0.3494796282402092,0.2628132407295386,-0.07729997500838265,-0.016971120182979235
aaa,-0.06480431239241219,15,0.19942837586720352,0.22816892039483339,-0.5660506803700766,0.020610794381970162,-0.18247280323569695,0.18883393279327798,0.19690125101563355,0.23237528710043778,-0.2967915511200547,0.28338471622050426,-0.14915042721262392,0.04437788335774092,0.2454883247756157,0.2667570309253771,0.1631198815619119,0.12445623292849843,0.2384934404353113,-0.050974146808332704
aaa,-0.06299002405076902,15,0.2200276561311505,-0.299292335153416,-0.21233922988666107,0.12408649798170962,0.176103771423258,-0.09743498920105935,0.2972662890283427,-0.31301627732401127,-0.5253918691740015,-0.045016670221152605,0.09520237687629748,-0.2871786292071195,0.3397860343563262,-0.046696613377226276,-0.16976306583892475,-0.09984724776417235,-0.15514123679608113,0.15678934018833987
aaa,-0.18726299549272934,15,0.25227482560648556,0.0015601267119111917,-0.2657336647122908,0.10938311349625059,-0.37874792531625484,-0.504186014827408,0.3102060747931641,-0.17470125900637257,-0.07808013751349382,-0.017393874108335268,-0.06490341620306982,-0.05049970527907697,0.20207654388815968,-0.3532224935490649,-0.016721982505512652,-0.10400875085404684,-0.3727599391394426,0.023745735543340193
aaa,-0.2116631998938234,15,0.25227482560648556,0.0015601267119111917,-0.2657336647122908,0.10938311349625059,-0.37874792531625484,-0.504186014827408,0.3102060747931641,-0.17470125900637257,-0.07808013751349382,-0.017393874108335268,-0.06490341620306982,-0.05049970527907697,0.20207654388815968,-0.3532224935490649,-0.016721982505512652,-0.10400875085404684,-0.3727599391394426,0.023745735543340193
aaa,-0.05261286558593151,15,0.1888054378145601,0.009842540829474,-0.14806919786082906,0.055514293598789975,0.21111092046479282,0.03898562426433088,0.20402033423951474,-0.017308318402671875,0.017980325813614577,-0.060038104595582426,0.29544591911085494,-0.3961987331241702,0.10525779318620775,-0.2736317904215702,-0.22285334590092853,-0.05115202034491269,-0.21897860719846124,0.6456491354332241
Pa0l0l0,0.00012922117363412428,1,0.20005335829347332,0.087809033178607,0.3246671781981722,0.03126260513623833,-0.04799942959693821,-0.10811851036985995,-0.23165540330436538,0.019716132130260255,0.2356616477725348,-0.04237201134204521,-0.24672244945515526,0.21531881716752016,0.5785405005140332,0.2537258485713487,0.3953038877766893,-0.061917723800937276,-0.037205221929230696,-0.2295659334252662
Pa0l0l0,-0.06186535283105762,1,0.20005335829347332,0.087809033178607,0.3246671781981722,0.03126260513623833,-0.04799942959693821,-0.10811851036985995,-0.23165540330436538,0.019716132130260255,0.2356616477725348,-0.04237201134204521,-0.24672244945515526,0.21531881716752016,0.5785405005140332,0.2537258485713487,0.3953038877766893,-0.061917723800937276,-0.037205221929230696,-0.2295659334252662
Pa0l0l0,-0.0041033168506695505,1,0.20005335829347332,0.087809033178607,0.3246671781981722,0.03126260513623833,-0.04799942959693821,-0.10811851036985995,-0.23165540330436538,0.019716132130260255,0.2356616477725348,-0.04237201134204521,-0.24672244945515526,0.21531881716752016,0.5785405005140332,0.2537258485713487,0.3953038877766893,-0.061917723800937276,-0.037205221929230696,-0.2295659334252662
Pa0l0l0,0.055584786495283874,1,0.662909818588301,0.5141595123139823,-0.24199149008453932,-0.003236497263000601,-0.12128196474316782,-0.041342946635918636,0.2230118745082631,0.2597931791393601,-0.10751923923915321,-0.06295078783459143,-0.14490782622171147,0.08664763501292097,-0.0748040111264761,0.08780332124304058,-0.04265353261376946,-0.10973758927927169,-0.14328346884144622,-0.11067388346518395
Pa0l0l0,-0.13178849914852164,1,0.662909818588301,0.5141595123139823,-0.24199149008453932,-0.003236497263000601,-0.12128196474316782,-0.041342946635918636,0.2230118745082631,0.2597931791393601,-0.10751923923915321,-0.06295078783459143,-0.14490782622171147,0.08664763501292097,-0.0748040111264761,0.08780332124304058,-0.04265353261376946,-0.10973758927927169,-0.14328346884144622,-0.11067388346518395
Pa0l0l0,0.010837216603887274,1,-0.18641913538682287,-0.397511652060201,-0.06899263027213676,0.13602224246124972,-0.019371172943519557,-0.09524232694553371,0.2371530211329901,-0.3518392128075091,0.47095734467967837,0.004659419139923912,0.46401114902572416,-0.27673639206549866,0.08679780494211595,-0.0667983746307586,-0.08872654033809957,0.025339676818912978,-0.15933688909785873,-0.1867648164511932
Pa0l0l0,-0.07266836800654877,1,-0.18641913538682287,-0.397511652060201,-0.06899263027213676,0.13602224246124972,-0.019371172943519557,-0.09524232694553371,0.2371530211329901,-0.3518392128075091,0.47095734467967837,0.004659419139923912,0.46401114902572416,-0.27673639206549866,0.08679780494211595,-0.0667983746307586,-0.08872654033809957,0.025339676818912978,-0.15933688909785873,-0.1867648164511932
Pa0l0l0,-0.09849988739454929,2,0.23565254786959527,0.15976918291441178,0.003602724980489089,0.04018993088289663,-0.136656551090774,-0.1469484232393461,-0.19402966533823046,0.21276722508064472,0.12385794189592877,-0.09056572668947004,-0.2056103033804381,0.19522010477954516,0.5638080834942052,0.2822812507823093,-0.05249868893833163,-0.09836436370076507,-0.399185108662827,-0.3476422325384634
Pa0l0l0,-0.1186751631004078,2,0.5835688257073273,0.3694882099015516,-0.3821329327879982,0.04325415792108812,-0.19149140637849416,-0.08972398662099457,0.2698711896747478,0.17439727384036563,0.04398286837813621,-0.03978346713880359,-0.059979641906401336,0.0652061855708031,-0.12095587734138544,0.16184244994380076,-0.057763522720420346,-0.16060319312293495,-0.3169388461230129,-0.21282622249304786
Pa0l0l0,-0.22873296482208474,2,0.5835688257073273,0.3694882099015516,-0.3821329327879982,0.04325415792108812,-0.19149140637849416,-0.08972398662099457,0.2698711896747478,0.17439727384036563,0.04398286837813621,-0.03978346713880359,-0.059979641906401336,0.0652061855708031,-0.12095587734138544,0.16184244994380076,-0.057763522720420346,-0.16060319312293495,-0.3169388461230129,-0.21282622249304786
Pa0l0l0,0.10328943873021675,2,0.09221560094554275,0.39790530913252853,0.09796097703733063,-0.13804064605233307,0.1309014833220208,-0.5445007514733109,-0.13549409479023583,0.3965150807774712,0.013927857713644893,-0.32892834585062913,-0.22389666399798033,0.2664015382286739,-0.08420179497126798,-0.08819680480478412,0.0485817685357942,0.04187439473329127,0.17771233359886449,0.18779154997934305
Pa0l0l0,0.07229115841958735,2,0.09221560094554275,0.39790530913252853,0.09796097703733063,-0.13804064605233307,0.1309014833220208,-0.5445007514733109,-0.13549409479023583,0.3965150807774712,0.013927857713644893,-0.32892834585062913,-0.22389666399798033,0.2664015382286739,-0.08420179497126798,-0.08819680480478412,0.0485817685357942,0.04187439473329127,0.17771233359886449,0.18779154997934305
Pa0l0l0,0.027030202690417476,2,0.09221560094554275,0.39790530913252853,0.09796097703733063,-0.13804064605233307,0.1309014833220208,-0.5445007514733109,-0.13549409479023583,0.3965150807774712,0.013927857713644893,-0.32892834585062913,-0.22389666399798033,0.2664015382286739,-0.08420179497126798,-0.08819680480478412,0.0485817685357942,0.04187439473329127,0.17771233359886449,0.18779154997934305
Pa0l0l0,0.21469554624863751,2,0.09221560094554275,0.39790530913252853,0.09796097703733063,-0.13804064605233307,0.1309014833220208,-0.5445007514733109,-0.13549409479023583,0.3965150807774712,0.013927857713644893,-0.32892834585062913,-0.22389666399798033,0.2664015382286739,-0.08420179497126798,-0.08819680480478412,0.0485817685357942,0.04187439473329127,0.17771233359886449,0.18779154997934305
Pa0l0l0,-0.009673999536851234,2,0.09221560094554275,0.39790530913252853,0.09796097703733063,-0.13804064605233307,0.1309014833220208,-0.5445007514733109,-0.13549409479023583,0.3965150807774712,0.013927857713644893,-0.32892834585062913,-0.22389666399798033,0.2664015382286739,-0.08420179497126798,-0.08819680480478412,0.0485817685357942,0.04187439473329127,0.17771233359886449,0.18779154997934305
Pa0l0l0,0.014944968112480715,2,0.04991386001224768,-0.05965775669822815,-0.015336002010650145,0.04664035136857941,0.001205517165023663,-0.07609754204294696,-0.06712346365933532,0.0950062982301789,0.06692544944754122,-0.10051470850878977,-0.22389252769209314,-0.9150459686658545,-0.05416692028563681,0.13885780213080232,-0.06908306019568033,-0.0643755395607186,-0.08476735127712236,-0.1785442782921571
Pa0l0l0,-0.24187786379957904,2,0.04991386001224768,-0.05965775669822815,-0.015336002010650145,0.04664035136857941,0.001205517165023663,-0.07609754204294696,-0.06712346365933532,0.0950062982301789,0.06692544944754122,-0.10051470850878977,-0.22389252769209314,-0.9150459686658545,-0.05416692028563681,0.13885780213080232,-0.06908306019568033,-0.0643755395607186,-0.08476735127712236,-0.1785442782921571
Pa0l0l0,-0.0705072668715244,2,-0.222569990295202,0.2250084246112124,0.3223733619342225,0.008927782907390653,0.3948479802052699,-0.042347232209877045,-0.21413733247603264,0.20843378236192658,0.04036836452641524,-0.15638729102707769,-0.10346262293033075,0.18150754737269456,-0.4086161234252477,0.1556237384178302,0.37509634494680316,-0.05789508896575109,0.32006884911049377,-0.2035109545595829
Pa0l0l0,0.07532135173871729,3,-0.12424464593216936,0.24931603921417544,0.33665298371680347,0.006861902891857231,0.38959745201319224,-0.036947840509379624,-0.2224969125672695,0.23744438069130608,0.0076196904943056365,-0.1716246763426381,-0.0963409556338637,0.17838362059992957,-0.35759081404912285,0.21287630422647252,0.40188083110136036,-0.22576450237429593,0.2611453421224919,-0.15971486137872692
Pa0l0l0,-0.09293259976178583,3,-0.12424464593216936,0.24931603921417544,0.33665298371680347,0.006861902891857231,0.38959745201319224,-0.036947840509379624,-0.2224969125672695,0.23744438069130608,0.0076196904943056365,-0.1716246763426381,-0.0963409556338637,0.17838362059992957,-0.35759081404912285,0.21287630422647252,0.40188083110136036,-0.22576450237429593,0.2611453421224919,-0.15971486137872692
Pa0l0l0,0.041740489236600196,3,0.2645519987311471,0.16145892037973952,-0.14427397811681802,-0.004317818038159869,-0.07174394649366116,-0.04956623692823112,0.1290666087387142,0.16513710109790558,0.00010678299682085131,-0.10506502409235254,-0.13905495736220336,0.11474937199674541,-0.14811206877768973,0.1292491151877075,0.03122807435123778,0.8515888049884744,-0.08423324885625506,-0.1269581064107195
Pa0l0l0,-0.022966438389373033,3,0.2645519987311471,0.16145892037973952,-0.14427397811681802,-0.004317818038159869,-0.07174394649366116,-0.04956623692823112,0.1290666087387142,0.16513710109790558,0.00010678299682085131,-0.10506502409235254,-0.13905495736220336,0.11474937199674541,-0.14811206877768973,0.1292491151877075,0.03122807435123778,0.8515888049884744,-0.08423324885625506,-0.1269581064107195
Pa0l0l0,-0.23621137773582584,3,0.2645519987311471,0.16145892037973952,-0.14427397811681802,-0.004317818038159869,-0.07174394649366116,-0.04956623692823112,0.1290666087387142,0.16513710109790558,0.00010678299682085131,-0.10506502409235254,-0.13905495736220336,0.11474937199674541,-0.14811206877768973,0.1292491151877075,0.03122807435123778,0.8515888049884744,-0.08423324885625506,-0.1269581064107195
Pa0l0l0,0.015817604575988343,3,-0.1976004948812718,-0.16995549676541888,-0.07164779799183774,-0.3470130234630309,-0.09623786946648479,0.33641324145795237,0.13742076018562796,-0.2975625560446258,0.013759202430137733,0.19964184533694,0.1658645884541239,-0.14414232919240771,0.15092074775821515,-0.5156715510351856,-0.34362751497804195,0.053177686184421126,0.25571949736635363,0.11543621322226157
Pa0l0l0,-0.09118382459036108,3,-0.1976004948812718,-0.16995549676541888,-0.07164779799183774,-0.3470130234630309,-0.09623786946648479,0.33641324145795237,0.13742076018562796,-0.2975625560446258,0.013759202430137733,0.19964184533694,0.1658645884541239,-0.14414232919240771,0.15092074775821515,-0.5156715510351856,-0.34362751497804195,0.053177686184421126,0.25571949736635363,0.11543621322226157
Pa0l0l0,0.029183046341971393,4,-0.12061340698207328,0.23307788350636155,0.42792917466863273,-0.0020986467362305765,0.3816070479617199,-0.05090731743543521,-0.2153596251236739,0.19133042918182303,-0.009365751625264167,-0.14020862043809068,-0.04882577246816323,0.15401991180605099,-0.2987780584446109,0.23482227093411323,0.3779930898690963,-0.08507973829121224,0.365514940024493,-0.20692058362602306
Pa0l0l0,-0.12861205916531446,4,-0.12061340698207328,0.23307788350636155,0.42792917466863273,-0.0020986467362305765,0.3816070479617199,-0.05090731743543521,-0.2153596251236739,0.19133042918182303,-0.009365751625264167,-0.14020862043809068,-0.04882577246816323,0.15401991180605099,-0.2987780584446109,0.23482227093411323,0.3779930898690963,-0.08507973829121224,0.365514940024493,-0.20692058362602306
Pa0l0l0,0.012590889231965849,4,0.637286476155501,0.3308518405143305,-0.3928312574735577,0.03233476032591814,-0.184514259269473,-0.08923308190325469,0.2989259365087577,0.23310529954317,-0.0026659759737187403,-0.08149989700024077,-0.09781082843421937,0.08386360646148627,-0.013710356984957199,0.13035051336185918,-0.15394755685621891,-0.12196305815576326,-0.17990280216051638,-0.17880081890362035
Pa0l0l0,-0.19782058260654128,4,0.637286476155501,0.3308518405143305,-0.3928312574735577,0.03233476032591814,-0.184514259269473,-0.08923308190325469,0.2989259365087577,0.23310529954317,-0.0026659759737187403,-0.08149989700024077,-0.09781082843421937,0.08386360646148627,-0.013710356984957199,0.13035051336185918,-0.15394755685621891,-0.12196305815576326,-0.17990280216051638,-0.17880081890362035
Pa0l0l0,-0.11848984164676912,4,0.637286476155501,0.3308518405143305,-0.3928312574735577,0.03233476032591814,-0.184514259269473,-0.08923308190325469,0.2989259365087577,0.23310529954317,-0.0026659759737187403,-0.08149989700024077,-0.09781082843421937,0.08386360646148627,-0.013710356984957199,0.13035051336185918,-0.15394755685621891,-0.12196305815576326,-0.17990280216051638,-0.17880081890362035
Pa0l0l0,-0.20968544153601093,4,0.637286476155501,0.3308518405143305,-0.3928312574735577,0.03233476032591814,-0.184514259269473,-0.08923308190325469,0.2989259365087577,0.23310529954317,-0.0026659759737187403,-0.08149989700024077,-0.09781082843421937,0.08386360646148627,-0.013710356984957199,0.13035051336185918,-0.15394755685621891,-0.12196305815576326,-0.17990280216051638,-0.17880081890362035
Pa0l0l0,0.05744225637984423,4,0.017388052486121994,-0.35093387456058184,-0.2635395878001196,0.08993214339596162,-0.25545488676887484,0.11464321510873103,0.256829348361175,-0.3850949373993944,0.0016664688082380329,0.19310884899343123,0.20252973641481375,-0.22379944892964232,0.297705488577581,-0.3154791923703318,-0.35729125028459846,0.0862279770234849,-0.21650330201051274,0.088445030363663
Pa0l0l0,-0.07208998105113934,4,0.017388052486121994,-0.35093387456058184,-0.2635395878001196,0.08993214339596162,-0.25545488676887484,0.11464321510873103,0.256829348361175,-0.3850949373993944,0.0016664688082380329,0.19310884899343123,0.20252973641481375,-0.22379944892964232,0.297705488577581,-0.3154791923703318,-0.35729125028459846,0.0862279770234849,-0.21650330201051274,0.088445030363663
Pa0l0l0,0.030765071268333517,5,-0.13030936956761924,0.1280245970937094,0.22702446633603776,-0.019100315820718628,0.19678088708630287,-0.032792350217460596,-0.1368276110083901,0.1234135098661904,-0.08491713980500891,0.3583718104806814,-0.06462830861124187,0.0950668481235824,-0.13514504947025616,0.0899427850187004,0.21642953742107948,0.7504541185502381,0.16195207157331587,-0.17179116628000687
Pa0l0l0,-0.18334559376194673,5,-0.13030936956761924,0.1280245970937094,0.22702446633603776,-0.019100315820718628,0.19678088708630287,-0.032792350217460596,-0.1368276110083901,0.1234135098661904,-0.08491713980500891,0.3583718104806814,-0.06462830861124187,0.0950668481235824,-0.13514504947025616,0.0899427850187004,0.21642953742107948,0.7504541185502381,0.16195207157331587,-0.17179116628000687
Pa0l0l0,-0.023437050439770558,5,-0.13030936956761924,0.1280245970937094,0.22702446633603776,-0.019100315820718628,0.19678088708630287,-0.032792350217460596,-0.1368276110083901,0.1234135098661904,-0.08491713980500891,0.3583718104806814,-0.06462830861124187,0.0950668481235824,-0.13514504947025616,0.0899427850187004,0.21642953742107948,0.7504541185502381,0.16195207157331587,-0.17179116628000687
Pa0l0l0,-0.22532536144362494,5,-0.13030936956761924,0.1280245970937094,0.22702446633603776,-0.019100315820718628,0.19678088708630287,-0.032792350217460596,-0.1368276110083901,0.1234135098661904,-0.08491713980500891,0.3583718104806814,-0.06462830861124187,0.0950668481235824,-0.13514504947025616,0.0899427850187004,0.21642953742107948,0.7504541185502381,0.16195207157331587,-0.17179116628000687
Pa0l0l0,-0.22461386403874747,5,-0.13030936956761924,0.1280245970937094,0.22702446633603776,-0.019100315820718628,0.19678088708630287,-0.032792350217460596,-0.1368276110083901,0.1234135098661904,-0.08491713980500891,0.3583718104806814,-0.06462830861124187,0.0950668481235824,-0.13514504947025616,0.0899427850187004,0.21642953742107948,0.7504541185502381,0.16195207157331587,-0.17179116628000687
Pa0l0l0,0.04902591330324409,5,0.200448156772716,-0.30574692102210355,-0.09491022971737138,0.10686598674872069,-0.08644737853968257,-0.06243643580149995,0.5122988472429134,-0.20893613121238397,0.6155441082969106,0.0853820398848601,0.11444051099555301,-0.05404076385582934,-0.07080786714845774,-0.2596960511088989,-0.11035052518000336,0.09434623029135111,-0.1635933239028869,-0.0770486690008937
Pa0l0l0,-0.11425843722243,5,0.200448156772716,-0.30574692102210355,-0.09491022971737138,0.10686598674872069,-0.08644737853968257,-0.06243643580149995,0.5122988472429134,-0.20893613121238397,0.6155441082969106,0.0853820398848601,0.11444051099555301,-0.05404076385582934,-0.07080786714845774,-0.2596960511088989,-0.11035052518000336,0.09434623029135111,-0.1635933239028869,-0.0770486690008937
Pa0l0l0,-0.18894552592823827,5,-0.14962258703048797,0.18780221880167025,0.4355499336844376,0.008417089920451773,0.42088857922894485,-0.05332918752259031,-0.18067012576680622,0.2088210113236104,-0.12052576721940958,-0.140622036291759,0.017395170088992433,0.10255576064615235,-0.3132806838982427,0.07254563063627681,0.3546115315573492,-0.09627948288900103,0.41380188465360657,-0.20383739229486197
Pa0l0l0,0.028495540536660605,6,-0.12432625938443854,0.20806590565470473,0.4410739184268553,0.005178617959827036,0.3875472991826527,-0.09740935551353992,-0.2046158713943221,0.23073251833549657,-0.07989125485907142,-0.1426983610881182,0.013454044796207048,0.10796876662131895,-0.3208347192643885,0.2139393976322598,0.3909315028926094,-0.1441296477002549,0.33390942186745076,-0.13966716879064697
Pa0l0l0,-0.13607219640895513,6,-0.12432625938443854,0.20806590565470473,0.4410739184268553,0.005178617959827036,0.3875472991826527,-0.09740935551353992,-0.2046158713943221,0.23073251833549657,-0.07989125485907142,-0.1426983610881182,0.013454044796207048,0.10796876662131895,-0.3208347192643885,0.2139393976322598,0.3909315028926094,-0.1441296477002549,0.33390942186745076,-0.13966716879064697
Pa0l0l0,-0.14837121802302183,6,0.6105158381966634,0.173215551291527,-0.3515540254228459,0.04444410525604729,-0.3093023845585003,0.22868460331381246,0.28837215921390946,0.18977156528069952,-0.16240333382658606,-0.10009558302940136,-0.05278463910151117,0.02700596579138469,-0.014993471842275499,0.12429296827984058,-0.11025401851603209,-0.19011472086133127,-0.2549586884951841,0.18888718101619498
Pa0l0l0,0.08256443590597211,6,0.12040774374714378,0.260653680772693,0.2187289312178894,0.5064049337772306,0.26684166860566083,0.06968522879696341,-0.1508401953175234,0.32456726789055956,0.34622001710519934,-0.26045490464989246,-0.1544211657927976,0.18603174322229027,-0.15998125611902755,0.11128814883307435,0.13933280312512578,-0.017302723158281776,0.16127495650434776,-0.28152389730001065
Pa0l0l0,0.08762433850020664,6,0.2483623823931243,0.00294380017365381,0.343104029164463,-0.02975656906376316,0.4129079544276456,-0.029449327574903022,0.2484482471756452,-0.054399037353868585,0.45411967323546526,0.07690236104891701,0.37274694667683766,0.07346072425207217,-0.11171762952803198,0.009559010075326108,0.17506167320430258,0.0374993416820957,0.27664701884271936,-0.3256096171508829
asss,0.029442995912788216,1,-0.32731737213067724,-0.023423909259902786,-0.23416805289204265,-0.0006259790253184073,-0.06641324093946821,0.04724801970482234,-0.2664554700255796,-0.04429765047969542,-0.25763159357077003,-0.1429042777762885,-0.2006601287418475,-0.305577936745201,-0.33977354500805873,0.3496327715588373,0.369712247059732,0.15884713384922383,-0.3060498241664141,-0.21014869421062268
asss,-0.07412666207934147,1,-0.32731737213067724,-0.023423909259902786,-0.23416805289204265,-0.0006259790253184073,-0.06641324093946821,0.04724801970482234,-0.2664554700255796,-0.04429765047969542,-0.25763159357077003,-0.1429042777762885,-0.2006601287418475,-0.305577936745201,-0.33977354500805873,0.3496327715588373,0.369712247059732,0.15884713384922383,-0.3060498241664141,-0.21014869421062268
asss,0.021482537341916453,1,0.2961828193334577,0.5693014003926424,0.2784200370935058,-0.13020770545940596,-0.0682995172895033,0.20784517048499698,0.19329075648471195,0.27763006718932065,0.19866268738860068,0.1948978169161305,0.023838611471466917,0.0753370681064703,0.04121988906664715,0.15864109740514157,-0.28256091795994615,-0.09547899372417755,-0.017058258488426157,-0.362747477275211
asss,-0.10962818163784242,1,0.2961828193334577,0.5693014003926424,0.2784200370935058,-0.13020770545940596,-0.0682995172895033,0.20784517048499698,0.19329075648471195,0.27763006718932065,0.19866268738860068,0.1948978169161305,0.023838611471466917,0.0753370681064703,0.04121988906664715,0.15864109740514157,-0.28256091795994615,-0.09547899372417755,-0.017058258488426157,-0.362747477275211
asss,-0.20424242373551887,1,0.2961828193334577,0.5693014003926424,0.2784200370935058,-0.13020770545940596,-0.0682995172895033,0.20784517048499698,0.19329075648471195,0.27763006718932065,0.19866268738860068,0.1948978169161305,0.023838611471466917,0.0753370681064703,0.04121988906664715,0.15864109740514157,-0.28256091795994615,-0.09547899372417755,-0.017058258488426157,-0.362747477275211
asss,0.031540549886963705,1,0.1858245363690466,-0.34490655976004314,-0.23059533777908123,0.23560948410271276,-0.010755744936687982,-0.24412397374492434,0.061117959196460334,-0.16572416735381276,0.1814772476845932,-0.07810518467881326,0.4911568072832668,0.05096772541993642,0.3699878823700521,0.1725773548625132,-0.30913368306290373,-0.09982307027436897,0.08814978110773262,0.28994963918766653
asss,-0.05362486397892824,1,0.1858245363690466,-0.34490655976004314,-0.23059533777908123,0.23560948410271276,-0.010755744936687982,-0.24412397374492434,0.061117959196460334,-0.16572416735381276,0.1814772476845932,-0.07810518467881326,0.4911568072832668,0.05096772541993642,0.3699878823700521,0.1725773548625132,-0.30913368306290373,-0.09982307027436897,0.08814978110773262,0.28994963918766653
asss,-0.08078381309099915,1,-0.3735466637495534,0.2378100634767888,0.23383241308693942,-0.17618288931730697,0.21046994569006888,-0.23716864562458742,-0.25142378263285503,0.07414743249825675,-0.15839082717930106,-0.09187939089729616,0.11257297930729906,0.12630818321559684,-0.33467357395619096,0.171548807018547,0.36422669027487536,0.17762179940633607,-0.32523448818754314,-0.2745060464354426
asss,0.02953396624948413,2,-0.25745830691350424,0.10207355409317609,0.019298874920751326,-0.083393285530813,-0.16546969408530898,0.1494482574253451,-0.26909671437748306,0.05717273590068301,-0.18583250770187382,-0.17334148077459896,0.08957009431332703,0.12401430079171952,-0.33210704438115884,-0.07577428784251769,0.35840903994476403,0.38270079640662935,-0.4383599286208514,-0.3456530367020447
asss,-0.1257506138389248,2,-0.25745830691350424,0.10207355409317609,0.019298874920751326,-0.083393285530813,-0.16546969408530898,0.1494482574253451,-0.26909671437748306,0.05717273590068301,-0.18583250770187382,-0.17334148077459896,0.08957009431332703,0.12401430079171952,-0.33210704438115884,-0.07577428784251769,0.35840903994476403,0.38270079640662935,-0.4383599286208514,-0.3456530367020447
asss,0.01634300916483778,2,0.3274941276014936,0.48725988014537036,0.2140647808117265,-0.15027530805262573,-0.03159627109295183,0.17831025024253686,0.2269420023309183,0.28507251331857736,0.21509905226542286,0.4396419760664719,0.11056209723423117,0.08172633630083943,0.10842317285144247,0.056809569213956385,-0.33195167620890764,-0.10782296981465953,0.08325819888207797,-0.1384512146335383
asss,-0.1943017383654804,2,0.3274941276014936,0.48725988014537036,0.2140647808117265,-0.15027530805262573,-0.03159627109295183,0.17831025024253686,0.2269420023309183,0.28507251331857736,0.21509905226542286,0.4396419760664719,0.11056209723423117,0.08172633630083943,0.10842317285144247,0.056809569213956385,-0.33195167620890764,-0.10782296981465953,0.08325819888207797,-0.1384512146335383
asss,-0.0849429149630032,2,0.3274941276014936,0.48725988014537036,0.2140647808117265,-0.15027530805262573,-0.03159627109295183,0.17831025024253686,0.2269420023309183,0.28507251331857736,0.21509905226542286,0.4396419760664719,0.11056209723423117,0.08172633630083943,0.10842317285144247,0.056809569213956385,-0.33195167620890764,-0.10782296981465953,0.08325819888207797,-0.1384512146335383
asss,-0.21291680445583525,2,0.3274941276014936,0.48725988014537036,0.2140647808117265,-0.15027530805262573,-0.03159627109295183,0.17831025024253686,0.2269420023309183,0.28507251331857736,0.21509905226542286,0.4396419760664719,0.11056209723423117,0.08172633630083943,0.10842317285144247,0.056809569213956385,-0.33195167620890764,-0.10782296981465953,0.08325819888207797,-0.1384512146335383
asss,0.03314447131822434,2,0.12535958390763546,-0.2191627660373986,-0.07830629554071587,0.2065450093095333,0.02898618248767288,-0.3516597864998473,0.14724059394951786,-0.29119635218483747,0.5054247145900342,-0.04804476390859503,0.34415041701214927,0.046046093233966155,0.20850878163924408,0.14790374047636326,-0.29427176628643675,-0.09808332747994276,0.21382114201590333,0.26621553893795247
asss,-0.09498278461032074,2,0.12535958390763546,-0.2191627660373986,-0.07830629554071587,0.2065450093095333,0.02898618248767288,-0.3516597864998473,0.14724059394951786,-0.29119635218483747,0.5054247145900342,-0.04804476390859503,0.34415041701214927,0.046046093233966155,0.20850878163924408,0.14790374047636326,-0.29427176628643675,-0.09808332747994276,0.21382114201590333,0.26621553893795247
asss,-0.15011924219741993,2,-0.31611120642224516,0.2215427075951968,0.2996670271025466,-0.1690232164146785,0.3760948733085791,-0.27493445452313925,-0.24958124825165123,0.13802036302787327,-0.10050459867881793,-0.1025060711859974,0.13261309156288556,0.16243891349448467,-0.3549430793897319,-0.18821137297413468,0.3142561870046892,0.11016436442003386,-0.08934656268372772,-0.29896700865063336
asss,0.03791233481971164,3,-0.27325073016493673,0.17909857843777888,0.22109983410184023,-0.13254672868246165,0.09990565715347953,-0.05407482903599116,-0.26047275564878974,0.09937663698379462,-0.14609775029359195,-0.18995703863767252,0.1004529115866575,0.14889885066775613,-0.34875140491272616,-0.22072975833022881,0.39180878470327907,0.26370176629343783,-0.3556819324426615,-0.3557745500905369
asss,-0.1302050537825045,3,-0.27325073016493673,0.17909857843777888,0.22109983410184023,-0.13254672868246165,0.09990565715347953,-0.05407482903599116,-0.26047275564878974,0.09937663698379462,-0.14609775029359195,-0.18995703863767252,0.1004529115866575,0.14889885066775613,-0.34875140491272616,-0.22072975833022881,0.39180878470327907,0.26370176629343783,-0.3556819324426615,-0.3557745500905369
asss,0.0036162439442735434,3,0.28093813132718454,0.48129480343589026,0.2618406321928867,-0.16175089676664478,-0.0569384653669268,0.09147580882262785,0.16860383039606164,0.3059998668702067,0.11381861164454009,0.3835530709279626,0.0846628774988953,0.05560363374663572,0.07873315362779396,0.11385231355962877,-0.21655339235416837,0.45678078406417627,0.03987945292765731,0.1200389071371332
asss,0.021165928419384417,3,0.28093813132718454,0.48129480343589026,0.2618406321928867,-0.16175089676664478,-0.0569384653669268,0.09147580882262785,0.16860383039606164,0.3059998668702067,0.11381861164454009,0.3835530709279626,0.0846628774988953,0.05560363374663572,0.07873315362779396,0.11385231355962877,-0.21655339235416837,0.45678078406417627,0.03987945292765731,0.1200389071371332
asss,-0.09550269879354258,3,0.28093813132718454,0.48129480343589026,0.2618406321928867,-0.16175089676664478,-0.0569384653669268,0.09147580882262785,0.16860383039606164,0.3059998668702067,0.11381861164454009,0.3835530709279626,0.0846628774988953,0.05560363374663572,0.07873315362779396,0.11385231355962877,-0.21655339235416837,0.45678078406417627,0.03987945292765731,0.1200389071371332
asss,-0.017773117827711998,3,0.28093813132718454,0.48129480343589026,0.2618406321928867,-0.16175089676664478,-0.0569384653669268,0.09147580882262785,0.16860383039606164,0.3059998668702067,0.11381861164454009,0.3835530709279626,0.0846628774988953,0.05560363374663572,0.07873315362779396,0.11385231355962877,-0.21655339235416837,0.45678078406417627,0.03987945292765731,0.1200389071371332
asss,-0.084993516759366,3,0.04613781256246512,-0.3846049186494239,-0.2058863684193343,0.24848765451065497,0.08871802374493382,-0.08140149000668444,0.02961235513351743,-0.5014576354318059,0.45025957380837395,-0.017888842627263035,-0.058649788011646144,0.17772371236532936,0.22230038764195315,0.16457926811280515,-0.2990839896789226,-0.13700334412146797,0.042554900668081874,0.2331656685198597
asss,-0.22474222429735977,3,0.04613781256246512,-0.3846049186494239,-0.2058863684193343,0.24848765451065497,0.08871802374493382,-0.08140149000668444,0.02961235513351743,-0.5014576354318059,0.45025957380837395,-0.017888842627263035,-0.058649788011646144,0.17772371236532936,0.22230038764195315,0.16457926811280515,-0.2990839896789226,-0.13700334412146797,0.042554900668081874,0.2331656685198597
asss,-0.26564575390016976,3,-0.23172671024614033,0.02754756016845153,-0.008427748229347394,-0.14722130540678055,0.5383785173063765,-0.46632720842100306,-0.2845891162376084,0.16466118005505165,-0.20499777399182578,-0.1860719047839837,-0.1194815143053201,-0.30048304134642034,-0.09395528579078599,0.04139846314978744,-0.03140813535336677,-0.11953614153046496,0.2635211593020202,-0.17863101636093015
asss,-0.12550552245132265,3,-0.3664631766911525,0.15968140124254682,0.1636140193420564,-0.1771187262321394,0.37806790776802657,-0.30056127459090065,-0.2854954778971014,0.08686420994002483,-0.12871601314333894,-0.11981325019651808,-0.04416775613351509,0.22326963686397003,-0.35599856906327815,-0.07502243892190483,0.3283809517886381,0.04959652263841902,-0.045529726984952744,-0.3637130760396551
asss,0.07331999040313623,4,-0.3315552921048901,0.06628270231107425,0.03853665053041964,-0.107056928807001,0.059553797046524214,-0.09554638692803931,-0.33071127589071925,-0.027204458395570157,-0.20387854407158615,-0.3647313026557378,-0.10235132020218439,0.1483116024943916,-0.33035947079724,-0.17410490833920575,0.40099545182115964,0.21265477579339062,-0.25538473015237895,-0.3635759360956787
asss,-0.10384647369737815,4,-0.3315552921048901,0.06628270231107425,0.03853665053041964,-0.107056928807001,0.059553797046524214,-0.09554638692803931,-0.33071127589071925,-0.027204458395570157,-0.20387854407158615,-0.3647313026557378,-0.10235132020218439,0.1483116024943916,-0.33035947079724,-0.17410490833920575,0.40099545182115964,0.21265477579339062,-0.25538473015237895,-0.3635759360956787
asss,-0.12392899246019881,4,0.45732658289788725,0.0757683398846749,0.18511886589393484,0.0793147090593123,-0.10093647174967442,0.3367760331551802,0.30188422988357994,0.16849938390535174,0.35369888602270677,0.07358864908819497,0.07629150991433942,0.20358541265556937,0.2537518517778393,0.06914354154990196,-0.3558257283443193,-0.20614239030254217,0.047185823624087325,0.2883223293753482
asss,-0.18115916428153822,4,0.2550028404357926,-0.4959336112726709,-0.17226142635389885,0.3548844890070579,-0.15012295640043596,0.3001159744909062,0.0861262131776047,-0.0021978440579734854,-0.0362701314050045,0.050116101983572026,-0.2544797363897059,0.06122092544781657,0.340294695477047,0.1493398721013635,-0.24554936239677883,-0.18950128055133605,-0.18277876763560727,0.27078789837665995
asss,-0.2383503021472271,4,0.2550028404357926,-0.4959336112726709,-0.17226142635389885,0.3548844890070579,-0.15012295640043596,0.3001159744909062,0.0861262131776047,-0.0021978440579734854,-0.0362701314050045,0.050116101983572026,-0.2544797363897059,0.06122092544781657,0.340294695477047,0.1493398721013635,-0.24554936239677883,-0.18950128055133605,-0.18277876763560727,0.27078789837665995
asss,0.0650254013263985,4,-0.13497963380712363,0.33308207378756594,0.08052808337601224,-0.2323087273768535,0.10646655527263009,0.2664662622982477,-0.0005970046806126666,-0.08291178987520853,0.23532325896676687,-0.5825196809833757,0.20480033957259644,0.3699294337458009,-0.2154868511140316,-0.10874756300362445,0.17415107826621015,0.12154771638991148,0.11958777975508254,-0.1732314000610928
asss,0.32455638973305434,4,-0.13497963380712363,0.33308207378756594,0.08052808337601224,-0.2323087273768535,0.10646655527263009,0.2664662622982477,-0.0005970046806126666,-0.08291178987520853,0.23532325896676687,-0.5825196809833757,0.20480033957259644,0.3699294337458009,-0.2154868511140316,-0.10874756300362445,0.17415107826621015,0.12154771638991148,0.11958777975508254,-0.1732314000610928
asss,0.0815912544603859,4,0.19217756846768844,-0.2794331403218311,-0.20889307985821012,0.2385435495233862,-0.29733466430087474,0.30264378669280556,0.26003041994794734,-0.35277914605994387,0.1544616716316832,0.07699817701707048,-0.054738615402668216,0.36586078461811805,0.2793972409670711,0.10953920626959525,-0.23077785336640538,-0.02674919791183491,-0.12043795784750878,0.2952913767201996
asss,-0.07670342165184194,4,0.19217756846768844,-0.2794331403218311,-0.20889307985821012,0.2385435495233862,-0.29733466430087474,0.30264378669280556,0.26003041994794734,-0.35277914605994387,0.1544616716316832,0.07699817701707048,-0.054738615402668216,0.36586078461811805,0.2793972409670711,0.10953920626959525,-0.23077785336640538,-0.02674919791183491,-0.12043795784750878,0.2952913767201996
asss,0.0047045795865438425,11,-0.17334439398497287,0.11378560429023121,0.05248825662239967,-0.09728695919016271,-0.16366111050688772,0.23755880502503526,-0.2276375753747923,0.08252346465704757,-0.12369877427608945,-0.15101360146887355,-0.16210115947223025,-0.20457811635108125,-0.3953833887400634,-0.34913736458673494,0.3059775833025061,0.27811170712146555,-0.32230343944070905,-0.3789832913502306
asss,-0.10723276942082927,11,-0.17334439398497287,0.11378560429023121,0.05248825662239967,-0.09728695919016271,-0.16366111050688772,0.23755880502503526,-0.2276375753747923,0.08252346465704757,-0.12369877427608945,-0.15101360146887355,-0.16210115947223025,-0.20457811635108125,-0.3953833887400634,-0.34913736458673494,0.3059775833025061,0.27811170712146555,-0.32230343944070905,-0.3789832913502306
asss,-0.25000424771653723,11,-0.17334439398497287,0.11378560429023121,0.05248825662239967,-0.09728695919016271,-0.16366111050688772,0.23755880502503526,-0.2276375753747923,0.08252346465704757,-0.12369877427608945,-0.15101360146887355,-0.16210115947223025,-0.20457811635108125,-0.3953833887400634,-0.34913736458673494,0.3059775833025061,0.27811170712146555,-0.32230343944070905,-0.3789832913502306
asss,0.0652139031518877,11,-0.3705556439926295,-0.2624097766360681,-0.11228286463525601,0.101115148457451,0.13303485886242616,-0.26846255990207285,-0.420171753913179,-0.16579869758363372,-0.1339025109744657,-0.32393487500506746,0.040110301192386184,-0.1313003328771592,-0.09096303179466497,0.13846603279302874,0.25376807758165987,0.15982832487006735,-0.42746739803251615,-0.18805014351825755
asss,0.08229450148946076,11,0.27623998080627077,-0.3263545098024858,-0.2183618002295558,0.2916959217132362,-0.39946217151276264,0.2942828860363716,0.41203313882115167,-0.25249615415904314,-0.005626697693904322,0.01316267179753266,-0.14897573527649605,0.03150381645737274,0.3117542986164348,0.12177360302185956,-0.1892013634335347,-0.05132042489238519,-0.04811743961661821,0.16899941632444773
asss,-0.06362069364892015,11,0.27623998080627077,-0.3263545098024858,-0.2183618002295558,0.2916959217132362,-0.39946217151276264,0.2942828860363716,0.41203313882115167,-0.25249615415904314,-0.005626697693904322,0.01316267179753266,-0.14897573527649605,0.03150381645737274,0.3117542986164348,0.12177360302185956,-0.1892013634335347,-0.05132042489238519,-0.04811743961661821,0.16899941632444773
asss,-0.07276166513677935,12,-0.15786072424529057,-0.013940206461925397,-0.04982505671520846,0.01828385781404686,-0.19112499208198747,0.18767639789738988,-0.3215321534323776,0.17127435896464754,-0.1418955070193078,-0.16220497480046944,-0.041626750832660944,0.2820122302873115,-0.2224507642112639,-0.6418617107275546,0.21542514892762327,-0.06644280959401141,-0.26592541578364487,-0.23849855790677102
asss,-0.09441392682945024,12,0.3887233885808029,0.01725965946838981,0.132778440078384,0.017660874900018723,-0.0808977964427708,0.24106658071548487,0.22877465871527378,0.1172947754751254,0.17109925856246752,0.6119651918528725,0.23416834478013965,0.1638614312191211,0.297465746597634,-0.06931385751264367,-0.21951242272074914,-0.1472499725605123,0.1306801930496992,0.18494097744504728
asss,0.07898428431130186,12,0.25015346335923694,-0.28204084539722285,-0.13791555696808405,0.23798542064552644,-0.25909526847947073,0.2808187643580823,0.3681623078701704,-0.5358271741985232,0.2236817055854247,-0.0024594789697427065,0.10984081369280575,-0.05643655966820402,0.30844845822997136,0.0067928584866639935,-0.15518031573122415,-0.10251662534889092,-0.07233559801041575,0.11521890864521522
asss,-0.10810458740013291,12,0.25015346335923694,-0.28204084539722285,-0.13791555696808405,0.23798542064552644,-0.25909526847947073,0.2808187643580823,0.3681623078701704,-0.5358271741985232,0.2236817055854247,-0.0024594789697427065,0.10984081369280575,-0.05643655966820402,0.30844845822997136,0.0067928584866639935,-0.15518031573122415,-0.10251662534889092,-0.07233559801041575,0.11521890864521522
asss,-0.15926054883674545,13,-0.23182927815343246,0.21728600164300582,0.3767943180390265,-0.2132085967433877,0.20194107436743317,-0.06919594284654282,-0.18587255390063592,0.17126067344843351,-0.043864221515442295,-0.08170276749558886,0.03143474713911172,0.2506704529252855,-0.3707750055232679,-0.3037480300663614,0.4375459623889271,0.20500995466758865,0.2015639601921967,-0.1609323838305003
asss,-0.2144278706937742,13,-0.23182927815343246,0.21728600164300582,0.3767943180390265,-0.2132085967433877,0.20194107436743317,-0.06919594284654282,-0.18587255390063592,0.17126067344843351,-0.043864221515442295,-0.08170276749558886,0.03143474713911172,0.2506704529252855,-0.3707750055232679,-0.3037480300663614,0.4375459623889271,0.20500995466758865,0.2015639601921967,-0.1609323838305003
asss,-0.3073893910966626,13,0.05065349554569307,0.2919139058785114,0.464713658561538,-0.22109716610566532,-0.13670310341359238,0.2968376674877947,0.17598080105817987,0.3139353076758411,0.14682460227885546,0.28901162718758144,0.09423096864648262,0.2070940161766051,-0.06205658833647819,-0.24949718121305625,0.12123218933327078,-0.15214150598371487,0.2670115905331934,0.2809997659199275
asss,-0.1270733319341486,13,0.27464315166807485,0.11001230468013379,0.2685552078628514,-0.03597568715713143,0.018880540333351646,0.2297771631502271,0.26805546797143276,0.07061212796171341,0.3966029958148686,0.5257944088236959,0.17161945798471395,0.16334223866696782,0.12545206623427624,0.03471687448576956,-0.28423816515704714,0.007225275992877682,0.28263934001685614,0.20371258280432777
asss,-0.10884157507373714,13,0.13190726443204054,-0.09867096813234144,0.09734836874544707,0.03741249763588994,0.2382110028002119,-0.00786508367815102,0.19609637588305998,-0.44841609987290315,0.6355915824395572,-0.054312341825624354,0.2907700286313168,0.11231920011546222,0.05992442184584072,-0.04116359611039615,-0.12278143833868636,-0.11422168530067316,0.32703756770623754,0.14560514769297692
asss,-0.1599273683696197,13,-0.16922691128119557,0.13905648129388282,0.25750361682028167,-0.16718487429549087,0.41060096157835585,-0.31844893837675875,-0.05365428513726265,-0.009685480862849781,0.13912951583301933,-0.09491965221872939,0.17037271240322588,0.19731994980968567,-0.33276003151722744,-0.08008284741951892,0.31999523357025106,0.14634086294414403,0.2917630125570818,-0.4029660597481221
asss,0.036373689558436534,14,-0.18150212403099994,0.16395389349912937,0.2693923572898898,-0.1692726004388732,0.37255890420667276,-0.24308136063944055,-0.07530741663293193,-0.0025106195841928768,0.09282289930880294,-0.15754859584357797,0.15379034728648228,0.20897733057229326,-0.3341082315151508,0.024784037985138025,0.3128272260796109,0.32530814366290994,0.30172355946893203,-0.35729242350608437
asss,-0.06960988709142457,14,-0.18150212403099994,0.16395389349912937,0.2693923572898898,-0.1692726004388732,0.37255890420667276,-0.24308136063944055,-0.07530741663293193,-0.0025106195841928768,0.09282289930880294,-0.15754859584357797,0.15379034728648228,0.20897733057229326,-0.3341082315151508,0.024784037985138025,0.3128272260796109,0.32530814366290994,0.30172355946893203,-0.35729242350608437
asss,-0.25172565640749184,14,-0.18150212403099994,0.16395389349912937,0.2693923572898898,-0.1692726004388732,0.37255890420667276,-0.24308136063944055,-0.07530741663293193,-0.0025106195841928768,0.09282289930880294,-0.15754859584357797,0.15379034728648228,0.20897733057229326,-0.3341082315151508,0.024784037985138025,0.3128272260796109,0.32530814366290994,0.30172355946893203,-0.35729242350608437
asss,-0.11384361535941817,14,0.3132178546636911,0.032895748306803085,0.30996743564268375,0.06905964890281253,-0.022020932650175816,0.20738554433691161,0.25890311532705745,0.1307360973423698,0.21471928173374938,0.5439120505680415,0.21484440584494804,0.12409077320746681,0.139016933545538,0.11974136394106731,-0.14868607453791982,0.39929589146121847,0.12942663386304962,0.1920570814260157
asss,0.0474714670615211,14,0.25835064169082633,-0.23339195651052558,-0.06331531402368186,0.21022457717124185,-0.14400956662809283,0.2461432404333168,0.38979716147118765,-0.5706210866495298,0.3233929074345925,-0.022152199504577672,0.2402748343625059,-0.029301520479482094,0.20260212790467905,0.0911615777451792,-0.14223022908685332,-0.09600672589661809,0.01477657765656359,0.17034387912226948
asss,-0.12041476944693558,14,0.25835064169082633,-0.23339195651052558,-0.06331531402368186,0.21022457717124185,-0.14400956662809283,0.2461432404333168,0.38979716147118765,-0.5706210866495298,0.3233929074345925,-0.022152199504577672,0.2402748343625059,-0.029301520479482094,0.20260212790467905,0.0911615777451792,-0.14223022908685332,-0.09600672589661809,0.01477657765656359,0.17034387912226948
asss,-0.1916971613872314,15,-0.1341366815887657,0.15251494446463965,0.28064649395843927,-0.18432208044776474,0.4012619092911739,-0.22218900904468786,-0.10921105623735701,0.2028702080979397,-0.0061244361121787026,-0.15507731633811542,0.0690690017735055,0.2693482909525054,-0.3425662980875691,-0.03489077751116038,0.32087507674212035,0.07666835214846494,0.4084844705057639,-0.2947440354667192
asss,-0.053979073605682576,15,-0.1341366815887657,0.15251494446463965,0.28064649395843927,-0.18432208044776474,0.4012619092911739,-0.22218900904468786,-0.10921105623735701,0.2028702080979397,-0.0061244361121787026,-0.15507731633811542,0.0690690017735055,0.2693482909525054,-0.3425662980875691,-0.03489077751116038,0.32087507674212035,0.07666835214846494,0.4084844705057639,-0.2947440354667192
asss,-0.24585333651177568,15,-0.1341366815887657,0.15251494446463965,0.28064649395843927,-0.18432208044776474,0.4012619092911739,-0.22218900904468786,-0.10921105623735701,0.2028702080979397,-0.0061244361121787026,-0.15507731633811542,0.0690690017735055,0.2693482909525054,-0.3425662980875691,-0.03489077751116038,0.32087507674212035,0.07666835214846494,0.4084844705057639,-0.2947440354667192
asss,-0.22545984067778213,15,-0.1341366815887657,0.15251494446463965,0.28064649395843927,-0.18432208044776474,0.4012619092911739,-0.22218900904468786,-0.10921105623735701,0.2028702080979397,-0.0061244361121787026,-0.15507731633811542,0.0690690017735055,0.2693482909525054,-0.3425662980875691,-0.03489077751116038,0.32087507674212035,0.07666835214846494,0.4084844705057639,-0.2947440354667192
asss,-0.12016658764608025,15,0.3025433117259775,0.1403765769706623,0.19801069754573825,-0.04513364403481356,-0.0469022932074163,0.19325748540173698,0.2015545057402828,0.1493520081488914,0.17445647418078908,0.4860853239406245,0.23970345644507812,0.14060223862856427,0.105748043589249,0.184869934202563,-0.22740979401478337,0.48713313635204947,0.18549413800599698,0.17976621918053856
asss,-0.09952981276494333,15,0.25302124933608616,-0.3510203292680034,-0.2016502438269879,0.2903901307075932,-0.07337669462102814,0.0036080514271822324,0.2919898119227437,-0.49358924759052036,0.27768027181553967,-0.0658662614314863,0.3129629295762054,0.007867595547155602,0.2208817378135212,0.15253647161800898,-0.15355293856268426,-0.13433490082964933,0.15750774474659632,0.18854337558036868
asss,0.05722003296760901,15,0.27264757930264333,0.27122152873275573,0.2845565318979195,-0.19460787474217917,-0.013115111313738916,-0.003466992267956771,0.21839823131757616,0.13029574189463025,0.16620767933409927,0.06431829140237617,0.4410375018687402,0.3801718017856757,-0.07469056897369888,0.5056897447954216,0.014169779269488824,0.03695076486417176,-0.1442444771069816,-0.11797804448580192
asss,0.058269301900639565,16,-0.44293075758343026,-0.08553806217749615,-0.2335015731985372,-0.012537708865579332,0.17744448654415926,-0.22034131599636703,-0.385579361656954,-0.05185648401207533,-0.2575628545350949,-0.16272011334708403,-0.20032704867280762,-0.2741303380571382,-0.3116999436115299,-0.1810940167755719,0.27037747418554486,-0.12566898212134675,-0.05610947453394661,-0.2834190434012252
asss,-0.07692747368295537,16,-0.44293075758343026,-0.08553806217749615,-0.2335015731985372,-0.012537708865579332,0.17744448654415926,-0.22034131599636703,-0.385579361656954,-0.05185648401207533,-0.2575628545350949,-0.16272011334708403,-0.20032704867280762,-0.2741303380571382,-0.3116999436115299,-0.1810940167755719,0.27037747418554486,-0.12566898212134675,-0.05610947453394661,-0.2834190434012252
asss,-0.008387667793212731,16,-0.44293075758343026,-0.08553806217749615,-0.2335015731985372,-0.012537708865579332,0.17744448654415926,-0.22034131599636703,-0.385579361656954,-0.05185648401207533,-0.2575628545350949,-0.16272011334708403,-0.20032704867280762,-0.2741303380571382,-0.3116999436115299,-0.1810940167755719,0.27037747418554486,-0.12566898212134675,-0.05610947453394661,-0.2834190434012252
asss,-0.12090808669699772,16,-0.08552321706615795,0.19202262217248378,0.2607425722793194,-0.18178278564483813,0.41154388077471,-0.3001605010232033,-0.08010224458348213,0.17643147197145978,-0.09473642144285645,-0.13324377870985862,0.025818067298969776,0.22244818942001227,-0.286175532097551,0.026562137682780686,0.29713782137962924,-0.07835656176459999,0.42006357243446235,-0.35694202487842763
asss,0.0026818257732625595,17,-0.07719062896746662,0.22828256181312695,0.2859676534558099,-0.2085105322153408,0.31688298025731926,-0.21690129139186173,-0.09706081877506224,0.18954895469204577,-0.11909190421746389,-0.14975409464899528,0.04464782657258773,0.2398849767200374,-0.27884445982879247,-0.011341038094258312,0.3421135768042902,0.4009074655717355,0.2960047941097358,-0.2905965404516081
asss,-0.07623359517087859,17,-0.07719062896746662,0.22828256181312695,0.2859676534558099,-0.2085105322153408,0.31688298025731926,-0.21690129139186173,-0.09706081877506224,0.18954895469204577,-0.11909190421746389,-0.14975409464899528,0.04464782657258773,0.2398849767200374,-0.27884445982879247,-0.011341038094258312,0.3421135768042902,0.4009074655717355,0.2960047941097358,-0.2905965404516081
asss,-0.2580985477562734,17,-0.07719062896746662,0.22828256181312695,0.2859676534558099,-0.2085105322153408,0.31688298025731926,-0.21690129139186173,-0.09706081877506224,0.18954895469204577,-0.11909190421746389,-0.14975409464899528,0.04464782657258773,0.2398849767200374,-0.27884445982879247,-0.011341038094258312,0.3421135768042902,0.4009074655717355,0.2960047941097358,-0.2905965404516081
asss,0.0017564900922870932,17,0.33378546228134465,0.27399613295510594,0.3441018699260079,-0.13562051640923634,-0.06635025988734884,0.15178863410681506,0.17916206443553245,0.2561154475830061,0.18041800837091862,0.2895896681084894,0.14808218784799124,0.139888442260583,0.16182791220081175,0.18955614498343296,-0.1443697249481352,0.5013776729667274,0.15861801816648546,0.1848416485560392
asss,-0.10371449024497194,17,0.33378546228134465,0.27399613295510594,0.3441018699260079,-0.13562051640923634,-0.06635025988734884,0.15178863410681506,0.17916206443553245,0.2561154475830061,0.18041800837091862,0.2895896681084894,0.14808218784799124,0.139888442260583,0.16182791220081175,0.18955614498343296,-0.1443697249481352,0.5013776729667274,0.15861801816648546,0.1848416485560392
asss,0.056910188264004624,17,0.3463082164626247,-0.35354716235788786,-0.06696659099606644,0.2866258383268376,-0.3178876311933137,0.027211471578574512,0.4669946398780867,-0.33336289338832714,0.04796253007386515,-0.03171642921597375,-0.025778556701373908,0.03013374017062751,0.3686962283102893,0.2096203462109304,0.005872321236166757,-0.14392553641938893,-0.01892645793810339,0.17766411935701965
asss,-0.13857841477652222,17,0.3463082164626247,-0.35354716235788786,-0.06696659099606644,0.2866258383268376,-0.3178876311933137,0.027211471578574512,0.4669946398780867,-0.33336289338832714,0.04796253007386515,-0.03171642921597375,-0.025778556701373908,0.03013374017062751,0.3686962283102893,0.2096203462109304,0.005872321236166757,-0.14392553641938893,-0.01892645793810339,0.17766411935701965
asss,-0.22324890954538407,17,-0.15280854381705064,0.14660906444136101,0.13600099843550667,-0.16144302437095803,0.47515006492583983,-0.29874737370643506,-0.1493778613937913,0.1473541013118977,-0.07631557380793066,-0.13524334031701477,0.03827371984516222,-0.423537967874591,-0.27407695064113735,-0.11020768473692433,0.17763190897427958,-0.08239693618564263,0.43785112505148677,-0.17107505084009722
asss,0.04606575012325778,18,-0.25173378645645916,0.07387744422537112,0.12492818095433997,-0.10216246033932683,0.33554279568506645,-0.29550415876746583,-0.20624787641636913,0.03531685521188078,-0.08569027491206394,-0.08275487233997379,-0.00913596817879304,-0.44043240840713005,-0.34522742146343377,0.09437036342547873,0.29767496698493884,0.1363369972854242,0.25336537279090504,-0.3920402856430037
asss,-0.13796296857566348,18,-0.25173378645645916,0.07387744422537112,0.12492818095433997,-0.10216246033932683,0.33554279568506645,-0.29550415876746583,-0.20624787641636913,0.03531685521188078,-0.08569027491206394,-0.08275487233997379,-0.00913596817879304,-0.44043240840713005,-0.34522742146343377,0.09437036342547873,0.29767496698493884,0.1363369972854242,0.25336537279090504,-0.3920402856430037
asss,-0.22605353336731443,18,-0.25173378645645916,0.07387744422537112,0.12492818095433997,-0.10216246033932683,0.33554279568506645,-0.29550415876746583,-0.20624787641636913,0.03531685521188078,-0.08569027491206394,-0.08275487233997379,-0.00913596817879304,-0.44043240840713005,-0.34522742146343377,0.09437036342547873,0.29767496698493884,0.1363369972854242,0.25336537279090504,-0.3920402856430037
asss,-0.1287303405912256,18,0.4704437780176816,0.1375808520084124,0.22521194995900068,-0.03112561869980051,-0.12954363627921875,0.27491948529020194,0.2759827967920009,0.23269436201232405,0.18390801893293213,-0.11122553641616337,0.16732784143297455,0.1859755598605645,0.2377208557918382,0.23952193792131035,-0.1953507656679028,0.3544213984776606,0.1916007854997377,0.24948229972126917
asss,0.22426419990734234,18,0.23534669698720134,-0.245589619021629,-0.0047074932627374924,0.47032139575746434,-0.21249554812420357,0.1991570008024502,0.47051756879183304,-0.4830768929294954,0.029529361265480565,-0.0010284791947011785,0.05191760897968876,0.038243757768711265,0.2364622999669478,0.16058614541802613,-0.009014954654683261,-0.11132964841794232,0.012741269493695568,0.15535142749718875
asss,-0.10695612044685035,18,0.23534669698720134,-0.245589619021629,-0.0047074932627374924,0.47032139575746434,-0.21249554812420357,0.1991570008024502,0.47051756879183304,-0.4830768929294954,0.029529361265480565,-0.0010284791947011785,0.05191760897968876,0.038243757768711265,0.2364622999669478,0.16058614541802613,-0.009014954654683261,-0.11132964841794232,0.012741269493695568,0.15535142749718875
asss,0.010548922164630936,18,0.0044367366159040285,-0.10402646141060977,-0.07610945372561966,-0.9799714593869673,-0.007219190629028373,-0.07682873808706923,-0.003949163700672869,0.024096784413418133,-0.00579530249077563,-0.021747982005365908,-0.03553694276669099,-0.08807408526524367,0.07442318236986582,-0.013338863913743053,0.007203651214654733,-0.015634089448446922,0.0036060722585879233,0.03030746440363805
asss,-0.009259893963916332,18,0.0044367366159040285,-0.10402646141060977,-0.07610945372561966,-0.9799714593869673,-0.007219190629028373,-0.07682873808706923,-0.003949163700672869,0.024096784413418133,-0.00579530249077563,-0.021747982005365908,-0.03553694276669099,-0.08807408526524367,0.07442318236986582,-0.013338863913743053,0.007203651214654733,-0.015634089448446922,0.0036060722585879233,0.03030746440363805
asss,-0.3520155891256046,18,0.0044367366159040285,-0.10402646141060977,-0.07610945372561966,-0.9799714593869673,-0.007219190629028373,-0.07682873808706923,-0.003949163700672869,0.024096784413418133,-0.00579530249077563,-0.021747982005365908,-0.03553694276669099,-0.08807408526524367,0.07442318236986582,-0.013338863913743053,0.007203651214654733,-0.015634089448446922,0.0036060722585879233,0.03030746440363805
asss,0.05910594810384346,18,-0.0003029407267783178,0.017764056457850636,0.48177353478688667,-0.004748194041959667,0.4010464259347619,-0.10632633050885851,0.04261570113838244,-0.018538090158918732,0.4026917358738305,0.06225437992995802,0.39855724883018856,0.1256491874627179,-0.15774756131112708,-0.03449746542824862,0.2247056748937423,0.05864324373742694,0.4028389716919534,-0.10146754508709857
asss,0.067065361809098,18,-0.0003029407267783178,0.017764056457850636,0.48177353478688667,-0.004748194041959667,0.4010464259347619,-0.10632633050885851,0.04261570113838244,-0.018538090158918732,0.4026917358738305,0.06225437992995802,0.39855724883018856,0.1256491874627179,-0.15774756131112708,-0.03449746542824862,0.2247056748937423,0.05864324373742694,0.4028389716919534,-0.10146754508709857
asss,-0.004154708981703499,18,-0.0003029407267783178,0.017764056457850636,0.48177353478688667,-0.004748194041959667,0.4010464259347619,-0.10632633050885851,0.04261570113838244,-0.018538090158918732,0.4026917358738305,0.06225437992995802,0.39855724883018856,0.1256491874627179,-0.15774756131112708,-0.03449746542824862,0.2247056748937423,0.05864324373742694,0.4028389716919534,-0.10146754508709857
palma,0.04117643755418333,1,0.1633342870181559,-0.21256858013417013,0.2834474936314844,0.13353260447515924,0.17925545513853233,0.14846412351371308,0.13466674912816146,-0.28329738621608863,0.2514175168617903,-0.15223352417571884,0.10177446901829212,0.06378026097773642,-0.36367276404525234,-0.48180967997721796,0.20200683548023388,0.14062786395094373,0.14209861302088544,0.3625068500621401
palma,0.016349359781469293,1,0.026225387590643703,0.4995173059510837,-0.2350544880163275,-0.18373361338651625,-0.06433378842554599,-0.09376664302042309,0.13223620663406307,0.3937692330056481,-0.22843949002945999,0.5167708628486316,0.012828898692359444,0.05619125411338839,-0.08872917921590182,0.21299824016037675,0.08311183754056967,-0.09919185754243781,-0.0162588472258583,-0.28723433187451813
palma,-0.10573240769011419,1,0.026225387590643703,0.4995173059510837,-0.2350544880163275,-0.18373361338651625,-0.06433378842554599,-0.09376664302042309,0.13223620663406307,0.3937692330056481,-0.22843949002945999,0.5167708628486316,0.012828898692359444,0.05619125411338839,-0.08872917921590182,0.21299824016037675,0.08311183754056967,-0.09919185754243781,-0.0162588472258583,-0.28723433187451813
palma,-0.06183877042320273,1,-0.45638205592444075,-0.3632124225668253,-0.1658686662698384,0.19091739887063633,-0.20560220913288965,-0.061064917013911355,-0.12700588712403685,-0.044759264706618625,-0.20224392620476736,-0.11268595340386142,-0.05584296764498641,0.16513770155129004,-0.4088306574749546,-0.036357872096021836,-0.33342844611468697,-0.10280058997674664,-0.17304890351055208,0.35714530127231625
palma,0.0013284740659231646,1,0.0772632668001147,-0.2732594014852796,-0.10098655172250304,0.12431015206291893,-0.0517651140644211,0.5133336488301563,0.6348533816358551,-0.17678693478269755,-0.3239826743470163,-0.083530149600447,0.02486034962965985,0.09310315027341237,-0.06276191595167835,0.005901357814962526,-0.022894534751928434,-0.08130812953755877,0.00674854817666964,0.24666171087970568
palma,-0.0900680967879734,1,0.0772632668001147,-0.2732594014852796,-0.10098655172250304,0.12431015206291893,-0.0517651140644211,0.5133336488301563,0.6348533816358551,-0.17678693478269755,-0.3239826743470163,-0.083530149600447,0.02486034962965985,0.09310315027341237,-0.06276191595167835,0.005901357814962526,-0.022894534751928434,-0.08130812953755877,0.00674854817666964,0.24666171087970568
palma,-0.0014341228137946512,1,0.0772632668001147,-0.2732594014852796,-0.10098655172250304,0.12431015206291893,-0.0517651140644211,0.5133336488301563,0.6348533816358551,-0.17678693478269755,-0.3239826743470163,-0.083530149600447,0.02486034962965985,0.09310315027341237,-0.06276191595167835,0.005901357814962526,-0.022894534751928434,-0.08130812953755877,0.00674854817666964,0.24666171087970568
palma,0.01012953406301075,1,-0.3655930217188083,-0.29596968987565375,-0.19528104928550863,0.1758213597978629,0.21820235578786873,-0.16706575344176788,-0.28088764201000427,-0.020935609520629124,-0.06888477082937933,-0.11828841375118149,-0.2602613647823687,0.2843652677484482,-0.3863205358847036,-0.012794022584462453,-0.3040694975258091,-0.0911833091805534,-0.19794811881465488,0.3132670502441872
palma,0.015629103850587692,1,-0.3655930217188083,-0.29596968987565375,-0.19528104928550863,0.1758213597978629,0.21820235578786873,-0.16706575344176788,-0.28088764201000427,-0.020935609520629124,-0.06888477082937933,-0.11828841375118149,-0.2602613647823687,0.2843652677484482,-0.3863205358847036,-0.012794022584462453,-0.3040694975258091,-0.0911833091805534,-0.19794811881465488,0.3132670502441872
palma,-0.0685606808271892,1,-0.3655930217188083,-0.29596968987565375,-0.19528104928550863,0.1758213597978629,0.21820235578786873,-0.16706575344176788,-0.28088764201000427,-0.020935609520629124,-0.06888477082937933,-0.11828841375118149,-0.2602613647823687,0.2843652677484482,-0.3863205358847036,-0.012794022584462453,-0.3040694975258091,-0.0911833091805534,-0.19794811881465488,0.3132670502441872
palma,-0.006734834532166198,1,-0.3655930217188083,-0.29596968987565375,-0.19528104928550863,0.1758213597978629,0.21820235578786873,-0.16706575344176788,-0.28088764201000427,-0.020935609520629124,-0.06888477082937933,-0.11828841375118149,-0.2602613647823687,0.2843652677484482,-0.3863205358847036,-0.012794022584462453,-0.3040694975258091,-0.0911833091805534,-0.19794811881465488,0.3132670502441872
palma,-0.16439664251969066,1,0.1440714890593804,0.12642404049632938,-0.22091162995840882,-0.056768580790537045,-0.04873568037982393,-0.10151072515543824,-0.10930033229232843,0.015179818496781046,-0.07099912364357851,-0.08991355893883257,-0.16090825460312738,0.1697234031307248,0.3464877547080328,0.2979190382272978,-0.34123850642293313,-0.11341850744883586,0.6634438699802979,-0.2007027124743513
palma,-0.08251953445687793,2,0.13767915108487255,0.16023079604726198,-0.34722268560692365,-0.08707283274965383,-0.13910106914701517,0.12602369544529507,-0.163511149348295,0.02039184244247064,-0.1072343777135318,-0.13879068576441553,-0.2586080835842162,0.26105827180732316,0.37908834394991264,0.33196361156646254,-0.5142946476210898,-0.13644361557361315,0.10474331830046041,-0.22595579535348437
palma,-0.07049435966225841,2,-0.4633826933231998,0.19194015900373673,-0.25969482234624275,-0.13429288277579915,0.015395458437717769,-0.15963337173954256,-0.36545688244448404,0.24602312890925776,-0.18586066439251742,0.08571570129958846,-0.12396129906695824,0.14158758892630557,-0.3775425903074565,-0.24975688093203444,-0.2601535163834141,-0.05854140282093193,-0.03235146864995816,0.29795677510166074
palma,-0.06759436302946895,2,-0.1417389747564791,-0.3464718427167466,-0.15241018449247895,0.18778921560622278,-0.14228008420831592,-0.08222692343459322,-0.20388761549628723,-0.2910763765128421,-0.12646627361114945,-0.136559097354012,0.05575982831985501,0.07555940344125352,-0.32945872957289885,-0.4797287796774715,-0.3445047077702817,-0.05067696023384797,-0.06459942867559237,0.37484021576106574
palma,-0.12841605884928892,2,0.1630158108362772,-0.04038114389299208,-0.127539750815036,0.021702966204556987,-0.08152650411517136,0.4880666175498849,-0.24400312508031957,-0.6092217237807213,0.06413787656426506,0.22371746134712264,0.20581353309760184,-0.170842869209609,-0.09044735019959048,-0.20124449794183422,-0.23464912754822748,-0.03652960991407714,-0.0931682453084858,0.20012218629869977
palma,0.00481330075430343,2,0.2789959591416179,-0.07352756108767877,-0.23229012749087347,0.02355710293897618,-0.084885435415866,0.4484704829567248,0.6198776830136337,-0.02330879216184842,-0.3987522167155784,-0.1161542984398993,-0.05833118443148144,0.1258267071690869,0.028890419050968074,-0.1357008762589972,-0.11708312137298331,-0.058883068825636334,-0.000535628780786403,0.2023931233163928
palma,-0.09201637216886656,2,0.2789959591416179,-0.07352756108767877,-0.23229012749087347,0.02355710293897618,-0.084885435415866,0.4484704829567248,0.6198776830136337,-0.02330879216184842,-0.3987522167155784,-0.1161542984398993,-0.05833118443148144,0.1258267071690869,0.028890419050968074,-0.1357008762589972,-0.11708312137298331,-0.058883068825636334,-0.000535628780786403,0.2023931233163928
palma,0.052278887462143125,2,-0.2713014818486724,-0.22961183284174413,-0.15099711733850532,0.07693078587671189,-0.11207525119273093,-0.13866749122667257,-0.3404193466845221,-0.05200849847852135,-0.05745101970540006,-0.10457841325846014,-0.2399499657621074,0.23785214300696517,-0.4394408854554576,-0.25156453995962336,-0.32947930795986274,-0.06284921694214006,-0.12683883971911536,0.42567717213188383
palma,-0.11236061937844409,2,-0.2713014818486724,-0.22961183284174413,-0.15099711733850532,0.07693078587671189,-0.11207525119273093,-0.13866749122667257,-0.3404193466845221,-0.05200849847852135,-0.05745101970540006,-0.10457841325846014,-0.2399499657621074,0.23785214300696517,-0.4394408854554576,-0.25156453995962336,-0.32947930795986274,-0.06284921694214006,-0.12683883971911536,0.42567717213188383
palma,-0.12158170556500926,2,0.40967746915359277,0.10340669610654618,0.05226293829259501,-0.09334558847517613,0.015196222484233853,-0.11864707525976012,0.17344686562667505,-0.019350908587039573,0.05598369261198512,-0.11084932558684428,-0.1255522259237829,0.22291506696317986,0.5550043936168869,0.2124488985149582,0.14401488764967568,0.4718425460347942,-0.11407990973060823,-0.2735502471032197
palma,0.038014304647648975,3,0.24564683670822718,0.02600240735862036,0.05887105898426037,-0.019318276490877747,0.03884335027724004,-0.17633838716486325,0.05566629362006128,-0.049287144439645034,0.09337449241091368,-0.05230334140045363,-0.058988840306095365,0.11528140862061033,0.489854063639217,0.4209078088533577,0.1256784090084999,0.5751048738975534,-0.03819071321592279,-0.32197360056253244
palma,-0.10260966746044094,3,0.24564683670822718,0.02600240735862036,0.05887105898426037,-0.019318276490877747,0.03884335027724004,-0.17633838716486325,0.05566629362006128,-0.049287144439645034,0.09337449241091368,-0.05230334140045363,-0.058988840306095365,0.11528140862061033,0.489854063639217,0.4209078088533577,0.1256784090084999,0.5751048738975534,-0.03819071321592279,-0.32197360056253244
palma,-0.058460317111215764,3,-0.36478055198080095,0.3145082622463019,-0.276005294155449,-0.15466260578251423,-0.18928516105823306,-0.05040529836138723,-0.18171962683736548,0.4202167147498799,-0.23888963074748748,0.3975686005909504,-0.07923870753680941,0.10386234357698701,-0.24781944945924206,-0.2906779384332385,-0.14568960909065184,-0.03365236894687379,-0.13618798530859402,0.03062873611729709
palma,0.09911169364442654,3,-0.07577720522769726,0.2054486909196337,0.14533602270696896,-0.09811457493816247,0.1509110182251144,-0.25335204224670044,0.14913386515757177,0.6319301674396829,-0.011564687895265883,-0.2551138976438278,-0.2935803895710214,0.12999531981528273,0.11692384637007504,0.3488837508127925,0.22734771657931546,0.007575948635434027,0.09931617078299597,-0.21784713156889562
palma,0.019073354602002594,3,0.2769081860269577,-0.1525014048025508,-0.28592490459586795,0.07274876604687218,-0.1334252688923777,0.2342836471204959,0.33519613113933533,-0.060929531685570394,-0.5546760500300545,-0.11661314893387723,-0.1549350080172673,0.19797646556634038,-0.020568750697894305,-0.3186041493066648,-0.22546390298179558,-0.04240900056478187,-0.06281721718344961,0.285106822866446
palma,-0.08534932123190421,3,0.2769081860269577,-0.1525014048025508,-0.28592490459586795,0.07274876604687218,-0.1334252688923777,0.2342836471204959,0.33519613113933533,-0.060929531685570394,-0.5546760500300545,-0.11661314893387723,-0.1549350080172673,0.19797646556634038,-0.020568750697894305,-0.3186041493066648,-0.22546390298179558,-0.04240900056478187,-0.06281721718344961,0.285106822866446
palma,-0.1211042679564859,3,0.30666784855279905,0.0713154257026618,0.25252974729338556,-0.056277297420684505,0.08065365770491266,-0.09299717795948943,0.199757618133462,0.02628341207867461,0.1479494182577691,-0.08048614613139432,0.009098591238888131,0.1734863309261815,0.3456047770977854,0.28426210169198324,0.5020651707831535,0.4802533709772618,-0.021211296058254087,-0.1903300314782865
palma,-0.20813365317829127,3,0.30666784855279905,0.0713154257026618,0.25252974729338556,-0.056277297420684505,0.08065365770491266,-0.09299717795948943,0.199757618133462,0.02628341207867461,0.1479494182577691,-0.08048614613139432,0.009098591238888131,0.1734863309261815,0.3456047770977854,0.28426210169198324,0.5020651707831535,0.4802533709772618,-0.021211296058254087,-0.1903300314782865
palma,0.007244625608908676,5,0.2996027441080137,0.020344881592518238,0.25345003175278125,-0.026714316649292122,0.06691955165771046,-0.01586559282839529,0.19945492446453475,-0.038573457452850284,0.17749422180274232,-0.15287252660682818,0.0003211949760910507,0.15896496200351318,0.3053442197796872,0.29469511180903885,0.4349010265811214,0.5461814633364767,-0.004913962524325771,-0.22621201000307586
palma,0.03201034021237958,5,0.2996027441080137,0.020344881592518238,0.25345003175278125,-0.026714316649292122,0.06691955165771046,-0.01586559282839529,0.19945492446453475,-0.038573457452850284,0.17749422180274232,-0.15287252660682818,0.0003211949760910507,0.15896496200351318,0.3053442197796872,0.29469511180903885,0.4349010265811214,0.5461814633364767,-0.004913962524325771,-0.22621201000307586
palma,-0.10726035393740531,5,0.2996027441080137,0.020344881592518238,0.25345003175278125,-0.026714316649292122,0.06691955165771046,-0.01586559282839529,0.19945492446453475,-0.038573457452850284,0.17749422180274232,-0.15287252660682818,0.0003211949760910507,0.15896496200351318,0.3053442197796872,0.29469511180903885,0.4349010265811214,0.5461814633364767,-0.004913962524325771,-0.22621201000307586
palma,-0.0037909920224695397,5,0.2996027441080137,0.020344881592518238,0.25345003175278125,-0.026714316649292122,0.06691955165771046,-0.01586559282839529,0.19945492446453475,-0.038573457452850284,0.17749422180274232,-0.15287252660682818,0.0003211949760910507,0.15896496200351318,0.3053442197796872,0.29469511180903885,0.4349010265811214,0.5461814633364767,-0.004913962524325771,-0.22621201000307586
palma,-0.04591368089904656,5,-0.14581057853281254,-0.03085674829672841,-0.15532530056612284,-0.03217650601015046,-0.36132940916843825,-0.27246410248763525,-0.0545596211426997,0.4511002203236975,-0.037232093139829926,-0.30139991337848737,-0.11133784873029974,0.20196187104272081,-0.19406212834150216,-0.06877387066917458,-0.009576304149028778,-0.1384880237376501,-0.25321048139351005,0.5197817599896808
palma,-0.44580426797166195,5,-0.14581057853281254,-0.03085674829672841,-0.15532530056612284,-0.03217650601015046,-0.36132940916843825,-0.27246410248763525,-0.0545596211426997,0.4511002203236975,-0.037232093139829926,-0.30139991337848737,-0.11133784873029974,0.20196187104272081,-0.19406212834150216,-0.06877387066917458,-0.009576304149028778,-0.1384880237376501,-0.25321048139351005,0.5197817599896808
palma,-0.08883185703551406,5,-0.18321880699649182,-0.11279546771651616,-0.04896218848718826,0.08321293432953364,0.6137244580560965,0.21964788230931714,-0.2826964089875777,-0.37721764996702345,0.0031392691443579484,0.1465301576163055,0.10943170264355383,-0.06713948881303042,-0.2007528152391933,-0.07604310277744891,-0.09598086774725613,-0.04690101737095336,0.40289813937641594,0.19871060650379244
palma,0.06920958276364723,5,-0.3199542207482778,-0.243064100827728,-0.14463354215926277,0.17057810035892987,0.561904162978131,-0.09344579175876176,-0.3804788209352998,0.05786244362189201,-0.0769364224842157,-0.08140322479171154,0.20298542343483747,0.14053449328068862,-0.29465089143829826,-0.12111355358326416,-0.17127278880263572,-0.04125431664804381,-0.13747910092663432,0.30171117811256465
palma,-0.18365251313929154,5,-0.3199542207482778,-0.243064100827728,-0.14463354215926277,0.17057810035892987,0.561904162978131,-0.09344579175876176,-0.3804788209352998,0.05786244362189201,-0.0769364224842157,-0.08140322479171154,0.20298542343483747,0.14053449328068862,-0.29465089143829826,-0.12111355358326416,-0.17127278880263572,-0.04125431664804381,-0.13747910092663432,0.30171117811256465
palma,-0.04075242950714865,5,-0.3199542207482778,-0.243064100827728,-0.14463354215926277,0.17057810035892987,0.561904162978131,-0.09344579175876176,-0.3804788209352998,0.05786244362189201,-0.0769364224842157,-0.08140322479171154,0.20298542343483747,0.14053449328068862,-0.29465089143829826,-0.12111355358326416,-0.17127278880263572,-0.04125431664804381,-0.13747910092663432,0.30171117811256465
palma,-0.22209469781617636,5,-0.3199542207482778,-0.243064100827728,-0.14463354215926277,0.17057810035892987,0.561904162978131,-0.09344579175876176,-0.3804788209352998,0.05786244362189201,-0.0769364224842157,-0.08140322479171154,0.20298542343483747,0.14053449328068862,-0.29465089143829826,-0.12111355358326416,-0.17127278880263572,-0.04125431664804381,-0.13747910092663432,0.30171117811256465
palma,-0.15785534611209653,5,0.35906727953333983,0.13627045622155531,0.25525351597219814,-0.07222110868540346,0.08086246641126697,-0.07939415668338626,0.2495293976646332,0.033283341044844726,0.14736644655713912,-0.0790585387115035,0.03187959669448988,0.13049681802359378,0.28711428697710323,0.23729127476329998,0.42130947635567306,0.5653842916608252,-0.010358623980172626,-0.15457343724141048
palma,-0.20551588455171638,5,0.35906727953333983,0.13627045622155531,0.25525351597219814,-0.07222110868540346,0.08086246641126697,-0.07939415668338626,0.2495293976646332,0.033283341044844726,0.14736644655713912,-0.0790585387115035,0.03187959669448988,0.13049681802359378,0.28711428697710323,0.23729127476329998,0.42130947635567306,0.5653842916608252,-0.010358623980172626,-0.15457343724141048
palma,0.008652706349273457,6,0.3537567536410031,0.12071239356109709,0.2270814317920021,-0.07795806894549653,0.045185744186062984,-0.039622841389004994,0.2545728884708231,0.027220481291922605,0.15090391861823596,-0.09178991710474313,0.022725774871014095,0.13257816896809035,0.2831775957324802,0.2780275500347175,0.3978829855689096,0.5837422846505672,-0.01575104626222351,-0.16549170918672865
palma,-0.11413673260250337,6,0.3537567536410031,0.12071239356109709,0.2270814317920021,-0.07795806894549653,0.045185744186062984,-0.039622841389004994,0.2545728884708231,0.027220481291922605,0.15090391861823596,-0.09178991710474313,0.022725774871014095,0.13257816896809035,0.2831775957324802,0.2780275500347175,0.3978829855689096,0.5837422846505672,-0.01575104626222351,-0.16549170918672865
palma,0.06499202669516692,6,-0.18820498139536712,0.48965347483817245,-0.19249859811582296,-0.25542001984487095,-0.13665356567335485,-0.09789246913793921,-0.010332273714057842,0.4567288355890722,-0.0452639103396778,0.4510485002944919,-0.010266346932612408,0.08655996005143246,-0.11220540388610281,0.10706910563026083,-0.0020739855995495823,-0.10304188431531294,-0.2555975584560415,-0.2691851779880084
palma,-0.08350909064197731,6,-0.18820498139536712,0.48965347483817245,-0.19249859811582296,-0.25542001984487095,-0.13665356567335485,-0.09789246913793921,-0.010332273714057842,0.4567288355890722,-0.0452639103396778,0.4510485002944919,-0.010266346932612408,0.08655996005143246,-0.11220540388610281,0.10706910563026083,-0.0020739855995495823,-0.10304188431531294,-0.2555975584560415,-0.2691851779880084
palma,-0.25532949732526805,6,-0.18820498139536712,0.48965347483817245,-0.19249859811582296,-0.25542001984487095,-0.13665356567335485,-0.09789246913793921,-0.010332273714057842,0.4567288355890722,-0.0452639103396778,0.4510485002944919,-0.010266346932612408,0.08655996005143246,-0.11220540388610281,0.10706910563026083,-0.0020739855995495823,-0.10304188431531294,-0.2555975584560415,-0.2691851779880084
palma,0.038458700925117675,6,0.1063512581045743,-0.09111394250281069,0.0846505659678631,0.02939196155331259,-0.11375502321733802,0.10206601114932527,-0.2039395242115001,-0.5393822617895446,0.26729149694147564,0.23138055990885403,0.26135030939050213,-0.13708668602166954,-0.05683100660867419,0.045816449375590526,-0.042290908496638635,-0.05082453681037617,0.5746884932655457,-0.2538305402939507
palma,-0.12399188079953781,6,0.1063512581045743,-0.09111394250281069,0.0846505659678631,0.02939196155331259,-0.11375502321733802,0.10206601114932527,-0.2039395242115001,-0.5393822617895446,0.26729149694147564,0.23138055990885403,0.26135030939050213,-0.13708668602166954,-0.05683100660867419,0.045816449375590526,-0.042290908496638635,-0.05082453681037617,0.5746884932655457,-0.2538305402939507
palma,0.01945445480938528,6,0.33698312683764664,0.22077472944609022,-0.21214175512376884,0.06566193350622909,-0.11648306433657138,0.32365461029189735,0.44762343861781423,0.11360127710884659,-0.4470252615513805,-0.12149382026571906,-0.11995348346369335,0.1756432874597269,0.027006967946142376,0.20602002618785065,0.009145920676738022,-0.10522390694059282,-0.11559819629303912,-0.3595394955787075
palma,0.007298377803272869,6,0.33698312683764664,0.22077472944609022,-0.21214175512376884,0.06566193350622909,-0.11648306433657138,0.32365461029189735,0.44762343861781423,0.11360127710884659,-0.4470252615513805,-0.12149382026571906,-0.11995348346369335,0.1756432874597269,0.027006967946142376,0.20602002618785065,0.009145920676738022,-0.10522390694059282,-0.11559819629303912,-0.3595394955787075
palma,-0.17468509517851213,6,0.33698312683764664,0.22077472944609022,-0.21214175512376884,0.06566193350622909,-0.11648306433657138,0.32365461029189735,0.44762343861781423,0.11360127710884659,-0.4470252615513805,-0.12149382026571906,-0.11995348346369335,0.1756432874597269,0.027006967946142376,0.20602002618785065,0.009145920676738022,-0.10522390694059282,-0.11559819629303912,-0.3595394955787075
palma,-0.11864556251994963,6,0.33698312683764664,0.22077472944609022,-0.21214175512376884,0.06566193350622909,-0.11648306433657138,0.32365461029189735,0.44762343861781423,0.11360127710884659,-0.4470252615513805,-0.12149382026571906,-0.11995348346369335,0.1756432874597269,0.027006967946142376,0.20602002618785065,0.009145920676738022,-0.10522390694059282,-0.11559819629303912,-0.3595394955787075
palma,-0.02757751061309397,6,0.33698312683764664,0.22077472944609022,-0.21214175512376884,0.06566193350622909,-0.11648306433657138,0.32365461029189735,0.44762343861781423,0.11360127710884659,-0.4470252615513805,-0.12149382026571906,-0.11995348346369335,0.1756432874597269,0.027006967946142376,0.20602002618785065,0.009145920676738022,-0.10522390694059282,-0.11559819629303912,-0.3595394955787075
palma,-0.029448449539180063,6,0.33698312683764664,0.22077472944609022,-0.21214175512376884,0.06566193350622909,-0.11648306433657138,0.32365461029189735,0.44762343861781423,0.11360127710884659,-0.4470252615513805,-0.12149382026571906,-0.11995348346369335,0.1756432874597269,0.027006967946142376,0.20602002618785065,0.009145920676738022,-0.10522390694059282,-0.11559819629303912,-0.3595394955787075
palma,-0.20559958831719774,6,0.33698312683764664,0.22077472944609022,-0.21214175512376884,0.06566193350622909,-0.11648306433657138,0.32365461029189735,0.44762343861781423,0.11360127710884659,-0.4470252615513805,-0.12149382026571906,-0.11995348346369335,0.1756432874597269,0.027006967946142376,0.20602002618785065,0.009145920676738022,-0.10522390694059282,-0.11559819629303912,-0.3595394955787075
palma,0.2499479394426033,6,-0.30596896842073473,-0.04952492181696401,-0.23024970800797992,0.033384926828811806,-0.08169939280042375,0.07921035399626797,-0.16771332409675804,-0.031092032076909283,-0.14078156328318212,0.07533250042691117,-0.0021357732928165996,-0.14803085890566312,-0.2841721027939674,-0.21626504720663978,-0.4297120909051451,-0.6484755988069978,0.0024218693207989713,0.16625826983124795
palma,0.008030648699404829,7,0.2987176837622575,0.043125056092138125,0.21237572297354704,-0.052563720670322,0.043324174939052544,-0.05700434601389212,0.15788833052733037,0.02525402325209341,0.14039330478223241,-0.09486990967705282,-0.008235742241497692,0.15368360821602148,0.2987399526927018,0.262715781361385,0.3996308423659197,0.6509102921662128,-0.019100492563466843,-0.18955886969506594
palma,-0.10509388118606278,7,0.2987176837622575,0.043125056092138125,0.21237572297354704,-0.052563720670322,0.043324174939052544,-0.05700434601389212,0.15788833052733037,0.02525402325209341,0.14039330478223241,-0.09486990967705282,-0.008235742241497692,0.15368360821602148,0.2987399526927018,0.262715781361385,0.3996308423659197,0.6509102921662128,-0.019100492563466843,-0.18955886969506594
palma,-0.138646077768719,7,-0.05938921644551411,0.30002966047346524,-0.07196388094328514,-0.1888370603666827,-0.1126574220855334,0.5551225003348792,-0.041085338350234535,0.42927561821647847,-0.07070991185739299,0.4299305026265116,0.011104163444351514,0.07907770914768784,-0.07840131556360083,0.0397213581255034,0.05794401644818009,-0.13535412196465682,-0.023150702663458388,-0.3642021025346865
palma,-0.2993529885533406,7,-0.05938921644551411,0.30002966047346524,-0.07196388094328514,-0.1888370603666827,-0.1126574220855334,0.5551225003348792,-0.041085338350234535,0.42927561821647847,-0.07070991185739299,0.4299305026265116,0.011104163444351514,0.07907770914768784,-0.07840131556360083,0.0397213581255034,0.05794401644818009,-0.13535412196465682,-0.023150702663458388,-0.3642021025346865
palma,0.015320408368300186,7,-0.15146001424175362,0.07410320634058354,-0.12278941616459131,0.058718201283038146,0.5820865276297456,0.39317908097806376,-0.22566669444031076,-0.30091487234548997,-0.030248400867715415,0.11229145876039699,0.09150151707956296,-0.06495101659884463,-0.1708714686039371,0.04507533835873209,-0.13316159717239884,-0.06787197591134408,0.465428858423626,-0.14780661479113869
palma,-0.0852331158318012,7,-0.15146001424175362,0.07410320634058354,-0.12278941616459131,0.058718201283038146,0.5820865276297456,0.39317908097806376,-0.22566669444031076,-0.30091487234548997,-0.030248400867715415,0.11229145876039699,0.09150151707956296,-0.06495101659884463,-0.1708714686039371,0.04507533835873209,-0.13316159717239884,-0.06787197591134408,0.465428858423626,-0.14780661479113869
palma,0.10892243592801377,7,-0.25680175008649053,-0.047368283163584574,-0.26985115697069983,0.04304565559008332,-0.08906673109018197,0.0858584297273512,-0.20157411814182294,-0.04525326037419456,-0.19249757861744302,0.09091671003518582,-0.07961265096143184,-0.11617884948296234,-0.2564143714411108,-0.18370163910084222,-0.44353822526302233,-0.6430627202839344,0.02100867344683116,0.15428326274016252
palma,0.25655054168188957,7,-0.25680175008649053,-0.047368283163584574,-0.26985115697069983,0.04304565559008332,-0.08906673109018197,0.0858584297273512,-0.20157411814182294,-0.04525326037419456,-0.19249757861744302,0.09091671003518582,-0.07961265096143184,-0.11617884948296234,-0.2564143714411108,-0.18370163910084222,-0.44353822526302233,-0.6430627202839344,0.02100867344683116,0.15428326274016252
palma,-0.07539455553756108,9,0.3630303112727782,0.13361035296867152,0.2780663045344253,-0.11634144727684599,0.025123456418832887,-0.04378570926141887,0.23166194812924207,0.09204298712954952,0.19117059246075316,-0.12955813027212842,0.04484171103917347,0.15117733059634553,0.26625158528192167,0.2975822578520589,0.4328090767607701,0.4381956009673741,-0.06963481308674414,-0.27015450016394277
palma,-0.24974342596188795,9,0.3630303112727782,0.13361035296867152,0.2780663045344253,-0.11634144727684599,0.025123456418832887,-0.04378570926141887,0.23166194812924207,0.09204298712954952,0.19117059246075316,-0.12955813027212842,0.04484171103917347,0.15117733059634553,0.26625158528192167,0.2975822578520589,0.4328090767607701,0.4381956009673741,-0.06963481308674414,-0.27015450016394277
palma,0.09323795752624273,9,0.032821310112502916,-0.4665705100625774,0.13795848300626076,0.19347466502647326,0.0838396548474263,-0.14662411196034728,-0.045824030796311165,-0.5723197460890621,0.10264408845451846,-0.4507936815333489,0.10022348874414153,-0.10969707888762521,0.01826255400030476,-0.10753295807957197,-0.07052233006691909,0.08312943553618506,0.29923648176773526,0.13206096745854956
palma,0.21556885273289475,9,0.032821310112502916,-0.4665705100625774,0.13795848300626076,0.19347466502647326,0.0838396548474263,-0.14662411196034728,-0.045824030796311165,-0.5723197460890621,0.10264408845451846,-0.4507936815333489,0.10022348874414153,-0.10969707888762521,0.01826255400030476,-0.10753295807957197,-0.07052233006691909,0.08312943553618506,0.29923648176773526,0.13206096745854956
palma,-0.09960435072965042,9,0.032821310112502916,-0.4665705100625774,0.13795848300626076,0.19347466502647326,0.0838396548474263,-0.14662411196034728,-0.045824030796311165,-0.5723197460890621,0.10264408845451846,-0.4507936815333489,0.10022348874414153,-0.10969707888762521,0.01826255400030476,-0.10753295807957197,-0.07052233006691909,0.08312943553618506,0.29923648176773526,0.13206096745854956
palma,-0.15402130828997979,9,0.4416970612983675,-0.025348852976581848,-0.0597690457425728,0.05163265978338747,-0.057503470388248205,0.4688411217206965,0.3628228095948486,-0.4267617685394159,-0.0611546293732688,0.18364678653350994,0.28520707276317314,-0.11010404397359652,0.10419732750463448,0.14010789872028298,0.06791236832544095,-0.11696291797726419,-0.07793163684760723,-0.2745053013446768
palma,-0.1823212413723498,9,0.4416970612983675,-0.025348852976581848,-0.0597690457425728,0.05163265978338747,-0.057503470388248205,0.4688411217206965,0.3628228095948486,-0.4267617685394159,-0.0611546293732688,0.18364678653350994,0.28520707276317314,-0.11010404397359652,0.10419732750463448,0.14010789872028298,0.06791236832544095,-0.11696291797726419,-0.07793163684760723,-0.2745053013446768
palma,-0.2049874469351087,9,0.4416970612983675,-0.025348852976581848,-0.0597690457425728,0.05163265978338747,-0.057503470388248205,0.4688411217206965,0.3628228095948486,-0.4267617685394159,-0.0611546293732688,0.18364678653350994,0.28520707276317314,-0.11010404397359652,0.10419732750463448,0.14010789872028298,0.06791236832544095,-0.11696291797726419,-0.07793163684760723,-0.2745053013446768
palma,0.001474017219273768,9,0.49066209112333536,0.034851865052544895,-0.07383225178448825,0.0540480194550087,-0.060210507463247964,0.42172523756644437,0.6002376261794388,0.07874097109262611,-0.1677310462669565,-0.0949604784260189,-0.035179306015768984,0.13304456550373875,0.12394990754635703,0.1760721385229277,0.09700092249268252,-0.08451808700399246,-0.06012321840796102,-0.28120977783207357
palma,0.006431390050572567,9,0.49066209112333536,0.034851865052544895,-0.07383225178448825,0.0540480194550087,-0.060210507463247964,0.42172523756644437,0.6002376261794388,0.07874097109262611,-0.1677310462669565,-0.0949604784260189,-0.035179306015768984,0.13304456550373875,0.12394990754635703,0.1760721385229277,0.09700092249268252,-0.08451808700399246,-0.06012321840796102,-0.28120977783207357
palma,-0.10419974368134961,9,0.49066209112333536,0.034851865052544895,-0.07383225178448825,0.0540480194550087,-0.060210507463247964,0.42172523756644437,0.6002376261794388,0.07874097109262611,-0.1677310462669565,-0.0949604784260189,-0.035179306015768984,0.13304456550373875,0.12394990754635703,0.1760721385229277,0.09700092249268252,-0.08451808700399246,-0.06012321840796102,-0.28120977783207357
palma,-0.02947636099943668,9,0.49066209112333536,0.034851865052544895,-0.07383225178448825,0.0540480194550087,-0.060210507463247964,0.42172523756644437,0.6002376261794388,0.07874097109262611,-0.1677310462669565,-0.0949604784260189,-0.035179306015768984,0.13304456550373875,0.12394990754635703,0.1760721385229277,0.09700092249268252,-0.08451808700399246,-0.06012321840796102,-0.28120977783207357
palma,-0.015536437524488834,9,0.49066209112333536,0.034851865052544895,-0.07383225178448825,0.0540480194550087,-0.060210507463247964,0.42172523756644437,0.6002376261794388,0.07874097109262611,-0.1677310462669565,-0.0949604784260189,-0.035179306015768984,0.13304456550373875,0.12394990754635703,0.1760721385229277,0.09700092249268252,-0.08451808700399246,-0.06012321840796102,-0.28120977783207357
palma,-0.4082365458592632,9,0.24875757548719732,0.015750348836901896,0.3165128555620133,-0.04141055196462386,0.06285618588805368,-0.08197022058497772,0.11450153469733797,0.02208157334359387,0.2112830191938237,-0.07001948684425253,-0.02191696547492528,0.14017696937702517,0.26002973510375993,0.23730927127573964,0.43661479990266494,0.6327942365945513,-0.028624230799932617,-0.16193656450592347
palma,0.004252076617217752,10,0.33570919743236877,0.054836045897841634,0.3240713862489855,-0.07765755205575384,0.016430770263358405,-0.08608091243456663,0.18435261359873786,0.05069080479042229,0.2550328327368772,-0.09354712407670243,-0.039053470483743566,0.1720839899480187,0.2600880146453114,0.25578792834360903,0.4288733837884945,0.5046481512572559,-0.02004937853297314,-0.22802589777770005
palma,-0.06593067827931802,10,0.33570919743236877,0.054836045897841634,0.3240713862489855,-0.07765755205575384,0.016430770263358405,-0.08608091243456663,0.18435261359873786,0.05069080479042229,0.2550328327368772,-0.09354712407670243,-0.039053470483743566,0.1720839899480187,0.2600880146453114,0.25578792834360903,0.4288733837884945,0.5046481512572559,-0.02004937853297314,-0.22802589777770005
palma,-0.016056963592823697,10,0.33570919743236877,0.054836045897841634,0.3240713862489855,-0.07765755205575384,0.016430770263358405,-0.08608091243456663,0.18435261359873786,0.05069080479042229,0.2550328327368772,-0.09354712407670243,-0.039053470483743566,0.1720839899480187,0.2600880146453114,0.25578792834360903,0.4288733837884945,0.5046481512572559,-0.02004937853297314,-0.22802589777770005
palma,-0.22964880123252196,10,0.33570919743236877,0.054836045897841634,0.3240713862489855,-0.07765755205575384,0.016430770263358405,-0.08608091243456663,0.18435261359873786,0.05069080479042229,0.2550328327368772,-0.09354712407670243,-0.039053470483743566,0.1720839899480187,0.2600880146453114,0.25578792834360903,0.4288733837884945,0.5046481512572559,-0.02004937853297314,-0.22802589777770005
palma,-0.18016061106658052,10,0.005086475330187506,0.3443928458012263,-0.1480327749717318,-0.16097502799752475,-0.17339897784303432,-0.06549256687257263,0.024012396398823292,0.4275333880825744,-0.08844494454876677,0.42492602649012634,-0.016151176948208695,0.0877070733279405,-0.01840130567112238,0.22449389212796045,0.045122911843969424,-0.1667637781624484,0.4782314172796379,-0.33196007598208527
palma,-0.15526311781772179,10,0.005086475330187506,0.3443928458012263,-0.1480327749717318,-0.16097502799752475,-0.17339897784303432,-0.06549256687257263,0.024012396398823292,0.4275333880825744,-0.08844494454876677,0.42492602649012634,-0.016151176948208695,0.0877070733279405,-0.01840130567112238,0.22449389212796045,0.045122911843969424,-0.1667637781624484,0.4782314172796379,-0.33196007598208527
palma,-0.2656793973496488,10,0.005086475330187506,0.3443928458012263,-0.1480327749717318,-0.16097502799752475,-0.17339897784303432,-0.06549256687257263,0.024012396398823292,0.4275333880825744,-0.08844494454876677,0.42492602649012634,-0.016151176948208695,0.0877070733279405,-0.01840130567112238,0.22449389212796045,0.045122911843969424,-0.1667637781624484,0.4782314172796379,-0.33196007598208527
palma,0.012853669072018811,10,0.13333630517254327,-0.023120814753237906,0.11243583482497081,0.06383667011404036,-0.12128244656566316,0.33700231110512746,-0.1280554509530003,-0.4629307158224883,0.25847842654814246,0.29347731730821586,0.23319636745733774,-0.12974031721415394,0.004757183681444546,0.1323061068488336,0.004403653970460083,-0.07454189127346228,0.5474065355743284,-0.24305641001290132
palma,-0.11765008149453265,10,0.13333630517254327,-0.023120814753237906,0.11243583482497081,0.06383667011404036,-0.12128244656566316,0.33700231110512746,-0.1280554509530003,-0.4629307158224883,0.25847842654814246,0.29347731730821586,0.23319636745733774,-0.12974031721415394,0.004757183681444546,0.1323061068488336,0.004403653970460083,-0.07454189127346228,0.5474065355743284,-0.24305641001290132
palma,0.03583140350527618,10,0.2475377127844873,0.09776250889728144,-0.2419722323891008,0.16735084009470771,-0.13417943633294016,0.5041761283075602,0.40146448481791697,0.04345163626795576,-0.37149873271582684,-0.06883709383643377,-0.17334000562207433,0.1428207407480322,0.03225818160591777,0.3058881930806392,-0.017487115990907385,0.03235164430664094,-0.12862634034574028,-0.31882836290840083
palma,-0.09438686974152496,10,0.2475377127844873,0.09776250889728144,-0.2419722323891008,0.16735084009470771,-0.13417943633294016,0.5041761283075602,0.40146448481791697,0.04345163626795576,-0.37149873271582684,-0.06883709383643377,-0.17334000562207433,0.1428207407480322,0.03225818160591777,0.3058881930806392,-0.017487115990907385,0.03235164430664094,-0.12862634034574028,-0.31882836290840083
palma,-0.23917759008017095,10,0.2475377127844873,0.09776250889728144,-0.2419722323891008,0.16735084009470771,-0.13417943633294016,0.5041761283075602,0.40146448481791697,0.04345163626795576,-0.37149873271582684,-0.06883709383643377,-0.17334000562207433,0.1428207407480322,0.03225818160591777,0.3058881930806392,-0.017487115990907385,0.03235164430664094,-0.12862634034574028,-0.31882836290840083
palma,0.18481720502303775,10,-0.155364989601979,-0.1914471450481371,0.22613063630752261,0.39895194414316065,0.62709394683556,-0.11386962899242777,-0.05674451960883152,0.0005679128681098415,0.23906358075349488,-0.08608687914376538,-0.11972438761771728,-0.4464797478801542,-0.10378972308423146,0.0021892036769663083,0.06959980685784614,-0.09171177017214473,-0.12824720542866977,0.027541807429488648
palma,-0.1353051878016076,10,-0.155364989601979,-0.1914471450481371,0.22613063630752261,0.39895194414316065,0.62709394683556,-0.11386962899242777,-0.05674451960883152,0.0005679128681098415,0.23906358075349488,-0.08608687914376538,-0.11972438761771728,-0.4464797478801542,-0.10378972308423146,0.0021892036769663083,0.06959980685784614,-0.09171177017214473,-0.12824720542866977,0.027541807429488648
palma,0.007616092565569556,10,-0.02663940226435446,0.03449048379410388,0.0017709103600211597,-0.9796802633312914,-0.04183895923571154,-0.03364100076466448,-0.027762057981962813,0.021596221484754725,0.06848693110010483,-0.03397602785375246,-0.07024524743734908,-0.12390407424914836,-0.04625020838445242,0.014982112787007472,0.01791970260682647,-0.029910717349174328,-0.025694943769090768,0.06191819789416309
palma,-0.013813176266001351,10,-0.02663940226435446,0.03449048379410388,0.0017709103600211597,-0.9796802633312914,-0.04183895923571154,-0.03364100076466448,-0.027762057981962813,0.021596221484754725,0.06848693110010483,-0.03397602785375246,-0.07024524743734908,-0.12390407424914836,-0.04625020838445242,0.014982112787007472,0.01791970260682647,-0.029910717349174328,-0.025694943769090768,0.06191819789416309
palma,-0.4994939802501708,10,-0.02663940226435446,0.03449048379410388,0.0017709103600211597,-0.9796802633312914,-0.04183895923571154,-0.03364100076466448,-0.027762057981962813,0.021596221484754725,0.06848693110010483,-0.03397602785375246,-0.07024524743734908,-0.12390407424914836,-0.04625020838445242,0.014982112787007472,0.01791970260682647,-0.029910717349174328,-0.025694943769090768,0.06191819789416309
palma,-0.04321196497933152,10,0.06107095860634487,0.8000183387130265,-0.035645157609958955,0.028786696895164363,-0.051040214017367934,-0.07177223422216836,-0.024285141861714345,0.15732607054383174,0.2113129143747751,-0.09817742483234077,-0.132276773019385,-0.2774531136084576,-0.0943294333672993,0.22671261496336131,0.09946065756555383,0.27912947520460285,-0.048160398757797054,0.14782772181113815
palma,-0.27484809429414453,10,0.06107095860634487,0.8000183387130265,-0.035645157609958955,0.028786696895164363,-0.051040214017367934,-0.07177223422216836,-0.024285141861714345,0.15732607054383174,0.2113129143747751,-0.09817742483234077,-0.132276773019385,-0.2774531136084576,-0.0943294333672993,0.22671261496336131,0.09946065756555383,0.27912947520460285,-0.048160398757797054,0.14782772181113815
palma,-0.10010148562240503,10,0.03536570175527047,0.48263336873600626,0.23863740930200117,0.04365513415112014,0.09568787662631408,-0.14946976813038662,0.053025499628890436,-0.035070066401377095,0.30677431071901823,-0.10306219302981522,-0.23316207234541347,-0.49327744638983745,-0.0014214043949130693,-0.37623646508116065,0.18103833436333575,-0.033870996040066444,-0.03550873553404341,0.3037488181121013
palma,0.01146005950627238,10,-0.18355267770254322,-0.22971827075966678,0.2889045820395385,0.19788815294073978,0.13197031452271749,-0.11022719971834313,-0.13272208445911854,-0.06909188724802978,0.26394961760104674,-0.05883826454619382,0.5674241357029124,-0.40518320709508554,-0.22801952574040033,-0.23900339039745835,0.13225948309301006,-0.04367496461637138,-0.07722008883663296,0.2126119671393588
palma,-0.04812584428616423,10,-0.18355267770254322,-0.22971827075966678,0.2889045820395385,0.19788815294073978,0.13197031452271749,-0.11022719971834313,-0.13272208445911854,-0.06909188724802978,0.26394961760104674,-0.05883826454619382,0.5674241357029124,-0.40518320709508554,-0.22801952574040033,-0.23900339039745835,0.13225948309301006,-0.04367496461637138,-0.07722008883663296,0.2126119671393588
palma,0.0006417811177415368,10,-0.04153302312558127,0.11108088411094566,-0.08661828686578228,0.9626604138245636,-0.00706380041897008,0.031155842544200788,-0.07757168467974665,0.018125829356634607,-0.06852589776398893,0.015391709925257643,0.02560104716288324,0.1268679516182444,-0.04548753796588831,0.11984838554946915,-0.05452939830569633,0.008776393304659798,-0.014804139942410846,-0.05445879860889193
palma,0.7071050421699172,10,-0.04153302312558127,0.11108088411094566,-0.08661828686578228,0.9626604138245636,-0.00706380041897008,0.031155842544200788,-0.07757168467974665,0.018125829356634607,-0.06852589776398893,0.015391709925257643,0.02560104716288324,0.1268679516182444,-0.04548753796588831,0.11984838554946915,-0.05452939830569633,0.008776393304659798,-0.014804139942410846,-0.05445879860889193
palma,-5.548331320711771e-05,10,-0.04153302312558127,0.11108088411094566,-0.08661828686578228,0.9626604138245636,-0.00706380041897008,0.031155842544200788,-0.07757168467974665,0.018125829356634607,-0.06852589776398893,0.015391709925257643,0.02560104716288324,0.1268679516182444,-0.04548753796588831,0.11984838554946915,-0.05452939830569633,0.008776393304659798,-0.014804139942410846,-0.05445879860889193
palma,-0.05091408435094382,10,0.3227353303998761,-0.052659071664541646,0.5322431725966454,0.03692749009055032,0.10084967516516802,-0.1139044623095674,0.33600941311903204,-0.04774356063995527,0.3836549284413205,-0.06496328657811706,-0.04247934312110761,-0.07295480384003394,0.2501959959013623,-0.030195006574122014,0.4800978860463766,0.12420155794115555,0.034089268733382125,0.031076464633160654
rkiper,0.19130888457656411,1,-0.0034290358094324633,-0.10293363164772054,-0.1404154063087396,0.18144341723243693,0.1309825079832831,-0.11960495716383134,0.32951797176631653,0.11818811617739167,0.06070557849973347,0.052582120905396657,-0.055966746299281986,-0.15752795577637796,-0.3305768635711895,-0.3569771767487689,0.04735595503903515,-0.4834660715497953,0.49655828865515844,-0.17052598325507498
rkiper,0.07776049977401253,1,-0.0034290358094324633,-0.10293363164772054,-0.1404154063087396,0.18144341723243693,0.1309825079832831,-0.11960495716383134,0.32951797176631653,0.11818811617739167,0.06070557849973347,0.052582120905396657,-0.055966746299281986,-0.15752795577637796,-0.3305768635711895,-0.3569771767487689,0.04735595503903515,-0.4834660715497953,0.49655828865515844,-0.17052598325507498
rkiper,0.20799445275330716,1,-0.0034290358094324633,-0.10293363164772054,-0.1404154063087396,0.18144341723243693,0.1309825079832831,-0.11960495716383134,0.32951797176631653,0.11818811617739167,0.06070557849973347,0.052582120905396657,-0.055966746299281986,-0.15752795577637796,-0.3305768635711895,-0.3569771767487689,0.04735595503903515,-0.4834660715497953,0.49655828865515844,-0.17052598325507498
rkiper,-0.12867820695258111,1,0.27146399692864814,0.0701873827500481,0.027827541290723234,-0.17040097294955092,-0.36455231786795017,0.4353966397154502,-0.22276597051837665,-0.058854339265539776,-0.03763053483943707,-0.06483522453521663,-0.097104032817618,0.20097632842198157,0.36062501527804575,-0.26289509350407436,-0.24235119077517575,-0.1381989758751363,-0.40934900472832203,-0.12652585289886872
rkiper,-0.052893398312937746,1,0.49625311163714264,0.32555505606368174,-0.18800855671074101,-0.2424577371735925,-0.10540624619181238,-0.17464768851228027,0.325417037201564,0.35510104121110014,0.039682668824528984,-0.07080482708937597,0.15588966114695157,0.11202805405378725,0.21507228296501574,-0.3518776856551587,-0.17577579225627535,-0.12570934320360866,-0.026042282406728633,-0.13826215426607324
rkiper,0.024812904762066088,1,0.2901166478550816,-0.37690394045758946,-0.18389159430379137,0.3437462262133721,-0.15072701159524238,-0.028705735511790207,0.22037997593242756,-0.3022069129773392,-0.13095907321576342,0.1251566827607235,-0.10197992816382374,-0.08161220756540467,0.29716144013269863,-0.43457950437667375,-0.2714869039071461,-0.10535256110240838,-0.025580972713742746,-0.21415245459778165
rkiper,-0.055625484362622594,1,0.2901166478550816,-0.37690394045758946,-0.18389159430379137,0.3437462262133721,-0.15072701159524238,-0.028705735511790207,0.22037997593242756,-0.3022069129773392,-0.13095907321576342,0.1251566827607235,-0.10197992816382374,-0.08161220756540467,0.29716144013269863,-0.43457950437667375,-0.2714869039071461,-0.10535256110240838,-0.025580972713742746,-0.21415245459778165
rkiper,-0.11943203932036528,2,0.22784208591866695,0.2313865867725452,0.4594610266494714,-0.2218582734460195,0.12586554638533431,0.17639902661785842,0.03619442551845071,-0.1326872255615132,0.20220301153075831,0.022345829142717728,0.25448335055097876,0.17376599247446953,0.012405404138297438,0.21537447412549332,0.4877841459502183,0.3217023264261112,0.11003422940417262,0.17869771892571049
rkiper,0.03500117315211702,2,0.40281426521020613,0.10024598886566216,-0.10228205498464764,-0.7084928712673005,-0.11440345241435924,-0.06599292207841542,0.25136209202472903,0.24997967639763083,0.04522524970962097,-0.0603433412075651,-0.11964625262696747,-0.2766883053184559,0.14567603963313722,-0.17314994438472278,-0.0682539079394301,-0.10163626751583917,0.015762140549908946,-0.09567662553827867
rkiper,-0.10314953007588717,2,0.40281426521020613,0.10024598886566216,-0.10228205498464764,-0.7084928712673005,-0.11440345241435924,-0.06599292207841542,0.25136209202472903,0.24997967639763083,0.04522524970962097,-0.0603433412075651,-0.11964625262696747,-0.2766883053184559,0.14567603963313722,-0.17314994438472278,-0.0682539079394301,-0.10163626751583917,0.015762140549908946,-0.09567662553827867
rkiper,-0.6823224183358644,2,0.40281426521020613,0.10024598886566216,-0.10228205498464764,-0.7084928712673005,-0.11440345241435924,-0.06599292207841542,0.25136209202472903,0.24997967639763083,0.04522524970962097,-0.0603433412075651,-0.11964625262696747,-0.2766883053184559,0.14567603963313722,-0.17314994438472278,-0.0682539079394301,-0.10163626751583917,0.015762140549908946,-0.09567662553827867
rkiper,0.027662107398520222,2,0.0250041475377469,-0.08200420985218387,-0.03693502680551128,-0.9908508968557662,-0.05168877727876282,-0.021057631981298397,0.021977511489794273,-0.0021900391809493874,-0.01460713361150049,0.0062111474964537524,-0.01191484641714782,0.02953840272220109,0.04278203695056915,-0.030135328379464397,-0.025503719713797043,-0.014402737218026374,0.0011724422083597402,-0.032145356362726696
rkiper,0.01114329024367998,2,0.0250041475377469,-0.08200420985218387,-0.03693502680551128,-0.9908508968557662,-0.05168877727876282,-0.021057631981298397,0.021977511489794273,-0.0021900391809493874,-0.01460713361150049,0.0062111474964537524,-0.01191484641714782,0.02953840272220109,0.04278203695056915,-0.030135328379464397,-0.025503719713797043,-0.014402737218026374,0.0011724422083597402,-0.032145356362726696
rkiper,-0.009907737714437394,2,0.0250041475377469,-0.08200420985218387,-0.03693502680551128,-0.9908508968557662,-0.05168877727876282,-0.021057631981298397,0.021977511489794273,-0.0021900391809493874,-0.01460713361150049,0.0062111474964537524,-0.01191484641714782,0.02953840272220109,0.04278203695056915,-0.030135328379464397,-0.025503719713797043,-0.014402737218026374,0.0011724422083597402,-0.032145356362726696
rkiper,-0.4955208907358633,2,0.0250041475377469,-0.08200420985218387,-0.03693502680551128,-0.9908508968557662,-0.05168877727876282,-0.021057631981298397,0.021977511489794273,-0.0021900391809493874,-0.01460713361150049,0.0062111474964537524,-0.01191484641714782,0.02953840272220109,0.04278203695056915,-0.030135328379464397,-0.025503719713797043,-0.014402737218026374,0.0011724422083597402,-0.032145356362726696
rkiper,0.027069235346299056,2,0.22174188514443227,-0.2824523730082561,-0.36155725586522924,0.2598807488009366,-0.254762039036516,-0.09415085234034751,0.28278967085918194,-0.27323072680219135,-0.3827598235590787,0.06119872448383412,-0.22969140550649322,-0.01910558186357296,0.21949794513659976,-0.32781862837982595,-0.24654672667985722,-0.08806891457150051,-0.026216848478891355,-0.12708168706250922
rkiper,-0.07743525964979238,2,0.22174188514443227,-0.2824523730082561,-0.36155725586522924,0.2598807488009366,-0.254762039036516,-0.09415085234034751,0.28278967085918194,-0.27323072680219135,-0.3827598235590787,0.06119872448383412,-0.22969140550649322,-0.01910558186357296,0.21949794513659976,-0.32781862837982595,-0.24654672667985722,-0.08806891457150051,-0.026216848478891355,-0.12708168706250922
rkiper,-0.19569866110307865,3,0.15327549089349893,0.2224869659315103,0.4399412490476812,-0.2069707847355774,0.17473594525659342,0.07077815401905409,-0.011786172936139953,-0.14205975016412228,0.14685206889571809,0.0565267998619755,0.1451132479759065,0.192043017489018,-0.044584595764380563,0.2454126481687262,0.5435055231381836,0.3893716215921578,0.13861543545049346,0.15369382049782973
rkiper,-0.10065897882178032,3,0.15327549089349893,0.2224869659315103,0.4399412490476812,-0.2069707847355774,0.17473594525659342,0.07077815401905409,-0.011786172936139953,-0.14205975016412228,0.14685206889571809,0.0565267998619755,0.1451132479759065,0.192043017489018,-0.044584595764380563,0.2454126481687262,0.5435055231381836,0.3893716215921578,0.13861543545049346,0.15369382049782973
rkiper,-0.2022043476512107,3,0.15327549089349893,0.2224869659315103,0.4399412490476812,-0.2069707847355774,0.17473594525659342,0.07077815401905409,-0.011786172936139953,-0.14205975016412228,0.14685206889571809,0.0565267998619755,0.1451132479759065,0.192043017489018,-0.044584595764380563,0.2454126481687262,0.5435055231381836,0.3893716215921578,0.13861543545049346,0.15369382049782973
rkiper,0.015487772126651124,3,0.463908294199439,0.4265428806589452,0.037101754411427434,-0.18323383051435835,-0.08594579321091436,0.4019052791508618,0.35479447382455886,0.3764079090245024,0.117887957912883,-0.07444004480330725,0.023836273448637264,0.2009269246569982,-0.03899885665082136,-0.06164717895874275,0.02676610875070789,-0.15461273550008275,0.15672128825090706,-0.12860585203547734
rkiper,-0.17158645467498765,3,0.463908294199439,0.4265428806589452,0.037101754411427434,-0.18323383051435835,-0.08594579321091436,0.4019052791508618,0.35479447382455886,0.3764079090245024,0.117887957912883,-0.07444004480330725,0.023836273448637264,0.2009269246569982,-0.03899885665082136,-0.06164717895874275,0.02676610875070789,-0.15461273550008275,0.15672128825090706,-0.12860585203547734
rkiper,-0.05942498610665402,3,0.463908294199439,0.4265428806589452,0.037101754411427434,-0.18323383051435835,-0.08594579321091436,0.4019052791508618,0.35479447382455886,0.3764079090245024,0.117887957912883,-0.07444004480330725,0.023836273448637264,0.2009269246569982,-0.03899885665082136,-0.06164717895874275,0.02676610875070789,-0.15461273550008275,0.15672128825090706,-0.12860585203547734
rkiper,-0.23521112858217708,3,0.463908294199439,0.4265428806589452,0.037101754411427434,-0.18323383051435835,-0.08594579321091436,0.4019052791508618,0.35479447382455886,0.3764079090245024,0.117887957912883,-0.07444004480330725,0.023836273448637264,0.2009269246569982,-0.03899885665082136,-0.06164717895874275,0.02676610875070789,-0.15461273550008275,0.15672128825090706,-0.12860585203547734
rkiper,-0.2139269477611962,3,0.463908294199439,0.4265428806589452,0.037101754411427434,-0.18323383051435835,-0.08594579321091436,0.4019052791508618,0.35479447382455886,0.3764079090245024,0.117887957912883,-0.07444004480330725,0.023836273448637264,0.2009269246569982,-0.03899885665082136,-0.06164717895874275,0.02676610875070789,-0.15461273550008275,0.15672128825090706,-0.12860585203547734
rkiper,0.019256426773190248,3,0.13685692263404461,-0.374652795409683,-0.11315827037072933,0.3164302953247045,0.0027762997535984895,-0.15565330965836757,0.385704728631767,-0.4190166346470844,0.3084645579706802,0.08045118225952452,0.07246892349674619,-0.053251541818333054,0.09088427197357553,-0.38772940785038473,-0.1693815086805997,-0.12624057294081836,0.10295527055087664,-0.23635342881147967
rkiper,-0.09054188311182017,3,0.13685692263404461,-0.374652795409683,-0.11315827037072933,0.3164302953247045,0.0027762997535984895,-0.15565330965836757,0.385704728631767,-0.4190166346470844,0.3084645579706802,0.08045118225952452,0.07246892349674619,-0.053251541818333054,0.09088427197357553,-0.38772940785038473,-0.1693815086805997,-0.12624057294081836,0.10295527055087664,-0.23635342881147967
rkiper,0.06731576149826664,4,-0.016923894741109412,-0.08145638392824334,-0.4460060357158674,0.15456365366366676,-0.23472536189272272,0.046446626252888146,0.042202366026351544,0.07813495720465315,-0.16656082463272412,0.039733561484119724,-0.2728698387203029,-0.1866770365614629,0.0667213794458767,-0.20826229578675012,-0.5407707145297266,-0.4342624803568525,-0.10447375307856371,-0.1635348541383646
rkiper,0.2273795764217612,4,-0.016923894741109412,-0.08145638392824334,-0.4460060357158674,0.15456365366366676,-0.23472536189272272,0.046446626252888146,0.042202366026351544,0.07813495720465315,-0.16656082463272412,0.039733561484119724,-0.2728698387203029,-0.1866770365614629,0.0667213794458767,-0.20826229578675012,-0.5407707145297266,-0.4342624803568525,-0.10447375307856371,-0.1635348541383646
rkiper,-0.014326496612952298,4,-0.016923894741109412,-0.08145638392824334,-0.4460060357158674,0.15456365366366676,-0.23472536189272272,0.046446626252888146,0.042202366026351544,0.07813495720465315,-0.16656082463272412,0.039733561484119724,-0.2728698387203029,-0.1866770365614629,0.0667213794458767,-0.20826229578675012,-0.5407707145297266,-0.4342624803568525,-0.10447375307856371,-0.1635348541383646
rkiper,0.005620789058608252,4,0.45571445919470394,0.3511497118759769,-0.24085780636192947,-0.19554962846659785,-0.08388429181630808,-0.18204126546269556,0.34467346351459743,0.48580743266085574,0.10249280718615973,-0.09015689632333805,0.03778806235879358,0.23904191007873468,0.025809468909199933,-0.21474195182677977,-0.09747630540336422,-0.17558596706774188,0.011929140018727837,-0.11543483802089306
rkiper,-0.05851660943197163,4,0.45571445919470394,0.3511497118759769,-0.24085780636192947,-0.19554962846659785,-0.08388429181630808,-0.18204126546269556,0.34467346351459743,0.48580743266085574,0.10249280718615973,-0.09015689632333805,0.03778806235879358,0.23904191007873468,0.025809468909199933,-0.21474195182677977,-0.09747630540336422,-0.17558596706774188,0.011929140018727837,-0.11543483802089306
rkiper,0.03511061432813701,4,0.1437294876349987,-0.3728615919099305,-0.183363278633831,0.3691745112737755,-0.14764705878871545,-0.09664205178546847,0.5233822730880606,-0.4119068815615981,0.05390024441201867,0.07745365724590669,-0.13058175961770355,0.23847204696306235,0.029553615872808955,-0.20591762791632182,-0.13558166195379984,-0.0825914333362108,0.10422150704735164,-0.18303653812915505
rkiper,-0.13146029799081876,4,0.1437294876349987,-0.3728615919099305,-0.183363278633831,0.3691745112737755,-0.14764705878871545,-0.09664205178546847,0.5233822730880606,-0.4119068815615981,0.05390024441201867,0.07745365724590669,-0.13058175961770355,0.23847204696306235,0.029553615872808955,-0.20591762791632182,-0.13558166195379984,-0.0825914333362108,0.10422150704735164,-0.18303653812915505
rkiper,-0.1982886619905413,4,-0.021245711249222032,0.050039922312778276,0.4129194786399398,-0.12753977761181148,0.3747475041964789,-0.1351346793192749,-0.0391160425500811,-0.08996719976058842,0.20457462170782137,-0.0026467535769278336,0.31551883939604924,0.1332144229966879,-0.04370637506711661,-0.006733511157552429,0.5562904727755328,0.33743602598107186,0.12063779796847646,0.2072854815421275
rkiper,-0.2748285721879285,4,-0.021245711249222032,0.050039922312778276,0.4129194786399398,-0.12753977761181148,0.3747475041964789,-0.1351346793192749,-0.0391160425500811,-0.08996719976058842,0.20457462170782137,-0.0026467535769278336,0.31551883939604924,0.1332144229966879,-0.04370637506711661,-0.006733511157552429,0.5562904727755328,0.33743602598107186,0.12063779796847646,0.2072854815421275
rkiper,-0.09659712971826959,5,0.14089870581564232,0.1816827696735085,0.4176663499472998,-0.22634003496120003,0.23668030810876586,0.034886094133745264,0.02078355217874275,-0.010383855021253411,0.15960294260001243,-0.017706168529810582,0.25905118088314905,0.20184832881718295,-0.05913439470011789,0.1893333185722081,0.5202732472071885,0.41970564021864115,0.13697981093676656,0.15845551266836164
rkiper,-0.2127146543193083,5,0.14089870581564232,0.1816827696735085,0.4176663499472998,-0.22634003496120003,0.23668030810876586,0.034886094133745264,0.02078355217874275,-0.010383855021253411,0.15960294260001243,-0.017706168529810582,0.25905118088314905,0.20184832881718295,-0.05913439470011789,0.1893333185722081,0.5202732472071885,0.41970564021864115,0.13697981093676656,0.15845551266836164
rkiper,0.01378095450474277,5,0.3924149394234049,0.3912766210063868,0.03958077226837413,-0.2197758468185474,-0.07154601662144061,0.5650906002516654,0.29892832480796944,0.356143488788277,0.12023173115174271,-0.07553826578387826,-0.008252565396477505,0.188480772814927,-0.10516735118941188,0.07063571080910148,0.00868480647466981,-0.1691231917923846,0.0022442170442564502,-0.04376090405490045
rkiper,-0.19134309878894679,5,0.3924149394234049,0.3912766210063868,0.03958077226837413,-0.2197758468185474,-0.07154601662144061,0.5650906002516654,0.29892832480796944,0.356143488788277,0.12023173115174271,-0.07553826578387826,-0.008252565396477505,0.188480772814927,-0.10516735118941188,0.07063571080910148,0.00868480647466981,-0.1691231917923846,0.0022442170442564502,-0.04376090405490045
rkiper,-0.10526457197511063,5,0.3924149394234049,0.3912766210063868,0.03958077226837413,-0.2197758468185474,-0.07154601662144061,0.5650906002516654,0.29892832480796944,0.356143488788277,0.12023173115174271,-0.07553826578387826,-0.008252565396477505,0.188480772814927,-0.10516735118941188,0.07063571080910148,0.00868480647466981,-0.1691231917923846,0.0022442170442564502,-0.04376090405490045
rkiper,-0.20049269747523793,5,0.3924149394234049,0.3912766210063868,0.03958077226837413,-0.2197758468185474,-0.07154601662144061,0.5650906002516654,0.29892832480796944,0.356143488788277,0.12023173115174271,-0.07553826578387826,-0.008252565396477505,0.188480772814927,-0.10516735118941188,0.07063571080910148,0.00868480647466981,-0.1691231917923846,0.0022442170442564502,-0.04376090405490045
rkiper,-0.1365632322207256,5,0.17141682992611484,-0.27123787874741545,0.05243702281698399,0.23574672863578733,0.10956475008134194,-0.17984079500007497,0.4911089043796545,-0.4296144873273019,0.4900389692896507,0.041069122421160495,0.12351109163749484,0.07420483954395345,-0.18659188763833776,-0.14837439855317325,0.08655145363632656,-0.16717367542649866,0.11727509006396987,0.0026583677133908096
rkiper,-0.30119145557030064,5,0.04076656565655645,0.08992629761607428,0.418763614936144,-0.07127458912111119,0.3435656244548763,-0.10337327554171831,-0.034781172145504496,-0.05259358612506745,0.2539893804225377,-0.04494267255474048,0.22798329068345827,-0.14802327133020557,-0.05838420013753003,-0.0333307644285611,0.4825504063065177,0.5166004583838677,0.06319148850254624,0.16866434783632756
rkiper,-0.19699575512600997,6,0.24805174031110772,0.30021395165140485,0.41254806757968066,-0.21518919009490864,0.15014855039311764,0.16535292080749536,0.04925729116099224,0.06741712865115544,0.18771795059770324,-0.061576172169920694,0.16096853132992942,0.20789807347738815,-0.06253431084335945,0.24059306416084467,0.509253728149367,0.3492027015079298,0.10432105905241298,0.11340032147737093
rkiper,-0.19602000040874162,6,0.24805174031110772,0.30021395165140485,0.41254806757968066,-0.21518919009490864,0.15014855039311764,0.16535292080749536,0.04925729116099224,0.06741712865115544,0.18771795059770324,-0.061576172169920694,0.16096853132992942,0.20789807347738815,-0.06253431084335945,0.24059306416084467,0.509253728149367,0.3492027015079298,0.10432105905241298,0.11340032147737093
rkiper,-0.1104622822029309,6,0.24805174031110772,0.30021395165140485,0.41254806757968066,-0.21518919009490864,0.15014855039311764,0.16535292080749536,0.04925729116099224,0.06741712865115544,0.18771795059770324,-0.061576172169920694,0.16096853132992942,0.20789807347738815,-0.06253431084335945,0.24059306416084467,0.509253728149367,0.3492027015079298,0.10432105905241298,0.11340032147737093
rkiper,-0.20253935067013756,6,0.24805174031110772,0.30021395165140485,0.41254806757968066,-0.21518919009490864,0.15014855039311764,0.16535292080749536,0.04925729116099224,0.06741712865115544,0.18771795059770324,-0.061576172169920694,0.16096853132992942,0.20789807347738815,-0.06253431084335945,0.24059306416084467,0.509253728149367,0.3492027015079298,0.10432105905241298,0.11340032147737093
rkiper,-0.20562338489058257,6,0.24805174031110772,0.30021395165140485,0.41254806757968066,-0.21518919009490864,0.15014855039311764,0.16535292080749536,0.04925729116099224,0.06741712865115544,0.18771795059770324,-0.061576172169920694,0.16096853132992942,0.20789807347738815,-0.06253431084335945,0.24059306416084467,0.509253728149367,0.3492027015079298,0.10432105905241298,0.11340032147737093
rkiper,-0.09547126660800803,6,0.5253025384952464,0.3870284623404121,-0.15807382386229907,-0.2779179189641152,-0.14004746057498893,0.17370911675207548,0.3616939955634212,0.3577991280041221,0.08189434600503297,-0.1136210419482415,-0.01869333308891258,0.21273322514746168,0.12091281798663073,0.07577932160243228,-0.05163443457410584,-0.22797486796530902,-0.07378758939143576,-0.13320145805227337
rkiper,0.05978050235118653,6,0.043120942738065736,0.04442071343762613,-0.24560099312966832,-0.105582506405694,-0.15640958581415262,-0.09063369237262991,-0.1701238228358977,-0.13127421657076643,-0.3222209213117844,0.008628076692853556,-0.4048021549976059,-0.3736864313881259,0.38116098606612864,0.10258804850316773,-0.25599488841430434,-0.096940579057446,-0.40054255384723764,0.21740770579174382
rkiper,-0.03126053186469418,6,0.043120942738065736,0.04442071343762613,-0.24560099312966832,-0.105582506405694,-0.15640958581415262,-0.09063369237262991,-0.1701238228358977,-0.13127421657076643,-0.3222209213117844,0.008628076692853556,-0.4048021549976059,-0.3736864313881259,0.38116098606612864,0.10258804850316773,-0.25599488841430434,-0.096940579057446,-0.40054255384723764,0.21740770579174382
rkiper,0.02537152958684326,7,-0.1734146378588926,0.3414132741903211,0.3142830001476807,-0.2096506728537407,0.09589853769847634,0.23228594227280108,-0.1898269838468422,0.15091738518626846,0.46047717131013244,0.19604568135795497,0.4553852958540532,-0.0201079022566187,-0.2058667582309882,0.03780276609469149,0.06060641398077503,-0.016885386692141416,0.2812426388402755,-0.05961899491497398
rkiper,-0.06847925946428422,7,-0.1734146378588926,0.3414132741903211,0.3142830001476807,-0.2096506728537407,0.09589853769847634,0.23228594227280108,-0.1898269838468422,0.15091738518626846,0.46047717131013244,0.19604568135795497,0.4553852958540532,-0.0201079022566187,-0.2058667582309882,0.03780276609469149,0.06060641398077503,-0.016885386692141416,0.2812426388402755,-0.05961899491497398
rkiper,-0.026217376138150252,7,-0.1734146378588926,0.3414132741903211,0.3142830001476807,-0.2096506728537407,0.09589853769847634,0.23228594227280108,-0.1898269838468422,0.15091738518626846,0.46047717131013244,0.19604568135795497,0.4553852958540532,-0.0201079022566187,-0.2058667582309882,0.03780276609469149,0.06060641398077503,-0.016885386692141416,0.2812426388402755,-0.05961899491497398
rkiper,-0.22077471275095303,7,-0.1734146378588926,0.3414132741903211,0.3142830001476807,-0.2096506728537407,0.09589853769847634,0.23228594227280108,-0.1898269838468422,0.15091738518626846,0.46047717131013244,0.19604568135795497,0.4553852958540532,-0.0201079022566187,-0.2058667582309882,0.03780276609469149,0.06060641398077503,-0.016885386692141416,0.2812426388402755,-0.05961899491497398
rkiper,-0.12795268833759196,8,-0.270042877652122,0.27591638456669787,0.41436739156300795,-0.2522204570412116,0.17391374302172516,0.12603773410808927,-0.1681976668993184,0.10236802486920607,0.10740608835107619,-0.0786176996637754,0.11435640833409971,0.20390585772759842,-0.33532060495216526,0.23212334198101525,0.45233464822408437,0.18185954893849882,0.19585683688228425,0.126482999591605
rkiper,-0.11890814954754732,8,0.0007026950338652631,0.537745064868608,-0.0781524072605096,-0.35800757113205023,-0.07303290091346369,-0.1495046503257973,0.04416581668253293,0.5070107530842104,0.16033425850044095,-0.10838661893098782,-0.10027974030049071,-0.030178854761841567,-0.39953463844902554,0.08772457068258896,0.03299532035498997,-0.2338132734471527,0.08783672793735597,-0.10314496539195375
rkiper,-0.26432314840209203,8,0.0007026950338652631,0.537745064868608,-0.0781524072605096,-0.35800757113205023,-0.07303290091346369,-0.1495046503257973,0.04416581668253293,0.5070107530842104,0.16033425850044095,-0.10838661893098782,-0.10027974030049071,-0.030178854761841567,-0.39953463844902554,0.08772457068258896,0.03299532035498997,-0.2338132734471527,0.08783672793735597,-0.10314496539195375
rkiper,-0.13493914117754258,8,-0.20026449328613927,-0.3331156654415013,-0.3478033686673796,0.31639735168705413,-0.3340652833789746,0.11070052332061683,-0.06489449921685957,-0.05048629115585181,-0.49919013849312954,-0.06951275679218832,-0.36271025640048427,0.18867679940001153,-0.05121619070357185,0.0334679198194018,-0.1494530681207694,-0.13619000851250548,-0.12454021028341732,-0.12617984561709836
rkiper,0.11375018092402986,8,-0.03741354091891788,0.2769624935424365,0.44786370424031313,-0.31888946158971593,0.3459586372704934,-0.15341694284734936,-0.24000262647176568,0.22604622139004335,0.41159804864154836,-0.05737921821219812,0.3055775847305283,-0.0010617659188175955,-0.006258749118070337,0.06022298326819417,0.21914557928257278,0.12751495355781456,-0.0029083310786235175,0.18345005739014922
rkiper,-0.0734441409897758,8,-0.03741354091891788,0.2769624935424365,0.44786370424031313,-0.31888946158971593,0.3459586372704934,-0.15341694284734936,-0.24000262647176568,0.22604622139004335,0.41159804864154836,-0.05737921821219812,0.3055775847305283,-0.0010617659188175955,-0.006258749118070337,0.06022298326819417,0.21914557928257278,0.12751495355781456,-0.0029083310786235175,0.18345005739014922
rkiper,-0.1397169330961031,9,-0.2576618457072367,0.27674825890884136,0.39337514347347496,-0.22282923120186768,0.13693999931625653,0.19384775236642415,-0.1345225642350888,0.15972771066205796,0.12095886671460705,-0.10118519665384944,0.15830767483499097,0.18079832528137224,-0.38299649524821633,0.29586636871170635,0.4112768011473116,0.18511119783594354,0.1401614161106053,0.11306225599422927
rkiper,0.06780980797997457,9,0.044089743495399424,-0.2869723369541656,0.011946676605351321,0.20269913406836051,0.042473600873191054,-0.49891984927359373,0.010240816150761792,-0.4462197707475535,-0.1047541235967213,0.12382053269245676,-0.051685933922152476,-0.26285209815741944,0.4653385780342871,-0.18676596253285405,-0.08395270265413086,0.2371922998471726,-0.10655931517659618,0.019469704915489994
rkiper,0.2544099762467642,9,0.044089743495399424,-0.2869723369541656,0.011946676605351321,0.20269913406836051,0.042473600873191054,-0.49891984927359373,0.010240816150761792,-0.4462197707475535,-0.1047541235967213,0.12382053269245676,-0.051685933922152476,-0.26285209815741944,0.4653385780342871,-0.18676596253285405,-0.08395270265413086,0.2371922998471726,-0.10655931517659618,0.019469704915489994
rkiper,-0.161036976016583,9,-0.29204343163313023,-0.4498644709999916,-0.01118760985912459,0.3387952086981841,0.018821796263522022,-0.2613151618052373,-0.037648955064300604,0.36332002810377656,-0.013069061276153211,-0.339333415920116,0.12559656576309883,0.302911098143864,-0.3007543732960214,0.10143215329346462,-0.05013582441791577,-0.23314806881526678,0.057617547162476974,-0.10763734316363954
rkiper,-0.25201796781915153,9,-0.29204343163313023,-0.4498644709999916,-0.01118760985912459,0.3387952086981841,0.018821796263522022,-0.2613151618052373,-0.037648955064300604,0.36332002810377656,-0.013069061276153211,-0.339333415920116,0.12559656576309883,0.302911098143864,-0.3007543732960214,0.10143215329346462,-0.05013582441791577,-0.23314806881526678,0.057617547162476974,-0.10763734316363954
rkiper,-0.13542030322362417,9,-0.22584799075880052,-0.30815614332417407,0.1479920666036088,0.2654305433678286,0.13623622581135758,-0.017122936976886122,0.22098660827904149,-0.169669105137394,0.4462998760027309,-0.06799801650267642,0.22122748261479872,0.21619709083530522,-0.4686054040997674,-0.013605764991801671,0.1541693601983336,-0.18890501403254337,0.29335539938085725,-0.020599567803693937
rkiper,-0.1025093894477204,9,-0.2878461342325191,0.12510694801125644,0.42668417426221583,-0.10796023480207863,0.3242585525897401,-0.10477473100924832,-0.15428970837251013,0.08720480303243848,0.15620588206143543,-0.11753690151750162,0.23512966855962653,0.14628654830875681,-0.29890583590685255,0.1636177633044431,0.4401957110252446,0.3102925123311109,0.12393530754423619,0.1543264649868671
rkiper,-0.1120116268934175,10,-0.164430048530879,0.3208207907391658,0.373819981925063,-0.22277184713939938,0.10749483360076222,0.28573099295301146,-0.09111856050448645,0.2549737619077242,0.1722771887659736,-0.14911463309787337,0.15257729867477643,0.18598608130193456,-0.3849273744577472,0.32549235404711335,0.3574500887730724,0.0646026525589587,0.09919321702525175,0.09205203133740408
rkiper,-0.3322837446713261,10,-0.08789327711284443,-0.2066020256008945,-0.013629267343745626,0.2280424835500949,-0.13737266594647424,0.5005784049925267,-0.2424032116248965,0.3520627341163936,-0.1109207185232994,0.525748334527141,-0.06907451434590045,0.16786397535267192,-0.11435485010404262,0.23450590067377414,0.0036957788015968378,-0.1449643822697249,-0.18514265052358886,-0.014257209310725646
rkiper,0.004348719424065255,10,-0.05849271193104268,-0.14461880742461042,-0.020440339643915926,0.14255004417446618,-0.08041849991586686,0.26472559417730324,-0.08335074309863183,0.13083706898039352,-0.0690532863491029,0.8992083701467587,-0.04544899197607372,0.09133458618507817,-0.054831941104561945,0.10803965759249497,-0.006643347895495441,-0.07732889849701911,-0.09896753579828313,-0.007998646045941735
rkiper,-0.02648499337952535,10,-0.05849271193104268,-0.14461880742461042,-0.020440339643915926,0.14255004417446618,-0.08041849991586686,0.26472559417730324,-0.08335074309863183,0.13083706898039352,-0.0690532863491029,0.8992083701467587,-0.04544899197607372,0.09133458618507817,-0.054831941104561945,0.10803965759249497,-0.006643347895495441,-0.07732889849701911,-0.09896753579828313,-0.007998646045941735
rkiper,-0.03128257187777579,10,-0.05849271193104268,-0.14461880742461042,-0.020440339643915926,0.14255004417446618,-0.08041849991586686,0.26472559417730324,-0.08335074309863183,0.13083706898039352,-0.0690532863491029,0.8992083701467587,-0.04544899197607372,0.09133458618507817,-0.054831941104561945,0.10803965759249497,-0.006643347895495441,-0.07732889849701911,-0.09896753579828313,-0.007998646045941735
rkiper,-0.44284628731679854,10,-0.05849271193104268,-0.14461880742461042,-0.020440339643915926,0.14255004417446618,-0.08041849991586686,0.26472559417730324,-0.08335074309863183,0.13083706898039352,-0.0690532863491029,0.8992083701467587,-0.04544899197607372,0.09133458618507817,-0.054831941104561945,0.10803965759249497,-0.006643347895495441,-0.07732889849701911,-0.09896753579828313,-0.007998646045941735
rkiper,-0.1567353734359714,10,-0.15418583779556802,-0.3642201664125727,-0.01236275502404166,0.35891853152692754,-0.10978824873580653,0.4655934130468794,0.2369186071957399,-0.25163867681024454,0.1315043509066745,-0.040927355751629736,0.030852046467477988,0.22343521042574138,-0.4230212591296062,0.16213178454760302,0.18455452874782366,-0.2090767543305588,0.1101294861115558,0.03650560046622729
rkiper,-0.16728176828311558,10,-0.2981422371971661,0.05209575491777174,0.35821968245978597,-0.04477283920276759,0.3565184299549976,-0.05160689312287613,-0.15292705339934776,0.07264247014845508,0.16648647157539664,-0.13819143448737073,0.16104961591470612,0.1721487956290335,-0.3289805801175996,-0.06139201631271889,0.48434628741131386,0.33932336088100895,0.1235726460361727,0.2006318565334434
rkiper,0.04808590757365663,11,-0.14569198655861854,0.2930487734331815,0.21895228462534158,-0.2118332554765058,0.09009115616332383,0.11876078211938688,-0.06759652730551982,0.253778509717835,0.13786446312443673,-0.2548312359810174,0.06751956724290008,0.17145326068995864,-0.40342330536992876,0.24456332823171759,0.3044494848551808,0.5104168269941605,0.09502816680975756,0.07862584228226968
rkiper,-0.11401995093769624,11,-0.14569198655861854,0.2930487734331815,0.21895228462534158,-0.2118332554765058,0.09009115616332383,0.11876078211938688,-0.06759652730551982,0.253778509717835,0.13786446312443673,-0.2548312359810174,0.06751956724290008,0.17145326068995864,-0.40342330536992876,0.24456332823171759,0.3044494848551808,0.5104168269941605,0.09502816680975756,0.07862584228226968
rkiper,0.002655079322340931,11,-0.07829198801506672,-0.10620605797980265,0.004434466061312228,0.0929830788704731,-0.0019716500860127717,-0.07064845262611534,-0.08318098528797117,0.16858863295678894,-0.06707864380663031,0.9398835836861338,-0.0362560101250126,0.08124203526030568,-0.11533078856420717,0.12886681821751966,0.027404071128864768,-0.08185195742562214,-0.020371247488337473,0.004449985937553015
rkiper,-0.017352092295897164,11,-0.07829198801506672,-0.10620605797980265,0.004434466061312228,0.0929830788704731,-0.0019716500860127717,-0.07064845262611534,-0.08318098528797117,0.16858863295678894,-0.06707864380663031,0.9398835836861338,-0.0362560101250126,0.08124203526030568,-0.11533078856420717,0.12886681821751966,0.027404071128864768,-0.08185195742562214,-0.020371247488337473,0.004449985937553015
rkiper,-0.40712651696391533,11,-0.07829198801506672,-0.10620605797980265,0.004434466061312228,0.0929830788704731,-0.0019716500860127717,-0.07064845262611534,-0.08318098528797117,0.16858863295678894,-0.06707864380663031,0.9398835836861338,-0.0362560101250126,0.08124203526030568,-0.11533078856420717,0.12886681821751966,0.027404071128864768,-0.08185195742562214,-0.020371247488337473,0.004449985937553015
rkiper,-0.12626132292658251,11,-0.30832891356999914,-0.3362150930662683,0.15501428919972013,0.33063403364234173,0.17509266320454495,-0.1154980957258651,0.05324419846462307,-0.14867339778165048,0.3213520316034182,-0.06215129727069765,0.13135268944525264,0.2073588405848775,-0.5116618448544933,0.1675026800149351,0.2106222427872464,-0.2077736900431555,0.18553298901592902,0.10206947140358952
rkiper,-0.299911637117904,11,-0.3537745899199799,0.006780633434725429,0.4483958109449094,0.03317044490377634,0.2991839162211408,-0.11832251670692244,-0.1470902003975779,0.05695989437716015,0.14276992547076403,-0.12544636779605947,0.18027850056306355,0.1368773836155205,-0.2673692657601207,0.08792143966306122,0.4455793928889923,0.3867938018978223,0.06565303251065575,0.15878988243355066
rkiper,0.04497880016947346,12,-0.19571486897636467,0.12014829466478827,0.22870298874932346,-0.021521218645493976,0.02667882059582278,0.1480862142045779,-0.10136328065340401,0.25645278063370414,0.09381756329107595,-0.22965530102831477,0.03235559329330333,0.18994984728599704,-0.38555305882709484,0.39089577581595897,0.30554913475473816,0.5441902872577324,0.03201687409273342,0.07181792919210016
rkiper,-0.10524174477419788,12,-0.19571486897636467,0.12014829466478827,0.22870298874932346,-0.021521218645493976,0.02667882059582278,0.1480862142045779,-0.10136328065340401,0.25645278063370414,0.09381756329107595,-0.22965530102831477,0.03235559329330333,0.18994984728599704,-0.38555305882709484,0.39089577581595897,0.30554913475473816,0.5441902872577324,0.03201687409273342,0.07181792919210016
rkiper,-0.07300333401944435,12,-0.15810527400316537,-0.20840438906490621,-0.1735109439874603,0.18430433168442834,-0.18833099144039225,-0.08248925119108065,-0.13927442343489227,0.08617118292934106,-0.24024550777273246,0.7768848009056878,-0.2487670441113558,0.08607341686120058,-0.051240965316451656,0.19673923209396857,-0.022884262268889413,-0.026388779429974918,-0.15900864937640719,0.001725979012525091
rkiper,-0.27018461287567447,12,-0.15810527400316537,-0.20840438906490621,-0.1735109439874603,0.18430433168442834,-0.18833099144039225,-0.08248925119108065,-0.13927442343489227,0.08617118292934106,-0.24024550777273246,0.7768848009056878,-0.2487670441113558,0.08607341686120058,-0.051240965316451656,0.19673923209396857,-0.022884262268889413,-0.026388779429974918,-0.15900864937640719,0.001725979012525091
rkiper,0.02927606424752684,12,-0.1346607284446233,-0.25862032852662553,-0.36756629157096893,0.24589621413014462,-0.27664453765276953,-0.08822152781883877,0.11203873450058714,-0.16481256202816477,-0.33735038188419536,-0.0023538808080090503,-0.26226373659141494,0.14134138171799035,-0.2102852965689741,0.32157408910112933,0.008747219653756669,0.488654721956364,-0.07807617098810107,-0.01499584171245543
rkiper,-0.1276568272436254,12,-0.1346607284446233,-0.25862032852662553,-0.36756629157096893,0.24589621413014462,-0.27664453765276953,-0.08822152781883877,0.11203873450058714,-0.16481256202816477,-0.33735038188419536,-0.0023538808080090503,-0.26226373659141494,0.14134138171799035,-0.2102852965689741,0.32157408910112933,0.008747219653756669,0.488654721956364,-0.07807617098810107,-0.01499584171245543
rkiper,-0.37795986096008327,12,-0.28954203210407803,0.13207663986250412,0.3599143851770861,-0.14489019569648817,0.2819833852603191,-0.10636367758932834,-0.17644204076523046,0.16181755526059818,0.051529208693331316,-0.15415180455586586,0.18399924124711378,0.1359387009235294,-0.24190764774465634,0.0934138472160116,0.43982170533987436,0.4715977712477897,0.12894616416641516,0.14687345950604058
rkiper,0.0004319867223713803,13,-0.08890648791840589,0.23504419309497937,0.269777348030326,-0.19588810840805934,0.069729190505984,0.22872915021854248,-0.07968390937975606,0.29543844604415714,0.09753786781252165,-0.09784538453174577,0.0930770665717205,0.1583665661846621,-0.3603518135115138,0.37427728666315124,0.25328751579900766,0.5330662397733947,0.044255126253955744,0.042953823953664934
rkiper,-0.11747623883774116,13,-0.08890648791840589,0.23504419309497937,0.269777348030326,-0.19588810840805934,0.069729190505984,0.22872915021854248,-0.07968390937975606,0.29543844604415714,0.09753786781252165,-0.09784538453174577,0.0930770665717205,0.1583665661846621,-0.3603518135115138,0.37427728666315124,0.25328751579900766,0.5330662397733947,0.044255126253955744,0.042953823953664934
rkiper,-0.04348948449363596,13,-0.09017130112977784,-0.18711796387745838,0.0866893535907758,0.1716200264871995,0.003989245860665921,-0.0835564348504012,-0.0842595423726634,0.1414911004619286,-0.0021700867760838663,0.9001943926048496,-0.004003321246032248,0.08416274911391575,-0.10449619885702865,0.20535756416464324,0.050473723479904045,-0.1021757166477944,-0.044989410498482416,0.014621161081803844
rkiper,-0.4395242945370697,13,-0.09017130112977784,-0.18711796387745838,0.0866893535907758,0.1716200264871995,0.003989245860665921,-0.0835564348504012,-0.0842595423726634,0.1414911004619286,-0.0021700867760838663,0.9001943926048496,-0.004003321246032248,0.08416274911391575,-0.10449619885702865,0.20535756416464324,0.050473723479904045,-0.1021757166477944,-0.044989410498482416,0.014621161081803844
rkiper,-0.13414372285030743,13,-0.18769137048924783,-0.36775856203207447,0.12330735435478946,0.3153710630700984,0.0397060481999384,0.009427445737096918,0.1763552840030415,-0.2667926832396889,0.40756160881843856,0.00584000142883636,0.09927212648665777,0.1934452434333172,-0.43757703930936237,0.20814045655811456,0.19000689149727715,0.3453411894509954,0.03291304315675011,0.07910677698532595
rkiper,-0.10846893115370741,13,-0.3162690503971927,0.20058192452922508,0.28307958778078807,-0.1512357201350119,0.34650479151637825,0.047210537362441615,-0.19358709974076607,0.09949934166479375,0.074205707740827,-0.12811971415603843,0.13610936148447045,0.15047915500506326,-0.2942615594875046,0.26063452847042934,0.37731330096856064,0.4640624279490417,0.03419132993385299,0.10278412869493307
rkiper,-0.15709644666920175,13,-0.24455497260394357,-0.01883911428455287,-0.16265143747110636,0.006264982372768841,0.5888388629496571,0.21947315622095792,-0.3011640080149491,0.06982682088315877,-0.1946285637814687,-0.06051269558654796,-0.18511711309471698,0.033580845788840456,0.03508805597685031,0.3025320765933773,-0.09757664105376904,0.24333989425959862,0.42925246918496407,-0.013412541968686489
rkiper,-0.03537485023474863,13,-0.24455497260394357,-0.01883911428455287,-0.16265143747110636,0.006264982372768841,0.5888388629496571,0.21947315622095792,-0.3011640080149491,0.06982682088315877,-0.1946285637814687,-0.06051269558654796,-0.18511711309471698,0.033580845788840456,0.03508805597685031,0.3025320765933773,-0.09757664105376904,0.24333989425959862,0.42925246918496407,-0.013412541968686489
rkiper,-0.2006405023762009,13,-0.24455497260394357,-0.01883911428455287,-0.16265143747110636,0.006264982372768841,0.5888388629496571,0.21947315622095792,-0.3011640080149491,0.06982682088315877,-0.1946285637814687,-0.06051269558654796,-0.18511711309471698,0.033580845788840456,0.03508805597685031,0.3025320765933773,-0.09757664105376904,0.24333989425959862,0.42925246918496407,-0.013412541968686489
peppe,0.9859776101213713,1,-0.025698693486971017,-0.04981976988023732,0.03381173794165443,0.06464446004359549,-0.021681531593679873,-0.04433625319794567,-0.024704353669448,-0.0480954209305976,0.03148721560647956,-0.9848200770610409,0.0877494440654313,-0.015022872438092416,-0.04375360188893178,-0.032372486534947856,-0.007439918776066201,0.0491267790004191,-0.035256458363831136,0.026726658899207226
peppe,-0.06801157010758448,1,-0.025698693486971017,-0.04981976988023732,0.03381173794165443,0.06464446004359549,-0.021681531593679873,-0.04433625319794567,-0.024704353669448,-0.0480954209305976,0.03148721560647956,-0.9848200770610409,0.0877494440654313,-0.015022872438092416,-0.04375360188893178,-0.032372486534947856,-0.007439918776066201,0.0491267790004191,-0.035256458363831136,0.026726658899207226
peppe,0.007826987080128418,1,0.052989739635743424,0.07885317369170669,-0.06838280375281816,-0.10038330369914418,0.042005221803010334,0.054636855757580226,0.02049951590210377,0.07103356486635418,-0.08036940588110231,0.9513279634933435,-0.17701821985797928,0.010846667507221758,0.10156308921349129,0.04301200659303167,0.018169347881842823,-0.07772583526944447,0.055810480976821134,-0.03764381333796454
peppe,0.009755928891755236,1,0.052989739635743424,0.07885317369170669,-0.06838280375281816,-0.10038330369914418,0.042005221803010334,0.054636855757580226,0.02049951590210377,0.07103356486635418,-0.08036940588110231,0.9513279634933435,-0.17701821985797928,0.010846667507221758,0.10156308921349129,0.04301200659303167,0.018169347881842823,-0.07772583526944447,0.055810480976821134,-0.03764381333796454
peppe,0.016825556752559714,1,0.052989739635743424,0.07885317369170669,-0.06838280375281816,-0.10038330369914418,0.042005221803010334,0.054636855757580226,0.02049951590210377,0.07103356486635418,-0.08036940588110231,0.9513279634933435,-0.17701821985797928,0.010846667507221758,0.10156308921349129,0.04301200659303167,0.018169347881842823,-0.07772583526944447,0.055810480976821134,-0.03764381333796454
peppe,-0.001962224405140095,1,0.052989739635743424,0.07885317369170669,-0.06838280375281816,-0.10038330369914418,0.042005221803010334,0.054636855757580226,0.02049951590210377,0.07103356486635418,-0.08036940588110231,0.9513279634933435,-0.17701821985797928,0.010846667507221758,0.10156308921349129,0.04301200659303167,0.018169347881842823,-0.07772583526944447,0.055810480976821134,-0.03764381333796454
peppe,-0.3308980898176171,1,0.052989739635743424,0.07885317369170669,-0.06838280375281816,-0.10038330369914418,0.042005221803010334,0.054636855757580226,0.02049951590210377,0.07103356486635418,-0.08036940588110231,0.9513279634933435,-0.17701821985797928,0.010846667507221758,0.10156308921349129,0.04301200659303167,0.018169347881842823,-0.07772583526944447,0.055810480976821134,-0.03764381333796454
peppe,-0.3309054954515781,1,0.052989739635743424,0.07885317369170669,-0.06838280375281816,-0.10038330369914418,0.042005221803010334,0.054636855757580226,0.02049951590210377,0.07103356486635418,-0.08036940588110231,0.9513279634933435,-0.17701821985797928,0.010846667507221758,0.10156308921349129,0.04301200659303167,0.018169347881842823,-0.07772583526944447,0.055810480976821134,-0.03764381333796454
peppe,0.010896617822196832,1,-0.3945145613063739,0.4564857872256666,0.20140430978036028,-0.42941463701421045,-0.09216448423095681,0.22334824793043273,-0.17571955745356532,0.25720422109356406,0.18735045514648088,-0.10881507098403657,0.22515266706081982,-0.1096076126904989,0.07135108665246363,-0.006092741767608143,0.3314824850530664,-0.14170300031505847,-0.03518944574037301,-0.09814792384058199
peppe,-0.049794712234162763,1,-0.3945145613063739,0.4564857872256666,0.20140430978036028,-0.42941463701421045,-0.09216448423095681,0.22334824793043273,-0.17571955745356532,0.25720422109356406,0.18735045514648088,-0.10881507098403657,0.22515266706081982,-0.1096076126904989,0.07135108665246363,-0.006092741767608143,0.3314824850530664,-0.14170300031505847,-0.03518944574037301,-0.09814792384058199
peppe,0.1384221569633433,1,-0.08432434742189869,0.2924676970745068,-0.1605533261888542,-0.3589059565304635,-0.09095665576124229,0.4246222758904429,-0.04205234915838909,0.15627593591639438,-0.17978821466292588,-0.1929714824999915,-0.1838574439910898,0.5347057161036283,0.3142354797384698,-0.04416904217548329,-0.14897588437361547,-0.01066311146436075,0.07639471371704969,0.14099421508588741
peppe,0.026191899494281204,1,0.282108697770959,-0.20572789956957316,0.33059382240816104,0.20796322458462016,0.014284999525813013,0.16697753846515492,-0.2591143054705207,-0.37380076934285095,-0.1580810942677966,0.03689117864727167,-0.152848054974764,-0.09521835702732918,0.08205401135422727,-0.4570789193855033,-0.14520686961564724,0.4253204448943744,0.041722903110391604,-0.11153460051669525
peppe,-0.08595729821608182,1,0.282108697770959,-0.20572789956957316,0.33059382240816104,0.20796322458462016,0.014284999525813013,0.16697753846515492,-0.2591143054705207,-0.37380076934285095,-0.1580810942677966,0.03689117864727167,-0.152848054974764,-0.09521835702732918,0.08205401135422727,-0.4570789193855033,-0.14520686961564724,0.4253204448943744,0.041722903110391604,-0.11153460051669525
peppe,-0.10228086968985135,2,0.1945575224801475,0.11795069444960737,-0.5420873719495055,-0.08739625282572552,0.07814251898798039,0.2607493094382801,0.44201286381232313,0.15582391276643626,-0.21324391828738087,-0.18288058209310953,-0.3929218542994962,0.14743872730590596,0.03654871217683656,0.26601013183369776,-0.049973390953864744,-0.03110930478961217,0.05094504733518645,0.14065382360078393
peppe,0.07128577289072321,2,-0.2929155913336453,0.3082939872959377,-0.29602761141991724,-0.31840468563578533,-0.042368859529688135,-0.06591269262156092,0.11137710839328317,0.3989647246819592,0.08941023748739053,-0.2608410073430752,0.21890437854904587,0.1414559095416085,-0.002050507655489515,0.3813535387329524,0.23164399195689828,-0.3260081458810411,-0.03285680540467575,-0.04481516665989453
peppe,0.0029245095433040125,2,-0.2929155913336453,0.3082939872959377,-0.29602761141991724,-0.31840468563578533,-0.042368859529688135,-0.06591269262156092,0.11137710839328317,0.3989647246819592,0.08941023748739053,-0.2608410073430752,0.21890437854904587,0.1414559095416085,-0.002050507655489515,0.3813535387329524,0.23164399195689828,-0.3260081458810411,-0.03285680540467575,-0.04481516665989453
peppe,0.00018781428788295097,2,-0.2929155913336453,0.3082939872959377,-0.29602761141991724,-0.31840468563578533,-0.042368859529688135,-0.06591269262156092,0.11137710839328317,0.3989647246819592,0.08941023748739053,-0.2608410073430752,0.21890437854904587,0.1414559095416085,-0.002050507655489515,0.3813535387329524,0.23164399195689828,-0.3260081458810411,-0.03285680540467575,-0.04481516665989453
peppe,-0.03976135506145088,2,-0.2929155913336453,0.3082939872959377,-0.29602761141991724,-0.31840468563578533,-0.042368859529688135,-0.06591269262156092,0.11137710839328317,0.3989647246819592,0.08941023748739053,-0.2608410073430752,0.21890437854904587,0.1414559095416085,-0.002050507655489515,0.3813535387329524,0.23164399195689828,-0.3260081458810411,-0.03285680540467575,-0.04481516665989453
peppe,-0.02675891379475366,2,-0.2929155913336453,0.3082939872959377,-0.29602761141991724,-0.31840468563578533,-0.042368859529688135,-0.06591269262156092,0.11137710839328317,0.3989647246819592,0.08941023748739053,-0.2608410073430752,0.21890437854904587,0.1414559095416085,-0.002050507655489515,0.3813535387329524,0.23164399195689828,-0.3260081458810411,-0.03285680540467575,-0.04481516665989453
peppe,-0.0007221303987638974,2,-0.2929155913336453,0.3082939872959377,-0.29602761141991724,-0.31840468563578533,-0.042368859529688135,-0.06591269262156092,0.11137710839328317,0.3989647246819592,0.08941023748739053,-0.2608410073430752,0.21890437854904587,0.1414559095416085,-0.002050507655489515,0.3813535387329524,0.23164399195689828,-0.3260081458810411,-0.03285680540467575,-0.04481516665989453
peppe,-0.00438322232254426,2,-0.2929155913336453,0.3082939872959377,-0.29602761141991724,-0.31840468563578533,-0.042368859529688135,-0.06591269262156092,0.11137710839328317,0.3989647246819592,0.08941023748739053,-0.2608410073430752,0.21890437854904587,0.1414559095416085,-0.002050507655489515,0.3813535387329524,0.23164399195689828,-0.3260081458810411,-0.03285680540467575,-0.04481516665989453
peppe,-0.1218593456969951,3,0.21974280802878207,0.012298734887316476,-0.2667753275810176,-0.06217772730369456,0.09509089457106201,0.26608904035501774,0.35870136697789345,0.17244372176695835,-0.23756233330417634,-0.16406523348246604,-0.43075251803895215,0.1498580389267946,-0.01954046695708482,-0.012886824066153983,0.016990367276793723,0.5069059439178488,-0.023532504260733177,0.297615719872211
peppe,0.10320140039021843,3,-0.1950317607850119,0.2554346178566127,0.15022972617586422,-0.26713771006395737,-0.0346505292584378,0.17224427539797682,-0.4257077202132376,0.36457531713696817,0.2531644330778389,-0.12445277362838927,0.2509137392578193,0.18381769560384623,-0.24118150992511797,0.12631749130721054,0.17037116499929322,0.0030683394720965214,-0.12252893994761296,0.40406951775742816
peppe,-0.08619171847457165,3,-0.1950317607850119,0.2554346178566127,0.15022972617586422,-0.26713771006395737,-0.0346505292584378,0.17224427539797682,-0.4257077202132376,0.36457531713696817,0.2531644330778389,-0.12445277362838927,0.2509137392578193,0.18381769560384623,-0.24118150992511797,0.12631749130721054,0.17037116499929322,0.0030683394720965214,-0.12252893994761296,0.40406951775742816
peppe,-0.07750435717413953,3,0.17393556791103632,-0.1711700416414097,-0.11084438073399246,0.14244592327899067,-0.7046058683284364,0.055788871568984065,0.2823452439416462,-0.22149348881449654,-0.13125558307282234,-0.022560105764973044,-0.0766105241908571,-0.0826167531734763,0.3286728065895887,-0.19817671807976278,-0.2667903418004438,0.13098978366025055,0.1150175801208775,-0.014626046052890251
peppe,-0.2250500640686247,3,0.17393556791103632,-0.1711700416414097,-0.11084438073399246,0.14244592327899067,-0.7046058683284364,0.055788871568984065,0.2823452439416462,-0.22149348881449654,-0.13125558307282234,-0.022560105764973044,-0.0766105241908571,-0.0826167531734763,0.3286728065895887,-0.19817671807976278,-0.2667903418004438,0.13098978366025055,0.1150175801208775,-0.014626046052890251
peppe,0.07240751337901657,3,-0.15996651902736692,0.12093376434247774,0.06989716776172111,-0.09367744413254972,-0.07403842972522953,-0.04882710919934514,-0.21433988994549305,0.12544464396756502,0.27736950078896555,0.005244659515724196,0.07884408847240269,0.010675822422649034,-0.3164653526861514,0.010884255754745192,0.04538038032246203,0.04521693008414636,0.8195091990441885,-0.1316098919974208
peppe,0.4853635667678692,3,-0.15996651902736692,0.12093376434247774,0.06989716776172111,-0.09367744413254972,-0.07403842972522953,-0.04882710919934514,-0.21433988994549305,0.12544464396756502,0.27736950078896555,0.005244659515724196,0.07884408847240269,0.010675822422649034,-0.3164653526861514,0.010884255754745192,0.04538038032246203,0.04521693008414636,0.8195091990441885,-0.1316098919974208
peppe,0.0012774761650798734,3,0.2836716173190381,-0.14727704703962097,-0.3859328346057978,0.10731576075422351,0.15868113749489174,-0.1174034462634763,0.3137000079850108,-0.052868295258307954,-0.2737962437540905,-0.019901481600747298,-0.23502731864704937,0.05628662535994241,0.44118439726608566,0.10910323053076314,-0.4177794680730675,-0.1090838081352431,0.1807104724222549,0.19443285553009573
peppe,0.00271596004901567,3,0.2836716173190381,-0.14727704703962097,-0.3859328346057978,0.10731576075422351,0.15868113749489174,-0.1174034462634763,0.3137000079850108,-0.052868295258307954,-0.2737962437540905,-0.019901481600747298,-0.23502731864704937,0.05628662535994241,0.44118439726608566,0.10910323053076314,-0.4177794680730675,-0.1090838081352431,0.1807104724222549,0.19443285553009573
peppe,0.008327211678617562,3,0.2836716173190381,-0.14727704703962097,-0.3859328346057978,0.10731576075422351,0.15868113749489174,-0.1174034462634763,0.3137000079850108,-0.052868295258307954,-0.2737962437540905,-0.019901481600747298,-0.23502731864704937,0.05628662535994241,0.44118439726608566,0.10910323053076314,-0.4177794680730675,-0.1090838081352431,0.1807104724222549,0.19443285553009573
peppe,-0.0772635786323349,3,0.2836716173190381,-0.14727704703962097,-0.3859328346057978,0.10731576075422351,0.15868113749489174,-0.1174034462634763,0.3137000079850108,-0.052868295258307954,-0.2737962437540905,-0.019901481600747298,-0.23502731864704937,0.05628662535994241,0.44118439726608566,0.10910323053076314,-0.4177794680730675,-0.1090838081352431,0.1807104724222549,0.19443285553009573
peppe,-8.932879354764635e-05,3,0.2836716173190381,-0.14727704703962097,-0.3859328346057978,0.10731576075422351,0.15868113749489174,-0.1174034462634763,0.3137000079850108,-0.052868295258307954,-0.2737962437540905,-0.019901481600747298,-0.23502731864704937,0.05628662535994241,0.44118439726608566,0.10910323053076314,-0.4177794680730675,-0.1090838081352431,0.1807104724222549,0.19443285553009573
peppe,-0.00829053304811201,3,0.2836716173190381,-0.14727704703962097,-0.3859328346057978,0.10731576075422351,0.15868113749489174,-0.1174034462634763,0.3137000079850108,-0.052868295258307954,-0.2737962437540905,-0.019901481600747298,-0.23502731864704937,0.05628662535994241,0.44118439726608566,0.10910323053076314,-0.4177794680730675,-0.1090838081352431,0.1807104724222549,0.19443285553009573
bigw,-0.05976524858349525,1,-0.20986277059800634,0.17303561841596216,-0.4384952502757006,0.10704714625330732,0.15883562193436637,0.1944470781946958,0.07848646579296203,0.1304218606017896,0.08518670989869198,-0.09281893463193686,0.10236687643654813,0.06336683441863077,-0.48035552516879104,-0.07309320636840735,-0.4014467761882623,-0.4374416225754236,0.022856025229035768,-0.1287754339404445
bigw,0.01923261593510395,1,0.05793488188807776,-0.16717200070752258,-0.14996746987724294,0.08263092482245303,0.17027618408165673,0.0800291954327208,-0.09787085826800583,-0.27302830134933376,-0.22054448469186852,-0.15547454840774327,0.039181020109622655,-0.25306519543846573,-0.14073578229371972,-0.48578715706699166,-0.13623507203399457,-0.3175992214345213,-0.24424475175033375,0.4965755922259299
bigw,-0.04447784141918389,1,0.05793488188807776,-0.16717200070752258,-0.14996746987724294,0.08263092482245303,0.17027618408165673,0.0800291954327208,-0.09787085826800583,-0.27302830134933376,-0.22054448469186852,-0.15547454840774327,0.039181020109622655,-0.25306519543846573,-0.14073578229371972,-0.48578715706699166,-0.13623507203399457,-0.3175992214345213,-0.24424475175033375,0.4965755922259299
bigw,-0.12267481627846916,2,0.2945273972640838,0.235262468766402,-0.05869335497186929,0.07895864499444558,-0.3999922684175827,-0.26254066159530776,0.06124841755231644,0.30560657249791245,0.27350292670599297,0.4007168855880933,-0.05762667053663077,0.2369304136934635,0.2658396162445883,0.13844591250740207,0.20625038011055252,0.20345468645098572,0.22484415580290645,-0.05474507403928368
bigw,-0.14679408199776448,2,-0.012046943410900592,0.28883660041637393,-0.11339501582195456,0.10142624747880771,0.1785310486513771,0.24013812161061113,0.039319194708052556,0.27431789718154265,0.2973605518215931,0.34624282875052526,0.4159254939001051,0.11084883576212444,0.16904025033593595,0.25035452137087777,-0.2958752684104178,0.25972347051458095,0.19126044581912496,-0.22478152529621137
bigw,-0.4274958069189522,2,-0.012046943410900592,0.28883660041637393,-0.11339501582195456,0.10142624747880771,0.1785310486513771,0.24013812161061113,0.039319194708052556,0.27431789718154265,0.2973605518215931,0.34624282875052526,0.4159254939001051,0.11084883576212444,0.16904025033593595,0.25035452137087777,-0.2958752684104178,0.25972347051458095,0.19126044581912496,-0.22478152529621137
bigw,-0.14445610034651166,2,-0.3264573422565992,0.3851122672073455,-0.32417327162653353,0.13283310709000498,0.21318261814934256,0.2852701676961764,-0.23979804005614375,0.22339503686446172,-0.17096880510401383,-0.22267144272622477,0.12337266708362275,0.01265547612584892,0.23499951457552418,0.243535651069199,-0.062033247817714195,0.2907558155989054,-0.002304545326600624,-0.3017055139425251
bigw,0.006445263513017357,2,-0.13143898938367796,-0.2812729927107168,-0.05149815890571509,0.19299240582534843,0.16249688553979239,0.23294575099208187,-0.49713501800445764,-0.3015818517546507,-0.28873312940058077,-0.08090493529386636,0.267515573679157,0.09833718354695699,0.19647975251234645,0.24220195242661693,-0.0804249842460899,0.26080015050777156,-0.18113666835390613,-0.2631324493348955
bigw,-0.09545899924931821,2,-0.13143898938367796,-0.2812729927107168,-0.05149815890571509,0.19299240582534843,0.16249688553979239,0.23294575099208187,-0.49713501800445764,-0.3015818517546507,-0.28873312940058077,-0.08090493529386636,0.267515573679157,0.09833718354695699,0.19647975251234645,0.24220195242661693,-0.0804249842460899,0.26080015050777156,-0.18113666835390613,-0.2631324493348955
bigw,-0.011682660482146355,2,-0.13143898938367796,-0.2812729927107168,-0.05149815890571509,0.19299240582534843,0.16249688553979239,0.23294575099208187,-0.49713501800445764,-0.3015818517546507,-0.28873312940058077,-0.08090493529386636,0.267515573679157,0.09833718354695699,0.19647975251234645,0.24220195242661693,-0.0804249842460899,0.26080015050777156,-0.18113666835390613,-0.2631324493348955
bigw,-0.17559721912007314,2,-0.016181099200229126,0.2342828643746791,-0.1590662803837357,0.0988313300805134,0.08761754919232813,0.0870041137303342,0.13465686539722516,0.36867587720122125,0.27874644035871854,-0.014402449722121841,0.6086731159828934,0.2574254626010873,0.15012809917115089,0.24451156195748855,-0.02256188544464638,0.18280916404445924,0.22894457530642814,-0.23906701214013187
bigw,-0.12087099050466496,2,0.3505692211627834,0.24771983070426296,-0.18863559384920703,0.061981260132220425,-0.5228084683853551,-0.38461127214833424,0.047275627817327845,0.25967024203637484,0.07414548301090021,0.2562449084384334,-0.2619564506177525,0.18321670015028074,0.31188968269241996,-0.015021056132371001,0.04060981615156042,-0.0626592984609769,-0.00022655698931371875,0.09470030859708418
bigw,-0.11529646751020511,3,0.1779243636278625,0.3095350778550071,-0.2361301703414796,0.07753402808536175,-0.338003921751822,-0.13157571162853413,0.020893108727529645,0.3208536625118424,0.07788878274427583,0.45716106623043484,-0.3420879639947712,0.20653294912600215,0.28126720030687236,0.16190357716127102,0.19945993150313132,0.2237841324937758,0.0071289426010589935,-0.07640806462360372
bigw,-0.13763433370508535,3,-0.40653522039148543,-0.09581103491915322,0.07101344583807961,0.19860679313498325,0.2732329060290659,0.29051832433047975,-0.11465848981603415,-0.31300464693421226,-0.2714514217734943,-0.18233212001703955,-0.06885727367718686,-0.38628720516021203,0.12260765358719491,0.2816412725690567,-0.024102483004346684,0.2932960403851364,0.0906624519424946,-0.24661421431629932
bigw,0.047535956311406655,3,-0.29505442995912057,-0.2667807735627278,0.0340321226484905,-0.16351939494059714,0.2413801134060633,0.10341074674177739,-0.167984336952247,-0.23619448457030243,-0.5658574261191267,-0.1345075418644905,0.16192778339142883,0.015327323115438714,0.03499211041095604,0.14514259838750249,0.14894777386625904,0.1810790102105416,-0.44411530763661167,-0.1471825255891652
bigw,-0.10206839077094888,3,-0.29505442995912057,-0.2667807735627278,0.0340321226484905,-0.16351939494059714,0.2413801134060633,0.10341074674177739,-0.167984336952247,-0.23619448457030243,-0.5658574261191267,-0.1345075418644905,0.16192778339142883,0.015327323115438714,0.03499211041095604,0.14514259838750249,0.14894777386625904,0.1810790102105416,-0.44411530763661167,-0.1471825255891652
bigw,-0.12920396428626593,4,0.38947100953664104,0.2448676417102834,-0.1691804697265082,0.10124734212376736,-0.3499473771488209,0.01644244327160862,0.09217309734437659,0.3072256841897327,-0.037994807330285034,-0.29156562185546936,-0.35296709200380205,0.23286952625997523,0.33299512933447767,0.1857403143706917,0.17998376514847342,0.23916848784522182,0.09277520868232629,-0.12249820742082224
bigw,-0.0809254386553279,4,-0.2768126363625164,-0.10951389060768035,0.061202038618616755,0.1469706946462498,0.2897472015970455,-0.032562589278857135,-0.269183552877814,0.11425912373529314,0.06574429422374994,-0.2986351932220508,-0.4219157129559266,-0.04216154952435101,0.1412248417812609,0.3537441115336035,0.0555845298217819,0.2951440482876756,0.34521967792285313,-0.2962352416497487
bigw,0.07974559410850364,4,0.041132028568545975,0.4213823993331064,-0.16833510703383922,0.567346434003078,-0.17557787229128768,0.20604006642743908,0.14173855716730233,0.36493508925698565,0.004897640851348884,-0.1693049536641865,0.08265630783607189,0.24765795537518306,-0.02388630917607149,-0.17169961017642654,0.1493990415799805,-0.18715524714559845,-0.18635657129666522,0.1581040262584752
bigw,-0.024108922157520123,4,0.041132028568545975,0.4213823993331064,-0.16833510703383922,0.567346434003078,-0.17557787229128768,0.20604006642743908,0.14173855716730233,0.36493508925698565,0.004897640851348884,-0.1693049536641865,0.08265630783607189,0.24765795537518306,-0.02388630917607149,-0.17169961017642654,0.1493990415799805,-0.18715524714559845,-0.18635657129666522,0.1581040262584752
bigw,-0.23538331650461894,4,0.40429372069728925,0.18726032981296103,-0.032600755115092896,0.07549847793098308,-0.5071113453615075,-0.3795588628944671,0.1643566652442818,0.16641055778527117,-0.046704219149148365,-0.1960321647648967,-0.27607129996939167,0.24922469438196226,0.3110695635208145,-0.07179555717762935,0.11495469479710844,-0.011912136186737676,0.1564992189343128,0.14170153956157
bigw,-0.14327341436855567,5,0.2819413956853886,0.2973465997371272,-0.1321036902157151,0.08423140930911738,-0.41394251194763937,-0.20539871281718763,0.13795166628523528,0.2096173538987102,-0.018222031896093185,-0.255663737809456,-0.34448273087197206,0.2518334040542343,0.2704546864002326,0.14004933326929508,0.25773329370295983,0.21737388439458785,0.2717921978754565,-0.054293546721906664
bigw,-0.1973577647826978,5,-0.3843463339862497,0.2766920579532205,-0.05177414433262194,0.03193434382592712,0.2432873380372526,0.2756896675205538,-0.2049628537466913,0.2713156551924907,0.04513096924184565,-0.13088560568217986,-0.4020890663403358,0.06296873696652586,0.09353947036908487,0.2569501089337352,-0.029843417694897886,0.2887219647895239,0.3158495981444996,-0.27858584142386783
bigw,-0.1551444016226484,5,-0.3843463339862497,0.2766920579532205,-0.05177414433262194,0.03193434382592712,0.2432873380372526,0.2756896675205538,-0.2049628537466913,0.2713156551924907,0.04513096924184565,-0.13088560568217986,-0.4020890663403358,0.06296873696652586,0.09353947036908487,0.2569501089337352,-0.029843417694897886,0.2887219647895239,0.3158495981444996,-0.27858584142386783
bigw,-0.2006390690061851,5,-0.3843463339862497,0.2766920579532205,-0.05177414433262194,0.03193434382592712,0.2432873380372526,0.2756896675205538,-0.2049628537466913,0.2713156551924907,0.04513096924184565,-0.13088560568217986,-0.4020890663403358,0.06296873696652586,0.09353947036908487,0.2569501089337352,-0.029843417694897886,0.2887219647895239,0.3158495981444996,-0.27858584142386783
bigw,0.0393085510750885,5,-0.07174336827849022,-0.4152122729092894,0.18870502907283376,-0.5110522721063666,0.18903529246308232,0.04080492977449105,-0.1836629498167604,-0.3245043804888741,-0.052784903341692606,-0.006679747937477282,-0.006295114063911128,-0.43945377682012293,0.07345148543455111,0.20537373631214126,-0.02299623560534259,0.18726791067949086,0.19190138538654417,-0.18233277773889534
bigw,-0.07192133649261025,5,-0.07174336827849022,-0.4152122729092894,0.18870502907283376,-0.5110522721063666,0.18903529246308232,0.04080492977449105,-0.1836629498167604,-0.3245043804888741,-0.052784903341692606,-0.006679747937477282,-0.006295114063911128,-0.43945377682012293,0.07345148543455111,0.20537373631214126,-0.02299623560534259,0.18726791067949086,0.19190138538654417,-0.18233277773889534
bigw,-0.11370812201870288,7,0.19835414974424467,0.2667258407133888,-0.08176619736961675,0.10781566315231639,-0.038104234927635046,0.23034135900345135,0.06141205156779893,0.22269672171535768,0.11229333393480141,-0.23788865269329615,0.4647330355979601,0.3157577684874374,0.2570785166554157,0.23555286647511872,0.29970214338424395,0.21482430404714328,0.2739818037250995,-0.2140951101034645
bigw,-0.0913742449789687,7,-0.3482198356900386,0.18666147273361766,0.04181410862930386,0.14127137376827292,0.24759412881563253,0.27508977656164096,-0.24356180740605274,0.19286626053582898,-0.08618887830707812,-0.04996266555411139,-0.3621721574998657,-0.028200048585971676,0.2555096230114151,0.2907694314084222,0.2792104574224149,0.2381344488879752,0.3144543547998925,-0.25185047607874883
bigw,0.02787897741165416,7,-0.3708362026671225,-0.368862254692482,0.023207508547292453,-0.36844819375292476,0.12916674776508505,-0.2823208917950723,-0.4383653757784041,-0.3229872149269913,-0.3266186649892295,-0.14478015142604436,0.13565903342050345,-0.12612556751892645,0.035683512838529705,-0.010696782857713414,0.11379638357421101,0.11724112281978774,0.039698650737962096,-0.07512335155029921
bigw,-0.08022158157680397,7,-0.3708362026671225,-0.368862254692482,0.023207508547292453,-0.36844819375292476,0.12916674776508505,-0.2823208917950723,-0.4383653757784041,-0.3229872149269913,-0.3266186649892295,-0.14478015142604436,0.13565903342050345,-0.12612556751892645,0.035683512838529705,-0.010696782857713414,0.11379638357421101,0.11724112281978774,0.039698650737962096,-0.07512335155029921
bigw,-0.09769666528198834,7,-0.26716140720587056,0.12482493759163205,0.4807193511613782,0.05567203936954437,-0.03535349801498092,0.09340971630546102,0.27280786014804026,0.10434623843814927,0.25739933588251007,0.10385356836699788,0.07396921031196903,0.09479899013063649,-0.44249308650843844,-0.018354608065972288,0.5357555900234079,-0.011297022693034309,-0.0934581439721924,0.005842832143178831
qwe,0.014733557615586581,1,-0.052638790034577075,-0.08159244864050086,-0.012756721353728783,0.05154933225007935,0.019237333964981625,-0.21149173572957763,-0.19771901286899946,0.22914624043489148,0.18254913688903612,0.4639837899176662,0.34178639399882266,0.2971419932244783,-0.04738508372563197,0.13013523829156123,-0.20225927531317175,0.5199727500502921,0.13406810849670875,-0.2211343897877881
qwe,-0.07702801027174605,1,-0.052638790034577075,-0.08159244864050086,-0.012756721353728783,0.05154933225007935,0.019237333964981625,-0.21149173572957763,-0.19771901286899946,0.22914624043489148,0.18254913688903612,0.4639837899176662,0.34178639399882266,0.2971419932244783,-0.04738508372563197,0.13013523829156123,-0.20225927531317175,0.5199727500502921,0.13406810849670875,-0.2211343897877881
qwe,-0.032327897181136496,1,-0.052638790034577075,-0.08159244864050086,-0.012756721353728783,0.05154933225007935,0.019237333964981625,-0.21149173572957763,-0.19771901286899946,0.22914624043489148,0.18254913688903612,0.4639837899176662,0.34178639399882266,0.2971419932244783,-0.04738508372563197,0.13013523829156123,-0.20225927531317175,0.5199727500502921,0.13406810849670875,-0.2211343897877881
qwe,0.014088692258073951,1,-0.13351021608172048,0.22264463086217345,-0.34541219708554194,-0.05355529195684134,0.15978534876626319,-0.16175274044229487,0.06704736996986495,0.25097050307209645,-0.2841758572861923,-0.10006778556436696,-0.21540413565443087,0.17492046762942523,0.1453979605549063,0.11071720007685457,0.31535663226943017,0.5960330587427746,0.11730726027024567,-0.14703442763863883
qwe,-0.06563767571665573,1,-0.13351021608172048,0.22264463086217345,-0.34541219708554194,-0.05355529195684134,0.15978534876626319,-0.16175274044229487,0.06704736996986495,0.25097050307209645,-0.2841758572861923,-0.10006778556436696,-0.21540413565443087,0.17492046762942523,0.1453979605549063,0.11071720007685457,0.31535663226943017,0.5960330587427746,0.11730726027024567,-0.14703442763863883
qwe,-0.0041540874773259,1,-0.13351021608172048,0.22264463086217345,-0.34541219708554194,-0.05355529195684134,0.15978534876626319,-0.16175274044229487,0.06704736996986495,0.25097050307209645,-0.2841758572861923,-0.10006778556436696,-0.21540413565443087,0.17492046762942523,0.1453979605549063,0.11071720007685457,0.31535663226943017,0.5960330587427746,0.11730726027024567,-0.14703442763863883
qwe,0.011326464947672837,1,0.21639327878538034,-0.15010627088566864,-0.014236290979667846,0.10820006889160098,0.12238288845870215,-0.24570906952280494,0.17415633706714426,-0.11913640187389905,-0.27170820720948075,-0.18669584362743094,-0.2360692495272467,0.038107631191856596,0.2291039504039178,0.11776959124521583,-0.042643761344234886,-0.1220794684176827,-0.6018845747002993,0.43318691605027865
qwe,-0.09163052979649602,1,0.21639327878538034,-0.15010627088566864,-0.014236290979667846,0.10820006889160098,0.12238288845870215,-0.24570906952280494,0.17415633706714426,-0.11913640187389905,-0.27170820720948075,-0.18669584362743094,-0.2360692495272467,0.038107631191856596,0.2291039504039178,0.11776959124521583,-0.042643761344234886,-0.1220794684176827,-0.6018845747002993,0.43318691605027865
qwe,-0.08131199785924,1,0.21639327878538034,-0.15010627088566864,-0.014236290979667846,0.10820006889160098,0.12238288845870215,-0.24570906952280494,0.17415633706714426,-0.11913640187389905,-0.27170820720948075,-0.18669584362743094,-0.2360692495272467,0.038107631191856596,0.2291039504039178,0.11776959124521583,-0.042643761344234886,-0.1220794684176827,-0.6018845747002993,0.43318691605027865
qwe,-0.08940310091342951,1,0.14109992172751523,0.040403116899420444,0.14201135528260447,-0.030321641484870265,-0.40184258228378844,-0.15163869542740427,-0.10473376783720809,0.20263265773838654,0.03958587323566225,0.39501253856952323,-0.31072507318837045,0.25247769396076875,0.3347272806459803,-0.023385585528018046,0.373433499439501,0.3624811944313571,0.06450530574697055,-0.12401004360748533
qwe,0.07476411954966651,2,0.08202375932449513,0.07115118735223203,-0.059101808623026456,-0.05037727507456736,0.42685908204053197,-0.3375117911370627,0.14657851323410104,-0.1902713431308148,0.008573234225801816,-0.278558988036108,0.30350047806415403,-0.22281225994322085,-0.22715139867989884,-0.0323218419928132,-0.3027855193078617,-0.4390444125337431,-0.1712188829205516,0.20626076339244565
qwe,0.030108957695926124,2,0.011295229127323907,0.09897318914676231,-0.5822517394793599,-0.025505475962333518,0.22906669607156008,0.21341875746072922,0.09562120030900911,0.2559096581792942,-0.40099847543192624,-0.19552158485163365,-0.2553563899397637,0.1271473603455072,0.013757287090602057,0.002950660955995206,-0.017504479837064928,-0.11736617699268061,0.227075771235514,-0.3626464086419928
qwe,-0.0926102216394589,2,0.011295229127323907,0.09897318914676231,-0.5822517394793599,-0.025505475962333518,0.22906669607156008,0.21341875746072922,0.09562120030900911,0.2559096581792942,-0.40099847543192624,-0.19552158485163365,-0.2553563899397637,0.1271473603455072,0.013757287090602057,0.002950660955995206,-0.017504479837064928,-0.11736617699268061,0.227075771235514,-0.3626464086419928
qwe,-0.10264157315113645,2,-0.0669080493563882,-0.19055485316515774,0.15672561250517636,-0.18716853299704528,0.21854152339096805,-0.24520712442250486,-0.1669276319012104,-0.24266322692410727,-0.11191954886934728,-0.20982495065945364,0.33024040784406533,-0.4538735657907288,-0.04919030054549233,-0.13587916312276477,0.0032190038229433712,-0.09905130069796922,0.28909838948192595,0.46806549388936336
qwe,0.09108546935507272,2,0.0653913084364652,0.1790623099514276,-0.07874073526538451,0.8216258404565063,-0.11785551252143024,0.1286970122371828,0.17792098966583378,0.1617174839544573,0.1663300962486156,0.12142457173234074,-0.16879907088826543,0.23300364344938065,0.043829970156583554,0.05780241708649705,0.008624378730183516,0.0566551980214711,-0.14885241858065099,-0.1955336378826971
qwe,-0.006248239549023986,2,0.0653913084364652,0.1790623099514276,-0.07874073526538451,0.8216258404565063,-0.11785551252143024,0.1286970122371828,0.17792098966583378,0.1617174839544573,0.1663300962486156,0.12142457173234074,-0.16879907088826543,0.23300364344938065,0.043829970156583554,0.05780241708649705,0.008624378730183516,0.0566551980214711,-0.14885241858065099,-0.1955336378826971
qwe,0.0025294064326299753,2,-0.40990293332560646,0.3424832498882844,0.39106544254616266,-0.03459309018473986,0.04148633509910403,0.09523943883936338,-0.05837394854567914,0.25444905955955344,0.3499577151281464,0.2085054950436763,0.10738907169950519,0.10187962540960392,-0.4167250489575022,0.22796511235984507,0.20342858148640192,-0.02885055992726548,0.06235334552759174,0.14840580270149936
qwe,0.01630700326401951,2,-0.40990293332560646,0.3424832498882844,0.39106544254616266,-0.03459309018473986,0.04148633509910403,0.09523943883936338,-0.05837394854567914,0.25444905955955344,0.3499577151281464,0.2085054950436763,0.10738907169950519,0.10187962540960392,-0.4167250489575022,0.22796511235984507,0.20342858148640192,-0.02885055992726548,0.06235334552759174,0.14840580270149936
qwe,0.002082814805489767,2,-0.40990293332560646,0.3424832498882844,0.39106544254616266,-0.03459309018473986,0.04148633509910403,0.09523943883936338,-0.05837394854567914,0.25444905955955344,0.3499577151281464,0.2085054950436763,0.10738907169950519,0.10187962540960392,-0.4167250489575022,0.22796511235984507,0.20342858148640192,-0.02885055992726548,0.06235334552759174,0.14840580270149936
qwe,-0.04156706626121517,2,-0.40990293332560646,0.3424832498882844,0.39106544254616266,-0.03459309018473986,0.04148633509910403,0.09523943883936338,-0.05837394854567914,0.25444905955955344,0.3499577151281464,0.2085054950436763,0.10738907169950519,0.10187962540960392,-0.4167250489575022,0.22796511235984507,0.20342858148640192,-0.02885055992726548,0.06235334552759174,0.14840580270149936
qwe,-0.0005620379924543633,2,-0.40990293332560646,0.3424832498882844,0.39106544254616266,-0.03459309018473986,0.04148633509910403,0.09523943883936338,-0.05837394854567914,0.25444905955955344,0.3499577151281464,0.2085054950436763,0.10738907169950519,0.10187962540960392,-0.4167250489575022,0.22796511235984507,0.20342858148640192,-0.02885055992726548,0.06235334552759174,0.14840580270149936
qwe,-0.002169341076575829,2,-0.40990293332560646,0.3424832498882844,0.39106544254616266,-0.03459309018473986,0.04148633509910403,0.09523943883936338,-0.05837394854567914,0.25444905955955344,0.3499577151281464,0.2085054950436763,0.10738907169950519,0.10187962540960392,-0.4167250489575022,0.22796511235984507,0.20342858148640192,-0.02885055992726548,0.06235334552759174,0.14840580270149936
qwe,-0.1028943436521278,3,0.14565122376660886,-0.03205922283448892,-0.27998674019825975,0.010772179454348245,-0.0424984540913244,-0.1962892612270534,-0.03632222793683702,0.20206678577884646,0.07498661155916511,0.46978038071086875,0.36581790828580873,-0.18513411913008557,0.038165257441250475,-0.09491710718304079,-0.5016689535726593,0.26677127393777034,0.1456141636482893,-0.2604639465122293
qwe,-0.10441206056024681,3,0.11177931017878245,0.003233201826313925,-0.2792404356778957,-0.03260698053883098,-0.211895840725917,-0.2319682370907143,0.19160867256385467,0.11972985791058473,-0.11115938420499819,-0.23801561677018146,0.3275963361127013,-0.4541950773511958,0.03324574777188906,-0.23659059647901146,-0.3489514093730637,-0.07716236187924018,0.2536138709474466,-0.3563094040933293
qwe,0.011054167539561876,3,0.19941230884237762,0.04719284668563917,-0.34474158802070287,-0.062548839853152,0.19157203607306394,-0.1989383807519846,0.3797122904351592,0.2212021932105107,-0.18743855464183032,-0.23946025586903938,-0.34435557910584136,0.26237070306568644,0.12263433828229305,0.13669765900270645,-0.18219784134388115,-0.12794777415836087,0.27779634123349733,-0.35426513699810014
qwe,0.017849374145524673,3,0.19941230884237762,0.04719284668563917,-0.34474158802070287,-0.062548839853152,0.19157203607306394,-0.1989383807519846,0.3797122904351592,0.2212021932105107,-0.18743855464183032,-0.23946025586903938,-0.34435557910584136,0.26237070306568644,0.12263433828229305,0.13669765900270645,-0.18219784134388115,-0.12794777415836087,0.27779634123349733,-0.35426513699810014
qwe,-0.09994396536771413,3,0.19941230884237762,0.04719284668563917,-0.34474158802070287,-0.062548839853152,0.19157203607306394,-0.1989383807519846,0.3797122904351592,0.2212021932105107,-0.18743855464183032,-0.23946025586903938,-0.34435557910584136,0.26237070306568644,0.12263433828229305,0.13669765900270645,-0.18219784134388115,-0.12794777415836087,0.27779634123349733,-0.35426513699810014
qwe,-0.015026586892038774,3,0.19941230884237762,0.04719284668563917,-0.34474158802070287,-0.062548839853152,0.19157203607306394,-0.1989383807519846,0.3797122904351592,0.2212021932105107,-0.18743855464183032,-0.23946025586903938,-0.34435557910584136,0.26237070306568644,0.12263433828229305,0.13669765900270645,-0.18219784134388115,-0.12794777415836087,0.27779634123349733,-0.35426513699810014
qwe,-0.009558278386704405,3,0.19941230884237762,0.04719284668563917,-0.34474158802070287,-0.062548839853152,0.19157203607306394,-0.1989383807519846,0.3797122904351592,0.2212021932105107,-0.18743855464183032,-0.23946025586903938,-0.34435557910584136,0.26237070306568644,0.12263433828229305,0.13669765900270645,-0.18219784134388115,-0.12794777415836087,0.27779634123349733,-0.35426513699810014
qwe,-0.12161312885261703,3,0.21019824657166844,-0.19766744691262117,-0.1406088102190282,0.01095326566981041,0.189443655831546,0.025085859564509424,-0.1919593496127445,-0.2908475401538215,-0.18930839420178247,-0.2412330785987302,0.3062459532474753,-0.4714448617691096,0.11835510712184306,0.11032511184349064,-0.30826537002447457,-0.127699784421646,0.29142878380774584,-0.3261465997341631
qwe,0.036567505508726464,3,0.16912704544764395,-0.1659022926439877,-0.05039487418235906,-0.8184653556777994,0.07860243849031948,-0.15414250132659227,-0.16537111999342236,-0.2606757221653067,-0.1710559422952103,-0.1640948396717481,0.09244100207392383,-0.21936289659538907,0.062429987936083516,0.030436333180089727,-0.1299422274303631,-0.037156624810711705,0.09832671676887957,0.024480833149953984
qwe,-0.09471918376985965,3,0.16912704544764395,-0.1659022926439877,-0.05039487418235906,-0.8184653556777994,0.07860243849031948,-0.15414250132659227,-0.16537111999342236,-0.2606757221653067,-0.1710559422952103,-0.1640948396717481,0.09244100207392383,-0.21936289659538907,0.062429987936083516,0.030436333180089727,-0.1299422274303631,-0.037156624810711705,0.09832671676887957,0.024480833149953984
qwe,0.02023778737008997,3,-0.16533348463641792,-0.02841155727039424,0.24553600481585525,0.022907052093631922,-0.030021017196495796,0.24964921759735378,0.31041796293418566,0.21647758997409725,0.3970327864192252,0.4942124453625912,0.1384918246865983,0.2566192318612983,-0.41020938787316436,-0.01926653951697662,-0.005055247849190096,-0.07029902504776868,0.08363106188097244,0.19255677828360576
qwe,-0.12500550104874125,3,-0.16533348463641792,-0.02841155727039424,0.24553600481585525,0.022907052093631922,-0.030021017196495796,0.24964921759735378,0.31041796293418566,0.21647758997409725,0.3970327864192252,0.4942124453625912,0.1384918246865983,0.2566192318612983,-0.41020938787316436,-0.01926653951697662,-0.005055247849190096,-0.07029902504776868,0.08363106188097244,0.19255677828360576
qwe,-0.024490702432160207,3,-0.16533348463641792,-0.02841155727039424,0.24553600481585525,0.022907052093631922,-0.030021017196495796,0.24964921759735378,0.31041796293418566,0.21647758997409725,0.3970327864192252,0.4942124453625912,0.1384918246865983,0.2566192318612983,-0.41020938787316436,-0.01926653951697662,-0.005055247849190096,-0.07029902504776868,0.08363106188097244,0.19255677828360576
qwe,-0.1619482565067428,3,0.3254183517660801,0.05717674244313986,0.057458886269906105,-0.019827217895644518,-0.26338475653635557,-0.09104394698147449,-0.02928351601680346,0.16467948114855854,0.0964203842654506,0.3758686485957853,-0.23810181738934252,0.19691972821945983,0.4312090801593498,-0.10845404718112443,0.468806345043309,0.21418371854139118,-0.23260838219693286,-0.13413961689517434
qwe,-0.08233882585132453,4,0.31747742614204477,0.03635167773826764,0.03932516852450113,-0.0207280873534903,-0.2004139015970544,0.021224084187577475,0.1251275068008727,0.1921515917882503,0.0032370747173424658,0.1710218610058687,-0.2694751974364781,0.23964011168385596,0.4971319451426992,0.07101057234362064,0.5502815672859641,0.10945547393371191,-0.17214210276572664,-0.21634716408564555
qwe,-0.09525489012467844,4,0.2048976193333971,-0.17664461259152853,0.19059588332104288,-0.22813550196926802,0.20692396679394723,-0.16133081110046116,0.19982059937997132,-0.2955402698911003,-0.10537811080497528,-0.15774870360392212,0.27635278066909147,-0.3224598892447223,0.37502894560315597,0.2801258494906507,0.20672477759756117,-0.14284636416091995,-0.36359981656827367,-0.10733537077372647
qwe,-0.03171434290361774,4,0.06717698166271216,-0.15491540554232064,0.18848608848219395,-0.7579086430201131,0.13963165955219278,-0.14480223085051558,-0.00998704468217559,-0.23728673418695112,-0.08842175593421002,-0.07623108683571467,0.187884729302582,-0.23040782988789477,0.2512138305067625,0.20197590370971924,0.14873184031717135,-0.10695275093559686,-0.013807490589230227,-0.1580985590744955
qwe,-0.21061030630897903,4,0.06717698166271216,-0.15491540554232064,0.18848608848219395,-0.7579086430201131,0.13963165955219278,-0.14480223085051558,-0.00998704468217559,-0.23728673418695112,-0.08842175593421002,-0.07623108683571467,0.187884729302582,-0.23040782988789477,0.2512138305067625,0.20197590370971924,0.14873184031717135,-0.10695275093559686,-0.013807490589230227,-0.1580985590744955
qwe,-0.2771198977343579,4,-0.20142773902161504,0.12806267033511703,-0.15570985701670062,-0.017954266768246047,0.25465731944949604,-0.26165982963993994,0.03964245809735295,0.2526498658801983,-0.25176157966406304,-0.2406867875058873,0.11645963407140471,0.030066990343105254,0.41448132598943754,0.0759444184119405,0.24599757098580471,-0.172441973226163,0.3418000459818331,-0.44645008614058596
qwe,0.17670202733743887,4,-0.003731390520110143,0.15312488020745074,-0.0870648165395082,0.26491229357527385,-0.22159066852936493,0.21477570584916092,-0.10223299778123514,0.2994831313258989,0.18586917497188782,0.1741984937054571,-0.3116629556197643,0.4364877261047475,-0.25988382618766115,-0.09709415130625398,-0.14173010859865656,0.11872086115867306,-0.28619227497741256,-0.39724617270344886
qwe,0.3019757583030302,4,-0.003731390520110143,0.15312488020745074,-0.0870648165395082,0.26491229357527385,-0.22159066852936493,0.21477570584916092,-0.10223299778123514,0.2994831313258989,0.18586917497188782,0.1741984937054571,-0.3116629556197643,0.4364877261047475,-0.25988382618766115,-0.09709415130625398,-0.14173010859865656,0.11872086115867306,-0.28619227497741256,-0.39724617270344886
qwe,0.031572366483730914,4,0.09077090955168188,-0.20295539227895565,0.16017656066868752,-0.7820226223599871,0.10691362648207063,-0.1001166742131549,0.034520286839286374,-0.29384204696563015,-0.06142856852136342,-0.07570037682378003,0.1885489016783718,-0.23058242108546861,0.14654458052451524,0.05433970234683036,0.08066116187646313,-0.05848490485669831,0.1353458744416013,0.2312333885721828
qwe,-0.19922567710867392,4,0.09077090955168188,-0.20295539227895565,0.16017656066868752,-0.7820226223599871,0.10691362648207063,-0.1001166742131549,0.034520286839286374,-0.29384204696563015,-0.06142856852136342,-0.07570037682378003,0.1885489016783718,-0.23058242108546861,0.14654458052451524,0.05433970234683036,0.08066116187646313,-0.05848490485669831,0.1353458744416013,0.2312333885721828
qwe,-0.03700294325715075,4,0.09077090955168188,-0.20295539227895565,0.16017656066868752,-0.7820226223599871,0.10691362648207063,-0.1001166742131549,0.034520286839286374,-0.29384204696563015,-0.06142856852136342,-0.07570037682378003,0.1885489016783718,-0.23058242108546861,0.14654458052451524,0.05433970234683036,0.08066116187646313,-0.05848490485669831,0.1353458744416013,0.2312333885721828
qwe,-0.20026627750810114,4,0.09077090955168188,-0.20295539227895565,0.16017656066868752,-0.7820226223599871,0.10691362648207063,-0.1001166742131549,0.034520286839286374,-0.29384204696563015,-0.06142856852136342,-0.07570037682378003,0.1885489016783718,-0.23058242108546861,0.14654458052451524,0.05433970234683036,0.08066116187646313,-0.05848490485669831,0.1353458744416013,0.2312333885721828
qwe,-0.20112645865236106,4,0.09077090955168188,-0.20295539227895565,0.16017656066868752,-0.7820226223599871,0.10691362648207063,-0.1001166742131549,0.034520286839286374,-0.29384204696563015,-0.06142856852136342,-0.07570037682378003,0.1885489016783718,-0.23058242108546861,0.14654458052451524,0.05433970234683036,0.08066116187646313,-0.05848490485669831,0.1353458744416013,0.2312333885721828
qwe,0.024319657209248793,4,-0.16961016277614566,0.6564257808463917,-0.15774558626460855,-0.05438485342366434,0.06365153456428356,-0.018691528543933394,0.05148794009708383,0.3565425564040816,0.02519283287662714,0.15942084477850293,-0.08301348288045744,0.19367979430212356,-0.07200788468673455,0.5293083770793228,0.010044429151715314,-0.05329726840118246,0.07305737169164131,-0.11932125956457008
qwe,0.008428976700379658,4,-0.16961016277614566,0.6564257808463917,-0.15774558626460855,-0.05438485342366434,0.06365153456428356,-0.018691528543933394,0.05148794009708383,0.3565425564040816,0.02519283287662714,0.15942084477850293,-0.08301348288045744,0.19367979430212356,-0.07200788468673455,0.5293083770793228,0.010044429151715314,-0.05329726840118246,0.07305737169164131,-0.11932125956457008
qwe,-0.0996802971555158,4,-0.16961016277614566,0.6564257808463917,-0.15774558626460855,-0.05438485342366434,0.06365153456428356,-0.018691528543933394,0.05148794009708383,0.3565425564040816,0.02519283287662714,0.15942084477850293,-0.08301348288045744,0.19367979430212356,-0.07200788468673455,0.5293083770793228,0.010044429151715314,-0.05329726840118246,0.07305737169164131,-0.11932125956457008
qwe,-0.028749749334169093,4,-0.16961016277614566,0.6564257808463917,-0.15774558626460855,-0.05438485342366434,0.06365153456428356,-0.018691528543933394,0.05148794009708383,0.3565425564040816,0.02519283287662714,0.15942084477850293,-0.08301348288045744,0.19367979430212356,-0.07200788468673455,0.5293083770793228,0.010044429151715314,-0.05329726840118246,0.07305737169164131,-0.11932125956457008
qwe,-0.1200712071736858,4,0.09028866312378758,-0.2434738730831757,0.2727866685606618,0.19476539807795165,-0.127724106502045,-0.2517079148680216,0.06878516817879188,-0.32870430918002513,0.09568445115520735,-0.18463921266392747,0.25795656998493427,-0.4706468493880904,0.042661703570211304,0.18932022055784967,-0.1571614518617914,-0.17078037019140535,0.2686714920543447,-0.3643688562388186
qwe,-0.06639255304815385,4,0.41292547057305234,-0.08852584117511497,-0.023216115106995908,0.09166168053170429,-0.38587535776923587,0.12506602686960544,0.311264263462669,-0.1862847133132041,-0.31050273989482535,-0.1183422730367727,-0.28461076330603385,0.16026798004589382,0.23958922848228656,-0.05372444981179981,0.22073979652130746,-0.005397999228148902,-0.3849347852359711,0.20557452063868467
qwe,0.10572136183173254,6,0.08763966379520069,0.034706732865532275,-0.23625157191459262,-0.013569143808612445,-0.033308490358888304,-0.46484244747672865,0.08645410549881716,-0.15898142704864168,-0.11576112462818801,0.24025998060347808,0.2940297409114516,-0.3145280159882643,-0.2699339800253721,-0.08780131099117999,-0.4832569849337342,0.04848215954361073,0.07460729216021547,0.32656405094882407
qwe,0.008750238441116094,6,-0.16345365384287358,-0.029869861804511344,0.15335938711720207,0.01729983354393375,0.1640408447844711,0.37087434689035187,-0.5953262248213577,0.10908230712777163,0.16008805988024913,-0.21817269698365985,0.34829813856256414,0.1842784742540381,-0.05619153705442972,0.09126776460234368,0.16352881891902063,-0.14302321689508915,0.1896775079719823,-0.3076410846762783
qwe,-0.06012984825766429,6,-0.16345365384287358,-0.029869861804511344,0.15335938711720207,0.01729983354393375,0.1640408447844711,0.37087434689035187,-0.5953262248213577,0.10908230712777163,0.16008805988024913,-0.21817269698365985,0.34829813856256414,0.1842784742540381,-0.05619153705442972,0.09126776460234368,0.16352881891902063,-0.14302321689508915,0.1896775079719823,-0.3076410846762783
qwe,-0.2156627975520991,6,-0.16345365384287358,-0.029869861804511344,0.15335938711720207,0.01729983354393375,0.1640408447844711,0.37087434689035187,-0.5953262248213577,0.10908230712777163,0.16008805988024913,-0.21817269698365985,0.34829813856256414,0.1842784742540381,-0.05619153705442972,0.09126776460234368,0.16352881891902063,-0.14302321689508915,0.1896775079719823,-0.3076410846762783
qwe,-0.1282783327780428,6,0.04833499031167859,-0.01048038706801091,-0.10582537910528075,-0.0032272730963869485,0.23879678059236864,-0.030241421213200306,0.3595261004653427,0.27748708659490473,-0.1191166026710503,0.43729837692298507,-0.3939790117312545,0.19574431079387436,0.21460006756551747,0.059683317548648133,0.1395348669051539,-0.1826708155380109,0.26793990632797693,-0.3859382059493754
qwe,0.038167537044804585,6,-0.17237939066099267,-0.02035673094422763,0.03667187795352999,0.013628381855015928,0.04475906212892326,0.3962148675592318,-0.6832965433422519,-0.046426033719579776,0.23874543813660315,-0.03194861098379311,0.3055090283428257,-0.3733533506384188,-0.0039660165149297604,0.025068999102767532,0.009385629486018131,-0.07889740991629841,0.10613178729495759,-0.17700743394393648
qwe,-0.10280934065504431,6,-0.17237939066099267,-0.02035673094422763,0.03667187795352999,0.013628381855015928,0.04475906212892326,0.3962148675592318,-0.6832965433422519,-0.046426033719579776,0.23874543813660315,-0.03194861098379311,0.3055090283428257,-0.3733533506384188,-0.0039660165149297604,0.025068999102767532,0.009385629486018131,-0.07889740991629841,0.10613178729495759,-0.17700743394393648
qwe,-0.12281980497261444,6,0.0045368777576208375,-0.1705228220302908,-0.25478645337354905,0.1450805904559534,0.33100056626845786,-0.2853203231342005,0.11908913894310663,0.12498944686543485,-0.107362763086853,-0.23153947422776722,-0.432983621123423,0.16281918006931068,0.12153622929807083,-0.001365127881733014,-0.011673140837963045,-0.20662907713747483,0.33253377858759936,-0.46567967534072907
qwe,-0.07861339972151007,6,0.237426195700431,-0.20532916933258072,-0.12624974857683616,-0.134271943145165,0.1565997895246526,0.07242762928861979,0.07979280429932321,-0.44334140629409613,0.2579101925356081,-0.1619719222722615,-0.21354088242039654,-0.17676095183451937,-0.20097004182944986,-0.4216118275935778,-0.4148300599107414,-0.08819311587470793,0.043013097612126516,0.25565346673299394
qwe,-0.47050320942948537,6,0.1712971998342283,-0.22580631397503706,-0.14699523663682845,-0.45669519072454007,0.10360323530475654,-0.16526344211583954,0.10292598580770657,-0.4244042205231513,0.23266578107375213,-0.1604173040461779,-0.21462382531004817,-0.17855555740647439,-0.15289419219625588,-0.2442981448531481,-0.32313571862284607,-0.11395622277656786,0.20533692007047627,0.245551648689539
qwe,0.05188656826474133,6,0.234637575735809,0.11679823037731141,0.23919000526105932,-0.10375581559611928,-0.14597731474850376,0.029184864319844767,0.5820183484703639,0.2498783949979651,0.21129421834625978,0.12618587401373801,0.16363058582808346,-0.03783262260172704,0.1214987040307405,0.3095381576727398,0.19229235287157484,0.09690893277969338,0.361266859488651,-0.25248547085321915
ocran,-0.11540123940386972,1,-0.0813345464952765,0.2544970789832791,-0.2543551601938447,0.12511923125111912,0.22641429441611197,-0.13209250318056442,0.16160929377263533,0.13488474616652527,-0.10111291333449861,-0.1082669845574971,0.07481191511659302,-0.30476906612826216,-0.4215189070328031,0.372771892578146,-0.21381253582641413,-0.46963381038830754,0.10216962993018384,0.14651705735375736
ocran,-0.13855005636906131,1,-0.15896288922650603,0.27051974715311855,0.2463784554350515,0.1677483155221968,-0.20842287851640717,0.2996411129088054,0.036526029290737595,0.3034653750947299,0.02259754106624975,-0.13788846443518415,0.195414259817947,0.25469792242816014,-0.05065849071212452,0.3281079087892712,0.5204723993435216,-0.10739527268896927,-0.13206918510534943,0.23105733210281781
ocran,-0.12207479695159433,1,-0.36789841463729495,0.29775021147130176,0.16508881378103588,0.14860735965679583,-0.06649367282769697,-0.08993932062500158,-0.29055704439672303,0.3165822289369515,-0.06422767122162602,-0.17513325777469746,0.323489723805555,0.5300036663774343,0.1532485095980499,0.13181654309741697,0.21058876922659714,-0.029880520706911672,0.007545519078930231,0.1516392241784048
ocran,-0.20833303850840607,1,-0.36789841463729495,0.29775021147130176,0.16508881378103588,0.14860735965679583,-0.06649367282769697,-0.08993932062500158,-0.29055704439672303,0.3165822289369515,-0.06422767122162602,-0.17513325777469746,0.323489723805555,0.5300036663774343,0.1532485095980499,0.13181654309741697,0.21058876922659714,-0.029880520706911672,0.007545519078930231,0.1516392241784048
ocran,0.006470046044718492,1,0.1398264255424657,-0.2266615343565166,-0.04456185444759327,-0.3186300259393748,-0.07095887860612647,0.10317724422777332,0.02502164426053251,-0.32292365433685793,0.0718879750289842,0.20531733454545104,-0.2931912270301616,0.07387881770112822,-0.3175492596284076,-0.3105662184951877,0.07523469951272241,0.27276464220232305,-0.32395898403388107,-0.4288757232523817
ocran,0.025610372653074278,1,0.1398264255424657,-0.2266615343565166,-0.04456185444759327,-0.3186300259393748,-0.07095887860612647,0.10317724422777332,0.02502164426053251,-0.32292365433685793,0.0718879750289842,0.20531733454545104,-0.2931912270301616,0.07387881770112822,-0.3175492596284076,-0.3105662184951877,0.07523469951272241,0.27276464220232305,-0.32395898403388107,-0.4288757232523817
ocran,-0.09284757988698912,1,0.1398264255424657,-0.2266615343565166,-0.04456185444759327,-0.3186300259393748,-0.07095887860612647,0.10317724422777332,0.02502164426053251,-0.32292365433685793,0.0718879750289842,0.20531733454545104,-0.2931912270301616,0.07387881770112822,-0.3175492596284076,-0.3105662184951877,0.07523469951272241,0.27276464220232305,-0.32395898403388107,-0.4288757232523817
ocran,-0.006358895152010531,1,0.1398264255424657,-0.2266615343565166,-0.04456185444759327,-0.3186300259393748,-0.07095887860612647,0.10317724422777332,0.02502164426053251,-0.32292365433685793,0.0718879750289842,0.20531733454545104,-0.2931912270301616,0.07387881770112822,-0.3175492596284076,-0.3105662184951877,0.07523469951272241,0.27276464220232305,-0.32395898403388107,-0.4288757232523817
ocran,0.19643475252122589,2,0.004719966189354515,-0.2610247176260033,0.34218867258011126,-0.10264879002096257,-0.22582234156865086,0.013712158347505124,-0.10045436439499673,-0.13853586660803163,0.19408911163486028,0.07281619266222655,-0.12638771036796206,0.11590399069451368,-0.18173073272095427,-0.37349491630595594,0.43825708411518705,0.4865499778524805,-0.16490998548593444,-0.15115092044555098
ocran,0.0932319698919849,2,0.004719966189354515,-0.2610247176260033,0.34218867258011126,-0.10264879002096257,-0.22582234156865086,0.013712158347505124,-0.10045436439499673,-0.13853586660803163,0.19408911163486028,0.07281619266222655,-0.12638771036796206,0.11590399069451368,-0.18173073272095427,-0.37349491630595594,0.43825708411518705,0.4865499778524805,-0.16490998548593444,-0.15115092044555098
ocran,0.20087901503340816,2,0.004719966189354515,-0.2610247176260033,0.34218867258011126,-0.10264879002096257,-0.22582234156865086,0.013712158347505124,-0.10045436439499673,-0.13853586660803163,0.19408911163486028,0.07281619266222655,-0.12638771036796206,0.11590399069451368,-0.18173073272095427,-0.37349491630595594,0.43825708411518705,0.4865499778524805,-0.16490998548593444,-0.15115092044555098
ocran,-0.1425779565202915,2,-0.28772236082265296,0.14957923898003622,0.31697646501596827,0.17672059501552206,-0.16937987604976437,0.13906244410639926,-0.32097184531659706,0.26682832309078336,0.17033271062041963,-0.07545117550556396,0.2717539380116448,0.5497208083715374,0.10879238308678581,0.1756877145439577,0.2012221498604464,-0.06751253553397761,-0.04239412783196615,0.2014762146125652
ocran,0.06632012709959004,2,0.04843441804667448,-0.34921261250302016,0.30743536617361805,-0.3116872068945954,-0.3315873842634377,0.024903241515416227,-0.06522581078531015,-0.31314764737457346,0.3648842395501155,0.21678552074260876,-0.2565255769619899,0.08631836335692882,-0.26049031339438883,-0.09745373067358125,0.3283763511396678,0.17933245948395662,-0.020376353698962988,0.0012366288082983432
ocran,-0.07747198901918931,2,0.04843441804667448,-0.34921261250302016,0.30743536617361805,-0.3116872068945954,-0.3315873842634377,0.024903241515416227,-0.06522581078531015,-0.31314764737457346,0.3648842395501155,0.21678552074260876,-0.2565255769619899,0.08631836335692882,-0.26049031339438883,-0.09745373067358125,0.3283763511396678,0.17933245948395662,-0.020376353698962988,0.0012366288082983432
ocran,0.12349085000231776,3,0.0166679838731608,-0.3003823547044687,0.2956688036711717,-0.09698122654776739,-0.3303520832144403,0.11796334940262915,-0.08556633048577732,-0.13903914323302136,0.12713390142561826,0.08859641242900432,-0.12421199360120787,0.14646053330102246,-0.09935766884771222,-0.3789539223160088,0.4493905091100583,0.4394956694201967,-0.18191707447665945,-0.14280795328477125
ocran,0.11194728020012165,3,-0.28889241739076554,0.30006589536684547,0.1922801964539775,0.03583060570663036,-0.04721509213329438,0.005803700662432282,-0.22448118479102022,0.29508967347725124,-0.0976495028989498,-0.130533895183305,0.35055879064486045,0.20506840326190845,0.30959226358831005,0.37820776813337387,0.042087393862541275,-0.43768813041525306,-0.044151284615193596,0.151044195978249
ocran,-0.17026985223078536,3,-0.28889241739076554,0.30006589536684547,0.1922801964539775,0.03583060570663036,-0.04721509213329438,0.005803700662432282,-0.22448118479102022,0.29508967347725124,-0.0976495028989498,-0.130533895183305,0.35055879064486045,0.20506840326190845,0.30959226358831005,0.37820776813337387,0.042087393862541275,-0.43768813041525306,-0.044151284615193596,0.151044195978249
ocran,-0.10150186176272136,3,-0.28889241739076554,0.30006589536684547,0.1922801964539775,0.03583060570663036,-0.04721509213329438,0.005803700662432282,-0.22448118479102022,0.29508967347725124,-0.0976495028989498,-0.130533895183305,0.35055879064486045,0.20506840326190845,0.30959226358831005,0.37820776813337387,0.042087393862541275,-0.43768813041525306,-0.044151284615193596,0.151044195978249
ocran,-0.20269938515930006,3,-0.28889241739076554,0.30006589536684547,0.1922801964539775,0.03583060570663036,-0.04721509213329438,0.005803700662432282,-0.22448118479102022,0.29508967347725124,-0.0976495028989498,-0.130533895183305,0.35055879064486045,0.20506840326190845,0.30959226358831005,0.37820776813337387,0.042087393862541275,-0.43768813041525306,-0.044151284615193596,0.151044195978249
ocran,0.08502689614855981,3,-0.5169609393004403,-0.14422003074771472,-0.20311935951411997,-0.07640076416002727,0.33825740135993343,-0.23730993238367687,-0.38339751290989316,-0.012825075133333646,-0.440489197665984,0.004153345029504657,0.11544072531107974,0.0714238117274315,0.03208794974431266,-0.19889675950115882,-0.24327709689117616,0.1194638031969053,0.13434118755102706,-0.048957595935260674
ocran,-0.056240340813027784,3,-0.5169609393004403,-0.14422003074771472,-0.20311935951411997,-0.07640076416002727,0.33825740135993343,-0.23730993238367687,-0.38339751290989316,-0.012825075133333646,-0.440489197665984,0.004153345029504657,0.11544072531107974,0.0714238117274315,0.03208794974431266,-0.19889675950115882,-0.24327709689117616,0.1194638031969053,0.13434118755102706,-0.048957595935260674
