Username,Adjective,LogNumber,1,2,3,4,5,6,7,8,9,10,11,12,13,14,15,16,17,18
grims2,0.005913568798408222,1.0,0.2869013978585171,0.38194564556902644,-0.1467786223417265,0.265530587790368,-0.019223152135999334,0.2562273501508122,0.1729598433631202,0.2694942557559921,0.1383323530880339,0.16060478347982618,0.16952984996717219,0.13923749542262726,-0.41771320878015294,0.24123639442065703,0.2536746106219406,-0.1147892426903681,0.2415903701023896,-0.22262213343371617
grims2,-2.0466009106002218e-05,1.0,-0.37153168986233165,-0.30943384376155214,0.14728613761440165,-0.30824803404933626,-0.1036583086952206,-0.18438913387956574,0.0505526502233033,-0.24455460276696472,-0.291107235728615,0.25335525621809746,0.15245248822401197,-0.032152471225277354,0.05942157988007673,-0.33765432088685793,-0.403318139968365,0.18913087375317958,0.20252283446886432,0.11044092311208473
grims2,0.012314481765048044,1.0,-0.2164148155244382,-0.2570963132224052,-0.1537582809622537,-0.25909027936463064,0.007574731454532895,-0.16446254203196178,-0.3652539390507406,0.1347959514991708,0.15087598745674294,-0.06667198300298202,-0.15225203264793383,0.1896403464714298,0.5230748021471399,-0.35919300710425517,-0.3361326845560122,-0.03301507512899319,0.11848993482479857,-0.022721638966043917
grims2,0.006698140626431484,1.0,-0.1272372378802468,-0.0757832756024317,0.005026176570921648,0.014136927129649372,0.8647150054551964,-0.10743017576136213,-0.18286157126892838,-0.2006344542128867,-0.14920237486383398,-0.018067161145327734,0.1549056566041641,-0.08975927682359448,0.16377596154296375,0.004676064744570587,-0.02072922745272717,-0.024455168620308824,-0.1858011868345444,-0.16685956356930995
grims2,0.0013523909886090002,1.0,0.08902431105439708,0.10118013620560073,-0.4604621480731991,0.26964446043484896,-0.03704475650762266,0.21380161378551824,-0.2510078881445759,0.16878604612394657,0.1807752908999984,-0.08472112731255352,-0.3735429882331093,-0.3240164221143356,-0.2178650349485334,0.1514753008696294,0.08662715097730285,-0.08903573157251199,-0.3366131992132546,0.2738579959450341
grims2,-0.0009524543591053707,1.0,0.4373033284818747,0.451523077669161,-0.01493459654189449,0.24323220557491432,0.09576906949494061,-0.1401988610158537,0.35894840511320847,0.17614336793900118,0.1842952172968053,-0.10314500756283036,0.1789428758370574,0.061293315090161685,-0.2703467626539066,0.21458047517456702,0.27576334712188216,-0.1010525663205554,-0.18781901249674765,-0.1891128253133198
grims2,0.006049663905625204,2.0,0.35485534727939927,0.4044413304145579,-0.13203371936689098,0.2733887772034481,0.057271769430588815,0.14246231779289997,0.23073997891201625,0.36392476598791074,0.26623557880290755,0.2534296533805706,0.16347284291623154,0.16041271646789435,-0.19303925934850172,0.15524526148812762,0.22357809596694023,-0.07091499186759737,-0.30673936833449145,-0.10506595475965064
grims2,-0.0009420665362293237,2.0,-0.15662758646770752,-0.3287820164936268,0.33283479970388097,-0.27574587683805585,-0.0856052388160541,-0.029518221554743956,0.22318133485343705,-0.4098077754209013,-0.4632748547777306,0.3326042850585924,0.08229847727090633,-0.07591743188460233,-0.044029733608198986,-0.24528156420555655,-0.0651681337584702,-0.1129196083939852,0.17318819441758487,0.08788773602829597
grims2,-0.00020937563111804794,2.0,-0.2798719277056928,-0.2730128440224523,0.2173088780922047,-0.2739939982011133,-0.0807685963360809,-0.17360855756365168,-0.0029777125928345414,-0.21890911428835239,-0.15101691869143047,0.030457763258639844,0.22004381195009162,-0.08428174863051018,0.3020146431548388,-0.3732032754922031,-0.44878004929263654,0.2612124610497525,0.20213941819386255,0.14142288806562947
grims2,-0.00015272539413821072,2.0,-0.2440032812359302,-0.2530572229308514,0.14803121500349728,-0.3301770145947814,-0.0852727837333506,-0.22027030604237713,0.13816499992674802,-0.09475352542075324,-0.28441202773861524,0.4681200750808185,0.22584041947482272,0.06489683470161867,0.27121014736097965,-0.23627279576520205,-0.34137466914480835,-0.013892309184953112,0.2157942087642563,0.11712132990553593
grims2,0.00686973356594672,2.0,-0.16605281125076485,-0.20512062307188994,0.06334559502815663,-0.3335162530183441,-0.09740307185147871,-0.21506755035229475,0.20620043359373844,-0.3561571166559174,-0.3929553532293952,-0.0446367610790451,0.1462170691052419,-0.07808901234352085,0.2279307791498853,0.12457951740811,-0.23006520297665267,0.49748382622971665,0.19494941025813084,-0.014721387494914275
grims2,0.001916413495299794,2.0,-0.18665395643030674,-0.20698726009424495,0.01418740358932616,-0.3229145745489517,-0.07184092932156383,-0.2079763952546186,0.1353648941894951,0.06105229743941879,-0.11973727313084223,0.497241691616066,0.2610936974943553,0.1507508425153665,0.29995506214775425,-0.28727314273290805,-0.3996996493149891,0.10660158497621092,0.19978364222619718,0.10656910033015361
grims2,0.00334468439527189,2.0,-0.08641437252802192,-0.1885818100445089,0.0742569008668484,-0.3504553604335293,-0.07690726007970031,-0.22046021225132487,0.23116013188123632,-0.3387215966407921,-0.39484557089014644,0.1954462209560132,0.11693502102114367,-0.03742821697215401,0.2608530703793437,0.13826014184084598,-0.18654042960460648,0.471684347041358,0.2233917472122736,-0.04926674355746672
grims2,-0.0006714781545578753,2.0,-0.04893158604329354,-0.15326419387596202,-0.06364950443470303,-0.22476838198574192,-0.005347433981432369,-0.05389281962921795,-0.264065080937799,0.3291940531465024,0.2786569362530987,-0.08598457304907094,-0.21394166248430874,0.29725045750320517,0.548876492492127,-0.36372299139346664,-0.24692000543459794,-0.039004624929693824,0.14369965047764255,0.05137525590670241
grims2,0.0004216656436015748,2.0,0.15034060521580045,0.13806694987804236,-0.2616252597434265,0.26769543231221055,-0.022859660207288874,0.1563701498616208,-0.15104984723815332,0.17254494665861594,0.20684241415316937,-0.08974274077030162,-0.4263182527530521,-0.45671676355441937,-0.1620276594053174,0.17399576361247696,0.15224224363091507,-0.09473406055461572,-0.2875788217379933,0.35792218085378313
grims2,-0.0035264908607999593,2.0,0.4305634000718315,0.4249865372268298,0.15917394726010312,0.18454321958676156,0.09486358669903827,-0.10821943082354002,0.3823529963208984,0.21675604298811113,0.2931332238385931,0.11329965277592056,0.19107233763366052,0.06828942532154007,-0.24361165286738515,0.21342817626573937,0.2689556887472133,-0.09457696932319597,0.13454332267257998,-0.12846570690615694
grims2,0.0037152177257030366,3.0,0.2987173191658715,0.25716122380203876,0.14577289867818186,0.2044401542347163,-0.028031938328031566,0.3503506927563681,0.2994827023655017,0.1743983431699416,0.24065051296352158,0.12392399553519533,0.23424951185359322,0.11423373232898351,-0.3443172152348469,0.2754784138562095,0.3088209162723676,-0.10950392214095285,0.25418032260749734,-0.17421444999738217
grims2,-7.685447212180909e-05,3.0,0.32418921179810717,0.28732350448765465,-0.5542629548152155,0.3499234518081872,0.09150707677709875,0.052345690031410964,-0.1071542258512912,0.23895652282833435,0.1700233327087198,0.09565890053771745,-0.18008366743218635,0.016035539893865036,-0.19802700144824703,0.23978096380536848,0.20655116329328116,-0.1564924296856282,-0.2337803464811448,-0.11719601778684909
grims2,0.004520797986055083,3.0,-0.0767099202976192,-0.12840418931973652,0.031838277401575354,-0.11435300509515477,0.022929196154835612,0.2610628698276736,-0.27107951249616535,0.29133602443641293,0.3097237242170538,-0.09694790344631007,-0.17860425591008716,0.25566871892219734,0.5762942506789525,-0.37192663106516516,-0.18684102394253102,-0.06299613466245084,0.1429300953429526,0.0644366691113404
grims2,0.01638650247669018,3.0,-0.08870672018100581,0.0018648999434377478,0.0015337704473470533,0.16712579142908213,0.9068136089231883,-0.10056597112894931,-0.1455258458397796,-0.14544378068254318,-0.059384668707643654,-0.024413538219409583,0.13954508192097456,-0.05345401313720699,0.17556509719405686,0.032553838342725974,0.03235327546096301,-0.03894707100395009,0.15031655094634486,-0.07709672604442232
grims2,0.0004570223045446724,3.0,0.2588039951345106,0.26374704393962534,-0.340045616980895,0.23726559025809948,0.01317414716496681,-0.023553816172056118,-0.25410546145002516,0.22942976805053414,0.3127673877151519,-0.08723976679292064,-0.2779549310189934,0.23987991100001763,-0.08372717345738766,0.23380532770498186,0.3700148451106969,0.05449978970849958,-0.30947184651532933,-0.18981918801553843
pedro,0.00028813176479011433,1.0,-0.315110187937675,0.1561373150424329,-0.43948875776818913,0.11726524756477928,0.13380526596267092,0.09367719755192082,-0.35170583644896275,0.08565501823983496,-0.19922141721805958,0.08250975668398018,-0.36335169680341395,0.11064249162589923,-0.08016978138514905,0.18347332558085985,-0.31590816238196573,-0.09164788249581136,0.3655517056686793,-0.19756999315772789
pedro,8.083162810961369e-05,1.0,-0.3557471749123592,-0.1442329689288624,-0.2688858826732939,-0.12570038931347174,0.31036888294721765,-0.029440385596283106,-0.32260721128005604,-0.1985158728460548,-0.33587638427602684,-0.15041485673072164,-0.21760653527435198,-0.16496745273167673,-0.25395661457738405,-0.1829857019545803,-0.3777826325612741,-0.06490104019863946,0.2509882256682749,0.07714873740855781
pedro,0.0005597633096757475,1.0,-0.25011200910105247,0.21115863512990196,-0.2664643699724512,0.2792284539709683,0.01417734257875405,0.15117685155080235,-0.32638600035856663,0.2707501440507287,-0.14428696217237566,0.32674123449942205,-0.3172590662687151,0.2662223747067546,0.017514231358237053,0.31804289250582807,-0.17092763668909625,0.22682854926510926,0.2426556150699661,0.029696292310945418
pedro,0.004074245085381386,1.0,0.14707381402435524,-0.03999361120789224,0.1855571541083923,-0.16358866179194065,-0.08641868831986307,0.4335451108275322,0.17448525571954082,0.2517916965391687,-0.008428746904949231,0.2993329139899773,0.011238895992203896,0.24523600055422468,-0.3639117932120555,0.30956739552295726,0.03777188338260441,0.47391556339485263,-0.03747348486971437,-0.14378605932796124
pedro,-0.0003912397890594449,1.0,0.13260030556323366,0.3954590966079259,0.3952390020402644,0.290574641110478,-0.029051112126625145,-0.17781228782445865,0.18139724624720072,0.28362311191250117,-0.080378616462621,0.3336665535151362,-0.009788007149012052,0.2827113129468741,-0.14328480371533006,0.15016385794708179,0.38396657539573864,-0.14599231598590656,-0.10977340709553828,-0.13373097538053327
pedro,0.001493702538312604,2.0,0.2135455795897199,0.20521059092684601,0.49010407721903465,0.05418252306137123,-0.11421880578467411,0.2664267965557558,0.23676423835451485,0.29033341304378035,-0.0011725850879789929,0.2898108553937069,-0.019529512861138285,0.3221196627248812,-0.04812393476477245,0.22393881799363669,0.36837577696292795,0.08198511584171371,-0.14267651655061978,-0.20344931528606852
pedro,5.9491004111970296e-05,2.0,0.16854790013962678,-0.24939714215496156,0.055932777764131504,-0.27354721720180086,-0.10458453754410893,-0.1997762428511606,0.1901859583455416,-0.27268014287830256,0.3591886251600268,-0.2784529715351835,0.2556806985544392,-0.2549943082463578,0.41089129684502956,-0.20153449715356223,0.17550029793442315,-0.19892138232455903,-0.2231254169384211,0.059265561499978386
pedro,-0.0002830613665392286,2.0,0.17089874193306615,0.36151775047616774,0.33924689853358553,0.3195962191403625,-0.02667074214987425,-0.18619805597564154,0.21867276646112757,0.3059245258689297,-0.0916556431492639,0.37797096372205463,-0.006766101942832378,0.2811948986847956,-0.05194653979185137,0.14942466691679784,0.3751461308520775,-0.11654214718928294,-0.15889821506175406,-0.10539938269736564
pedro,0.0029746145007836186,3.0,0.2462689077156916,0.28797655584152615,0.42313731297878954,0.32804983008538824,-0.1017018359945677,0.11866213808710702,0.2564240437654524,0.27365163505234624,-0.02383870801983611,0.24257961745448928,-0.0073904441089356395,0.28074669592431,-0.040037099135925784,0.228570255116187,0.3788360337044794,-0.07855495629162604,-0.11690502208585137,-0.22183002575037758
pedro,0.00013686783859481237,3.0,0.15590641057615537,-0.31935924365294166,0.004910398022016404,-0.28631243869158146,-0.10939260971266551,-0.0743229764169962,0.15677192536196394,-0.3111841865884384,0.35038315053722907,-0.2621016680581748,0.2705780157377261,-0.3307857805244043,0.3348525020316132,-0.26996633949165744,0.14173183613925516,-0.11794754528754686,-0.23947334401602094,0.048454968449888294
xxx,0.00044653221976737923,1.0,0.19371345328781445,0.2446629912050433,0.4662379264952886,0.17738492729338984,0.3434757997350083,-0.09565654030769849,0.0017121245115353607,0.10604643362283991,0.488189041838602,-0.04982254920807948,-0.10227805946265106,-0.2742039649568536,-0.3449011544853302,0.17183196138310944,-0.07573562808041812,-0.1139860546238293,0.10851846773469931,-0.09974913564185532
xxx,0.0033737280181471286,1.0,-0.17602598981263534,-0.09988282392199055,-0.03252746525498375,-0.31093264781958235,0.11790005531049541,0.340304625497083,0.22786978089819565,-0.06591776957412701,0.11922893043541491,-0.138897824424726,0.21469376640580554,0.0007978174028499493,0.300672506738601,-0.3637331983434521,0.20362353531988078,-0.18896346630911748,0.5213085372056837,0.15518813884119792
xxx,0.011152993404785021,1.0,0.25811999642915895,0.12808617759648822,-0.0013100362086501025,0.221787022839971,-0.14233492006832488,-0.12092640603619646,-0.31887850346458674,0.17405488946303524,-0.15954114518913015,0.23588907402280992,-0.08931607091464644,-0.28768845968509493,-0.46121352768821683,0.1962468450304807,-0.08580454975895614,0.3437355733866055,-0.10053427675121836,0.37712369098303994
xxx,0.0031514104808617314,1.0,0.4051487825193228,0.19964643617241218,-0.21236440944810364,0.3485214159892602,-0.4898037787858442,-0.1949068176775214,0.05847346614166012,0.2209052856320352,0.018101140881167495,0.015456664814571306,-0.27709980436580756,0.28990407131744245,0.0458720661181497,0.17431611887395232,0.23735508059709376,-0.13392449695545294,0.0680779041413292,-0.1628553041954499
xxx,-0.00016422636121993348,1.0,0.22171955776610475,0.33362187872386206,0.21691482435609763,0.29088366918783304,0.2851348045878533,-0.12334471225185993,-0.2715484396486046,0.28474194028489486,-0.19337594496067995,0.3599994079695771,-0.2970041812263565,0.23307334773717708,0.07817624245018612,0.11631694000688411,0.22228973344054084,-0.1089857258270869,0.1011933831735892,-0.2363024716202355
xxx,0.00014384493880925612,2.0,0.28196107694542366,0.31909643421455225,0.3569545159166696,0.3122967067626193,0.2624123525818907,0.014285610725983814,-0.3135883428757238,0.2889278999875883,-0.03395984614229556,0.24098540379723984,-0.29115270823676875,0.11436070198249139,-0.07767324060655924,0.14849975736688975,0.36932350327213165,-0.08166230414101774,0.06000951150389135,-0.10496578615972924
xxx,0.017078428781172852,2.0,0.20807562062700757,0.06334405940255483,-0.056312500925142124,0.2857935100485185,-0.04664038613085616,-0.10845550258388569,-0.29508798826162214,0.20474199128277046,-0.2692651806625636,0.30260784849966615,-0.1658704576010642,-0.14848615611008195,-0.4408463083986852,0.23309849962439644,0.009975742365408177,0.4100565124394082,-0.10301258960429115,0.2893694649895702
xxx,-0.0005210516745426035,2.0,0.17727828571464885,0.2844521007318839,0.07753713919887266,0.32027898138880717,0.2086597090649938,-0.114310993966898,-0.29725408063981584,0.2976113791701587,-0.24810650562049796,0.39234038871670585,-0.365194208970052,0.276820097004793,0.14359768065972797,0.0864144468946785,0.19930073807071125,-0.11118206770649952,0.045814648646071016,-0.1943641296180343
xxx,-1.8342511362981907e-06,3.0,0.3631061467758137,0.364392617032822,0.24235212436023376,0.2802264388539415,0.19019364294023772,-0.18982935780676272,-0.21332121504268736,0.30043688657288486,-0.1909123002908546,0.28056385585973553,-0.2948564966490036,0.1960242681499981,-0.0049966504772413385,0.1761704945726578,0.2772205591653092,-0.02295263379604251,0.13343536061600889,-0.15283961925469913
slasto,-0.000274954855812685,2.0,-0.23438190194160402,-0.307716092623,-0.5079419000131419,-0.01609211813746763,0.11901542018087723,-0.07163546583138779,0.24247450929562817,-0.19691830901545906,0.04973166347415614,0.11562631063263525,0.4521887515933623,-0.35705018193039467,0.10336929469328304,-0.120614287774809,-0.19094222460217983,0.05255022902490974,-0.15070753153235317,0.20069021706123474
slasto,0.0004383042967764601,2.0,0.35274236694019706,-0.05026472455262421,0.17812417895545862,0.07716179348565433,-0.30391327648075356,0.08866989993724368,-0.04039244886180201,-0.03854195233299857,0.08268165112428028,-0.11221391619534876,-0.4434829039928877,-0.5579850851839229,-0.008856723087206026,0.12007297298741498,-0.15156389714168375,-0.17113912561304975,0.20968396732036293,-0.30634172116459707
slasto,0.0029728894408087314,2.0,-0.07505001721921799,-0.10434343688206082,-0.07808727141079246,0.0971729217233054,-0.17244723261927364,0.10526189935764108,0.46192479246566776,-0.24735450821698501,0.4526298518783635,-0.20980183791778426,0.12439173320745046,-0.10761290571678517,-0.004781422656161931,0.07689880102972828,-0.2768800188705704,-0.1740219936857141,0.44572075432933356,-0.2550861598510186
slasto,0.005810207303018497,2.0,0.1315713426158597,-0.03495179823607564,-0.107645447019662,0.07224293907914729,-0.0557628021586011,0.09560887079203051,0.31562243895915415,-0.13846495300622466,0.3601465477177177,-0.17087499503003875,0.1253142188981722,-0.07872062604188074,0.15424626911540903,-0.1686054832639151,0.12943375276304164,-0.13120966189909902,0.30777916976724695,0.6869490198333006
slasto,-0.016125901352876774,2.0,0.5122287024175027,-0.03300334374986346,-0.14350772196676145,0.08268670657810105,-0.12567463639468052,0.1119471334709252,0.37302649569258556,-0.24002167812365321,0.40134161137423613,-0.16122089808273513,0.16211649705032202,-0.10373404084845944,0.25938565711649386,-0.17096817900361092,0.1759733665031583,-0.14199818977910286,0.1645117571103997,0.2918912238953185
slasto,0.01696670990640752,2.0,0.4051052132664101,0.010487723997691933,-0.034547442378196076,0.05497379641258077,-0.1110759378282054,0.08105712736453027,0.17132861502989166,-0.14718876356464394,0.23591733103128515,-0.0890874859493756,0.12490457425029497,-0.051546937528396536,0.11615426604373218,-0.031236424008570757,-0.08997884019295813,-0.11497385523916419,0.3586699840912434,0.7178853045710952
slasto,0.001322402896283027,2.0,0.3121010905949474,0.1628791047230258,0.0057514738041593025,0.05130009840493025,-0.19386015472770593,0.11100779019219427,0.1369370012038101,-0.31081847394785433,0.24696463337938607,-0.2217913834604827,0.20235016255870147,-0.17404705515058014,0.07933185625613777,0.03209856305115212,-0.32511073215573993,-0.18765419140440845,0.4472980659618212,-0.4223775012001842
slasto,-0.0018301120990208985,2.0,0.007902633762076642,-0.060221645756026565,0.08388567145228912,-0.046292729352193675,0.0896306664382492,-0.07207256554142627,-0.08392785004693648,0.17728844174077063,-0.17534194987979188,0.16335145929179948,-0.11703132425166236,0.10113703459692774,-0.06461519828074545,0.049095222848395466,0.186699392908093,0.13100657705922886,-0.23726218965020418,-0.8597535491269152
slasto,-0.0001408917597382494,2.0,0.4160370061059467,0.2541813093072298,0.3742604036881463,-0.129178510591131,0.024458848809467918,-0.0539035413320961,0.09430921398752269,0.17304020411297866,-0.15190782540998418,0.20451439294848742,-0.21557667556375917,0.036155207919604714,-0.1734520942267122,0.3247383722956787,-0.26885369805470855,0.22363877500599327,0.38825031459575104,-0.20481206442763786
slasto,0.000742699400832863,2.0,0.25685042622573345,-0.0369636348956669,0.025087225006827606,0.057462850330746544,0.28081451230776394,-0.7320820802895096,-0.1100039890253769,0.11969571743591376,0.08284411438400771,-0.09889348659219889,0.03723689455398373,0.09273384648517025,-0.2944979842149743,-0.14127050493367507,0.2081889645631197,0.3158690617977351,-0.030353576848114985,0.10073930015149933
slasto,0.0005735002732922977,2.0,0.24712589664203893,-0.13118042706989608,0.055802012363957466,0.07443958468661238,0.040079924856197484,-0.3174976459856126,-0.24886557000063503,0.015021928344659081,0.07456588589338792,-0.04677954400685932,-0.07201958539994158,0.17488448043009705,-0.4880474813839314,0.18050796579319237,-0.41494787628949636,0.17544388910260023,0.45784091258434084,0.14703950494653653
slasto,0.0021586584314021036,2.0,0.13788951721191792,-0.12109111723031041,-0.007533521295189823,0.08267841288605653,0.11310447503067753,-0.6693183331536591,-0.2857909466542383,0.2045179352840533,-0.0446790622968517,0.024320878320551097,-0.15650645579379985,0.25264984890852105,-0.2680932346664358,0.24796565710471813,-0.19003570463884562,0.08785684798852768,0.3159147745133612,-0.08507534521094283
slasto,-8.174728612877789e-05,2.0,-0.25415084671726446,0.3176055980169634,0.10963046978358017,-0.006213008245839427,0.3105855852521844,0.06526944620030585,-0.04340298156196825,0.33975542321940805,-0.24349596316563613,0.4361962521877299,-0.4258644153418931,0.23306432281743333,-0.20292174842900573,0.14490551479819982,-0.1149038307376773,0.11263458071576571,0.14953543393972732,-0.09366671997544244
slasto,-0.0020763477488392273,3.0,-0.005203647253718058,-0.3741550911059668,-0.4249788199714155,0.007500524244673037,-0.10243691806678162,-0.03592575888122419,0.02631878836280055,-0.34347442650345256,0.20865661793473825,-0.4047583694134202,0.45317059219994343,-0.2397917780682444,0.13457685507140826,-0.13777249430955255,-0.036687264576724915,-0.13307661153604242,-0.07905466147414669,0.12743044431124778
slasto,0.003665042854192462,3.0,0.6744667693799293,-0.03720214675429656,0.1478800270902519,0.08074778704997304,-0.44309780620974787,-0.24072671616758587,0.09747098369163323,0.09275185906339956,-0.008601371083044417,-0.15444475480593248,-0.1393732544793651,0.06951952205125514,-0.06489824903585652,0.19340341883966491,-0.1967164634173589,-0.21873078523378797,0.08334857106614667,-0.2442215086170324
slasto,0.0023059602524780473,3.0,0.17696523805849854,0.05673032650578791,0.1630039063246547,0.06685647749969158,-0.24944164190050452,0.1049120442529047,0.3859706285044819,-0.30207528435515724,0.3250896054493831,-0.23337475656727655,0.22938879916407573,-0.2125441351286974,-0.05706264553278898,0.22478239613296702,-0.32317122514427754,-0.20818219399585597,0.2075677331629443,-0.34407278083897747
slasto,9.949414066011578e-05,3.0,0.0779202042085215,0.3394566090914459,0.3225892306177908,0.1607835195004696,0.20484471933759654,-0.09918973820925084,-0.1469247601993745,0.24488308733167202,-0.17763397486532953,0.1561939190267342,-0.25731399613912537,0.1393190102785905,-0.30668218640084705,0.2759554489801308,-0.33536941525438957,0.21317743637421332,0.3354793538272876,-0.18217640585162442
slasto,0.004282389647703077,3.0,-0.21720169966804317,-0.18373958059470985,-0.15953363101746743,0.04744804280965268,-0.30685635332569255,0.03694236048265549,0.4803643107475445,-0.5240812183062119,0.2531029283412739,-0.11190612408108702,0.30796757658386603,-0.2042802408439851,-0.02155069599013846,0.2178719018894766,-0.0007662102070953949,0.1521415157330014,0.017231715232233692,-0.07673761789627773
slasto,0.001025571282956152,3.0,-0.08544214100461756,-0.029585121233355993,0.1845471760096349,0.048844835630590014,0.07817078784485397,0.05316822491582197,-0.35114503603753294,0.12795386382746476,-0.644461285470856,0.35716486025665456,0.16735408068132324,-0.40790631492958634,0.1872141369882597,0.045720469883920284,-0.07769484111056257,-0.0738734665444561,0.04742849375352188,-0.13635818040795977
slasto,0.00020197184291874382,3.0,0.003017826254843698,-0.3647274562891501,-0.23422000247441296,0.008292304559267057,-0.2211006238060921,0.0010827126815439302,0.25585951287052133,-0.1458069968987341,-0.10022093344905837,-0.09353418655571767,0.0017454508401268175,-0.07053225193138231,0.36832538721023916,-0.31542523795631455,0.3293064471470364,-0.42055122202975304,-0.316929906780534,0.17818121696341083
slasto,0.0008878984350915261,5.0,0.17955280757641529,0.21413713867486117,0.27873707214555077,0.36350821021241775,-0.025458783215836334,-0.007789426335083515,-0.14729603849062461,0.10036160543391028,0.04603646732340738,0.013024004181702029,-0.07755161956866662,-0.026336851949265494,-0.38642145132559813,0.36466239019669006,-0.3170870850799352,0.3711610908196926,0.32763333495263014,-0.20652036912893226
slasto,-2.1090276494357245e-05,5.0,-0.09413986330680198,0.2874219691713402,0.37816147034112735,0.362971236673745,0.25365883649328197,-0.085932794637262,-0.33291613409822085,0.2900864914853124,-0.073162743919323,0.09354942740509993,-0.23082588182569796,0.12345791346628843,-0.29579774595868097,0.17193727508472018,-0.1934485342466855,0.11668576241034877,0.30100306798397547,-0.1604222456894091
slasto,0.0072080388494777554,5.0,-0.04358988461925334,-0.21000875184138634,-0.1335148665643692,-0.2690740123100822,-0.5049647196387682,0.055240814601918646,0.5123912901188239,-0.41178518518379065,-0.00272045626566749,-0.05744741227677471,0.031160953987128405,-0.035785020218834215,0.07252618298531079,0.30857704921780527,-0.07398141445890141,0.21733814974112806,-0.03809056914936452,-0.11583341498264946
slasto,-0.0002103998965723823,5.0,0.032426399875724314,-0.08520087373410118,-0.27739066098487186,-0.03577837087495399,-0.1604417572460074,-0.0524577887359008,0.5083223130323209,-0.098296450138773,0.5752958382880278,-0.262808845276973,-0.11668965020099001,0.33263238613267887,-0.2285440001722636,-0.09075352563351924,0.07809219013981893,0.10382280143484687,-0.015588143229497314,0.12260848096683769
slasto,-0.0009787547247846727,5.0,-0.21317163528129313,0.5079808559319463,0.2828841016590205,-0.036190256303979124,0.4016782039776914,0.06855331556576055,-0.022107173816567773,0.22673555723176017,-0.21373826533493354,-0.14325241556291843,-0.28338204140727363,0.2887335767189708,-0.1361316865436984,0.1295120037180838,0.07077851924026425,0.34144278199589023,0.06877257206238144,-0.07571052273504705
minestra,0.0007675413909597774,1.0,-0.01650262797291472,0.2570696909880833,0.0928406764203196,0.16209911847192565,0.21308594103270959,0.022800617081733997,-0.29727490636284243,0.16923560789516864,0.025573156381648757,0.4402824314054686,0.17921608846761058,0.14709710363417328,0.051582095468274275,0.16986582066862357,-0.3456997675053951,0.04594872429335819,0.33590505268894255,0.4707263280945246
minestra,0.0008230709923236078,1.0,0.5785876310008259,0.06551845607720252,-0.2243648585474269,0.15259351582235037,-0.06739483270603579,0.08355447381626266,0.2702769812042912,0.090473480634225,0.07567639521236255,-0.1498799041127148,0.08802412137727622,0.005059651660779432,0.5390518614509568,-0.007998319532377908,-0.3167616822085389,0.21504983556609608,-0.11020007298479487,-0.09605582445143958
minestra,0.00027974542076645756,1.0,0.3959843620788924,-0.20120081356096275,-0.49777001632763396,-0.2771986667483347,-0.01715425803356558,0.060715149283463346,0.28429385186097783,-0.2471916013503818,-0.08321689870495877,-0.054161788920530536,0.1601446693112207,-0.21774464285577463,0.2791697049996647,-0.27287735364199894,-0.014594650665918703,-0.08325993638614854,-0.2498471024537284,0.1652545967106382
minestra,0.0030354471815417167,1.0,0.30433082060356237,0.14526788151684966,-0.12320659120085994,0.29265866049165457,0.05074941112835079,0.06015923152929719,0.35745784376404316,0.4050284397582267,-0.35363919945270833,-0.023236499199663453,-0.3989737172812825,0.30396007274999715,0.19946132147941667,0.11441860798122247,-0.18246187149265652,0.05452384426912963,-0.14183006001951204,0.031662244494563126
minestra,-0.00041383934008253455,1.0,0.4739647467024902,0.06399242629595514,-0.39985802467004317,-0.011098275982529321,-0.1833233130234666,0.0685543236654129,0.27493723299188605,0.01586240654113576,-0.20801277406190583,-0.09980850035942103,0.0370808708996917,-0.10492991597301561,0.4785788801818745,-0.191344059342183,0.02413015435439725,-0.24779532063856638,-0.27153736682752017,0.1735499829588131
minestra,0.00015478036193190066,1.0,0.25713152708993875,0.29919568528798846,-0.21564486557379095,0.15286067266078446,-0.061046366629057554,-0.531065002276091,0.1856618849941005,0.23371646595194753,-0.4391414709064856,-0.000526185660226887,-0.3227971017312131,0.2284786135767801,0.18806491237532588,-0.015660527345816265,-0.023043956805152938,-0.07093992835995476,-0.08734430800634274,0.039920744910479
minestra,-0.00011706409288703543,1.0,-0.12662627087222178,0.14897543691977622,0.05816866525538905,0.22012787487706015,0.38691522565145836,-0.5691115300866754,-0.17378239507048895,0.1883374602140373,-0.0932644431787361,0.02442777345670168,-0.12205178421273326,0.29556279813806485,-0.027307634781614937,0.2551537352149299,-0.2086262349475813,0.02575539847681186,0.2778055954566138,-0.26815532353738136
minestra,-0.0002755840691535322,1.0,-0.2991884909797891,0.2703590364711608,0.3031710721224833,0.22065586592322925,0.2821127311090607,0.0470810076997534,-0.408851813086532,0.21553738391509472,0.09528517185927231,-0.034090983263151915,0.08830570369234479,0.23121389482260354,-0.20652921004090583,0.26473300013436374,-0.1931207061971434,0.06205827113278185,0.30271244259395874,-0.29043310458206767
minestra,6.877192728714159e-06,2.0,-0.08799628648823951,0.24865442902251278,0.2099458700251626,0.31006925297937904,0.0796672423178273,0.0060572363596904134,-0.18056318586025086,0.2634467366167168,-0.13644337890973932,0.1779582510345579,-0.1383763234302872,0.314145698864057,-0.2082331510325009,0.2854683451289191,-0.3801568961804547,0.2850629555986704,0.30951516399394363,-0.2593494508278016
minestra,0.0030584399768606913,3.0,-0.12020852190722774,0.3235014368986445,0.42200458765965526,0.34956525920044573,-0.0290391502391314,0.03581439263797918,-0.23030932137451754,0.37316392765062406,0.009134039102422305,0.15319455182105926,-0.10314779697118147,0.3090427542591301,-0.21832522283031805,0.21835356142872273,-0.18136826662933128,0.0816945771202126,0.25104729703169804,-0.241985690223573
minestra,0.0001410281315310115,3.0,-0.04509154030101899,-0.3870464165726728,-0.1795115124784475,-0.2904696256668306,-0.10498436636179546,0.02247368949057125,0.04988259180250877,-0.3869938012359515,0.14917541531618275,-0.09926896937898581,0.18849037022255374,-0.38499525427364256,0.003959842791312655,-0.38872863370563426,0.2970428255552087,-0.0805146207484811,-0.3122925438160191,0.09251309204417443
dan,-0.0015802964466670815,1.0,0.12242069854356355,0.005117566559153741,0.43210549761856615,-0.040390063877119214,0.19142460455240395,-0.05673899558363925,0.10638511478775164,-9.494835773486318e-05,0.4354921552839602,0.16664406041779595,0.46238348275078084,0.17492487357193184,-0.25201786868702997,0.03189347830882135,0.16249911230839575,0.12905791576872255,-0.3524326226554961,0.22768015461180416
dan,8.24864580288956e-06,1.0,-0.3202218339928198,-0.1780777679875155,-0.3525901918710829,0.03832484327561874,0.2557306273896885,0.07646665606687836,-0.3395919061618447,-0.20311873295202418,-0.39872042057028934,-0.13101548089063553,-0.014382898355270908,0.09360214419566051,0.27170724298062404,-0.11675836787799855,-0.35900529852324614,-0.02476703059589178,0.2984164896814669,-0.14495947663251058
dan,0.0010006112935352772,2.0,-0.463226758264831,-0.11742848891356528,0.11079991243374403,0.09184754653982696,-0.14615923409588757,0.09837346708480213,-0.24395534181514814,-0.05654051290460381,0.29698793691800457,-0.2917329257320778,-0.05020041119038618,0.2469019316308964,-0.18335312620435718,0.036322626911448726,0.22823312352671002,-0.25217936941095803,-0.1348111585529517,-0.5015784141155815
dan,4.74070899101919e-06,2.0,0.1314831267893544,-0.29742458263250937,0.02201581933119289,-0.21626427607094528,-0.12751075550919477,-0.07657749296440033,0.10382251549441052,-0.20882783479325404,0.266597562205718,-0.20208818078872293,0.01851894027091484,-0.06616595156668811,-0.18309475828035196,-0.39009346249879345,0.4303356886875612,-0.12231838889886074,-0.2546005718293777,0.45075621507427677
dan,-0.00020846193248386476,2.0,0.25972950370782183,0.1457551863274671,0.2781602416727388,-0.12316763297282662,-0.09975030163442333,-0.0976863409611742,0.47421008306862317,0.407368473902235,0.15778607849764517,0.4719776649641401,0.021333572367797687,0.07727683889106489,-0.23340664592880384,0.25110783748437704,0.07007184227142486,0.15982668618779514,-0.06871128781529215,-0.04049355863680882
dan,0.0009797693838365432,2.0,0.40586227395022945,-0.15588456479946444,0.07602509683175016,-0.3585473972730916,-0.06288247941766643,-0.5522315257910914,0.2857560698756144,0.2582194836176923,0.05449140018691444,0.24418777977927936,-0.0036372554968593985,0.07790593088932164,-0.03995981679174083,0.22656217544590537,-0.08247557506484786,0.28978085217687205,-0.040693890187080396,-0.07317211328561496
dan,4.6839471862151806e-05,2.0,0.01718399252995381,0.7709938277285223,0.3670385257597222,-0.006905945259630594,-0.07093438732856124,0.0722148208480041,0.23763498789214133,0.26016280278305914,0.15353549862365876,0.056470125388614206,0.05487570582363876,0.08934230278335675,-0.06880238811266581,0.26731484174463727,0.06536952226735068,0.05623410322933189,-0.08080493773736132,-0.09052747043168503
dan,0.002083081166615535,2.0,0.3013222107079555,0.01385789602917642,0.10291087078174473,0.058442456100873126,-0.005204529186086049,0.08419211910911045,-0.19560266690267977,-0.22166077635628534,0.17290012335776198,-0.18600680803022615,-0.004418327094289078,-0.791691984605424,0.02078103773705249,0.0830502089197733,0.11139727818439847,-0.207791514675148,-0.055129663669088134,-0.20797493078350948
dan,-0.004296630718612446,3.0,0.07911543894505013,-0.024596208629564797,-0.12513254934723572,-0.08541688832515684,-0.02491921592460729,-0.11730643542538455,0.7238508505049995,0.0332696849646547,-0.3370820488298078,0.325331229502929,-0.05256929912701685,-0.15588950742867372,-0.031300739867402595,-0.10678572862398804,-0.07440246683337262,0.29212055052093416,0.05359125268777339,0.2794244108858153
dan,0.025992380904933436,3.0,-0.02428784423777519,0.02037267747618089,0.13252081278390537,0.0510376015936995,-0.02371003368646237,0.06419794628937688,-0.2442468860069621,0.015579185281092351,0.1850319124119271,-0.18536454536509925,0.010213494564429847,-0.8832263328822895,-0.01339962453805017,0.07067822051935506,0.08137114052194844,-0.1783106595331416,-0.05436448954399162,-0.13751127774489835
dan,-1.955360995187281e-05,3.0,0.3486256310404778,-0.20864770963526424,0.017536346665432006,0.05977700974583597,-0.02290713914878401,0.013571941768195928,0.055141048891474614,-0.039158102659395636,0.20727549990835073,0.20779038889670792,0.15895197900810823,-0.027234475351787392,-0.4035710499682377,-0.3279530269697072,0.21478645653775782,-0.08431509665386404,-0.19149040067988374,0.5943749854050085
dan,0.00034766872109426674,3.0,0.20625552423139315,0.45485906237977636,0.20180672220780838,-0.035767712018535854,-0.04526999941780189,0.09669504037060611,0.4688525443644007,0.39201069962867247,0.14941350871043954,0.27936516373182263,0.05423519746728783,0.17162404157292258,-0.20192398416070162,0.2968611306837906,-0.03348898745229801,0.22894818070913364,-0.08098425504934667,0.04358430812718729
dan,-3.658643777347155e-06,3.0,0.08292378273339897,0.4905229914999878,0.4185344283040827,-0.05977415132508112,-0.033387132100019444,0.08435724542219865,0.3628638793975291,0.3295694854934509,0.20942964530103425,0.32910397395582225,0.03556239410165123,-0.09254707278586967,-0.07150887333488036,0.2543178757010358,-0.0551818227434576,0.30057915268147833,0.0004137844153838502,-0.008109180447944191
dan,-0.000805602025410835,3.0,-0.005229828508271881,-0.3639676481178902,-0.5638381434924852,0.046388985431260805,0.010534400443354587,0.031597857590265,-0.029232775568485844,-0.04385559337559518,-0.29165004134924,0.2654159858365587,-0.01781932958483645,0.49828716822671887,0.159113028063541,-0.09963711603065625,-0.10486328290372679,0.23552613370468184,-0.09706592036684165,0.16822410536825935
dan,0.00012936206319202607,3.0,0.29284692159081244,0.2603036052671437,-0.1595801537324812,-0.02544891341642193,-0.007819682054778676,-0.5780279214283133,-0.11342397013457695,0.029616048111914414,-0.09658055001198962,-0.1474576264018352,0.12778790592497444,-0.1321095798490382,0.5627869456250475,0.07325881168435651,-0.1767628200521216,0.06123745420312728,0.19119924984947972,0.11809822561590083
pabluccio,0.0011664093485157883,1.0,-0.6956851201945937,0.3949891246547702,0.364035022375925,-0.005178686565166694,-0.07313291906059655,-0.04278657669096939,-0.2772072310981559,0.11508318655667325,-0.09390986651159532,-0.028463856123228083,-0.23485752941368399,0.11066600364126673,-0.007266185303421756,0.11980441585267748,-0.0889991516533123,-0.041656165374417284,0.15803846521029583,-0.06417141199828214
pabluccio,0.001429366670241499,1.0,0.0569819457206372,0.053283586968576435,0.08910629666540526,-0.228274014502862,0.09697641397307771,-0.11530616077984338,0.030526337849765703,-0.039485967970244035,-0.132974931696235,0.02319218254112619,-0.42788691065614715,-0.6199678830246963,0.20734191139454033,-0.041661997729699696,-0.038380265821440614,0.0178903582827862,0.26509333209625924,0.45410621672021095
pabluccio,0.002394730023415041,1.0,0.3311244717091957,-0.017887484443254054,-0.1422462034076913,0.06879110424113045,-0.6750261474380232,-0.1044976038009196,0.0758547919679873,-0.2424079613928866,0.31612298227202923,0.000767387192602334,0.1132131842690637,-0.011148310945470027,0.04663245305055323,-0.07877295450285261,-0.07240881799362145,0.03914808347901975,0.38327679387649977,-0.24298661019393625
pabluccio,-7.903340823706691e-05,1.0,-0.07803559387588112,0.2393778603875243,0.3633825267638458,0.2611664794806541,0.03473284877172823,-0.1667419989997611,0.02972207420171978,0.26961400073110064,-0.27404163002185317,0.08573675545849246,-0.3172764816533857,0.14999743455484899,0.27231999772704724,0.30396818544604143,-0.3652141715141026,0.12250267288232594,0.3033846683901689,0.14550231922951148
pabluccio,0.0011369719176736993,2.0,-0.1422025231838586,0.443987705093415,0.34023504967739265,-0.005332825226671661,0.1714813158158937,-0.19905668005720706,-0.27981730489315054,0.22000744697892907,-0.14486303381544266,-0.03086796169518456,-0.22973781459265796,0.23284395934778637,0.243139643144454,0.23453979683342815,-0.20483269555574826,-0.03417769566183633,0.34450074906945716,0.25742884195263366
pabluccio,0.0010376429844539189,2.0,0.06752272279128377,-0.211476502147105,-0.2849764224128423,0.14914933597518454,-0.05738121485997607,0.22454874982579134,0.06183096460362041,-0.38464482489476964,0.08805709277268846,0.037564721532315784,0.41065242709018235,-0.235573174657118,-0.1906181786436926,-0.2722790986557779,0.33356174883609446,-0.19954260897679027,-0.37591662726301445,0.07490883198110186
pabluccio,0.0026826654404315925,2.0,0.09313097202226334,-0.051755465197018125,-0.297616531453796,0.10559667882555322,0.06970511698875624,-0.20976874038737836,-0.026480807613226492,0.04949657699505505,0.1964894286680345,0.35624532905785455,0.24948266718803544,-0.06877047852625612,-0.25632478560921734,-0.5697450196956327,0.18381876159456803,-0.1632065335653765,-0.35525573355807316,0.16575561617266163
pabluccio,0.001036933153337823,2.0,0.10269857725899238,-0.20510799393971735,-0.40523970229162676,0.13913497217231385,-0.04979884737330097,0.25525962871352914,0.127393318789955,-0.24580182076217838,0.07877206006392741,-0.015087897178723754,0.2781808831565939,-0.18865625327647378,-0.2727660515133562,-0.2887012666488605,0.4800910922909879,0.06004487628953618,-0.32406543230731416,0.05702195889276655
pabluccio,0.004326272927855324,2.0,-0.0037832651931271988,-0.19569448130335065,-0.3153556292046218,0.12160776759225934,0.014700041576168386,0.21967815180438205,0.04167544126140796,-0.14396246329351936,0.296336800369501,0.6395653959116695,0.21248670649944573,-0.10632903885159198,-0.06329686588324343,-0.21453710450089367,0.15832967518247204,-0.1596834359888999,-0.34164832156916486,0.076654656432604
pabluccio,0.00037486134797483085,2.0,0.19494197222260876,-0.25681995367829213,-0.36836636206215834,0.14871994431655458,-0.11763268022357122,0.2643679458131619,0.1034606314556951,-0.17859125072790077,0.06594131969946927,-0.21517313126414964,0.284802950897488,-0.15938409491201316,-0.14738023801204003,-0.37700886610450646,0.38487016092374954,-0.012604046899702712,-0.37056448984971085,0.07266799019263252
pabluccio,0.006781153012460942,2.0,-0.012237653682332008,-0.24705730761297623,-0.39788186074587695,0.1345135805766494,0.02010215127457238,0.23589981941037677,0.005141805908980973,-0.32495659757260414,0.35196883695298564,-0.20647833353086448,0.2051995844327269,-0.1394863239058044,0.05531968413092064,-0.04423244416720618,0.030972607569587907,0.4582193860059142,-0.3954800821704011,0.017571279223526776
pabluccio,0.0007072351484345943,2.0,0.2921722536037003,-0.25649635852343244,-0.38532901870719216,0.13586799681828812,-0.1982735343307073,0.17062389301642653,0.183706321749678,0.04957062538739366,-0.09592574969042503,-0.17499536990012188,0.21149831842778172,-0.05922158245841669,-0.1776141244752654,-0.4697032045459608,0.3704929760411626,0.05931701920165966,-0.2980573343514734,0.08615561833534116
pabluccio,0.0014163416992420859,2.0,0.2568870559781361,-0.19946454238946054,-0.25370572346289094,0.12293263670385969,-0.49715339189230306,0.20172786602858217,0.30862717238881576,-0.43858577899830303,0.30685862131045216,-0.05712316804419087,0.12231643229777016,-0.046176309792956914,0.10201289176736045,0.007206407507561177,0.10528423124686397,0.008030291644024036,-0.3194732137415445,-0.03301943084354111
pabluccio,-1.5455782324969292e-05,2.0,0.2616780989104393,-0.12891000463135094,-0.14391197975348516,0.08957930437917902,-0.2580995012966087,0.09062478315265797,0.28933891950891044,-0.3360351323788186,0.19136294281411892,-0.02569898379846168,0.08786637183057959,-0.02916056966375255,0.05144724958561525,0.01406566890804694,0.14978984720125088,0.6990294059879637,-0.23325453365603602,-0.022898659450546366
pabluccio,0.0005197332450353637,2.0,-0.0016474234407303653,0.07552586079508619,0.2428964642806511,0.0701083489978909,0.16222208294763324,-0.2109080223039619,0.23572530574370648,0.3388029690046117,-0.42213612811136125,0.15290654637995602,-0.26609406289991,0.22950322261029635,0.160964353495092,0.2980545365382847,-0.3597334961978902,0.15906421362366285,0.20709427146288653,-0.2276541372376683
pabluccio,0.0002591844169232721,2.0,0.05344395213537034,-0.40035614941237463,-0.21611011798424024,-0.032978515858891076,-0.18202363288003975,0.257543697285847,0.3357614992995616,-0.27318667186218926,0.20004937528191202,0.07976085425428579,0.2359889629522086,-0.28356411639605644,-0.22972717470635076,-0.20149597492397134,0.2222743701369288,0.07704703526107437,-0.3132377683960404,0.27004303783832995
pabluccio,0.0011537352400489518,3.0,-0.06777243696025635,0.4640663099928056,0.35275665705951004,0.03651141669129555,0.12734700775697355,-0.15044052258786234,-0.23000868476987602,0.30293915441719244,-0.19948446177268445,-0.11001220152112519,-0.24222797447564334,0.28222288177634003,0.25274891270521377,0.20063198060945542,-0.19372651141090771,-0.07328540521555188,0.2670086263421804,-0.24940503605918515
pabluccio,0.0008999880519318442,3.0,0.20645986338052452,-0.14620105212144352,-0.09011345047287848,0.09164902573561784,-0.0019876764249529065,-0.09879143657970281,-0.1370437171729847,-0.13926359078467718,0.37681822910317014,0.7612508151296086,0.15465990848495492,-0.06843954005448082,0.27285141910527844,0.060663072102969805,-0.10123614028494085,-0.050230244864204215,0.063700081582791,-0.16274118682894378
pabluccio,-0.008097558835210428,3.0,-0.15559367173918404,0.37120828082830615,0.17698638312742415,-0.198310215663936,0.39909803907035496,-0.34488238797533727,-0.0799326202222424,0.022473663224154845,0.19787085744471264,0.21212751923570686,-0.33378505518890894,0.09865386753955291,0.21982140968105318,-0.04589154269408946,-0.31115367195592275,0.012665816656506759,0.356368422626979,0.05027450850553606
pabluccio,0.006271836056324959,3.0,-0.1198784134826558,-0.23961137445026848,-0.11722269651602474,0.13261161194679968,-0.15091439943596233,0.2348837271878403,-0.04797564485117341,-0.290306207152738,0.147134299169295,-0.17420742658776134,0.28869857268841614,-0.16830681774190664,0.24807166604637543,0.2619654842597566,-0.1307126019930022,0.5780874741637742,-0.27987642397365237,-0.09447595391189992
pabluccio,9.840914841193888e-05,3.0,-0.07104938589217896,0.363356399638486,0.03908362475474214,-0.18494399370002598,0.2539058671550779,-0.32330487789117596,-0.11664658106220772,-0.2751421996412296,0.2728638225740803,0.24181330502210693,-0.16183389983214708,-0.05544325804568196,0.15802003006937046,0.29513247766208667,-0.2822573542419078,0.23866977974692144,0.39362479761986485,-0.05522171872544295
pabluccio,0.0035689645253612202,3.0,-0.14255510497081045,-0.3345964368696729,0.03936460552185139,0.18839496429637495,-0.14162022871790164,0.3415093903467249,-0.07892398120275193,-0.04742346147162198,0.21550838947940135,-0.24484950602083091,0.29031697357232583,-0.07911068409239329,0.3835147858760069,0.21997921082672794,-0.23270497991387137,-0.25497385533998085,-0.403335365842714,-0.10612903106976115
pabluccio,0.0033417425789383955,3.0,0.22455874603931736,-0.2891113781423901,-0.0933000179558391,0.1601670014361481,-0.31436141066893875,0.29145439655428446,0.22500564047735483,0.26464620976573844,-0.3647020641425714,-0.18800397463411206,0.11872416654334175,0.05987183188297408,-0.18669868992975006,-0.22565177378156048,0.3201922820519737,-0.22213940244231692,-0.3208031414926896,0.024571476517483776
pabluccio,0.0051703055805525314,3.0,0.044947938396385535,-0.1413801080491084,-0.07362382397412878,0.07307430074320458,-0.5694103086424608,0.13342920911777176,0.14774656282872875,-0.43058065913813026,0.22093445774636586,-0.0014502942384642377,0.1640875984600221,-0.06096113508026489,0.3089393065153724,0.3660124278781365,-0.16699162794051464,0.23709810826978478,-0.1173953444150729,-0.10594200616281986
pabluccio,-0.0029772605998027446,3.0,-0.09996864316888761,-0.0664978434237028,0.12392985602275843,0.09648885034126042,0.45434963189591815,0.17219136100706262,0.4448591289386214,0.21011876020863823,-0.09490702416236142,0.020090764404680113,-0.27389690940247535,0.21995814003074177,-0.5225447063266676,0.059897918118606085,-0.05450147718646926,0.21037208793613757,0.08939611610241742,-0.1345782444338316
pabluccio,0.0008156277816121969,3.0,-0.07473966914346289,0.09005451692956712,0.2881652771599648,0.05274208025655838,0.10853660143204207,0.07489719575668631,0.3251155253450578,0.34762013545180365,-0.3870591744642403,0.2486709850835935,-0.2015866939169387,0.1430911133668532,0.019149805241772948,0.3256097582420608,-0.42392810924037105,0.27447016184525497,0.090737506458446,-0.11882172820888791
pabluccio,-0.0002924232881295156,3.0,0.018331441397039405,0.4175798504896041,0.30326111494512537,0.023000820944295466,0.10987603735462785,-0.3310717924977409,-0.4076460593953661,0.24987053154683,0.047654375316968825,-0.08331596670079586,-0.2319010876873952,0.26382401054738475,0.18560525582829981,0.26275225176526396,-0.25384198219597454,-0.1072173831425223,0.1704847315835181,-0.2035305505076874
SADAX,0.0014229065182657687,1.0,-0.09141446479681108,0.22921580635439553,0.07685281599418971,0.3060535619806041,0.09303148786527021,0.07569596767000565,-0.4113602745712588,0.1528533901357794,-0.10290521253664853,-0.12938449334692054,-0.3939915874503136,-0.589364380234513,-0.13725120352684106,-0.09286490057352184,0.1106929551842913,-0.06142032088492181,0.053334702459269204,-0.2373201786036385
SADAX,0.0002644023964511264,1.0,0.030561927205726598,-0.21233150636687903,-0.4116863865492545,-0.3246049370113523,-0.07266914421373898,0.17795870023481816,-0.27567925443841074,-0.2046755825834782,0.07468393708488884,-0.043388726062434435,-0.11132997950101914,-0.41308499066504983,0.36470534240243924,-0.2505102996343515,0.1801759159986373,-0.09611551758696904,-0.3072825299006146,0.04361944060363914
SADAX,0.0010240830569428474,1.0,-0.07411685933217771,-0.2831715171405157,-0.22517576226365216,-0.3085834146871496,-0.08858757708339202,-0.08077472167443951,-0.2664369129374835,-0.45115874007131856,0.4759088717854674,-0.18836361759876522,0.31576027327951106,-0.061784918076974504,0.2716346632269152,-0.046346846682781,0.0980248128394394,-0.008141733966877411,-0.1664603565471293,-0.026037051031574276
SADAX,0.0006467890406075263,1.0,0.07118299265552513,-0.2634167722012175,-0.1419641620036462,-0.3516119760625757,-0.07099895246519014,-0.09302265959781869,-0.2829425743808291,-0.23326380296579532,0.28791487992081904,-0.18563701379802525,0.3698687583684569,-0.018197428684417115,0.33692920470222165,-0.12868959483608303,0.4006609342649229,-0.20330629302597042,-0.21711358382811724,-0.004883251180534614
SADAX,0.0024498150886479433,1.0,-0.04941599084644746,-0.28903461914022954,-0.14773841297146842,-0.35462190495390433,-0.15725021550124405,-0.08869027511237257,-0.2725325597883004,-0.3424793263458679,0.5645122207554998,-0.09601460934311844,0.36499451468755245,0.002711073820126143,0.13089508618958745,0.11271888869182507,0.06146155820042394,-0.11924920739034763,-0.148524587896271,-0.10609578136805675
SADAX,0.002564837282070251,1.0,0.3240066322375999,-0.29367318411262333,-0.10828070624021191,-0.2728773895513699,-0.04589842173267238,-0.07710164255643283,-0.18271652275019512,0.15327044735047302,0.07227312187054802,-0.14806552491702316,0.21068083240219498,0.1201472326704023,0.32524642108409324,-0.499804195517206,0.3393442636761127,-0.1701308655521581,-0.24947311874657702,0.09882598630164831
SADAX,0.003136567904006224,1.0,0.03280939400054938,-0.1725364986489053,-0.033139176496039924,-0.25062304340390923,-0.23542638481949515,0.1525935878352152,0.39281039346023283,-0.48789862955199115,0.33875593633101436,-0.020416515919666815,0.3907726344863815,-0.0267870967970887,-0.037521266351188146,0.29599756464573457,-0.11997709279635442,-0.11636437357313646,0.06810324074193978,-0.20976243102946207
SADAX,1.8367124465241474e-05,1.0,-0.1499885335629918,0.051121358305674325,0.10310160375288183,0.21370979672322044,0.264290971495966,0.2964390893688061,0.22023618588157548,0.09603824616050681,0.07678857170196021,-0.02610692280383369,-0.1138310331404085,0.21132483628585597,-0.1365505308867118,-0.11032515594460499,0.1006135121242845,0.11424383305872023,0.7539425739338568,0.12852814389236172
SADAX,7.778594127377702e-05,1.0,0.21104994784704784,0.3939111569653738,0.31868326704177613,0.21287862185483872,-0.18233792208752825,-0.05199012793640195,0.033621982403529566,0.20229130838032827,-0.2915544328778821,0.2532087614965448,-0.20515718007486994,0.06278564789780938,-0.08110780946958412,0.2510988484837929,-0.267436802241824,0.06718235831588408,0.1927578944373545,0.4443450101792037
SADAX,0.006801164414431322,1.0,0.08376726627169202,0.11358936851776225,0.08631317723526054,0.30242002420038305,-0.26304977898163734,-0.06264025090213024,-0.13288377312806945,0.10423489169606925,-0.18114245607918142,-0.11376279522188426,-0.48527535241944825,-0.4064837611001617,0.24527855702806803,0.17043862379910163,-0.11067340467124302,-0.037492135736266065,0.14933690539684497,0.4559476066872552
SADAX,-0.0003529517785228039,1.0,-0.2821183361292667,0.24219752571797903,0.16372203481589792,0.30279562366092455,0.3612229293588804,-0.058835634377102375,-0.33603237803090213,0.11242060958257112,-0.06197439769341705,-0.12437843118957341,-0.35694438918007404,-0.43742437288524566,-0.29878254805559323,-0.032075322381355534,0.11023098983802276,-0.032679820496138774,0.10016651838420515,-0.1792972667227775
SADAX,0.0029021466820768273,2.0,-0.12186458783606746,0.24520291246130088,0.2411786912650418,0.3510396267620848,0.13971900492936482,-0.04432194457328906,-0.2842862304229977,0.16960815697528062,-0.11865975184674853,-0.07969422810340657,-0.4369659916669492,-0.4518815666870649,-0.271501755688489,-0.028455234354720933,0.2578521052877453,-0.059539125878439306,0.14098045550968225,-0.18044003798129732
SADAX,7.559170945400772e-05,2.0,0.20374673865482532,-0.3073030687042769,-0.36774831182343176,-0.31942145259965127,-0.15544816668612227,-0.07732589630766902,0.15289277220166972,-0.27860166544161163,0.30385041091480697,-0.1547342010141122,0.3327175281724752,-0.012811133167251748,0.3010195908386121,-0.2347852822260813,0.08817941097135805,-0.05678169211566526,-0.33298081221387466,0.02998255518752008
SADAX,0.0028340643400278282,2.0,0.0040993116140553496,-0.21071066236602543,-0.14219300534804433,-0.22940282433227255,-0.14127571187364912,0.273238129645737,0.5815834883095858,-0.4221613401629617,0.2869694409581734,-0.026639729235071397,0.34073539811340814,-0.033309513888022044,-0.08654007163019764,0.19839905623685689,-0.058840910436744304,-0.06597420106593203,0.0016014431886396186,-0.12931434578664808
SADAX,0.000887459812973762,2.0,-0.05771169652958981,-0.10201726936931332,-0.060228031202121696,-0.1544624532964156,0.1683845138157933,0.6946669381281404,0.246972485712144,0.06873888173492441,0.0663712881400654,-0.046756258116564926,-0.030398222353206782,0.13534317377191182,-0.06467493077224888,-0.2405661344878374,0.10655497498006061,0.01632964992177002,0.5140504915376473,0.13558490962182837
SADAX,0.2670748504893701,2.0,0.003399229405883851,-0.005348857001182627,0.05795569828960831,0.20789730941694762,0.11768709824056678,-0.03820168557095699,0.24692495209619728,0.13543485537288436,-0.03926064904363336,-0.0666771546880463,-0.05800983729844474,0.12454791697939412,0.019261918833253497,-0.13131488985290463,0.07511561353173798,0.025288360104808016,0.8942927953010773,0.10116757577535282
SADAX,1.4533964648101495e-05,2.0,0.08891084997249268,0.2342196141950882,0.3482051565584861,0.2505684058405757,0.014095934890846241,-0.0542004335972047,0.07218456183750221,0.23388581583286341,-0.3921353156594072,0.38562486765482734,-0.09935309228200799,0.11868709822803566,-0.1454355832861931,0.2692759604832467,-0.3990129183254747,0.3160717537577429,0.09044722702274327,-0.05259642652255648
SADAX,-0.00035626446974167114,2.0,-0.29226378910375267,0.23925557271822318,0.1906005591235355,0.2946574230625944,0.3187276887838412,-0.05011111740416864,-0.2700878031434283,0.15097264901914134,-0.11427549931645363,-0.09802137677981998,-0.1514254140347677,0.31543781715252456,-0.36757844354102653,-0.08379253229774976,0.4525202700918896,-0.10520850904265132,0.07557113381915231,-0.15987863487092147
SADAX,0.0029020340566070757,3.0,-0.07435698574464505,0.24802311840856406,0.3392139859291431,0.38060140709162593,0.08427864405055285,-0.07913835131181726,-0.2656529023909349,0.19360188679257975,-0.13597178593062131,-0.12662744576546614,-0.2544403035738376,0.43157049738188885,-0.17524504228596585,-0.04286599605477119,0.41484062988881215,-0.07917716049885659,0.049355118914608705,-0.22967645156777428
SADAX,0.000487700844844178,3.0,0.045293575349678594,0.34586094613752016,0.5553306552426764,0.3835117748492109,0.09021697183194557,0.10239577094302359,0.2284814581599523,0.21978485377924958,-0.22192259426436467,0.1975811946311583,-0.339014770686504,-0.07251130752576211,-0.12161945082105989,0.18418052747169697,0.13557574205955414,0.015678596869188193,0.12587754821415684,0.10981684572442878
SADAX,0.004852873623544404,3.0,0.231170448722342,-0.37205923757342385,-0.5111417235983235,-0.27646380486836847,-0.06427473986746493,-0.06789727014995123,0.18727499810009263,0.07938035433536667,-0.005084899219222504,-0.16977158202392464,0.18563276114014698,0.09190086761278107,0.2769962925005234,-0.3177775847910508,0.3002512094221953,-0.1653587546353327,-0.2307176794843828,0.011470484163702605
SADAX,0.003763807568383742,3.0,-0.23415846866954196,-0.3366343111671777,-0.28825067029569595,-0.26541750386319746,-0.0585792748143085,-0.0689066541249311,-0.32677341273585303,-0.4600537349757662,0.36654385609862,-0.1794527167702557,0.3329571004095809,-0.06945089817095,-0.15469682162043571,0.12576849478143384,-0.012989370335360038,-0.1215294489298877,-0.024664243936115743,-0.11901882438972707
SADAX,0.002459977091580884,3.0,0.23827368247888028,-0.33558602545234284,-0.32618428706288827,-0.2805153329896273,-0.06097213275618295,-0.07287430759912505,0.42371537100793205,0.14273802420786708,-0.06424449291955932,-0.1680079230402987,0.17387201106499164,0.0893259712789262,0.2442303487211112,-0.37185383313349274,0.25128719902499935,-0.18020142305216652,-0.2620558849920621,0.06169319815954025
SADAX,-0.000484880676456416,3.0,0.06487317205093561,0.21014908359844653,0.1727005527475829,0.23189815054786328,0.17226032232578198,-0.2227444154883908,-0.5063542533153761,0.45773427390980054,-0.24740024683509382,0.04515903981952501,-0.3686325089186793,0.06552815120150168,0.19529267132154704,-0.22545077709284006,0.07183673334156607,-0.024249846822306124,-0.03855894779141366,0.15228224464129958
SADAX,0.0067763081096269395,3.0,-0.171136638971604,-0.11168575132398983,-0.09789484059879161,-0.19109402515866855,0.13276795647109255,0.6980130805527535,0.2901587190321705,-0.08547411257295971,0.22621917403176334,-0.08553724547408836,0.07008832925311581,0.07152984231679929,-0.03723833722249054,-0.2981683864156748,0.20242594731990018,-0.09346692736934227,-0.31643977417296487,0.08445443380168052
SADAX,-0.002204893659978218,3.0,0.02170022897833263,-0.2002368439293833,-0.26700570331030415,-0.21168988332345334,-0.07797322315568078,0.04052502711126973,0.012455596424106655,-0.18407856431447442,0.39350091413379074,-0.3741217517314748,-0.03954390625404611,0.022555810420209304,0.16716796560547076,-0.220807466397373,0.47626357156500126,-0.43306066025386847,-0.04739768094830185,-0.10662467918500744
SADAX,-0.0008475429207838301,3.0,-0.5601193509780765,0.2007955239649164,0.10982063164335108,0.1958948377577293,0.40488279624333695,-0.033937780331060104,0.04464030208464681,0.17750400511919315,-0.1407924139925481,0.27025509701302947,-0.06837333348022895,0.18280193052171118,-0.4775730098735608,-0.03322651273573254,0.05289704682021585,-0.02880925762697466,0.13496662396863632,-0.12228659115202363
grims,0.0040147571828485305,1.0,0.21285458474068192,0.31283644990682835,0.42616048776590953,0.17709324490640008,0.2120525842186576,0.06517529045025344,0.05162586967012888,0.22780935329247343,0.4135598018780928,0.17124525658738707,0.1532666243323143,0.12892715590966078,-0.32549080324049495,0.16995504145498566,0.30863862989472557,-0.06818155489885457,-0.18391080292729725,-0.17620115119060897
grims,0.0005429523348683777,1.0,-0.4363316346778043,-0.3265759335363172,0.09105501866503321,-0.2755601030111231,-0.17794507511712784,-0.281109260929083,0.2769984282127165,-0.39344725805679476,-0.3272769596268753,-0.21239792635557564,0.13921212336279748,-0.004101842383691673,-0.1565436680414193,-0.22500381547216605,-0.09531788984613429,-0.10533907980491941,0.09696621733438922,0.013634625284423026
grims,0.00026006667916059255,1.0,-0.3383408183051341,-0.24069147346105835,-0.14558282888633656,-0.29888131866699,-0.1554324102309875,-0.21422491484519185,0.110456412438595,-0.1355037572721879,-0.20250597204305112,-0.0763826874832842,0.21818226768595175,0.04429390945581453,0.25788041717891413,-0.17809718019875093,-0.4711823494663791,0.2463031394779341,0.3696057457130148,0.05039311050622267
grims,0.0040918567209852165,1.0,-0.12274597055806026,-0.2105287524767927,-0.2087080138685324,-0.23707396781172396,-0.0223062787895497,-0.1629382353796748,-0.32644366671778025,0.30876522300778564,0.09276006422003406,-0.13322819006694347,-0.07872115395428304,0.22373257640075406,0.45358912470061236,-0.4564359745505328,-0.2396071554473962,-0.05111450674731376,0.22539256808135175,0.06625443653214547
grims,0.0011238704345621778,1.0,-0.007007655807947273,-0.04275050130439656,0.40871752925361005,-0.35016020569010986,0.40617051396527526,-0.09066824318861172,0.2730586547314412,0.05151859547789149,0.38348130564202354,0.12101458870843664,0.14818749503533687,-0.19881312622618885,-0.11308134428712131,-0.12570949429833733,-0.17552178876595448,0.09813348489613131,0.3444582619753257,0.21721466702732373
grims,0.00040880057395368717,1.0,0.2605389974774159,0.15435659228620024,-0.3134743065435401,0.28345507440793954,0.09080738321584804,0.25436528506857353,-0.22219173476350948,0.17046378456534844,0.09566351613212357,-0.10741885567754023,-0.43535804612214196,-0.4271761004764084,-0.19949314619298683,0.2091515833521338,0.14416199788199777,-0.10328464114244498,-0.2526290491804996,0.0823753711340672
grims,0.00022627992113654754,1.0,-0.292791974039352,-0.33786344534750895,-0.3668960470165448,-0.1565485786421651,-0.40826783418062423,0.042879893959908356,-0.21380928016709314,-0.1972641047708651,-0.3968184767470568,-0.0634999771820059,-0.15843153719069183,-0.07819910602491165,0.25181501456798333,-0.1762258159850989,-0.21977834142362634,0.08084066111845108,0.1717490035495174,0.12781840945353343
grims,0.0014381890820770573,2.0,0.3206247362526942,0.3474837730506095,0.03089733678826118,0.2799960659816455,0.20241549996080999,0.1871230641715406,-0.05954603001017869,0.3605976485851607,0.31476270705605564,-0.12860668480140208,0.004130792039617353,0.10620288868989833,-0.2974457326726815,0.28252733273348984,0.2612865971619509,-0.04196138887633599,-0.3164843492465459,-0.14878874575628695
grims,0.0010621081620895917,2.0,-0.181379281025415,-0.24069845252118705,0.05383373702881139,-0.28485574930277363,-0.026305040862524713,0.3577821846545407,0.1424091976920582,0.019589644143211897,-0.037844876468353536,0.22495841903221953,0.22388193132589426,0.10991333894492712,0.4044591096321031,-0.2999692059509289,-0.3483130966758586,0.2623318437801141,0.33006871866704834,0.09414940741195055
grims,0.004047944335419052,2.0,-0.14677348331303575,-0.22660538661128293,0.13449565534114163,-0.32256033766421394,-0.08367120534493612,-0.30654112056924493,0.3562412394039877,-0.3499225575095316,-0.24260065669972014,-0.016798331870667295,0.11481917136526988,-0.021122717845331155,0.2737509929341418,0.14330018086714852,-0.1962840186196275,0.3458432969706343,0.3569634759448402,-0.029188995286569944
grims,0.002123617711418323,2.0,-0.2163226319567391,-0.22400488065209467,0.016340831543756998,-0.3202648115621342,-0.03798821701053762,-0.2272069314122803,0.18076241125033993,0.11321691622952793,-0.04378473205123695,0.3730548322521359,0.19696970299476413,0.14534597024608442,0.3682483557834325,-0.3246830438651558,-0.3434902118791291,-0.01792758603256256,0.3542399883442919,0.12570678919283731
grims,0.003055250099557564,2.0,-0.1259082441963274,-0.1725106919212548,0.045024572605220546,-0.31668478548483253,-0.03625371250326549,0.010913427397489692,0.2762308729010678,-0.2879017692721055,-0.14298145320404906,-0.07622842367776868,0.17219115545510813,-0.03165570138552435,0.28024669088257914,0.13002826294493655,-0.2127102774419319,0.6141229911231076,0.33981251236190535,-0.03505986946232874
grims,0.0008993305282295991,2.0,-0.0576262993903819,-0.2150348125287771,-0.09546956763521487,-0.2791424857300311,0.27397352910575223,-0.01259910791603407,-0.19678111733241857,0.37326030703871893,0.18274974172182756,-0.1504404076099685,-0.06589862800646253,0.2286741687059356,0.3878558257203269,-0.5038375927442453,-0.07291407108035354,-0.04869143259767218,0.249543597453696,0.15241358686092682
grims,0.0002715537076379976,2.0,-0.23049797995686735,-0.21562423863281344,0.2371361805165535,-0.28053772472201305,-0.048643816685254734,-0.29033181542959663,0.30739579451546495,-0.18496460718548247,-0.13467959274696023,0.11115109238973862,0.4004489611491542,0.29127418339169864,0.2235606887951764,-0.1989363518481629,-0.23653728354457634,0.10916794331298559,0.24123590369204212,-0.24242215619694207
grims,0.0004983597792737703,2.0,-0.29630478144357486,-0.4242630058320955,-0.32542726581960324,-0.16077486320394005,-0.3640016477823711,0.14406773632819114,-0.16661201324291564,-0.18329473335513208,-0.3532217684702732,0.022431622680035384,-0.1308490055813133,-0.07876214471388632,0.2621827794664938,-0.1577156403184967,-0.30111278075324704,0.07212192533113766,0.15235912582333289,0.15669120489206395
grims,0.00317446568589865,3.0,0.4195527792053388,0.38805790631727477,0.05670921762317835,0.2726095382621754,0.21502049156969638,0.1406921370882651,-0.006259243159581417,0.2966933571090488,0.31622066307932667,-0.05414141106051956,0.049382028103015105,0.10656599495831579,-0.19474617273118924,0.2909752634464939,0.3248505547514836,-0.003324376053607063,-0.25592120937925256,-0.17723273938260892
grims,0.00032866609039654515,3.0,-0.3557399171380207,-0.26280219926903436,-0.0006372345884453708,-0.30651190611202295,-0.12449900933268547,-0.2748422604786527,0.027092186898380943,-0.15279251392102733,-0.09364975538110626,0.11191382235448977,0.16398480264536283,0.07343577667396213,0.29940793287445394,-0.2813500181138312,-0.3627947512977983,0.33880147887872003,0.347675412316279,0.07516603172675124
grims,0.001048460181104897,3.0,-0.04637760462169061,0.0240357875318018,-0.15560443298232687,0.37779223394540107,-0.4942316947320796,0.12655711120785146,-0.2653351741762282,-0.15909937576757893,-0.36617579411512835,-0.09480327510414495,-0.11799526022775715,0.1975458686131886,0.0935175868647212,0.09217255355599988,0.26381912859165335,-0.07328259237846296,-0.30533012469246484,-0.3047562158878793
grims,0.0005619549290283321,3.0,0.3228913463868867,0.25709820260946137,-0.2133648496235907,0.271410315817905,0.2155941213238336,-0.026820362175617413,-0.34456470597464406,0.2161684889594613,0.18580007691498945,-0.1233077966611058,-0.30381224158388487,0.03255870310784328,-0.23128142723304715,0.22265077644294834,0.2671946592898377,-0.1225843847713971,-0.2210767015606401,0.3411041543641558
grims,-0.0025698891197484725,3.0,0.34780392265632587,0.3609233734667461,0.2152480710273148,0.17905519600037761,0.34808140605736104,-0.040040840680404005,0.3007369777409354,0.22354763511009762,0.3461737043154876,0.02077805532734074,0.11822708823252906,0.09808357658059891,-0.26421046147664873,0.15421750724195643,0.3089840315726027,-0.06843613422851856,-0.12327480114009758,0.23320920138573875
Pa0l0l0,-1.5640142467430217e-05,1.0,0.1268624954793901,0.3318719533599477,0.0570075449243845,0.1817388745308188,-0.04602940446474959,-0.1586814303581427,0.46559594692724976,0.18361211112735584,0.06368494041564411,0.0481380429942947,-0.09946063008046324,-0.3555070714203991,-0.027451004220499575,0.17534998759509748,0.415916649835806,-0.14771695570573903,-0.3599405194767808,-0.24734690217189026
Pa0l0l0,0.001006793533053768,2.0,0.08413252187948986,0.26671489923532377,0.10262175853879128,0.20845883890625375,-0.08273016630984516,-0.17410251426147183,0.34991274940073286,0.17476992270366343,0.07345227278194973,-0.10444309970532929,-0.19490720333390912,-0.4859423455860487,-0.05375831202369285,0.19326896134354637,0.39371090074168485,-0.15803946936116575,-0.4021695771882491,0.07251759990847119
Pa0l0l0,0.0006266711469806193,2.0,-0.13538236117524607,0.050728733231690915,0.37741402418309306,0.2758398783010412,-0.15496980218354162,-0.14404854132549966,0.031559181517531766,-0.08291042631025969,0.027224840254897725,0.12415914535401644,-0.26301086282379293,0.2278098640242564,-0.08960691859635868,-0.04082560373780682,0.2507257966017185,-0.12107259416781668,-0.37488417365501003,0.585618032705881
Pa0l0l0,0.00011861912701644636,2.0,-0.20188690923827746,-0.30290478435001256,0.5182210624205682,-0.4624076553175849,-0.12994339979836853,0.36103374791600457,-0.08367886843818174,-0.05107105669896033,0.13676272655930838,-0.026850053827976193,-0.0916033833477462,0.09771140465041284,-0.060574595425028493,-0.33966904496680944,0.12143974024326332,-0.06732272339802918,0.21057211236405388,0.09081197660815114
Pa0l0l0,0.00011479438954516456,2.0,-0.2197003615354743,-0.34729029979470616,0.44631566846226134,-0.3464536428178889,-0.15358622919235018,-0.10835268288768299,-0.1025972055767304,-0.5280999806921335,-0.032607729431149035,0.20457516995487202,0.08738079216961549,-0.18024470774280332,-0.15249340690776933,-0.11442099770438242,0.1672224252050784,-0.13559468895391463,0.14592129239505816,-0.011048895550779562
Pa0l0l0,0.00025218312338824874,2.0,-0.17448010246591608,-0.32575273677730854,0.4869125173622243,-0.3410769635371778,-0.013797418516248095,0.3581687898684578,-0.08657629078917879,-0.21115907522523483,0.04873075922297642,-0.16507659622151533,0.15324978554726906,-0.11510380999069023,-0.06599922814792511,-0.4427712101787531,0.08151478536112908,0.12224310574424403,0.1779288371659156,0.09724911036780688
Pa0l0l0,0.0020658456669827305,2.0,-0.11185019037183949,-0.3072410856642124,0.3246317656199569,-0.3167670972534249,0.37663426647425285,0.042929847170353655,-0.1300608956773654,-0.5654582992521723,-0.03591504166861849,0.04298604838013646,0.23734087158303782,-0.1589890955771117,-0.0746848763620056,0.13116295639076747,0.2699143137718283,-0.14687394296339296,0.0693068800815465,0.015918730488809586
Pa0l0l0,0.0019423181614391608,2.0,-0.1013458200270222,-0.24928458114044016,0.28703597992380386,-0.3424832221938831,-0.0354637338701193,0.345895536974571,-0.026580862880347538,-0.4580183095222637,-0.15122186979572153,-0.009170378275659634,0.24081224417094177,-0.159799856935401,0.04430326900334492,-0.47680715264576107,-0.07686696026234781,-0.09069993590080996,0.05254329380564478,0.2093579971465282
Pa0l0l0,0.000734764041004022,2.0,-0.08634227104358327,0.08238884677472746,0.05931292314482506,0.15140335141675013,0.02498117163393238,-0.11460509221734735,-0.32603551258409874,0.20672112649544613,0.46624573235928773,0.4671131815341298,-0.0250860509623787,-0.15213923725119458,-0.07989917610491341,0.18234626570097834,0.4883434184950031,0.2067451056215122,0.1254626743671685,0.023910401692642302
Pa0l0l0,0.00013826736778532278,2.0,-0.41534088204433184,0.10611754438842524,0.0945623633098434,0.13638807537814146,0.3802754194081107,0.18097237123531335,-0.3681260955772758,0.05369888513748338,0.3416783831026107,-0.01720260196418167,0.3556168135126323,0.07433647528064753,-0.4427914380226299,0.09647056282764388,0.0049567493229568434,-0.07742396176140623,0.1102633992716457,0.018690222817081235
Pa0l0l0,0.0007533548192960106,3.0,0.33170967513310823,0.2810642428919603,-0.40966296619888154,0.19741712359230484,-0.11616097614375967,-0.18966982088745535,0.174301179727238,0.10689087964834905,-0.14600825820248406,-0.06215188028640416,-0.24882347365882912,0.20163042744941279,0.22179655562957057,0.22681428690026198,-0.32671627540707837,-0.17062446526171327,-0.3131039394959679,-0.2249928464718611
Pa0l0l0,0.00012609438720598298,3.0,-0.0673377003578352,-0.3762721968595065,0.1277429768093477,-0.41534957498223607,-0.04541216463772507,0.14417188311683962,0.1334819945115639,-0.40465525111291367,-0.3686198816198187,-0.2697012226636175,0.15363415737835548,-0.18063997366258278,-0.023824059361953864,-0.30369160247203947,-0.2618744237622027,-0.006116159972700289,0.1841320096388702,0.02168419412438912
Pa0l0l0,-0.0009234057659562173,3.0,0.3350729325982727,0.3327551759568951,-0.3582369571672483,0.1991045432652882,-0.07079879129266707,-0.17056819218513916,0.08179827090927051,0.2094878742336256,-0.03970789677926487,-0.09326912234899408,-0.17483845542595264,0.18096326226580273,0.36697370186324824,0.18394985649661785,-0.30151963947578064,0.3805888804000936,0.2132525019402093,-0.03168252543880469
Pa0l0l0,-2.1242367028027766e-05,4.0,0.35170697866477235,0.34469695242092213,-0.335077890215796,0.17953499647040286,-0.06379251696491578,-0.14314284986020506,0.03586202883644971,0.21812937517502617,0.006867214855690905,-0.1133020108290911,-0.17230129452857804,0.16249475585717016,0.35994760378869917,0.19906098541812192,-0.2677717263831722,0.4359610504884826,0.198445818833801,-0.015540820376561392
Pa0l0l0,0.0006128286706788755,5.0,0.3557965202330412,0.35895524784836474,-0.4072745338587781,0.26515280787749373,-0.08758591424140764,-0.24082360477094428,0.051899434943850194,0.15184109276076146,-0.02935820557344532,-0.09483436503537881,-0.17700928492218393,0.1382025510202173,0.2787515713577754,0.2928258576168412,-0.2565825919845253,0.24649553379933425,0.22037522765760822,-0.13441654967259234
Pa0l0l0,0.0013942954191978182,5.0,0.1268225880298524,-0.363159880787581,0.03969974831614456,-0.37819000112048196,-0.10503297660075121,0.465419108033408,0.077676050833595,0.13755681448152376,-0.2282380343541411,0.03831982143428586,-0.10222660768651312,0.10748592887417498,0.13259711226446344,-0.4511889850297765,-0.2961533392197945,-0.06661051851938295,0.1994168940549122,0.16185178406980544
Pa0l0l0,7.785609724760922e-05,5.0,0.04738295876955918,-0.4313856632032854,0.00999640024433364,-0.38972049411891346,-0.17026364497515867,0.040287809132812435,0.23685123554193535,-0.4830248906880476,-0.3842575179318441,0.12395389186082911,0.0916834594517432,-0.18128655204310948,0.06106921088449718,-0.06020905773963006,-0.2550679432073788,0.16620600811330719,0.1878049825922552,-0.00751282724035477
Pa0l0l0,-0.0009468702390418498,5.0,0.02384686556769227,0.24028380308997305,-0.0770568058970821,0.3539488434376358,0.06434181919249163,-0.12287383763873568,-0.13150332636759524,0.2960661195067075,0.3593932734413549,0.315094550795954,-0.23894441494541926,0.04734914073981609,-0.13929081491721038,0.4807994470630359,0.314281164220216,0.20383597418619337,-0.08121464544377978,-0.031926104132953534
Pa0l0l0,0.039847559216953723,5.0,0.1262872059738483,0.01390673380339415,-0.2556630796568683,0.21259429220051562,-0.08475529098833764,-0.158239946859296,-0.1600909941650334,0.26009681925638284,-0.10755149305769435,0.44974510555687264,-0.2405231113171789,-0.35785834568746255,0.21501234253850793,0.25238824637398904,0.13326359963746043,0.21576793571662434,-0.3740799702993847,-0.1840176218845537
Pa0l0l0,-0.00025159386750230327,5.0,0.30331412823753107,0.28537628674203486,-0.3188402154302023,0.23854925852401504,-0.03211062710734773,-0.1975472079057069,0.14593870126379002,0.2542011053869286,-0.1337015961638322,-0.145965758288188,-0.15846669588229764,0.27830061366728415,0.2679964008305834,0.1927599257295072,-0.08348352484461391,-0.1740260430814957,-0.448545189181612,-0.22989765286437291
peppe,0.0008301039774315953,1.0,-0.4212424526814447,0.338514861320908,0.16699719632765056,0.1666011159830086,0.16547969534425827,0.17823329119109774,-0.4112087559004296,0.002337022062676855,0.005123511346717099,-0.2734268665413211,0.054406029414720634,0.1410557888869933,0.2680512481875621,0.1814826648239802,-0.20983112770496606,-0.13916467527250814,0.271052110279644,-0.2911561658849817
peppe,0.000415518055377981,1.0,-0.02024677157197898,-0.16720892489067762,-0.19651556511288965,0.3058914129204293,-0.21076491595437846,0.3106263300905866,-0.19930663356820597,-0.10486832279777951,0.2824232840192735,-0.1637346921379341,-0.0422286684495994,0.23802957006891054,-0.4741446992791626,-0.007006504048294016,0.37493913974360304,-0.12702821121150698,0.08706866322286425,-0.3060068501489244
peppe,-4.456511868172894e-05,1.0,0.09290359345432496,-0.01620098107890955,0.04213803253504855,-0.15204265592817448,0.07354939112454109,-0.29451973190754915,0.416693427476056,0.2487689947127038,-0.3476781504547417,0.3871453895706869,-0.006853082510930757,0.17099350584482595,-0.27927052837231786,-0.2840311595350797,0.31305468808398146,-0.14436941518058138,-0.2185385135074066,0.11500038637456342
peppe,0.0034149032065018243,1.0,-0.2257733245238207,0.5371335576476657,0.27062041389547326,0.15201858771899962,0.02382918849479228,0.2557152870896604,0.31593673574157694,0.18677946664892373,-0.16787361493967692,0.2449817151906181,0.04431594289580961,0.19124159329519547,0.24334151481997046,0.26071809899307796,0.1650403641951108,-0.14796126602331916,-0.24148323856408765,-0.04625241195459493
peppe,3.333226289381236e-05,1.0,-0.358994976341018,0.5369182456669614,0.3990522938632243,0.19586185176417834,0.02901648970965841,0.29572232483824673,0.09310867460310407,0.2367497039112396,-0.03096198529360138,0.16536327350665553,0.18439706590567773,0.14920146741807258,0.06642234372797894,0.17255119316140355,0.2380070348140825,-0.1626226285751365,-0.07758667872390837,-0.15606887365936173
peppe,0.001998124196945167,1.0,-0.30495088323583647,0.3534552069970227,0.06709221652242806,0.24527791986718336,-0.11181830867912076,0.3194371535012575,-0.3099089321598848,-0.18476888247016793,0.3281634662880891,-0.351626534493829,0.28151114475567757,-0.0699393027697589,0.15952583686358018,0.15160425976707834,0.20131500732724808,-0.1452411613185422,-0.03989950680641614,-0.21346119925482962
peppe,0.005842891093021554,1.0,0.1774929951383158,-0.11511481484705932,0.07361538347174329,0.23757743123562897,-0.10655528083055212,-0.2636361986463191,0.2594166956739327,0.25898256914077067,-0.1458772718734159,0.355715457845838,0.022508875293837317,0.1552640312713526,0.26501233016344083,-0.3435645981413136,0.3994064018200246,-0.21055000040667793,-0.29523687776602664,0.16259918927706166
peppe,0.0023832905421036425,1.0,0.19428631280376207,-0.2520705363174356,-0.014308425942679438,-0.3892503274596994,-0.4818184680868767,0.13322567105815186,-0.013939645725175196,-0.28957716192429,0.3397292593542763,-0.1341524820305713,0.15851870895440814,-0.1233711631301168,0.031360230551200546,0.18697564098519173,-0.20356102161480516,0.37934573738507343,-0.12940619830122602,-0.03541586137368303
peppe,0.0015333509922569077,1.0,0.4161638663451018,-0.2063252129819344,-0.09246907050653741,-0.2890037095841773,-0.44426054385088504,-0.3244650493047627,0.1744628372238569,0.1356956067194922,-0.019048321155783365,0.16843521245715506,0.03534155382554214,0.07609013391968686,0.30254657026125564,-0.20701172668314813,0.2800573633324161,0.13827962632094767,-0.2551536238306581,0.08860734967467494
peppe,0.006626411928321528,1.0,0.2110991977514917,0.05877683373044729,0.1331014236920696,0.1675296119862532,-0.5555518216038365,0.12787811035524588,0.12138688563433944,0.016707202346205017,0.20127110466775222,-0.11841364236648641,0.1068264636707389,0.006580738622404129,0.33396504528886983,0.1976026136691626,0.058402678509647664,0.5340382847620784,-0.23687228660563797,-0.07009260793043727
peppe,-0.00039968797575797634,1.0,0.04074263851570401,0.3300899203978618,0.5446332854266868,0.12162773808864215,-0.4786870636593255,0.09512393034906895,0.2655354845331564,0.10928759406420226,0.3205203346577177,0.036101732254750954,-0.12432091709611967,0.08072623634258728,0.34169329308609425,-0.040702157822539324,0.025534357089437812,0.06732355871762279,-0.04210986748601612,-0.07708117179181542
peppe,0.0009443053182307787,1.0,-0.18900309542181878,0.26889910408683637,0.5422744399604679,0.1959237502158915,0.010458142700186822,0.173004554291265,0.16289282826595575,0.2037186500451416,0.06189568548713842,0.12368571386785714,-0.12130661846103528,0.2496072512703617,0.20579571314440706,0.2572927992775329,-0.4189047883733027,0.1284064601475773,0.1646234597360768,-0.19410825736743706
peppe,-6.95672323481254e-05,1.0,-0.32972515951472875,0.41868432218752527,-0.1722229753799583,0.1554095601024982,0.28723622682626304,0.2255039335387189,-0.48732154376955616,0.017201129017985425,-0.1243681954159243,-0.24604024002843897,0.23210175272409894,-0.0023219803061589397,0.17659900850060994,0.13195694145125603,-0.16272623040249415,-0.13035052160182478,0.15958856412826136,-0.20884858513945553
peppe,0.0009072094361984594,2.0,-0.5100974422769663,0.4539460212627596,0.19382981390771412,0.3491232244254732,0.11576980482203472,0.2735889187137069,-0.3294086784566672,-0.0011118209647239675,-0.015695828076587662,-0.23332200914794546,0.07314223728317823,0.017655565546076744,0.027953544493061457,0.07621902820085817,-0.16871062896624958,-0.025002011593199994,0.2273780217046316,-0.17258279582384672
peppe,0.00011730529886620559,2.0,0.4273001064612373,-0.370347908598309,-0.2859135010862796,-0.3142465441753452,-0.1781164094357029,-0.19473631586006987,-0.09778362642417408,-0.3525861710538339,0.2614569450238571,-0.10915947520165259,0.04709544715073125,-0.12456801236653081,-0.21235450329478203,-0.19226835774386902,0.22450481848186954,0.11864131723608679,-0.21107953709101857,0.08442921446925823
peppe,0.000569140198441279,3.0,-0.27154165144880443,0.1570935385574348,-0.2981254864820099,0.23434986552859935,0.09125759274538894,0.28008719402357657,-0.43355040089783176,-0.22656425817383366,-0.09776885331188466,-0.27062988532847376,0.3295628502758486,-0.06183401683079386,0.09784918001774534,0.22027125921474514,-0.20263919694006224,-0.18504518715454724,0.1600815973306986,-0.27830776937129265
peppe,0.010677011546004216,3.0,-0.1138595852706187,0.12282868133068081,0.05846847886668014,0.11766691252345839,-0.05962420524632394,0.1465144333856649,-0.05153885711457237,-0.2001276143965345,-0.1486128104003568,-0.07791461937922534,-0.8718064112046222,-0.16753799632964012,0.05156080047738397,0.08489653155859224,0.009080379991386613,-0.08026511466314501,0.04491186863479486,-0.22864031671875526
peppe,0.209370741513634,3.0,-0.061520399680724466,-0.008566939392593242,-0.1768696258597769,0.15333223544502284,0.16566131549286287,0.16845622552158876,0.1677309235470878,0.21660135914895956,-0.11943980485700054,-0.0038909153617234897,-0.006725702239527781,0.19159650935190384,0.10642517893961173,-0.21616491766371318,-0.022681788349509006,0.0041504017650138714,0.7029130702419636,0.4547193622870987
peppe,0.028526613754882378,3.0,-0.030612916633232956,-0.01310573019899447,-0.197640918420196,0.14192032363742357,0.21866810129338074,0.1570218507305565,0.20848227606840294,0.2093013166984503,-0.1234795060642415,0.3788243865904828,-0.0016467162699256757,0.1782345727013688,0.11134877046581693,-0.23761617990687442,-0.03308402775620949,-0.0036228274362968683,-0.6340652278922951,0.34265508902425745
peppe,-0.0010790984033986614,3.0,-0.09380124687465197,0.1354174056655435,0.31840282536139164,-0.07362111908053755,-0.3033934606090953,-0.13705257876027566,-0.13830123496622018,-0.17243184576551718,0.10436821415697045,0.04635922925006117,0.07857877009272703,-0.15513055805517334,-0.14724351168695662,0.2959439609085165,0.04505800986734199,0.06001504584527846,-0.558017277656946,-0.48663255373095776
peppe,0.0004448760933869994,3.0,0.1631441320754355,-0.22197878623170053,-0.21471919931399921,-0.30564747365893324,0.0283518379766564,-0.049932575695741416,-0.053216759823401176,-0.16373247819200965,-0.09948264572314874,-0.04621568009007157,-0.40938369338232017,-0.42795777934865303,-0.0156913328739816,-0.006363038783833748,-0.02930677344080044,-0.07910946378730425,0.19181039804337327,0.5870916255021034
peppe,0.00029117144909093334,3.0,-0.10168202963946713,0.07238171727639942,-0.11085084481449724,0.11501171181195832,0.4208101619348868,-0.1818327723757264,0.23023609912693643,0.15594293586035068,-0.08375970391793607,0.21912436049624595,-0.007988944815898374,-0.4671135330834732,-0.019798135873821305,-0.2047874526802179,-0.2226276216344278,-0.053101639138877346,0.4563440986878462,0.30851603421276874
peppe,-0.005201196194559522,3.0,0.030746670581420703,-0.1282693468457647,-0.29360914964264995,-0.1043860197314255,0.34151043641777773,-0.1258703622063242,-0.029437452270121907,0.21625982413262207,-0.10981045621630763,0.07306257989894795,0.5534213988799823,0.2386986828796973,0.07720424950461542,0.17999156351192896,0.23091908602360695,0.044264963930506725,-0.3924322302647785,-0.27766694630861477
peppe,0.0012876607679505518,3.0,-0.3072645535281822,0.19217072333883456,0.192804267209385,0.11385035420630996,0.19880816645632643,-0.3090195829509309,0.16146141306556341,0.12404672105677315,-0.14389294137830924,0.1437518825901606,0.07152078579300272,-0.2242592628159558,0.32562057200046923,0.22260650972402718,-0.5354834652433793,0.2540146786597028,0.09914707535177715,-0.16909338773808047
peppe,0.0018514591181498184,3.0,-0.3828627744130949,0.3137019400730977,-0.022278764118676228,0.1441388769353443,0.34790634125615566,-0.2085255195787757,-0.3826646047400407,0.014807917603264996,-0.2634962230957139,-0.222979759508507,0.21957202957548408,0.02670713848826895,0.08954223787248168,0.13553411505391405,-0.2771182203941689,-0.1319778576133094,0.23979058554108257,-0.276381555267484
bigw,6.078420399917635e-06,1.0,-0.3168343250275198,0.2484545820845112,0.30243291325139127,0.26504593773919627,0.10049173709618436,0.051015513584555736,0.24197016019749823,0.26474555493483537,-0.23084773195490096,0.25845835817733503,-0.24754777159959984,0.24498011608010958,-0.006985547234471287,0.24046311557681468,-0.2347964548294061,0.22867386677036527,0.2640840442749093,-0.24168371540983266
bigw,0.000684868384066441,3.0,-0.2065127127823077,0.37976292972190384,0.2733190864648292,0.28652836361240547,0.024611524690067388,-0.006397266334607446,0.3293887306565863,0.3256172481681628,-0.1449804050419676,0.3857664519121603,-0.2702979790394273,0.2528696141006227,-0.036825641119613416,0.1195881314093129,-0.04346338057279568,0.32099628232671934,0.07945458999411291,-0.08615879556421331
bigw,0.0005596054349458196,3.0,0.23476811551082397,-0.3659943608730055,-0.3498839125013371,-0.24818123828987596,0.14596274971941484,0.41184424367948674,-0.1293513934211447,-0.22535177417415433,0.04444111108297111,-0.13985470134409309,0.27996096349616745,-0.21058155790106994,-0.14304866212311548,-0.2548773085181871,0.19498171431408032,-0.17918346554712786,-0.1728690983988322,0.19695841188681645
bigw,0.0024182344953506477,3.0,0.19361609588498985,-0.37070127561171373,-0.17889264939189675,-0.2905237615950348,-0.013636151335013296,0.19970625386506125,-0.48821383751319836,-0.3604803715980153,0.10199412110215907,-0.2037751043722541,0.3123581050314128,-0.2714425204510621,0.09489639963277943,0.09717358888466794,-0.11916166780283284,-0.20068175850586797,-0.0649582597295167,-0.0018309306006042048
bigw,-0.0003374646313331076,3.0,0.05509983302410346,-0.03383685612600629,0.16493729708624824,-0.17399371200486438,-0.5043810676985757,-0.28228756380553727,-0.0690666232548195,-0.20872240532882128,0.1363174705418426,0.0090752231366172,0.011685928482586526,-0.17160234559180784,0.21100886658804788,0.33369395182332373,-0.2207802517990568,0.1983278379384965,0.40596405502366256,-0.31449862036018256
bigw,0.0002898146345588703,3.0,-0.26452320524312445,0.23987097283618009,0.2764144947650387,0.2736627402391138,0.140281925620831,0.11834614302886468,0.2651621274093426,0.18553579021542785,-0.3037196706434638,0.17629048044616524,-0.1188603076816693,0.09386330361216606,0.28673402386581426,0.17419810741343408,-0.40241879365630084,0.18018230657839399,0.18918249975640472,-0.30619241950929316
bigw,0.00020570350772605955,3.0,-0.36390560361436985,0.37200316672872724,-0.053186430935344566,0.24483187485805588,0.3047971783222557,-0.08659291628461624,0.03446116115252261,0.1270515834026276,-0.22779468413617215,-0.07181161683825885,-0.15449063160368023,0.24969042181247753,-0.6005290515085917,0.12991948894506009,0.0680588489210891,-0.05340084163842525,0.12496616885715937,-0.06936266124049842
bigw,0.0004928684500786403,4.0,-0.3205137362717215,0.4273953312972807,0.19685317138697764,0.3288088030701159,0.11925839353610121,0.1550554216422434,0.3116317955315034,0.3558739904378427,-0.24785196222969422,0.11348731614469937,-0.25946211969599225,0.33267149262188317,-0.12458619373637417,-0.019484706937276774,0.005741614749897358,0.19210657344826945,-0.005977257864925715,0.02316186227743719
bigw,0.002293972880989798,4.0,0.2679418543794076,-0.2712850244496299,-0.2135456952655483,-0.22501687182533414,0.05115775813991224,0.2569538740179054,0.011811284546489165,0.06830786284398202,-0.006918086028625359,-0.10071973670164457,0.12240651867439772,-0.04801675701148784,-0.11180570650622185,-0.5015204633440471,0.39725231178608256,-0.15569688001338108,-0.2677149746187533,0.37376804965766663
bigw,0.0005073612735234761,4.0,0.2811969446443229,-0.2529189764722808,-0.2608170566959892,-0.23984874557387664,-0.17831738710847794,-0.2933517459187971,-0.3456709662229399,-0.43391952761886765,0.22476516274565453,-0.17568436362193157,0.22319133932107624,-0.29478960933372494,0.1866602646066332,0.1359247293298563,0.03286927195547863,-0.13930210001011842,-0.11617748390148615,0.019505924897637195
bigw,0.002153875656673456,4.0,0.14611603860534944,-0.2616156259027723,-0.1740850612933612,-0.27623676118563706,-0.07820097443672958,0.13759133887540886,-0.17438487275540807,-0.1190579217295414,0.12858862986868685,-0.12741464987095227,0.30037517524005813,-0.2270962082141032,-0.20066388250265912,-0.35316971623293264,0.42878557840509895,-0.18778472652200842,-0.25057748798482143,0.3353979895126081
bigw,-0.004533805287029716,4.0,0.043820584320259745,-0.08083687927795857,-0.15392645054821694,0.23863019503699162,0.5002699796665553,0.3286602242642092,0.3560036017095998,0.1756328642730471,-0.38268073346523457,0.15984956215778012,-0.23197718498228567,0.2743588144477426,-0.15468554348603555,-0.17672963832863653,-0.0784802875247081,0.1634696363974328,0.02237503127999302,0.07354364998922955
bigw,0.0030407386474612993,4.0,-0.1014673136603679,0.003718984534255898,-0.06058611219735971,-0.22711270177901668,0.34181602600613425,0.2843297741736003,0.2870728422715657,0.3162601513752338,-0.13547740677540845,-0.14211864355300827,-0.0900422077919347,0.14504463350465033,-0.2413287016351697,-0.2831836672226811,0.14144871662966246,-0.029659303614787386,-0.47340822564362606,0.3212383942569849
bigw,0.0020653818437944373,4.0,0.011972161314291567,0.10415659192266759,0.25237986764814235,0.2809373254942373,-0.45842170508429536,-0.03634108110659565,0.05518214964862557,-0.028797646725802997,0.24731965466028372,0.01038100631730445,-0.7208507526515426,-0.08392625675020421,0.0807806565890564,0.03384280653347603,0.01233842806321546,-0.03160099464139104,0.150027272222592,-0.1084762284585291
bigw,0.0011269127669532818,4.0,-0.21665048453170127,0.175716751285094,0.19163049107649832,0.2693474540185346,0.13425374491644418,0.17979258786124414,0.3883685972552312,0.16056738944497279,-0.30454827695325276,0.3155962610840041,-0.09821736334535205,-0.061291290079511875,0.23685653482048652,0.10316435920657363,-0.26394444602900824,0.1961473770188135,0.36088370545090137,-0.2740055774000142
bigw,-0.008325435728372911,4.0,-0.24533697106746433,0.40989980560070166,0.01944747169012407,0.24144459214558478,0.24292395723029697,0.111048058700558,0.08076134501551525,0.15357062904316457,-0.14473687793403478,-0.08335677356266134,-0.18944494623931132,0.2861866040951999,-0.4653401408761532,0.15905250266787024,0.13524482865633425,0.42141758700089715,0.1402878085021944,-0.0926020252455531
qwe,0.0005295272686138098,2.0,-0.17271591158063504,-0.0570416345228244,-0.36717192510875235,0.004156923919893937,-0.06776025477164443,0.04111277490522129,0.0831982469664266,0.41923942983907053,0.037828927767353804,0.3882696737360327,0.28483050171089197,0.39158376227488867,-0.29443685088600613,0.2022964462019436,0.03531854902816982,-0.22826733481778078,0.05684348227317734,-0.2688224493265557
qwe,2.608216097075189e-05,2.0,0.39049011689295926,-0.1945871335947471,0.20164019827094082,-0.36800855366379903,0.10663726959434254,-0.17306609428592243,0.15720319625452547,-0.3284342376957684,-0.14160644015422022,-0.06767563438679731,-0.36615292173280684,-0.048723806863756415,-0.012866302056610492,-0.36293895393000547,0.311539520180433,0.09039533952182333,-0.2471583805318919,0.019466620400539845
qwe,0.0002794806194488892,2.0,-0.11443871934117897,-0.05239636484719257,-0.008378215531988567,0.28231687952281925,-0.09002691492533459,-0.06937561712619048,-0.07204854094105986,0.1288349555488133,-0.21792763775460858,-0.21543031072042393,0.1485086124674798,-0.5194334846053658,-0.2780337026679959,0.033255475806039,0.1905965989418882,-0.20151381948316063,0.36011755362738446,0.44596109353754576
qwe,0.0008416099868015764,3.0,-0.19213688559809664,-0.033660189319160594,0.041922539124549414,0.3196601685541762,0.010869612297942076,-0.12213903610111905,-0.07228601654395421,0.15749060108727647,-0.11496778972929048,-0.2516406434019011,0.2056254090451129,-0.5110973381520341,-0.5161153806293072,0.14661798149030364,-0.0804119228692441,-0.06781311111491849,0.1891910915677126,-0.3133254679202425
qwe,-8.97186470570709e-06,3.0,0.4057911903407107,-0.22568847471967546,0.17244423818698695,-0.38665843519418025,0.07807928305831213,-0.1221491045862775,-0.0005080526454707038,-0.38647603217135884,-0.1952715497927072,0.21913130407923684,-0.39297818584297367,-0.05706613058703475,0.08712105422143676,-0.30181509089581343,0.1544595583143779,0.2418140167734304,-0.0863689901534687,0.0496386318990172
qwe,0.0011322701974428118,3.0,0.29247466166484026,-0.1823294730727434,-0.03259004627251432,-0.28775397541692677,0.027030817156058283,0.3031901131026881,-0.14628735429457435,-0.3002847203349757,-0.24483858775740713,-0.24774132123072268,-0.2949234770327596,0.003978386179387659,0.5402186605965542,0.1794026827231999,-0.16528971538048387,0.05601801683985538,0.13296001951228972,-0.11246457664273563
qwe,0.0004730929461712686,3.0,0.32069858648797056,-0.24171120439298222,0.12942562981878064,-0.3985037888498272,0.0738135718663909,-0.04722735431110735,-0.035286611878612366,-0.2837463117172034,-0.15837346262774685,-0.28775471888726223,-0.28158450123318673,0.0011672437003307661,-0.250396313838594,-0.4436178901104338,0.2791251726527724,0.10076757498197675,-0.1653123633407902,0.10803448698116148
qwe,0.00015833054496089586,3.0,0.023614448923853778,-0.0472766424606087,-0.3080897546425742,-0.03747562548959812,-0.021243705428603436,0.4655632327309003,-0.43752079054339227,-0.2558462771283867,-0.3598112781393351,0.049716754334408704,0.2979554399921547,0.02685540394364145,0.3126975061478047,0.2204351390991384,-0.13805943109876767,0.054316703241382165,0.10101622815359314,-0.16364730548236459
qwe,0.0007879183064783601,3.0,-0.24578565886203246,0.09128373476083473,-0.023219866165755717,0.2668197214921963,-0.12645801108747146,0.25678219369124433,-0.09024205010529238,0.29381476743055446,-0.21046357927722953,-0.24563827426037807,0.31775991104993995,0.30394766114053323,-0.31494463798241784,0.15108684905359226,0.33360674923121314,-0.32301376698343554,-0.036349523827002884,-0.21486430037955678
qwe,-0.0003097202600972272,3.0,-0.04451477739584642,0.17023627773467265,0.05048955815879477,0.27196371791572127,0.07188879876047172,-0.3566733813428795,0.16203199240405775,0.25713884395064757,-0.3792132589618574,-0.35618563461400143,-0.33273271372022595,0.044651025577968385,0.1215363257801722,0.31640077266345096,0.28379103621123636,-0.27948897525477956,0.035048546157562456,-0.09813200566049278
qwe,0.0013278350010037395,3.0,-0.14448088167860676,-0.08258273635791702,-0.2366654067931682,0.16547114989319123,0.10154426329441602,-0.09827732546209217,0.4041307618413702,0.26250584048761705,0.22239982412901188,0.20645926621378632,0.20392079829523163,0.3085788655811624,0.45396725317017494,0.21667249829319363,-0.2840918061829661,0.19170521216726688,0.182968675248391,-0.062064122163851515
qwe,0.00012607908956574506,3.0,0.10904404484702855,-0.11678696980492076,0.06384025189188441,0.0667816281879001,-0.25578107651682436,-0.12356684175657988,0.02024841065471884,-0.08411021358894585,0.14790500017036218,-0.21950364325745475,-0.22475494676072463,-0.204603826185625,-0.13262057938687735,-0.18421015232442658,0.027672941338927757,-0.22484139295601682,-0.7500075609152083,0.22353960059770675
qwe,2.5456895773642357e-05,3.0,-0.3168932333566889,0.34664534092313737,-0.18765367483833467,0.1953710745230312,0.02074258695404747,-0.004774228859970238,-0.37277646481530824,0.3403649084809045,0.20425433251693106,0.25803119632646665,0.16403363892181397,0.2627738726141233,0.0061848382020702666,0.3103082489484972,-0.27083619444627816,0.21398508676964118,0.027752184030029513,-0.1739819980992986
qwe,7.103361110050811e-05,3.0,-0.2669448404521017,0.458348266970814,0.24717727334645115,0.10894931567333219,-0.39951706846823654,0.28569555628952226,0.3133458272546185,0.2320180545647323,0.23879266881419461,0.15329605293878437,0.11538963984141068,0.17361564795772064,-0.17396661246119338,0.24308008296856756,0.16822006042492607,-0.08472590325562473,0.045236102889914566,-0.039787867057605876
qwe,0.00010977567165569437,5.0,-0.05516889482904732,-0.07821738020606506,-0.0922568582613449,-0.01051131687693259,0.16723991748795441,-0.09078891689138993,-0.15676508774123743,0.2468457653524034,-0.008236910155263554,-0.34545407045507903,0.13750064134198933,-0.6756118791075778,-0.13501671180600894,0.19327379062922828,-0.2646602466144256,-0.029028098383547984,0.1799738325657029,-0.3269096971073213
qwe,0.03967644569208665,5.0,0.40119519413559146,-0.28990508782164115,0.16448322259623316,-0.40462170255984364,0.1657529496331408,-0.18944420309382415,-0.19118563204219582,0.13511744952931104,-0.05437539196382491,-0.19864496085828098,0.23017337800447335,-0.18840286274015378,-0.21956002147600762,0.0838441042133519,-0.05803183284946478,-0.3107553154129648,0.2063931845980797,-0.342620951733776
qwe,-0.00035871641542860056,5.0,0.3602100627788266,-0.22796297561137335,0.00014292556624994726,-0.3332112903411274,0.12842001305747602,-0.011613169938803033,-0.0650130581458894,-0.26203771531364495,0.2285776064040404,0.11831175285911827,-0.35794814162710753,-0.0918892641885039,-0.053401053338898975,-0.05100773794200894,0.026669695938595986,-0.22904183185347948,0.49546070886221494,0.33288536958420056
qwe,0.00013228416094175093,5.0,0.3888778187396542,-0.1693730905881745,0.21375316238297828,-0.40977864415555343,0.08037643963148601,0.07606588115919742,-0.08575057947919354,-0.3334982680573956,-0.1464498444701783,0.09116051317644303,-0.39446452497930184,-0.14054503183740488,-0.038833446779244454,-0.35921623882080767,0.09178145576742791,-0.03870729531093768,-0.3435603976206397,0.10974541504156145
qwe,0.00171059870414689,5.0,-0.06031622871920648,0.020098969388573584,-0.2177374146658795,0.25881008764806546,0.32088971452157644,-0.1359651521044919,0.057867093895333496,0.13331894467364122,-0.3612484717177842,-0.1726271457173099,0.22357144814059274,-0.4852146802052377,-0.019999486914233897,0.04224147693861787,0.1358297304717477,-0.22036598130237478,0.371555910297512,0.29329064414165595
qwe,-0.000358678289647113,5.0,-0.08549911698803225,0.05383230609304281,-0.1904803882175479,0.24833312766347096,0.30806383782385205,-0.12953695019738476,0.05132847383318401,0.1336167506122179,-0.33135621644107643,-0.17575634425641218,0.22941947402708643,0.4596827170314193,-0.16021315339228132,0.18411382100532678,-0.19592324379952225,0.4107260209654456,0.1747467253839763,-0.2405318727229639
ocran,0.0004203173695057555,1.0,-0.27129431645808605,0.44930659996971267,-0.08123632012821472,0.17952979446987855,0.20267964947326553,-0.018212520810598664,-0.24490660603984768,-0.05908993322572506,-0.2691151902420134,-0.20930237606770352,-0.20005584559528156,-0.22495958726256973,-0.49813422837290233,-0.08551012056658908,-0.27741783696614486,-0.19046217238477642,-0.05768274390303326,0.04402240490851771
ocran,9.959698744542899e-07,1.0,-0.2499140440075203,-0.06970477914899997,-0.27187716956679997,-0.0990717707029173,0.2233133912576325,-0.1594260329975408,0.07338071303545249,-0.22423771233389866,-0.29767823362516627,-0.2158200901939096,-0.03975751074368373,0.014795217795249232,-0.43304806544565033,-0.2643275479975206,-0.2695498112864353,-0.21123635724020146,-0.3128052509181456,-0.3293692269478169
ocran,0.0002968512491927522,1.0,-0.2048798765975683,0.32815658493156663,-0.08581473873136788,0.2338437267044936,0.31763045255369843,-0.168758847963346,-0.14543764878544987,-0.029936287972176148,-0.2873653962999306,-0.13735248271456446,-0.16013620737097664,-0.31363826706800857,-0.5646703517459293,-0.033302250074759836,-0.17665206252373486,-0.14475800175686251,-0.040368548757716824,0.19407279787842407
ocran,0.00036754061059983607,2.0,-0.25834128847400584,0.20816895517765344,-0.16778311451004865,0.1778031654611628,0.13879460864539503,0.07725448315689637,0.052593052907580325,-0.16931107426915856,-0.2848873148174365,-0.23418660949717718,-0.10994414935854087,-0.11325947189649986,-0.4670808824523444,-0.055462394152945266,-0.33314309631039185,-0.20217321632788754,-0.14688815419765602,-0.4667988796269349
ocran,0.00011459124724499236,2.0,-0.09021528105619744,-0.2514302742813561,-0.08408552311903689,-0.28084362214412306,0.10797237542516583,-0.20583407081018487,0.32789929835519716,-0.3364451131700312,-0.14616519975941675,-0.23680051701429228,0.06356869396208065,0.08486044054444056,0.1516256179195771,-0.2814152863603789,-0.14529568590879052,-0.20430841164509872,-0.39053679152311915,-0.40214907470918293
ocran,-0.0001850119432735225,2.0,-0.10965203377650135,0.38744127804143336,0.19057999682193602,0.30374176678621306,0.4316938456471327,-0.2150351979516113,0.034796524836716414,-0.06298766893440041,-0.232768531407336,-0.14123633246375372,-0.19959664817537526,-0.41923538318972503,-0.35294453401781367,-0.059300061901894456,-0.13301374712486458,-0.17685550275690326,-0.05434265427109448,-0.04209422268169261
ocran,0.0008317779981368098,3.0,-0.10310152439601085,0.2953750948781825,0.2586629641076833,0.4625837002999011,0.25453013971716554,0.3191960237182476,0.26406150651005067,-0.1556389666763616,-0.23339648673627625,-0.19836643147284566,-0.15724678383114132,-0.21187463516858973,-0.22430345790673073,-0.05226061360503852,-0.1935169792687583,-0.2499006856206985,-0.07638025580492357,-0.1959409499571049
ocran,7.273786491594803e-06,3.0,-0.029085865982944766,-0.17085375480356968,0.24802135412961845,-0.291685891534906,0.09008206884633703,-0.11911982287808466,0.44345217744593013,-0.25278009934821166,-0.043669925061191314,-0.2134794436631308,0.012726731050041832,0.09015562054770174,0.33637331275859816,-0.26219794086201814,-0.04942376751925572,-0.19397219533191512,-0.3680916386483083,-0.35677885231118484
ocran,-0.00010914699874695416,3.0,-0.05663684850558875,0.00918597814293265,-0.4426793617447278,-0.06262327905499326,0.2698865969628442,-0.35713540603398625,-0.15355098323725463,0.15152802885494593,0.12114040578369942,0.16311185947216963,0.449779143501782,0.42194195113463917,-0.032769406866429464,0.1431240464164637,0.15009082664709428,0.2065816871639068,-0.07537302668312541,-0.18931095354383456
ocran,-0.0791331359836188,3.0,0.06127627049719753,-0.9437187506779453,-0.20280284893306394,-0.046228283871777874,-0.23538136215339703,-0.047088402429826,0.018811635605714153,-0.02263570177942471,-0.022054310902078628,-0.023288677251438225,-0.019460418683640766,-0.015996416279839793,-0.00899895278124663,-0.02279685262496136,-0.022548516315651464,-0.023567903815291835,-0.019431262288105475,-0.01344064679028336
ocran,5.022319292133134e-05,3.0,0.19547560112991183,-0.05037327840776973,-0.13385311456572488,-0.01678444656510223,-0.16924174506156836,-0.029072587871858645,-0.25133860719361123,0.3097565498990198,0.31357197286332056,0.3209522923508893,0.2742559026137452,0.23007035328187608,0.1355203272764557,0.3111104013719383,0.31928936570272964,0.32514714866302125,0.26290241900639244,0.17612306788775448
