Username,Adjective,LogNumber,RSV_1,RSV_2,RSV_3,RSV_4,RSV_5,RSV_6,RSV_7,RSV_8,RSV_9,RSV_10,RSV_11,RSV_12,RSV_13,RSV_14,RSV_15,RSV_16,RSV_17,RSV_18
grims2,-0.11323424074351032,1,0.2844523811627794,0.3748121104808936,-0.14212152285024365,0.25886266060791574,-0.02395228085096115,0.25521545802704415,0.17419626482009093,0.2552021783627057,0.12634436610324515,0.1537468570875204,0.17194032514174976,0.13379342233430813,-0.4304609512870878,0.24794423418130462,0.2576295101636539,-0.11818586065731443,0.250942200885658,-0.23035236856280497
grims2,-0.22807357487000007,1,0.2844523811627794,0.3748121104808936,-0.14212152285024365,0.25886266060791574,-0.02395228085096115,0.25521545802704415,0.17419626482009093,0.2552021783627057,0.12634436610324515,0.1537468570875204,0.17194032514174976,0.13379342233430813,-0.4304609512870878,0.24794423418130462,0.2576295101636539,-0.11818586065731443,0.250942200885658,-0.23035236856280497
grims2,-0.13919458092122278,1,-0.2642358808179142,-0.32037730338092274,0.2426823929117593,-0.2744972927572708,-0.12019271102158925,-0.18752582623404726,0.13640357620515897,-0.46510358533753393,-0.45046089282467755,-0.05797104219035778,0.08696976869617352,-0.14798564952184345,-0.2879041340678815,-0.13064755440224726,-0.03776141854007246,-0.1269821701192416,0.2331211127220675,-0.03409101135393724
grims2,-0.14775949070162492,1,-0.39347275979004037,-0.30964249610153016,0.12015971767125179,-0.262439393333847,-0.1025631209508706,-0.1852035198080977,0.0023410359852396117,-0.3183455691991318,-0.2105044164045148,-0.07889156718825785,0.19188931353446562,-0.11572801911962896,0.10399576181136548,-0.3484021988808437,-0.46446700384082756,0.12707346129975058,0.19522002347393705,0.12992766208347528
grims2,-0.10152947955068925,1,-0.3271996018581045,-0.24704474302433088,0.12198588283009335,-0.27340160508988964,-0.09251903997318518,-0.1856267196091717,0.028424916076925495,-0.1647237638264138,-0.24879145575061629,0.46009348074908274,0.16628253426798786,0.0072776979696662514,0.05266123455337647,-0.31036690097093106,-0.40916019634077044,0.24893355407837575,0.17369872846088757,0.10669246879967027
grims2,-0.09747336054385554,1,-0.2335204724311832,-0.21008438809676755,0.09504219148801117,-0.2984086852334405,-0.09124352998821865,-0.16591352158511388,0.18658530694240225,-0.3253487525362748,-0.46696541958090493,0.15106301401980554,0.05006553698806714,-0.0760789964606714,0.11377440330784547,0.06541623979215284,-0.18518332037626123,0.543359687064518,0.17448478962740738,-0.018990775363591048
grims2,-0.23621652863001272,1,-0.2335204724311832,-0.21008438809676755,0.09504219148801117,-0.2984086852334405,-0.09124352998821865,-0.16591352158511388,0.18658530694240225,-0.3253487525362748,-0.46696541958090493,0.15106301401980554,0.05006553698806714,-0.0760789964606714,0.11377440330784547,0.06541623979215284,-0.18518332037626123,0.543359687064518,0.17448478962740738,-0.018990775363591048
grims2,-0.13809123738586698,1,-0.1964902164300639,-0.24993559554970268,-0.07689071900132013,-0.23704934152435844,0.006735104512333575,0.04780956558883638,-0.2393412776992226,0.2694627513763469,0.23792813225101508,-0.10131649118392334,-0.11100298179590581,0.2291919873420241,0.4568072259879858,-0.4744574924984396,-0.34192009686173735,-0.05299267057347988,0.11575671056621686,0.07725464326670227
grims2,0.018527991231623468,1,-0.12931916817469616,-0.07176261625011793,-0.008568329867159006,0.044043710260844936,0.8668316483579019,-0.0958260315928409,-0.19945521120997317,-0.2033188816277706,-0.14536741512758614,-0.02216815487719491,0.13615483999522285,-0.07707642776908112,0.15739652938159332,0.01426538959772797,-0.012327918100171104,-0.02906893667706306,-0.1986569021676585,-0.15123487779702363
grims2,-0.022160503678948403,1,-0.12931916817469616,-0.07176261625011793,-0.008568329867159006,0.044043710260844936,0.8668316483579019,-0.0958260315928409,-0.19945521120997317,-0.2033188816277706,-0.14536741512758614,-0.02216815487719491,0.13615483999522285,-0.07707642776908112,0.15739652938159332,0.01426538959772797,-0.012327918100171104,-0.02906893667706306,-0.1986569021676585,-0.15123487779702363
grims2,-0.2415919127687123,1,-0.12931916817469616,-0.07176261625011793,-0.008568329867159006,0.044043710260844936,0.8668316483579019,-0.0958260315928409,-0.19945521120997317,-0.2033188816277706,-0.14536741512758614,-0.02216815487719491,0.13615483999522285,-0.07707642776908112,0.15739652938159332,0.01426538959772797,-0.012327918100171104,-0.02906893667706306,-0.1986569021676585,-0.15123487779702363
grims2,-0.10033738410191546,1,0.06614361237976094,0.08269093579611198,-0.44863495716067836,0.25072246828382344,-0.04147305654359985,0.24229823910913217,-0.28058290029885463,0.16545854784877817,0.20249306409284482,-0.08100100371579436,-0.39192768875726497,-0.2837265467241083,-0.19387904197233674,0.13899361278510045,0.07661024346369759,-0.08449805370827665,-0.31160592593206726,0.3308052655088059
grims2,-0.10936327073075924,1,0.4286345553739084,0.4420809547463821,-0.04814038548811037,0.2580455238905016,0.09000157714797198,-0.14713891162562426,0.33860378010906483,0.17644139367301379,0.17357562649386302,-0.10745240039451372,0.16839687817063534,0.06712509426725238,-0.27651335384719805,0.2181237309694787,0.27434240731324866,-0.10342114595188835,-0.2207810258627969,-0.20764941202791434
grims2,0.004967761692226771,2,0.3809631222477828,0.3875812381865117,-0.10281839458841972,0.244342922182024,0.034120394905837154,0.15233653916313808,0.27353283067653944,0.28839013876826264,0.2137696516457026,0.23023859301840627,0.19343252927816307,0.13859506850107917,-0.2736579973316861,0.2081818492284828,0.27083634890001157,-0.09376726145333618,-0.264436345472292,-0.16242380785265506
grims2,-0.10167443069974687,2,0.3809631222477828,0.3875812381865117,-0.10281839458841972,0.244342922182024,0.034120394905837154,0.15233653916313808,0.27353283067653944,0.28839013876826264,0.2137696516457026,0.23023859301840627,0.19343252927816307,0.13859506850107917,-0.2736579973316861,0.2081818492284828,0.27083634890001157,-0.09376726145333618,-0.264436345472292,-0.16242380785265506
grims2,-0.24121615562832768,2,0.3809631222477828,0.3875812381865117,-0.10281839458841972,0.244342922182024,0.034120394905837154,0.15233653916313808,0.27353283067653944,0.28839013876826264,0.2137696516457026,0.23023859301840627,0.19343252927816307,0.13859506850107917,-0.2736579973316861,0.2081818492284828,0.27083634890001157,-0.09376726145333618,-0.264436345472292,-0.16242380785265506
grims2,0.14899344916254098,2,0.07559014861447162,0.30759541984536,-0.2923711725588745,0.2960401066623524,0.11045528585884021,0.11133295814738361,-0.20039304755957854,0.5433950437659835,0.4642523300455247,0.015854318611088377,-0.06351503217530038,0.14226103207759327,0.19554756112259614,-0.021490605260184426,-0.07744898326218896,0.08474444752085798,-0.25263068108777204,0.10374356295801544
grims2,-0.1817217964160021,2,-0.27732504115005585,-0.26448505630924635,0.21872601924307494,-0.258075101501766,-0.07245618925003479,-0.061738230588488666,-0.0011658497568826553,-0.10440605954212824,-0.1288866111491101,0.21987210780560998,0.22234792063681008,-0.03683474508916433,0.26112962082240415,-0.49300477518068914,-0.4708354215726997,0.020912115424479065,0.1931175591136113,0.17977810172259218
grims2,-0.1747134053581254,2,-0.27732504115005585,-0.26448505630924635,0.21872601924307494,-0.258075101501766,-0.07245618925003479,-0.061738230588488666,-0.0011658497568826553,-0.10440605954212824,-0.1288866111491101,0.21987210780560998,0.22234792063681008,-0.03683474508916433,0.26112962082240415,-0.49300477518068914,-0.4708354215726997,0.020912115424479065,0.1931175591136113,0.17977810172259218
grims2,-0.18184146497240566,2,-0.27732504115005585,-0.26448505630924635,0.21872601924307494,-0.258075101501766,-0.07245618925003479,-0.061738230588488666,-0.0011658497568826553,-0.10440605954212824,-0.1288866111491101,0.21987210780560998,0.22234792063681008,-0.03683474508916433,0.26112962082240415,-0.49300477518068914,-0.4708354215726997,0.020912115424479065,0.1931175591136113,0.17977810172259218
grims2,-0.1646853738520799,2,-0.27732504115005585,-0.26448505630924635,0.21872601924307494,-0.258075101501766,-0.07245618925003479,-0.061738230588488666,-0.0011658497568826553,-0.10440605954212824,-0.1288866111491101,0.21987210780560998,0.22234792063681008,-0.03683474508916433,0.26112962082240415,-0.49300477518068914,-0.4708354215726997,0.020912115424479065,0.1931175591136113,0.17977810172259218
grims2,-0.203945429739433,2,-0.27732504115005585,-0.26448505630924635,0.21872601924307494,-0.258075101501766,-0.07245618925003479,-0.061738230588488666,-0.0011658497568826553,-0.10440605954212824,-0.1288866111491101,0.21987210780560998,0.22234792063681008,-0.03683474508916433,0.26112962082240415,-0.49300477518068914,-0.4708354215726997,0.020912115424479065,0.1931175591136113,0.17977810172259218
grims2,-0.21394376446323574,2,-0.27732504115005585,-0.26448505630924635,0.21872601924307494,-0.258075101501766,-0.07245618925003479,-0.061738230588488666,-0.0011658497568826553,-0.10440605954212824,-0.1288866111491101,0.21987210780560998,0.22234792063681008,-0.03683474508916433,0.26112962082240415,-0.49300477518068914,-0.4708354215726997,0.020912115424479065,0.1931175591136113,0.17977810172259218
grims2,-0.22133446264334597,2,-0.27732504115005585,-0.26448505630924635,0.21872601924307494,-0.258075101501766,-0.07245618925003479,-0.061738230588488666,-0.0011658497568826553,-0.10440605954212824,-0.1288866111491101,0.21987210780560998,0.22234792063681008,-0.03683474508916433,0.26112962082240415,-0.49300477518068914,-0.4708354215726997,0.020912115424479065,0.1931175591136113,0.17977810172259218
grims2,-0.18369670345011468,2,-0.19748516213121337,-0.2507335194065977,0.2239153343814779,-0.29245493073514506,-0.08882753565842204,-0.19649713387896037,0.16410878468058887,-0.523850527921204,-0.4036501059895763,-0.10244381502324233,0.08380888524169616,-0.13641756132322455,0.23210367167882406,0.06823701778995037,-0.1645508555186399,0.30214446026425074,0.19530709808843752,0.02254941025048184
grims2,-0.24179966790315693,2,-0.19748516213121337,-0.2507335194065977,0.2239153343814779,-0.29245493073514506,-0.08882753565842204,-0.19649713387896037,0.16410878468058887,-0.523850527921204,-0.4036501059895763,-0.10244381502324233,0.08380888524169616,-0.13641756132322455,0.23210367167882406,0.06823701778995037,-0.1645508555186399,0.30214446026425074,0.19530709808843752,0.02254941025048184
grims2,-0.1811193196279879,2,-0.22896563384171154,-0.22380493339362706,0.11917374738026917,-0.2933057465607766,-0.07302237980206455,-0.19579965783746534,0.10726076324452795,0.014263740597295231,-0.20679795422682362,0.5640527531477537,0.23176924599334994,0.09825981904670694,0.23262733637946412,-0.2994132747759032,-0.3381138455304875,-0.07135398120634347,0.19100939622738525,0.133879537988756
grims2,-0.10628745188255673,2,-0.22896563384171154,-0.22380493339362706,0.11917374738026917,-0.2933057465607766,-0.07302237980206455,-0.19579965783746534,0.10726076324452795,0.014263740597295231,-0.20679795422682362,0.5640527531477537,0.23176924599334994,0.09825981904670694,0.23262733637946412,-0.2994132747759032,-0.3381138455304875,-0.07135398120634347,0.19100939622738525,0.133879537988756
grims2,-0.213962241951075,2,-0.22896563384171154,-0.22380493339362706,0.11917374738026917,-0.2933057465607766,-0.07302237980206455,-0.19579965783746534,0.10726076324452795,0.014263740597295231,-0.20679795422682362,0.5640527531477537,0.23176924599334994,0.09825981904670694,0.23262733637946412,-0.2994132747759032,-0.3381138455304875,-0.07135398120634347,0.19100939622738525,0.133879537988756
grims2,-0.08137825246689788,2,-0.17824294266768761,-0.19801990694108174,0.06621548281000893,-0.30723046407468907,-0.088844071290879,-0.19997065763522137,0.11996936121746403,-0.27512458602630985,-0.2706759063568532,-0.14004904628078568,0.19416686497260893,-0.07041269914705671,0.28147913814028563,0.05739701037170281,-0.28757746307267223,0.5981666641606429,0.18359580182933397,0.0006372605004812956
grims2,-0.24296460473985054,2,-0.17824294266768761,-0.19801990694108174,0.06621548281000893,-0.30723046407468907,-0.088844071290879,-0.19997065763522137,0.11996936121746403,-0.27512458602630985,-0.2706759063568532,-0.14004904628078568,0.19416686497260893,-0.07041269914705671,0.28147913814028563,0.05739701037170281,-0.28757746307267223,0.5981666641606429,0.18359580182933397,0.0006372605004812956
grims2,-0.18348693033314026,2,-0.17564860841059438,-0.19687287513775276,0.012331922318640593,-0.30748128632607485,-0.06809882561754375,-0.19807490119331447,0.14995430361934586,0.07560704458476307,-0.14219146326169363,0.5736777462754232,0.2394883752425014,0.15482431409005754,0.2593735395595458,-0.29072399811140737,-0.3655638251540481,-0.00673143899568911,0.1884299558802625,0.10947611127040817
grims2,-0.1129632750267501,2,-0.17564860841059438,-0.19687287513775276,0.012331922318640593,-0.30748128632607485,-0.06809882561754375,-0.19807490119331447,0.14995430361934586,0.07560704458476307,-0.14219146326169363,0.5736777462754232,0.2394883752425014,0.15482431409005754,0.2593735395595458,-0.29072399811140737,-0.3655638251540481,-0.00673143899568911,0.1884299558802625,0.10947611127040817
grims2,-0.22851268407923378,2,-0.17564860841059438,-0.19687287513775276,0.012331922318640593,-0.30748128632607485,-0.06809882561754375,-0.19807490119331447,0.14995430361934586,0.07560704458476307,-0.14219146326169363,0.5736777462754232,0.2394883752425014,0.15482431409005754,0.2593735395595458,-0.29072399811140737,-0.3655638251540481,-0.00673143899568911,0.1884299558802625,0.10947611127040817
grims2,-0.09719180025471409,2,-0.10628613714917061,-0.17928074513728465,0.05853135195719467,-0.32197997647295074,-0.07690926020469098,-0.20315636164809567,0.16923287963431807,-0.3251243621385797,-0.28574836818479404,0.005006998119473727,0.13918518256722448,-0.048208676427471196,0.29536309070438926,0.11114623674711961,-0.23445528243792751,0.6078196392210256,0.20025291343864715,-0.021204520112752593
grims2,-0.2329324015016642,2,-0.10628613714917061,-0.17928074513728465,0.05853135195719467,-0.32197997647295074,-0.07690926020469098,-0.20315636164809567,0.16923287963431807,-0.3251243621385797,-0.28574836818479404,0.005006998119473727,0.13918518256722448,-0.048208676427471196,0.29536309070438926,0.11114623674711961,-0.23445528243792751,0.6078196392210256,0.20025291343864715,-0.021204520112752593
grims2,-0.1474048826956074,2,-0.06330326183038437,-0.20148750622473086,0.07943069454043773,-0.349587521567331,-0.02949734347117419,-0.22387696081298628,0.1375933406241664,0.14976331158166845,-0.23724158169245113,0.6283796491832108,0.22559247586764986,0.19211987572105343,0.2939778296095399,-0.16710488528977008,-0.1144619686856632,-0.1076002208714284,0.23174586238193576,-0.053327129465010635
grims2,-0.3220057884213243,2,-0.06330326183038437,-0.20148750622473086,0.07943069454043773,-0.349587521567331,-0.02949734347117419,-0.22387696081298628,0.1375933406241664,0.14976331158166845,-0.23724158169245113,0.6283796491832108,0.22559247586764986,0.19211987572105343,0.2939778296095399,-0.16710488528977008,-0.1144619686856632,-0.1076002208714284,0.23174586238193576,-0.053327129465010635
grims2,0.021653354661277786,2,-0.053119859459913446,-0.15550618220069834,-0.051010550770978706,-0.2314652036539432,-0.0011357580107637228,-0.07264398004261409,-0.2567285359415008,0.31216439322430845,0.27768882252236804,-0.09904616571258446,-0.21243006972736517,0.2788631874793465,0.5516071080453537,-0.3730118856698274,-0.2602604735032209,-0.03262554493919498,0.15614971193125066,0.04218916275034519
grims2,-0.15875083882352828,2,-0.053119859459913446,-0.15550618220069834,-0.051010550770978706,-0.2314652036539432,-0.0011357580107637228,-0.07264398004261409,-0.2567285359415008,0.31216439322430845,0.27768882252236804,-0.09904616571258446,-0.21243006972736517,0.2788631874793465,0.5516071080453537,-0.3730118856698274,-0.2602604735032209,-0.03262554493919498,0.15614971193125066,0.04218916275034519
grims2,-0.12922255531042973,2,-0.053119859459913446,-0.15550618220069834,-0.051010550770978706,-0.2314652036539432,-0.0011357580107637228,-0.07264398004261409,-0.2567285359415008,0.31216439322430845,0.27768882252236804,-0.09904616571258446,-0.21243006972736517,0.2788631874793465,0.5516071080453537,-0.3730118856698274,-0.2602604735032209,-0.03262554493919498,0.15614971193125066,0.04218916275034519
grims2,-0.20742914457011172,2,-0.053119859459913446,-0.15550618220069834,-0.051010550770978706,-0.2314652036539432,-0.0011357580107637228,-0.07264398004261409,-0.2567285359415008,0.31216439322430845,0.27768882252236804,-0.09904616571258446,-0.21243006972736517,0.2788631874793465,0.5516071080453537,-0.3730118856698274,-0.2602604735032209,-0.03262554493919498,0.15614971193125066,0.04218916275034519
grims2,-0.13570834420854758,2,0.023000328291903682,0.0623797014576882,-0.2884250126975799,0.3498569426443626,-0.14724401487296887,0.34512063455626607,-0.35146714987319794,0.12734038896147673,0.04623112485049887,-0.10331937319138507,-0.3510527691935898,0.3196585735676702,0.16250469626115832,0.1790585383641657,0.1584972902109646,-0.1073094683371675,-0.4027185715014365,-0.11805315569920982
grims2,-0.2961716671629966,2,0.023000328291903682,0.0623797014576882,-0.2884250126975799,0.3498569426443626,-0.14724401487296887,0.34512063455626607,-0.35146714987319794,0.12734038896147673,0.04623112485049887,-0.10331937319138507,-0.3510527691935898,0.3196585735676702,0.16250469626115832,0.1790585383641657,0.1584972902109646,-0.1073094683371675,-0.4027185715014365,-0.11805315569920982
grims2,-0.07503539323888822,2,0.13492265852029434,0.12326651604813366,-0.26779933431673275,0.2619570500005856,-0.026612267535213254,0.1610418349037907,-0.16460089662592367,0.1676179836421404,0.19891943136484347,-0.08641833036545893,-0.4351437296593094,-0.46068346477941485,-0.1544905446808209,0.1666310710408264,0.14365626493075406,-0.09131118410873575,-0.28500014360248027,0.36603519870027856
grims2,-0.22938795555073166,2,0.4538301193070215,0.442495934891733,0.1627098760821546,0.18697045362138232,0.1030184304064151,-0.10957935114652344,0.3831116751655374,0.1922793355405691,0.28758389994598293,-0.005449868376714241,0.19433475448034193,0.05800149824607143,-0.23826458172185042,0.22187788171213954,0.2681705261167659,-0.1032373898874823,0.002225476338529754,-0.1341427129069989
grims2,-0.10853229328690676,3,0.3067013551662961,0.2804885898977971,0.11803543267028728,0.22822959687652605,-0.018811154882421938,0.3168241474916885,0.30192360759337167,0.2098352664576782,0.25812581653051336,0.14536085310932595,0.23269635606997063,0.12979891912225366,-0.329377489758666,0.26416053288432834,0.30332329365366245,-0.10494246935250091,0.24104941256476617,-0.16483951504136488
grims2,-0.22832138008983904,3,0.3067013551662961,0.2804885898977971,0.11803543267028728,0.22822959687652605,-0.018811154882421938,0.3168241474916885,0.30192360759337167,0.2098352664576782,0.25812581653051336,0.14536085310932595,0.23269635606997063,0.12979891912225366,-0.329377489758666,0.26416053288432834,0.30332329365366245,-0.10494246935250091,0.24104941256476617,-0.16483951504136488
grims2,0.16813226042495352,3,0.06682976153405222,0.27214843709607317,-0.5808276778643078,0.26256746279522303,0.09555748233277264,-0.013665087103781441,-0.21912126475047333,0.5045347679775357,0.27784196109023607,-0.018042234611041746,-0.05607433095831267,0.12580718496134885,0.19337018857514615,-0.015361024427229452,-0.13112496036712012,0.09159843874823231,-0.20500661580313706,0.039318327522139186
grims2,-0.10761512910459459,3,-0.36039132863854445,-0.2801100055790038,0.49546662589389245,-0.29908529021447566,-0.0842505045472494,0.06793215973146799,0.05697970052313256,-0.15897666038311498,-0.1300913377873136,-0.003751444295568717,0.18830496569987792,0.002384614043944205,0.19697360099803177,-0.403434635993954,-0.287732411288572,0.0344243548747212,0.21603859617874438,0.17853868881216056
grims2,-0.12682002431587586,3,-0.28053425051578934,-0.20908480448902256,0.4199142822978386,-0.28971051641884266,-0.07622738710882104,0.02437826149175545,-0.008072801494442007,-0.3122432267961778,-0.08675283630955218,-0.17022580615304903,0.213803517663665,-0.09906570314723127,0.29164842404517216,-0.007916313990514286,-0.19458978185759654,0.5102063343949094,0.19090841103682815,0.03982407690783464
grims2,-0.2588333176990958,3,-0.28053425051578934,-0.20908480448902256,0.4199142822978386,-0.28971051641884266,-0.07622738710882104,0.02437826149175545,-0.008072801494442007,-0.3122432267961778,-0.08675283630955218,-0.17022580615304903,0.213803517663665,-0.09906570314723127,0.29164842404517216,-0.007916313990514286,-0.19458978185759654,0.5102063343949094,0.19090841103682815,0.03982407690783464
grims2,-0.15535051278959142,3,-0.34082384769121843,-0.21836902102122968,0.4684751306501999,-0.32783338151922964,-0.07544028555178198,-0.22099599548760765,0.08869271235813514,0.10667043955232233,-0.053021851542136345,-0.22271106009623098,0.1410791845976498,0.13059526188413775,0.262233918761515,-0.3562727351957751,-0.27938199735497027,0.06830048636981287,0.2072965414167188,0.15708901959589572
grims2,-0.19476927563137633,3,-0.34082384769121843,-0.21836902102122968,0.4684751306501999,-0.32783338151922964,-0.07544028555178198,-0.22099599548760765,0.08869271235813514,0.10667043955232233,-0.053021851542136345,-0.22271106009623098,0.1410791845976498,0.13059526188413775,0.262233918761515,-0.3562727351957751,-0.27938199735497027,0.06830048636981287,0.2072965414167188,0.15708901959589572
grims2,-0.20731431496395655,3,-0.34082384769121843,-0.21836902102122968,0.4684751306501999,-0.32783338151922964,-0.07544028555178198,-0.22099599548760765,0.08869271235813514,0.10667043955232233,-0.053021851542136345,-0.22271106009623098,0.1410791845976498,0.13059526188413775,0.262233918761515,-0.3562727351957751,-0.27938199735497027,0.06830048636981287,0.2072965414167188,0.15708901959589572
grims2,-0.20478494421867166,3,-0.34082384769121843,-0.21836902102122968,0.4684751306501999,-0.32783338151922964,-0.07544028555178198,-0.22099599548760765,0.08869271235813514,0.10667043955232233,-0.053021851542136345,-0.22271106009623098,0.1410791845976498,0.13059526188413775,0.262233918761515,-0.3562727351957751,-0.27938199735497027,0.06830048636981287,0.2072965414167188,0.15708901959589572
grims2,-0.18696082654597285,3,-0.22686790516146602,-0.18159152676509127,0.39910004135991,-0.31304343919517097,-0.07646191703665559,-0.15505128254501963,0.07910431861316483,-0.24431687570446753,-0.11808082305818801,-0.18596520621314103,0.17432775817932156,-0.058906283320335685,0.2710543890641502,0.039425596363721456,-0.17041929704564043,0.582952300686792,0.18921358241094838,0.018811223053638613
grims2,-0.07972251941991876,3,-0.22686790516146602,-0.18159152676509127,0.39910004135991,-0.31304343919517097,-0.07646191703665559,-0.15505128254501963,0.07910431861316483,-0.24431687570446753,-0.11808082305818801,-0.18596520621314103,0.17432775817932156,-0.058906283320335685,0.2710543890641502,0.039425596363721456,-0.17041929704564043,0.582952300686792,0.18921358241094838,0.018811223053638613
grims2,-0.2037974098931547,3,-0.22686790516146602,-0.18159152676509127,0.39910004135991,-0.31304343919517097,-0.07646191703665559,-0.15505128254501963,0.07910431861316483,-0.24431687570446753,-0.11808082305818801,-0.18596520621314103,0.17432775817932156,-0.058906283320335685,0.2710543890641502,0.039425596363721456,-0.17041929704564043,0.582952300686792,0.18921358241094838,0.018811223053638613
grims2,-0.44653751595307584,3,-0.13912020802135075,-0.26092803183024077,0.45199011472714484,-0.44044970475774836,-0.03240100342705547,0.1777755985544037,0.321479168368819,-0.0511048428079454,-0.26773613269883156,-0.3047584576684986,0.27329182601139385,0.11090931603929884,-0.03373833302297552,0.026873821601348585,0.08723168725645522,-0.22723210175434042,0.24701617111662605,-0.044560747615502445
grims2,-0.1259225072652481,3,-0.07920245116180888,-0.14042091050027616,0.069081425900831,-0.1600840606459981,0.013157399173152026,0.3262507553003023,-0.23718449584028214,0.3155395799949723,0.30554756928539384,-0.11297362924772714,-0.14316920639700517,0.2661192393436043,0.5343357145435954,-0.37215597118625204,-0.16987479491599938,-0.07139034302048655,0.14176000341239575,0.07530954866682511
grims2,-0.07744900032428625,3,-0.07920245116180888,-0.14042091050027616,0.069081425900831,-0.1600840606459981,0.013157399173152026,0.3262507553003023,-0.23718449584028214,0.3155395799949723,0.30554756928539384,-0.11297362924772714,-0.14316920639700517,0.2661192393436043,0.5343357145435954,-0.37215597118625204,-0.16987479491599938,-0.07139034302048655,0.14176000341239575,0.07530954866682511
grims2,-0.21705295966458815,3,-0.07920245116180888,-0.14042091050027616,0.069081425900831,-0.1600840606459981,0.013157399173152026,0.3262507553003023,-0.23718449584028214,0.3155395799949723,0.30554756928539384,-0.11297362924772714,-0.14316920639700517,0.2661192393436043,0.5343357145435954,-0.37215597118625204,-0.16987479491599938,-0.07139034302048655,0.14176000341239575,0.07530954866682511
grims2,0.010638173583510963,3,-0.08663281650302862,0.005965808663782379,-0.006401457374586524,0.17625393073541126,0.9050321155246014,-0.08781725362846846,-0.16340998852589372,-0.1392119862442409,-0.05031940233026428,-0.027551903409201058,0.13642777958636934,-0.05041595453712185,0.1811578991010092,0.03697064392845539,0.03613010142642197,-0.04225970401433228,0.1416929034527495,-0.08170875153890038
grims2,-0.0027409339678923163,3,-0.08663281650302862,0.005965808663782379,-0.006401457374586524,0.17625393073541126,0.9050321155246014,-0.08781725362846846,-0.16340998852589372,-0.1392119862442409,-0.05031940233026428,-0.027551903409201058,0.13642777958636934,-0.05041595453712185,0.1811578991010092,0.03697064392845539,0.03613010142642197,-0.04225970401433228,0.1416929034527495,-0.08170875153890038
grims2,-0.3331007251349829,3,-0.08663281650302862,0.005965808663782379,-0.006401457374586524,0.17625393073541126,0.9050321155246014,-0.08781725362846846,-0.16340998852589372,-0.1392119862442409,-0.05031940233026428,-0.027551903409201058,0.13642777958636934,-0.05041595453712185,0.1811578991010092,0.03697064392845539,0.03613010142642197,-0.04225970401433228,0.1416929034527495,-0.08170875153890038
grims2,-0.09644511273496136,3,0.2552960560303724,0.2625204558655796,-0.339454784469546,0.23862005874889863,0.010632328362732075,-0.013094320075467404,-0.25886281490125146,0.2295434463581738,0.3108612659892439,-0.08760745168151535,-0.2819061927180428,0.2428322185998003,-0.07964928634207316,0.23280255872970054,0.3662122388182433,0.05107668239587164,-0.31205314507367465,-0.19069969988197913
pedro,-0.10601467550404393,1,-0.28768262185722254,0.20627024692984874,-0.439397859285314,0.16634981879290767,0.07475485391791431,0.12067113801102795,-0.3376873488310361,0.14759003627584175,-0.1566083112025086,0.12773006819250074,-0.3689186211885013,0.17511303764063943,-0.04412459059822037,0.17688020515826172,-0.306831910112095,-0.08716266909697175,0.3500940257433034,-0.18120141694863734
pedro,0.0017800160702133318,1,-0.3508586830503774,-0.15030708822934946,-0.26069911654852856,-0.13705689623475778,0.3206827955817444,-0.03655538558814699,-0.31428395409976373,-0.21164845854973388,-0.3363138903918446,-0.16004490153710124,-0.20970112986502118,-0.17924802847652332,-0.2578020053027853,-0.1776884997716471,-0.3695331001488805,-0.07774188726491618,0.24420444020354026,0.0686942105957999
pedro,-0.04406565137000248,1,-0.3508586830503774,-0.15030708822934946,-0.26069911654852856,-0.13705689623475778,0.3206827955817444,-0.03655538558814699,-0.31428395409976373,-0.21164845854973388,-0.3363138903918446,-0.16004490153710124,-0.20970112986502118,-0.17924802847652332,-0.2578020053027853,-0.1776884997716471,-0.3695331001488805,-0.07774188726491618,0.24420444020354026,0.0686942105957999
pedro,-0.015503102933637795,1,-0.3508586830503774,-0.15030708822934946,-0.26069911654852856,-0.13705689623475778,0.3206827955817444,-0.03655538558814699,-0.31428395409976373,-0.21164845854973388,-0.3363138903918446,-0.16004490153710124,-0.20970112986502118,-0.17924802847652332,-0.2578020053027853,-0.1776884997716471,-0.3695331001488805,-0.07774188726491618,0.24420444020354026,0.0686942105957999
pedro,-0.06423374979199761,1,-0.20794578363060146,0.14778273746042014,-0.2795104275919391,0.26231612698767554,-0.13459022806564908,0.10846681916466952,-0.3160229185167838,0.23753604662617236,-0.13106076488516685,0.2943336794785909,-0.32507461575110497,0.24433276983492988,0.04978135008044863,0.28720437701264684,-0.1718263240302914,0.3489488767400611,0.2990807744051593,-0.08321566641570395
pedro,-0.1533579032821851,1,0.14143748762947883,-0.0529359844682018,0.1750735980672242,-0.1830352292109547,-0.08547016890657369,0.4205080960484953,0.16806242996715828,0.24143965922180718,-0.007405632132233579,0.2880961936222071,0.009790954031003085,0.23545305651884932,-0.36880676208420743,0.30252262446629813,0.03065117578190222,0.4900339566410762,-0.03624556403987192,-0.18400303189508635
pedro,0.17587332087064073,1,-0.16747618513518447,-0.29281869018038337,-0.29243533844393693,-0.3200012929985675,0.04562000928379687,-0.11871710612397805,-0.19830923706405887,-0.3094742140072074,0.022654781565274618,-0.34985686273847194,-0.03270838121170857,-0.2975913437375528,0.018347333665654574,-0.22432364127683305,-0.20438460878113496,0.11532015170698648,0.042062378442896765,-0.4764153949667061
pedro,0.3473223597512315,1,-0.16747618513518447,-0.29281869018038337,-0.29243533844393693,-0.3200012929985675,0.04562000928379687,-0.11871710612397805,-0.19830923706405887,-0.3094742140072074,0.022654781565274618,-0.34985686273847194,-0.03270838121170857,-0.2975913437375528,0.018347333665654574,-0.22432364127683305,-0.20438460878113496,0.11532015170698648,0.042062378442896765,-0.4764153949667061
pedro,-0.11922637228525486,1,0.12938360219656422,0.39687028525448387,0.39829341400542323,0.28622164835910313,-0.02802573415645066,-0.17548628292113733,0.17872045667797498,0.27936386556750703,-0.08352026289516545,0.32942689393599756,-0.012440244994195077,0.2791061747041756,-0.1501290483578683,0.14597900765993013,0.38994568671089275,-0.14782567767250765,-0.11270952903813361,-0.14004462750419194
pedro,-0.17394437638863017,2,0.16723432926008203,0.2957174404066638,0.47022740261395146,0.17788015456043463,-0.08046837405709767,0.24877684586056034,0.19648874093626995,0.2726868145300433,-0.052509524554494265,0.3411128107402023,-0.023301873878934412,0.2839744259045206,-0.1273754855169069,0.18348598304160776,0.37503873073374244,0.1638522104041691,-0.11546980032036189,-0.13954056549810642
pedro,-0.14800464874384958,2,0.16723432926008203,0.2957174404066638,0.47022740261395146,0.17788015456043463,-0.08046837405709767,0.24877684586056034,0.19648874093626995,0.2726868145300433,-0.052509524554494265,0.3411128107402023,-0.023301873878934412,0.2839744259045206,-0.1273754855169069,0.18348598304160776,0.37503873073374244,0.1638522104041691,-0.11546980032036189,-0.13954056549810642
pedro,-0.20443070962684798,2,0.16723432926008203,0.2957174404066638,0.47022740261395146,0.17788015456043463,-0.08046837405709767,0.24877684586056034,0.19648874093626995,0.2726868145300433,-0.052509524554494265,0.3411128107402023,-0.023301873878934412,0.2839744259045206,-0.1273754855169069,0.18348598304160776,0.37503873073374244,0.1638522104041691,-0.11546980032036189,-0.13954056549810642
pedro,0.0013035942709477728,2,0.22638221924493263,-0.24710380264896203,0.09547725524769303,-0.2617556249791099,-0.1381697653524598,-0.18312916879650692,0.23683526945746047,-0.23861369644313107,0.37140902395596176,-0.25603946051545645,0.2693805093411382,-0.2198133861082599,0.40587324285531234,-0.1517454427580479,0.19883017198002717,-0.16367842976522032,-0.25670033833656314,0.006381267064529622
pedro,0.006006869748552835,2,0.22638221924493263,-0.24710380264896203,0.09547725524769303,-0.2617556249791099,-0.1381697653524598,-0.18312916879650692,0.23683526945746047,-0.23861369644313107,0.37140902395596176,-0.25603946051545645,0.2693805093411382,-0.2198133861082599,0.40587324285531234,-0.1517454427580479,0.19883017198002717,-0.16367842976522032,-0.25670033833656314,0.006381267064529622
pedro,0.008340902117301785,2,0.22638221924493263,-0.24710380264896203,0.09547725524769303,-0.2617556249791099,-0.1381697653524598,-0.18312916879650692,0.23683526945746047,-0.23861369644313107,0.37140902395596176,-0.25603946051545645,0.2693805093411382,-0.2198133861082599,0.40587324285531234,-0.1517454427580479,0.19883017198002717,-0.16367842976522032,-0.25670033833656314,0.006381267064529622
pedro,0.03084292829519541,2,0.22638221924493263,-0.24710380264896203,0.09547725524769303,-0.2617556249791099,-0.1381697653524598,-0.18312916879650692,0.23683526945746047,-0.23861369644313107,0.37140902395596176,-0.25603946051545645,0.2693805093411382,-0.2198133861082599,0.40587324285531234,-0.1517454427580479,0.19883017198002717,-0.16367842976522032,-0.25670033833656314,0.006381267064529622
pedro,-0.04493417247241147,2,0.22638221924493263,-0.24710380264896203,0.09547725524769303,-0.2617556249791099,-0.1381697653524598,-0.18312916879650692,0.23683526945746047,-0.23861369644313107,0.37140902395596176,-0.25603946051545645,0.2693805093411382,-0.2198133861082599,0.40587324285531234,-0.1517454427580479,0.19883017198002717,-0.16367842976522032,-0.25670033833656314,0.006381267064529622
pedro,-0.003961824153855277,2,0.22638221924493263,-0.24710380264896203,0.09547725524769303,-0.2617556249791099,-0.1381697653524598,-0.18312916879650692,0.23683526945746047,-0.23861369644313107,0.37140902395596176,-0.25603946051545645,0.2693805093411382,-0.2198133861082599,0.40587324285531234,-0.1517454427580479,0.19883017198002717,-0.16367842976522032,-0.25670033833656314,0.006381267064529622
pedro,-3.449456092628023e-05,2,0.22638221924493263,-0.24710380264896203,0.09547725524769303,-0.2617556249791099,-0.1381697653524598,-0.18312916879650692,0.23683526945746047,-0.23861369644313107,0.37140902395596176,-0.25603946051545645,0.2693805093411382,-0.2198133861082599,0.40587324285531234,-0.1517454427580479,0.19883017198002717,-0.16367842976522032,-0.25670033833656314,0.006381267064529622
pedro,-0.0020700184183956405,2,0.22638221924493263,-0.24710380264896203,0.09547725524769303,-0.2617556249791099,-0.1381697653524598,-0.18312916879650692,0.23683526945746047,-0.23861369644313107,0.37140902395596176,-0.25603946051545645,0.2693805093411382,-0.2198133861082599,0.40587324285531234,-0.1517454427580479,0.19883017198002717,-0.16367842976522032,-0.25670033833656314,0.006381267064529622
pedro,-0.11277261514770305,2,0.2885422284700164,-0.002862481559906316,0.16798279983982864,0.08136373696306902,-0.17435645552352846,0.12257721268582009,0.19352251616587002,0.28605370084363485,-0.09119391712772813,0.33290007785101317,0.004299506228820836,0.27225670347405956,-0.1638681263764581,0.35667726469600525,0.0758136724400958,0.5001999649612928,-0.13144624085051243,-0.3108305364253769
pedro,-0.11374354749447284,2,0.1746748097262456,0.35069982299995917,0.3382415762464876,0.3261493180320217,-0.02875539639976391,-0.166681925353666,0.21999909668538312,0.3100552614700148,-0.08612233872443598,0.38295006726677505,-0.0003130551185238763,0.28546560055728504,-0.04812596393693681,0.16328656819158918,0.36403482658704506,-0.12529401643512927,-0.1634187453900663,-0.11450430863006957
pedro,-0.12849054981091385,3,0.24678550083442757,0.2874775943502984,0.42341571467993633,0.3276324917021013,-0.10200913376810203,0.11836602398922567,0.25697878632744897,0.2731339455583683,-0.02317421462084252,0.24201053607053988,-0.006786882464888083,0.28010475113180106,-0.03958002560723167,0.22901751974239093,0.379080320569609,-0.07882480857348238,-0.1171097188455211,-0.2225232534710058
pedro,0.017844752037807433,3,0.17147563224287152,-0.30295278921982494,0.031893393087351764,-0.27826410270322127,-0.1147052972535215,-0.08874509850961362,0.17915975510371274,-0.3064981684938186,0.35888851946030115,-0.2637189104609406,0.2792619077566103,-0.3200938758973788,0.3212038127732626,-0.2615363950660553,0.16820058180600597,-0.09236661047857331,-0.25350395972508105,0.04288213883319947
pedro,0.026196139024849827,3,0.17147563224287152,-0.30295278921982494,0.031893393087351764,-0.27826410270322127,-0.1147052972535215,-0.08874509850961362,0.17915975510371274,-0.3064981684938186,0.35888851946030115,-0.2637189104609406,0.2792619077566103,-0.3200938758973788,0.3212038127732626,-0.2615363950660553,0.16820058180600597,-0.09236661047857331,-0.25350395972508105,0.04288213883319947
pedro,-0.04611170946384202,3,0.17147563224287152,-0.30295278921982494,0.031893393087351764,-0.27826410270322127,-0.1147052972535215,-0.08874509850961362,0.17915975510371274,-0.3064981684938186,0.35888851946030115,-0.2637189104609406,0.2792619077566103,-0.3200938758973788,0.3212038127732626,-0.2615363950660553,0.16820058180600597,-0.09236661047857331,-0.25350395972508105,0.04288213883319947
pedro,-0.014403025433624848,3,0.17147563224287152,-0.30295278921982494,0.031893393087351764,-0.27826410270322127,-0.1147052972535215,-0.08874509850961362,0.17915975510371274,-0.3064981684938186,0.35888851946030115,-0.2637189104609406,0.2792619077566103,-0.3200938758973788,0.3212038127732626,-0.2615363950660553,0.16820058180600597,-0.09236661047857331,-0.25350395972508105,0.04288213883319947
pedro,-0.16513489480595422,3,0.07384971397028083,0.3505065867049767,0.31686452609515586,0.22869734433509067,0.008561885955078482,-0.13967775346499192,0.1759035382921483,0.20896509183385945,-0.0754302306838782,0.07618637455411094,-0.04110375696003016,0.3264583943039373,-0.35802469831187617,0.16927623536907313,0.2958976061342051,0.49958889918690796,-0.06784902937873553,-0.08032022132483135
pedro,-0.19715252888141704,3,0.07384971397028083,0.3505065867049767,0.31686452609515586,0.22869734433509067,0.008561885955078482,-0.13967775346499192,0.1759035382921483,0.20896509183385945,-0.0754302306838782,0.07618637455411094,-0.04110375696003016,0.3264583943039373,-0.35802469831187617,0.16927623536907313,0.2958976061342051,0.49958889918690796,-0.06784902937873553,-0.08032022132483135
pedro,-0.20492596503075905,3,0.07384971397028083,0.3505065867049767,0.31686452609515586,0.22869734433509067,0.008561885955078482,-0.13967775346499192,0.1759035382921483,0.20896509183385945,-0.0754302306838782,0.07618637455411094,-0.04110375696003016,0.3264583943039373,-0.35802469831187617,0.16927623536907313,0.2958976061342051,0.49958889918690796,-0.06784902937873553,-0.08032022132483135
xxx,0.0065424216016258755,1,0.1734092265864103,0.22483915189060966,0.470510848494619,0.1510888762499918,0.34319169862111865,-0.06993925634394656,0.019848005375860563,0.0975548567065891,0.5236204255405515,-0.07494655866435615,-0.07615556171207628,-0.2952899643465265,-0.34024110209399344,0.1488233354676253,-0.09018866854223251,-0.08822851092585196,0.09251448323293143,-0.08604996299649639
xxx,0.00987470213680741,1,0.1734092265864103,0.22483915189060966,0.470510848494619,0.1510888762499918,0.34319169862111865,-0.06993925634394656,0.019848005375860563,0.0975548567065891,0.5236204255405515,-0.07494655866435615,-0.07615556171207628,-0.2952899643465265,-0.34024110209399344,0.1488233354676253,-0.09018866854223251,-0.08822851092585196,0.09251448323293143,-0.08604996299649639
xxx,-0.1012171652876444,1,0.1734092265864103,0.22483915189060966,0.470510848494619,0.1510888762499918,0.34319169862111865,-0.06993925634394656,0.019848005375860563,0.0975548567065891,0.5236204255405515,-0.07494655866435615,-0.07615556171207628,-0.2952899643465265,-0.34024110209399344,0.1488233354676253,-0.09018866854223251,-0.08822851092585196,0.09251448323293143,-0.08604996299649639
xxx,-0.0023335424013799845,1,0.1734092265864103,0.22483915189060966,0.470510848494619,0.1510888762499918,0.34319169862111865,-0.06993925634394656,0.019848005375860563,0.0975548567065891,0.5236204255405515,-0.07494655866435615,-0.07615556171207628,-0.2952899643465265,-0.34024110209399344,0.1488233354676253,-0.09018866854223251,-0.08822851092585196,0.09251448323293143,-0.08604996299649639
xxx,0.00326263985265327,1,-0.2107126949934967,-0.22811897986108898,-0.09599489448219897,-0.24353356846873422,-0.01849870517389007,0.40315045237822356,0.03676431511966284,0.06675715559186039,0.1263582093069342,-0.1898285264477669,0.1805578876137363,0.0034936071524331626,0.22289440768009167,-0.44205317884461826,-0.06541421796060247,0.4740075869463993,-0.21600315550658358,0.247043563679458
xxx,-0.1171910949349615,1,-0.2107126949934967,-0.22811897986108898,-0.09599489448219897,-0.24353356846873422,-0.01849870517389007,0.40315045237822356,0.03676431511966284,0.06675715559186039,0.1263582093069342,-0.1898285264477669,0.1805578876137363,0.0034936071524331626,0.22289440768009167,-0.44205317884461826,-0.06541421796060247,0.4740075869463993,-0.21600315550658358,0.247043563679458
xxx,0.004765471389651766,1,-0.1684205168091885,-0.2573720639477842,-0.10583228693987147,-0.26379873412899557,-0.37200308048361547,-0.11628277877605707,0.33945913330642097,-0.4437612174622861,0.06722700380040203,-0.18645344499858102,0.2882151730944782,-0.20699103449975817,-0.1573158383479198,0.276657679389241,-0.12482977923375595,-0.17016224064758495,-0.1199453986635421,-0.18742857463211196
xxx,-0.13460642449896928,1,-0.1684205168091885,-0.2573720639477842,-0.10583228693987147,-0.26379873412899557,-0.37200308048361547,-0.11628277877605707,0.33945913330642097,-0.4437612174622861,0.06722700380040203,-0.18645344499858102,0.2882151730944782,-0.20699103449975817,-0.1573158383479198,0.276657679389241,-0.12482977923375595,-0.17016224064758495,-0.1199453986635421,-0.18742857463211196
xxx,0.06514971684297674,1,-0.1265732239167513,-0.07774717137120501,-0.013350811315381517,-0.2987741076465942,0.15517081790453977,0.37354959258178516,0.10635411946799041,-0.01291616944969615,0.09027758845395663,-0.08872703505300307,0.17373897964544724,-0.012716718731718556,0.15874996116912218,-0.380584479118148,0.16206995802304472,-0.0987843128996345,0.6297526221102515,0.2537048034821962
xxx,-0.1343684101654904,1,-0.1265732239167513,-0.07774717137120501,-0.013350811315381517,-0.2987741076465942,0.15517081790453977,0.37354959258178516,0.10635411946799041,-0.01291616944969615,0.09027758845395663,-0.08872703505300307,0.17373897964544724,-0.012716718731718556,0.15874996116912218,-0.380584479118148,0.16206995802304472,-0.0987843128996345,0.6297526221102515,0.2537048034821962
xxx,-0.15099957380293907,1,0.24531351996630435,0.12270993369481697,0.023125495312969032,0.21892908517219656,-0.08822907055939404,-0.11950617486334741,-0.3675805226025143,0.1683373484500865,-0.15080923504541993,0.24241827070737956,-0.1274684794507271,-0.22925157947772254,-0.49279929766819686,0.19054877213594654,-0.1540215760036062,0.3462079253071442,-0.0873000438250092,0.331815342191054
xxx,-0.07383988657628364,1,0.24531351996630435,0.12270993369481697,0.023125495312969032,0.21892908517219656,-0.08822907055939404,-0.11950617486334741,-0.3675805226025143,0.1683373484500865,-0.15080923504541993,0.24241827070737956,-0.1274684794507271,-0.22925157947772254,-0.49279929766819686,0.19054877213594654,-0.1540215760036062,0.3462079253071442,-0.0873000438250092,0.331815342191054
xxx,-0.2270837661999839,1,0.24531351996630435,0.12270993369481697,0.023125495312969032,0.21892908517219656,-0.08822907055939404,-0.11950617486334741,-0.3675805226025143,0.1683373484500865,-0.15080923504541993,0.24241827070737956,-0.1274684794507271,-0.22925157947772254,-0.49279929766819686,0.19054877213594654,-0.1540215760036062,0.3462079253071442,-0.0873000438250092,0.331815342191054
xxx,-0.1871084317750249,1,0.3875186864547316,0.19187420199402339,-0.23655341218526482,0.3289909029531018,-0.5387822728202847,-0.18406807065369846,0.11431898888798164,0.19722267054520462,0.046281945890407405,-0.03433317375216667,-0.25981201423709865,0.27087720521848796,0.06269508604649696,0.16051281892641084,0.2480675172901716,-0.1251050449535562,0.05521349545195191,-0.1362283353512972
xxx,-0.13599123003436642,1,0.3875186864547316,0.19187420199402339,-0.23655341218526482,0.3289909029531018,-0.5387822728202847,-0.18406807065369846,0.11431898888798164,0.19722267054520462,0.046281945890407405,-0.03433317375216667,-0.25981201423709865,0.27087720521848796,0.06269508604649696,0.16051281892641084,0.2480675172901716,-0.1251050449535562,0.05521349545195191,-0.1362283353512972
xxx,-0.21733681678746886,1,0.3875186864547316,0.19187420199402339,-0.23655341218526482,0.3289909029531018,-0.5387822728202847,-0.18406807065369846,0.11431898888798164,0.19722267054520462,0.046281945890407405,-0.03433317375216667,-0.25981201423709865,0.27087720521848796,0.06269508604649696,0.16051281892641084,0.2480675172901716,-0.1251050449535562,0.05521349545195191,-0.1362283353512972
xxx,-0.20925008267361436,1,0.3875186864547316,0.19187420199402339,-0.23655341218526482,0.3289909029531018,-0.5387822728202847,-0.18406807065369846,0.11431898888798164,0.19722267054520462,0.046281945890407405,-0.03433317375216667,-0.25981201423709865,0.27087720521848796,0.06269508604649696,0.16051281892641084,0.2480675172901716,-0.1251050449535562,0.05521349545195191,-0.1362283353512972
xxx,-0.08530217694694592,1,0.22443803020278152,0.3287786245826476,0.21378451824347164,0.29204496914606237,0.28088405604559713,-0.12506980499410475,-0.276816009075885,0.28512400340528543,-0.1970324845993763,0.3602025466309536,-0.2973103411725884,0.2347845859961352,0.0715349417461875,0.11925436563186287,0.21885202414714253,-0.11006356326993656,0.10178955263467594,-0.23723810120609756
xxx,0.05409853037746907,2,0.3688400411615595,0.3456359051181427,0.33904458012900246,0.27388135153263554,0.17230062653020523,-0.10277110763798628,-0.25923442582939993,0.23502779015734904,-0.1102835446742831,0.29258930675837175,-0.2607597792514008,0.16504850743095523,0.12972808247175605,0.15802077403994472,0.3637406264121093,-0.03240413598462589,0.04374684680441009,-0.1475196043417028
xxx,-0.11145717428829527,2,0.3688400411615595,0.3456359051181427,0.33904458012900246,0.27388135153263554,0.17230062653020523,-0.10277110763798628,-0.25923442582939993,0.23502779015734904,-0.1102835446742831,0.29258930675837175,-0.2607597792514008,0.16504850743095523,0.12972808247175605,0.15802077403994472,0.3637406264121093,-0.03240413598462589,0.04374684680441009,-0.1475196043417028
xxx,-0.19023262978418343,2,-0.2676431070572146,-0.2836945076533798,-0.2727020505279693,-0.23744437043898164,-0.2161920152918382,-0.1763052439303046,-0.05990660845013946,0.050325655960620136,-0.16325811724794365,-0.16567987399207673,0.042117627669107226,-0.01182637833619372,0.3687459385349149,-0.43374049549674293,-0.31326614459964347,0.2376954834807094,-0.2277859704666962,0.21575892055844914
xxx,-0.18757380880689695,2,-0.2676431070572146,-0.2836945076533798,-0.2727020505279693,-0.23744437043898164,-0.2161920152918382,-0.1763052439303046,-0.05990660845013946,0.050325655960620136,-0.16325811724794365,-0.16567987399207673,0.042117627669107226,-0.01182637833619372,0.3687459385349149,-0.43374049549674293,-0.31326614459964347,0.2376954834807094,-0.2277859704666962,0.21575892055844914
xxx,-0.217113581968004,2,-0.2676431070572146,-0.2836945076533798,-0.2727020505279693,-0.23744437043898164,-0.2161920152918382,-0.1763052439303046,-0.05990660845013946,0.050325655960620136,-0.16325811724794365,-0.16567987399207673,0.042117627669107226,-0.01182637833619372,0.3687459385349149,-0.43374049549674293,-0.31326614459964347,0.2376954834807094,-0.2277859704666962,0.21575892055844914
xxx,-0.11715470287670274,2,-0.24582005305230445,-0.30090884502198934,-0.3021659970365358,-0.2509288436489409,-0.2993811899558958,-0.20138205586281593,0.32347289040243776,-0.3161007989179018,0.09733342955146314,-0.22149600380970075,0.20181690288598625,-0.15967839975846357,0.06367643205500802,0.07600397870304443,-0.19721735635352938,0.3699457579044308,-0.22236839437928194,0.014948714087578769
xxx,-0.12802473127533548,2,-0.20331753737111383,-0.23322256091041493,-0.4217809684665482,-0.2276850826057658,-0.2826229943137724,-0.18054904764490307,0.04089143433653579,-0.053583039915498926,-0.10912164393423905,-0.14436535207996365,0.025767237913944394,0.1032118391240124,0.2998110906063598,-0.3050396605501218,-0.5050272827819765,-0.049515026710042015,-0.21930401329011961,0.15783730680434668
xxx,-0.12456927282494928,2,-0.02264590372173707,-0.21076936245496825,-0.27099924049806984,-0.23013560351638723,-0.3712605147353413,-0.12096334254681015,0.3730438213500458,-0.41107733146121944,-0.0703957698694467,-0.08236697525966409,0.3895405710199237,-0.13772209153710482,-0.085584093270943,0.20553785329213306,-0.26054563321626717,0.23629857738155682,-0.05596329011622058,-0.09578723690129612
xxx,0.0804893071997261,2,-0.10049446442834777,-0.07868905647535318,-0.03257277653415283,-0.28850043495217054,0.056095053999904505,0.31121513492737535,0.3550147871005259,-0.2500445642090823,0.05795174040900753,-0.10962762975188926,0.29377391488718985,0.03650373151931225,0.36451031878717544,-0.3410440182479133,-0.06316882881556306,-0.17390063056483895,0.4581100791124236,0.1206999718776793
xxx,-0.1293352544636299,2,-0.10049446442834777,-0.07868905647535318,-0.03257277653415283,-0.28850043495217054,0.056095053999904505,0.31121513492737535,0.3550147871005259,-0.2500445642090823,0.05795174040900753,-0.10962762975188926,0.29377391488718985,0.03650373151931225,0.36451031878717544,-0.3410440182479133,-0.06316882881556306,-0.17390063056483895,0.4581100791124236,0.1206999718776793
xxx,0.01867182734045011,2,0.17697341240890588,0.04673370984325298,-0.04958687150469268,0.21200498226031617,-0.04805038009396778,-0.11186171761218955,-0.3505820444534886,0.1442227195060849,-0.2146604178296677,0.24719130940162207,-0.034750864393436026,-0.3169501582359939,-0.4474769096377003,0.1646888865613886,-0.11489546689446932,0.3389817881719604,-0.10747734906097688,0.4297614179007852
xxx,-0.09105276585388272,2,0.17697341240890588,0.04673370984325298,-0.04958687150469268,0.21200498226031617,-0.04805038009396778,-0.11186171761218955,-0.3505820444534886,0.1442227195060849,-0.2146604178296677,0.24719130940162207,-0.034750864393436026,-0.3169501582359939,-0.4474769096377003,0.1646888865613886,-0.11489546689446932,0.3389817881719604,-0.10747734906097688,0.4297614179007852
xxx,-0.26979016901957625,2,0.17697341240890588,0.04673370984325298,-0.04958687150469268,0.21200498226031617,-0.04805038009396778,-0.11186171761218955,-0.3505820444534886,0.1442227195060849,-0.2146604178296677,0.24719130940162207,-0.034750864393436026,-0.3169501582359939,-0.4474769096377003,0.1646888865613886,-0.11489546689446932,0.3389817881719604,-0.10747734906097688,0.4297614179007852
xxx,-0.08353176464030881,2,0.17471907397511585,0.2835962641171891,0.07954915790873887,0.3137643743362721,0.21100859990945792,-0.11452805060402352,-0.30243809015737844,0.29580706387315253,-0.2501784582497382,0.4015197776701219,-0.3628046032607234,0.27215110062579134,0.14370154710680258,0.08336129845306454,0.19964431138315245,-0.10864322980445801,0.04662999585026591,-0.19163177654053418
xxx,0.04568385670951906,3,0.43314785366151287,0.3559140000669355,0.20392671360449718,0.2750515685629759,0.09544577702379885,-0.19675738308458318,-0.1830136147746487,0.3149925238016628,-0.17670370785667078,0.2676359247354666,-0.31773719772484293,0.2028860866706237,0.045933917430767815,0.1861541182825854,0.2317697119156749,-0.03471355239723377,0.15331353799556158,-0.16663619966954557
xxx,-0.06831244919350893,3,0.43314785366151287,0.3559140000669355,0.20392671360449718,0.2750515685629759,0.09544577702379885,-0.19675738308458318,-0.1830136147746487,0.3149925238016628,-0.17670370785667078,0.2676359247354666,-0.31773719772484293,0.2028860866706237,0.045933917430767815,0.1861541182825854,0.2317697119156749,-0.03471355239723377,0.15331353799556158,-0.16663619966954557
xxx,0.0019777000536338367,3,-0.10599854153916291,-0.2433381007231984,-0.08476991484815392,-0.34939074698187655,0.07783904112155807,0.534370234597829,0.18862751751938756,-0.04786099877108795,-0.11662829911486829,-0.20922089347099274,0.2737419968571998,-0.06070689958496846,-0.058958278661089804,-0.1715933630589753,0.5033858603733911,-0.12442294032200232,-0.17222474403972846,0.05791285800372888
xxx,-0.10807782125961403,3,-0.10599854153916291,-0.2433381007231984,-0.08476991484815392,-0.34939074698187655,0.07783904112155807,0.534370234597829,0.18862751751938756,-0.04786099877108795,-0.11662829911486829,-0.20922089347099274,0.2737419968571998,-0.06070689958496846,-0.058958278661089804,-0.1715933630589753,0.5033858603733911,-0.12442294032200232,-0.17222474403972846,0.05791285800372888
xxx,-0.23958489086515553,3,-0.10599854153916291,-0.2433381007231984,-0.08476991484815392,-0.34939074698187655,0.07783904112155807,0.534370234597829,0.18862751751938756,-0.04786099877108795,-0.11662829911486829,-0.20922089347099274,0.2737419968571998,-0.06070689958496846,-0.058958278661089804,-0.1715933630589753,0.5033858603733911,-0.12442294032200232,-0.17222474403972846,0.05791285800372888
xxx,0.18145238734549962,3,-0.2038260373377826,-0.02728842928964036,-0.08915352516567676,-0.06656574819336175,0.025496693112417503,0.1638799950261457,0.3079851680987129,-0.21524744086509276,0.23606246452566995,-0.15331781963665142,0.15414943174222187,-0.01530226312066329,0.6194058968036751,-0.27786898385085823,0.017814051136342157,-0.45009038829111875,0.08735106765887762,-0.044789371051382997
xxx,0.28670195679627075,3,-0.2038260373377826,-0.02728842928964036,-0.08915352516567676,-0.06656574819336175,0.025496693112417503,0.1638799950261457,0.3079851680987129,-0.21524744086509276,0.23606246452566995,-0.15331781963665142,0.15414943174222187,-0.01530226312066329,0.6194058968036751,-0.27786898385085823,0.017814051136342157,-0.45009038829111875,0.08735106765887762,-0.044789371051382997
xxx,0.00641331640644735,3,0.18662079016358163,0.09106522255706806,0.10968717025710735,0.19619268843232274,0.047600634291047855,-0.10769261250521839,-0.37737982988805047,0.13762849103920186,-0.17349849815389004,0.22393224696299335,0.04523377593103057,-0.3003784912301225,-0.4970973567594992,0.14618204884847505,-0.17468325611094365,0.3072592690980597,0.09425262923591228,0.3953916542844036
xxx,-0.07592012492791618,3,0.18662079016358163,0.09106522255706806,0.10968717025710735,0.19619268843232274,0.047600634291047855,-0.10769261250521839,-0.37737982988805047,0.13762849103920186,-0.17349849815389004,0.22393224696299335,0.04523377593103057,-0.3003784912301225,-0.4970973567594992,0.14618204884847505,-0.17468325611094365,0.3072592690980597,0.09425262923591228,0.3953916542844036
xxx,-0.22864170049606694,3,0.18662079016358163,0.09106522255706806,0.10968717025710735,0.19619268843232274,0.047600634291047855,-0.10769261250521839,-0.37737982988805047,0.13762849103920186,-0.17349849815389004,0.22393224696299335,0.04523377593103057,-0.3003784912301225,-0.4970973567594992,0.14618204884847505,-0.17468325611094365,0.3072592690980597,0.09425262923591228,0.3953916542844036
xxx,-0.11753694580778279,3,0.17291101826379737,0.3671884354668119,0.29435946367462545,0.24318589124817075,0.3673746819000619,-0.1442635048176401,-0.22912396694028236,0.23411326100040544,-0.1906286414867665,0.2787889232769433,-0.23803304552702215,0.19570515007642425,0.029153604572058577,0.10299035350821872,0.3942997498838926,-0.10734790646691371,0.08458819425051513,-0.17825229577707571
slasto,0.15062071064587357,2,-0.06029048725736952,-0.4044540217299934,-0.5511998695601272,0.00398667601274219,-0.020442251133101323,-0.06599549545658576,0.23249994649865807,-0.18970420148998302,0.050794711916508396,0.11039452842783766,0.40774309984300944,-0.3298605191108041,0.13195756225836597,-0.11855857421358584,-0.2671277160188303,-0.006646743798802884,-0.12773235333565214,0.15846853160836794
slasto,-0.18904174864678389,2,0.5509927983303239,-0.022670095331151274,0.2771809126132503,0.0666587423646895,-0.36813063673498564,0.07583181409486607,-0.2145555745989051,0.15774075817560754,-0.02964457393627563,-0.10263058868605411,-0.49894092112788263,0.03463348720744801,-0.0014636871928398283,0.11393219097899071,-0.08597140515140363,-0.1531045408173038,0.16245390860900832,-0.26584597801271015
slasto,-0.20950446193781463,2,0.5509927983303239,-0.022670095331151274,0.2771809126132503,0.0666587423646895,-0.36813063673498564,0.07583181409486607,-0.2145555745989051,0.15774075817560754,-0.02964457393627563,-0.10263058868605411,-0.49894092112788263,0.03463348720744801,-0.0014636871928398283,0.11393219097899071,-0.08597140515140363,-0.1531045408173038,0.16245390860900832,-0.26584597801271015
slasto,-0.050807486887253596,2,0.35092077951978035,-0.04694028532249939,0.1719645057008382,0.07110800985383187,-0.29166399882162874,0.08173191146637988,-0.06330727091898788,-0.03786736934414619,0.056048496814349966,-0.09135762506386702,-0.48040544282464137,-0.577960555846713,-0.011793964501237209,0.1110223947757404,-0.12976191271802007,-0.15783993728792414,0.18785782288673886,-0.27750794517970523
slasto,-0.21721596547320746,2,0.35092077951978035,-0.04694028532249939,0.1719645057008382,0.07110800985383187,-0.29166399882162874,0.08173191146637988,-0.06330727091898788,-0.03786736934414619,0.056048496814349966,-0.09135762506386702,-0.48040544282464137,-0.577960555846713,-0.011793964501237209,0.1110223947757404,-0.12976191271802007,-0.15783993728792414,0.18785782288673886,-0.27750794517970523
slasto,0.1279402822339234,2,0.05295619090714485,0.08862136007068411,0.06332791168737041,-0.09476136126409543,0.19784947351511512,-0.10641600773470467,-0.4432420976171755,0.2790003993700015,-0.42865417986654536,0.21061242693903434,-0.12840134389137642,0.11914263199110213,0.007239855805399972,-0.10217579895975601,0.2841857537348282,0.18686810464168863,-0.39619146460098953,0.3311391040337901
slasto,-0.09192151180289497,2,0.08918920498061321,-0.03243929502463505,-0.09140674000401389,0.0660181225147779,-0.053313135082191966,0.08617911468034442,0.28505627130102856,-0.11975964110643575,0.3276666649908777,-0.15613809542212057,0.11329325959551681,-0.0685749834870984,0.12208154909631702,-0.143485545473642,0.08634416968116113,-0.11404352937846526,0.3707364487789207,0.7278252615272046
slasto,-0.29946229341314734,2,0.08918920498061321,-0.03243929502463505,-0.09140674000401389,0.0660181225147779,-0.053313135082191966,0.08617911468034442,0.28505627130102856,-0.11975964110643575,0.3276666649908777,-0.15613809542212057,0.11329325959551681,-0.0685749834870984,0.12208154909631702,-0.143485545473642,0.08634416968116113,-0.11404352937846526,0.3707364487789207,0.7278252615272046
slasto,0.19637618137451104,2,-0.46953794004271054,0.026254670420673736,0.15256341131203052,-0.08139064212559556,0.08808893371456675,-0.1146015099987889,-0.3729398706856146,0.22988734328814198,-0.4083170618444972,0.17179335163931067,-0.16093887655885247,0.1068889493771777,-0.2855320487572831,0.21182978237753616,-0.25536855770414807,0.16469897508484935,-0.034610216182048945,-0.2874366095632769
slasto,0.23671510556029537,2,-0.46953794004271054,0.026254670420673736,0.15256341131203052,-0.08139064212559556,0.08808893371456675,-0.1146015099987889,-0.3729398706856146,0.22988734328814198,-0.4083170618444972,0.17179335163931067,-0.16093887655885247,0.1068889493771777,-0.2855320487572831,0.21182978237753616,-0.25536855770414807,0.16469897508484935,-0.034610216182048945,-0.2874366095632769
slasto,0.3087983688899293,2,-0.46953794004271054,0.026254670420673736,0.15256341131203052,-0.08139064212559556,0.08808893371456675,-0.1146015099987889,-0.3729398706856146,0.22988734328814198,-0.4083170618444972,0.17179335163931067,-0.16093887655885247,0.1068889493771777,-0.2855320487572831,0.21182978237753616,-0.25536855770414807,0.16469897508484935,-0.034610216182048945,-0.2874366095632769
slasto,-0.1115151818888276,2,0.3881816036381589,-0.012172198632401104,-0.05556895891029893,0.05748656199027129,-0.10543319930265756,0.07881022661588585,0.20724796442803975,-0.15517545995380405,0.24801349835225983,-0.0860167239992676,0.11721858345150624,-0.048403639078555376,0.13562428966393736,-0.050073157791052085,-0.04410352000234715,-0.10112655858545519,0.3212783662420078,0.7328918562323102
slasto,-0.10842547783400573,2,0.3881816036381589,-0.012172198632401104,-0.05556895891029893,0.05748656199027129,-0.10543319930265756,0.07881022661588585,0.20724796442803975,-0.15517545995380405,0.24801349835225983,-0.0860167239992676,0.11721858345150624,-0.048403639078555376,0.13562428966393736,-0.050073157791052085,-0.04410352000234715,-0.10112655858545519,0.3212783662420078,0.7328918562323102
slasto,-0.5771519829431748,2,0.3881816036381589,-0.012172198632401104,-0.05556895891029893,0.05748656199027129,-0.10543319930265756,0.07881022661588585,0.20724796442803975,-0.15517545995380405,0.24801349835225983,-0.0860167239992676,0.11721858345150624,-0.048403639078555376,0.13562428966393736,-0.050073157791052085,-0.04410352000234715,-0.10112655858545519,0.3212783662420078,0.7328918562323102
slasto,-0.5616700264884429,2,0.3881816036381589,-0.012172198632401104,-0.05556895891029893,0.05748656199027129,-0.10543319930265756,0.07881022661588585,0.20724796442803975,-0.15517545995380405,0.24801349835225983,-0.0860167239992676,0.11721858345150624,-0.048403639078555376,0.13562428966393736,-0.050073157791052085,-0.04410352000234715,-0.10112655858545519,0.3212783662420078,0.7328918562323102
slasto,-0.10941943251868909,2,0.3920198080983662,0.017115445436959857,-0.02017150356646532,0.05215809768477597,-0.10382680778853975,0.07777597210180588,0.1404377008103222,-0.13277686007456269,0.21522097756392305,-0.08215956118866069,0.11969179206819713,-0.045680384312038504,0.10041963111200235,-0.01648652701096826,-0.12369217347677267,-0.11673509997239978,0.3740016480591971,0.7348983340466217
slasto,-0.1003362450877262,2,0.3920198080983662,0.017115445436959857,-0.02017150356646532,0.05215809768477597,-0.10382680778853975,0.07777597210180588,0.1404377008103222,-0.13277686007456269,0.21522097756392305,-0.08215956118866069,0.11969179206819713,-0.045680384312038504,0.10041963111200235,-0.01648652701096826,-0.12369217347677267,-0.11673509997239978,0.3740016480591971,0.7348983340466217
slasto,-0.5679992562272124,2,0.3920198080983662,0.017115445436959857,-0.02017150356646532,0.05215809768477597,-0.10382680778853975,0.07777597210180588,0.1404377008103222,-0.13277686007456269,0.21522097756392305,-0.08215956118866069,0.11969179206819713,-0.045680384312038504,0.10041963111200235,-0.01648652701096826,-0.12369217347677267,-0.11673509997239978,0.3740016480591971,0.7348983340466217
slasto,-0.49865514203805117,2,0.6156094599243267,0.07162247602765415,0.004081983287507329,0.07166334847094735,-0.1768033340045883,0.12020185515559764,0.15290221392630837,-0.1873422154956182,0.3036841976174206,-0.13235432341376838,0.19404838211732586,-0.07791490009038231,0.11201996031942023,0.01070503316541968,-0.2417116830158939,-0.1874245315051964,0.4919980833012113,0.06938210899533459
slasto,-0.11672067532705876,2,0.3527555263247805,0.15917903275848122,0.0162412995295304,0.050256169105035275,-0.19292561217279797,0.11012215628026778,0.13098075680136695,-0.2958209147232117,0.2412887860011811,-0.21201060002034575,0.20317495507910474,-0.16694106998953784,0.07817931535241361,0.03103819514404483,-0.3119836976687329,-0.18507450271955653,0.439159145281454,-0.4354104655463208
slasto,-0.03380639871726892,2,0.04959659052775125,0.09177060512058768,-0.030456843051866862,0.03521961017961322,-0.10638288765720276,0.06620938028138593,0.10235380293446135,-0.21289195522187002,0.167042138315107,-0.1525129039918559,0.10903212968889014,-0.11048722252598861,0.05000977801011813,0.019998317387744848,-0.22201605530346308,-0.11597692536189876,0.2979236664781976,0.8281244570971611
slasto,-0.5763594534620641,2,0.04959659052775125,0.09177060512058768,-0.030456843051866862,0.03521961017961322,-0.10638288765720276,0.06620938028138593,0.10235380293446135,-0.21289195522187002,0.167042138315107,-0.1525129039918559,0.10903212968889014,-0.11048722252598861,0.05000977801011813,0.019998317387744848,-0.22201605530346308,-0.11597692536189876,0.2979236664781976,0.8281244570971611
slasto,0.1327785702369928,2,-0.050823316958307496,-0.11296181275531637,0.04730947493041317,-0.04074764916087156,0.12767267949776803,-0.07751209971467456,-0.11764472354536969,0.25278004043500657,-0.1954107904120745,0.17769123080702137,-0.12454111445368742,0.138333299120945,-0.05929435917116352,-0.023791362625010515,0.26563756243932213,0.13552817765325217,-0.34530413103261676,-0.7510375874276422
slasto,0.9822116318978328,2,-0.050823316958307496,-0.11296181275531637,0.04730947493041317,-0.04074764916087156,0.12767267949776803,-0.07751209971467456,-0.11764472354536969,0.25278004043500657,-0.1954107904120745,0.17769123080702137,-0.12454111445368742,0.138333299120945,-0.05929435917116352,-0.023791362625010515,0.26563756243932213,0.13552817765325217,-0.34530413103261676,-0.7510375874276422
slasto,0.1405623429351796,2,0.00604268566258374,-0.0680622950265562,0.07267963538670381,-0.04273172089314788,0.0928180773549229,-0.06896679048222987,-0.08834375154753722,0.18494181004322469,-0.17260581838417163,0.1577171047413358,-0.11476648255966397,0.10365278092448336,-0.057256850657054534,0.02755394672861032,0.20230555517339788,0.12362768348357514,-0.25285362977771064,-0.8544450891573355
slasto,0.023056840002625683,2,0.00604268566258374,-0.0680622950265562,0.07267963538670381,-0.04273172089314788,0.0928180773549229,-0.06896679048222987,-0.08834375154753722,0.18494181004322469,-0.17260581838417163,0.1577171047413358,-0.11476648255966397,0.10365278092448336,-0.057256850657054534,0.02755394672861032,0.20230555517339788,0.12362768348357514,-0.25285362977771064,-0.8544450891573355
slasto,-0.0015453319472726586,2,0.00604268566258374,-0.0680622950265562,0.07267963538670381,-0.04273172089314788,0.0928180773549229,-0.06896679048222987,-0.08834375154753722,0.18494181004322469,-0.17260581838417163,0.1577171047413358,-0.11476648255966397,0.10365278092448336,-0.057256850657054534,0.02755394672861032,0.20230555517339788,0.12362768348357514,-0.25285362977771064,-0.8544450891573355
slasto,0.13675222134798226,2,0.019548354869831006,0.27430522505940147,0.36391573806771543,-0.1328998361362712,0.041353147290358175,-0.11267017340485797,0.08451921880874433,0.10456546522503066,-0.08481793064421024,0.1926133933512796,-0.13743778340424473,0.0536605821299155,-0.2916809694509741,0.373029335763793,-0.48269233863520344,0.2713152076867478,0.32385687000564045,-0.2000425069052669
slasto,-0.14156455822432065,2,-0.5080445561002055,-0.27008123465953027,-0.23413347766969245,0.1383067945137813,-0.06567445540758259,0.10025616942451238,0.05653402422922589,-0.35032674256490437,0.29931153254692655,-0.23603584952217205,0.24345087346057423,-0.1433947578351386,0.11686594507476056,-0.07327788457665574,0.20765788640611596,-0.22671898077803024,-0.3158323442601572,0.12758872809753172
slasto,-0.061719323348853404,2,-0.4490518247991999,-0.2300210624039346,-0.3841107404204928,0.11953700104550068,-0.008519133032515164,0.03224322927221302,-0.12466572257436792,-0.12508444695704105,0.12972694931159634,-0.1925351104085204,0.20795602944238184,-0.003511343409814002,0.15863117422618406,-0.3595684697088389,0.2338930534888797,-0.20887793004156902,-0.3950441766662816,0.2128536490857128
slasto,-0.08432298297244219,2,0.22740085981713,-0.044161306602578776,0.017763637828801217,0.05768952898134105,0.29480256210897193,-0.7350750050948606,-0.0962974154467206,0.14066402987512985,0.0709256835746001,-0.10214094458019822,0.031148026870274296,0.09565366584915291,-0.25265725815165624,-0.1784204148748553,0.2296795989127362,0.3106212896580564,-0.02916854327494722,0.12267816996195677
slasto,-0.19589984952352957,2,0.24439795101948894,-0.12028472925909717,0.07300976399714038,0.06960732056441016,0.0405406677633756,-0.12914296757370153,-0.21326378250846598,0.009447229429439338,0.08275021547630855,-0.04570811641963165,-0.0450937735179821,0.14794127991962344,-0.5469562729068819,0.1720925273981666,-0.5266020712241938,0.24363187051121282,0.39064635162084743,-0.028788414638555776
slasto,-0.15135429859521252,2,0.24439795101948894,-0.12028472925909717,0.07300976399714038,0.06960732056441016,0.0405406677633756,-0.12914296757370153,-0.21326378250846598,0.009447229429439338,0.08275021547630855,-0.04570811641963165,-0.0450937735179821,0.14794127991962344,-0.5469562729068819,0.1720925273981666,-0.5266020712241938,0.24363187051121282,0.39064635162084743,-0.028788414638555776
slasto,-0.21750310609986612,2,0.24439795101948894,-0.12028472925909717,0.07300976399714038,0.06960732056441016,0.0405406677633756,-0.12914296757370153,-0.21326378250846598,0.009447229429439338,0.08275021547630855,-0.04570811641963165,-0.0450937735179821,0.14794127991962344,-0.5469562729068819,0.1720925273981666,-0.5266020712241938,0.24363187051121282,0.39064635162084743,-0.028788414638555776
slasto,-0.21121205883863095,2,0.24439795101948894,-0.12028472925909717,0.07300976399714038,0.06960732056441016,0.0405406677633756,-0.12914296757370153,-0.21326378250846598,0.009447229429439338,0.08275021547630855,-0.04570811641963165,-0.0450937735179821,0.14794127991962344,-0.5469562729068819,0.1720925273981666,-0.5266020712241938,0.24363187051121282,0.39064635162084743,-0.028788414638555776
slasto,-0.0855786373293274,2,0.1533410952568145,-0.13033604700661372,-0.0038416651348774974,0.08140509568473353,0.09448145872923894,-0.7286022799557018,-0.29371633862382746,0.16914365547941787,-0.02101406067211569,-0.030652417765635605,-0.12239419926988399,0.23711429041053073,-0.24137512904075537,0.22436539028832958,-0.15512579818781874,0.038003827801637566,0.29665438311641107,-0.05909303269801138
slasto,-0.20601158338966233,2,0.1533410952568145,-0.13033604700661372,-0.0038416651348774974,0.08140509568473353,0.09448145872923894,-0.7286022799557018,-0.29371633862382746,0.16914365547941787,-0.02101406067211569,-0.030652417765635605,-0.12239419926988399,0.23711429041053073,-0.24137512904075537,0.22436539028832958,-0.15512579818781874,0.038003827801637566,0.29665438311641107,-0.05909303269801138
slasto,-0.07368649800030469,2,-0.2502234026468606,0.31182122629543274,0.10643530233230399,-0.005056530174799954,0.3086249051275909,0.0654338671775573,-0.04430617351825786,0.3407435424755063,-0.2431832772948712,0.4368421940421975,-0.42520696396236013,0.2336631239037887,-0.20624634998392627,0.14836287424895472,-0.12051037896003894,0.1185595594849562,0.1532249720032702,-0.09605659393891061
slasto,-0.13728262786846931,3,-0.048676220883691584,0.3949251003058999,0.42116818197050393,-0.014706977699852816,0.13859855718136876,0.056022602536966795,-0.021597173022375408,0.32550314001013064,-0.20012960812490935,0.4226650215290531,-0.4291079048733733,0.2259166890666117,-0.13600731382468811,0.12981284771370127,0.051663791707399646,0.15626782407204373,0.07591775368575852,-0.11501242804502287
slasto,-0.17734648050049848,3,0.6290196006442124,-0.06492944263232447,0.16334585504960702,0.07826725804986401,-0.38879881868283966,-0.3039676940080524,0.012448279762433847,0.20836817257936657,-0.08398540996610927,-0.1444841011575446,-0.2866271835898842,0.16106419795693303,-0.054613954901080064,0.16866651374319117,-0.16849625033914042,-0.18805903565380022,0.06766725333777877,-0.21067652416660862
slasto,-0.10049560393045436,3,0.6290196006442124,-0.06492944263232447,0.16334585504960702,0.07826725804986401,-0.38879881868283966,-0.3039676940080524,0.012448279762433847,0.20836817257936657,-0.08398540996610927,-0.1444841011575446,-0.2866271835898842,0.16106419795693303,-0.054613954901080064,0.16866651374319117,-0.16849625033914042,-0.18805903565380022,0.06766725333777877,-0.21067652416660862
slasto,-0.22381220424604176,3,0.6290196006442124,-0.06492944263232447,0.16334585504960702,0.07826725804986401,-0.38879881868283966,-0.3039676940080524,0.012448279762433847,0.20836817257936657,-0.08398540996610927,-0.1444841011575446,-0.2866271835898842,0.16106419795693303,-0.054613954901080064,0.16866651374319117,-0.16849625033914042,-0.18805903565380022,0.06766725333777877,-0.21067652416660862
slasto,0.025285901904452027,3,0.21172715156716498,0.049516697911170415,0.15680114304749765,0.07348919863878367,-0.2698473837340971,0.11290008845436515,0.3914262226159481,-0.28929133025672166,0.3229543885487509,-0.24518314007708575,0.23776611505496653,-0.21346011118992678,-0.04353102288914609,0.20160973565518966,-0.3099598469061414,-0.22767184745456284,0.18425050522108097,-0.3306855491104963
slasto,-0.1134101451085663,3,0.21172715156716498,0.049516697911170415,0.15680114304749765,0.07348919863878367,-0.2698473837340971,0.11290008845436515,0.3914262226159481,-0.28929133025672166,0.3229543885487509,-0.24518314007708575,0.23776611505496653,-0.21346011118992678,-0.04353102288914609,0.20160973565518966,-0.3099598469061414,-0.22767184745456284,0.18425050522108097,-0.3306855491104963
slasto,-0.1326041927698993,3,0.036797628180631516,-0.2406681631419536,-0.23653606762056884,0.1190965117543194,-0.15956369046924007,0.10078348956705871,0.12659553973996507,-0.12080198784194916,0.1124349149606606,-0.15029974934075582,0.14265941426335377,-0.08714854935468667,0.40235257822907616,-0.3230676229867931,0.5465535272478161,-0.21567379203014142,-0.3081835178858727,0.18628615850297556
slasto,-0.0841016772074928,3,-0.14001738772423564,-0.34512705749376715,-0.3241043301138156,-0.017511224991659153,-0.16404910978895973,0.10053026639116526,0.1321770244789835,-0.22627013932397752,0.23149683855696845,-0.18729441480696188,0.22999242012719606,-0.12508434849105643,0.2915246658637744,-0.32059632399093746,0.2850165406722761,-0.21366620033712536,-0.3687813192135427,0.20585489663228262
slasto,-0.1306656405986491,3,-0.046590959327629064,-0.2895480526851071,-0.24943450279614418,-0.6155408249385258,-0.10587233469574243,0.07010528494090379,0.00468555040302889,0.011804587292685242,0.14193439402662528,-0.1122273556661238,0.12812594380694373,-0.005193854844016382,0.13747150930327232,-0.39330513607747375,0.11581585550073835,-0.1296068452028246,-0.3740377634825147,0.2524117630436736
slasto,-0.29706824922674085,3,-0.046590959327629064,-0.2895480526851071,-0.24943450279614418,-0.6155408249385258,-0.10587233469574243,0.07010528494090379,0.00468555040302889,0.011804587292685242,0.14193439402662528,-0.1122273556661238,0.12812594380694373,-0.005193854844016382,0.13747150930327232,-0.39330513607747375,0.11581585550073835,-0.1296068452028246,-0.3740377634825147,0.2524117630436736
slasto,-0.16006613230684177,3,0.06472179841634257,-0.32023413690660363,-0.34057801085252354,-0.20371414751148767,-0.3064061132360194,0.08013793930549545,0.16393791603791588,-0.3481060756812357,0.025952155926206307,-0.06363682982677672,0.3883929244863471,-0.21255190615488706,0.2944131631043383,-0.08952039237477215,0.3458743579781523,-0.17809362284235558,-0.1866657173410674,0.0759870173654963
slasto,-0.23579129258563697,3,0.06472179841634257,-0.32023413690660363,-0.34057801085252354,-0.20371414751148767,-0.3064061132360194,0.08013793930549545,0.16393791603791588,-0.3481060756812357,0.025952155926206307,-0.06363682982677672,0.3883929244863471,-0.21255190615488706,0.2944131631043383,-0.08952039237477215,0.3458743579781523,-0.17809362284235558,-0.1866657173410674,0.0759870173654963
slasto,-0.170230180273063,3,-0.13827325038710425,-0.2183617774327944,-0.17932588497979998,-0.4516504375445221,-0.3219227008722162,0.052162218852414254,0.3868542611671584,-0.4803180948075979,0.08962742757275474,-0.02852984691416049,0.3163208831072751,-0.2016986220868604,0.05808308980273881,0.2070090524224744,0.05188153923966423,0.07825765601211641,-0.04524714111647367,-0.0604815899867639
slasto,-0.25532889858287355,3,-0.13827325038710425,-0.2183617774327944,-0.17932588497979998,-0.4516504375445221,-0.3219227008722162,0.052162218852414254,0.3868542611671584,-0.4803180948075979,0.08962742757275474,-0.02852984691416049,0.3163208831072751,-0.2016986220868604,0.05808308980273881,0.2070090524224744,0.05188153923966423,0.07825765601211641,-0.04524714111647367,-0.0604815899867639
slasto,0.002413656743795414,3,-0.2632635731033537,-0.21124536680082695,-0.06600246510801139,0.11462629292003451,-0.41159892803868325,0.0638937387937083,0.5392188417533653,-0.4667919510333718,0.06995111073389833,-0.04877467905853398,0.22806585397414392,-0.13497507542191414,0.12733307172868388,0.26219987721582033,-0.01917796845854,-0.06827501744913166,0.03211122777563101,-0.1337799657603381
slasto,-0.09998574181703072,3,-0.2632635731033537,-0.21124536680082695,-0.06600246510801139,0.11462629292003451,-0.41159892803868325,0.0638937387937083,0.5392188417533653,-0.4667919510333718,0.06995111073389833,-0.04877467905853398,0.22806585397414392,-0.13497507542191414,0.12733307172868388,0.26219987721582033,-0.01917796845854,-0.06827501744913166,0.03211122777563101,-0.1337799657603381
slasto,-0.2377066968783533,3,-0.2632635731033537,-0.21124536680082695,-0.06600246510801139,0.11462629292003451,-0.41159892803868325,0.0638937387937083,0.5392188417533653,-0.4667919510333718,0.06995111073389833,-0.04877467905853398,0.22806585397414392,-0.13497507542191414,0.12733307172868388,0.26219987721582033,-0.01917796845854,-0.06827501744913166,0.03211122777563101,-0.1337799657603381
slasto,-0.0790615291160961,3,-0.08030267642393157,-0.030299474292018513,0.196639762677849,0.052697593323635855,0.06044776059806727,0.056296339490208534,-0.34333819224348594,0.15118429240927428,-0.6707362770644942,0.3784609177342253,0.11602697387376947,-0.3422770321732246,0.20798088326836575,0.05303548295039743,-0.07812567001540441,-0.0821259410157981,0.040534897445426696,-0.13904082698972559
slasto,-0.07999835658180576,3,0.00658497453049463,0.34410931244909065,0.2245467608002074,-0.00454243877682947,0.22384292976830983,0.0018490361662148846,-0.2606764478382541,0.14747772032565298,0.09118215676901013,0.07959694955995672,-0.006206169451878363,0.07982098003361675,-0.37793021119828873,0.3160761931655996,-0.33952240522498006,0.42063470466661645,0.32234345716052115,-0.177152703526809
slasto,0.040064075628750334,5,0.33582778672620456,0.09771211383208322,0.24149141598213414,0.03281319789265546,-0.1778689163013056,0.0463378689361694,-0.05698723747334559,0.027575270320112085,0.10437796678424051,-0.06793098237678945,-0.02918450245638862,-0.09440486259554604,-0.3958970125737556,0.3716076800456173,-0.33367876970385474,0.4580259577375994,0.30714859199466776,-0.21193178001350021
slasto,-0.0920033893257704,5,0.33582778672620456,0.09771211383208322,0.24149141598213414,0.03281319789265546,-0.1778689163013056,0.0463378689361694,-0.05698723747334559,0.027575270320112085,0.10437796678424051,-0.06793098237678945,-0.02918450245638862,-0.09440486259554604,-0.3958970125737556,0.3716076800456173,-0.33367876970385474,0.4580259577375994,0.30714859199466776,-0.21193178001350021
slasto,-0.15724764494448246,5,0.10037537130531769,-0.3078353006661628,-0.23436665156902878,-0.1581372497207478,-0.21782755123855438,0.08622247631704733,0.33913343775597543,-0.05188287851816198,0.14102620453400067,-0.1531936030300361,0.10808447822891444,-0.02065681766429136,0.20141363608506974,-0.4633655046058847,0.044332549655021036,-0.16309010503371882,-0.466935914185129,0.29207368648134713
slasto,-0.2155731357701801,5,0.10037537130531769,-0.3078353006661628,-0.23436665156902878,-0.1581372497207478,-0.21782755123855438,0.08622247631704733,0.33913343775597543,-0.05188287851816198,0.14102620453400067,-0.1531936030300361,0.10808447822891444,-0.02065681766429136,0.20141363608506974,-0.4633655046058847,0.044332549655021036,-0.16309010503371882,-0.466935914185129,0.29207368648134713
slasto,-0.07626869038315534,5,0.033685703906612054,-0.26582367516053496,-0.2920138140709578,-0.6273619189828818,-0.1580866415325779,0.07457091462174359,0.22754036155220897,-0.18248093860061515,0.07446841489086183,-0.10887619900033937,0.16166697457504114,-0.07377888195806949,0.26588566374798456,-0.2195569043871292,0.18229292619810922,-0.15673366803395264,-0.2881656859833278,0.15813520534423672
slasto,-0.10557874533897055,5,0.15724326265527688,-0.3295670664491639,-0.41357748804894834,-0.14644915110903398,-0.24035993891417737,0.08831445169610698,0.2879082103046912,-0.2687188146433115,0.038648738794628,-0.07080295132769505,0.2202876769986444,-0.12910142443763817,0.34652700026192235,-0.23135357594910755,0.2687655619843942,-0.17801503750512568,-0.27387168095434405,0.17104704667411744
slasto,0.18426836533200408,5,0.004129492472432663,0.197923786660338,0.18990929930330075,0.5561004085453307,0.3780341940431221,-0.044511935692827784,-0.3989535170298831,0.4141596604752814,-0.026161808358092106,0.057829814961331785,-0.13432323800136364,0.09913442581601122,-0.06332058612431993,-0.21024108120725954,0.00393159194811893,-0.2292919022252934,0.0524814584067089,0.06676958651288625
slasto,0.06628814279563032,5,0.004129492472432663,0.197923786660338,0.18990929930330075,0.5561004085453307,0.3780341940431221,-0.044511935692827784,-0.3989535170298831,0.4141596604752814,-0.026161808358092106,0.057829814961331785,-0.13432323800136364,0.09913442581601122,-0.06332058612431993,-0.21024108120725954,0.00393159194811893,-0.2292919022252934,0.0524814584067089,0.06676958651288625
slasto,0.20844961798754244,5,0.004129492472432663,0.197923786660338,0.18990929930330075,0.5561004085453307,0.3780341940431221,-0.044511935692827784,-0.3989535170298831,0.4141596604752814,-0.026161808358092106,0.057829814961331785,-0.13432323800136364,0.09913442581601122,-0.06332058612431993,-0.21024108120725954,0.00393159194811893,-0.2292919022252934,0.0524814584067089,0.06676958651288625
slasto,-0.019749317363282424,5,0.004129492472432663,0.197923786660338,0.18990929930330075,0.5561004085453307,0.3780341940431221,-0.044511935692827784,-0.3989535170298831,0.4141596604752814,-0.026161808358092106,0.057829814961331785,-0.13432323800136364,0.09913442581601122,-0.06332058612431993,-0.21024108120725954,0.00393159194811893,-0.2292919022252934,0.0524814584067089,0.06676958651288625
slasto,0.08438309538129697,5,0.024326561691959868,-0.06718453826999005,-0.26448063833304236,-0.035637280757007166,-0.1484144069022272,-0.04856549160377384,0.5144195418366613,-0.08123001694158027,0.5643643579211076,-0.2546236265928843,-0.13825570603115953,0.3667030634630317,-0.23097227174165516,-0.0860431020481053,0.08188316201919335,0.09393931432839378,-0.012552443074177787,0.12123735105344303
slasto,-0.12480348298702401,5,-0.23591549491001837,0.5296370213550039,0.29657941251144887,-0.03680599163501682,0.4533300222314613,0.07415490149313651,-0.01932768243079408,0.245536461110017,-0.21936543545610487,-0.12948573528296686,-0.290967621967518,0.30702963097712044,-0.14527033745106915,0.10347715724456469,0.05818877775972404,0.12839518840243527,0.07035687858786838,-0.04895162432463933
minestra,0.0838688236156142,1,-0.006102036595389821,-0.25265913529441003,-0.0812297334776479,-0.14553020419387255,-0.21660216135452756,-0.02631201785237324,0.2901686174691719,-0.17730280213739552,-0.033146357476871995,-0.44042866960777355,-0.18077487404885634,-0.15213055643922338,-0.07951957782414204,-0.15344652320318938,0.3396484671026474,-0.03749209347271029,-0.32332606661534485,-0.49298159203314423
minestra,0.0011684469423177022,1,-0.006102036595389821,-0.25265913529441003,-0.0812297334776479,-0.14553020419387255,-0.21660216135452756,-0.02631201785237324,0.2901686174691719,-0.17730280213739552,-0.033146357476871995,-0.44042866960777355,-0.18077487404885634,-0.15213055643922338,-0.07951957782414204,-0.15344652320318938,0.3396484671026474,-0.03749209347271029,-0.32332606661534485,-0.49298159203314423
minestra,-0.001345163942099483,1,-0.006102036595389821,-0.25265913529441003,-0.0812297334776479,-0.14553020419387255,-0.21660216135452756,-0.02631201785237324,0.2901686174691719,-0.17730280213739552,-0.033146357476871995,-0.44042866960777355,-0.18077487404885634,-0.15213055643922338,-0.07951957782414204,-0.15344652320318938,0.3396484671026474,-0.03749209347271029,-0.32332606661534485,-0.49298159203314423
minestra,-0.0004463487861868657,1,-0.006102036595389821,-0.25265913529441003,-0.0812297334776479,-0.14553020419387255,-0.21660216135452756,-0.02631201785237324,0.2901686174691719,-0.17730280213739552,-0.033146357476871995,-0.44042866960777355,-0.18077487404885634,-0.15213055643922338,-0.07951957782414204,-0.15344652320318938,0.3396484671026474,-0.03749209347271029,-0.32332606661534485,-0.49298159203314423
minestra,-0.10572786136856442,1,0.5292811559578642,-0.08606511946607875,-0.23656681603595572,-0.16176555891022418,-0.01179251705636095,0.07604028766799412,0.24600153975075925,0.08048486211062959,0.1617622088717516,-0.1264246674327272,0.026080779683826837,0.02431200626526391,0.5812212441031458,-0.2824765988176135,0.07762403133475873,-0.05433468847038089,-0.261420407792843,0.13804168969378866
minestra,-0.11208842351565887,1,0.5371738211435,0.10621615910670812,-0.15687937209745653,0.2644398223443496,-0.07995020648423717,0.07776531151580937,0.24163369981736965,0.0417053930786123,0.09008828898626886,-0.1250936331808793,0.09840947800412561,-0.019156012333257217,0.5054025098413111,0.06254409701282239,-0.3528012372076957,0.27430146851323184,0.036336136736587824,-0.1971489614327364
minestra,0.012704563485825856,1,0.41360740626585135,-0.19353830566336638,-0.5047813125756856,-0.269585904519963,-0.017255420782587388,0.06384851428925147,0.3012812360743112,-0.22841532284299265,-0.09900850608872924,-0.05653128625064951,0.14296155980817682,-0.20282616802138834,0.2838614807568144,-0.26076099519735124,-0.02946317683679826,-0.08756271222132199,-0.2432932049830317,0.16061543696853833
minestra,-0.0603576789593651,1,0.41360740626585135,-0.19353830566336638,-0.5047813125756856,-0.269585904519963,-0.017255420782587388,0.06384851428925147,0.3012812360743112,-0.22841532284299265,-0.09900850608872924,-0.05653128625064951,0.14296155980817682,-0.20282616802138834,0.2838614807568144,-0.26076099519735124,-0.02946317683679826,-0.08756271222132199,-0.2432932049830317,0.16061543696853833
minestra,0.013192252835139754,1,0.28834031442857194,0.1655569440144964,-0.09530222433867558,0.27476799283493614,0.031100996463231174,0.05636539133536223,0.34412471472978173,0.4042462405729341,-0.36073418988294387,-0.03734373699493189,-0.4107248193079597,0.3130769800712577,0.11819285421482162,0.20907642625387834,-0.24732022299282672,0.007720531632446804,-0.010151723303076862,-0.040513987695117264
minestra,-0.12577896607799416,1,0.28834031442857194,0.1655569440144964,-0.09530222433867558,0.27476799283493614,0.031100996463231174,0.05636539133536223,0.34412471472978173,0.4042462405729341,-0.36073418988294387,-0.03734373699493189,-0.4107248193079597,0.3130769800712577,0.11819285421482162,0.20907642625387834,-0.24732022299282672,0.007720531632446804,-0.010151723303076862,-0.040513987695117264
minestra,-0.07631162545420819,1,0.4634857172209137,-0.01458069927148542,-0.43238271239915327,-0.06278974768423803,-0.09023255479940737,0.07112208615842694,0.26283272047245637,-0.024554123870085157,-0.14005296218294128,-0.10702329785454129,0.12446642902888598,-0.15726182483260823,0.47677594522374067,-0.2117594747714065,0.005977361331013092,-0.2500467856038366,-0.2668010573518824,0.18437875301222828
minestra,0.0034968827330092074,1,0.2688423922302907,0.30562182661971804,-0.22366312153714357,0.13761152140276028,-0.09491369444433866,-0.5270652945779903,0.1847895974089197,0.2121791101699293,-0.42663157463640333,-0.03923167128950751,-0.3029475327786902,0.20602060352153612,0.22605464950558063,-0.0360476780700784,0.00035635278200783885,-0.1131863410247085,-0.11637457312680309,0.053418754381419194
minestra,-0.06954808306225906,1,0.2688423922302907,0.30562182661971804,-0.22366312153714357,0.13761152140276028,-0.09491369444433866,-0.5270652945779903,0.1847895974089197,0.2121791101699293,-0.42663157463640333,-0.03923167128950751,-0.3029475327786902,0.20602060352153612,0.22605464950558063,-0.0360476780700784,0.00035635278200783885,-0.1131863410247085,-0.11637457312680309,0.053418754381419194
minestra,-0.09687529031974866,1,-0.05965523445077029,-0.2264740126609378,-0.39345541045188875,-0.4236631114112544,-0.2260654776263793,0.08414529320153605,0.0926614767104405,-0.1269979704910147,-0.07772296145727321,-0.13153515828383308,0.12088368492176951,-0.3530293136095229,0.22855234678054878,-0.14814435163672812,0.03242072734938173,-0.287612316729317,-0.4166961523838506,0.18378532120678626
minestra,0.004042893869822183,1,-0.08685078728123977,-0.07411810268120111,-0.2301185729343956,-0.3015374842190008,-0.5354160487017365,0.07228142736560696,0.5149385802512644,-0.24261353431072397,-0.105814623768039,0.11645560624656756,-0.15585359894941972,-0.1546222795888716,0.0723914606890377,0.14906013099042947,-0.0453644004180071,-0.008332212850169007,-0.3487401273297597,0.05479510448726297
minestra,-0.10914184744433858,1,-0.08685078728123977,-0.07411810268120111,-0.2301185729343956,-0.3015374842190008,-0.5354160487017365,0.07228142736560696,0.5149385802512644,-0.24261353431072397,-0.105814623768039,0.11645560624656756,-0.15585359894941972,-0.1546222795888716,0.0723914606890377,0.14906013099042947,-0.0453644004180071,-0.008332212850169007,-0.3487401273297597,0.05479510448726297
minestra,-0.08168391587965236,1,-0.02026307482132668,0.05544221675010369,0.02055684421191724,0.13955762744128952,0.048841667017820736,-0.036630323355119114,0.005565786683894149,0.20521953683470223,-0.29605920188026436,0.41924766666539176,-0.284748341922995,0.22639455981513343,-0.2276921022867692,0.21619524022710973,-0.20508374867547963,0.58615115239565,0.18877129436418455,-0.12302992143033793
minestra,-0.05872917114617925,1,-0.02026307482132668,0.05544221675010369,0.02055684421191724,0.13955762744128952,0.048841667017820736,-0.036630323355119114,0.005565786683894149,0.20521953683470223,-0.29605920188026436,0.41924766666539176,-0.284748341922995,0.22639455981513343,-0.2276921022867692,0.21619524022710973,-0.20508374867547963,0.58615115239565,0.18877129436418455,-0.12302992143033793
minestra,-0.2646189299339577,1,-0.02026307482132668,0.05544221675010369,0.02055684421191724,0.13955762744128952,0.048841667017820736,-0.036630323355119114,0.005565786683894149,0.20521953683470223,-0.29605920188026436,0.41924766666539176,-0.284748341922995,0.22639455981513343,-0.2276921022867692,0.21619524022710973,-0.20508374867547963,0.58615115239565,0.18877129436418455,-0.12302992143033793
minestra,-0.1330353447341791,1,-0.14702199460736526,0.13893736194978712,0.05326137966027614,0.21230048909412141,0.42731960948493386,-0.5330296969569305,-0.1635976561652201,0.19385889962604866,-0.06867640253956668,0.02052440255623398,-0.14313942094177703,0.31278146514835464,-0.0497402680815824,0.24876037798212433,-0.215427929709157,0.015147001161847912,0.2809818722507807,-0.2582642109056745
minestra,-0.32292412641146445,1,-0.14702199460736526,0.13893736194978712,0.05326137966027614,0.21230048909412141,0.42731960948493386,-0.5330296969569305,-0.1635976561652201,0.19385889962604866,-0.06867640253956668,0.02052440255623398,-0.14313942094177703,0.31278146514835464,-0.0497402680815824,0.24876037798212433,-0.215427929709157,0.015147001161847912,0.2809818722507807,-0.2582642109056745
minestra,0.06495693238594906,1,0.28696146362347025,-0.271235653699892,-0.3046327536924755,-0.2294725507131583,-0.2666035038830988,-0.04895754365322874,0.39398615239081636,-0.22654335819374052,-0.07733171616725021,0.03316384523711382,-0.05178478696196291,-0.25264278253537287,0.201221262733036,-0.27477582811746515,0.20007426313935422,-0.061417301788775344,-0.3090467809293218,0.2995175889877382
minestra,0.03195422629215704,2,-0.19856303664632577,0.2665348827652846,0.19769256112330277,0.2391891118773254,0.16673522909289465,0.008745236888808433,-0.3138650995305267,0.1998578204519586,-0.010775704691760224,0.5378735984708257,0.14084780063965233,0.20242612820927974,-0.1734998240105822,0.21785099554093912,-0.2655210209146181,0.10917619459745932,0.24855633257954468,-0.23431947882097104
minestra,-0.07802785248086455,2,-0.19856303664632577,0.2665348827652846,0.19769256112330277,0.2391891118773254,0.16673522909289465,0.008745236888808433,-0.3138650995305267,0.1998578204519586,-0.010775704691760224,0.5378735984708257,0.14084780063965233,0.20242612820927974,-0.1734998240105822,0.21785099554093912,-0.2655210209146181,0.10917619459745932,0.24855633257954468,-0.23431947882097104
minestra,0.034938581512560136,2,-0.05312253515379528,0.22442469391759545,0.20482376323501467,0.2949860333126141,0.055434487445300384,0.007814954352683283,-0.1327087202611305,0.2725509629404804,-0.16730716199369622,0.08351877234594175,-0.22042385221063165,0.33184159971104277,-0.21374469828470988,0.2838107520123261,-0.3824056711677972,0.3200336279414114,0.3076112070768339,-0.2441805144833058
minestra,-0.03973005392503101,2,-0.05312253515379528,0.22442469391759545,0.20482376323501467,0.2949860333126141,0.055434487445300384,0.007814954352683283,-0.1327087202611305,0.2725509629404804,-0.16730716199369622,0.08351877234594175,-0.22042385221063165,0.33184159971104277,-0.21374469828470988,0.2838107520123261,-0.3824056711677972,0.3200336279414114,0.3076112070768339,-0.2441805144833058
minestra,0.03358446872825875,3,-0.14304213560413842,0.31123115752904795,0.43606348937701844,0.32888574271173565,-0.03562052457534158,0.04296364539643574,-0.2498765357815097,0.346655397197783,0.03760440291306773,0.1443862882643602,-0.08320984845842515,0.28476250561000316,-0.22736994126674714,0.24162237190608477,-0.19268699905356093,0.10714302729928317,0.2446975759860443,-0.2641886525349427
minestra,-0.1163775037167326,3,-0.14304213560413842,0.31123115752904795,0.43606348937701844,0.32888574271173565,-0.03562052457534158,0.04296364539643574,-0.2498765357815097,0.346655397197783,0.03760440291306773,0.1443862882643602,-0.08320984845842515,0.28476250561000316,-0.22736994126674714,0.24162237190608477,-0.19268699905356093,0.10714302729928317,0.2446975759860443,-0.2641886525349427
minestra,-0.22282680145296688,3,-0.14304213560413842,0.31123115752904795,0.43606348937701844,0.32888574271173565,-0.03562052457534158,0.04296364539643574,-0.2498765357815097,0.346655397197783,0.03760440291306773,0.1443862882643602,-0.08320984845842515,0.28476250561000316,-0.22736994126674714,0.24162237190608477,-0.19268699905356093,0.10714302729928317,0.2446975759860443,-0.2641886525349427
minestra,-0.09973620402324825,3,-0.23664825174590232,-0.359673135759194,-0.042489634655972504,-0.33521477369435004,-0.030177721911251957,0.06063591473852928,-0.10499883340384301,-0.46444023910165577,0.4015681108359874,-0.14989426590812355,0.11817476004047697,-0.36542992121258194,-0.09630283018426261,-0.1253280990968996,0.03206717329205279,0.13502289323610403,-0.30436219039923795,0.03216972867417885
minestra,0.03764954475734688,3,-0.040520886853184376,-0.37322125535967166,-0.1789515942259605,-0.28074990083792223,-0.10410569218475307,0.019462184007029794,0.042467857559031125,-0.37542044456992507,0.13639651850653745,-0.08076451985517245,0.20726269954959214,-0.38585153552701573,0.008839849268035006,-0.4028485506842317,0.31696415186747695,-0.09837591032782593,-0.29966234877993286,0.12241774862571517
minestra,-0.04622705479832065,3,-0.040520886853184376,-0.37322125535967166,-0.1789515942259605,-0.28074990083792223,-0.10410569218475307,0.019462184007029794,0.042467857559031125,-0.37542044456992507,0.13639651850653745,-0.08076451985517245,0.20726269954959214,-0.38585153552701573,0.008839849268035006,-0.4028485506842317,0.31696415186747695,-0.09837591032782593,-0.29966234877993286,0.12241774862571517
minestra,-0.31497581766471494,3,-0.2978043531741388,0.3049335949070985,0.304695159999114,0.12047536192641317,0.24145729688581494,0.02619912512786251,-0.4216833253918634,0.1741025875729515,0.2573398009720761,0.1965728272295813,0.105568059503662,0.11563128633856845,-0.1386887416675236,0.13668683349788943,-0.180890636415452,0.028941166849481864,0.23889345844897025,0.43119745320932273
dan,0.17270250014114596,1,0.0734757477045075,-0.007077214450155633,0.4105653985779055,-0.03351685272931533,0.31712517396440604,-0.054195005390116006,0.08394082245981269,-0.002141166142101267,0.42306294907669995,0.15935574022286111,0.5003265759593973,0.02421694893816816,-0.2427425462768018,0.030799039675561517,0.15192617112545564,0.1225276723759028,-0.33744310588953064,0.21721685113770176
dan,-0.02482311573798652,1,-0.32489069806300147,-0.181649937019271,-0.35337211446771183,0.04102493071541412,0.2509165352237727,0.06811877537076247,-0.3357753088836716,-0.19580088596997158,-0.40547143469225305,-0.13287959998446855,-0.02339018529147474,0.0935552950238341,0.2706077524180146,-0.11082227137592023,-0.3547680072475814,-0.022208197669993855,0.2951691454860604,-0.16080998993531617
dan,0.16376238991988018,1,-0.0907344798129658,-0.009923462779915737,-0.007792420912042529,-0.03682947195606129,0.4500395277481791,0.25960895444968735,-0.07813475332662755,-0.09724175346377797,0.16973142357477267,0.22231846163410893,0.3514779683114404,-0.08783560929626337,-0.35380386301337113,-0.018838669129526985,-0.18001745850590717,0.1759535296132294,0.49577481737679074,0.2461330610402042
dan,0.06843294168614321,1,0.026999167705446036,-0.020517633106652555,-0.2082935999713183,-0.037522598740295815,0.1909210404213824,0.7648946336474695,-0.12296095252496932,-0.07196694337168902,-0.08249809851728498,0.21138076480111595,0.13681887976226928,-0.09087316408931677,0.003660411807266965,-0.010714873403526039,-0.3042865299764195,0.1718392475378181,0.24079464157256447,0.23140491302744942
dan,-0.13319941734901863,1,0.07735255536542378,0.04108170232155994,0.11909158733648213,0.03633617432764679,-0.2517219374067401,0.14036402107934093,0.166239599019192,0.21746827604712327,0.20965005712369778,-0.28321099998297233,-0.0759631375599973,0.17097084024952003,-0.4093556036681133,-0.04811087321652173,0.4078992479282673,-0.26156249444255314,-0.20206208848886645,-0.46277010732369583
dan,0.08418012808172336,1,0.033848402194361714,0.01233475036111853,-0.1465515736146948,-0.03254768049188994,0.17187165249901776,-0.08296132471793674,-0.2673359185939961,-0.39723541755281894,-0.0009097150279181852,-0.38835948736529047,0.0462404302377837,-0.12099927617698213,0.33667464659746904,-0.3567729239077242,-0.10723241616147525,-0.47187232780064337,0.1494096794731944,0.2139002394580672
dan,-0.005442667387141211,1,0.033848402194361714,0.01233475036111853,-0.1465515736146948,-0.03254768049188994,0.17187165249901776,-0.08296132471793674,-0.2673359185939961,-0.39723541755281894,-0.0009097150279181852,-0.38835948736529047,0.0462404302377837,-0.12099927617698213,0.33667464659746904,-0.3567729239077242,-0.10723241616147525,-0.47187232780064337,0.1494096794731944,0.2139002394580672
dan,-0.08304589185917882,1,-0.23772267145119017,-0.08945470720402948,0.027253283080831345,0.0630022577118803,-0.07156507564812772,0.074569656782546,-0.2325658530622222,-0.18160001592111452,0.1616349617039677,-0.18599062028705268,-0.07494241942208826,-0.7541218458324329,-0.12388296030183604,0.022455585665116903,0.16109520206401676,-0.176609487430828,-0.08772614422587212,-0.342493702647133
dan,-0.1106139774791213,2,-0.5346413864572827,-0.08623479864627559,0.1065041613215102,0.07737602791808536,-0.11535651496013417,0.08900963043030323,-0.3146035052830088,-0.0020589054091046024,0.25958287429997173,-0.2770918431037183,-0.03915949259617836,0.2592460561668719,-0.18680261319568678,0.04185302868449153,0.19265858356437823,-0.23406121685829484,-0.11344966894417778,-0.4635274236136228
dan,-0.1384988648900836,2,0.12595801162291057,-0.2912080847719899,0.011152164818573987,0.14865315708510607,-0.2030978119641743,0.1085375028076958,0.26586447317509054,-0.37929361579722953,0.42775574333989397,-0.23505345416846754,-0.06650548292482988,0.0012945227458174566,-0.17587059208775277,-0.31040531107665553,0.3505019536573647,-0.17907822452047603,-0.22022888811859462,-0.19021185596716944
dan,0.09876298125227438,2,-0.03205893668470542,0.3051949383671527,0.06240659483515754,-0.10004684724987063,0.11714995028664622,0.05343091468605977,-0.148070713746662,0.12200024101316399,-0.24515899575526995,0.21128253361540544,0.02751950097588349,-0.0008088924318868609,0.19596732516927734,0.46377633622087405,-0.465322612154438,0.15468066744138545,0.26718936746062205,-0.4095144057376702
dan,-0.08884937669196266,2,0.17032415689467445,-0.25201330167446656,0.02408174501036157,0.056035619192056255,-0.11195235651023948,-0.5585364284642219,0.04820404595757368,-0.11713353326143934,0.21847261608528412,-0.1941908558314347,0.03281510418943979,-0.05837612184616563,-0.12015849574409117,-0.32837323466395146,0.3838113099986452,-0.13610006796728727,-0.2257755558658324,0.36635763578750574
dan,-0.1756952301980242,2,0.12236156119317235,-0.25055568693573393,0.015243643034339572,-0.5235362472021613,-0.08178144578703998,0.052895181805349745,0.005218154251301743,-0.11637240635572457,0.2179516557948153,-0.1701119160377068,0.03662559805780168,-0.06089642324892667,-0.09628885891097119,-0.3970559479774407,0.2983997526959194,-0.10760018192623581,-0.21371788270234998,0.47974966587868695
dan,-0.1226840564032888,2,0.12236156119317235,-0.25055568693573393,0.015243643034339572,-0.5235362472021613,-0.08178144578703998,0.052895181805349745,0.005218154251301743,-0.11637240635572457,0.2179516557948153,-0.1701119160377068,0.03662559805780168,-0.06089642324892667,-0.09628885891097119,-0.3970559479774407,0.2983997526959194,-0.10760018192623581,-0.21371788270234998,0.47974966587868695
dan,-0.2059997392940738,2,0.12236156119317235,-0.25055568693573393,0.015243643034339572,-0.5235362472021613,-0.08178144578703998,0.052895181805349745,0.005218154251301743,-0.11637240635572457,0.2179516557948153,-0.1701119160377068,0.03662559805780168,-0.06089642324892667,-0.09628885891097119,-0.3970559479774407,0.2983997526959194,-0.10760018192623581,-0.21371788270234998,0.47974966587868695
dan,-0.0681685338521369,2,0.07498072477318861,-0.2738980523374216,0.01650728608264149,-0.5857674579906434,-0.09637742607727043,0.006378585114543579,0.0323428363504931,-0.22280456069869128,0.21162388683991704,-0.14943192490616491,0.046934349756157207,-0.09482319471442993,-0.11139787211755538,-0.2961128409828829,0.3557766590421266,-0.046302163439482937,-0.20408444880994214,0.40886671575218747
dan,-0.11523061907693036,2,0.07489123153563634,-0.29820442985492046,0.006563000875603755,0.14650905362734729,-0.12435445146269054,-0.5087475754517617,0.20124949603746323,-0.4747798507551872,0.32261472064064833,-0.18682210977968627,-0.010700824351178024,-0.09718423425644525,-0.14242135774574724,0.04342200771803869,0.2631161101892882,0.1633033750639824,-0.22319244386647433,0.16531107604546746
dan,-0.2579742302005516,2,0.07489123153563634,-0.29820442985492046,0.006563000875603755,0.14650905362734729,-0.12435445146269054,-0.5087475754517617,0.20124949603746323,-0.4747798507551872,0.32261472064064833,-0.18682210977968627,-0.010700824351178024,-0.09718423425644525,-0.14242135774574724,0.04342200771803869,0.2631161101892882,0.1633033750639824,-0.22319244386647433,0.16531107604546746
dan,0.0548609703207125,2,-0.15446854074352848,0.25254035366529337,-0.05086003256721536,-0.13749675087802815,0.1628574796315996,-0.09261970827437724,-0.26172503469837777,0.07575465123393141,-0.2345983590314528,0.07939929202923691,0.02033793986603765,-0.004893498284763209,0.35697024345863937,0.3691138152124281,-0.42712551214046335,0.09610542048827808,0.2753464752241993,-0.4342716832022022
dan,-0.04350644277289018,2,0.013401809879755774,0.11494608585736388,0.2615454218586823,0.03535393727487826,-0.1600660211767227,0.06339906051769817,0.27299865250595295,0.3683322531883802,0.13256500406765434,0.5124848522600253,0.040023912459258404,0.10966819941994947,-0.2864159096078707,0.2872184496572158,0.20155091733144348,0.3620162418643601,-0.21338807635552834,-0.03911073675765624
dan,-0.05356833098326881,2,0.30767820186733164,0.2452958906565209,0.3260060739635786,-0.0541398068639719,-0.11477940484682417,0.0039716450513516185,0.4075538484970065,0.3417064571048892,0.2756357980441629,0.49958587541788174,0.030427022266799983,0.034489188471888546,-0.2021670355945249,0.17410443088809846,0.1692902099025106,-0.03921919463006024,-0.10412372772787351,0.000247157572066062
dan,0.002479354227786665,2,0.3937614502193655,-0.1567397741291522,0.07192736411816936,-0.3746855707811812,-0.06082880341387892,-0.555678052239086,0.28035716691037155,0.2590738241546068,0.05001936879298135,0.2449589601671126,-0.00540067937982547,0.07666751110786191,-0.03863513120572966,0.2209668307420723,-0.084018760183041,0.2905115036563749,-0.03833098364774036,-0.0704687491394622
dan,0.00011518088788386069,2,0.3937614502193655,-0.1567397741291522,0.07192736411816936,-0.3746855707811812,-0.06082880341387892,-0.555678052239086,0.28035716691037155,0.2590738241546068,0.05001936879298135,0.2449589601671126,-0.00540067937982547,0.07666751110786191,-0.03863513120572966,0.2209668307420723,-0.084018760183041,0.2905115036563749,-0.03833098364774036,-0.0704687491394622
dan,-0.09161998762563262,2,0.3937614502193655,-0.1567397741291522,0.07192736411816936,-0.3746855707811812,-0.06082880341387892,-0.555678052239086,0.28035716691037155,0.2590738241546068,0.05001936879298135,0.2449589601671126,-0.00540067937982547,0.07666751110786191,-0.03863513120572966,0.2209668307420723,-0.084018760183041,0.2905115036563749,-0.03833098364774036,-0.0704687491394622
dan,-0.0008360647258206193,2,0.3937614502193655,-0.1567397741291522,0.07192736411816936,-0.3746855707811812,-0.06082880341387892,-0.555678052239086,0.28035716691037155,0.2590738241546068,0.05001936879298135,0.2449589601671126,-0.00540067937982547,0.07666751110786191,-0.03863513120572966,0.2209668307420723,-0.084018760183041,0.2905115036563749,-0.03833098364774036,-0.0704687491394622
dan,-0.000179828288014613,2,0.3937614502193655,-0.1567397741291522,0.07192736411816936,-0.3746855707811812,-0.06082880341387892,-0.555678052239086,0.28035716691037155,0.2590738241546068,0.05001936879298135,0.2449589601671126,-0.00540067937982547,0.07666751110786191,-0.03863513120572966,0.2209668307420723,-0.084018760183041,0.2905115036563749,-0.03833098364774036,-0.0704687491394622
dan,-0.12452111375264632,2,0.5063615633274746,0.26682489409784527,0.34492079781153195,0.1559603120813617,-0.11750900629543586,0.13396770742300973,0.14063931515699682,-0.11305951949835474,0.30041116523834704,-0.2974726463194227,0.1006888342460633,0.07860530513961474,-0.07673422702333953,0.2646697213516697,0.20341283559202095,-0.333695595292236,-0.13790935224538187,-0.14849336340709438
dan,0.011091803536968236,2,0.01295598644086396,0.7655108615964672,0.3656315418160001,-0.015849816568216414,-0.07047597155848437,0.07136540127911745,0.24921650400784454,0.26903828535809976,0.14645716291345626,0.07766532269049047,0.04904613520116765,0.07434260578934003,-0.06426557580978798,0.2661998355411908,0.05724659685089021,0.07898329485375642,-0.0802721505833092,-0.09471935561686663
dan,-0.06727234750958083,2,0.01295598644086396,0.7655108615964672,0.3656315418160001,-0.015849816568216414,-0.07047597155848437,0.07136540127911745,0.24921650400784454,0.26903828535809976,0.14645716291345626,0.07766532269049047,0.04904613520116765,0.07434260578934003,-0.06426557580978798,0.2661998355411908,0.05724659685089021,0.07898329485375642,-0.0802721505833092,-0.09471935561686663
dan,-0.0867007220454975,2,0.29509269175512204,-0.04735812225195757,0.12804972157875735,0.08250789431871562,-0.017151148511915293,0.08289324637261927,-0.12440308429074412,-0.22858407952403834,0.17625611115492076,-0.19618188395241534,-0.04739791025947889,-0.7953350456585784,-0.005651818872865067,0.07938214020314459,0.12273555519707803,-0.20536225135894032,-0.05586673761797527,-0.2037910480391817
dan,0.1092009667466733,3,0.0777002399985168,-0.02406231438279749,-0.12051711769946165,-0.08399088608871551,-0.026083344280153374,-0.11562320898918813,0.7190692203234204,0.03291456952212547,-0.3321542873796689,0.3209031120858288,-0.0532626379047699,-0.21141592859306996,-0.032335126914430766,-0.10473105043834738,-0.07162386458063444,0.28721561226672443,0.05164465761867769,0.276530038079487
dan,0.21946076868800138,3,0.0777002399985168,-0.02406231438279749,-0.12051711769946165,-0.08399088608871551,-0.026083344280153374,-0.11562320898918813,0.7190692203234204,0.03291456952212547,-0.3321542873796689,0.3209031120858288,-0.0532626379047699,-0.21141592859306996,-0.032335126914430766,-0.10473105043834738,-0.07162386458063444,0.28721561226672443,0.05164465761867769,0.276530038079487
dan,0.0033175548495233903,3,-0.027131966025999432,0.020007004801722846,0.13179546513031212,0.05152351637570314,-0.022454640527230747,0.06497079790627312,-0.25406263588213845,0.01188992966997224,0.1872160955823008,-0.18608865715145417,0.009484167360260714,-0.8794815549589351,-0.012820377453621476,0.07096079569494265,0.08080463819420435,-0.17949458294810777,-0.05430633525889021,-0.13881992200574467
dan,-0.001546748207185648,3,-0.027131966025999432,0.020007004801722846,0.13179546513031212,0.05152351637570314,-0.022454640527230747,0.06497079790627312,-0.25406263588213845,0.01188992966997224,0.1872160955823008,-0.18608865715145417,0.009484167360260714,-0.8794815549589351,-0.012820377453621476,0.07096079569494265,0.08080463819420435,-0.17949458294810777,-0.05430633525889021,-0.13881992200574467
dan,-0.3779434526538143,3,-0.027131966025999432,0.020007004801722846,0.13179546513031212,0.05152351637570314,-0.022454640527230747,0.06497079790627312,-0.25406263588213845,0.01188992966997224,0.1872160955823008,-0.18608865715145417,0.009484167360260714,-0.8794815549589351,-0.012820377453621476,0.07096079569494265,0.08080463819420435,-0.17949458294810777,-0.05430633525889021,-0.13881992200574467
dan,-0.13125643225913267,3,0.47258461737500523,-0.11117183593397006,0.15274127066857532,0.12917286301260364,-0.06951796221502467,0.11451700459586751,0.07807308965409025,-0.12754208575133735,0.41683155872712463,-0.34741163148132354,0.11229204087561848,-0.010854039790782519,-0.33035486565602096,-0.3185748273217209,0.234705907964454,-0.24697129174095903,-0.11668522733255898,0.1910175663363423
dan,-0.11659660471642035,3,0.3777530607232032,-0.27193264881994494,-0.018610365728267103,-0.0018043170737235886,-0.011267244850917527,0.06708446458713067,0.0011332017293657834,-0.20746817687726277,0.2283413563499804,-0.23610063462298267,0.12652187321930686,-0.03426438427451192,-0.3495549166490548,-0.3059191378647089,0.2464956376643309,-0.09502002348617605,-0.18645418447348105,0.538460500541376
dan,0.16626385418180886,3,-0.23219713204839676,0.2374060717162518,-0.049896887063529856,0.645988783044312,0.024254209380014987,-0.05863137850635906,0.05855571569093192,-0.0340319837742586,-0.16961725910894,-0.27039505475247727,-0.10147309923418359,0.02658214955068366,0.19050629253391124,0.273237459360059,-0.14159142486898682,0.11562871955562247,0.13780387894359752,-0.4302005229576688
dan,0.3385658763200757,3,-0.23219713204839676,0.2374060717162518,-0.049896887063529856,0.645988783044312,0.024254209380014987,-0.05863137850635906,0.05855571569093192,-0.0340319837742586,-0.16961725910894,-0.27039505475247727,-0.10147309923418359,0.02658214955068366,0.19050629253391124,0.273237459360059,-0.14159142486898682,0.11562871955562247,0.13780387894359752,-0.4302005229576688
dan,-0.13709307468708323,3,0.20915162928438044,-0.236583695658791,0.05367947244853078,0.13989085734580306,-0.020743098727833465,0.07642354980361576,-0.08396188483042061,-0.21948978838469868,0.18209348028294423,0.07220647410789544,0.17836901911213024,-0.08740664827757812,-0.3876563977615435,-0.34023429337773875,0.28830599737124313,-0.12342084122240252,-0.19586639230497838,0.5794444065142289
dan,-0.05505627013512603,3,0.29961172412062104,-0.22211531923146344,-0.00012040127471820443,0.06797081667370795,-0.023907015397410997,0.018861560099214168,-0.01466400026551581,-0.07511020584143024,0.19424591627378437,0.2659894740755853,0.15527335239239762,-0.04720891524062977,-0.37321545531785344,-0.36182239448998854,0.21104048118731109,-0.11949856285994151,-0.18391685012817782,0.5931481108273585
dan,-0.08355343575150836,3,0.10080721412476913,-0.022588019255543546,0.012224374291427987,0.051063113488604435,0.012156780815818901,-0.6465553974677077,0.1566757998189357,0.21219742801837366,0.12221965817756882,0.33540350163056093,0.1058768152906537,0.043780602742774594,-0.4525324982072889,-0.12252983076196639,0.09309625442787403,-0.09347697518757275,-0.06983859998646169,0.3408412859804885
dan,-0.3054079723691434,3,0.10080721412476913,-0.022588019255543546,0.012224374291427987,0.051063113488604435,0.012156780815818901,-0.6465553974677077,0.1566757998189357,0.21219742801837366,0.12221965817756882,0.33540350163056093,0.1058768152906537,0.043780602742774594,-0.4525324982072889,-0.12252983076196639,0.09309625442787403,-0.09347697518757275,-0.06983859998646169,0.3408412859804885
dan,-0.159495488793083,3,0.6525464270809556,0.03755044433645016,0.10160253250297571,0.04971796583580455,-0.10176923057451959,0.09583693038767366,0.2683005474173525,-0.06389492325879888,0.2280303555386963,0.15006039751712758,0.10389836402131467,-0.038270662049343464,-0.3098414297484166,0.17915184216237448,0.05003169020658172,0.411647347389495,-0.13293046841729786,0.24468131035162868
dan,-0.029691526462760166,3,0.1535734451971097,0.42494557401351873,0.31210627741618296,-0.03852982478828148,-0.028516155475341892,0.05397212140965508,0.4340931275337304,0.37506701336733017,0.153708145826912,0.3716278407391046,0.04815151953833978,0.029923443911709067,-0.11060806651183519,0.2525546336489923,-0.06055786353942756,0.3402784019109125,-0.03538346444207561,0.04928753762479083
dan,-0.07860557341189287,3,-0.018252031505797513,0.3103791746281336,0.5148961801809988,-0.036802710755257345,-0.015605278333040542,0.014504696132384986,0.0248106058866588,0.027733974917242665,0.2548670162908059,-0.23511319346402063,0.007781155985232076,-0.6291139030803967,-0.15383195134248484,0.08686554072502603,0.1017365222762904,-0.20716713306378984,0.08809152844667746,-0.16340641360357883
dan,-0.06739948116873141,3,0.2937305184586185,0.259865824887733,-0.16062170197641853,-0.0253485383118992,-0.00876746804637919,-0.5761511481857832,-0.11332187011708195,0.029480711453110188,-0.09738047085057118,-0.14724291431449626,0.127538323337678,-0.13291903876316488,0.5636320832952723,0.0732971705088713,-0.17704985669553103,0.062182813325759395,0.19107819188202602,0.11890133188503398
pabluccio,-0.081420118062654,1,-0.6931997182185197,0.3890469045639293,0.36710485406786403,-0.022015416093601716,-0.0776539368028372,-0.040325461570465675,-0.27653485455436966,0.1137882532394204,-0.0976526733621157,-0.027912733166662887,-0.24903588547872743,0.09247176836262737,0.0026544928241980697,0.1208533008481152,-0.09053288367442129,-0.042009647455271026,0.1654338043914327,-0.054437541158857024
pabluccio,0.10776587649294256,1,-0.10964837790371654,0.043721402565271905,-0.07834534018037018,0.3468725745732626,-0.043955493920575406,0.029364713296569738,-0.03260661263214899,0.040040042972050216,0.12169114855603662,-0.02023079138077272,0.4003219172928426,0.6028932091164386,-0.24275456687085945,0.024559964054602354,0.03849596537389474,-0.01043460331918456,-0.25340867456462285,-0.43571860296271
pabluccio,-0.00757623504972043,1,-0.10964837790371654,0.043721402565271905,-0.07834534018037018,0.3468725745732626,-0.043955493920575406,0.029364713296569738,-0.03260661263214899,0.040040042972050216,0.12169114855603662,-0.02023079138077272,0.4003219172928426,0.6028932091164386,-0.24275456687085945,0.024559964054602354,0.03849596537389474,-0.01043460331918456,-0.25340867456462285,-0.43571860296271
pabluccio,0.047640893600157205,1,0.32912528522414247,-0.019153988405026467,-0.15146010970568233,0.07157735645827677,-0.659959064441203,-0.10145091998996697,0.07863587032271788,-0.25146920810159956,0.3268212255646446,0.00158070393805524,0.11876801908680654,-0.010893194433528779,0.03107544104035581,-0.08910104359218375,-0.06550066377374932,0.041174734904805624,0.3890199526581615,-0.24641744148359712
pabluccio,0.06638464021134484,1,0.32912528522414247,-0.019153988405026467,-0.15146010970568233,0.07157735645827677,-0.659959064441203,-0.10145091998996697,0.07863587032271788,-0.25146920810159956,0.3268212255646446,0.00158070393805524,0.11876801908680654,-0.010893194433528779,0.03107544104035581,-0.08910104359218375,-0.06550066377374932,0.041174734904805624,0.3890199526581615,-0.24641744148359712
pabluccio,-0.127834989990759,1,0.32912528522414247,-0.019153988405026467,-0.15146010970568233,0.07157735645827677,-0.659959064441203,-0.10145091998996697,0.07863587032271788,-0.25146920810159956,0.3268212255646446,0.00158070393805524,0.11876801908680654,-0.010893194433528779,0.03107544104035581,-0.08910104359218375,-0.06550066377374932,0.041174734904805624,0.3890199526581615,-0.24641744148359712
pabluccio,-0.03000286534015212,1,0.32912528522414247,-0.019153988405026467,-0.15146010970568233,0.07157735645827677,-0.659959064441203,-0.10145091998996697,0.07863587032271788,-0.25146920810159956,0.3268212255646446,0.00158070393805524,0.11876801908680654,-0.010893194433528779,0.03107544104035581,-0.08910104359218375,-0.06550066377374932,0.041174734904805624,0.3890199526581615,-0.24641744148359712
pabluccio,-0.07282022334521814,1,-0.05135680444151492,-0.07181598712684356,-0.2964175940548098,0.1111397360425608,0.3400226476067593,0.09720949751516186,0.012067157635034395,-0.20681324530020387,0.2657205286980344,-0.05670894761836447,0.2511415867384814,-0.013397985684795414,-0.5608568838880346,-0.3370217711069453,0.39049305556303193,-0.03204204198663399,-0.041339177164765296,-0.059729540661441025
pabluccio,0.08288255419171771,1,-0.12987901447383554,0.2066220332757016,0.36063148929485994,-0.1527119494361735,0.015602592332618402,-0.2635490076552687,0.05685362361544781,0.292668763232732,-0.20483588521937865,0.20215577972999843,-0.3884845350788866,0.17634865792357454,0.17747219388260074,0.22342656874831227,-0.2811267780993703,0.1748654147375626,0.4095252375005032,-0.06995151370854598
pabluccio,-0.015641236968914427,1,-0.12987901447383554,0.2066220332757016,0.36063148929485994,-0.1527119494361735,0.015602592332618402,-0.2635490076552687,0.05685362361544781,0.292668763232732,-0.20483588521937865,0.20215577972999843,-0.3884845350788866,0.17634865792357454,0.17747219388260074,0.22342656874831227,-0.2811267780993703,0.1748654147375626,0.4095252375005032,-0.06995151370854598
pabluccio,-0.05727663941475596,1,-0.14403694300096648,0.38107640397243847,-0.11279223777137452,0.05234331460747007,0.03939822072843059,-0.11374987006107051,-0.1903841882668316,0.13845973626885727,0.2625529319204084,0.719921902189704,0.23754220464703374,-0.07421067370352954,-0.1542896460632347,0.0033635178638090134,-0.008498765579447232,-0.11835791017490623,-0.24740947351660147,0.019993534586636767
pabluccio,-0.24442233248562534,1,-0.14403694300096648,0.38107640397243847,-0.11279223777137452,0.05234331460747007,0.03939822072843059,-0.11374987006107051,-0.1903841882668316,0.13845973626885727,0.2625529319204084,0.719921902189704,0.23754220464703374,-0.07421067370352954,-0.1542896460632347,0.0033635178638090134,-0.008498765579447232,-0.11835791017490623,-0.24740947351660147,0.019993534586636767
pabluccio,0.10454508275134917,1,-0.08588302038193643,0.2056387255216231,0.3628129786276262,0.12786344219712226,-0.2572972727011274,-0.20518292013530015,0.08263008110867728,0.08339789185999316,-0.19870012439872448,0.18223708736829108,-0.24964019630351625,0.08901987156586166,0.33878997521240456,0.45895108556699477,-0.3107431437332153,0.14331021109195138,0.2879551900715506,-0.10909047543049046
pabluccio,-0.19765128672030732,1,0.003868108282699775,-0.25606687995648475,-0.27671251168584465,-0.6376632628361556,-0.025892946867238743,0.16610525178584182,0.015469365531043746,-0.2819001032754562,0.08481584598434573,-0.057734804224194386,0.2369846837904186,-0.15407985535393082,-0.2799066467170122,-0.09445532755971578,0.324260425108696,-0.13337071366802328,-0.20497103668127503,0.024850698731203172
pabluccio,-0.10390286497174399,1,0.003868108282699775,-0.25606687995648475,-0.27671251168584465,-0.6376632628361556,-0.025892946867238743,0.16610525178584182,0.015469365531043746,-0.2819001032754562,0.08481584598434573,-0.057734804224194386,0.2369846837904186,-0.15407985535393082,-0.2799066467170122,-0.09445532755971578,0.324260425108696,-0.13337071366802328,-0.20497103668127503,0.024850698731203172
pabluccio,-0.20211478248698933,1,0.003868108282699775,-0.25606687995648475,-0.27671251168584465,-0.6376632628361556,-0.025892946867238743,0.16610525178584182,0.015469365531043746,-0.2819001032754562,0.08481584598434573,-0.057734804224194386,0.2369846837904186,-0.15407985535393082,-0.2799066467170122,-0.09445532755971578,0.324260425108696,-0.13337071366802328,-0.20497103668127503,0.024850698731203172
pabluccio,-0.139404502615348,1,-0.003512438439192399,-0.2486784119138563,-0.21759512055497135,-0.6106898379910977,0.020410139412045444,0.1555064030799332,-0.062463263257311226,-0.1147184791623962,0.2462726051562042,0.4887772964970224,0.18369792467091958,-0.06820539994895089,-0.13775653204053429,-0.17201429386286946,0.1328369718039524,-0.10766359925165617,-0.23853513591548833,0.0595310314752088
pabluccio,-0.06725677868193289,1,0.12408510816786149,-0.2673833731265782,-0.23754660060025787,-0.72489885584814,-0.038532812901373614,-0.06728539637116224,-0.021507014502591883,-0.09389678095681042,0.07097417243818721,-0.13463990332265297,0.20979240345273475,-0.08122223907051851,-0.2148917035289694,-0.22459937057334833,0.28451984615678,-0.11891591722044399,-0.21801806959029502,0.053741416719083765
pabluccio,0.1559610740102321,1,-0.003127257176088657,0.1353266952440304,-0.010683625698981559,-0.10688495334115355,-0.15123551754798573,0.26830559184982783,-0.025113848168576647,-0.10672489927052196,0.10885010322981108,0.1367327820808139,-0.18599744502531027,0.009561889384811204,0.7245914116292679,0.2860985164336635,-0.4281210109207023,0.0009741762959037726,-0.026298070594869192,0.08462564879583191
pabluccio,0.2634730145838861,1,-0.003127257176088657,0.1353266952440304,-0.010683625698981559,-0.10688495334115355,-0.15123551754798573,0.26830559184982783,-0.025113848168576647,-0.10672489927052196,0.10885010322981108,0.1367327820808139,-0.18599744502531027,0.009561889384811204,0.7245914116292679,0.2860985164336635,-0.4281210109207023,0.0009741762959037726,-0.026298070594869192,0.08462564879583191
pabluccio,-0.10783668806878434,1,0.0893003496289398,-0.10893613926436374,0.13404002751972702,0.11337242744613844,-0.660562715010766,-0.2714563688008717,0.3213367790602373,-0.21013174876207905,0.2912535810761511,-0.041315495621039325,0.06742319875743498,-0.01823428430488179,-0.33262796027240965,0.10849530933774981,0.09049268609462767,-0.046140076410267176,0.1841207083384649,-0.18398134428046314
pabluccio,-0.2498662675051902,1,0.0893003496289398,-0.10893613926436374,0.13404002751972702,0.11337242744613844,-0.660562715010766,-0.2714563688008717,0.3213367790602373,-0.21013174876207905,0.2912535810761511,-0.041315495621039325,0.06742319875743498,-0.01823428430488179,-0.33262796027240965,0.10849530933774981,0.09049268609462767,-0.046140076410267176,0.1841207083384649,-0.18398134428046314
pabluccio,-0.072179542284466,1,-0.09194908327073965,0.045896353332651185,0.34980778572034155,0.05339409282650949,-0.003947963158311092,-0.04902014032371591,0.3608367255088198,0.3244547231957758,-0.4380529313106776,0.2447666817767541,-0.23415937357377808,0.043904390601964806,-0.01651087159089611,0.2845178545435873,-0.39666295648661687,0.2520406981935632,0.11806337514146184,0.04174450650111752
pabluccio,-0.09021262951841401,1,-0.0388731136378078,0.3048018569544264,0.228711153958554,0.03126942441323574,0.24691786910021804,-0.29612846546053917,-0.35223570540383486,0.18782426502944413,-0.07388073341473102,-0.05989907463958728,-0.1924369994834472,0.23250358528739143,0.21711508788138453,0.15355412266941,-0.17151577807086638,-0.06504501424831248,0.310702520234062,0.4932049385787445
pabluccio,0.0006809814546362624,2,-0.117659649350545,0.45156628083519756,0.33242232263621946,0.01924289381791487,0.22562573672792588,-0.21418616869597737,-0.3235149331154445,0.2215638722007071,-0.1252134265673289,-0.07052390604561229,-0.1968393606506803,0.2375119410509824,0.23340932383668936,0.15953403662138566,-0.17612792082293924,-0.0576543923413587,0.3049655227525273,0.31264087649929656
pabluccio,-0.08662017989804345,2,-0.117659649350545,0.45156628083519756,0.33242232263621946,0.01924289381791487,0.22562573672792588,-0.21418616869597737,-0.3235149331154445,0.2215638722007071,-0.1252134265673289,-0.07052390604561229,-0.1968393606506803,0.2375119410509824,0.23340932383668936,0.15953403662138566,-0.17612792082293924,-0.0576543923413587,0.3049655227525273,0.31264087649929656
pabluccio,-0.13595282628296224,2,0.16800608304367776,0.0997326784433793,0.011862793398594175,0.14091201324165722,-0.2681556846562918,0.20512239327652063,-0.04103285549553693,-0.33159461202525653,0.23276778786735788,-0.22780123733198676,0.44856404911325487,-0.24027503019223592,0.3842126876949358,0.0965873248722991,-0.19612547728223367,-0.00972928536474678,0.18072332152256326,-0.3507474213737371
pabluccio,-0.17572988946728563,2,0.2560164780317961,-0.13114558384319186,-0.12692149415652088,0.14611873957032406,0.10527040103164777,-0.3248260927344635,-0.1010633533344677,-0.22712695233767244,0.3328438055085393,-0.227190665636624,0.347130577279752,-0.14055318153477012,-0.020850721150110274,-0.3590116667883606,0.10103230935146719,-0.061552703077551923,-0.5026626037876057,0.052505503749755066
pabluccio,-0.22329616979094113,2,0.2560164780317961,-0.13114558384319186,-0.12692149415652088,0.14611873957032406,0.10527040103164777,-0.3248260927344635,-0.1010633533344677,-0.22712695233767244,0.3328438055085393,-0.227190665636624,0.347130577279752,-0.14055318153477012,-0.020850721150110274,-0.3590116667883606,0.10103230935146719,-0.061552703077551923,-0.5026626037876057,0.052505503749755066
pabluccio,-0.1127630831759121,2,0.1254883440549018,-0.22108156872554208,-0.269803344974686,0.14568149336545966,0.05820878954112551,0.2237696867087778,0.03430675010048237,-0.22283497020767318,0.06064987350524923,-0.03109373466839818,0.34925383326453396,-0.15871399023464997,-0.2369061982701312,-0.44908626342167696,0.37219522968715696,-0.1932543517851108,-0.3740111280709206,0.10810960026979459
pabluccio,0.17182016404573155,2,-0.09485198512448023,0.03356706150888899,0.25774588935798304,-0.09560637086409393,-0.03642443803991746,0.30892248169086267,0.038200197294561346,-0.03157350382480734,-0.21058048516853886,-0.48493561540779584,-0.23257024844732868,0.06887431108891137,0.22307358637710953,0.49903603077460007,-0.1293886926195441,0.14711527127881535,0.3409165466123819,-0.15277550369689993
pabluccio,0.3081180573172252,2,-0.09485198512448023,0.03356706150888899,0.25774588935798304,-0.09560637086409393,-0.03642443803991746,0.30892248169086267,0.038200197294561346,-0.03157350382480734,-0.21058048516853886,-0.48493561540779584,-0.23257024844732868,0.06887431108891137,0.22307358637710953,0.49903603077460007,-0.1293886926195441,0.14711527127881535,0.3409165466123819,-0.15277550369689993
pabluccio,-0.1687436687420465,2,0.12268878085921892,-0.16214925407898562,-0.34870019114992035,0.11939171418407214,0.053959905765332127,0.2221151694923462,0.1288411901024885,-0.012597840719035584,-0.008547067720885225,-0.1752776986554137,0.23888365852591809,-0.09765170160556083,-0.33269419708157166,-0.481350026355369,0.4683785509411503,0.06938048133072931,-0.28264802114582055,0.09970667028638215
pabluccio,0.2663791335201741,2,-0.0413654831936775,0.19757576359191273,0.3775491159135476,-0.12680812069008626,0.17606216813661,-0.231259787010205,-0.0801206255596426,0.5227946206549604,-0.17027872252173212,-0.17588334171506573,-0.2626072317928637,0.27855944194998306,0.12125064390202069,-0.007633699195643329,-0.35191577525477835,0.04514202382308795,0.2987993697274313,0.0022998271442016605
pabluccio,-0.08374557317177145,2,-0.020494411920794285,-0.18049910650421563,-0.31178509794305886,0.1143725929585422,-0.019762402782291175,0.20749754552979321,0.020285678583175842,-0.23690746536197982,0.3053438587239802,0.6728806016669807,0.19807479681429838,-0.13286963758780215,-0.031398654343992624,-0.0867049327678251,0.15046065931806166,-0.15887543041683783,-0.3092667795446841,0.04249774556427088
pabluccio,-0.126344001447117,2,-0.020494411920794285,-0.18049910650421563,-0.31178509794305886,0.1143725929585422,-0.019762402782291175,0.20749754552979321,0.020285678583175842,-0.23690746536197982,0.3053438587239802,0.6728806016669807,0.19807479681429838,-0.13286963758780215,-0.031398654343992624,-0.0867049327678251,0.15046065931806166,-0.15887543041683783,-0.3092667795446841,0.04249774556427088
pabluccio,-0.20943093060990853,2,-0.020494411920794285,-0.18049910650421563,-0.31178509794305886,0.1143725929585422,-0.019762402782291175,0.20749754552979321,0.020285678583175842,-0.23690746536197982,0.3053438587239802,0.6728806016669807,0.19807479681429838,-0.13286963758780215,-0.031398654343992624,-0.0867049327678251,0.15046065931806166,-0.15887543041683783,-0.3092667795446841,0.04249774556427088
pabluccio,-0.2039690984790409,2,-0.020494411920794285,-0.18049910650421563,-0.31178509794305886,0.1143725929585422,-0.019762402782291175,0.20749754552979321,0.020285678583175842,-0.23690746536197982,0.3053438587239802,0.6728806016669807,0.19807479681429838,-0.13286963758780215,-0.031398654343992624,-0.0867049327678251,0.15046065931806166,-0.15887543041683783,-0.3092667795446841,0.04249774556427088
pabluccio,-0.1421006746378398,2,0.24294567826699195,-0.2354667611520429,-0.34388253933930707,0.13473354885722252,-0.12284133535892965,0.2391116218574364,0.11613909529634628,-0.18646704500679478,0.05155806507004221,-0.19182303556418967,0.26464870147629066,-0.16201977620065866,-0.19976110946158587,-0.34975985456623465,0.43035288051704385,-0.20623459161500077,-0.31423276205340156,0.06436780180177099
pabluccio,0.17668959316853547,2,-0.01760007538647093,0.2690416232524136,0.3508207450774089,-0.15459219219567544,0.0066237260873772815,-0.27519656828680433,-0.052092911260281836,0.18073218586376824,-0.26324117563578114,0.24744831360628922,-0.2885658592491601,0.1256722939504717,-0.05316649139465185,0.35768609135837115,-0.13407017119756182,0.22208157547177443,0.4825204540723915,-0.09327741158209056
pabluccio,-0.1940475011832703,2,0.2592044656126399,-0.21357606947647578,-0.29639809490067415,0.1258476877872018,-0.15166639354687944,0.2234935047435327,0.09819935607400186,0.05515866051737976,-0.12069788471828,-0.1646659807457003,0.23476397537797564,-0.07740626452651041,-0.23437856321898365,-0.502093267773841,0.45107899730911316,0.02069508404629717,-0.2751156533564625,0.09199105076558779
pabluccio,-0.1733570304767845,2,0.2592044656126399,-0.21357606947647578,-0.29639809490067415,0.1258476877872018,-0.15166639354687944,0.2234935047435327,0.09819935607400186,0.05515866051737976,-0.12069788471828,-0.1646659807457003,0.23476397537797564,-0.07740626452651041,-0.23437856321898365,-0.502093267773841,0.45107899730911316,0.02069508404629717,-0.2751156533564625,0.09199105076558779
pabluccio,-0.20489384598523663,2,0.2592044656126399,-0.21357606947647578,-0.29639809490067415,0.1258476877872018,-0.15166639354687944,0.2234935047435327,0.09819935607400186,0.05515866051737976,-0.12069788471828,-0.1646659807457003,0.23476397537797564,-0.07740626452651041,-0.23437856321898365,-0.502093267773841,0.45107899730911316,0.02069508404629717,-0.2751156533564625,0.09199105076558779
pabluccio,-0.1254039656439183,2,0.0024881851993439207,-0.20184517762777904,-0.33255203752314055,0.11436795931157212,-0.03141981437794426,0.2022667965532536,0.021880023364101494,-0.3578150842609574,0.22812367829674346,-0.17689114545833243,0.19713511085844088,-0.16933429108642475,0.03884896806454201,-0.00679789936473731,0.09429177063023612,0.6356840154917621,-0.3158487068601152,-0.0019505899887435132
pabluccio,-0.19074820089383293,2,0.3030502445095248,-0.25115755481400703,-0.3775417306479847,0.13275554420008318,-0.19617684808004154,0.19548369920804715,0.17760943143142716,0.06871785376635528,-0.1233097723590752,-0.17065280921861875,0.19836568457793768,-0.052164548593740534,-0.18411503858473266,-0.46428378766358586,0.3869017988263034,0.02332387693649013,-0.28183331481721446,0.08018467119495899
pabluccio,-0.17904119898043602,2,0.3030502445095248,-0.25115755481400703,-0.3775417306479847,0.13275554420008318,-0.19617684808004154,0.19548369920804715,0.17760943143142716,0.06871785376635528,-0.1233097723590752,-0.17065280921861875,0.19836568457793768,-0.052164548593740534,-0.18411503858473266,-0.46428378766358586,0.3869017988263034,0.02332387693649013,-0.28183331481721446,0.08018467119495899
pabluccio,-0.20023735312969815,2,0.3030502445095248,-0.25115755481400703,-0.3775417306479847,0.13275554420008318,-0.19617684808004154,0.19548369920804715,0.17760943143142716,0.06871785376635528,-0.1233097723590752,-0.17065280921861875,0.19836568457793768,-0.052164548593740534,-0.18411503858473266,-0.46428378766358586,0.3869017988263034,0.02332387693649013,-0.28183331481721446,0.08018467119495899
pabluccio,-0.23402482306779554,2,0.24164113409960125,-0.17733770181194686,-0.2570807344981781,0.10222577330589974,-0.5084091143772296,0.04735292337996205,0.3014668563802119,-0.4121702085874988,0.1540190196545367,-0.045090856261269095,0.2403211885817103,-0.14864939501503435,0.08121494037963645,0.06936197436974763,0.13296919443071448,0.3376341480860235,-0.24966179621982434,-0.033317691635992165
pabluccio,-0.11477484052377984,2,0.24231335421514277,-0.19572835892108253,-0.22352307478085348,0.12240507659865826,-0.48688693184427195,0.2302606729247432,0.2666260851076683,-0.4164509439126827,0.3827485026098113,-0.05892072259147928,0.02705445547856688,0.02900245140824643,0.1524636255218843,0.027359106320847034,0.04326803987503949,-0.13646252419304486,-0.32504116148101064,-0.04181660564942054
pabluccio,-0.2357262772707792,2,0.24231335421514277,-0.19572835892108253,-0.22352307478085348,0.12240507659865826,-0.48688693184427195,0.2302606729247432,0.2666260851076683,-0.4164509439126827,0.3827485026098113,-0.05892072259147928,0.02705445547856688,0.02900245140824643,0.1524636255218843,0.027359106320847034,0.04326803987503949,-0.13646252419304486,-0.32504116148101064,-0.04181660564942054
pabluccio,0.24120592801823873,2,-0.22709520326114796,0.13697042684329314,0.15551828402522835,-0.10812082638839735,-0.16133447885824756,-0.13546187965595702,-0.2620060439782623,0.07767414946080954,-0.1459766841502854,0.05778749006994389,0.07259840075651547,-0.10144449782615245,0.29082088899884584,0.5676153223588164,-0.36754604001943186,-0.3044716625104774,0.304412595411051,-0.08542533942607815
pabluccio,0.004004710923394885,2,0.2624329865816269,-0.13059780880737382,-0.1493501637557891,0.08824577166776246,-0.28646117057452664,0.08981948742773647,0.278498791081921,-0.362983071479313,0.20928573860521515,-0.03973104721187236,0.10071605019631662,-0.03882650269784465,0.06669368009019468,0.03291207454299531,0.15013470658812889,0.6668511194411663,-0.23260245606219998,-0.025263145014109388
pabluccio,-0.09726064737912808,2,0.2624329865816269,-0.13059780880737382,-0.1493501637557891,0.08824577166776246,-0.28646117057452664,0.08981948742773647,0.278498791081921,-0.362983071479313,0.20928573860521515,-0.03973104721187236,0.10071605019631662,-0.03882650269784465,0.06669368009019468,0.03291207454299531,0.15013470658812889,0.6668511194411663,-0.23260245606219998,-0.025263145014109388
pabluccio,-0.19485993138675506,2,0.07898269838298186,-0.029052548941699397,0.04068023138679944,0.09839018035811149,0.37509735112077774,-0.36031810852622215,0.5176353631421309,0.0818450960680955,0.04777215358284363,-0.07989049792945425,-0.1845012359401776,0.13410813403968433,-0.5990333396946755,-0.011078397105287234,0.0054071329465221075,0.007746917446128054,0.084950642152967,-0.09721171997609986
pabluccio,-0.17999821930733628,2,0.07898269838298186,-0.029052548941699397,0.04068023138679944,0.09839018035811149,0.37509735112077774,-0.36031810852622215,0.5176353631421309,0.0818450960680955,0.04777215358284363,-0.07989049792945425,-0.1845012359401776,0.13410813403968433,-0.5990333396946755,-0.011078397105287234,0.0054071329465221075,0.007746917446128054,0.084950642152967,-0.09721171997609986
pabluccio,-0.2213157239836618,2,0.07898269838298186,-0.029052548941699397,0.04068023138679944,0.09839018035811149,0.37509735112077774,-0.36031810852622215,0.5176353631421309,0.0818450960680955,0.04777215358284363,-0.07989049792945425,-0.1845012359401776,0.13410813403968433,-0.5990333396946755,-0.011078397105287234,0.0054071329465221075,0.007746917446128054,0.084950642152967,-0.09721171997609986
pabluccio,-0.20806806417971113,2,0.07898269838298186,-0.029052548941699397,0.04068023138679944,0.09839018035811149,0.37509735112077774,-0.36031810852622215,0.5176353631421309,0.0818450960680955,0.04777215358284363,-0.07989049792945425,-0.1845012359401776,0.13410813403968433,-0.5990333396946755,-0.011078397105287234,0.0054071329465221075,0.007746917446128054,0.084950642152967,-0.09721171997609986
pabluccio,-0.07896882879580958,2,-0.018577025729402452,0.032716278269359855,0.24816347189601934,0.058215729469382096,0.12162416356282868,-0.07137878669632546,0.37117720748909383,0.3319551679247801,-0.4052729903021949,0.2645706472670222,-0.22123551598691335,0.15565222181846125,0.04233822800783269,0.2927161776542074,-0.3896961201144775,0.286739068803472,0.11305136167335852,-0.15492382041913044
pabluccio,0.08503548587383922,2,0.02286983844167975,-0.33879524407404504,-0.17550933407221528,-0.043868265746983506,-0.18831900186284314,0.31680208861349135,0.2844030518413656,-0.2684902305806719,0.23544388388163145,0.08051619520470527,0.24161651569190407,-0.2910486009546347,-0.25938373012247706,-0.21216950178781682,0.23083939593836775,0.08255316878422887,-0.3241894275746989,0.28401783247498913
pabluccio,0.013240641772224665,3,-0.06259567492025776,0.4595769603028921,0.35058904906930716,0.038803022516691064,0.12412513463471979,-0.14537496699366823,-0.23276485108264028,0.296478627201519,-0.19519319343593455,-0.10926558209669454,-0.23529319107617416,0.2797165451802362,0.2643777610986893,0.20698224387016487,-0.19921551531996728,-0.07523373165554154,0.27210967212830245,-0.25702338367172495
pabluccio,-0.09986467715107132,3,-0.06259567492025776,0.4595769603028921,0.35058904906930716,0.038803022516691064,0.12412513463471979,-0.14537496699366823,-0.23276485108264028,0.296478627201519,-0.19519319343593455,-0.10926558209669454,-0.23529319107617416,0.2797165451802362,0.2643777610986893,0.20698224387016487,-0.19921551531996728,-0.07523373165554154,0.27210967212830245,-0.25702338367172495
pabluccio,-0.18719524873866358,3,0.2495128471445522,-0.25903463972741636,-0.15288612283878278,0.14058980272361882,-0.11047189885307068,0.03406506003846635,-0.1781604395063335,-0.3055204304373058,0.28578176749987544,0.2455802752047518,0.2918059411752163,-0.13893842897756487,0.46368983864320573,0.2414718044711966,-0.2112472047664001,-0.07297781276715873,0.18290308478641099,-0.29308586881412335
pabluccio,-0.25947128843182815,3,0.2495128471445522,-0.25903463972741636,-0.15288612283878278,0.14058980272361882,-0.11047189885307068,0.03406506003846635,-0.1781604395063335,-0.3055204304373058,0.28578176749987544,0.2455802752047518,0.2918059411752163,-0.13893842897756487,0.46368983864320573,0.2414718044711966,-0.2112472047664001,-0.07297781276715873,0.18290308478641099,-0.29308586881412335
pabluccio,0.024310761400997617,3,0.22972848973460078,-0.16885201467304034,-0.10459142071859967,0.1047926801642361,-0.0025444761456850508,-0.062162255820445794,-0.12636105891805374,-0.10747365914746075,0.36502250912346357,0.7784435448017385,0.17111407381924337,-0.05734115306550803,0.2440218856888381,0.015924319958895906,-0.06532342549745623,-0.05896856271106866,0.040508593804381765,-0.1563174691702254
pabluccio,-0.10673716959428844,3,0.22972848973460078,-0.16885201467304034,-0.10459142071859967,0.1047926801642361,-0.0025444761456850508,-0.062162255820445794,-0.12636105891805374,-0.10747365914746075,0.36502250912346357,0.7784435448017385,0.17111407381924337,-0.05734115306550803,0.2440218856888381,0.015924319958895906,-0.06532342549745623,-0.05896856271106866,0.040508593804381765,-0.1563174691702254
pabluccio,0.021549260792225317,3,0.1327524312241603,-0.2010071804413156,-0.16462528851504632,0.11315295881064318,-0.0941661568508532,0.19759585815865596,0.016442546039451136,-0.12491606738978485,0.0736021273255886,-0.16057690683469525,0.20458969268383204,-0.09531583398733035,0.001094644526302102,0.15528755158052476,0.03702599793900212,0.8233308868635074,-0.22157619280427998,-0.060676903310410195
pabluccio,-0.1253511232251842,3,0.1327524312241603,-0.2010071804413156,-0.16462528851504632,0.11315295881064318,-0.0941661568508532,0.19759585815865596,0.016442546039451136,-0.12491606738978485,0.0736021273255886,-0.16057690683469525,0.20458969268383204,-0.09531583398733035,0.001094644526302102,0.15528755158052476,0.03702599793900212,0.8233308868635074,-0.22157619280427998,-0.060676903310410195
pabluccio,-0.0032325295755780956,3,0.1327524312241603,-0.2010071804413156,-0.16462528851504632,0.11315295881064318,-0.0941661568508532,0.19759585815865596,0.016442546039451136,-0.12491606738978485,0.0736021273255886,-0.16057690683469525,0.20458969268383204,-0.09531583398733035,0.001094644526302102,0.15528755158052476,0.03702599793900212,0.8233308868635074,-0.22157619280427998,-0.060676903310410195
pabluccio,-0.11504837220488255,3,0.1732613091654688,-0.30219048183469044,-0.1788259837040346,0.15997495443559448,-0.253975488546488,0.2766082052449,0.050114413549725914,0.23518287468197685,-0.30013326686606195,-0.19216259818382395,0.18295868881444238,0.04174522238614519,-0.3208562340809511,-0.25578581791361876,0.41400748821064776,-0.1961384796720043,-0.28453725744036035,0.028645707641283037
pabluccio,-0.23493538628702967,3,0.1732613091654688,-0.30219048183469044,-0.1788259837040346,0.15997495443559448,-0.253975488546488,0.2766082052449,0.050114413549725914,0.23518287468197685,-0.30013326686606195,-0.19216259818382395,0.18295868881444238,0.04174522238614519,-0.3208562340809511,-0.25578581791361876,0.41400748821064776,-0.1961384796720043,-0.28453725744036035,0.028645707641283037
pabluccio,-0.12279964965963808,3,-0.09278696382310303,-0.21098808817325893,-0.10523799738029077,0.11842640877033656,-0.1520926198661618,0.21068102959198626,-0.031100728247791372,-0.2847917112326177,0.10668349359131754,-0.1568603699896009,0.2698344012991501,-0.16893002165388868,0.21175652334450515,0.24364916787333485,-0.1096872294282883,0.6684233889543478,-0.25259871142013246,-0.08952683429963668
pabluccio,-0.3122819219869612,3,-0.09278696382310303,-0.21098808817325893,-0.10523799738029077,0.11842640877033656,-0.1520926198661618,0.21068102959198626,-0.031100728247791372,-0.2847917112326177,0.10668349359131754,-0.1568603699896009,0.2698344012991501,-0.16893002165388868,0.21175652334450515,0.24364916787333485,-0.1096872294282883,0.6684233889543478,-0.25259871142013246,-0.08952683429963668
pabluccio,-0.1603721672737027,3,-0.27005327101793186,-0.3739521022458079,-0.12437453474759858,0.19611312397699504,-0.030590616658393608,0.3425187069627663,-0.062028189719988,-0.023888319583935603,0.29315464851287026,-0.268274727051564,0.28103625499133367,-0.04409631698082633,0.2923865565985904,0.054429208799628995,-0.16389133730148273,-0.23813436770476162,-0.4465000543924506,-0.020217638634515478
pabluccio,-0.237427473174366,3,-0.27005327101793186,-0.3739521022458079,-0.12437453474759858,0.19611312397699504,-0.030590616658393608,0.3425187069627663,-0.062028189719988,-0.023888319583935603,0.29315464851287026,-0.268274727051564,0.28103625499133367,-0.04409631698082633,0.2923865565985904,0.054429208799628995,-0.16389133730148273,-0.23813436770476162,-0.4465000543924506,-0.020217638634515478
pabluccio,0.17923970963055572,3,-0.12068768153390005,0.33201937254537917,0.028106065191227946,-0.16698713023222037,0.27552102570187287,-0.29095478190597956,-0.12421032006941375,-0.28183580045264994,0.3410283910566859,0.2125732523535549,-0.12494310140642945,-0.06440441490793021,0.20829637110291788,0.300530494995294,-0.3331836648934202,0.21950425610472038,0.33791867271514336,-0.052553849456763835
pabluccio,0.11161133211072594,3,-0.12068768153390005,0.33201937254537917,0.028106065191227946,-0.16698713023222037,0.27552102570187287,-0.29095478190597956,-0.12421032006941375,-0.28183580045264994,0.3410283910566859,0.2125732523535549,-0.12494310140642945,-0.06440441490793021,0.20829637110291788,0.300530494995294,-0.3331836648934202,0.21950425610472038,0.33791867271514336,-0.052553849456763835
pabluccio,0.20618161971216403,3,-0.12068768153390005,0.33201937254537917,0.028106065191227946,-0.16698713023222037,0.27552102570187287,-0.29095478190597956,-0.12421032006941375,-0.28183580045264994,0.3410283910566859,0.2125732523535549,-0.12494310140642945,-0.06440441490793021,0.20829637110291788,0.300530494995294,-0.3331836648934202,0.21950425610472038,0.33791867271514336,-0.052553849456763835
pabluccio,-0.14124917791058259,3,-0.1361735900526543,-0.3270223479664427,0.039039766058459664,0.18389323417702305,-0.15207489030119456,0.3332644080186788,-0.08894832802400796,-0.08185036702287972,0.22236882903798635,-0.2382398496894335,0.2953277682272705,-0.0939088480516295,0.38401663616735227,0.239819428792681,-0.23667258644114877,-0.2524758969183136,-0.38840997912531716,-0.11190694099529638
pabluccio,-0.1887857063669615,3,0.21056604446493865,-0.28261799283015177,-0.08871281762069728,0.15645958201290358,-0.27828866240462174,0.2844201833035136,0.2168380060348734,0.3009173970235372,-0.3739016776587325,-0.19291965319080562,0.10572710266588578,0.07402275979619835,-0.19075025266691292,-0.2573994654867449,0.32001558215799253,-0.21331153152765295,-0.31934949011654434,0.03627610823043949
pabluccio,-0.13766947679986294,3,0.21056604446493865,-0.28261799283015177,-0.08871281762069728,0.15645958201290358,-0.27828866240462174,0.2844201833035136,0.2168380060348734,0.3009173970235372,-0.3739016776587325,-0.19291965319080562,0.10572710266588578,0.07402275979619835,-0.19075025266691292,-0.2573994654867449,0.32001558215799253,-0.21331153152765295,-0.31934949011654434,0.03627610823043949
pabluccio,-0.2006967830854421,3,0.21056604446493865,-0.28261799283015177,-0.08871281762069728,0.15645958201290358,-0.27828866240462174,0.2844201833035136,0.2168380060348734,0.3009173970235372,-0.3739016776587325,-0.19291965319080562,0.10572710266588578,0.07402275979619835,-0.19075025266691292,-0.2573994654867449,0.32001558215799253,-0.21331153152765295,-0.31934949011654434,0.03627610823043949
pabluccio,0.054974608715562125,3,0.026381168885154866,-0.1670044802441675,-0.08551500461346016,0.09275363930069112,-0.529572095709427,0.17363256448744482,0.1946409752807214,-0.4737927240999919,0.2555357182869641,-0.007488476215708203,0.1516687307817639,-0.04312606313845268,0.24606864590010416,0.3399194734458297,-0.15752635344938692,0.23757777572910654,-0.15004556849054945,-0.11159598694863049
pabluccio,-0.14478314710194645,3,0.026381168885154866,-0.1670044802441675,-0.08551500461346016,0.09275363930069112,-0.529572095709427,0.17363256448744482,0.1946409752807214,-0.4737927240999919,0.2555357182869641,-0.007488476215708203,0.1516687307817639,-0.04312606313845268,0.24606864590010416,0.3399194734458297,-0.15752635344938692,0.23757777572910654,-0.15004556849054945,-0.11159598694863049
pabluccio,-0.11210658717671151,3,0.026381168885154866,-0.1670044802441675,-0.08551500461346016,0.09275363930069112,-0.529572095709427,0.17363256448744482,0.1946409752807214,-0.4737927240999919,0.2555357182869641,-0.007488476215708203,0.1516687307817639,-0.04312606313845268,0.24606864590010416,0.3399194734458297,-0.15752635344938692,0.23757777572910654,-0.15004556849054945,-0.11159598694863049
pabluccio,-0.21559104374803933,3,0.026381168885154866,-0.1670044802441675,-0.08551500461346016,0.09275363930069112,-0.529572095709427,0.17363256448744482,0.1946409752807214,-0.4737927240999919,0.2555357182869641,-0.007488476215708203,0.1516687307817639,-0.04312606313845268,0.24606864590010416,0.3399194734458297,-0.15752635344938692,0.23757777572910654,-0.15004556849054945,-0.11159598694863049
pabluccio,-0.15447348821338894,3,-0.11781207419257941,-0.07691532433138337,0.0523933357130628,0.09405451615062174,0.5614920637053638,0.16808608638742978,0.3292501042259764,0.08488407287313275,0.012582181349098095,-0.06533334630613911,-0.25073937233422944,0.20876730272504718,-0.6009938226914054,-0.13881985181849502,0.0840000913467972,0.05284270644581045,0.03117152681741138,-0.08550142244841835
pabluccio,-0.23429888615331462,3,-0.11781207419257941,-0.07691532433138337,0.0523933357130628,0.09405451615062174,0.5614920637053638,0.16808608638742978,0.3292501042259764,0.08488407287313275,0.012582181349098095,-0.06533334630613911,-0.25073937233422944,0.20876730272504718,-0.6009938226914054,-0.13881985181849502,0.0840000913467972,0.05284270644581045,0.03117152681741138,-0.08550142244841835
pabluccio,-0.07676807172498049,3,-0.0798592986895514,0.06322622496666885,0.2710317163233463,0.051588599197127466,0.1067650940679013,0.09788301401519918,0.36007506567827535,0.33633802969720084,-0.38971850119101603,0.26233046907656027,-0.18874340675232834,0.1250286195443007,-0.0035250695919986823,0.3132535748956238,-0.4159045109200261,0.2989045595343473,0.08035786624988686,-0.10428826311820072
pabluccio,-0.19722114895116144,3,0.05331395810206679,0.4138536212251631,0.29322238321586597,0.025305337395693878,0.0642161533285562,-0.3415543917866485,-0.3950103784104648,0.2580670351101792,0.033780839707112646,-0.07958303984996308,-0.2351144408524433,0.2697162829775952,0.21669953493507776,0.2656541629016727,-0.24407318643803463,-0.10753971042893656,0.1660284820232817,-0.21003594268444215
pabluccio,-0.20746991080430593,3,0.05331395810206679,0.4138536212251631,0.29322238321586597,0.025305337395693878,0.0642161533285562,-0.3415543917866485,-0.3950103784104648,0.2580670351101792,0.033780839707112646,-0.07958303984996308,-0.2351144408524433,0.2697162829775952,0.21669953493507776,0.2656541629016727,-0.24407318643803463,-0.10753971042893656,0.1660284820232817,-0.21003594268444215
SADAX,-0.128072022356599,1,-0.13413746051064224,0.25413478262712796,0.09790991705161199,0.3484737763812565,0.1294435660173046,0.08551036023823802,-0.40482936490917365,0.14735333041753287,-0.09715049421711225,-0.12497081249121174,-0.3590017245222966,-0.5432179392124517,-0.20298547220564395,-0.0906969648283065,0.12423535182545929,-0.0734171139443495,0.07292856670018612,-0.22833932959934375
SADAX,-0.10836744209417701,1,0.09893411184311555,-0.1795178466354571,-0.35063617797184604,-0.3185432264421013,-0.08748182217992206,0.14994835646114538,-0.26319919065017533,-0.08006044572347076,0.004148904345131237,-0.032045899421766735,-0.25728779529341295,-0.49501328109161197,0.3752940893450982,-0.25457126665897883,0.13342147719330394,-0.05829080239428767,-0.29666522866403877,0.024656429737518068
SADAX,-0.12271198634547385,1,-0.12395129575203644,-0.26972257237879815,-0.2419065119412691,-0.28223837348338543,-0.10538046170667509,-0.07261644583557254,-0.2390727102280513,-0.5208993962868345,0.4643159229692471,-0.18146515875942093,0.29553691373414637,-0.08589162625874093,0.24264490311816553,0.05644226895456956,0.04272273735252613,-0.020234462178537835,-0.12867107271902634,-0.06889782332644749
SADAX,-0.5559025009438193,1,0.20799661330666494,-0.16645511452029052,-0.11812393660108014,-0.25451680992367864,0.014453586954679841,-0.06751896349254555,-0.30169573123240034,0.015941617757490072,0.1918259362604291,-0.12102744197834821,0.2465898258135111,0.041095129523605,0.3696001552006658,-0.41766755444706366,0.30049579345709865,0.4189807847233305,-0.20870818104626104,0.1409379221278021
SADAX,-0.12262782198869532,1,0.12202109067552509,-0.24013455925259597,-0.13423872159835382,-0.3355987782131537,-0.04035590197137025,-0.08961360226258269,-0.28412195169375887,-0.12658391874640462,0.23528545669738538,-0.1679540531186904,0.3435857718012505,0.00670147451334315,0.3501010161493623,-0.2529700458515418,0.45198332630313426,-0.20188221387673036,-0.23387979342360826,0.04917441166592377
SADAX,-0.1455877281829555,1,-0.08064129089589804,-0.2566530722690654,-0.13233781112024606,-0.3314480847479925,-0.162435731909417,-0.08139154450834239,-0.24652675680659353,-0.41610007825566137,0.549969323363245,-0.10042983455829901,0.33603485653215825,-0.02135290465284866,0.12427588301219339,0.21660876416752683,0.012217112576537997,-0.12421286485372687,-0.08636482300396943,-0.14832996442449786
SADAX,-0.11975627057974854,1,0.32139145783397094,-0.2970446488206002,-0.11112078607658434,-0.2750589151715571,-0.04846364567302906,-0.0775962842603486,-0.1851234949023257,0.14848516579497878,0.07949040476956157,-0.1494113876578715,0.21605161139636306,0.11914594143655732,0.3219251337293458,-0.49773726769605803,0.33278121154385926,-0.17130306602325446,-0.25472476640653385,0.0995530404816925
SADAX,-0.15457073715244313,1,0.058814999326270295,-0.17261798024996844,-0.040071263482212904,-0.24339631319184765,-0.26010997165452476,0.0878072281075146,0.3995457481231827,-0.4886971276733742,0.3228167834125109,-0.02621784404251639,0.38892069499235776,-0.039742020178235686,-0.01737377115694724,0.304679247034378,-0.12457929673520478,-0.12499272536001539,0.06962995517052033,-0.21262119445572844
SADAX,-0.056412161545737,1,-0.20587424190173553,-0.05731828905940136,0.0035217729686493394,0.020893706994959734,0.2315421190905699,0.7854089025975258,0.1577984476439908,0.004922334484643597,0.13444558755820776,-0.023349020013075185,-0.03228537442354747,0.15332572284090726,-0.18164132417322823,-0.11760940568214959,0.09625637932419678,0.0474184900416669,0.37744090359765897,0.12043706190645136
SADAX,-0.2796993113753136,1,-0.20587424190173553,-0.05731828905940136,0.0035217729686493394,0.020893706994959734,0.2315421190905699,0.7854089025975258,0.1577984476439908,0.004922334484643597,0.13444558755820776,-0.023349020013075185,-0.03228537442354747,0.15332572284090726,-0.18164132417322823,-0.11760940568214959,0.09625637932419678,0.0474184900416669,0.37744090359765897,0.12043706190645136
SADAX,-0.08368885513764594,1,-0.10530180662109484,0.11242284227927701,0.16081119111564607,0.2865223313227917,0.26270153939723057,-0.058036307443175034,0.26066798348811054,0.1318296976744234,0.05029110878531019,-0.042449344669750366,-0.14067258008191905,0.22732068391341723,-0.08546970734075802,-0.08680172678518053,0.10735782426088576,0.13457638679446202,0.7616528456783573,0.10111570124148382
SADAX,-0.24408920410036966,1,-0.10530180662109484,0.11242284227927701,0.16081119111564607,0.2865223313227917,0.26270153939723057,-0.058036307443175034,0.26066798348811054,0.1318296976744234,0.05029110878531019,-0.042449344669750366,-0.14067258008191905,0.22732068391341723,-0.08546970734075802,-0.08680172678518053,0.10735782426088576,0.13457638679446202,0.7616528456783573,0.10111570124148382
SADAX,-0.0700786948919458,1,0.17436860823107905,0.4036131429088622,0.3580467549967117,0.20643191629623736,-0.10713640723641135,-0.050403642069497386,0.04207565483182704,0.207752749775042,-0.29488083919600855,0.2822941926461631,-0.17796299718349515,0.09700640373552384,-0.1136040164276436,0.25191845557494025,-0.27574924108466675,0.09050566053662004,0.1950982684551609,0.4129688570322701
SADAX,0.00043271454506519296,1,0.3306058360716428,0.08381104958703789,-0.12711388650124916,0.19750247784666256,-0.6057201125344523,-0.041579545984795394,-0.04355237695318848,0.06575398749820371,-0.1533681053588808,-0.07458814831060748,-0.35594823027272987,-0.26391547856762754,0.23620961990008207,0.1227095729586126,-0.08005942598400685,-0.032174644799495916,0.06158200250968049,0.38228109298210255
SADAX,-0.09431052034840974,1,0.3306058360716428,0.08381104958703789,-0.12711388650124916,0.19750247784666256,-0.6057201125344523,-0.041579545984795394,-0.04355237695318848,0.06575398749820371,-0.1533681053588808,-0.07458814831060748,-0.35594823027272987,-0.26391547856762754,0.23620961990008207,0.1227095729586126,-0.08005942598400685,-0.032174644799495916,0.06158200250968049,0.38228109298210255
SADAX,-0.0014428701698637194,1,0.3306058360716428,0.08381104958703789,-0.12711388650124916,0.19750247784666256,-0.6057201125344523,-0.041579545984795394,-0.04355237695318848,0.06575398749820371,-0.1533681053588808,-0.07458814831060748,-0.35594823027272987,-0.26391547856762754,0.23620961990008207,0.1227095729586126,-0.08005942598400685,-0.032174644799495916,0.06158200250968049,0.38228109298210255
SADAX,-0.23892058553904463,1,0.3306058360716428,0.08381104958703789,-0.12711388650124916,0.19750247784666256,-0.6057201125344523,-0.041579545984795394,-0.04355237695318848,0.06575398749820371,-0.1533681053588808,-0.07458814831060748,-0.35594823027272987,-0.26391547856762754,0.23620961990008207,0.1227095729586126,-0.08005942598400685,-0.032174644799495916,0.06158200250968049,0.38228109298210255
SADAX,-0.11527233487698293,1,-0.28029204971523186,0.24590890591129277,0.16030769237238202,0.3003287698364777,0.3661758356383908,-0.05824961938082476,-0.3329710301020594,0.11207440013722804,-0.06259474963823668,-0.12385625750273682,-0.354260594330535,-0.43508531583382287,-0.3068540188622284,-0.03958063593670453,0.11859436383906573,-0.03415695684389203,0.09395664652973672,-0.1741196369395701
SADAX,-0.1343222047750818,2,-0.08801838028058766,0.22952319100704777,0.21854410760926712,0.33565571318768694,0.12359145952379269,-0.07230521534720045,-0.29700903979743093,0.11428846110630285,-0.07283512868687964,-0.12384767831728861,-0.4074645869679304,-0.5105030366009236,-0.23068286335878038,-0.07448733323142712,0.31653038305168957,-0.04936924410294601,0.06423017138565698,-0.21110485408572416
SADAX,-0.10955559263965406,2,0.274872734790006,-0.19161162164094403,-0.025015415491679172,-0.38539127742151463,-0.18120904262030013,-0.0965506457005462,-0.097743209446325,0.01706445712632233,-0.008198402463363551,-0.033144045503048725,-0.3616014829948604,-0.48117730355793153,0.45480010913765423,-0.09139559170272511,0.13401994555466593,0.07717113424374832,-0.2654546926405687,-0.11636964728468532
SADAX,-0.2826620676727556,2,0.274872734790006,-0.19161162164094403,-0.025015415491679172,-0.38539127742151463,-0.18120904262030013,-0.0965506457005462,-0.097743209446325,0.01706445712632233,-0.008198402463363551,-0.033144045503048725,-0.3616014829948604,-0.48117730355793153,0.45480010913765423,-0.09139559170272511,0.13401994555466593,0.07717113424374832,-0.2654546926405687,-0.11636964728468532
SADAX,-0.07272050822708433,2,0.20141876590930172,-0.259454956857161,-0.36473496058775795,-0.3139854417036799,-0.12786879521824185,-0.0761899801449361,0.10682629002218262,-0.32317316941803764,0.3154457991612574,-0.1387473812531129,0.3258679756496432,-0.029971603642944,0.29913094505389826,-0.2584781304882971,0.04945815239781524,-0.023430663324782424,-0.36820773052721345,0.0421857206213783
SADAX,-0.1692498111861934,2,-0.0879836234073577,-0.42250525026354746,-0.28990999649984356,-0.29916721559874554,-0.10581635226379137,-0.08769731205242833,-0.027589449230735162,-0.37339177756920966,0.5321880713732303,-0.21853612885746468,0.32610583518557584,-0.015122261471415318,0.07225223517357342,0.04304461816151685,0.04959119287830121,-0.07511080427012355,-0.14238972390073942,-0.09013318720308681
SADAX,-0.23329604693897363,2,-0.0879836234073577,-0.42250525026354746,-0.28990999649984356,-0.29916721559874554,-0.10581635226379137,-0.08769731205242833,-0.027589449230735162,-0.37339177756920966,0.5321880713732303,-0.21853612885746468,0.32610583518557584,-0.015122261471415318,0.07225223517357342,0.04304461816151685,0.04959119287830121,-0.07511080427012355,-0.14238972390073942,-0.09013318720308681
SADAX,-0.4433033946317959,2,0.1332586250940654,-0.34142148934222183,-0.2769150075541773,-0.26055561286941464,-0.03835379192305983,-0.07714028874781194,-0.040988124573612936,0.17457894036958005,0.19221070362427195,-0.19580843470992162,0.24559793818684833,0.11469244986282631,0.22165797339147053,-0.5066746703019362,0.11346672836973141,0.18750388659632586,-0.3746264101366666,0.1963044869016051
SADAX,-0.3125927200425401,2,0.12765923593625106,-0.2560111579435361,-0.2020836088836433,-0.20137776375724253,-0.026984149174437436,-0.060877498655864684,-0.05629059628350346,0.18776032705252083,0.08048355000417613,-0.15774162020379873,0.1765426847075057,0.10575695642174122,0.26029872910996327,-0.4783575061748491,0.09430834024699172,0.5778121390375994,-0.22133400389285843,0.17852437824957837
SADAX,-0.1730855370595727,2,0.28090640499967623,-0.34549470797504744,-0.3014148956404977,-0.2688064986355701,-0.19027227023008794,-0.06252499160534955,0.25430895363528444,0.02980025926948761,0.08101872718999441,-0.16030073444989537,0.2570032866134757,0.052917185622985995,0.41476560566691345,-0.24404640667756694,0.32181096868129866,-0.17044284323794684,-0.25860145241694826,0.027475576700727693
SADAX,-0.15913206585628048,2,0.06037059625709844,-0.20413684306716118,-0.14605345172162132,-0.21889635769747812,-0.22337157426323034,0.10246137803643891,0.5570752272481714,-0.4567326950786582,0.258979059284034,-0.03711923145268052,0.34809307819501073,-0.06072291050613868,-0.02751627994017512,0.2637785282476223,-0.08420393707528155,-0.10755623932154305,0.015153380115509032,-0.1535479497151272
SADAX,-0.3013008129481643,2,-0.08027600656907552,-0.1366610953922948,-0.10295304515572279,-0.17044665547418197,0.16178614122916976,0.8355876092675704,0.2947471043327427,-0.01311702407066074,0.13467819135720985,-0.02531426173086425,0.009393197300877081,0.11800704907351728,-0.12547035100825457,-0.2058594086325655,0.09422446798864599,0.019914189243296125,0.07471545342562033,0.1342674330243974
SADAX,-0.4915643551472316,2,-0.05140136984527714,-0.1043536696775988,-0.07222025357950723,-0.17105389729696804,0.16495659386319486,0.8062986505699612,0.22710390423641028,0.06816807885158883,0.07903801610564458,-0.041667199129152475,-0.042010978607696654,0.13769615021224135,-0.0597709958021993,-0.25209874347489414,0.10579876941925188,0.016012647150986603,0.30958823274030695,0.12374338616724748
SADAX,0.037182861469425336,2,-0.033094099687305686,-0.05755552419616805,-0.005097850835725829,-0.09075556141790017,0.16021846732013395,0.4229052891687744,0.2225780459588167,0.13185122169956548,-0.004889039923888536,-0.06321108282035276,-0.057364345629005116,0.1420142023259097,-0.017063253092234363,-0.22257944847968433,0.1030602427527404,0.015316136560075334,0.7839770179623314,0.11444665451908517
SADAX,0.04262337715493658,2,-0.033094099687305686,-0.05755552419616805,-0.005097850835725829,-0.09075556141790017,0.16021846732013395,0.4229052891687744,0.2225780459588167,0.13185122169956548,-0.004889039923888536,-0.06321108282035276,-0.057364345629005116,0.1420142023259097,-0.017063253092234363,-0.22257944847968433,0.1030602427527404,0.015316136560075334,0.7839770179623314,0.11444665451908517
SADAX,-0.07355442888736256,2,-0.033094099687305686,-0.05755552419616805,-0.005097850835725829,-0.09075556141790017,0.16021846732013395,0.4229052891687744,0.2225780459588167,0.13185122169956548,-0.004889039923888536,-0.06321108282035276,-0.057364345629005116,0.1420142023259097,-0.017063253092234363,-0.22257944847968433,0.1030602427527404,0.015316136560075334,0.7839770179623314,0.11444665451908517
SADAX,-0.03149293392248769,2,-0.033094099687305686,-0.05755552419616805,-0.005097850835725829,-0.09075556141790017,0.16021846732013395,0.4229052891687744,0.2225780459588167,0.13185122169956548,-0.004889039923888536,-0.06321108282035276,-0.057364345629005116,0.1420142023259097,-0.017063253092234363,-0.22257944847968433,0.1030602427527404,0.015316136560075334,0.7839770179623314,0.11444665451908517
SADAX,-0.2796315670060738,2,-0.033094099687305686,-0.05755552419616805,-0.005097850835725829,-0.09075556141790017,0.16021846732013395,0.4229052891687744,0.2225780459588167,0.13185122169956548,-0.004889039923888536,-0.06321108282035276,-0.057364345629005116,0.1420142023259097,-0.017063253092234363,-0.22257944847968433,0.1030602427527404,0.015316136560075334,0.7839770179623314,0.11444665451908517
SADAX,-0.20755505040083422,2,-0.033094099687305686,-0.05755552419616805,-0.005097850835725829,-0.09075556141790017,0.16021846732013395,0.4229052891687744,0.2225780459588167,0.13185122169956548,-0.004889039923888536,-0.06321108282035276,-0.057364345629005116,0.1420142023259097,-0.017063253092234363,-0.22257944847968433,0.1030602427527404,0.015316136560075334,0.7839770179623314,0.11444665451908517
SADAX,-0.1138356223098964,2,0.09458019075070201,0.22274216825357085,0.3261471576251859,0.19981232609999222,-0.0003605599179219985,-0.040321121497405694,0.03268924482989053,0.1858124399010834,-0.39073447108427395,0.40740456458288055,-0.037133358907434605,0.01987889926781961,-0.16354565741766075,0.24007693658326942,-0.42663749642228177,0.40999263814470527,0.03753933287032302,0.039874912722114644
SADAX,-0.1038759615757848,2,0.091248415010601,0.09136708053406539,0.2707961908053078,0.24204499650745706,-0.021857630374285123,-0.09231677378417896,0.1440484352917952,0.32118359823551074,-0.26936333559527903,0.028736186762220048,-0.29091532619281785,0.4148471167099197,0.055102931111952184,0.3210782387351731,-0.24870381267758918,-0.12316183600629606,0.2686624779809597,-0.36477208751713236
SADAX,-0.1351651077246316,2,-0.34311048705909597,0.25516010560457514,0.1477956497040166,0.3302314017083728,0.38252137537811765,-0.05513088260037141,-0.3068863146117681,0.1685223406358422,-0.12393455102190147,-0.1067701443642647,-0.16230964325234606,0.35492337646875827,-0.3362331668894734,-0.07434945989837444,0.2879535354418511,-0.07010153937613396,0.06250568612085872,-0.1579161333956141
SADAX,-0.13891250433538974,3,-0.09058342986753269,0.25842532335230195,0.3410591075759173,0.3963014405196749,0.09622686678889453,-0.07508919657110512,-0.25940853416186227,0.18717224750502898,-0.13210664056103974,-0.12247265351281547,-0.24173496151980856,0.4121583031032164,-0.19436856151597287,-0.05042157962038335,0.42326333331376864,-0.07994570812529055,0.04291829568138676,-0.214340896344617
SADAX,-0.13729018021182246,3,0.16628990399293977,-0.287465441710122,-0.25554826619357335,-0.4366491226746461,-0.1695712478416628,-0.11554307655423583,-0.3044296860093271,0.028794404771439765,-0.022638524900828464,-0.10877692341653672,-0.0483603812737224,0.41374318992474807,0.3269988324937869,0.12642150334270524,-0.12486554420637493,0.028929923729980607,0.16309780244338282,-0.382525563275191
SADAX,-0.14094633262659895,3,-0.12019423082375551,-0.3069911116592945,-0.5315173130701405,-0.32553648981483696,-0.07613944012469988,-0.08617456698802851,-0.21008861011648727,-0.32149047663414015,0.3058067548957136,-0.1972413864286197,0.36147716235895466,-0.020660526667242843,0.024820524479886752,-0.15952205034234876,-0.14543471824254328,0.0018267750239774835,-0.16443225534483938,-0.0658641545461322
SADAX,-0.13800039076696066,3,0.20793269118316487,-0.34570370351691615,-0.4953829507447631,-0.26071662963849856,-0.031190267139936098,-0.06916069420231755,0.14192471694003947,0.16134820348891735,-0.042705004215649704,-0.1714857845728828,0.15116693733733816,0.12064018929324223,0.24864102635502414,-0.43722245111544766,0.22656354155019157,-0.16953503425445937,-0.2531923456735196,0.078368758145639
SADAX,-0.1386733097519057,3,-0.23208068797846498,-0.3362659383289117,-0.2883723237342804,-0.2655775048115186,-0.059700568784494715,-0.0687085169564843,-0.3265206759902266,-0.4627563647340893,0.3629918963549064,-0.1805057852010592,0.33492981560071816,-0.07137485801911954,-0.15060132329550088,0.13155455709951486,-0.014014768610166938,-0.11442991263232719,-0.02172742445855663,-0.12231792561605455
SADAX,-0.49080067367168456,3,0.11494933104099946,-0.3151092405436597,-0.2884908974879361,-0.24084437900618894,0.045561617844309205,-0.07719859315351266,0.05262970305334269,0.23566143098314005,-0.020757306764673383,-0.1609149485432486,0.15255323153383712,0.13142535979540457,0.17187656991026468,-0.6218188023995648,0.057874721840940814,0.2721052254972659,-0.28768205738379377,0.1915636807226403
SADAX,-0.556077106365852,3,0.1372990531320555,-0.2813634230280088,-0.25714997672552903,-0.22000864234166886,0.04624716711960271,-0.07037890190846574,0.1322172226559484,0.24957620981661358,-0.07130193561179043,-0.15420958119068295,0.10942856700819556,0.1303374012672761,0.18449581274315716,-0.5811144290988935,0.05240265725295253,0.4195465807208201,-0.24154923483887517,0.1841763079853718
SADAX,-0.15461236028251715,3,0.2376538695690822,-0.3260571520449177,-0.31700983113508274,-0.27159762445530417,-0.04480930513639287,-0.0716595871858415,0.4138480204910461,0.1689301230516426,-0.07474496765316738,-0.16315621836370175,0.15182212370430392,0.09746146660828174,0.2507976359370528,-0.3927325661990586,0.259518677812417,-0.17187130959840352,-0.26852741246646533,0.07145548785731126
SADAX,0.16514197796692454,3,0.027883503965041405,0.21165398473779584,0.17909743003674095,0.22952884741669224,0.2164091497540298,-0.11801684871406162,-0.490584196866881,0.46838139572030374,-0.23238797104238534,0.05423532776712413,-0.378559105291697,0.07813592632610687,0.16914629067860104,-0.26758957203941364,0.08043257108784005,-0.0025259968847520103,-0.06960031667850482,0.1759498450277569
SADAX,0.05155763045317019,3,-0.17151419719930147,-0.11107016088468757,-0.08683907353963081,-0.1806046219979716,0.13879867591909828,0.7247509965137809,0.29275934273610577,-0.08166521236882361,0.19376082731034874,-0.059331619952337794,0.0892956125067247,0.0607638075477483,-0.06899904939016162,-0.2787341987279888,0.1552360076324142,-0.04638007496033979,-0.33104876668118804,0.1007732233310986
SADAX,-0.1948520942456685,3,-0.17151419719930147,-0.11107016088468757,-0.08683907353963081,-0.1806046219979716,0.13879867591909828,0.7247509965137809,0.29275934273610577,-0.08166521236882361,0.19376082731034874,-0.059331619952337794,0.0892956125067247,0.0607638075477483,-0.06899904939016162,-0.2787341987279888,0.1552360076324142,-0.04638007496033979,-0.33104876668118804,0.1007732233310986
SADAX,-0.1999592023153225,3,-0.17151419719930147,-0.11107016088468757,-0.08683907353963081,-0.1806046219979716,0.13879867591909828,0.7247509965137809,0.29275934273610577,-0.08166521236882361,0.19376082731034874,-0.059331619952337794,0.0892956125067247,0.0607638075477483,-0.06899904939016162,-0.2787341987279888,0.1552360076324142,-0.04638007496033979,-0.33104876668118804,0.1007732233310986
SADAX,-0.12070434018742833,3,-0.17151419719930147,-0.11107016088468757,-0.08683907353963081,-0.1806046219979716,0.13879867591909828,0.7247509965137809,0.29275934273610577,-0.08166521236882361,0.19376082731034874,-0.059331619952337794,0.0892956125067247,0.0607638075477483,-0.06899904939016162,-0.2787341987279888,0.1552360076324142,-0.04638007496033979,-0.33104876668118804,0.1007732233310986
SADAX,-0.20078217011684976,3,-0.17151419719930147,-0.11107016088468757,-0.08683907353963081,-0.1806046219979716,0.13879867591909828,0.7247509965137809,0.29275934273610577,-0.08166521236882361,0.19376082731034874,-0.059331619952337794,0.0892956125067247,0.0607638075477483,-0.06899904939016162,-0.2787341987279888,0.1552360076324142,-0.04638007496033979,-0.33104876668118804,0.1007732233310986
SADAX,-0.20078329886462268,3,-0.17151419719930147,-0.11107016088468757,-0.08683907353963081,-0.1806046219979716,0.13879867591909828,0.7247509965137809,0.29275934273610577,-0.08166521236882361,0.19376082731034874,-0.059331619952337794,0.0892956125067247,0.0607638075477483,-0.06899904939016162,-0.2787341987279888,0.1552360076324142,-0.04638007496033979,-0.33104876668118804,0.1007732233310986
SADAX,-0.06483503396900445,3,0.05422376992310162,0.13425624794645985,0.2252486461694684,0.17733858510750936,0.02310266358743101,-0.03418105453248407,-0.06568762487675366,0.14674290210036187,-0.4054716077479135,0.3087006852350577,0.08388182425346763,-0.09519683361112043,-0.17866575172571575,0.19743920000696305,-0.5037794467061585,0.4950513135250863,-0.013503787225232282,0.15343136994119339
SADAX,-0.22009515978523292,3,0.05422376992310162,0.13425624794645985,0.2252486461694684,0.17733858510750936,0.02310266358743101,-0.03418105453248407,-0.06568762487675366,0.14674290210036187,-0.4054716077479135,0.3087006852350577,0.08388182425346763,-0.09519683361112043,-0.17866575172571575,0.19743920000696305,-0.5037794467061585,0.4950513135250863,-0.013503787225232282,0.15343136994119339
SADAX,-0.10396600204048344,3,-0.5501745671555343,0.2187790714333454,0.12954240303944262,0.2041017396918194,0.4005141704157877,-0.03559015839903413,0.050829066249175846,0.18780166667567535,-0.14973228233562563,0.30981362842463495,-0.07344755206712382,0.1921982484159639,-0.4401392770415126,-0.011149913122253833,0.029327196383757106,-0.03473791050924244,0.1446496014582225,-0.1178873233364428
grims,-0.06523345640360605,1,0.2119369669111004,0.3115936865735256,0.42860846202134045,0.1760889527942141,0.21084998945726274,0.06451252648425408,0.05274422192173235,0.2254157626343176,0.4119967951985653,0.17033450849252063,0.1535184693762668,0.12866305583931198,-0.32678766830725403,0.17058283160068988,0.3094025720096931,-0.0683798754589382,-0.18544027035248747,-0.17749906648237676
grims,-0.22474682654565956,1,0.2119369669111004,0.3115936865735256,0.42860846202134045,0.1760889527942141,0.21084998945726274,0.06451252648425408,0.05274422192173235,0.2254157626343176,0.4119967951985653,0.17033450849252063,0.1535184693762668,0.12866305583931198,-0.32678766830725403,0.17058283160068988,0.3094025720096931,-0.0683798754589382,-0.18544027035248747,-0.17749906648237676
grims,-0.14025782657734504,1,-0.30484438431134486,-0.2994315826557392,0.30714300426878505,-0.2463148578945956,-0.20310767256564005,-0.25233125934300665,0.2923170531979108,-0.47500354660248134,-0.35116884365602685,-0.19257110283020465,0.07952990624133699,-0.029516142240754745,-0.2101460504813026,-0.03460263002544631,0.056497677238443206,-0.05886097229617792,-0.10249665785588298,-0.1275974465169806
grims,-0.20665723064782737,1,-0.30484438431134486,-0.2994315826557392,0.30714300426878505,-0.2463148578945956,-0.20310767256564005,-0.25233125934300665,0.2923170531979108,-0.47500354660248134,-0.35116884365602685,-0.19257110283020465,0.07952990624133699,-0.029516142240754745,-0.2101460504813026,-0.03460263002544631,0.056497677238443206,-0.05886097229617792,-0.10249665785588298,-0.1275974465169806
grims,-0.12258713356128764,1,-0.4016035636178134,-0.251347299660181,-0.12997241713796573,-0.27848815304219454,-0.15033207599748127,-0.26889441762637417,0.08125744039115687,-0.2378308948321825,-0.17377342281318284,-0.12547549672823752,0.2033732967320668,-0.015202130754572569,0.21534544142730155,-0.298787139801782,-0.4362701205224342,0.017268400402187127,0.316594986982608,0.09475053600323007
grims,-0.13212929675466334,1,-0.285591369950373,-0.19634142040614044,-0.1695350052007095,-0.33330646119224067,-0.13296545905367088,-0.30342666807594104,0.09981637480960624,-0.05685273164380937,-0.17944536936587516,-0.14848150680448147,0.19664092789645782,0.06919018925394346,0.25869528793435637,-0.11469305884294526,-0.47506835844986783,0.3156300087129626,0.3352462977720962,0.04033348765118538
grims,-0.19959713688916322,1,-0.2813900615266912,-0.1952378689365133,-0.1390830658060531,-0.3169699754939215,-0.1399154193342616,-0.1396266352423229,0.23362755578103797,0.02779998535753759,-0.2511690457193758,0.5426453556624874,0.15903613805166203,0.12286845567988273,0.03672078533362982,-0.14112659182192214,-0.3319128328884565,-0.19622043318356405,0.31320757557319245,0.04989410609101527
grims,-0.19973193863898187,1,-0.2813900615266912,-0.1952378689365133,-0.1390830658060531,-0.3169699754939215,-0.1399154193342616,-0.1396266352423229,0.23362755578103797,0.02779998535753759,-0.2511690457193758,0.5426453556624874,0.15903613805166203,0.12286845567988273,0.03672078533362982,-0.14112659182192214,-0.3319128328884565,-0.19622043318356405,0.31320757557319245,0.04989410609101527
grims,-0.1157851315162576,1,-0.2813900615266912,-0.1952378689365133,-0.1390830658060531,-0.3169699754939215,-0.1399154193342616,-0.1396266352423229,0.23362755578103797,0.02779998535753759,-0.2511690457193758,0.5426453556624874,0.15903613805166203,0.12286845567988273,0.03672078533362982,-0.14112659182192214,-0.3319128328884565,-0.19622043318356405,0.31320757557319245,0.04989410609101527
grims,-0.20027934542319942,1,-0.2813900615266912,-0.1952378689365133,-0.1390830658060531,-0.3169699754939215,-0.1399154193342616,-0.1396266352423229,0.23362755578103797,0.02779998535753759,-0.2511690457193758,0.5426453556624874,0.15903613805166203,0.12286845567988273,0.03672078533362982,-0.14112659182192214,-0.3319128328884565,-0.19622043318356405,0.31320757557319245,0.04989410609101527
grims,-0.2100727290161177,1,-0.2813900615266912,-0.1952378689365133,-0.1390830658060531,-0.3169699754939215,-0.1399154193342616,-0.1396266352423229,0.23362755578103797,0.02779998535753759,-0.2511690457193758,0.5426453556624874,0.15903613805166203,0.12286845567988273,0.03672078533362982,-0.14112659182192214,-0.3319128328884565,-0.19622043318356405,0.31320757557319245,0.04989410609101527
grims,-0.11285331857460822,1,-0.20213344169146832,-0.15655817542467088,-0.08825608618703587,-0.18382276279558193,-0.1701673828656741,0.02939186717081634,0.018268598993833086,-0.10824087059902192,-0.11550568231930818,-0.19310345378968097,0.1937573473806797,0.01717959108082109,0.2979419929570722,-0.021396444351352475,-0.4226389289933737,0.6380572671098269,0.2961064774428151,-0.008150879777591392
grims,-0.17498986058874944,1,-0.20213344169146832,-0.15655817542467088,-0.08825608618703587,-0.18382276279558193,-0.1701673828656741,0.02939186717081634,0.018268598993833086,-0.10824087059902192,-0.11550568231930818,-0.19310345378968097,0.1937573473806797,0.01717959108082109,0.2979419929570722,-0.021396444351352475,-0.4226389289933737,0.6380572671098269,0.2961064774428151,-0.008150879777591392
grims,-0.22151422868999113,1,-0.20213344169146832,-0.15655817542467088,-0.08825608618703587,-0.18382276279558193,-0.1701673828656741,0.02939186717081634,0.018268598993833086,-0.10824087059902192,-0.11550568231930818,-0.19310345378968097,0.1937573473806797,0.01717959108082109,0.2979419929570722,-0.021396444351352475,-0.4226389289933737,0.6380572671098269,0.2961064774428151,-0.008150879777591392
grims,-0.12691969022549912,1,-0.11858969187400262,-0.14284792849333283,-0.03654823834853826,0.28626572911597037,-0.13036917080735164,-0.27351256989000894,0.3496548162717743,-0.249312293339125,-0.41154485386996265,0.04157795828957203,0.07870948094769006,0.01245969806404076,0.05703422215034876,0.2681075619945905,-0.07134353477006558,0.4815954985974333,0.3260187648366185,-0.10065540126673295
grims,-0.27475178750723667,1,-0.11858969187400262,-0.14284792849333283,-0.03654823834853826,0.28626572911597037,-0.13036917080735164,-0.27351256989000894,0.3496548162717743,-0.249312293339125,-0.41154485386996265,0.04157795828957203,0.07870948094769006,0.01245969806404076,0.05703422215034876,0.2681075619945905,-0.07134353477006558,0.4815954985974333,0.3260187648366185,-0.10065540126673295
grims,-0.36772793526160025,1,-0.15041515523206972,-0.21880090579793957,-0.053765941829518334,-0.38514558649998587,0.13167554028486303,0.3653860571986425,0.24760861381299193,0.20490715202151832,-0.2433122503001428,0.4186331980841611,0.2227846284423904,0.20718569895678207,-0.03423794392068702,-0.08526860005593696,-0.12071249428305927,-0.11542139869615511,0.38917855099974275,-0.09654599334738807
grims,0.011901306633420275,1,-0.12698832894773202,-0.21007079858767175,-0.19421818617609204,-0.26107024648288085,0.03862607640853775,-0.058532649115217675,-0.29588099704432375,0.3441731289717592,0.11294626093816018,-0.14838179591285539,-0.05286269461388529,0.23973558803841694,0.425533439777492,-0.47102510706391754,-0.23673821392260594,-0.05793811132226467,0.240562231477129,0.08769326615291324
grims,-0.13652207039009137,1,-0.12698832894773202,-0.21007079858767175,-0.19421818617609204,-0.26107024648288085,0.03862607640853775,-0.058532649115217675,-0.29588099704432375,0.3441731289717592,0.11294626093816018,-0.14838179591285539,-0.05286269461388529,0.23973558803841694,0.425533439777492,-0.47102510706391754,-0.23673821392260594,-0.05793811132226467,0.240562231477129,0.08769326615291324
grims,-0.19687095032691077,1,-0.05820519006406057,-0.0012071404294137222,-0.33998172241836777,0.35151000377170905,-0.4772202022588573,-0.009468561685932946,-0.19107462612595894,-0.15938243898066978,-0.47236789522400346,-0.10204386313650658,-0.031032001955250067,0.1200125780400939,0.180926920479366,0.07856134008733867,0.11377130617086739,-0.0764573994369316,-0.3464489656313139,-0.20270532211350992
grims,-0.16926306753676085,1,-0.05820519006406057,-0.0012071404294137222,-0.33998172241836777,0.35151000377170905,-0.4772202022588573,-0.009468561685932946,-0.19107462612595894,-0.15938243898066978,-0.47236789522400346,-0.10204386313650658,-0.031032001955250067,0.1200125780400939,0.180926920479366,0.07856134008733867,0.11377130617086739,-0.0764573994369316,-0.3464489656313139,-0.20270532211350992
grims,-0.20055097766336913,1,-0.05820519006406057,-0.0012071404294137222,-0.33998172241836777,0.35151000377170905,-0.4772202022588573,-0.009468561685932946,-0.19107462612595894,-0.15938243898066978,-0.47236789522400346,-0.10204386313650658,-0.031032001955250067,0.1200125780400939,0.180926920479366,0.07856134008733867,0.11377130617086739,-0.0764573994369316,-0.3464489656313139,-0.20270532211350992
grims,-0.07675813886980226,1,0.2525691907417508,0.14444623400909185,-0.3327324150947062,0.2801836964675315,0.0726159811589391,0.2609957583386958,-0.2380391070504314,0.17023850077211555,0.08633020835995864,-0.10639436590445576,-0.4432269507813494,-0.4144875844607675,-0.19341913104608346,0.20597903591747496,0.1453284524445394,-0.10273063889668466,-0.2484817270992807,0.08256213618585322
grims,-0.1974912583648942,1,0.29431780170422905,0.3455676763686961,0.36433342344489195,0.1581538575172177,0.424412479908825,-0.07793788882566995,0.19263562122213967,0.17900912701220867,0.39229867895595194,0.0037778432691933594,0.17062699470978715,0.07170287710283722,-0.24649857388758217,0.1798513714639046,0.20983861720494176,-0.08293930724127449,-0.17926630983965267,-0.12857862483167753
grims,-0.2138620063826005,1,0.29431780170422905,0.3455676763686961,0.36433342344489195,0.1581538575172177,0.424412479908825,-0.07793788882566995,0.19263562122213967,0.17900912701220867,0.39229867895595194,0.0037778432691933594,0.17062699470978715,0.07170287710283722,-0.24649857388758217,0.1798513714639046,0.20983861720494176,-0.08293930724127449,-0.17926630983965267,-0.12857862483167753
grims,0.04815767283895904,2,0.31859478457815843,0.3260361774508189,0.2409355042602458,0.22964831716959827,0.28040146958106166,0.19938679607389187,0.10250479435486276,0.30582256081306886,0.382541267637651,0.13101257581026238,0.1495660576402933,0.15324876476683003,-0.24923750383582463,0.20942063800620186,0.23407633416602358,-0.07348887128448287,-0.23816199712545705,-0.1635470362889133
grims,-0.0701644990449044,2,0.31859478457815843,0.3260361774508189,0.2409355042602458,0.22964831716959827,0.28040146958106166,0.19938679607389187,0.10250479435486276,0.30582256081306886,0.382541267637651,0.13101257581026238,0.1495660576402933,0.15324876476683003,-0.24923750383582463,0.20942063800620186,0.23407633416602358,-0.07348887128448287,-0.23816199712545705,-0.1635470362889133
grims,-0.21201967030476557,2,0.31859478457815843,0.3260361774508189,0.2409355042602458,0.22964831716959827,0.28040146958106166,0.19938679607389187,0.10250479435486276,0.30582256081306886,0.382541267637651,0.13101257581026238,0.1495660576402933,0.15324876476683003,-0.24923750383582463,0.20942063800620186,0.23407633416602358,-0.07348887128448287,-0.23816199712545705,-0.1635470362889133
grims,-0.1601123365241694,2,-0.2811717742914398,-0.278993421448004,0.17644167890122667,-0.22635679210404847,-0.08754023501765446,-0.05366082283146399,0.10695471087394384,-0.19773853201921374,-0.10760993517127189,0.35851792815845634,0.19559342286949513,-0.0014765771259061657,0.29950970560368423,-0.4861767171826143,-0.30060229629860613,0.030135876722071676,0.28848070178252516,0.14392555565938125
grims,-0.14198176183560898,2,-0.16645180911621152,-0.2703202418818389,0.13944472416695333,-0.28594062289545635,-0.040257497234004035,0.11655141333503283,0.3234800540990147,-0.2348114107732768,-0.184633603688125,0.5285103019967413,0.13802045198583016,0.0427808306850844,0.2915431294435024,-0.1476709644435229,-0.19905875980096246,-0.15769218295698106,0.3352557014199131,0.07105622914744475
grims,-0.19888271616953374,2,-0.1544172152125722,-0.21517927840898043,0.07905304752759075,-0.2794441061136888,-0.06281255281244552,0.029642665080503634,0.17218602020379611,-0.20040013411460753,-0.09154242575988217,-0.1766474934819055,0.17796297997252752,0.011517725819497051,0.37697473003191884,-0.016629593826525006,-0.2771196391820944,0.6139858958895903,0.3214542990420777,0.0011405260092776169
grims,-0.13465829144564398,2,-0.1544172152125722,-0.21517927840898043,0.07905304752759075,-0.2794441061136888,-0.06281255281244552,0.029642665080503634,0.17218602020379611,-0.20040013411460753,-0.09154242575988217,-0.1766474934819055,0.17796297997252752,0.011517725819497051,0.37697473003191884,-0.016629593826525006,-0.2771196391820944,0.6139858958895903,0.3214542990420777,0.0011405260092776169
grims,-0.20036279160991977,2,-0.1544172152125722,-0.21517927840898043,0.07905304752759075,-0.2794441061136888,-0.06281255281244552,0.029642665080503634,0.17218602020379611,-0.20040013411460753,-0.09154242575988217,-0.1766474934819055,0.17796297997252752,0.011517725819497051,0.37697473003191884,-0.016629593826525006,-0.2771196391820944,0.6139858958895903,0.3214542990420777,0.0011405260092776169
grims,-0.18732878867080535,2,-0.20343357380967003,-0.2192224521463575,0.03151113731054513,-0.3120267618473752,-0.03650646798892671,-0.27034846292566206,0.2196369282492292,0.08756599872658567,-0.08429539053537846,0.454722893290984,0.1745102057432442,0.13762064970663093,0.31990075105005983,-0.2832552199306587,-0.3029425768000624,-0.11546016725740443,0.3418856662005667,0.1184925989485078
grims,-0.13341870285627105,2,-0.20343357380967003,-0.2192224521463575,0.03151113731054513,-0.3120267618473752,-0.03650646798892671,-0.27034846292566206,0.2196369282492292,0.08756599872658567,-0.08429539053537846,0.454722893290984,0.1745102057432442,0.13762064970663093,0.31990075105005983,-0.2832552199306587,-0.3029425768000624,-0.11546016725740443,0.3418856662005667,0.1184925989485078
grims,-0.21956042099335174,2,-0.20343357380967003,-0.2192224521463575,0.03151113731054513,-0.3120267618473752,-0.03650646798892671,-0.27034846292566206,0.2196369282492292,0.08756599872658567,-0.08429539053537846,0.454722893290984,0.1745102057432442,0.13762064970663093,0.31990075105005983,-0.2832552199306587,-0.3029425768000624,-0.11546016725740443,0.3418856662005667,0.1184925989485078
grims,-0.15098253633042372,2,-0.13180718115824205,-0.16982089626494024,0.03990343710453287,-0.3039988081650871,-0.04365923695120902,0.00886805778658905,0.24229066410764385,-0.26348320582944185,-0.11834446464688243,-0.1140286040713176,0.1736769323790209,-0.027181699797399688,0.2999434025828995,0.09847180889137662,-0.22471748154550672,0.6429882910052848,0.32791285164904094,-0.025205314497400596
grims,-0.283781110510578,2,-0.04668438770519412,-0.2117888658651767,0.015536707041523538,-0.38955730663110505,0.22444918154387397,0.4885303036118261,0.3848831083040692,0.019668596638837625,-0.1717157090204792,0.24808143539200103,0.21007276752233944,0.12337059024050369,0.026526195106067806,0.07633728407882394,-0.08041289554287738,-0.18183178963699684,0.4044031782127274,-0.058524088382627154
grims,0.020378153553409172,2,-0.07373208399688042,-0.2282689289805906,-0.10565639233554819,-0.25572796199369985,0.2192070430184288,-0.05725049278769886,-0.23170376957448663,0.34842112244066775,0.16042728611004614,-0.15666681668899668,-0.046725172337221184,0.22729612522809944,0.4313424148984632,-0.5256760412670016,-0.0579529533612294,-0.05070287125923868,0.22314470047199117,0.131304651940703
grims,-0.1311587254513353,2,-0.07373208399688042,-0.2282689289805906,-0.10565639233554819,-0.25572796199369985,0.2192070430184288,-0.05725049278769886,-0.23170376957448663,0.34842112244066775,0.16042728611004614,-0.15666681668899668,-0.046725172337221184,0.22729612522809944,0.4313424148984632,-0.5256760412670016,-0.0579529533612294,-0.05070287125923868,0.22314470047199117,0.131304651940703
grims,-0.15919697455166548,2,-0.09095224416968796,0.049745475326882116,-0.01521088912998364,0.41431282592775787,-0.4392607092394182,0.06910663530448544,-0.12120345951969816,-0.29161182209282654,-0.3833691450912301,-0.09726985744635534,0.11960890740862573,0.0885841210868203,0.21729808766756578,0.044876092943851656,0.2490698276354554,-0.06337808094240242,-0.3492008930274631,-0.32264569835809165
grims,-0.21201363016165836,2,-0.09095224416968796,0.049745475326882116,-0.01521088912998364,0.41431282592775787,-0.4392607092394182,0.06910663530448544,-0.12120345951969816,-0.29161182209282654,-0.3833691450912301,-0.09726985744635534,0.11960890740862573,0.0885841210868203,0.21729808766756578,0.044876092943851656,0.2490698276354554,-0.06337808094240242,-0.3492008930274631,-0.32264569835809165
grims,-0.08058304803199115,2,0.20549905327801657,0.1725794154678738,-0.2664157696877858,0.26449725787627987,0.021486126565658615,0.2739034286185718,-0.3293327979228937,0.175122234249478,0.11537350513278477,-0.10218521342211964,-0.4222345801591303,-0.3271280418710535,-0.2051469173667245,0.18425187506951807,0.21332291043119123,-0.10290607724129229,-0.22238781987772668,0.28601285582496533
grims,-0.16725505007899763,2,0.312756064160065,0.4510918770283012,0.29577964336940366,0.18297673265618344,0.35002069223535937,-0.010295587642864543,0.16946580157223876,0.16392633836116957,0.3248976754682064,-0.0670396862159988,0.133701073078042,0.07117136845122028,-0.2750990124762084,0.17645902934950544,0.30128435584649077,-0.08065195718592776,-0.18383693271489096,-0.16922842481072062
grims,0.006517985338868842,3,0.3328368777602565,0.3841474690290253,0.23786578358849425,0.22122696630065808,0.23575574651515602,0.008667335637792227,0.11806630465698592,0.25077663985646825,0.32633905151714304,0.18317335713734909,0.1542123757760557,0.1589058347907536,-0.2960128908462977,0.1917175664000788,0.3176055975207291,-0.08743447161138738,-0.20975738998989102,-0.19407901677178532
grims,-0.0809543105508339,3,0.3328368777602565,0.3841474690290253,0.23786578358849425,0.22122696630065808,0.23575574651515602,0.008667335637792227,0.11806630465698592,0.25077663985646825,0.32633905151714304,0.18317335713734909,0.1542123757760557,0.1589058347907536,-0.2960128908462977,0.1917175664000788,0.3176055975207291,-0.08743447161138738,-0.20975738998989102,-0.19407901677178532
grims,-0.22843517758177428,3,0.3328368777602565,0.3841474690290253,0.23786578358849425,0.22122696630065808,0.23575574651515602,0.008667335637792227,0.11806630465698592,0.25077663985646825,0.32633905151714304,0.18317335713734909,0.1542123757760557,0.1589058347907536,-0.2960128908462977,0.1917175664000788,0.3176055975207291,-0.08743447161138738,-0.20975738998989102,-0.19407901677178532
grims,-0.15426154649354865,3,-0.3075865623921715,-0.29171916913635765,0.3330260415029449,-0.26386242799163606,-0.21388891332635204,-0.27225386941514745,0.2680699573225786,-0.49182666664485714,-0.32943128060902305,0.16167974706770424,0.07803584700221322,-0.04079588013985789,-0.1925517213222354,-0.08883324605313787,-0.025068974456422848,-0.09198857089939201,0.07701413051840453,-0.061047969813116325
grims,-0.18444495108908437,3,-0.3075865623921715,-0.29171916913635765,0.3330260415029449,-0.26386242799163606,-0.21388891332635204,-0.27225386941514745,0.2680699573225786,-0.49182666664485714,-0.32943128060902305,0.16167974706770424,0.07803584700221322,-0.04079588013985789,-0.1925517213222354,-0.08883324605313787,-0.025068974456422848,-0.09198857089939201,0.07701413051840453,-0.061047969813116325
grims,-0.17869297915771015,3,-0.3075865623921715,-0.29171916913635765,0.3330260415029449,-0.26386242799163606,-0.21388891332635204,-0.27225386941514745,0.2680699573225786,-0.49182666664485714,-0.32943128060902305,0.16167974706770424,0.07803584700221322,-0.04079588013985789,-0.1925517213222354,-0.08883324605313787,-0.025068974456422848,-0.09198857089939201,0.07701413051840453,-0.061047969813116325
grims,-0.20610229304895702,3,-0.3075865623921715,-0.29171916913635765,0.3330260415029449,-0.26386242799163606,-0.21388891332635204,-0.27225386941514745,0.2680699573225786,-0.49182666664485714,-0.32943128060902305,0.16167974706770424,0.07803584700221322,-0.04079588013985789,-0.1925517213222354,-0.08883324605313787,-0.025068974456422848,-0.09198857089939201,0.07701413051840453,-0.061047969813116325
grims,-0.20182488584898747,3,-0.3075865623921715,-0.29171916913635765,0.3330260415029449,-0.26386242799163606,-0.21388891332635204,-0.27225386941514745,0.2680699573225786,-0.49182666664485714,-0.32943128060902305,0.16167974706770424,0.07803584700221322,-0.04079588013985789,-0.1925517213222354,-0.08883324605313787,-0.025068974456422848,-0.09198857089939201,0.07701413051840453,-0.061047969813116325
grims,-0.16118595481624215,3,-0.436976738599495,-0.24456594444558577,0.1059889415279168,-0.21912361837672847,-0.10966157513440873,-0.22934745061735182,0.009371851245991741,-0.13311706332271273,-0.03534859901444099,0.21962440101734368,0.21529953484206008,0.02093037425903863,0.18474458957322476,-0.4395530325074527,-0.4141564831238657,0.1320674973176958,0.27875480997451074,0.13141784932785405
grims,-0.13395832863408144,3,-0.4140403002990794,-0.255103988958844,0.19024339536231982,-0.296292922472873,-0.14619148052023223,-0.29414306682429886,0.1708373200689574,-0.25831536616867923,-0.1716788680487942,0.2581880196890184,0.14925008960467515,0.06002810139386467,0.17845802959937468,-0.22873139473830803,-0.29702602732713695,-0.07106173937786035,0.3527670712987314,0.10866655912316561
grims,-0.19400431342721974,3,-0.28845767908029074,-0.21955559163587712,-0.005895864921727405,-0.26698308640786156,-0.15170684446987348,-0.2585591834517751,0.16257962685058086,-0.35670147874901914,-0.20283873586700296,0.024267986786023456,0.12924039943101945,-0.021722837610084325,0.2146036481383109,-0.011497713336184729,-0.26169965296396347,0.5363684622401139,0.303918188734154,0.009920036716831521
grims,-0.19933586559130156,3,-0.28845767908029074,-0.21955559163587712,-0.005895864921727405,-0.26698308640786156,-0.15170684446987348,-0.2585591834517751,0.16257962685058086,-0.35670147874901914,-0.20283873586700296,0.024267986786023456,0.12924039943101945,-0.021722837610084325,0.2146036481383109,-0.011497713336184729,-0.26169965296396347,0.5363684622401139,0.303918188734154,0.009920036716831521
grims,-0.09890571271076866,3,-0.28845767908029074,-0.21955559163587712,-0.005895864921727405,-0.26698308640786156,-0.15170684446987348,-0.2585591834517751,0.16257962685058086,-0.35670147874901914,-0.20283873586700296,0.024267986786023456,0.12924039943101945,-0.021722837610084325,0.2146036481383109,-0.011497713336184729,-0.26169965296396347,0.5363684622401139,0.303918188734154,0.009920036716831521
grims,-0.2015437839080601,3,-0.28845767908029074,-0.21955559163587712,-0.005895864921727405,-0.26698308640786156,-0.15170684446987348,-0.2585591834517751,0.16257962685058086,-0.35670147874901914,-0.20283873586700296,0.024267986786023456,0.12924039943101945,-0.021722837610084325,0.2146036481383109,-0.011497713336184729,-0.26169965296396347,0.5363684622401139,0.303918188734154,0.009920036716831521
grims,-0.20021147213355808,3,-0.28845767908029074,-0.21955559163587712,-0.005895864921727405,-0.26698308640786156,-0.15170684446987348,-0.2585591834517751,0.16257962685058086,-0.35670147874901914,-0.20283873586700296,0.024267986786023456,0.12924039943101945,-0.021722837610084325,0.2146036481383109,-0.011497713336184729,-0.26169965296396347,0.5363684622401139,0.303918188734154,0.009920036716831521
grims,-0.1394851462829366,3,-0.2429601285475229,-0.2027474480383532,-0.10579253326715514,-0.2740640704564397,-0.0993076591702289,-0.2462550405355544,0.08992171301196819,-0.14175884059869354,-0.10618481215446923,0.21145572976282082,0.1908793956966693,0.04693290626367086,0.2731334440035689,-0.1487706669129314,-0.34731147736791423,0.550981510902435,0.31246448299427493,0.040923369614349774
grims,-0.39435017202501754,3,-0.18784393623629245,-0.17698631096305234,-0.029353821617621914,-0.3099322369580048,-0.041212721183910395,-0.284252933580158,0.3490928098023651,-0.3442357548940515,-0.3959861978375411,-0.024754590921691612,0.00720512002746398,0.02370883273336548,0.04378741774289149,0.22091760028752788,-0.09564389179007655,0.41913354247225015,0.33581026174149475,-0.08523838329065785
grims,-0.0975103658711156,3,-0.20672871263494708,-0.2156833299914171,-0.0380367818371885,-0.36568353518920754,0.10174074336311623,0.09810052533010731,0.23640517817789194,-0.035894703585106144,-0.22437296206059007,0.639440307867622,0.15882484775348876,0.1411566653187844,-0.03297412915709284,-0.02621125717451042,-0.10131901158275108,-0.16022673999172568,0.38410350140551514,-0.09378871332886068
grims,-0.3116119875617356,3,-0.20672871263494708,-0.2156833299914171,-0.0380367818371885,-0.36568353518920754,0.10174074336311623,0.09810052533010731,0.23640517817789194,-0.035894703585106144,-0.22437296206059007,0.639440307867622,0.15882484775348876,0.1411566653187844,-0.03297412915709284,-0.02621125717451042,-0.10131901158275108,-0.16022673999172568,0.38410350140551514,-0.09378871332886068
grims,0.025767013138658926,3,-0.14899027713657942,-0.19725281473820866,-0.09821606303806668,-0.26619854084439953,0.09909977403287128,-0.0920570194970463,-0.31217918996157556,0.32208116359089506,0.19733498299090851,-0.14393658892510455,-0.10831849328902768,0.2562707626126065,0.3716954053864335,-0.5145394179858727,-0.18769683744154647,-0.04173159528524668,0.2200953784813206,0.11623018181659736
grims,-0.14538089740015006,3,-0.14899027713657942,-0.19725281473820866,-0.09821606303806668,-0.26619854084439953,0.09909977403287128,-0.0920570194970463,-0.31217918996157556,0.32208116359089506,0.19733498299090851,-0.14393658892510455,-0.10831849328902768,0.2562707626126065,0.3716954053864335,-0.5145394179858727,-0.18769683744154647,-0.04173159528524668,0.2200953784813206,0.11623018181659736
grims,-0.1491303545943021,3,-0.10563395231686315,-0.022609837297898783,-0.08687472567234227,0.36178102772492843,-0.5663581949741955,0.012539960051310646,-0.21102351364543537,-0.24812939316804225,-0.4133504704529911,-0.07820012445683083,0.03352582936876221,0.09930878868724839,0.1345388771651913,0.05620093917221788,0.21569151916408702,-0.055735555081233394,-0.2938593254061467,-0.27870706733172973
grims,-0.20726291712566347,3,-0.10563395231686315,-0.022609837297898783,-0.08687472567234227,0.36178102772492843,-0.5663581949741955,0.012539960051310646,-0.21102351364543537,-0.24812939316804225,-0.4133504704529911,-0.07820012445683083,0.03352582936876221,0.09930878868724839,0.1345388771651913,0.05620093917221788,0.21569151916408702,-0.055735555081233394,-0.2938593254061467,-0.27870706733172973
grims,-0.11929079012182045,3,0.2960400738194452,0.22355319978035582,-0.24288133692264577,0.26458086354577914,0.17222919675570791,0.006622028565190928,-0.39567121721011855,0.21337935032024133,0.16378121732314146,-0.11835358597501773,-0.33915372420788803,0.04240907718890103,-0.21254523530084835,0.2135520600030621,0.25467271208421416,-0.12076512960593994,-0.21460887763916464,0.3572977527883074
grims,-0.17029914385729417,3,0.3545079361656097,0.37669943464037525,0.20744745971030293,0.18632876536746282,0.3630192983253658,-0.06707024960488937,0.29506429345978846,0.2156154617687205,0.34583987181268044,-0.007295222091985812,0.12626674931789758,0.09523902933972098,-0.26646345610937755,0.16214727096726697,0.3123615445517749,-0.07095086252098487,-0.1324588136787126,0.1507268996571963
grims,-0.18994681866363458,3,0.3545079361656097,0.37669943464037525,0.20744745971030293,0.18632876536746282,0.3630192983253658,-0.06707024960488937,0.29506429345978846,0.2156154617687205,0.34583987181268044,-0.007295222091985812,0.12626674931789758,0.09523902933972098,-0.26646345610937755,0.16214727096726697,0.3123615445517749,-0.07095086252098487,-0.1324588136787126,0.1507268996571963
grims,-0.20596787332965402,3,0.3545079361656097,0.37669943464037525,0.20744745971030293,0.18632876536746282,0.3630192983253658,-0.06707024960488937,0.29506429345978846,0.2156154617687205,0.34583987181268044,-0.007295222091985812,0.12626674931789758,0.09523902933972098,-0.26646345610937755,0.16214727096726697,0.3123615445517749,-0.07095086252098487,-0.1324588136787126,0.1507268996571963
grims,-0.20917701684970602,3,0.3545079361656097,0.37669943464037525,0.20744745971030293,0.18632876536746282,0.3630192983253658,-0.06707024960488937,0.29506429345978846,0.2156154617687205,0.34583987181268044,-0.007295222091985812,0.12626674931789758,0.09523902933972098,-0.26646345610937755,0.16214727096726697,0.3123615445517749,-0.07095086252098487,-0.1324588136787126,0.1507268996571963
aaa,-0.06823063387296587,2,0.6285271137501051,0.1709848461881992,-0.30704836656800427,-0.03666775459244447,0.12199959935057368,-0.10103227583841536,0.35446945187279694,0.04029813881137532,-0.3082647608190611,-0.06215973906502265,-0.00119183216564973,0.035480944558352004,0.3572506080650702,0.09761885629484678,-0.2763809306537226,0.058901054954812494,0.10276401283918424,0.002392360895252384
aaa,-0.06049373492931658,2,0.3019250054317273,-0.23874859059154419,0.006250875056042383,-0.6873262791042952,0.07427566749255099,0.07712357344232235,-0.027171415934728677,-0.27249963311624537,0.09844915574578376,-0.0727572184956871,-0.1283818099220822,-0.07982014680326269,0.14326127234218652,-0.21609111396662847,-0.04407734177246821,-0.06689957478658835,-0.38855872044925294,0.17455731949738448
aaa,-0.0666190891735852,2,0.19119428332342503,-0.28427416849050446,0.21331284775290563,0.10183991598097648,-0.15733572152584932,0.1651506284143392,-0.39308105907268154,-0.1100200108810804,-0.05309213160466535,-0.22624751345018887,0.28742174999102865,0.06353893760018464,0.030805815346689316,-0.3294934524903484,0.17297995547695144,-0.13132471684548214,-0.5306727044514377,0.1707657834169253
aaa,-0.33185255517924134,2,0.057847326641154655,-0.31770311412406627,0.24953070082079892,0.10292851591675917,-0.2048071291621874,0.1715601857062357,-0.13802714227390628,0.30725954293721763,-0.04744602383129473,-0.23324293661661308,0.2907892711360252,0.14595350560977755,-0.5727701932209266,-0.21868059395787973,0.14179142189841878,0.22824738044881285,-0.15862811075979835,0.04747762860857411
aaa,-0.2354792611459101,2,0.021608900789585418,-0.3117160032424646,0.19177345523620665,0.10720159531206397,-0.2522134137508497,0.16062424713671491,-0.05791626982873081,-0.007144087153556087,-0.027403242120899993,-0.1678417160373775,-0.11695556521629571,0.08164397581436265,-0.3937587881988619,0.18384849375531512,0.07264967358662833,0.708006091946354,-0.12484540112740633,-0.032101583315500934
aaa,-0.1420933838990857,2,0.017181926441243483,-0.22999577069287291,0.13261472542850475,0.09019705926980409,-0.25521064244366815,0.15153131323796482,-0.275821560194688,-0.3309615573114373,-0.08573090895860247,-0.17027424611911263,-0.2458073960916665,0.007942048059979489,-0.1475957575300714,0.39872466935679085,0.01581459343580704,0.59559688393759,-0.0887987042379241,-0.08314425318525191
aaa,-0.22901409765932582,2,0.017181926441243483,-0.22999577069287291,0.13261472542850475,0.09019705926980409,-0.25521064244366815,0.15153131323796482,-0.275821560194688,-0.3309615573114373,-0.08573090895860247,-0.17027424611911263,-0.2458073960916665,0.007942048059979489,-0.1475957575300714,0.39872466935679085,0.01581459343580704,0.59559688393759,-0.0887987042379241,-0.08314425318525191
aaa,-0.35353986388666375,2,0.018098594997611427,-0.331483766719724,0.17906730910747284,0.11582486912736092,-0.25849515267129797,0.2016782019834393,-0.4893607630202942,-0.35147778283154213,-0.18339982975592425,-0.23564028650437518,0.029560571140277707,0.03201282138548514,-0.09880669908779767,0.3711736042649816,0.005754416938926275,-0.3430155176805437,-0.08564945990663864,-0.1009174673272039
aaa,-0.08604502741731623,2,0.027503672140796832,-0.24477018622048174,0.09036335392198439,0.08040555142896082,-0.14080636663693236,0.14198673963787228,-0.2664531349325752,-0.3826410587137629,-0.14023565508676644,-0.15244050274998594,-0.7215519812971806,-0.018026509656182396,-0.2799225798339142,0.01685144505222179,0.06266604393683639,-0.04468406864832353,-0.13708365905977005,0.008932096036754062
aaa,0.0020564189971674467,2,-0.258892198426193,0.005894798029769888,-0.01461271589396059,0.05014967128596845,-0.2115327561917243,0.14084956234850204,-0.45834574263385813,-0.2045133332938412,-0.12292498396060661,-0.2031688929193502,0.26138355111572986,0.0367106627776349,-0.11436770774710425,0.43234104081671104,-0.05203578109573331,0.5236866762986863,-0.08082777571257564,-0.06462051765726723
aaa,-0.08249381828444034,2,-0.258892198426193,0.005894798029769888,-0.01461271589396059,0.05014967128596845,-0.2115327561917243,0.14084956234850204,-0.45834574263385813,-0.2045133332938412,-0.12292498396060661,-0.2031688929193502,0.26138355111572986,0.0367106627776349,-0.11436770774710425,0.43234104081671104,-0.05203578109573331,0.5236866762986863,-0.08082777571257564,-0.06462051765726723
aaa,0.02538047507645813,2,-0.14438376931627506,-0.20536914141310048,0.20627060283809118,0.06224676241665193,-0.04898997998275709,0.09833037065266552,-0.25704833671485794,0.2317899464680299,-0.04780735531769065,-0.1591372243273425,0.2650565564508151,0.09595347686455043,-0.4259313727855899,-0.5850633817187268,0.1361459776469805,-0.24960970945862795,-0.18142350287026981,0.11891657329570211
aaa,-0.06854906079538886,2,-0.14438376931627506,-0.20536914141310048,0.20627060283809118,0.06224676241665193,-0.04898997998275709,0.09833037065266552,-0.25704833671485794,0.2317899464680299,-0.04780735531769065,-0.1591372243273425,0.2650565564508151,0.09595347686455043,-0.4259313727855899,-0.5850633817187268,0.1361459776469805,-0.24960970945862795,-0.18142350287026981,0.11891657329570211
aaa,0.009115432304604326,2,-0.26541412377760604,0.05931750070017294,-0.02524143480331717,0.05244000405687002,-0.1893289669401212,0.13545607350217598,-0.3706980851774068,-0.13769415655877446,-0.10456284510917387,-0.23541409217044496,0.255020674078708,0.04689380902160273,-0.09428762596189462,0.49360374194582074,-0.018870918200904377,0.5474839445393528,-0.10521209661720662,-0.12162319904830757
aaa,-0.12133394108473312,2,-0.26541412377760604,0.05931750070017294,-0.02524143480331717,0.05244000405687002,-0.1893289669401212,0.13545607350217598,-0.3706980851774068,-0.13769415655877446,-0.10456284510917387,-0.23541409217044496,0.255020674078708,0.04689380902160273,-0.09428762596189462,0.49360374194582074,-0.018870918200904377,0.5474839445393528,-0.10521209661720662,-0.12162319904830757
aaa,-0.01605211827245273,2,-0.26541412377760604,0.05931750070017294,-0.02524143480331717,0.05244000405687002,-0.1893289669401212,0.13545607350217598,-0.3706980851774068,-0.13769415655877446,-0.10456284510917387,-0.23541409217044496,0.255020674078708,0.04689380902160273,-0.09428762596189462,0.49360374194582074,-0.018870918200904377,0.5474839445393528,-0.10521209661720662,-0.12162319904830757
aaa,-0.5704075750927058,2,-0.3300783160006848,0.02483109573140319,0.23782584626392947,0.05646452500181306,-0.0670496773142266,0.15800018961116324,-0.2389043532926947,0.5391724089597681,-0.1673623117730997,0.24011679026240057,0.2691856801354299,0.17181256110332224,-0.1855762613261672,-0.24444204581083004,0.12209248075686233,-0.1986892689841547,-0.3285687678188474,0.09623850795653198
aaa,0.017744888462605975,2,-0.24756948850697905,0.03151479157491932,0.1992767435422179,0.03659433898729375,-0.045722299714094645,-0.18548758120809433,-0.14192887665539874,0.3936713986347047,-0.08004079090980187,0.6135301273774848,0.20144767607315453,0.12515687137202652,-0.33917921961876,-0.2173790930895371,0.12036605769104125,-0.13738344915841905,-0.21132408311050546,0.07524106103291606
aaa,-0.11358576457353765,2,-0.24756948850697905,0.03151479157491932,0.1992767435422179,0.03659433898729375,-0.045722299714094645,-0.18548758120809433,-0.14192887665539874,0.3936713986347047,-0.08004079090980187,0.6135301273774848,0.20144767607315453,0.12515687137202652,-0.33917921961876,-0.2173790930895371,0.12036605769104125,-0.13738344915841905,-0.21132408311050546,0.07524106103291606
aaa,-0.11329201448259625,2,-0.36002362840601204,0.07607644059899288,0.08271317131779841,0.06300080043839501,-0.2073275715453848,0.13122394600402879,-0.3245653516896215,-0.2347618915123238,-0.04496025226331288,-0.18447970087521834,-0.2613309866986035,-0.0036380724407728297,-0.27787324784791056,0.38308840544961914,0.07935052272150833,0.5072729788267931,-0.18837885246969585,-0.07539222863400129
aaa,-0.2839975636828382,2,-0.3211053599744583,-0.03956735866528999,0.16609981547375272,0.06598074414935735,-0.1052186219359898,0.1469765524925947,-0.21068529403244093,0.5010691573887994,-0.008776452394955418,0.23909843611029793,0.2464616120996841,0.14170800155752813,-0.28940470442178523,-0.32773512232837965,0.1605970273093343,-0.20268830426663212,-0.35246613018355555,0.12210738420952269
aaa,-0.10764699808128703,2,-0.29451868955378907,-0.04327747838381102,0.21674541458042587,0.06167309018976937,-0.11989425697713237,0.14692497619987877,-0.1777145503946517,0.4707286001126347,-0.0025345343232418137,-0.14128605349692602,0.2434520721381992,0.1483562901023556,-0.49240231546362795,-0.3181136098223194,0.17166837417554998,-0.14833319200875014,-0.2633006507552332,0.07596852915204547
aaa,0.0044542959884089255,2,-0.41749793739050156,-0.01296073011222143,0.06166235775301284,0.08586923820520227,-0.1781257453016373,0.13458160636823344,-0.47107361653400115,-0.349167570764694,0.4339344309491043,-0.07794958464559873,0.17496992837434974,0.09070337757971851,-0.34079571192261787,0.19069632949078483,-0.012947962482020682,0.042843298751662075,-0.1599465990017185,-0.08586418478071785
aaa,-0.06930589222649951,2,-0.41749793739050156,-0.01296073011222143,0.06166235775301284,0.08586923820520227,-0.1781257453016373,0.13458160636823344,-0.47107361653400115,-0.349167570764694,0.4339344309491043,-0.07794958464559873,0.17496992837434974,0.09070337757971851,-0.34079571192261787,0.19069632949078483,-0.012947962482020682,0.042843298751662075,-0.1599465990017185,-0.08586418478071785
aaa,0.000675998145155143,2,-0.11919782977488894,-0.10985123354180615,0.1036509262989523,0.04732940292435753,-0.07673136782896109,0.018236626376378493,0.4278479310396112,0.24371446695196228,0.38892163755109554,0.4201752180057812,-0.17504648450184057,-0.1336938006833702,0.42471180392572283,0.14634277867258613,0.01186762107191412,0.30750900387036856,-0.11311975630777907,0.16264235498280893
aaa,0.002361778638291845,2,-0.11919782977488894,-0.10985123354180615,0.1036509262989523,0.04732940292435753,-0.07673136782896109,0.018236626376378493,0.4278479310396112,0.24371446695196228,0.38892163755109554,0.4201752180057812,-0.17504648450184057,-0.1336938006833702,0.42471180392572283,0.14634277867258613,0.01186762107191412,0.30750900387036856,-0.11311975630777907,0.16264235498280893
aaa,0.001046421057434846,2,-0.11919782977488894,-0.10985123354180615,0.1036509262989523,0.04732940292435753,-0.07673136782896109,0.018236626376378493,0.4278479310396112,0.24371446695196228,0.38892163755109554,0.4201752180057812,-0.17504648450184057,-0.1336938006833702,0.42471180392572283,0.14634277867258613,0.01186762107191412,0.30750900387036856,-0.11311975630777907,0.16264235498280893
aaa,0.0007607344704348826,2,-0.11919782977488894,-0.10985123354180615,0.1036509262989523,0.04732940292435753,-0.07673136782896109,0.018236626376378493,0.4278479310396112,0.24371446695196228,0.38892163755109554,0.4201752180057812,-0.17504648450184057,-0.1336938006833702,0.42471180392572283,0.14634277867258613,0.01186762107191412,0.30750900387036856,-0.11311975630777907,0.16264235498280893
aaa,0.005528838713945616,2,-0.11919782977488894,-0.10985123354180615,0.1036509262989523,0.04732940292435753,-0.07673136782896109,0.018236626376378493,0.4278479310396112,0.24371446695196228,0.38892163755109554,0.4201752180057812,-0.17504648450184057,-0.1336938006833702,0.42471180392572283,0.14634277867258613,0.01186762107191412,0.30750900387036856,-0.11311975630777907,0.16264235498280893
aaa,-0.05882806953764118,2,-0.11919782977488894,-0.10985123354180615,0.1036509262989523,0.04732940292435753,-0.07673136782896109,0.018236626376378493,0.4278479310396112,0.24371446695196228,0.38892163755109554,0.4201752180057812,-0.17504648450184057,-0.1336938006833702,0.42471180392572283,0.14634277867258613,0.01186762107191412,0.30750900387036856,-0.11311975630777907,0.16264235498280893
aaa,-0.0042783105469370395,2,-0.11919782977488894,-0.10985123354180615,0.1036509262989523,0.04732940292435753,-0.07673136782896109,0.018236626376378493,0.4278479310396112,0.24371446695196228,0.38892163755109554,0.4201752180057812,-0.17504648450184057,-0.1336938006833702,0.42471180392572283,0.14634277867258613,0.01186762107191412,0.30750900387036856,-0.11311975630777907,0.16264235498280893
aaa,-0.0014457619484723348,2,-0.11919782977488894,-0.10985123354180615,0.1036509262989523,0.04732940292435753,-0.07673136782896109,0.018236626376378493,0.4278479310396112,0.24371446695196228,0.38892163755109554,0.4201752180057812,-0.17504648450184057,-0.1336938006833702,0.42471180392572283,0.14634277867258613,0.01186762107191412,0.30750900387036856,-0.11311975630777907,0.16264235498280893
aaa,-0.0020466202564872133,2,-0.11919782977488894,-0.10985123354180615,0.1036509262989523,0.04732940292435753,-0.07673136782896109,0.018236626376378493,0.4278479310396112,0.24371446695196228,0.38892163755109554,0.4201752180057812,-0.17504648450184057,-0.1336938006833702,0.42471180392572283,0.14634277867258613,0.01186762107191412,0.30750900387036856,-0.11311975630777907,0.16264235498280893
aaa,-0.001083223794360368,2,-0.11919782977488894,-0.10985123354180615,0.1036509262989523,0.04732940292435753,-0.07673136782896109,0.018236626376378493,0.4278479310396112,0.24371446695196228,0.38892163755109554,0.4201752180057812,-0.17504648450184057,-0.1336938006833702,0.42471180392572283,0.14634277867258613,0.01186762107191412,0.30750900387036856,-0.11311975630777907,0.16264235498280893
aaa,-0.006225659680996504,2,-0.11919782977488894,-0.10985123354180615,0.1036509262989523,0.04732940292435753,-0.07673136782896109,0.018236626376378493,0.4278479310396112,0.24371446695196228,0.38892163755109554,0.4201752180057812,-0.17504648450184057,-0.1336938006833702,0.42471180392572283,0.14634277867258613,0.01186762107191412,0.30750900387036856,-0.11311975630777907,0.16264235498280893
aaa,-0.05403170877684836,2,0.18559532847814375,-0.08244277241258191,0.01113968582702055,0.05167679844901589,0.265064526576694,-0.26791238923430366,0.17552187152379842,-0.14875877902011134,-0.11448741372913099,-0.04199531128409791,-0.23421168721223834,-0.45002310742872326,0.1253348895529355,-0.12628225689750683,0.1627684952630034,-0.09852352202115422,0.36062428856831996,0.5392924552969035
aaa,-0.07918625488116451,2,0.11649056955314002,0.16953328493493292,-0.09136869659034921,0.010584406952291544,0.46083701017833995,-0.30774884496096366,0.2625020026552108,-0.20788548067398988,-0.29309595854936354,0.00978761946030964,-0.43455862214031354,-0.21631860971821107,0.14673091563809024,0.001684471312370081,-0.02468739948809054,-0.15259936745243458,0.2977481338343238,-0.27259054978093666
aaa,-0.164313631524496,2,-0.12234540902950475,0.38765091438817156,-0.4664814957206573,-0.024393012377585135,0.4511558073022094,0.09767206137369912,0.1468331986444489,-0.047910695975733386,-0.3149633469521969,-0.009615751221805816,0.1074092894582802,0.1418860461883518,0.01178183240916715,0.23729919594594923,-0.38653795943874103,-0.16569384417967434,0.11616679388422,-0.04299164213551315
aaa,0.01902501051993943,3,-0.1546505330784479,0.4068405333275198,-0.49363824302043635,0.012170634257116876,0.2594874733392201,0.10962893645826155,0.18518804783281406,-0.050908800596374246,-0.3629239482886232,-0.018970337110899703,0.0969674204639772,0.14806753716863524,0.01665160475345559,0.2792565154613554,-0.40747236157212463,-0.17037398096626005,0.1006594199879379,-0.06036079042060294
aaa,-0.1252318111167127,3,-0.1546505330784479,0.4068405333275198,-0.49363824302043635,0.012170634257116876,0.2594874733392201,0.10962893645826155,0.18518804783281406,-0.050908800596374246,-0.3629239482886232,-0.018970337110899703,0.0969674204639772,0.14806753716863524,0.01665160475345559,0.2792565154613554,-0.40747236157212463,-0.17037398096626005,0.1006594199879379,-0.06036079042060294
aaa,0.0033629820238329864,3,0.10076701482968788,-0.18255208184392457,0.009670616942726872,-0.7338942347408453,-0.14060171377960787,0.0811347053192393,0.0397754300986022,-0.1757248306652359,-0.024979088506894363,-0.007912070707652017,-0.23467440668759473,-0.17421003395315607,0.03065765475734911,-0.1452159165143323,0.087909120841235,-0.037586606067552084,0.30579932691093753,0.3849989303960358
aaa,-0.05552767260456648,3,0.10076701482968788,-0.18255208184392457,0.009670616942726872,-0.7338942347408453,-0.14060171377960787,0.0811347053192393,0.0397754300986022,-0.1757248306652359,-0.024979088506894363,-0.007912070707652017,-0.23467440668759473,-0.17421003395315607,0.03065765475734911,-0.1452159165143323,0.087909120841235,-0.037586606067552084,0.30579932691093753,0.3849989303960358
aaa,-0.024405886429126493,3,0.10076701482968788,-0.18255208184392457,0.009670616942726872,-0.7338942347408453,-0.14060171377960787,0.0811347053192393,0.0397754300986022,-0.1757248306652359,-0.024979088506894363,-0.007912070707652017,-0.23467440668759473,-0.17421003395315607,0.03065765475734911,-0.1452159165143323,0.087909120841235,-0.037586606067552084,0.30579932691093753,0.3849989303960358
aaa,-0.08190936188267789,3,0.10076701482968788,-0.18255208184392457,0.009670616942726872,-0.7338942347408453,-0.14060171377960787,0.0811347053192393,0.0397754300986022,-0.1757248306652359,-0.024979088506894363,-0.007912070707652017,-0.23467440668759473,-0.17421003395315607,0.03065765475734911,-0.1452159165143323,0.087909120841235,-0.037586606067552084,0.30579932691093753,0.3849989303960358
aaa,-0.2798991977432237,3,0.10076701482968788,-0.18255208184392457,0.009670616942726872,-0.7338942347408453,-0.14060171377960787,0.0811347053192393,0.0397754300986022,-0.1757248306652359,-0.024979088506894363,-0.007912070707652017,-0.23467440668759473,-0.17421003395315607,0.03065765475734911,-0.1452159165143323,0.087909120841235,-0.037586606067552084,0.30579932691093753,0.3849989303960358
aaa,-0.27831975859912655,3,0.10076701482968788,-0.18255208184392457,0.009670616942726872,-0.7338942347408453,-0.14060171377960787,0.0811347053192393,0.0397754300986022,-0.1757248306652359,-0.024979088506894363,-0.007912070707652017,-0.23467440668759473,-0.17421003395315607,0.03065765475734911,-0.1452159165143323,0.087909120841235,-0.037586606067552084,0.30579932691093753,0.3849989303960358
aaa,-0.5075533579686771,3,0.09457233004459403,-0.12550556131683144,0.10099537756892228,-0.6848874778154379,-0.14982828907474807,0.0841497500692982,0.009097526758461339,-0.12543052787602207,0.07547373092941173,-0.009350334346882063,-0.1368843635331922,-0.3117398063769761,0.018828233776923997,-0.15568878701513522,0.10523652632359888,-0.05439718704524747,0.3228569419895334,0.4314181162928353
aaa,0.0015107544329538624,3,0.06750759010491802,-0.10256340799010222,0.09419971368140408,-0.923955635793026,-0.11418294843892829,0.05749524263520309,0.006443971259411291,-0.07136468603534699,0.050584011652510634,0.004185932835729094,-0.07457404877733678,-0.09698237138056945,-0.0043958381290880805,-0.12643630699339192,0.11019443491671276,-0.04367255204349431,0.2082687750296245,0.09951579468499047
aaa,-0.0063481122876074955,3,0.06750759010491802,-0.10256340799010222,0.09419971368140408,-0.923955635793026,-0.11418294843892829,0.05749524263520309,0.006443971259411291,-0.07136468603534699,0.050584011652510634,0.004185932835729094,-0.07457404877733678,-0.09698237138056945,-0.0043958381290880805,-0.12643630699339192,0.11019443491671276,-0.04367255204349431,0.2082687750296245,0.09951579468499047
aaa,-0.006588522546953099,3,0.06750759010491802,-0.10256340799010222,0.09419971368140408,-0.923955635793026,-0.11418294843892829,0.05749524263520309,0.006443971259411291,-0.07136468603534699,0.050584011652510634,0.004185932835729094,-0.07457404877733678,-0.09698237138056945,-0.0043958381290880805,-0.12643630699339192,0.11019443491671276,-0.04367255204349431,0.2082687750296245,0.09951579468499047
aaa,-0.35281872430005107,3,0.06750759010491802,-0.10256340799010222,0.09419971368140408,-0.923955635793026,-0.11418294843892829,0.05749524263520309,0.006443971259411291,-0.07136468603534699,0.050584011652510634,0.004185932835729094,-0.07457404877733678,-0.09698237138056945,-0.0043958381290880805,-0.12643630699339192,0.11019443491671276,-0.04367255204349431,0.2082687750296245,0.09951579468499047
aaa,-0.44536432283005123,3,0.09750268978384208,-0.048765746080596764,0.22381288723342802,0.07449546263485711,-0.017274772479045127,-0.7011879564707041,0.07849679457065711,-0.09934507537265486,0.1485545100955732,0.020896332672115617,0.015832814267615142,0.3031677144304648,-0.015590978181152048,-0.23675437689129725,0.38119729627052656,-0.08096115819075858,0.2846157541517435,0.1436830437055563
aaa,0.019676664172564244,3,0.08526522000404675,-0.09780264853194398,0.2073478092958513,0.0800222269155525,-0.16228374521168215,-0.7169159196936314,-0.06148781787810336,-0.12445725746050953,0.09093488181286256,-0.054917203623763164,-0.16481356067976094,-0.2050332588547391,0.06114332591626085,-0.16533095161178027,0.3395875427312598,-0.09107928523431232,0.2314946608109162,-0.2922807906700529
aaa,-0.060946261301099154,3,0.08526522000404675,-0.09780264853194398,0.2073478092958513,0.0800222269155525,-0.16228374521168215,-0.7169159196936314,-0.06148781787810336,-0.12445725746050953,0.09093488181286256,-0.054917203623763164,-0.16481356067976094,-0.2050332588547391,0.06114332591626085,-0.16533095161178027,0.3395875427312598,-0.09107928523431232,0.2314946608109162,-0.2922807906700529
aaa,-0.10019690930012216,3,-0.22240470155096825,-0.04057452587060173,0.1311009761812989,0.047480024559382814,-0.13240566331290815,0.143469211904888,0.12091526133906044,0.602416595312322,0.2629900798825645,0.3718236370454699,0.1415377301357083,0.21406942483988206,-0.41397996966143175,-0.03369578870674675,0.1260618529409679,-0.13692464609154406,-0.1797998195454408,0.03239005696806322
aaa,-0.22718976962074525,3,-0.22240470155096825,-0.04057452587060173,0.1311009761812989,0.047480024559382814,-0.13240566331290815,0.143469211904888,0.12091526133906044,0.602416595312322,0.2629900798825645,0.3718236370454699,0.1415377301357083,0.21406942483988206,-0.41397996966143175,-0.03369578870674675,0.1260618529409679,-0.13692464609154406,-0.1797998195454408,0.03239005696806322
aaa,-0.11967450428284723,3,-0.23683063197275897,-0.0018884451998403273,-0.05741213307291615,0.0511053920422048,-0.2032322029157244,0.13759380708780472,-0.23916179816672417,-0.20929154705491806,-0.005335396826912269,-0.13515050565229425,-0.3786344507928795,-0.010821284167763753,-0.003620805416126221,0.53923004448511,-0.030594419822349277,0.5457506931983503,-0.08512338731738137,-0.13483255174631023
aaa,-0.17873364948414022,3,-0.24697397377697802,-0.053414303044387434,0.1122481318303063,0.09559126104472108,-0.1863214398035534,0.20831937358463434,-0.40323583631041776,0.5852269018387815,0.0020387574873702175,-0.2192462341315188,0.35789821786248294,0.13972372279204998,-0.08847545431530363,0.049491990845333726,0.1683359186913395,-0.20821178234249646,-0.22576033827955683,-0.05089191922639513
aaa,-0.24132217949881307,3,-0.24697397377697802,-0.053414303044387434,0.1122481318303063,0.09559126104472108,-0.1863214398035534,0.20831937358463434,-0.40323583631041776,0.5852269018387815,0.0020387574873702175,-0.2192462341315188,0.35789821786248294,0.13972372279204998,-0.08847545431530363,0.049491990845333726,0.1683359186913395,-0.20821178234249646,-0.22576033827955683,-0.05089191922639513
aaa,-0.1131535861652132,3,-0.18111923076507472,-0.059296193200400915,0.14598172238219764,0.05779379087738379,-0.08825991614818639,0.14422299269693495,-0.007179632453662224,0.637935607960572,0.09655728477163024,0.4669553846232863,0.18108849612471128,0.18318112458512345,-0.2974040757517839,-0.17930140952127965,0.10050068482183755,-0.1401314087528964,-0.22922020550157782,0.08263920815860301
aaa,-0.12884961062020095,3,-0.19168951069219908,0.00824061982192259,0.001471502460035371,0.0514023225754189,-0.25436295441122514,0.14661619071965662,-0.16959029385762164,-0.12954263098589297,-0.04075905363190503,-0.12207370018832973,-0.38830012605970415,0.015097661571700248,-0.021438508406922976,0.5512804896056116,0.05443308990644147,0.5669310159279668,-0.1025757029922985,-0.14822402571841548
aaa,-0.03886242855250866,3,-0.19168951069219908,0.00824061982192259,0.001471502460035371,0.0514023225754189,-0.25436295441122514,0.14661619071965662,-0.16959029385762164,-0.12954263098589297,-0.04075905363190503,-0.12207370018832973,-0.38830012605970415,0.015097661571700248,-0.021438508406922976,0.5512804896056116,0.05443308990644147,0.5669310159279668,-0.1025757029922985,-0.14822402571841548
aaa,-0.205825695571884,3,-0.19168951069219908,0.00824061982192259,0.001471502460035371,0.0514023225754189,-0.25436295441122514,0.14661619071965662,-0.16959029385762164,-0.12954263098589297,-0.04075905363190503,-0.12207370018832973,-0.38830012605970415,0.015097661571700248,-0.021438508406922976,0.5512804896056116,0.05443308990644147,0.5669310159279668,-0.1025757029922985,-0.14822402571841548
aaa,-0.13169471206470248,3,-0.14591180988965569,-0.10218939523508264,0.15907427533539797,0.07705936054721023,-0.12009569241828807,0.2240636299616845,-0.6111731984628918,0.28035647400529706,-0.0787315331054154,-0.2733100923706063,0.37590109645638087,0.1014568919702586,0.09086502171889224,0.22794757342747268,0.14974568157754242,-0.27047011065845766,-0.06062055995829557,-0.1682347696635534
aaa,-0.2173182614541577,3,-0.14591180988965569,-0.10218939523508264,0.15907427533539797,0.07705936054721023,-0.12009569241828807,0.2240636299616845,-0.6111731984628918,0.28035647400529706,-0.0787315331054154,-0.2733100923706063,0.37590109645638087,0.1014568919702586,0.09086502171889224,0.22794757342747268,0.14974568157754242,-0.27047011065845766,-0.06062055995829557,-0.1682347696635534
aaa,-0.12402852235879747,3,-0.10754974876324941,-0.05451140570524804,0.1721926609803884,0.04354574240034023,-0.049959550975015476,0.1403046696373354,0.0021685468424540457,0.6171996617799803,0.159641081745697,0.5397761002913642,0.1847962158661118,0.20189325329208324,-0.22278801713296376,-0.14827513803976677,0.12455514787325625,-0.17727973459269913,-0.19531793387970725,0.0482523545243106
aaa,-0.3012830129116582,3,-0.2806007953868529,-0.05462727461265692,0.08321180172776747,0.05620128305460412,-0.29339308747952547,0.1786592583525014,0.06292876055571807,0.4127651472190331,0.2785137221003054,-0.18166898971481046,0.17678361860290828,0.24352949247274644,-0.508193863549426,0.3019759474702917,0.16717513862378403,0.1137092417441847,-0.14598620954397695,-0.05558949317887353
aaa,-0.13497548339949675,3,-0.2122641811240524,-0.027518859756258895,0.03457116403633181,0.055253449901514644,-0.29111142833127446,0.16369451743127153,-0.07534405115540499,0.09556477145152219,0.09209986466010964,-0.11655002668469905,0.17737582559314957,0.1721831336192172,-0.007154341922716324,0.6018730637112847,0.07708624943183914,0.5850174545451384,-0.07655218496570734,-0.1551179651312659
aaa,-0.18233417939180602,3,-0.03887829642819836,-0.19955796709843132,0.16771740503494525,0.09166825051909214,-0.11114894791922393,0.006160478576531775,-0.6452255686880208,0.14254107762026788,-0.10853405892690556,-0.3306621629857388,0.3662538266183162,0.10959776031597859,0.21359163519571056,0.23902527351558148,0.09536313937880381,-0.26025452682278416,-0.019479893094376748,-0.16085938714186349
aaa,-0.21065419496724297,3,-0.03887829642819836,-0.19955796709843132,0.16771740503494525,0.09166825051909214,-0.11114894791922393,0.006160478576531775,-0.6452255686880208,0.14254107762026788,-0.10853405892690556,-0.3306621629857388,0.3662538266183162,0.10959776031597859,0.21359163519571056,0.23902527351558148,0.09536313937880381,-0.26025452682278416,-0.019479893094376748,-0.16085938714186349
aaa,-0.437585222349529,3,-0.010656827370662092,-0.1595024162536764,0.13905193039573532,0.06725647982877178,0.009177630651086907,-0.6738314806649756,-0.22664085580850962,0.4621235160877732,0.026809064947436338,0.3324049926215118,0.22665024202599085,0.13208562280838382,0.05064186445161962,-0.0787736640270304,0.06827160411862374,-0.1317261779638676,-0.14352186660542243,-0.010920678644934022
aaa,-0.11230003917669407,3,-0.05753622769043497,-0.0309847721107942,0.11388031867712055,0.04017694710122117,0.11483284153836675,0.11371980495502618,0.023586315140750855,0.6073668427849277,0.16531889384581222,0.5466885801317495,0.17402909854865153,0.2210390880381944,-0.23196719640812766,-0.1634574838834948,0.12569996644877462,-0.18319652548537138,-0.21756732378502078,0.054861432686535705
aaa,-0.13104269784271758,3,-0.23121720147056027,0.13923686585625494,0.04374084279578853,0.025488973347796744,-0.37321106815013416,0.1461798702841788,-0.022027104630979483,0.15803294427239573,0.20009477791961794,-0.0900981603483364,0.0636528556979122,0.19539721734591414,0.28754184677641487,0.5795958762140258,-0.14207783196755205,0.3960138010864417,0.0992351394739931,-0.20643252326176373
aaa,0.5706932680130311,3,0.06379722228220033,0.02679825493597618,-0.07945372348956213,-0.023241508604434677,0.17871754312521823,-0.06786300052190401,0.16564497168091802,0.14446563479035027,-0.1760264440395933,-0.0010574318699682662,-0.09804388365147515,-0.023325940245722307,0.08341582768670873,0.05422688681663474,0.14164396713978356,0.02359133219584824,0.8031913811672101,-0.4321191250395612
aaa,-0.12515396923168404,3,0.06379722228220033,0.02679825493597618,-0.07945372348956213,-0.023241508604434677,0.17871754312521823,-0.06786300052190401,0.16564497168091802,0.14446563479035027,-0.1760264440395933,-0.0010574318699682662,-0.09804388365147515,-0.023325940245722307,0.08341582768670873,0.05422688681663474,0.14164396713978356,0.02359133219584824,0.8031913811672101,-0.4321191250395612
aaa,-0.04875990877495725,3,0.06379722228220033,0.02679825493597618,-0.07945372348956213,-0.023241508604434677,0.17871754312521823,-0.06786300052190401,0.16564497168091802,0.14446563479035027,-0.1760264440395933,-0.0010574318699682662,-0.09804388365147515,-0.023325940245722307,0.08341582768670873,0.05422688681663474,0.14164396713978356,0.02359133219584824,0.8031913811672101,-0.4321191250395612
aaa,-0.3614877213415581,3,-0.09773639977766453,-0.08574893694145139,0.15210271171075138,0.050391546340257054,-0.29649176921624737,0.13424767863325515,-0.3857388178656667,-0.3698415733904749,0.3204853617205191,-0.026961068882528715,0.23986614314250498,-0.0060151613133146075,-0.26921967112087,-0.27084818245968634,-0.24602396072097507,-0.04004338687434954,-0.39016352502270385,0.21143939313251128
aaa,-0.09404876000734883,3,-0.17228093179954704,-0.040270885890115626,0.1257746071966402,0.047771688789091965,-0.13027208632242562,-0.04492385611552742,-0.3863852596721833,-0.29344532565148784,0.5597868279801332,-0.06705655228742438,0.2776693727475997,0.11497454870872884,-0.3345197084480488,-0.27080696823915823,-0.18879927555889664,-0.10286397210769478,0.1511391489122444,-0.18362215697751727
aaa,-0.1261848496523052,3,-0.16663907168916273,0.05018739286858431,0.04266293903427496,0.018845938589548007,0.03858179156871012,-0.5916324176745695,-0.19130146902433057,-0.08877758469022894,0.6023152857650625,-0.06753642939931953,0.2472241265221891,0.10812419888226214,-0.1911580934680249,-0.1105671106675483,-0.19814550758761607,-0.10760626251621039,0.07313070913041723,-0.1625771468212316
aaa,-0.14678460383062988,3,-0.16663907168916273,0.05018739286858431,0.04266293903427496,0.018845938589548007,0.03858179156871012,-0.5916324176745695,-0.19130146902433057,-0.08877758469022894,0.6023152857650625,-0.06753642939931953,0.2472241265221891,0.10812419888226214,-0.1911580934680249,-0.1105671106675483,-0.19814550758761607,-0.10760626251621039,0.07313070913041723,-0.1625771468212316
aaa,-0.2722509924614721,3,-0.16663907168916273,0.05018739286858431,0.04266293903427496,0.018845938589548007,0.03858179156871012,-0.5916324176745695,-0.19130146902433057,-0.08877758469022894,0.6023152857650625,-0.06753642939931953,0.2472241265221891,0.10812419888226214,-0.1911580934680249,-0.1105671106675483,-0.19814550758761607,-0.10760626251621039,0.07313070913041723,-0.1625771468212316
aaa,-0.2889455926488013,3,-0.16663907168916273,0.05018739286858431,0.04266293903427496,0.018845938589548007,0.03858179156871012,-0.5916324176745695,-0.19130146902433057,-0.08877758469022894,0.6023152857650625,-0.06753642939931953,0.2472241265221891,0.10812419888226214,-0.1911580934680249,-0.1105671106675483,-0.19814550758761607,-0.10760626251621039,0.07313070913041723,-0.1625771468212316
aaa,-0.12283188797287163,3,-0.18118803087933902,0.024440439358490496,0.024440311198284877,0.01379224134389044,-0.02684869664701026,0.09305189052695188,0.4091860531313615,0.33082528764615826,0.5040371560365636,0.3005581748168444,-0.1668823290283343,-0.03832256427091356,0.39682667145790973,0.2829856038019313,-0.09571056355212353,0.1994710238596626,0.13798636348835888,0.01670942905643125
aaa,-0.2857058302676058,3,-0.18118803087933902,0.024440439358490496,0.024440311198284877,0.01379224134389044,-0.02684869664701026,0.09305189052695188,0.4091860531313615,0.33082528764615826,0.5040371560365636,0.3005581748168444,-0.1668823290283343,-0.03832256427091356,0.39682667145790973,0.2829856038019313,-0.09571056355212353,0.1994710238596626,0.13798636348835888,0.01670942905643125
aaa,0.01516967322261459,3,-0.22648303444831963,0.03524826889798083,0.031666832480357045,0.013598375213377024,-0.052117766272762676,0.08415413751230628,0.37562050862488894,0.20157597583514544,0.344528546288907,0.4743335705040871,-0.24116763158244042,-0.15292293066613943,0.3942890663996247,0.11297631923547138,-0.01653657314547075,0.30422334421147657,-0.17157750813556863,0.19754064325896808
aaa,0.012831323437668522,3,-0.22648303444831963,0.03524826889798083,0.031666832480357045,0.013598375213377024,-0.052117766272762676,0.08415413751230628,0.37562050862488894,0.20157597583514544,0.344528546288907,0.4743335705040871,-0.24116763158244042,-0.15292293066613943,0.3942890663996247,0.11297631923547138,-0.01653657314547075,0.30422334421147657,-0.17157750813556863,0.19754064325896808
aaa,-0.08652132810174278,3,-0.22648303444831963,0.03524826889798083,0.031666832480357045,0.013598375213377024,-0.052117766272762676,0.08415413751230628,0.37562050862488894,0.20157597583514544,0.344528546288907,0.4743335705040871,-0.24116763158244042,-0.15292293066613943,0.3942890663996247,0.11297631923547138,-0.01653657314547075,0.30422334421147657,-0.17157750813556863,0.19754064325896808
aaa,-0.0010102362516459873,3,-0.22648303444831963,0.03524826889798083,0.031666832480357045,0.013598375213377024,-0.052117766272762676,0.08415413751230628,0.37562050862488894,0.20157597583514544,0.344528546288907,0.4743335705040871,-0.24116763158244042,-0.15292293066613943,0.3942890663996247,0.11297631923547138,-0.01653657314547075,0.30422334421147657,-0.17157750813556863,0.19754064325896808
aaa,-0.267775339555547,3,-0.22648303444831963,0.03524826889798083,0.031666832480357045,0.013598375213377024,-0.052117766272762676,0.08415413751230628,0.37562050862488894,0.20157597583514544,0.344528546288907,0.4743335705040871,-0.24116763158244042,-0.15292293066613943,0.3942890663996247,0.11297631923547138,-0.01653657314547075,0.30422334421147657,-0.17157750813556863,0.19754064325896808
aaa,-0.15232900360457005,3,-0.35360582344177205,0.09060086082890347,0.12462024131470739,0.014727522647388741,-0.1639516684351464,0.1091212852014133,-0.18595612057164806,-0.2792477832824803,0.10567745866969051,-0.03686123790809692,0.03537490117168637,0.5111689040973465,-0.21463469355873835,-0.2718660206155541,0.09265026837526925,-0.09680476302829275,0.4493287464320941,-0.2911330341853332
aaa,-0.28132693399320563,3,-0.35360582344177205,0.09060086082890347,0.12462024131470739,0.014727522647388741,-0.1639516684351464,0.1091212852014133,-0.18595612057164806,-0.2792477832824803,0.10567745866969051,-0.03686123790809692,0.03537490117168637,0.5111689040973465,-0.21463469355873835,-0.2718660206155541,0.09265026837526925,-0.09680476302829275,0.4493287464320941,-0.2911330341853332
aaa,-0.44428806388333514,3,-0.22236985593079725,0.07116105006459217,0.07893737374165305,0.008533070462000835,-0.0801673315548393,-0.676877063336471,-0.11568463433625743,-0.2008832407341232,0.055230161238387684,-0.022954698278947982,0.015998730673972446,0.3787351852527456,-0.16590591869693436,-0.18998926921189857,0.10438732312899289,-0.08837077245314409,0.40439207747723754,0.1665056000364161
aaa,0.0035764303826858715,3,-0.21125983785303018,0.04752605132261534,0.09065302431968036,0.023793430426291264,-0.055190475437511044,-0.5107832186336297,-0.07400586065061537,-0.19288503695785125,0.06424464353470005,-0.04103821262135361,0.03777208662975001,0.472209865482512,-0.1657884010939908,-0.22165500616976552,0.23923266520562259,-0.1003417336884945,0.30063823247085397,-0.4161469169050346
aaa,0.002903037070174283,3,-0.21125983785303018,0.04752605132261534,0.09065302431968036,0.023793430426291264,-0.055190475437511044,-0.5107832186336297,-0.07400586065061537,-0.19288503695785125,0.06424464353470005,-0.04103821262135361,0.03777208662975001,0.472209865482512,-0.1657884010939908,-0.22165500616976552,0.23923266520562259,-0.1003417336884945,0.30063823247085397,-0.4161469169050346
aaa,-0.10856338238704495,3,-0.21125983785303018,0.04752605132261534,0.09065302431968036,0.023793430426291264,-0.055190475437511044,-0.5107832186336297,-0.07400586065061537,-0.19288503695785125,0.06424464353470005,-0.04103821262135361,0.03777208662975001,0.472209865482512,-0.1657884010939908,-0.22165500616976552,0.23923266520562259,-0.1003417336884945,0.30063823247085397,-0.4161469169050346
aaa,-0.0011609941994847617,3,-0.21125983785303018,0.04752605132261534,0.09065302431968036,0.023793430426291264,-0.055190475437511044,-0.5107832186336297,-0.07400586065061537,-0.19288503695785125,0.06424464353470005,-0.04103821262135361,0.03777208662975001,0.472209865482512,-0.1657884010939908,-0.22165500616976552,0.23923266520562259,-0.1003417336884945,0.30063823247085397,-0.4161469169050346
aaa,-0.15096448691665684,3,-0.04013846539500642,-0.20748770090035273,0.09517706926777163,-0.1808513254476347,-0.06936099940110588,0.16216146520421323,0.12925803189452348,-0.15044778248056667,-0.18018598001452188,-0.044332096447520196,-0.01746489392012343,-0.7213579463955435,-0.08232454631137538,-0.18356821891255692,0.2148478372178324,-0.09292356191033027,0.2519897349597273,-0.3595274072518907
aaa,-0.22843582608192547,3,-0.04013846539500642,-0.20748770090035273,0.09517706926777163,-0.1808513254476347,-0.06936099940110588,0.16216146520421323,0.12925803189452348,-0.15044778248056667,-0.18018598001452188,-0.044332096447520196,-0.01746489392012343,-0.7213579463955435,-0.08232454631137538,-0.18356821891255692,0.2148478372178324,-0.09292356191033027,0.2519897349597273,-0.3595274072518907
aaa,-0.04968796318861661,3,0.002341693725080959,-0.20336504486174928,0.03458105262805913,-0.8396761531369189,-0.005592253635060684,0.08505225152598826,0.08298314446921484,-0.09364334741203201,-0.10606145542035561,-0.023485483204580382,-0.02873409633691444,-0.3656956137435322,-0.03308074076111294,-0.09596140133916822,0.1058868469837576,-0.051282580277369684,0.14430598306653666,-0.1952850366012942
aaa,-0.29050841194680177,3,0.002341693725080959,-0.20336504486174928,0.03458105262805913,-0.8396761531369189,-0.005592253635060684,0.08505225152598826,0.08298314446921484,-0.09364334741203201,-0.10606145542035561,-0.023485483204580382,-0.02873409633691444,-0.3656956137435322,-0.03308074076111294,-0.09596140133916822,0.1058868469837576,-0.051282580277369684,0.14430598306653666,-0.1952850366012942
aaa,-0.098923702001845,3,-0.08921013836385697,0.06200890957730987,-0.01523238841491684,0.03811055188054057,0.32022911153219236,-0.01462249481291435,0.22479662384395682,-0.27391466599122977,-0.2706617122630377,-0.015911145468617393,-0.16044396980749184,-0.6544464929672323,-0.05295747489675236,-0.13365817849826697,0.08274582717195629,-0.13924716516622085,0.28154394957466494,-0.32320688270904263
aaa,-0.09408290507285354,3,-0.09355925818840768,0.29032461040976465,-0.39715556290193726,-0.016593630730631068,0.4305474677854446,-0.21966798043161506,0.1442159862382566,-0.12466986401459455,-0.38389317640357085,-0.02020616585618171,-0.006190264093136946,-0.3616224692819043,-0.0018738108022349927,0.0992888207907759,-0.33922496814844627,-0.14812789959525735,0.19189846666242374,-0.1291928047545734
aaa,-0.13865777199392387,3,-0.038790570469322154,0.34132182102496567,-0.42008147678120883,-0.033636726044083846,0.4086167177130041,-0.3550189243841494,0.08501430585750377,-0.05657462101592401,-0.3091408018278836,-0.01784763443376023,0.02798108412011437,0.1946507700237938,0.08749598941206192,0.18611708268625765,-0.4179722188265496,-0.13084873814843487,0.17540334845307842,-0.03896915495601795
aaa,0.010291382065428187,4,-0.07089894147557659,0.37532243832383216,-0.47570157375488675,-0.03481264056656579,0.3483511757047011,-0.20053499300620625,0.10285408211164745,-0.05200511310662778,-0.3599165625982741,-0.02272138415754148,0.027145479072774596,0.13994894525385712,0.09414222877338577,0.20430926229275073,-0.44808248163592224,-0.13104757575541817,0.17366753773363602,-0.05158079564017386
aaa,0.020953079221770265,4,-0.07089894147557659,0.37532243832383216,-0.47570157375488675,-0.03481264056656579,0.3483511757047011,-0.20053499300620625,0.10285408211164745,-0.05200511310662778,-0.3599165625982741,-0.02272138415754148,0.027145479072774596,0.13994894525385712,0.09414222877338577,0.20430926229275073,-0.44808248163592224,-0.13104757575541817,0.17366753773363602,-0.05158079564017386
aaa,-0.10403467918301784,4,-0.07089894147557659,0.37532243832383216,-0.47570157375488675,-0.03481264056656579,0.3483511757047011,-0.20053499300620625,0.10285408211164745,-0.05200511310662778,-0.3599165625982741,-0.02272138415754148,0.027145479072774596,0.13994894525385712,0.09414222877338577,0.20430926229275073,-0.44808248163592224,-0.13104757575541817,0.17366753773363602,-0.05158079564017386
aaa,-0.0060362871105746965,4,-0.07089894147557659,0.37532243832383216,-0.47570157375488675,-0.03481264056656579,0.3483511757047011,-0.20053499300620625,0.10285408211164745,-0.05200511310662778,-0.3599165625982741,-0.02272138415754148,0.027145479072774596,0.13994894525385712,0.09414222877338577,0.20430926229275073,-0.44808248163592224,-0.13104757575541817,0.17366753773363602,-0.05158079564017386
aaa,-0.17635977455897925,4,0.04678284243637986,0.12471394760547883,0.21460192213940535,0.022130137781426668,-0.16458609754413767,0.22117683926940482,-0.08499458373416845,-0.32696345159118695,0.18580115963175325,0.003985370079148933,-0.048687471962721884,0.32545608528415854,-0.2464114237541789,-0.29968577925111806,0.39569953900130783,-0.13067092800052435,0.2581613051024757,-0.4603439949790002
aaa,-0.1751779713846581,4,0.13692477434968592,-0.024170584874720125,0.20242385292718873,0.044645353618838875,-0.2078324004362882,0.17771995035935495,-0.22796149504764307,-0.47957655334373345,0.06587006404601922,-0.13945150070202234,-0.5868419946070293,-0.12251551354938153,4.47260818020676e-05,-0.25705527376863846,0.2897374409324341,-0.08173451422928137,-0.09745090731277793,-0.1777030931384268
aaa,-0.08739707084106628,4,0.13692477434968592,-0.024170584874720125,0.20242385292718873,0.044645353618838875,-0.2078324004362882,0.17771995035935495,-0.22796149504764307,-0.47957655334373345,0.06587006404601922,-0.13945150070202234,-0.5868419946070293,-0.12251551354938153,4.47260818020676e-05,-0.25705527376863846,0.2897374409324341,-0.08173451422928137,-0.09745090731277793,-0.1777030931384268
aaa,-0.22372800779084714,4,0.13692477434968592,-0.024170584874720125,0.20242385292718873,0.044645353618838875,-0.2078324004362882,0.17771995035935495,-0.22796149504764307,-0.47957655334373345,0.06587006404601922,-0.13945150070202234,-0.5868419946070293,-0.12251551354938153,4.47260818020676e-05,-0.25705527376863846,0.2897374409324341,-0.08173451422928137,-0.09745090731277793,-0.1777030931384268
aaa,-0.16507444906243632,4,0.13528591863225867,-0.2393592774732366,0.15697585637764727,0.09183454757027001,-0.16540796907706692,0.17080131186112665,-0.11458917279865473,0.3416339846363819,0.1467005924621905,-0.012235581622516591,0.27912821225027,0.11452737748661393,-0.09261845432811872,-0.44201077028785823,0.273444820653468,-0.14190047595758307,-0.5200887535244936,0.1513302101255592
aaa,-0.20319432746003133,4,0.13528591863225867,-0.2393592774732366,0.15697585637764727,0.09183454757027001,-0.16540796907706692,0.17080131186112665,-0.11458917279865473,0.3416339846363819,0.1467005924621905,-0.012235581622516591,0.27912821225027,0.11452737748661393,-0.09261845432811872,-0.44201077028785823,0.273444820653468,-0.14190047595758307,-0.5200887535244936,0.1513302101255592
aaa,-0.10091961409577746,4,0.04177576321656994,-0.14480865223691441,0.1424382667667756,0.06518361321311529,-0.17024390130809355,0.1721172615001729,0.11503703242383405,0.44519048363776015,0.18606947630036644,0.3295153483153675,0.2230529027996069,0.2782034863347825,-0.32631714446004123,-0.24340156043008157,0.25004652088365475,-0.249752020317719,-0.3375218031836414,0.08838982447542451
aaa,-0.1011644014409651,4,0.11202895447350149,-0.1302954069853013,0.18156994113564667,0.0744137970466667,-0.22750165639366826,0.2368014713070684,0.14147936191071353,-0.05862868882219547,0.04292178277795159,-0.055172119560991446,0.3445508839010355,0.38019089540510637,-0.5324032183790817,-0.05839782965964298,0.22188528074338038,-0.30199356697184354,-0.324016726999148,0.01586487318947461
aaa,-0.2458120386112602,4,0.11202895447350149,-0.1302954069853013,0.18156994113564667,0.0744137970466667,-0.22750165639366826,0.2368014713070684,0.14147936191071353,-0.05862868882219547,0.04292178277795159,-0.055172119560991446,0.3445508839010355,0.38019089540510637,-0.5324032183790817,-0.05839782965964298,0.22188528074338038,-0.30199356697184354,-0.324016726999148,0.01586487318947461
aaa,-0.177847049721,4,0.059126037209010586,-0.0671852562851637,0.10061823697267966,0.05544461217533394,-0.23388935016139523,0.15710260709022777,0.0422000707596551,-0.2072977189093918,0.028992727629464664,-0.017930308819216537,-0.18081384681228976,0.1819785453748179,0.09166078963407219,0.555928782601923,-0.02282563136748391,0.6562583000434276,-0.10316072826143396,-0.1684783225067452
aaa,-0.09529877804634146,4,0.059126037209010586,-0.0671852562851637,0.10061823697267966,0.05544461217533394,-0.23388935016139523,0.15710260709022777,0.0422000707596551,-0.2072977189093918,0.028992727629464664,-0.017930308819216537,-0.18081384681228976,0.1819785453748179,0.09166078963407219,0.555928782601923,-0.02282563136748391,0.6562583000434276,-0.10316072826143396,-0.1684783225067452
aaa,-0.22243671071735507,4,0.059126037209010586,-0.0671852562851637,0.10061823697267966,0.05544461217533394,-0.23388935016139523,0.15710260709022777,0.0422000707596551,-0.2072977189093918,0.028992727629464664,-0.017930308819216537,-0.18081384681228976,0.1819785453748179,0.09166078963407219,0.555928782601923,-0.02282563136748391,0.6562583000434276,-0.10316072826143396,-0.1684783225067452
aaa,-0.07736246456095047,4,0.051057226287766225,-0.023988407772558507,0.11960736624440624,0.042027324692576765,-0.2582196680690719,0.16397386825925395,-0.2050231504525138,-0.23813080628092248,0.014746167563971626,-0.16815367165364947,-0.6412949088530424,-0.03128429856937666,0.15989662678886798,0.45971152095549106,-0.002947695174045638,-0.2454454708935548,0.10257312739035086,-0.20008472147811757
aaa,-0.30739692566128035,4,0.051057226287766225,-0.023988407772558507,0.11960736624440624,0.042027324692576765,-0.2582196680690719,0.16397386825925395,-0.2050231504525138,-0.23813080628092248,0.014746167563971626,-0.16815367165364947,-0.6412949088530424,-0.03128429856937666,0.15989662678886798,0.45971152095549106,-0.002947695174045638,-0.2454454708935548,0.10257312739035086,-0.20008472147811757
aaa,-0.17924400249457892,4,0.11043740950878134,-0.07448797550790531,0.18803712138979575,0.06719904542591543,-0.2433270654021122,0.14937157774783424,-0.5192541764735473,0.16516911086862368,0.03590429531283989,-0.4266869159333042,0.4636691047262249,0.08657389660081098,0.09502165731777289,-0.08901334790870315,0.15533570431800345,-0.22013763360717933,-0.24151307941135558,-0.10124251445659886
aaa,-0.1182347233791218,4,0.04538611456756321,-0.03620015051743497,0.1318086525149999,0.03233549375496469,-0.1321530704996735,0.14191371053225899,0.10621676733969221,0.5860198305950358,0.14837052073353538,0.5313270530759202,0.18418135758161897,0.2198106983140129,-0.15208466185355096,-0.1883782658333146,0.15816300354660992,-0.1666208029303902,-0.2899699512048408,0.062184289658028975
aaa,-0.40744745015850387,4,0.06406572612909418,-0.047154220254578966,0.14932617507656568,0.04976905591796776,-0.3546005271061158,0.206014156396327,0.12706897197135963,0.3888341684941466,0.2169224243438742,-0.2127105639009151,0.18451693984158174,0.3448455345388037,-0.36256757759991726,0.37296351187558513,0.2044751577716425,0.10578573388224924,-0.24068104434465115,-0.08138626328080166
aaa,0.17669764966787774,4,0.02542616753371424,-0.03652266502248003,-0.12135344157426947,-0.039680823755229744,0.32978934328339243,-0.16483668682418262,-0.047538592728900604,-0.07763340149561361,-0.08287820014573227,0.1000100345798043,-0.1633619555350882,-0.26747848770415494,-0.1935910982743628,-0.6207569388006172,-0.017274452470001443,-0.5001617613014543,-0.0409143544659563,0.21782063800484797
aaa,0.09980630107656586,4,0.02542616753371424,-0.03652266502248003,-0.12135344157426947,-0.039680823755229744,0.32978934328339243,-0.16483668682418262,-0.047538592728900604,-0.07763340149561361,-0.08287820014573227,0.1000100345798043,-0.1633619555350882,-0.26747848770415494,-0.1935910982743628,-0.6207569388006172,-0.017274452470001443,-0.5001617613014543,-0.0409143544659563,0.21782063800484797
aaa,0.21290019736575116,4,0.02542616753371424,-0.03652266502248003,-0.12135344157426947,-0.039680823755229744,0.32978934328339243,-0.16483668682418262,-0.047538592728900604,-0.07763340149561361,-0.08287820014573227,0.1000100345798043,-0.1633619555350882,-0.26747848770415494,-0.1935910982743628,-0.6207569388006172,-0.017274452470001443,-0.5001617613014543,-0.0409143544659563,0.21782063800484797
aaa,0.14051300727669255,4,-0.01424612128081282,-0.04663277195463711,-0.20264435750058585,-0.05329393922722199,0.2510567626882066,-0.2391862189768526,0.4774580699359771,0.031533363045701764,-0.061012724846823296,0.3483791821286883,-0.4160421120313646,-0.0850399462753106,-0.22002376390262796,-0.29837105203393005,-0.07653900406562598,0.2617003244868956,-0.12385815630206158,0.2682946966213379
aaa,0.14273489299757053,4,-0.011524200340307336,0.0533552208122724,-0.15114507556784565,-0.043884299408090126,0.13820218593785172,0.1839945115359491,-0.1484433387649689,-0.5961254224168382,-0.19355250240009378,-0.3268839025175012,-0.14637687175431668,-0.29282025535870165,0.19814633744391597,0.27475057129193803,-0.20423705861636696,0.18238828274006477,0.307111418453052,-0.07977404978157955
aaa,0.14451271761586487,4,-0.011524200340307336,0.0533552208122724,-0.15114507556784565,-0.043884299408090126,0.13820218593785172,0.1839945115359491,-0.1484433387649689,-0.5961254224168382,-0.19355250240009378,-0.3268839025175012,-0.14637687175431668,-0.29282025535870165,0.19814633744391597,0.27475057129193803,-0.20423705861636696,0.18238828274006477,0.307111418453052,-0.07977404978157955
aaa,0.18800722780765358,4,-0.011524200340307336,0.0533552208122724,-0.15114507556784565,-0.043884299408090126,0.13820218593785172,0.1839945115359491,-0.1484433387649689,-0.5961254224168382,-0.19355250240009378,-0.3268839025175012,-0.14637687175431668,-0.29282025535870165,0.19814633744391597,0.27475057129193803,-0.20423705861636696,0.18238828274006477,0.307111418453052,-0.07977404978157955
aaa,0.12108243699787806,4,-0.011524200340307336,0.0533552208122724,-0.15114507556784565,-0.043884299408090126,0.13820218593785172,0.1839945115359491,-0.1484433387649689,-0.5961254224168382,-0.19355250240009378,-0.3268839025175012,-0.14637687175431668,-0.29282025535870165,0.19814633744391597,0.27475057129193803,-0.20423705861636696,0.18238828274006477,0.307111418453052,-0.07977404978157955
aaa,0.20124149123553975,4,-0.011524200340307336,0.0533552208122724,-0.15114507556784565,-0.043884299408090126,0.13820218593785172,0.1839945115359491,-0.1484433387649689,-0.5961254224168382,-0.19355250240009378,-0.3268839025175012,-0.14637687175431668,-0.29282025535870165,0.19814633744391597,0.27475057129193803,-0.20423705861636696,0.18238828274006477,0.307111418453052,-0.07977404978157955
aaa,0.20668997686134857,4,-0.011524200340307336,0.0533552208122724,-0.15114507556784565,-0.043884299408090126,0.13820218593785172,0.1839945115359491,-0.1484433387649689,-0.5961254224168382,-0.19355250240009378,-0.3268839025175012,-0.14637687175431668,-0.29282025535870165,0.19814633744391597,0.27475057129193803,-0.20423705861636696,0.18238828274006477,0.307111418453052,-0.07977404978157955
aaa,0.21362859613049895,4,-0.011524200340307336,0.0533552208122724,-0.15114507556784565,-0.043884299408090126,0.13820218593785172,0.1839945115359491,-0.1484433387649689,-0.5961254224168382,-0.19355250240009378,-0.3268839025175012,-0.14637687175431668,-0.29282025535870165,0.19814633744391597,0.27475057129193803,-0.20423705861636696,0.18238828274006477,0.307111418453052,-0.07977404978157955
aaa,0.04995712866419618,4,0.07032842134390097,-0.0833786364617295,0.17007789930239622,0.055274754516432864,-0.21102711898869414,0.18860274405912508,0.1581275976110931,0.41371303463039083,0.040962652952879416,-0.18859101436156558,0.1273247128555878,0.4508128637167773,-0.45760374168897794,-0.04463296139272907,0.24477852346738807,-0.3255545625393729,-0.21374553897949555,-0.013520487940723504
aaa,-0.056861072395528574,4,0.07032842134390097,-0.0833786364617295,0.17007789930239622,0.055274754516432864,-0.21102711898869414,0.18860274405912508,0.1581275976110931,0.41371303463039083,0.040962652952879416,-0.18859101436156558,0.1273247128555878,0.4508128637167773,-0.45760374168897794,-0.04463296139272907,0.24477852346738807,-0.3255545625393729,-0.21374553897949555,-0.013520487940723504
aaa,-0.24747419010905086,4,0.07032842134390097,-0.0833786364617295,0.17007789930239622,0.055274754516432864,-0.21102711898869414,0.18860274405912508,0.1581275976110931,0.41371303463039083,0.040962652952879416,-0.18859101436156558,0.1273247128555878,0.4508128637167773,-0.45760374168897794,-0.04463296139272907,0.24477852346738807,-0.3255545625393729,-0.21374553897949555,-0.013520487940723504
aaa,-0.19520256258719335,4,0.07431474694967959,-0.0965504540852532,0.14051243026563462,0.054342374463461705,-0.25043093974059805,0.15893125506431152,0.06530821777867751,-0.02205369063903885,0.02956667865067112,-0.06021858995746612,-0.03862361213955978,-0.5702130033967879,0.07343963480368075,0.47460083797167885,0.11957582691468613,0.5020911525616253,-0.09427863986216958,-0.18076322248507237
aaa,-0.06874451887125205,4,0.07431474694967959,-0.0965504540852532,0.14051243026563462,0.054342374463461705,-0.25043093974059805,0.15893125506431152,0.06530821777867751,-0.02205369063903885,0.02956667865067112,-0.06021858995746612,-0.03862361213955978,-0.5702130033967879,0.07343963480368075,0.47460083797167885,0.11957582691468613,0.5020911525616253,-0.09427863986216958,-0.18076322248507237
aaa,-0.20512342350629947,4,0.07431474694967959,-0.0965504540852532,0.14051243026563462,0.054342374463461705,-0.25043093974059805,0.15893125506431152,0.06530821777867751,-0.02205369063903885,0.02956667865067112,-0.06021858995746612,-0.03862361213955978,-0.5702130033967879,0.07343963480368075,0.47460083797167885,0.11957582691468613,0.5020911525616253,-0.09427863986216958,-0.18076322248507237
aaa,-0.18955770396876423,4,0.14654029660126527,-0.11760206911443391,0.19216804054059544,0.05871860521052487,-0.28232690339857763,0.16571721724546767,-0.2704322899790679,-0.37054921442284366,0.01648572582749945,-0.19674212567841615,-0.5918380110803276,-0.027531408150531185,0.13926745598653542,0.2697652948477473,0.15244141558670835,-0.2090597918432546,0.071242789185244,-0.22915090187789539
aaa,-0.4722764278622527,4,0.14654029660126527,-0.11760206911443391,0.19216804054059544,0.05871860521052487,-0.28232690339857763,0.16571721724546767,-0.2704322899790679,-0.37054921442284366,0.01648572582749945,-0.19674212567841615,-0.5918380110803276,-0.027531408150531185,0.13926745598653542,0.2697652948477473,0.15244141558670835,-0.2090597918432546,0.071242789185244,-0.22915090187789539
aaa,-0.15876224185421967,4,0.2511896672782809,-0.2249037064133994,0.2527138464436085,0.09659933288162877,-0.28422337904284606,0.24107919119958596,-0.41824596436894834,-0.07963344806426938,0.05793231331586118,-0.3582956634084778,0.4390674913941521,0.09053511636558038,0.10687168444915275,0.03801628927279091,0.20354776538281777,-0.2483437530888833,-0.07242478164796284,-0.19754952517983276
aaa,-0.4973486299344706,4,0.18767755715612489,-0.1857902202461154,0.19261052154971822,0.07588260883122458,-0.17410540982674227,0.1782801186313711,0.0363541790818878,0.6392278672972416,0.10850670209740067,0.11076133673135341,0.2767770139148127,0.29144334024639035,-0.07448514061289103,-0.2616871623566007,0.19525114710361863,-0.1702625612078025,-0.2966710494929038,0.025119218415678008
aaa,-0.12551777184452687,4,0.15466912609683087,-0.13590295802294594,0.1730503146720454,0.05680277370869618,-0.18009234929606283,0.14631132958653395,0.13640705526576674,0.5093848088212648,0.12032565124292315,0.45961647358008934,0.19391265308000666,0.30951334854577006,-0.2182361045722774,-0.2286494068423631,0.194362249111614,-0.17791302394743344,-0.24554284690879938,0.06131958893787095
aaa,-0.16915003354451902,4,0.0648895767361725,-0.1254979741866028,0.1738284469687929,0.05525625220928702,-0.28876607556952516,0.1353785763291196,0.11271923470043865,0.1314844867195454,0.15526419392044885,-0.1148780844591949,0.15730324958602848,0.10147675860782623,0.397387279581778,0.511544940474724,-0.11899794757386822,0.4925762363236002,0.18694878068186238,-0.1771458314182962
aaa,-0.13228974225545553,4,0.0648895767361725,-0.1254979741866028,0.1738284469687929,0.05525625220928702,-0.28876607556952516,0.1353785763291196,0.11271923470043865,0.1314844867195454,0.15526419392044885,-0.1148780844591949,0.15730324958602848,0.10147675860782623,0.397387279581778,0.511544940474724,-0.11899794757386822,0.4925762363236002,0.18694878068186238,-0.1771458314182962
aaa,-0.22319077590103284,4,0.0648895767361725,-0.1254979741866028,0.1738284469687929,0.05525625220928702,-0.28876607556952516,0.1353785763291196,0.11271923470043865,0.1314844867195454,0.15526419392044885,-0.1148780844591949,0.15730324958602848,0.10147675860782623,0.397387279581778,0.511544940474724,-0.11899794757386822,0.4925762363236002,0.18694878068186238,-0.1771458314182962
aaa,-0.17615846858769563,4,0.09247197970753646,-0.12673319206668476,0.2480767946383347,0.05504702569965433,-0.3452836335440869,0.14979840700673386,-0.14091518535695197,-0.3242273372098985,0.5523023206426078,-0.0019388987696330531,-0.06886943167630573,-0.16509360472295392,-0.015544116442958458,-0.05487225960017008,-0.22830659756454896,-0.11316072647014964,0.414970090780164,-0.25836414436532185
aaa,0.1578318129384239,4,0.0066053605513969405,0.14320868256542024,-0.2080793483034695,-0.055705939893213784,0.24745317803490618,-0.1638726572597759,0.1794142088973797,0.22982397579763308,-0.6843132207814127,0.043113217264024256,-0.20720485063047175,-0.0998748274930445,0.1984091275548537,0.21234235200848056,0.10924152963921525,0.1156434875774529,-0.2623229679861432,0.2415026818963945
aaa,-0.29869538503839305,4,-0.11068781754329793,-0.06204672408652733,0.09685021238791099,0.030727521342975177,-0.08977685930818385,0.08957896619885106,0.31892418955805946,0.34675262011945085,0.6501851193986015,0.15049375289850034,-0.051507314487564876,0.1448060868595685,0.3262596871868578,0.27613397539874596,-0.1761218980654698,0.07300645646831053,0.17899759621480582,-0.12427689495174091
aaa,0.025807939528621815,4,-0.12729004526252727,-0.04646395887074506,0.08958793477058609,0.026120650377054074,-0.06815910132776187,0.11152076496773014,0.35100737585595476,0.3013142603438,0.34694623815880865,0.4386407260279001,-0.22615416855406284,-0.20346617471389125,0.3819793536937201,0.19962169792343504,-0.010445983518262656,0.29695910334682324,-0.2175590473903239,0.12307179365032936
aaa,-0.19159023313593881,4,-0.12729004526252727,-0.04646395887074506,0.08958793477058609,0.026120650377054074,-0.06815910132776187,0.11152076496773014,0.35100737585595476,0.3013142603438,0.34694623815880865,0.4386407260279001,-0.22615416855406284,-0.20346617471389125,0.3819793536937201,0.19962169792343504,-0.010445983518262656,0.29695910334682324,-0.2175590473903239,0.12307179365032936
aaa,-0.11437557268283423,4,-0.12729004526252727,-0.04646395887074506,0.08958793477058609,0.026120650377054074,-0.06815910132776187,0.11152076496773014,0.35100737585595476,0.3013142603438,0.34694623815880865,0.4386407260279001,-0.22615416855406284,-0.20346617471389125,0.3819793536937201,0.19962169792343504,-0.010445983518262656,0.29695910334682324,-0.2175590473903239,0.12307179365032936
aaa,-0.21716482203074403,4,-0.12729004526252727,-0.04646395887074506,0.08958793477058609,0.026120650377054074,-0.06815910132776187,0.11152076496773014,0.35100737585595476,0.3013142603438,0.34694623815880865,0.4386407260279001,-0.22615416855406284,-0.20346617471389125,0.3819793536937201,0.19962169792343504,-0.010445983518262656,0.29695910334682324,-0.2175590473903239,0.12307179365032936
aaa,-0.22599432369272046,4,-0.12729004526252727,-0.04646395887074506,0.08958793477058609,0.026120650377054074,-0.06815910132776187,0.11152076496773014,0.35100737585595476,0.3013142603438,0.34694623815880865,0.4386407260279001,-0.22615416855406284,-0.20346617471389125,0.3819793536937201,0.19962169792343504,-0.010445983518262656,0.29695910334682324,-0.2175590473903239,0.12307179365032936
aaa,-0.05521077492993032,4,-0.03711770825726355,0.0294346340041568,0.12062742571672248,0.015730128236969457,-0.013262634412857646,-0.6128289144059269,0.01291220104973351,-0.10819186194777523,0.04363595466918589,-0.0511353515269219,0.08951689133847458,0.32361274872522283,-0.0702986597866762,-0.1909132076804944,0.23191691909456158,-0.09578523193850952,0.26525513899886216,0.5508015692119265
aaa,-0.2669121627309091,4,-0.03711770825726355,0.0294346340041568,0.12062742571672248,0.015730128236969457,-0.013262634412857646,-0.6128289144059269,0.01291220104973351,-0.10819186194777523,0.04363595466918589,-0.0511353515269219,0.08951689133847458,0.32361274872522283,-0.0702986597866762,-0.1909132076804944,0.23191691909456158,-0.09578523193850952,0.26525513899886216,0.5508015692119265
aaa,-0.16902490292534195,4,-0.061803732619012536,0.038809952375649104,0.19413288041787177,0.0278600909831271,-0.02849618338230396,0.2090033408505991,0.08308380832567011,-0.24598555870569813,-0.03658587580957419,-0.053194741732153626,0.178555141345077,0.4704618947425707,-0.08828805508920676,-0.26971436044570996,0.36244306478825056,-0.15143395151146505,0.3636680115170307,-0.46885742705194905
aaa,-0.05651358947485445,4,-0.031259171177879935,0.049449728625831454,0.1113118803396135,0.01825783996897507,0.04790990987860587,0.1551365345505712,0.08500234894339596,-0.2079531562887634,-0.04951587864036525,-0.030882205699985104,0.1421060262972313,0.34423435044284145,-0.049940392666312804,-0.19682716158838431,0.24670995930654496,-0.11339574470523811,0.324095482750935,0.7381917690817626
aaa,-0.4443456898485028,4,-0.031259171177879935,0.049449728625831454,0.1113118803396135,0.01825783996897507,0.04790990987860587,0.1551365345505712,0.08500234894339596,-0.2079531562887634,-0.04951587864036525,-0.030882205699985104,0.1421060262972313,0.34423435044284145,-0.049940392666312804,-0.19682716158838431,0.24670995930654496,-0.11339574470523811,0.324095482750935,0.7381917690817626
aaa,-0.07301207819655675,4,-0.03170512224404143,0.08593206006608677,0.10969066453761049,0.02043779516650595,0.1043793664237117,0.2107750013983744,0.11973094020025145,-0.2715839625607517,-0.08358507812656657,-0.0451549433133139,0.18956302800843539,0.4746115789516404,-0.059392190715613066,-0.25487013199632524,0.3182812505001626,-0.15599187199146494,0.40090416734166656,-0.45900294956845916
aaa,-0.27510627717846786,4,-0.03170512224404143,0.08593206006608677,0.10969066453761049,0.02043779516650595,0.1043793664237117,0.2107750013983744,0.11973094020025145,-0.2715839625607517,-0.08358507812656657,-0.0451549433133139,0.18956302800843539,0.4746115789516404,-0.059392190715613066,-0.25487013199632524,0.3182812505001626,-0.15599187199146494,0.40090416734166656,-0.45900294956845916
aaa,-0.05382196271251014,4,-0.019518867868747194,0.08466331509392204,0.03565877940068811,0.00922175656922366,0.14284159352571,0.15482856713323867,0.08783862051961489,-0.18737498436335154,-0.08289527065508627,-0.03274437689601431,0.13736450041455692,0.34876241636418565,-0.039332478100757566,-0.1789741585282984,0.21298923218898946,-0.11508856946463678,0.343278380850378,0.7385236979604696
aaa,-0.4446134773141006,4,-0.019518867868747194,0.08466331509392204,0.03565877940068811,0.00922175656922366,0.14284159352571,0.15482856713323867,0.08783862051961489,-0.18737498436335154,-0.08289527065508627,-0.03274437689601431,0.13736450041455692,0.34876241636418565,-0.039332478100757566,-0.1789741585282984,0.21298923218898946,-0.11508856946463678,0.343278380850378,0.7385236979604696
aaa,-0.16121302391790682,4,-0.02890432332894799,0.11890213445902553,0.014293820871580001,0.013799355760762574,0.18132904109684805,0.2194124687383931,0.14449621270339047,-0.2697004309178236,-0.18004316335111809,-0.04216306373779194,0.15316062578790812,0.3505481392990649,-0.04504436711929878,-0.2224679477362299,0.2649270397220058,-0.16754221261029834,0.4072115988068147,-0.5602304153100015
aaa,0.14480747187621135,4,-0.01647788830397961,-0.17766407758185077,0.13535235367520385,-0.0012892853018255561,-0.5459615820387899,-0.16886456605272993,-0.1710503951150755,0.24473620493241294,0.30034151572300477,0.010503338045182055,-0.009198874438098,0.5798327553496344,-0.011338250877109051,0.05751378177832684,0.09208335127512011,0.16360694637715684,-0.2069781426338551,0.16115143729788275
aaa,0.23806391975618107,4,-0.01647788830397961,-0.17766407758185077,0.13535235367520385,-0.0012892853018255561,-0.5459615820387899,-0.16886456605272993,-0.1710503951150755,0.24473620493241294,0.30034151572300477,0.010503338045182055,-0.009198874438098,0.5798327553496344,-0.011338250877109051,0.05751378177832684,0.09208335127512011,0.16360694637715684,-0.2069781426338551,0.16115143729788275
aaa,0.07999430176326694,4,0.0782819982044592,-0.5350307003923254,0.47058971582877396,0.006995376549360497,-0.3960696729821024,-0.04613204063531189,-0.04621765052803248,-0.03958685090875674,0.2447395725639722,0.04958617067223316,-0.05599713366481817,-0.12076711042334025,-0.06583675628345548,-0.14562219923583308,0.4474590585148272,-0.0029547438193563477,-0.13169384339253912,0.014811801722934548
Pa0l0l0,-0.07661160594989161,1,0.1268624954793901,0.3318719533599477,0.0570075449243845,0.1817388745308188,-0.04602940446474959,-0.1586814303581427,0.46559594692724976,0.18361211112735584,0.06368494041564411,0.0481380429942947,-0.09946063008046324,-0.3555070714203991,-0.027451004220499575,0.17534998759509748,0.415916649835806,-0.14771695570573903,-0.3599405194767808,-0.24734690217189026
Pa0l0l0,-0.1080792294159281,2,0.09930880680271323,0.2733779827321443,0.08772939790587844,0.19352186183394987,-0.07062541031391623,-0.1639568243655067,0.36532481683179446,0.18475336609026247,0.07439405329248384,-0.11485174578444957,-0.18118216285075592,-0.5201871773852635,-0.0429241429171688,0.18450432284812857,0.38522355760733673,-0.15048921715495286,-0.3762255829736738,0.012960696378314497
Pa0l0l0,-0.0666600933807337,2,-0.13332699161469944,0.05403746731830106,0.3381977954369998,0.280974071893902,-0.15574224796033914,-0.16580393191800047,0.024034548305596704,-0.08607944080598069,0.015453187625831845,0.11833978889516072,-0.25374150511455573,0.21878610582253105,-0.1005046504821477,0.012525660748383198,0.25284896037616744,-0.12445205487821887,-0.3960136806302067,0.5943439451661929
Pa0l0l0,-0.0706705085568568,2,-0.14601421315754984,-0.2229450549227594,0.443934837585231,-0.42875468235066433,-0.09294944470708776,0.4418351765062649,-0.03652394482663522,0.10149999638358885,0.17853968328828496,0.004476211810156758,-0.21625015720581187,0.2537146655207356,-0.00883210768785821,-0.3167818925121505,0.08956125756490126,-0.19297279148807647,0.19134810054509968,0.08507738174614386
Pa0l0l0,-0.11703575046030583,2,-0.22547591310226486,-0.33609273508862136,0.4887343090760901,-0.36930546908313555,-0.13648517626810677,0.20871867678911366,-0.12289932285856141,-0.18900613044174483,0.0396834155933961,0.0010918896657096775,0.12941280440900868,-0.15484052174057222,-0.11430788102604791,-0.3984295129187061,0.12117863016024981,0.2790435798891297,0.16413656964865975,0.11972173052155786
Pa0l0l0,-0.5652379305916843,2,-0.21233217075686617,-0.2919470270609549,0.41531696690086944,-0.294370278055467,-0.12795081399209865,-0.16146381771797724,-0.1464919712949022,-0.5127545569135575,0.1017927919728172,0.3512457930936762,0.11286528617111434,-0.23321900833045303,-0.1518610226724244,0.006268990980496707,0.09041927946583923,-0.1851635032976684,0.12374532620424995,-0.04450423500298091
Pa0l0l0,-0.09786592775548085,2,-0.22253534323629498,-0.34301286871107417,0.4351381262242354,-0.341534082029717,-0.154585642002514,-0.15564600291138356,-0.1143332264265863,-0.5622880456331354,-0.024157373528013216,0.05064525256428002,0.08477053613158118,-0.1934940294833324,-0.16042527195931405,-0.059887855604625076,0.15750830286448195,-0.15556044641741906,0.14876580187870914,-0.035080400773419215
Pa0l0l0,-0.19992267527188012,2,-0.14356928224349452,-0.25155408571944826,0.4081863222114572,-0.25923393494453717,-0.08521082489205825,0.3506232528263624,-0.03876085404063803,-0.12237703739379115,0.034639547879979325,0.4980447038641703,0.11350647157357777,-0.07158989600057401,-0.07551001585284702,-0.3922049674142364,0.1503702282813739,0.23805219561812596,0.10723131488629946,0.13435638590088717
Pa0l0l0,-0.31889992608400414,2,-0.14356928224349452,-0.25155408571944826,0.4081863222114572,-0.25923393494453717,-0.08521082489205825,0.3506232528263624,-0.03876085404063803,-0.12237703739379115,0.034639547879979325,0.4980447038641703,0.11350647157357777,-0.07158989600057401,-0.07551001585284702,-0.3922049674142364,0.1503702282813739,0.23805219561812596,0.10723131488629946,0.13435638590088717
Pa0l0l0,-0.20211023128328928,2,-0.14356928224349452,-0.25155408571944826,0.4081863222114572,-0.25923393494453717,-0.08521082489205825,0.3506232528263624,-0.03876085404063803,-0.12237703739379115,0.034639547879979325,0.4980447038641703,0.11350647157357777,-0.07158989600057401,-0.07551001585284702,-0.3922049674142364,0.1503702282813739,0.23805219561812596,0.10723131488629946,0.13435638590088717
Pa0l0l0,-0.08210601334385409,2,-0.17140638196652935,-0.319478484011965,0.4816425812836973,-0.33586487322515196,-0.04818410776379642,0.36967493911365557,-0.08322550394273183,-0.19423764091656245,0.051097611526885446,-0.17562614612048655,0.14849198865940677,-0.11113971995346386,-0.06072706094071101,-0.46060107470273337,0.06558991629228246,0.10508530700518322,0.17467805744171566,0.10284270065536055
Pa0l0l0,-0.1346106635605922,2,-0.108514636950269,-0.2749294671143029,0.2834704702253691,-0.27483647328311633,0.5182749907171316,-0.05809250692667478,-0.1224118863489735,-0.5095212513185363,-0.025278684915328916,0.02705671181408513,0.20376649843636893,-0.14890538389201707,-0.08227563180505011,0.19325562035028576,0.24403349688653514,-0.14580288414418255,0.1211590409923952,-0.0741313245861989
Pa0l0l0,0.045239856758232035,2,-0.1127777311461537,-0.2567938381168774,0.31754991533459404,-0.34225604769573786,-0.053628238777461916,0.3543317282612517,-0.08618887675043455,-0.4599532941380932,-0.09273490169807398,0.050392207422218144,0.23243238402674776,-0.14521246399158164,0.04349484843253931,-0.4709844106142619,0.018440738701224806,-0.06663212540590617,0.056938954544307925,0.19482753508517245
Pa0l0l0,-0.1032273255271261,2,-0.1127777311461537,-0.2567938381168774,0.31754991533459404,-0.34225604769573786,-0.053628238777461916,0.3543317282612517,-0.08618887675043455,-0.4599532941380932,-0.09273490169807398,0.050392207422218144,0.23243238402674776,-0.14521246399158164,0.04349484843253931,-0.4709844106142619,0.018440738701224806,-0.06663212540590617,0.056938954544307925,0.19482753508517245
Pa0l0l0,-0.0661947216790168,2,-0.05808569617649249,0.08218580551155774,0.035905136284968414,0.14072130984603556,-0.03163398945916059,-0.10786020329716543,-0.30748755662332933,0.2108778430278734,0.45500807793457043,0.48358925122215135,-0.0846763342036314,-0.10530013104617426,-0.059241386331804036,0.1796467696945356,0.5049141307247296,0.23251657079571406,0.112345161855227,0.023916443059152404
Pa0l0l0,0.004459959352422418,2,-0.4126438826488395,0.1039816344336052,0.10078086161467957,0.13782316166889366,0.3854009859195444,0.17178174067695443,-0.36955577546324575,0.05408531637455347,0.3427432998141088,-0.01631955591958539,0.3609273917478148,0.06688676562265934,-0.4374011094233346,0.0971537951922504,0.00652772109632651,-0.07861493530500593,0.11242710495181911,0.010870983334337466
Pa0l0l0,0.010204767112585765,2,-0.4126438826488395,0.1039816344336052,0.10078086161467957,0.13782316166889366,0.3854009859195444,0.17178174067695443,-0.36955577546324575,0.05408531637455347,0.3427432998141088,-0.01631955591958539,0.3609273917478148,0.06688676562265934,-0.4374011094233346,0.0971537951922504,0.00652772109632651,-0.07861493530500593,0.11242710495181911,0.010870983334337466
Pa0l0l0,-0.054769464392018595,2,-0.4126438826488395,0.1039816344336052,0.10078086161467957,0.13782316166889366,0.3854009859195444,0.17178174067695443,-0.36955577546324575,0.05408531637455347,0.3427432998141088,-0.01631955591958539,0.3609273917478148,0.06688676562265934,-0.4374011094233346,0.0971537951922504,0.00652772109632651,-0.07861493530500593,0.11242710495181911,0.010870983334337466
Pa0l0l0,-0.000772061565840911,2,-0.4126438826488395,0.1039816344336052,0.10078086161467957,0.13782316166889366,0.3854009859195444,0.17178174067695443,-0.36955577546324575,0.05408531637455347,0.3427432998141088,-0.01631955591958539,0.3609273917478148,0.06688676562265934,-0.4374011094233346,0.0971537951922504,0.00652772109632651,-0.07861493530500593,0.11242710495181911,0.010870983334337466
Pa0l0l0,-0.07254666644189386,3,0.3323482779429455,0.27870555132689356,-0.41257839008370206,0.19203568453703643,-0.10257754017906352,-0.1926623557671131,0.17506719355169229,0.10194308213946902,-0.15261127591014814,-0.06326873687294243,-0.24766615226260275,0.19916376553007728,0.22192232498681505,0.22878975977038196,-0.3291129033073914,-0.17276256219045621,-0.30793496295317174,-0.23067092007388376
Pa0l0l0,-0.18746742025064675,3,0.008908344002530358,-0.22238911001141437,-0.11202751763362848,-0.3657631049924854,0.49927386675334734,-0.16730788141096337,0.09853520608941921,-0.3918657826963149,-0.3975800530791955,-0.11930399407796706,0.0860699212688389,-0.19059791361765038,-0.010197023171522752,0.08008078190236956,-0.1296054816803451,-0.11062410960068435,0.19802888208491495,-0.2697963131552932
Pa0l0l0,-0.10722615816987606,3,0.008908344002530358,-0.22238911001141437,-0.11202751763362848,-0.3657631049924854,0.49927386675334734,-0.16730788141096337,0.09853520608941921,-0.3918657826963149,-0.3975800530791955,-0.11930399407796706,0.0860699212688389,-0.19059791361765038,-0.010197023171522752,0.08008078190236956,-0.1296054816803451,-0.11062410960068435,0.19802888208491495,-0.2697963131552932
Pa0l0l0,-0.20102000497986205,3,0.008908344002530358,-0.22238911001141437,-0.11202751763362848,-0.3657631049924854,0.49927386675334734,-0.16730788141096337,0.09853520608941921,-0.3918657826963149,-0.3975800530791955,-0.11930399407796706,0.0860699212688389,-0.19059791361765038,-0.010197023171522752,0.08008078190236956,-0.1296054816803451,-0.11062410960068435,0.19802888208491495,-0.2697963131552932
Pa0l0l0,-0.10003707975450517,3,0.017527625782520893,-0.35524094632579806,0.01162711374654548,-0.36477279626988496,-0.12683987528896265,0.35938243107607065,0.18155093078464143,-0.32037090580119365,-0.34091270019322584,-0.1830044435537724,0.09468092826284062,-0.17688074900237444,0.041189589754477215,-0.4025669678619641,-0.250388857040596,0.07618711235441333,0.13959824458642298,0.13324069028301888
Pa0l0l0,-0.13923247733715766,3,0.012182934576402456,-0.4384515329724028,0.0024175916033465344,-0.37413043057223605,-0.1585774350304473,-0.22324700350903512,0.21488240169197562,-0.26117239731603614,-0.3451783478841041,-0.19994420139415908,0.08997875968910819,-0.14065864661266347,0.01101408976007038,-0.27605260370763046,-0.21142746533610854,0.3429949085030898,0.1752992442870777,0.14782032060326084
Pa0l0l0,-0.146898113034954,3,-0.06458756394350401,-0.4128860545358146,-0.013117967398050255,-0.36177061411264144,-0.16134278841399902,-0.20908712756804473,0.057877218535234067,-0.2208831558981582,-0.23796905228725193,-0.1549552472730653,0.0755343137120699,-0.16584938004989613,-0.04668516067641899,-0.4083534675009307,-0.36443895648075664,0.33895059515933446,0.1850889498520351,0.08758051208801516
Pa0l0l0,-0.11962024299282745,3,-0.027009582337059183,-0.40805025310123477,-0.05967393438556801,-0.360044781247804,-0.03732722994268107,-0.03104554399515364,-0.054561746178001004,-0.5687102035704231,-0.4579711945276678,-0.036316732043716646,0.124858154099428,-0.20201670090500756,0.005051757407564926,0.026812623901013008,-0.1574022857730922,-0.18346975190057205,0.18235784714513775,-0.10447270331523617
Pa0l0l0,0.13677900369307303,3,0.015857749591106588,0.3640107796828771,0.08936474763667793,0.4404756907268521,0.09784253656382286,-0.3636273441366311,0.03555532529926086,0.09570498548778275,0.36508008760051813,-0.025332832149566643,-0.16668686442113273,0.1270989437075775,-0.12576744935725054,0.5110584763161102,0.16705106697843783,0.08594073801335951,-0.06366285053283775,-0.13715406859857757
Pa0l0l0,0.20380076280873075,3,0.015857749591106588,0.3640107796828771,0.08936474763667793,0.4404756907268521,0.09784253656382286,-0.3636273441366311,0.03555532529926086,0.09570498548778275,0.36508008760051813,-0.025332832149566643,-0.16668686442113273,0.1270989437075775,-0.12576744935725054,0.5110584763161102,0.16705106697843783,0.08594073801335951,-0.06366285053283775,-0.13715406859857757
Pa0l0l0,-0.037039997311536114,3,0.015857749591106588,0.3640107796828771,0.08936474763667793,0.4404756907268521,0.09784253656382286,-0.3636273441366311,0.03555532529926086,0.09570498548778275,0.36508008760051813,-0.025332832149566643,-0.16668686442113273,0.1270989437075775,-0.12576744935725054,0.5110584763161102,0.16705106697843783,0.08594073801335951,-0.06366285053283775,-0.13715406859857757
Pa0l0l0,-0.15345540174022812,3,0.14131180778134875,0.12762775040853302,-0.4251951377481773,0.2317884199137874,-0.12560480083952497,-0.18011176432362125,-0.2660247867907331,0.3042796307271446,0.18775962326697496,0.16213213008167499,-0.19379630408389806,0.16713854475378387,0.08021287350716733,0.3002627148466686,0.44154611539583916,0.15690982603110143,-0.17091868697833015,-0.21267766359210058
Pa0l0l0,-0.2601610488163727,3,0.14131180778134875,0.12762775040853302,-0.4251951377481773,0.2317884199137874,-0.12560480083952497,-0.18011176432362125,-0.2660247867907331,0.3042796307271446,0.18775962326697496,0.16213213008167499,-0.19379630408389806,0.16713854475378387,0.08021287350716733,0.3002627148466686,0.44154611539583916,0.15690982603110143,-0.17091868697833015,-0.21267766359210058
Pa0l0l0,0.011715530218142678,3,0.09306288277592828,0.06363025399534594,-0.2601306935841108,0.13348104110259432,-0.07223232700628679,-0.10234820598701311,-0.17634073998200217,0.18448520991845413,0.3070030367517233,0.6335587696072557,-0.06666429883331954,-0.12536787605941183,0.027382914759819185,0.1673840157769661,0.38238386899620286,0.2816887700497521,0.13135882727645962,0.18326111984786092
Pa0l0l0,-0.1716652032078675,3,0.09306288277592828,0.06363025399534594,-0.2601306935841108,0.13348104110259432,-0.07223232700628679,-0.10234820598701311,-0.17634073998200217,0.18448520991845413,0.3070030367517233,0.6335587696072557,-0.06666429883331954,-0.12536787605941183,0.027382914759819185,0.1673840157769661,0.38238386899620286,0.2816887700497521,0.13135882727645962,0.18326111984786092
Pa0l0l0,-0.153413291674071,3,0.20093967328794288,0.04172035523854978,-0.39012553495854924,0.34755220255140684,-0.15333610844512174,-0.2581619888116661,0.1449048675611103,0.2592316718309938,-0.1491897566380819,-0.07735153582746261,-0.23829980412673404,0.2971645184595845,0.22858284850419938,0.1325238982497768,-0.32051921684155676,-0.167084878580351,-0.21139146281134408,-0.29673349849380426
Pa0l0l0,-0.14158903756401306,3,0.23049483767392023,0.2059918183760323,-0.3634848563155651,0.31462888569780506,-0.1290036409534723,-0.2502211508332111,0.09676036925346869,0.26234004432446745,-0.09770043104243627,-0.07925227381250298,-0.24999240353260044,0.28294894327533104,0.21449766739351075,0.09298172484229669,-0.4422728677656729,-0.14639932095331085,-0.25963970483987414,-0.13565106512803937
Pa0l0l0,-0.11677740111603055,3,0.28636619712025607,0.33888522526288056,-0.4215537978326441,0.2791706293004893,-0.0984822873716443,-0.23043242864157837,0.12482509910164596,0.2708110471217598,-0.10913275786329177,-0.09369651083951319,-0.21661380914528658,0.25693267438446704,0.25263897098428034,0.0953292787463094,-0.30258437947341776,-0.02558393704545258,-0.1696806143639763,0.261241562304527
Pa0l0l0,-0.14121726470928253,3,0.3367808544843163,0.31772607146113374,-0.33213700627574744,0.1754654004246939,-0.0686683411059533,-0.15285618553292663,0.06331760940299319,0.1869508045819409,-0.013914975562530005,-0.09045300982466087,-0.16379897060541657,0.1580665525658944,0.36786661586669717,0.20230320498050977,-0.3061018222794711,0.45381981562214835,0.20121851768257956,-0.030050568922924556
Pa0l0l0,-0.06453657252785407,4,0.35170697866477235,0.34469695242092213,-0.335077890215796,0.17953499647040286,-0.06379251696491578,-0.14314284986020506,0.03586202883644971,0.21812937517502617,0.006867214855690905,-0.1133020108290911,-0.17230129452857804,0.16249475585717016,0.35994760378869917,0.19906098541812192,-0.2677717263831722,0.4359610504884826,0.198445818833801,-0.015540820376561392
Pa0l0l0,-0.06829075370347609,5,0.3849342758386616,0.33756722000821404,-0.41738232731429414,0.21440798163022115,-0.10010087069091553,-0.18168560618160365,0.04959100118764923,0.1852105505522924,-0.036926504187644316,-0.09985785239243686,-0.19636755097022143,0.15632441227121774,0.30614261594983705,0.24779176259575564,-0.29287832638118555,0.24002882308116244,0.22866559989644797,-0.11299055923255931
Pa0l0l0,-0.189862001839106,5,0.04387537573985516,-0.08606448824608837,-0.2280222511996492,0.16648590655970227,-0.24819696110486283,-0.05726528868211063,0.12827381111099528,-0.21692723282832457,-0.5012379573392802,0.13439124280702852,0.4718723902414729,-0.33824141473764396,0.09423295699846085,-0.16272870262569344,-0.2987350158947426,-0.08131856038374169,0.21136173055579455,-0.017396208916578712
Pa0l0l0,-0.25103363569199044,5,0.04387537573985516,-0.08606448824608837,-0.2280222511996492,0.16648590655970227,-0.24819696110486283,-0.05726528868211063,0.12827381111099528,-0.21692723282832457,-0.5012379573392802,0.13439124280702852,0.4718723902414729,-0.33824141473764396,0.09423295699846085,-0.16272870262569344,-0.2987350158947426,-0.08131856038374169,0.21136173055579455,-0.017396208916578712
Pa0l0l0,0.007435049601232266,5,0.13533270334987232,-0.3240160205553996,0.026374880964900482,-0.38859566274138546,-0.08848252160021089,0.48371036819839136,0.018107196031968784,0.21132999743946118,-0.15127594170075367,0.015874672253387376,-0.12436367395198308,0.12614424945337815,0.14281598669888007,-0.47283842291271994,-0.2776910844253835,-0.11738092744301847,0.12387529109009096,0.18297524362199943
Pa0l0l0,-0.084889905771957,5,0.13533270334987232,-0.3240160205553996,0.026374880964900482,-0.38859566274138546,-0.08848252160021089,0.48371036819839136,0.018107196031968784,0.21132999743946118,-0.15127594170075367,0.015874672253387376,-0.12436367395198308,0.12614424945337815,0.14281598669888007,-0.47283842291271994,-0.2776910844253835,-0.11738092744301847,0.12387529109009096,0.18297524362199943
Pa0l0l0,-0.001486039037746044,5,0.13533270334987232,-0.3240160205553996,0.026374880964900482,-0.38859566274138546,-0.08848252160021089,0.48371036819839136,0.018107196031968784,0.21132999743946118,-0.15127594170075367,0.015874672253387376,-0.12436367395198308,0.12614424945337815,0.14281598669888007,-0.47283842291271994,-0.2776910844253835,-0.11738092744301847,0.12387529109009096,0.18297524362199943
Pa0l0l0,-0.17398158134108138,5,0.07469167985553324,-0.42599976913955273,0.029186130335685467,-0.3984702036644582,-0.17256804864842384,0.11813968917590127,0.2927098582494518,-0.3566719424308199,-0.4304040084524653,-0.22226819669243036,0.10891412386011293,-0.15297838985318485,0.04898501239285674,-0.12663668868591457,-0.14917944888640416,-0.2127201244952497,0.1971961463062789,-0.044066601064405145
Pa0l0l0,-0.15539361397529705,5,0.02756099941423923,-0.39402406739103724,0.02686182035766157,-0.35646455795636856,-0.14019254835531608,0.24587066782125266,0.17267269660301413,-0.28205977685604017,-0.2703323544659925,-0.19208381046505443,0.10800814822321543,-0.14084254038388713,0.06739882993577963,-0.35737666929893175,-0.3498274546612406,0.2910140533733936,0.17850996560521956,0.11850695694486908
Pa0l0l0,-0.19713583096240872,5,0.02025523822085403,-0.33295908667284346,-0.013371878803564658,-0.2897259278488999,-0.1395240753088751,-0.16272367083606756,0.17863665451473162,-0.5537993057930695,-0.32362447076699824,0.1879113936145931,0.03382923614295006,-0.17669666323702307,0.03937543908929574,0.16987080976115262,-0.19661300509779683,0.4017696270880304,0.12275085317185043,-0.0458033983929252
Pa0l0l0,-0.1930101799804659,5,0.02025523822085403,-0.33295908667284346,-0.013371878803564658,-0.2897259278488999,-0.1395240753088751,-0.16272367083606756,0.17863665451473162,-0.5537993057930695,-0.32362447076699824,0.1879113936145931,0.03382923614295006,-0.17669666323702307,0.03937543908929574,0.16987080976115262,-0.19661300509779683,0.4017696270880304,0.12275085317185043,-0.0458033983929252
Pa0l0l0,-0.21755555883557087,5,0.02025523822085403,-0.33295908667284346,-0.013371878803564658,-0.2897259278488999,-0.1395240753088751,-0.16272367083606756,0.17863665451473162,-0.5537993057930695,-0.32362447076699824,0.1879113936145931,0.03382923614295006,-0.17669666323702307,0.03937543908929574,0.16987080976115262,-0.19661300509779683,0.4017696270880304,0.12275085317185043,-0.0458033983929252
Pa0l0l0,-0.06336965859427776,5,0.049266926278775866,-0.2890554741775456,-0.007765961257519399,-0.26494503766718125,-0.10415505162368754,0.12756928180244992,0.16403663603408727,-0.30499331954492187,-0.261898551191441,0.7553441735581553,0.06550894492459762,-0.09807382417240225,0.0661665397663812,-0.036097584583768515,-0.1073479567544884,-0.13047792424805482,0.09635074641387839,0.012418790312511465
Pa0l0l0,-0.24283449660838624,5,0.049266926278775866,-0.2890554741775456,-0.007765961257519399,-0.26494503766718125,-0.10415505162368754,0.12756928180244992,0.16403663603408727,-0.30499331954492187,-0.261898551191441,0.7553441735581553,0.06550894492459762,-0.09807382417240225,0.0661665397663812,-0.036097584583768515,-0.1073479567544884,-0.13047792424805482,0.09635074641387839,0.012418790312511465
Pa0l0l0,-0.130084079042556,5,0.011180272473529327,-0.3780082218019529,-0.008511992480149751,-0.37558472368762763,-0.1409667648435732,0.1965405369489198,0.057277717557515095,-0.10954906950847787,-0.28189446294164566,-0.009513295467037082,0.16337480760168294,-0.08819939947366148,0.22550659463158534,-0.6373147958789449,-0.18988319118952893,-0.09145290273744884,0.10863822149131168,0.12164107469792614
Pa0l0l0,0.10255079764828952,5,-0.0034202871384397056,-0.22090392306576667,-0.02294338551003027,-0.3677966673157367,-0.11321370237715575,-0.10498827266742804,0.09885255956850912,-0.46633277866547923,-0.35405369075379234,-0.10408905596714205,0.2812143371487517,-0.1759005108396628,0.1497353500872715,-0.4113024565157654,-0.26395058294125057,-0.1146589184701491,0.18585139279767812,0.09566743292065376
Pa0l0l0,-0.1417079122671354,5,-0.0034202871384397056,-0.22090392306576667,-0.02294338551003027,-0.3677966673157367,-0.11321370237715575,-0.10498827266742804,0.09885255956850912,-0.46633277866547923,-0.35405369075379234,-0.10408905596714205,0.2812143371487517,-0.1759005108396628,0.1497353500872715,-0.4113024565157654,-0.26395058294125057,-0.1146589184701491,0.18585139279767812,0.09566743292065376
Pa0l0l0,0.0026217927991527543,5,0.0721906843552961,-0.0074142098254200706,-0.19296887171982985,0.1559166744529628,-0.07710515249786222,-0.11116022253334257,-0.16025477432573898,0.21672425322033678,0.2648576246625516,0.6546146881675223,-0.1659453464241991,-0.19689156164443625,0.021048100978593096,0.19263642044589407,0.3626088811256237,0.2948330436925116,0.04116800749449339,0.14000466763921268
Pa0l0l0,0.014502224491107574,5,0.0721906843552961,-0.0074142098254200706,-0.19296887171982985,0.1559166744529628,-0.07710515249786222,-0.11116022253334257,-0.16025477432573898,0.21672425322033678,0.2648576246625516,0.6546146881675223,-0.1659453464241991,-0.19689156164443625,0.021048100978593096,0.19263642044589407,0.3626088811256237,0.2948330436925116,0.04116800749449339,0.14000466763921268
Pa0l0l0,0.012219815122255017,5,0.0721906843552961,-0.0074142098254200706,-0.19296887171982985,0.1559166744529628,-0.07710515249786222,-0.11116022253334257,-0.16025477432573898,0.21672425322033678,0.2648576246625516,0.6546146881675223,-0.1659453464241991,-0.19689156164443625,0.021048100978593096,0.19263642044589407,0.3626088811256237,0.2948330436925116,0.04116800749449339,0.14000466763921268
Pa0l0l0,-0.19505295431843922,5,0.0721906843552961,-0.0074142098254200706,-0.19296887171982985,0.1559166744529628,-0.07710515249786222,-0.11116022253334257,-0.16025477432573898,0.21672425322033678,0.2648576246625516,0.6546146881675223,-0.1659453464241991,-0.19689156164443625,0.021048100978593096,0.19263642044589407,0.3626088811256237,0.2948330436925116,0.04116800749449339,0.14000466763921268
Pa0l0l0,-0.11774470651113968,5,0.0721906843552961,-0.0074142098254200706,-0.19296887171982985,0.1559166744529628,-0.07710515249786222,-0.11116022253334257,-0.16025477432573898,0.21672425322033678,0.2648576246625516,0.6546146881675223,-0.1659453464241991,-0.19689156164443625,0.021048100978593096,0.19263642044589407,0.3626088811256237,0.2948330436925116,0.04116800749449339,0.14000466763921268
Pa0l0l0,-0.018862610383987385,5,0.0721906843552961,-0.0074142098254200706,-0.19296887171982985,0.1559166744529628,-0.07710515249786222,-0.11116022253334257,-0.16025477432573898,0.21672425322033678,0.2648576246625516,0.6546146881675223,-0.1659453464241991,-0.19689156164443625,0.021048100978593096,0.19263642044589407,0.3626088811256237,0.2948330436925116,0.04116800749449339,0.14000466763921268
Pa0l0l0,-0.008072500231432897,5,0.0721906843552961,-0.0074142098254200706,-0.19296887171982985,0.1559166744529628,-0.07710515249786222,-0.11116022253334257,-0.16025477432573898,0.21672425322033678,0.2648576246625516,0.6546146881675223,-0.1659453464241991,-0.19689156164443625,0.021048100978593096,0.19263642044589407,0.3626088811256237,0.2948330436925116,0.04116800749449339,0.14000466763921268
Pa0l0l0,-0.2166984966984884,5,0.0721906843552961,-0.0074142098254200706,-0.19296887171982985,0.1559166744529628,-0.07710515249786222,-0.11116022253334257,-0.16025477432573898,0.21672425322033678,0.2648576246625516,0.6546146881675223,-0.1659453464241991,-0.19689156164443625,0.021048100978593096,0.19263642044589407,0.3626088811256237,0.2948330436925116,0.04116800749449339,0.14000466763921268
Pa0l0l0,-0.11272759343229517,5,0.31078295484867396,0.30684576096160443,-0.30780729296325615,0.22512268084497328,-0.02463079035533383,-0.18862884410703035,0.1338712389540149,0.26187503224090813,-0.08501798953170854,-0.15775598421731543,-0.14540722020880467,0.27129439554441265,0.2679170552996995,0.20052095880774728,-0.0727641932593208,-0.17343138253571433,-0.46668176263831,-0.22166295134159442
asss,-0.08045477288982718,1,0.26906479047097154,0.20311956667293918,-0.024256829595108765,0.15410899007858775,0.10852664998642732,0.2712431647950805,0.24700332878403763,0.27970664072514456,0.3379819214994255,-0.08406991272724511,-0.18373944219028202,-0.2949577545806348,-0.3098602941580775,0.2689538179311147,0.25851825174692106,-0.11092626667956583,-0.24696223958669042,0.2947460771307381
asss,-0.12375668528676223,1,-0.3422007456843236,-0.13126947138710865,0.24141204615623013,-0.11120308565210896,0.018428747729200445,-0.08824751603375923,-0.0020623558425235996,0.30141539382406124,0.17008201872653264,-0.05687781263278095,-0.3029592770574551,-0.30604427314019134,-0.3278074647355269,0.3025563114739343,0.19063801274369363,-0.078057694935897,-0.3276755774997025,0.3600315859070946
asss,0.014067922188756042,1,-0.11025217660119194,0.03261245112991373,0.004994236470584033,0.13017078204694954,-0.15252480499337964,-0.09745881448261788,-0.09375734949854023,-0.09628084067239953,-0.2894390599703959,0.08214309641919136,0.46090141862316303,-0.0989045409052145,-0.4015817603887607,0.3467795285555557,0.22120736580767447,-0.05858498436520683,-0.35666713435751857,0.380990884438418
asss,-0.06282175868892857,1,-0.11025217660119194,0.03261245112991373,0.004994236470584033,0.13017078204694954,-0.15252480499337964,-0.09745881448261788,-0.09375734949854023,-0.09628084067239953,-0.2894390599703959,0.08214309641919136,0.46090141862316303,-0.0989045409052145,-0.4015817603887607,0.3467795285555557,0.22120736580767447,-0.05858498436520683,-0.35666713435751857,0.380990884438418
asss,-0.04465552227088416,1,-0.30351140899989415,-0.17241203999903798,0.29871401498698047,-0.23313657090398468,0.21672692371977803,-0.09716139752021101,0.34625472869841734,-0.3810454352640172,0.08172041279478501,-0.16800826375242844,0.07943374662246093,0.0977663673767647,0.3227253321287285,-0.22006676119189852,0.1659441753460768,-0.29752886348683555,0.290497293650956,-0.09627957170354143
asss,-0.061762259958946075,1,-0.06960020581272738,0.033252674719157604,0.1934815837080407,0.07010691016094081,0.11443144549523669,0.15922132254730817,0.21747391135521976,-0.2380576825840287,0.03113265149867625,0.8414728553985539,0.04731425958776427,0.05097864734797252,0.143207525071874,0.04585443918148691,0.12456003576725286,-0.14559843055131075,0.1697671838545342,-0.08519579929960108
asss,-0.33253457642777406,1,-0.04773452563215324,0.08908522554610201,0.25490650694307937,0.15739157697865452,0.17750857380446447,0.7034197408696068,0.21757510927507748,-0.27167158449883116,0.06630692215389292,0.13463270417180132,0.07649836498353735,0.07378178340456382,0.20909316255915417,0.07512747349482213,0.1793733198890671,-0.25294747638837684,0.2395057063231042,-0.12601662159430402
asss,-0.04982711066970026,1,-0.10302685226429054,-0.04735705944870617,0.21345539163416724,-0.15411760128455443,0.06717215909411642,0.14898673319109879,0.1570414319686688,-0.23221561791680698,0.047159026735893166,0.8227193492074465,0.0490406654928095,0.04506178740891575,0.15661506562309743,0.08777985881825172,0.13402413011957195,-0.1893198290923302,0.18027201470607618,-0.10232002474647256
asss,-0.3739422444876235,1,-0.10302685226429054,-0.04735705944870617,0.21345539163416724,-0.15411760128455443,0.06717215909411642,0.14898673319109879,0.1570414319686688,-0.23221561791680698,0.047159026735893166,0.8227193492074465,0.0490406654928095,0.04506178740891575,0.15661506562309743,0.08777985881825172,0.13402413011957195,-0.1893198290923302,0.18027201470607618,-0.10232002474647256
asss,-0.18718451561238927,1,-0.2139981183502342,-0.16449407157482085,0.3775913684092079,-0.23451817880752446,0.05126773843716318,-0.1456560905750996,0.23129491361731924,-0.505568028564338,0.10941220550711414,-0.12186130078285166,0.0654088322491645,0.05639477402387742,0.17545391856235482,0.2583339750300306,0.23076211440394212,-0.30022875213727657,0.2949115837767189,-0.18566186755470582
asss,-0.24898066979049308,1,-0.2139981183502342,-0.16449407157482085,0.3775913684092079,-0.23451817880752446,0.05126773843716318,-0.1456560905750996,0.23129491361731924,-0.505568028564338,0.10941220550711414,-0.12186130078285166,0.0654088322491645,0.05639477402387742,0.17545391856235482,0.2583339750300306,0.23076211440394212,-0.30022875213727657,0.2949115837767189,-0.18566186755470582
asss,-0.06991297656922915,1,-0.15491832448656417,-0.12541087383193547,0.24074990934680227,-0.144177358150921,0.04301711786813293,-0.09166983159550537,0.18164703475812613,-0.26518020192179925,0.038902254120136995,0.8032110814071152,0.04820021163118541,0.04990651267526019,0.12185826379424437,0.1096468629711686,0.13048357046046274,-0.17560890032202012,0.1789947621909279,-0.09850883112134941
asss,-0.0638810458945758,1,-0.15491832448656417,-0.12541087383193547,0.24074990934680227,-0.144177358150921,0.04301711786813293,-0.09166983159550537,0.18164703475812613,-0.26518020192179925,0.038902254120136995,0.8032110814071152,0.04820021163118541,0.04990651267526019,0.12185826379424437,0.1096468629711686,0.13048357046046274,-0.17560890032202012,0.1789947621909279,-0.09850883112134941
asss,-0.40261312114117315,1,-0.15491832448656417,-0.12541087383193547,0.24074990934680227,-0.144177358150921,0.04301711786813293,-0.09166983159550537,0.18164703475812613,-0.26518020192179925,0.038902254120136995,0.8032110814071152,0.04820021163118541,0.04990651267526019,0.12185826379424437,0.1096468629711686,0.13048357046046274,-0.17560890032202012,0.1789947621909279,-0.09850883112134941
asss,-0.3983301396093896,1,-0.15491832448656417,-0.12541087383193547,0.24074990934680227,-0.144177358150921,0.04301711786813293,-0.09166983159550537,0.18164703475812613,-0.26518020192179925,0.038902254120136995,0.8032110814071152,0.04820021163118541,0.04990651267526019,0.12185826379424437,0.1096468629711686,0.13048357046046274,-0.17560890032202012,0.1789947621909279,-0.09850883112134941
asss,-0.17464519548543272,1,-0.1849596259940575,-0.08443144320478024,0.27945740549773007,-0.008736869206608513,0.10124875193788664,-0.17807514259089083,0.43447812714301476,-0.3053468706950926,-0.0799729965704817,-0.34217653635310435,0.12495723549544578,0.1387582941768153,0.19766856617910902,0.17306551108665583,0.2351568574123856,-0.3422462369449763,0.34396969529829297,-0.19595641688512616
asss,-0.20949529463289362,1,-0.1849596259940575,-0.08443144320478024,0.27945740549773007,-0.008736869206608513,0.10124875193788664,-0.17807514259089083,0.43447812714301476,-0.3053468706950926,-0.0799729965704817,-0.34217653635310435,0.12495723549544578,0.1387582941768153,0.19766856617910902,0.17306551108665583,0.2351568574123856,-0.3422462369449763,0.34396969529829297,-0.19595641688512616
asss,-0.14456205273855796,1,0.300728872280143,0.0775312916014913,-0.06948021185821832,0.2508257812637658,0.1337121445986487,-0.17525995377678064,0.44599466941858434,-0.3446899866010012,-0.07125839148373073,-0.3109258139567971,0.13847806583685734,0.1053842947652517,0.18912009557623263,0.20745816183390167,0.20428687281173388,-0.255991103258689,0.3271191313504632,-0.21066824496896086
asss,0.13203832547090733,1,0.15847179510546647,0.18982257359904553,0.441536020153052,0.28019033481841676,-0.1873325850355081,0.1705947292290633,-0.3563676507643085,0.36294450062977573,0.13955028466789138,0.25956535006675086,-0.18373434476178974,-0.08076396781657019,0.01707333919968449,-0.14333530933348085,-0.10745580541172516,0.2047166418504788,-0.3252441863217421,0.18779031609588612
asss,-0.026463964184440827,1,-0.14079049610535999,-0.10722188799191568,0.009953001566019921,-0.14648657561245568,0.04185036115090115,-0.09219173819095647,0.23957848734008655,-0.2638633557069734,-0.08735863762753436,0.8551688534616265,0.03986342555419022,0.04929070644187117,-0.09670532151270253,0.04145751987412264,0.11459474142410464,-0.08071576683161559,0.16188249314091133,-0.09982028853662878
asss,-0.02769842314754528,1,-0.14079049610535999,-0.10722188799191568,0.009953001566019921,-0.14648657561245568,0.04185036115090115,-0.09219173819095647,0.23957848734008655,-0.2638633557069734,-0.08735863762753436,0.8551688534616265,0.03986342555419022,0.04929070644187117,-0.09670532151270253,0.04145751987412264,0.11459474142410464,-0.08071576683161559,0.16188249314091133,-0.09982028853662878
asss,-0.26587216909961353,1,-0.14079049610535999,-0.10722188799191568,0.009953001566019921,-0.14648657561245568,0.04185036115090115,-0.09219173819095647,0.23957848734008655,-0.2638633557069734,-0.08735863762753436,0.8551688534616265,0.03986342555419022,0.04929070644187117,-0.09670532151270253,0.04145751987412264,0.11459474142410464,-0.08071576683161559,0.16188249314091133,-0.09982028853662878
asss,-0.2626785220848109,1,-0.14079049610535999,-0.10722188799191568,0.009953001566019921,-0.14648657561245568,0.04185036115090115,-0.09219173819095647,0.23957848734008655,-0.2638633557069734,-0.08735863762753436,0.8551688534616265,0.03986342555419022,0.04929070644187117,-0.09670532151270253,0.04145751987412264,0.11459474142410464,-0.08071576683161559,0.16188249314091133,-0.09982028853662878
asss,0.12256562184387207,1,-0.08538198512048875,-0.05919755385564085,-0.44559868054177254,-0.010428684092414195,0.03023659404192824,-0.6627528721441334,-0.014699261003416913,0.2439022743918294,-0.20730243183933703,0.06641844789838852,-0.22395877137368203,-0.09125228203988918,0.23795982319552061,-0.10607274813946037,-0.294620346399618,-0.15409160894854598,-0.06511653022751403,0.04633094814950703
asss,-0.049939656871026195,1,0.024920321485554668,0.3034106109559916,0.2719578691596681,0.44448916455212045,0.05322536509464966,0.5387610169237895,0.12415433383500378,0.19143635240086213,0.23360669032097395,-0.15747868184986583,0.07236290528089913,0.18374467332722724,-0.11471919111291805,0.04063138911910783,0.2811330899215039,0.14973508088134257,0.16747630911988143,-0.16716605163025205
asss,0.0026917198282776045,1,-0.2525796353521732,-0.30862814706868746,0.46092818173614536,-0.24278512026378812,0.05339341003177725,-0.13887910414422625,0.17692162449533744,-0.18427121679349678,0.16597304182795522,-0.13073494794786264,0.1778200881949659,0.12509798848521297,0.3134260767753376,-0.4388315507200298,-0.006978358230283882,-0.13395714795923166,0.2761171515926826,-0.07215460721853652
asss,-0.031373786193661234,1,-0.2525796353521732,-0.30862814706868746,0.46092818173614536,-0.24278512026378812,0.05339341003177725,-0.13887910414422625,0.17692162449533744,-0.18427121679349678,0.16597304182795522,-0.13073494794786264,0.1778200881949659,0.12509798848521297,0.3134260767753376,-0.4388315507200298,-0.006978358230283882,-0.13395714795923166,0.2761171515926826,-0.07215460721853652
asss,-0.019251579624267594,1,-0.2525796353521732,-0.30862814706868746,0.46092818173614536,-0.24278512026378812,0.05339341003177725,-0.13887910414422625,0.17692162449533744,-0.18427121679349678,0.16597304182795522,-0.13073494794786264,0.1778200881949659,0.12509798848521297,0.3134260767753376,-0.4388315507200298,-0.006978358230283882,-0.13395714795923166,0.2761171515926826,-0.07215460721853652
asss,-0.10877225474990591,1,0.12256420478475957,-0.05836750330886964,-0.15771796973831226,-0.08386053584165573,-0.17397265351990338,-0.12835013874462578,-0.29112152191707247,-0.08926027151240201,-0.4105513155793249,0.06523599381768776,0.3154294952574862,-0.10200363240402463,0.5626832351315241,-0.051356985299248134,-0.14561401580956182,0.27674193934341135,0.24882836674211428,-0.22031939789983357
asss,-0.07604964141751443,1,0.34247054878958955,0.13683933998339548,-0.37956411192621015,0.3770076441485445,0.09058896705564534,-0.10079173995718398,-0.3039723759752519,0.3200944882179438,0.24082623380116613,-0.028433487349600224,-0.3805174739006667,-0.23497344502336884,0.10227585586996567,0.1957582872059422,-0.04950252275556751,0.06336917233833078,-0.22381529960451127,-0.020182001737432932
asss,-0.025327077169488114,1,0.037811297285489945,0.06645665192096739,-0.16505726068794432,0.13783286619644958,0.9183160894634118,-0.021562557217442865,-0.019881684804936905,0.11855838481828337,0.09579896125973326,-0.012569937867351428,-0.14889408764348483,-0.13444355606003403,-0.05933717734599854,0.09910439670651154,-0.0024677445815788216,-0.004805185803398572,-0.13090530590005028,0.09799663613832785
asss,-0.22295399439292374,1,0.037811297285489945,0.06645665192096739,-0.16505726068794432,0.13783286619644958,0.9183160894634118,-0.021562557217442865,-0.019881684804936905,0.11855838481828337,0.09579896125973326,-0.012569937867351428,-0.14889408764348483,-0.13444355606003403,-0.05933717734599854,0.09910439670651154,-0.0024677445815788216,-0.004805185803398572,-0.13090530590005028,0.09799663613832785
asss,-0.11139728063125917,1,0.4204065885078227,0.37535482191324976,-0.21188877115586946,0.2524638421791839,0.11827175631577826,0.44378396061734904,0.22964521048128703,0.20623410275373721,0.10888842438933806,-0.03641163574612967,-0.15066437951643977,-0.12144758789604998,-0.17298343167169933,0.22213161074215004,0.12139471739210225,-0.02983574673731349,-0.24543206085122132,0.2485339842373094
asss,-0.10924648195744494,2,0.4090356997526019,0.34430023632146,-0.20132956093743803,0.2301101371751712,0.04895792433662883,0.4088870693774374,0.24763253849961986,0.22498401060010192,0.22448061998682542,-0.07467839337834165,-0.11689365939674583,0.20108222796516168,-0.1994329459432279,0.23877339903554332,0.1515410489540486,-0.04298582096423306,-0.2531379577450231,0.2083111856433886
asss,-0.08919636012988336,2,-0.13010273496307814,-0.2142730300511635,0.11509177283617181,-0.127168994324521,-0.1660379018452473,-0.08953169837077399,-0.050743077071336205,0.3406207042325156,0.31013941817373336,-0.0853426887758584,-0.33944592065159257,-0.3633639747447465,-0.3438822401193782,0.3149592897534457,0.05529893328234257,-0.05169071795091144,-0.38606703145474314,-0.1749334014895545
asss,0.022545943294038442,2,0.025900396100019398,-0.11590327007780676,-0.07009178484510382,-0.17215377378932598,-0.19351573988452273,-0.09804879578889279,-0.03920526324067458,-0.27179072531672605,-0.336782541425365,-0.11086674874474448,0.0827413053881722,0.05725841296247414,-0.3712366101766678,0.3455116963397152,0.07504484512113709,0.018952662745725657,-0.4419016169543689,0.4843296113072191
asss,-0.12004675755339561,2,0.025900396100019398,-0.11590327007780676,-0.07009178484510382,-0.17215377378932598,-0.19351573988452273,-0.09804879578889279,-0.03920526324067458,-0.27179072531672605,-0.336782541425365,-0.11086674874474448,0.0827413053881722,0.05725841296247414,-0.3712366101766678,0.3455116963397152,0.07504484512113709,0.018952662745725657,-0.4419016169543689,0.4843296113072191
asss,0.031036757365061392,2,-0.32846988566010515,-0.3151492229941377,0.0832848154871398,-0.31648307283642985,-0.11223431798333142,-0.27763431949972844,-0.03589639929261488,-0.2228355365671448,-0.32333191723838195,-0.056108480182541526,0.24886206765324573,0.032187909253181705,0.16995564935579993,-0.19226904512698292,-0.4032696848337043,-0.036380611417092534,0.3000921469562597,-0.2335622980049647
asss,-0.018483730662321795,2,-0.32846988566010515,-0.3151492229941377,0.0832848154871398,-0.31648307283642985,-0.11223431798333142,-0.27763431949972844,-0.03589639929261488,-0.2228355365671448,-0.32333191723838195,-0.056108480182541526,0.24886206765324573,0.032187909253181705,0.16995564935579993,-0.19226904512698292,-0.4032696848337043,-0.036380611417092534,0.3000921469562597,-0.2335622980049647
asss,-0.1029872109198698,3,0.4366884515483814,0.28018979047027903,-0.007199454164630207,0.1504897229479965,-0.06715718451167632,0.3748560170591903,0.2616883070843019,0.23803907216827846,0.1836217139134686,0.28448813712143,-0.12096107665863476,0.1796062201872206,-0.20455192894992597,0.21467982592140733,0.19651070747353322,-0.006350843471158731,-0.2418414218253892,0.30218207011223847
asss,-0.11126159331593537,3,0.03510367859310382,-0.2182928361484655,0.16255138935044747,-0.17340746406413507,-0.19874393954182742,-0.11404807927465367,-0.06041375812797671,0.21493294069967106,0.23234606914864797,-0.05762886254344824,-0.2492334415308766,-0.2421827689544257,-0.3634779459284466,0.32389652103240796,0.11583779481879619,0.029030011687322468,-0.4439194107394963,0.4072400041358077
asss,0.007672592714590437,3,0.057764628517322066,-0.13891553797275613,0.11200942735039927,-0.21589507007062883,-0.212722903496119,-0.1268184351519761,0.06191633947127958,-0.31415510574827504,-0.2520279324021035,-0.08238031130347158,0.09748713958413463,0.13050326367979398,-0.3723609291799977,0.26949327303723475,0.0984646026217569,0.1000657168585735,-0.4525678326942248,0.4708536098620565
asss,-0.05545644858132655,3,0.057764628517322066,-0.13891553797275613,0.11200942735039927,-0.21589507007062883,-0.212722903496119,-0.1268184351519761,0.06191633947127958,-0.31415510574827504,-0.2520279324021035,-0.08238031130347158,0.09748713958413463,0.13050326367979398,-0.3723609291799977,0.26949327303723475,0.0984646026217569,0.1000657168585735,-0.4525678326942248,0.4708536098620565
asss,-0.20849012832416747,3,0.057764628517322066,-0.13891553797275613,0.11200942735039927,-0.21589507007062883,-0.212722903496119,-0.1268184351519761,0.06191633947127958,-0.31415510574827504,-0.2520279324021035,-0.08238031130347158,0.09748713958413463,0.13050326367979398,-0.3723609291799977,0.26949327303723475,0.0984646026217569,0.1000657168585735,-0.4525678326942248,0.4708536098620565
asss,-0.12918901787318085,3,-0.008741820764592647,-0.25027449841483695,0.03140421200909617,-0.3122954395507525,-0.08688138942621933,-0.1913518826652573,-0.03867490330400422,0.12978561512908687,-0.026428948220099033,0.02887311022006068,0.05655950762010651,0.37965052465851584,0.027318353669319027,-0.571375201391115,-0.424632880943795,0.2238150686923678,0.19296607385634923,-0.18039923794530716
asss,-0.1151697767913083,3,0.07187941403707933,-0.17795585740545983,-0.011862180004971004,-0.2829914046107397,-0.2236331768479498,-0.16378669433027726,0.11267207213060114,-0.3196498480002713,-0.2529243698133367,-0.0029293019013268973,0.2627382286040112,0.16697042145180474,0.047594606951998165,0.057516992235181495,-0.36573629138780506,0.2777900557180515,0.37051818350348126,-0.42018326333990014
asss,-0.19506063498185203,3,-0.17270265347462466,-0.21771498303829173,0.07805480368400448,-0.28193567463952485,-0.08503958495006086,-0.1675869976392823,-0.10202367909338864,0.14412115311969287,0.1736780405850441,0.1318013823238566,0.009371934512606673,0.4076209575934909,-0.12164532722598542,-0.5415036798943643,-0.35277939068577463,0.3024782634733317,0.1287695721660802,-0.12793226928768633
asss,-0.14935044083294668,3,-0.17270265347462466,-0.21771498303829173,0.07805480368400448,-0.28193567463952485,-0.08503958495006086,-0.1675869976392823,-0.10202367909338864,0.14412115311969287,0.1736780405850441,0.1318013823238566,0.009371934512606673,0.4076209575934909,-0.12164532722598542,-0.5415036798943643,-0.35277939068577463,0.3024782634733317,0.1287695721660802,-0.12793226928768633
asss,-0.20478792142255453,3,-0.17270265347462466,-0.21771498303829173,0.07805480368400448,-0.28193567463952485,-0.08503958495006086,-0.1675869976392823,-0.10202367909338864,0.14412115311969287,0.1736780405850441,0.1318013823238566,0.009371934512606673,0.4076209575934909,-0.12164532722598542,-0.5415036798943643,-0.35277939068577463,0.3024782634733317,0.1287695721660802,-0.12793226928768633
asss,0.006967725726115659,3,-0.07477420753439966,-0.19693473154711372,0.16390075989517675,-0.2712644457532515,-0.18992598858188542,-0.15878351894962306,0.035108877232757574,-0.34775970286028346,0.0038884342828443374,0.06779568515352985,0.4412616052684495,0.09227073354951554,-0.015037871170344039,0.03978249696314837,-0.35331848164762697,0.33832739064420114,-0.053440844820178975,-0.46895947680771904
asss,-0.14105249821756777,3,-0.07477420753439966,-0.19693473154711372,0.16390075989517675,-0.2712644457532515,-0.18992598858188542,-0.15878351894962306,0.035108877232757574,-0.34775970286028346,0.0038884342828443374,0.06779568515352985,0.4412616052684495,0.09227073354951554,-0.015037871170344039,0.03978249696314837,-0.35331848164762697,0.33832739064420114,-0.053440844820178975,-0.46895947680771904
asss,-0.11285036085073097,3,-0.1564290825008495,-0.175748701465417,0.13083882050707138,-0.24339505855199964,-0.05744674030503219,-0.14616875070102847,0.03558789823452992,0.13124391434778587,0.1012022728386467,0.15022424217395336,-0.366533495515716,-0.4333558586570775,-0.14994557944508183,-0.5447961479577038,-0.25778755412485904,0.27541018922053134,0.06825301323675573,-0.06262566593761688
asss,-0.27354655674211636,3,-0.1564290825008495,-0.175748701465417,0.13083882050707138,-0.24339505855199964,-0.05744674030503219,-0.14616875070102847,0.03558789823452992,0.13124391434778587,0.1012022728386467,0.15022424217395336,-0.366533495515716,-0.4333558586570775,-0.14994557944508183,-0.5447961479577038,-0.25778755412485904,0.27541018922053134,0.06825301323675573,-0.06262566593761688
asss,0.020386033010381506,3,-0.1358812942842069,-0.1623693652354088,0.11640120197502739,-0.28804800692817834,-0.17385371354007742,-0.1622864530636555,-0.041772435428145384,-0.2831163056419429,0.032745434038114266,0.07469545303988911,0.45252840159409646,0.12191254383702382,-0.09327286491020173,0.05698832059981164,-0.3766810564123625,0.3173681086786474,-0.06331338518404236,-0.48510439223560153
asss,-0.1148534156678741,3,-0.1358812942842069,-0.1623693652354088,0.11640120197502739,-0.28804800692817834,-0.17385371354007742,-0.1622864530636555,-0.041772435428145384,-0.2831163056419429,0.032745434038114266,0.07469545303988911,0.45252840159409646,0.12191254383702382,-0.09327286491020173,0.05698832059981164,-0.3766810564123625,0.3173681086786474,-0.06331338518404236,-0.48510439223560153
asss,-0.14058668885797232,3,-0.0014654067140955156,-0.04838615468176255,-0.07860312045630209,-0.2526597048627668,0.0554194516856568,-0.1352126362850671,-0.09877030988262989,0.32783088048780434,0.08230027628567185,0.0706741467481511,-0.32532166331767176,-0.454105096484148,0.44573385446238417,-0.3015007078172088,-0.13887359991360212,0.3171921289361567,0.1822166236784549,-0.15021338722816216
asss,0.11956293666028926,3,-0.045620497602113085,-0.00685443969543309,0.18457127515501953,0.14595777518039585,0.2550779037290734,0.11808680013122914,0.4107427599048787,0.08811142764669848,0.4306420666815655,-0.0782830793527644,-0.3555484576689214,0.04098359834587928,-0.31574867187264977,-0.13322310480706998,0.09313853791152982,-0.1770187502674462,0.2776576409655062,0.3644092340502206
asss,-0.04790390918805542,3,0.21406774818316293,0.3349402132593785,-0.331336719231609,0.2896426153697335,0.07530401559538283,-0.07407728380642545,-0.30953485215836896,0.2573482013873153,0.18870098307640948,-0.00630364029580848,-0.32730052340090116,-0.3141090816830744,-0.10309037337818422,0.1975896503842389,0.28531062800971263,0.26712319224867764,-0.1747464844639461,0.026731975700123957
asss,-0.14049207364635163,3,-0.11964796979749569,0.2845664879152273,-0.1977709275156022,0.16556366844213988,0.043533768617671366,-0.047983328948385105,-0.3173732649430661,0.1717827376906635,0.23217626906393252,-0.014040607529748065,-0.19853827839419622,-0.1953604933233204,-0.2814880240515969,0.1434318104482376,0.30793678584573825,0.5863829248756933,0.05535685669757857,-0.1747003748413958
asss,-0.33014839384723055,3,-0.11964796979749569,0.2845664879152273,-0.1977709275156022,0.16556366844213988,0.043533768617671366,-0.047983328948385105,-0.3173732649430661,0.1717827376906635,0.23217626906393252,-0.014040607529748065,-0.19853827839419622,-0.1953604933233204,-0.2814880240515969,0.1434318104482376,0.30793678584573825,0.5863829248756933,0.05535685669757857,-0.1747003748413958
asss,-0.48537879548595075,3,-0.14277080878712,0.3221291027876889,-0.2551975494851959,0.1909908326962642,0.04997958106210054,-0.054871932268597844,-0.3672400481809836,0.19908825943903496,0.2583626424346844,-0.01699614293534549,-0.22985308818010367,-0.22376020972754185,-0.2329526323686,0.17981226286362056,0.3576851682217797,0.3594336605112361,-0.2191396288450421,-0.18039341799992917
asss,-0.07971375614517966,3,-0.13477709982092786,0.355855505148857,-0.2677412921079096,0.21200507206970062,0.04413398232315845,0.024111614705809723,-0.3209886278998255,0.1992226497010137,0.18985013577747076,-0.023105560863967988,-0.22247805198849216,-0.17585314039774513,-0.3592504478228701,0.19212893673313852,0.2616541702081824,0.43017379012437246,-0.22950697447269006,-0.06449721668364729
asss,-0.1312358195663024,3,0.10276338988058895,0.37743702001477664,-0.08988397428942695,0.198442498331896,0.014472224947307202,0.3548747221543562,0.08327175681190752,0.2184312113282407,0.05318242459538368,0.47115573218059675,-0.09034863536262135,0.2792181902087071,-0.3701414346217276,0.18958476996400397,0.18058090768018376,-0.036137492659812566,-0.20329298286005026,0.24412759031299092
palma,-0.08983048293372806,1,-0.11152134465086959,0.02764396605849173,0.6439563566903352,0.06996614902845277,-0.08731597724917572,-0.07407984689270254,-0.1789814572252863,-0.009376046920726426,0.4792402335008215,-0.09998231755811264,-0.29808809402452197,-0.3297678750593656,-0.07817894052796695,0.029347432856359528,0.1653524273523656,-0.15748095410738305,0.05319869707932093,0.1509090755864856
palma,0.08969876169490935,1,0.014654869013085646,0.14516145811928893,0.0521353122938444,-0.12241011906826864,0.016725515879319006,0.10503933201258842,0.09548984982852893,0.0103121564332804,-0.18082816807336724,0.13983844705295181,0.3559950649246097,0.49865057823334497,-0.011639495150631035,0.016276606093942506,0.4107825663054705,0.1924605651254452,-0.22821590038060788,-0.5045479261637351
palma,0.0004233683323306265,1,0.014654869013085646,0.14516145811928893,0.0521353122938444,-0.12241011906826864,0.016725515879319006,0.10503933201258842,0.09548984982852893,0.0103121564332804,-0.18082816807336724,0.13983844705295181,0.3559950649246097,0.49865057823334497,-0.011639495150631035,0.016276606093942506,0.4107825663054705,0.1924605651254452,-0.22821590038060788,-0.5045479261637351
palma,7.261629036031387e-05,1,0.014654869013085646,0.14516145811928893,0.0521353122938444,-0.12241011906826864,0.016725515879319006,0.10503933201258842,0.09548984982852893,0.0103121564332804,-0.18082816807336724,0.13983844705295181,0.3559950649246097,0.49865057823334497,-0.011639495150631035,0.016276606093942506,0.4107825663054705,0.1924605651254452,-0.22821590038060788,-0.5045479261637351
palma,-0.0016720242633473715,1,0.014654869013085646,0.14516145811928893,0.0521353122938444,-0.12241011906826864,0.016725515879319006,0.10503933201258842,0.09548984982852893,0.0103121564332804,-0.18082816807336724,0.13983844705295181,0.3559950649246097,0.49865057823334497,-0.011639495150631035,0.016276606093942506,0.4107825663054705,0.1924605651254452,-0.22821590038060788,-0.5045479261637351
palma,-5.167082944332365e-05,1,0.014654869013085646,0.14516145811928893,0.0521353122938444,-0.12241011906826864,0.016725515879319006,0.10503933201258842,0.09548984982852893,0.0103121564332804,-0.18082816807336724,0.13983844705295181,0.3559950649246097,0.49865057823334497,-0.011639495150631035,0.016276606093942506,0.4107825663054705,0.1924605651254452,-0.22821590038060788,-0.5045479261637351
palma,-0.001107660062830227,1,0.014654869013085646,0.14516145811928893,0.0521353122938444,-0.12241011906826864,0.016725515879319006,0.10503933201258842,0.09548984982852893,0.0103121564332804,-0.18082816807336724,0.13983844705295181,0.3559950649246097,0.49865057823334497,-0.011639495150631035,0.016276606093942506,0.4107825663054705,0.1924605651254452,-0.22821590038060788,-0.5045479261637351
palma,-0.059722099198895255,1,-0.40120992620890056,-0.2854705042394764,-0.1608436727461001,-0.20007918394361465,0.11306545424483604,-0.1452886319241529,0.18500654954793547,-0.03824794313111728,0.2809054815190605,-0.0025741396195065546,0.2996046339849829,0.05732894613530704,0.2625365310311909,-0.4845176061361471,0.1834564280909995,-0.1271964010448082,-0.2955194916908704,-0.0961152987882493
palma,-0.19087704824513782,1,-0.2608434221490106,-0.14302654492763348,0.06828973061670743,0.16531735104753179,-0.08969698845799302,-0.1496613165931945,0.35195572585094087,-0.3879861169445608,0.2381935214148183,0.25934906707341643,0.3544829167182978,-0.017837854463459396,0.04284194849785491,0.33364642844573705,-0.02753299665371409,0.3512733369985593,-0.19363173569877906,-0.22335312807233146
palma,-0.279805268910612,1,-0.2608434221490106,-0.14302654492763348,0.06828973061670743,0.16531735104753179,-0.08969698845799302,-0.1496613165931945,0.35195572585094087,-0.3879861169445608,0.2381935214148183,0.25934906707341643,0.3544829167182978,-0.017837854463459396,0.04284194849785491,0.33364642844573705,-0.02753299665371409,0.3512733369985593,-0.19363173569877906,-0.22335312807233146
palma,-0.13680795455909842,1,-0.3601198703954058,-0.2900205504741378,-0.28000066507719207,0.19964053790367467,0.07795697425657508,-0.15497027506741742,0.17552597782123988,0.1553912927685596,0.20252594270224808,0.07623615419449647,0.33200050869403724,0.07266772986954169,0.09783137214796943,-0.395354957502504,0.06661930820510686,-0.370995450102119,-0.31462240844802064,-0.11671744665451474
palma,-0.15366839551094116,1,-0.39508566876894036,-0.1283373506980544,0.04556950234888566,0.15197996830931912,-0.04066311829946483,0.14733459757388784,0.3039641449632972,-0.4388416904105604,0.2781809761514645,0.3534357510568345,0.3078342681710195,-0.027343444632030086,0.07553305073758962,0.21209848633723158,-0.026145350312548197,0.2627500627584457,-0.1586939464567887,-0.2247623313025486
palma,-0.2650908938807772,1,-0.39508566876894036,-0.1283373506980544,0.04556950234888566,0.15197996830931912,-0.04066311829946483,0.14733459757388784,0.3039641449632972,-0.4388416904105604,0.2781809761514645,0.3534357510568345,0.3078342681710195,-0.027343444632030086,0.07553305073758962,0.21209848633723158,-0.026145350312548197,0.2627500627584457,-0.1586939464567887,-0.2247623313025486
palma,-0.12807518002967724,1,-0.1815247521817188,-0.08181966290892939,-0.20490568059042863,0.14611161696416106,0.18136871979731628,0.001962131196413969,0.2555946463568392,0.29434465964339973,0.2521702568309808,0.5275669553212223,0.3079437007299458,0.08479718979669378,0.08741706971632367,-0.3622441941368691,0.22095262795340057,0.12509706564621434,-0.21627609420336483,-0.1345718928900225
palma,-0.16681440295713254,1,-0.1413071330151232,-0.06395229347745301,0.17168576735322258,0.09761499207484639,0.1091839244838505,0.7039990807156732,-0.05896405276933268,-0.03816270101000429,-0.2037127702956438,0.05886425054902839,0.20040415950717214,0.005665787513133188,0.1926311319817612,-0.25360978163675413,0.23715256379751776,0.3571395215786223,-0.2026233237158571,-0.11419299244544444
palma,-0.13776692943852453,1,-0.33361490895243173,-0.18377537534667499,0.16805565182590756,0.14029211324837385,-0.08066651640987688,-0.12885928213763964,0.3104624518188848,-0.4202222578541533,0.22694590491948133,0.40102504279393963,0.2778127358191989,-0.04254824071241657,0.059449830953013816,0.13000772910030575,0.19091737804439154,0.31433950288003326,-0.17020237948846106,-0.18691692096697962
palma,-0.17302160190882013,1,-0.1277318536109299,-0.06768812305704808,-0.23902543700647688,0.13989890296060037,0.23206516661170457,0.07542731672316341,0.03839345350908645,0.29973464917259796,0.1314240564575236,0.5117225263752672,0.28961992078711657,0.08234721524744587,0.03820968431058671,-0.5253372137427187,0.23201431548194176,0.10696251321412757,-0.1828878068450712,-0.07475199871019404
palma,-0.14002574928099387,1,-0.21193800225160486,-0.09792082859469653,0.26967071139671905,0.12928303166744082,-0.074889054855526,0.4833808046927391,-0.03713742802482794,-0.4774936803719198,-0.21566961553447395,-0.24096783530631047,0.20699278909614802,-0.08138847868331649,0.03829742089919497,0.17787321471615639,0.0187324671175653,0.3743237504776919,-0.18819360128972554,-0.1561155453119532
palma,-0.15294169409975786,1,-0.21193800225160486,-0.09792082859469653,0.26967071139671905,0.12928303166744082,-0.074889054855526,0.4833808046927391,-0.03713742802482794,-0.4774936803719198,-0.21566961553447395,-0.24096783530631047,0.20699278909614802,-0.08138847868331649,0.03829742089919497,0.17787321471615639,0.0187324671175653,0.3743237504776919,-0.18819360128972554,-0.1561155453119532
palma,-0.15432620518634432,1,-0.21193800225160486,-0.09792082859469653,0.26967071139671905,0.12928303166744082,-0.074889054855526,0.4833808046927391,-0.03713742802482794,-0.4774936803719198,-0.21566961553447395,-0.24096783530631047,0.20699278909614802,-0.08138847868331649,0.03829742089919497,0.17787321471615639,0.0187324671175653,0.3743237504776919,-0.18819360128972554,-0.1561155453119532
palma,-0.219220767761069,1,-0.21193800225160486,-0.09792082859469653,0.26967071139671905,0.12928303166744082,-0.074889054855526,0.4833808046927391,-0.03713742802482794,-0.4774936803719198,-0.21566961553447395,-0.24096783530631047,0.20699278909614802,-0.08138847868331649,0.03829742089919497,0.17787321471615639,0.0187324671175653,0.3743237504776919,-0.18819360128972554,-0.1561155453119532
palma,-0.22916455045736137,1,-0.21193800225160486,-0.09792082859469653,0.26967071139671905,0.12928303166744082,-0.074889054855526,0.4833808046927391,-0.03713742802482794,-0.4774936803719198,-0.21566961553447395,-0.24096783530631047,0.20699278909614802,-0.08138847868331649,0.03829742089919497,0.17787321471615639,0.0187324671175653,0.3743237504776919,-0.18819360128972554,-0.1561155453119532
palma,-0.1350564498338144,1,-0.2895994554367879,-0.2571685285303671,-0.008143497748147146,-0.5834455356896764,-0.10303452792367612,-0.09771939187097811,0.27643861618570803,-0.5043384177953238,-0.12137043403724208,-0.19474532532065061,0.07149395577201025,-0.06264517098168496,-0.13612416615955297,0.13875031015417233,0.12490208125060467,0.10903647214454355,-0.11794938610774093,-0.13306181955523688
palma,-0.11351665361109738,1,-0.20222312897999506,-0.24754706185423703,-0.1913757799907199,-0.3969209511851726,0.30055783182549,-0.09509660533510884,0.11968937196139103,-0.06828624948636983,-0.13007988158505487,-0.20547982240208487,0.07675586833286012,0.017337461801968865,-0.00925909571567879,-0.46962119385452056,0.5022600040825783,-0.20903154253511128,-0.02821686042911376,-0.05067865622701654
palma,-0.16773637848218623,1,-0.04439981168220677,0.1317201435493882,0.37409065011128684,0.10377906333104787,-0.22748978847916157,0.3468124290972044,0.020045889310611163,-0.4093865826413834,-0.10435303395447142,-0.2300373914366092,0.19668662841556822,-0.08074728218558287,-0.1344431580579234,0.1566933081861323,0.4554650905790383,-0.31903019524047777,0.049363078310871084,-0.16318450181569236
palma,-0.152932943581381,1,-0.04439981168220677,0.1317201435493882,0.37409065011128684,0.10377906333104787,-0.22748978847916157,0.3468124290972044,0.020045889310611163,-0.4093865826413834,-0.10435303395447142,-0.2300373914366092,0.19668662841556822,-0.08074728218558287,-0.1344431580579234,0.1566933081861323,0.4554650905790383,-0.31903019524047777,0.049363078310871084,-0.16318450181569236
palma,-0.21137748186565167,1,-0.04439981168220677,0.1317201435493882,0.37409065011128684,0.10377906333104787,-0.22748978847916157,0.3468124290972044,0.020045889310611163,-0.4093865826413834,-0.10435303395447142,-0.2300373914366092,0.19668662841556822,-0.08074728218558287,-0.1344431580579234,0.1566933081861323,0.4554650905790383,-0.31903019524047777,0.049363078310871084,-0.16318450181569236
palma,-0.1555459075712765,1,0.2303519502061666,0.3924969609068505,0.32091787078138373,0.05751697761257882,-0.020044339438803564,-0.11106326535311499,0.04047258221734213,-0.12533805611600002,-0.2272680806530324,-0.12095578517565778,0.11014313090613931,-0.06583919122827694,-0.4400802106447761,0.19875674184058958,0.45846624694464405,0.3354354597911737,0.08801357085693011,-0.10062946160655797
palma,-0.21953307047357884,1,0.2303519502061666,0.3924969609068505,0.32091787078138373,0.05751697761257882,-0.020044339438803564,-0.11106326535311499,0.04047258221734213,-0.12533805611600002,-0.2272680806530324,-0.12095578517565778,0.11014313090613931,-0.06583919122827694,-0.4400802106447761,0.19875674184058958,0.45846624694464405,0.3354354597911737,0.08801357085693011,-0.10062946160655797
palma,0.013169777217470393,1,0.27325634706488117,0.22566740032922783,0.0896806510865645,0.028047718140342532,-0.0874571260628805,0.09107915669887377,-0.49431431178127416,0.07828875198663494,-0.36315487229620674,0.07652859315710432,0.13462378216624454,-0.1277966005422127,-0.48615653509484735,0.06556174450255943,-0.08835717135427175,0.015947144481494036,0.4085929633733514,0.10633118000362904
palma,-0.12713873963786526,1,0.27325634706488117,0.22566740032922783,0.0896806510865645,0.028047718140342532,-0.0874571260628805,0.09107915669887377,-0.49431431178127416,0.07828875198663494,-0.36315487229620674,0.07652859315710432,0.13462378216624454,-0.1277966005422127,-0.48615653509484735,0.06556174450255943,-0.08835717135427175,0.015947144481494036,0.4085929633733514,0.10633118000362904
palma,-0.04060847727323919,1,0.27325634706488117,0.22566740032922783,0.0896806510865645,0.028047718140342532,-0.0874571260628805,0.09107915669887377,-0.49431431178127416,0.07828875198663494,-0.36315487229620674,0.07652859315710432,0.13462378216624454,-0.1277966005422127,-0.48615653509484735,0.06556174450255943,-0.08835717135427175,0.015947144481494036,0.4085929633733514,0.10633118000362904
palma,0.001674795074488497,1,0.4879555494317394,0.49121185647540877,0.045342872967997876,0.0020305938211939616,-0.026518888428951184,0.21628444545101488,-0.14529657051966804,0.3521541604598034,-0.23918359835865388,0.23275962323867289,-0.12150057293065532,0.12997280054826363,-0.1843733177139898,0.3067938056298391,-0.019169972696368536,0.16969234330650868,0.05872257208767382,-0.14891575563330559
palma,0.001399743273409081,1,0.4879555494317394,0.49121185647540877,0.045342872967997876,0.0020305938211939616,-0.026518888428951184,0.21628444545101488,-0.14529657051966804,0.3521541604598034,-0.23918359835865388,0.23275962323867289,-0.12150057293065532,0.12997280054826363,-0.1843733177139898,0.3067938056298391,-0.019169972696368536,0.16969234330650868,0.05872257208767382,-0.14891575563330559
palma,0.004871844635375019,1,0.4879555494317394,0.49121185647540877,0.045342872967997876,0.0020305938211939616,-0.026518888428951184,0.21628444545101488,-0.14529657051966804,0.3521541604598034,-0.23918359835865388,0.23275962323867289,-0.12150057293065532,0.12997280054826363,-0.1843733177139898,0.3067938056298391,-0.019169972696368536,0.16969234330650868,0.05872257208767382,-0.14891575563330559
palma,-0.07128205454064766,1,0.4879555494317394,0.49121185647540877,0.045342872967997876,0.0020305938211939616,-0.026518888428951184,0.21628444545101488,-0.14529657051966804,0.3521541604598034,-0.23918359835865388,0.23275962323867289,-0.12150057293065532,0.12997280054826363,-0.1843733177139898,0.3067938056298391,-0.019169972696368536,0.16969234330650868,0.05872257208767382,-0.14891575563330559
palma,-0.0015517564194218562,1,0.4879555494317394,0.49121185647540877,0.045342872967997876,0.0020305938211939616,-0.026518888428951184,0.21628444545101488,-0.14529657051966804,0.3521541604598034,-0.23918359835865388,0.23275962323867289,-0.12150057293065532,0.12997280054826363,-0.1843733177139898,0.3067938056298391,-0.019169972696368536,0.16969234330650868,0.05872257208767382,-0.14891575563330559
palma,-0.0012391825804153563,1,0.4879555494317394,0.49121185647540877,0.045342872967997876,0.0020305938211939616,-0.026518888428951184,0.21628444545101488,-0.14529657051966804,0.3521541604598034,-0.23918359835865388,0.23275962323867289,-0.12150057293065532,0.12997280054826363,-0.1843733177139898,0.3067938056298391,-0.019169972696368536,0.16969234330650868,0.05872257208767382,-0.14891575563330559
palma,-0.021892482983118928,1,0.4879555494317394,0.49121185647540877,0.045342872967997876,0.0020305938211939616,-0.026518888428951184,0.21628444545101488,-0.14529657051966804,0.3521541604598034,-0.23918359835865388,0.23275962323867289,-0.12150057293065532,0.12997280054826363,-0.1843733177139898,0.3067938056298391,-0.019169972696368536,0.16969234330650868,0.05872257208767382,-0.14891575563330559
palma,-0.10013848601022748,1,0.20852552062105012,0.03439638553005109,0.37516674850840975,0.14604450266159563,0.4421805798172347,0.21005760773083354,-0.0647828800565925,0.1578658555722115,0.23691402792070446,-0.22000597166462418,-0.1528078914326186,0.2689382026042313,0.07045420146008392,0.08019128105937467,-0.2598038390302203,-0.24928579802225523,0.21036068149125078,-0.37281658678773877
palma,-0.2422660448565707,1,0.20852552062105012,0.03439638553005109,0.37516674850840975,0.14604450266159563,0.4421805798172347,0.21005760773083354,-0.0647828800565925,0.1578658555722115,0.23691402792070446,-0.22000597166462418,-0.1528078914326186,0.2689382026042313,0.07045420146008392,0.08019128105937467,-0.2598038390302203,-0.24928579802225523,0.21036068149125078,-0.37281658678773877
palma,-0.5718734588664626,1,0.0015463109020121208,-0.10047529212659015,-0.24504852341932473,0.18658265927993997,-0.18935269471048813,-0.1258014395849656,0.003913949244683417,0.06991865948054164,0.011334748340009658,-0.20979895606830568,-0.5596259297459036,-0.11952126779479122,0.13867033123675654,-0.06405537325957818,-0.6195880974232901,-0.21600489287543775,0.11385916647236528,0.001222735827476834
palma,-0.12062026169969363,1,0.44396011978263716,-0.006714437160850295,-0.015747221957601556,0.09089068650287284,-0.14305717579408386,0.0021564910221779075,-0.032430488123157304,0.10092963806468443,0.12693296744376378,-0.15519292480921584,-0.40201692308771986,-0.41633882167373937,0.11764436199072148,0.04344343125262427,-0.36039865624648965,-0.2019039706359749,0.16861435265012495,0.4155400422801437
palma,-0.12812335747802892,1,0.21332968741299327,0.044384594690552004,0.05558488609953395,0.14777716214836997,0.09548668400867341,0.11255816688764841,0.01980925536933081,0.05875929215171297,0.20824249435425227,-0.1828789043983828,-0.396019106575868,0.3433273822129683,0.15308747989026072,-0.019678644961799878,-0.35510638757424967,-0.28611489063870066,0.2551828992374138,0.5035300439777665
palma,-0.09005250453406045,1,0.15959475552773028,0.42699497147944976,-0.07637211017823155,0.09603212152500575,0.09102741868786045,-0.13015857050571286,-0.15073360474873673,0.071467837028858,0.039816220975720316,-0.1900181800696921,-0.4879628104010241,0.410579774198533,0.3965778521186356,0.22635718257868875,0.041472121054522866,0.10942214858136072,-0.10680556246018615,-0.21472445362351972
palma,-0.16585447759466604,2,0.08513389347545075,0.238439315712057,-0.06030981051234255,0.10649582887105448,-0.1588422296820155,-0.12494927095641441,-0.15900934450889573,0.05504765707070684,-0.016821589375718538,-0.174895335923169,-0.48283745771088327,0.3368205013238287,0.09424391049432027,0.47716700157209985,0.09955811731085794,0.4050733957157985,-0.15712765776242005,-0.19762551721693256
palma,0.0001621088172358612,2,-0.09899948084394333,-0.25977378587991573,-0.2053408907374956,-0.5184527228205182,-0.30303591740708286,-0.08124376184360356,-0.08555274246761654,-0.03298414473910244,-0.059050826953074294,-0.14526740859693588,-0.3270997039263392,-0.4027527264931885,0.02668701525752051,0.06997449296094646,-0.3790797720319788,-0.09993561001328333,0.0582915419485989,0.22007114516383752
palma,0.0011788949866444022,2,-0.09899948084394333,-0.25977378587991573,-0.2053408907374956,-0.5184527228205182,-0.30303591740708286,-0.08124376184360356,-0.08555274246761654,-0.03298414473910244,-0.059050826953074294,-0.14526740859693588,-0.3270997039263392,-0.4027527264931885,0.02668701525752051,0.06997449296094646,-0.3790797720319788,-0.09993561001328333,0.0582915419485989,0.22007114516383752
palma,0.012597780059923075,2,-0.09899948084394333,-0.25977378587991573,-0.2053408907374956,-0.5184527228205182,-0.30303591740708286,-0.08124376184360356,-0.08555274246761654,-0.03298414473910244,-0.059050826953074294,-0.14526740859693588,-0.3270997039263392,-0.4027527264931885,0.02668701525752051,0.06997449296094646,-0.3790797720319788,-0.09993561001328333,0.0582915419485989,0.22007114516383752
palma,0.012892783408506798,2,-0.09899948084394333,-0.25977378587991573,-0.2053408907374956,-0.5184527228205182,-0.30303591740708286,-0.08124376184360356,-0.08555274246761654,-0.03298414473910244,-0.059050826953074294,-0.14526740859693588,-0.3270997039263392,-0.4027527264931885,0.02668701525752051,0.06997449296094646,-0.3790797720319788,-0.09993561001328333,0.0582915419485989,0.22007114516383752
palma,0.004611725398658426,2,-0.09899948084394333,-0.25977378587991573,-0.2053408907374956,-0.5184527228205182,-0.30303591740708286,-0.08124376184360356,-0.08555274246761654,-0.03298414473910244,-0.059050826953074294,-0.14526740859693588,-0.3270997039263392,-0.4027527264931885,0.02668701525752051,0.06997449296094646,-0.3790797720319788,-0.09993561001328333,0.0582915419485989,0.22007114516383752
palma,-0.06406995461143032,2,-0.09899948084394333,-0.25977378587991573,-0.2053408907374956,-0.5184527228205182,-0.30303591740708286,-0.08124376184360356,-0.08555274246761654,-0.03298414473910244,-0.059050826953074294,-0.14526740859693588,-0.3270997039263392,-0.4027527264931885,0.02668701525752051,0.06997449296094646,-0.3790797720319788,-0.09993561001328333,0.0582915419485989,0.22007114516383752
palma,-0.0023397213432765755,2,-0.09899948084394333,-0.25977378587991573,-0.2053408907374956,-0.5184527228205182,-0.30303591740708286,-0.08124376184360356,-0.08555274246761654,-0.03298414473910244,-0.059050826953074294,-0.14526740859693588,-0.3270997039263392,-0.4027527264931885,0.02668701525752051,0.06997449296094646,-0.3790797720319788,-0.09993561001328333,0.0582915419485989,0.22007114516383752
palma,-0.014875199218105989,2,-0.09899948084394333,-0.25977378587991573,-0.2053408907374956,-0.5184527228205182,-0.30303591740708286,-0.08124376184360356,-0.08555274246761654,-0.03298414473910244,-0.059050826953074294,-0.14526740859693588,-0.3270997039263392,-0.4027527264931885,0.02668701525752051,0.06997449296094646,-0.3790797720319788,-0.09993561001328333,0.0582915419485989,0.22007114516383752
palma,-0.03428001230617885,2,-0.09899948084394333,-0.25977378587991573,-0.2053408907374956,-0.5184527228205182,-0.30303591740708286,-0.08124376184360356,-0.08555274246761654,-0.03298414473910244,-0.059050826953074294,-0.14526740859693588,-0.3270997039263392,-0.4027527264931885,0.02668701525752051,0.06997449296094646,-0.3790797720319788,-0.09993561001328333,0.0582915419485989,0.22007114516383752
palma,-0.034199777046981565,2,-0.09899948084394333,-0.25977378587991573,-0.2053408907374956,-0.5184527228205182,-0.30303591740708286,-0.08124376184360356,-0.08555274246761654,-0.03298414473910244,-0.059050826953074294,-0.14526740859693588,-0.3270997039263392,-0.4027527264931885,0.02668701525752051,0.06997449296094646,-0.3790797720319788,-0.09993561001328333,0.0582915419485989,0.22007114516383752
palma,-0.10154116079061293,2,-0.27388813548611846,-0.03656389699171425,-0.21944630384814304,0.09457889964850924,-0.1385339996613124,-0.09587076062830391,0.2927740812973908,-0.3387467767378973,0.04652213314794259,0.4846911979767424,0.3340680291376685,-0.04462702865437721,-0.06763628017665499,0.2774253026499478,0.06245969723457251,0.3918772802227287,-0.13714187538926711,-0.17087523927557416
palma,-0.10379333025040134,2,-0.2941907323671159,-0.2321466358574511,-0.3518988966023666,-0.19423475191027015,0.1910347886050344,-0.09656305515377395,0.07038916079227817,0.2424636264195957,0.05807774862761887,-0.11088160176569022,0.33447832546147765,0.030641008380475544,0.04632374203217024,-0.5736721342186836,0.17054400519860133,-0.17539404845640655,-0.26227216324856417,-0.0086499532507221
palma,0.0013266086874609516,2,-0.2358160481052786,0.014505428371895057,0.2264223350130375,0.08390134265748111,-0.20271296496172128,0.4901066847584001,0.17730684447582673,-0.3817385231263998,0.0005962456593038758,0.3806167840590455,0.2540313884086941,-0.04643423470963137,-0.006936252827944289,0.2949137645321046,0.1243161598535958,0.2852341875318761,-0.11132324354270244,-0.14010360058008173
palma,-0.11291002097788863,2,-0.2358160481052786,0.014505428371895057,0.2264223350130375,0.08390134265748111,-0.20271296496172128,0.4901066847584001,0.17730684447582673,-0.3817385231263998,0.0005962456593038758,0.3806167840590455,0.2540313884086941,-0.04643423470963137,-0.006936252827944289,0.2949137645321046,0.1243161598535958,0.2852341875318761,-0.11132324354270244,-0.14010360058008173
palma,0.005591276968920733,2,0.046211735446203064,0.041477785845936865,-0.2624215581765527,0.12757242738735372,0.26241636544600366,-0.12024069650658452,0.08970093242488537,0.37084687523027465,0.0812621955442043,0.43060963712409844,0.35235081637478727,0.07563713965515054,0.059396713072839925,-0.3992888568618916,0.2227272454457826,0.2696181011492481,-0.267227085006785,-0.059488936219035254
palma,-0.12277572614622972,2,0.046211735446203064,0.041477785845936865,-0.2624215581765527,0.12757242738735372,0.26241636544600366,-0.12024069650658452,0.08970093242488537,0.37084687523027465,0.0812621955442043,0.43060963712409844,0.35235081637478727,0.07563713965515054,0.059396713072839925,-0.3992888568618916,0.2227272454457826,0.2696181011492481,-0.267227085006785,-0.059488936219035254
palma,-0.4064914513532027,2,-0.049756171408637716,-0.1159518922130999,0.35384767253369753,0.15812679598005383,-0.09488361580706883,-0.14404847306518054,0.026169639115350318,-0.49688481432489773,-0.437104421304472,-0.06504633039546957,0.2906693410265958,-0.12692629165525313,0.16850334135082728,0.13884938798189433,0.20140043197096189,0.23563732506214566,-0.3029767482385147,-0.15839892740890976
palma,-0.13797395570072024,2,-0.09804167455493354,-0.07811585950388134,0.15937304779508396,0.137474158087969,-0.19323742281114986,-0.11894815196560003,0.2020653659533818,-0.39609362265987635,-0.03886697649717783,0.4603429783346763,0.27451325532123266,-0.055796202353166076,-0.11142238101008421,0.3665331107908114,0.2987782624092044,0.32569928866084513,-0.15110627132784715,-0.18421944038932483
palma,-0.1429804760739045,2,0.006451158387150577,-0.055429133598115105,-0.31152142543711037,0.1330095144288681,0.2276686555171629,-0.11459691838004257,0.1237198570755431,0.2542801004828647,0.07718180302321387,0.4866844603397692,0.3420020123295728,0.06311138122355661,-0.16974831946519897,-0.33060994478094785,0.4447837158341735,0.13636385267392956,-0.13488386480118575,-0.026692041390358363
palma,-0.33209209411084234,2,0.006182211706034266,0.07930913026511498,0.17940105157153025,0.1548622537465029,0.1265369318522144,-0.17542534920977013,-0.15656244674280606,0.3238959851592279,-0.23509155043670604,0.13261716276841262,0.3696529413523704,0.038565267456767034,0.18504501441830035,0.12139007131702358,0.17067585491278972,0.5696154882874072,-0.35493159410851677,-0.1475368052500713
palma,0.10521039374040539,2,0.04349009376135256,0.06070805354017672,-0.16541380195239705,-0.10837787718565046,0.21708017106359895,-0.667454079728008,-0.1930979756594877,0.3584742996196421,0.2659196100331964,0.17259331555566682,-0.13368038293731227,0.047536526620383324,0.018856725402634812,-0.256901305742242,-0.1304784952922162,-0.2058453965221609,0.16760028962899381,0.1497788908436018
palma,0.05701006360469522,2,-0.1326524990168313,-0.180086069596465,0.047276372376123595,0.12178451115753279,0.46374071696983865,0.22485252691506002,0.3510407232477917,-0.2844153186776833,-0.1986984238571444,-0.1902972843218229,0.16696612977476957,-0.03325583225923724,0.11667444578001014,-0.3589290126131977,0.40282822010760033,-0.21651442132126447,-0.06094475110830974,-0.05644441172666509
palma,-0.12715444217494964,2,-0.1326524990168313,-0.180086069596465,0.047276372376123595,0.12178451115753279,0.46374071696983865,0.22485252691506002,0.3510407232477917,-0.2844153186776833,-0.1986984238571444,-0.1902972843218229,0.16696612977476957,-0.03325583225923724,0.11667444578001014,-0.3589290126131977,0.40282822010760033,-0.21651442132126447,-0.06094475110830974,-0.05644441172666509
palma,-0.21879448313629432,2,-0.1326524990168313,-0.180086069596465,0.047276372376123595,0.12178451115753279,0.46374071696983865,0.22485252691506002,0.3510407232477917,-0.2844153186776833,-0.1986984238571444,-0.1902972843218229,0.16696612977476957,-0.03325583225923724,0.11667444578001014,-0.3589290126131977,0.40282822010760033,-0.21651442132126447,-0.06094475110830974,-0.05644441172666509
palma,0.014300940239307967,2,0.14731937735409845,0.1002855164357308,0.020602963549805835,0.03085104046213679,-0.03256426597407648,-0.041702036667229325,-0.47728273096173857,0.08409390569901475,-0.36819680104319175,0.007252640856447785,0.2029874918219232,-0.17128250126143846,-0.49311691678162933,0.06172980845687489,-0.09480379568759416,0.006643328051027907,0.48448942510359005,0.17970421350561377
palma,-0.12833306294086103,2,0.14731937735409845,0.1002855164357308,0.020602963549805835,0.03085104046213679,-0.03256426597407648,-0.041702036667229325,-0.47728273096173857,0.08409390569901475,-0.36819680104319175,0.007252640856447785,0.2029874918219232,-0.17128250126143846,-0.49311691678162933,0.06172980845687489,-0.09480379568759416,0.006643328051027907,0.48448942510359005,0.17970421350561377
palma,-0.007893285952448816,2,0.14731937735409845,0.1002855164357308,0.020602963549805835,0.03085104046213679,-0.03256426597407648,-0.041702036667229325,-0.47728273096173857,0.08409390569901475,-0.36819680104319175,0.007252640856447785,0.2029874918219232,-0.17128250126143846,-0.49311691678162933,0.06172980845687489,-0.09480379568759416,0.006643328051027907,0.48448942510359005,0.17970421350561377
palma,-0.08827068090954496,2,0.11563847342627853,-0.03002148008760419,-0.15219253943351752,-0.1402186946730148,0.12936053558385516,-0.13687881193440088,-0.08707172493088139,0.048587525627543385,0.09384246229509723,-0.17638359812437673,-0.2519595128575334,0.32485527094755023,0.13182358672709682,-0.04041295524059075,-0.3499461641029446,-0.24944154326117285,0.31752859679598044,0.6197094576687551
palma,-0.14895697562941826,2,0.2712234193300192,0.5043942390956911,0.3872682523647083,0.06611512845848294,0.434534306156023,-0.11551637714848378,-0.06942766459543867,0.06504088008755997,0.14353269964182672,-0.1661346377452532,-0.16820923029853202,0.27545499361984604,0.03826780450548858,0.12303816785497151,0.18690867062305017,-0.09945342360364079,0.10885349313918419,-0.28427433927576573
rkiper,-0.08582320007228986,1,0.36054364466420064,0.28283003555483943,-0.3614185650828265,0.14750618921463582,-0.15203206142943582,0.07999001752853654,0.08222221959735651,0.11233655937841122,0.0793040073230692,-0.0787497679926629,-0.11626375204453183,0.19335536624474792,0.5339753125040194,0.21369047464872704,-0.21362223033040448,0.3184704817571108,0.1905537193174421,-0.10576276340674128
rkiper,-0.22193089112783893,1,0.36054364466420064,0.28283003555483943,-0.3614185650828265,0.14750618921463582,-0.15203206142943582,0.07999001752853654,0.08222221959735651,0.11233655937841122,0.0793040073230692,-0.0787497679926629,-0.11626375204453183,0.19335536624474792,0.5339753125040194,0.21369047464872704,-0.21362223033040448,0.3184704817571108,0.1905537193174421,-0.10576276340674128
rkiper,-0.10036326913582587,1,-0.2442311619759294,0.007556400203247771,-0.03155260950718298,0.27043315958104897,0.20421078283566513,-0.14329437754516403,-0.06806814427850705,0.06619145023453736,0.02478870261445211,-0.06251636259199796,0.6925025901839249,0.28240079566234455,-0.1621494471825562,0.08932732138049404,-0.02946248716404265,-0.02181716598675871,0.30185609333330765,-0.3230305138128675
rkiper,-0.07967709955370277,1,-0.3241701764739524,-0.14386046121144924,0.16691307349082868,0.39806382652467953,0.3253820859137423,-0.34496067807383424,-0.26916727097232823,-0.08633741559025206,-0.4572853540094678,-0.24999982455876568,-0.14756208914509006,-0.015923015081161535,0.02049396446306003,0.02532332327679765,-0.012276431652268814,0.001709736188382199,0.20222027761275085,-0.21767101825227642
rkiper,-0.2973126387729882,1,-0.3241701764739524,-0.14386046121144924,0.16691307349082868,0.39806382652467953,0.3253820859137423,-0.34496067807383424,-0.26916727097232823,-0.08633741559025206,-0.4572853540094678,-0.24999982455876568,-0.14756208914509006,-0.015923015081161535,0.02049396446306003,0.02532332327679765,-0.012276431652268814,0.001709736188382199,0.20222027761275085,-0.21767101825227642
rkiper,0.035665492816549134,1,-0.16436673755350897,-0.20175201105619045,0.2120006736556087,-0.2704538701799435,0.2543928963412161,0.1523276097431757,-0.13309842923408158,0.17601585330759367,-0.11767228266118361,-0.17008899111804152,-0.14620108824467357,0.08331430478954503,-0.1317721575197394,-0.4002833720825505,-0.24569229633341236,-0.13283838552214733,-0.4399291819251516,0.39666324874503245
rkiper,-0.15066587273868853,1,-0.16436673755350897,-0.20175201105619045,0.2120006736556087,-0.2704538701799435,0.2543928963412161,0.1523276097431757,-0.13309842923408158,0.17601585330759367,-0.11767228266118361,-0.17008899111804152,-0.14620108824467357,0.08331430478954503,-0.1317721575197394,-0.4002833720825505,-0.24569229633341236,-0.13283838552214733,-0.4399291819251516,0.39666324874503245
rkiper,-0.24647930323700584,1,-0.16436673755350897,-0.20175201105619045,0.2120006736556087,-0.2704538701799435,0.2543928963412161,0.1523276097431757,-0.13309842923408158,0.17601585330759367,-0.11767228266118361,-0.17008899111804152,-0.14620108824467357,0.08331430478954503,-0.1317721575197394,-0.4002833720825505,-0.24569229633341236,-0.13283838552214733,-0.4399291819251516,0.39666324874503245
rkiper,0.12732784431553884,1,-0.09848516515354028,0.005165160343870814,0.03849523248558661,0.10127812323287286,0.07244114634693985,-0.11206415149290148,-0.06999968545127713,-0.027488889127367595,-0.09502527378608107,-0.0018199809495749925,-0.11153617998133186,0.10124475441452029,-0.032587781281586896,-0.023378976134655546,-0.007880347327999887,0.015254542385503932,-0.7094940084134893,0.6465787962924003
rkiper,-0.15972450147707373,1,-0.09848516515354028,0.005165160343870814,0.03849523248558661,0.10127812323287286,0.07244114634693985,-0.11206415149290148,-0.06999968545127713,-0.027488889127367595,-0.09502527378608107,-0.0018199809495749925,-0.11153617998133186,0.10124475441452029,-0.032587781281586896,-0.023378976134655546,-0.007880347327999887,0.015254542385503932,-0.7094940084134893,0.6465787962924003
rkiper,-0.1296370255835628,1,-0.09848516515354028,0.005165160343870814,0.03849523248558661,0.10127812323287286,0.07244114634693985,-0.11206415149290148,-0.06999968545127713,-0.027488889127367595,-0.09502527378608107,-0.0018199809495749925,-0.11153617998133186,0.10124475441452029,-0.032587781281586896,-0.023378976134655546,-0.007880347327999887,0.015254542385503932,-0.7094940084134893,0.6465787962924003
rkiper,-0.5401611542163848,1,-0.09848516515354028,0.005165160343870814,0.03849523248558661,0.10127812323287286,0.07244114634693985,-0.11206415149290148,-0.06999968545127713,-0.027488889127367595,-0.09502527378608107,-0.0018199809495749925,-0.11153617998133186,0.10124475441452029,-0.032587781281586896,-0.023378976134655546,-0.007880347327999887,0.015254542385503932,-0.7094940084134893,0.6465787962924003
rkiper,0.014447245904609099,1,-0.20744011292252726,0.017212862773761106,0.014093636426457648,0.2860846857210175,0.20398950510805497,0.5129260227668996,-0.2163021590682605,-0.09418809409042164,-0.37523124616665277,-0.16881469566695598,-0.09558277869318871,-0.051355484967735864,-0.025071158201011384,0.0835684681097757,0.11324122113907233,-0.010885974148613434,0.40320138475185496,-0.38738916442079324
rkiper,-0.1606130242578093,1,-0.20744011292252726,0.017212862773761106,0.014093636426457648,0.2860846857210175,0.20398950510805497,0.5129260227668996,-0.2163021590682605,-0.09418809409042164,-0.37523124616665277,-0.16881469566695598,-0.09558277869318871,-0.051355484967735864,-0.025071158201011384,0.0835684681097757,0.11324122113907233,-0.010885974148613434,0.40320138475185496,-0.38738916442079324
rkiper,-0.09731506264090456,1,-0.03823182800058338,-0.2645297778322637,0.1836942739204843,-0.38701321712942005,0.20696871129570532,0.4250097399645243,-0.09133167007126132,0.16076094368695396,-0.03366389285549504,-0.15954131503295804,-0.10964779606194103,0.05964759615624742,-0.18607426267716645,-0.3532900999100443,-0.4229210422480088,0.11778306645772674,-0.1938859851576828,0.23548482390842757
rkiper,-0.12880825024040038,1,0.11271255333313449,-0.3401696223826456,0.2281093736764417,-0.39969646556484967,0.19192026340053175,0.34993315008489906,-0.16864721045517025,-0.4988472848376309,-0.35564722289231304,-0.18488983719419555,-0.10154677146157597,-0.1381271147964022,0.049349761074366776,0.06680630118344542,-0.04016506579401801,-0.058373702378882744,-0.11665232317628738,0.08732269204435927
rkiper,0.09029402583035034,1,0.030562238382297328,0.3096393633540673,-0.23019440860189147,0.31739794856416603,-0.17982397379414555,-0.34943763588659105,0.09592076225278104,-0.02410414569786282,0.07525494631821142,0.14564630364062892,0.08861500356257626,0.011026908055871787,0.2340052330132207,0.46004261823856674,0.3573774164576766,-0.23497901394376422,0.18239186062938337,-0.2603551339881052
rkiper,-0.08771656682903532,1,-0.006722549494051933,-0.21246632779170835,0.11075219314047115,0.30069274163115445,0.26010097864046994,0.5092630646323341,-0.24341301079276986,-0.3155797289326658,-0.43853583222118514,-0.24130006614171004,-0.09658337992121596,-0.12992730846370432,0.010557605384215954,0.15902491821735112,-0.04900090791014782,-0.13383913979117515,-0.1871312806167463,0.09384820473883236
rkiper,-0.3088579340862485,1,-0.006722549494051933,-0.21246632779170835,0.11075219314047115,0.30069274163115445,0.26010097864046994,0.5092630646323341,-0.24341301079276986,-0.3155797289326658,-0.43853583222118514,-0.24130006614171004,-0.09658337992121596,-0.12992730846370432,0.010557605384215954,0.15902491821735112,-0.04900090791014782,-0.13383913979117515,-0.1871312806167463,0.09384820473883236
rkiper,0.10845080361313032,1,0.017189237087545058,0.2200751575350704,-0.10884912383097256,0.3100625555604927,0.18699121759549742,-0.17190363792785776,0.13506785858125564,-0.057603205799751436,0.0774499097527359,0.12252094113163224,0.04791014163430421,0.027867683702103744,-0.01847876048150452,0.384161462232201,0.4375348519884302,0.02187985786472458,0.5134189311379778,-0.360123141053515
rkiper,-0.18845888245142714,1,-0.12994505337047754,-0.08794523226857409,0.11325472215643642,0.2875171992590931,0.17714983683015936,0.41564158789201133,-0.19345006348204238,-0.23092611728145954,0.07075112861985501,-0.0013484297904729358,0.07671256548718605,-0.17477269020684133,0.16164785087671837,-0.22630868874594753,-0.22580207040200115,-0.01291064562657905,-0.550797777486541,0.33418916967781703
rkiper,-0.10347703815865675,1,-0.12994505337047754,-0.08794523226857409,0.11325472215643642,0.2875171992590931,0.17714983683015936,0.41564158789201133,-0.19345006348204238,-0.23092611728145954,0.07075112861985501,-0.0013484297904729358,0.07671256548718605,-0.17477269020684133,0.16164785087671837,-0.22630868874594753,-0.22580207040200115,-0.01291064562657905,-0.550797777486541,0.33418916967781703
rkiper,-0.23291586121435798,1,-0.12994505337047754,-0.08794523226857409,0.11325472215643642,0.2875171992590931,0.17714983683015936,0.41564158789201133,-0.19345006348204238,-0.23092611728145954,0.07075112861985501,-0.0013484297904729358,0.07671256548718605,-0.17477269020684133,0.16164785087671837,-0.22630868874594753,-0.22580207040200115,-0.01291064562657905,-0.550797777486541,0.33418916967781703
rkiper,0.0004352351292559547,1,-0.16308452725328906,0.06220492345140094,-0.1723713612777532,0.1523983205468048,0.11371985516786452,0.002567787517434469,0.12865652450906023,0.16280996764074926,0.47916299426736,0.23914797111507724,-0.03526306481371664,-0.38772415779631947,0.3000108870794149,0.14308081010169665,0.3589511004307811,0.4091509287718963,0.08424838323513077,-0.09170177315293954
rkiper,-0.09823825684619965,1,-0.16308452725328906,0.06220492345140094,-0.1723713612777532,0.1523983205468048,0.11371985516786452,0.002567787517434469,0.12865652450906023,0.16280996764074926,0.47916299426736,0.23914797111507724,-0.03526306481371664,-0.38772415779631947,0.3000108870794149,0.14308081010169665,0.3589511004307811,0.4091509287718963,0.08424838323513077,-0.09170177315293954
rkiper,-0.002740259851564478,1,-0.16308452725328906,0.06220492345140094,-0.1723713612777532,0.1523983205468048,0.11371985516786452,0.002567787517434469,0.12865652450906023,0.16280996764074926,0.47916299426736,0.23914797111507724,-0.03526306481371664,-0.38772415779631947,0.3000108870794149,0.14308081010169665,0.3589511004307811,0.4091509287718963,0.08424838323513077,-0.09170177315293954
rkiper,-0.11521981093810041,1,-0.18253653704873066,-0.020402691139887796,-0.07174549950947226,0.27144058384028363,0.21649084069968216,-0.21600543943643108,0.037774331843220266,0.0755731648340857,0.16301073333897814,-0.025234242263951556,0.5766312805817737,0.3714692316098262,-0.23666315846992855,0.0880621627798371,0.1114061780987915,-0.026202641700114403,0.2860535569490041,-0.36108262321815254
rkiper,-0.282917545733753,1,-0.18253653704873066,-0.020402691139887796,-0.07174549950947226,0.27144058384028363,0.21649084069968216,-0.21600543943643108,0.037774331843220266,0.0755731648340857,0.16301073333897814,-0.025234242263951556,0.5766312805817737,0.3714692316098262,-0.23666315846992855,0.0880621627798371,0.1114061780987915,-0.026202641700114403,0.2860535569490041,-0.36108262321815254
rkiper,0.12084421850750031,1,-0.009510128713324396,-0.04187157317144863,0.05444693292801318,-0.35792583686711493,-0.11201707822538581,-0.11510193072320117,-0.09450381021620145,-0.11833847562309278,-0.23753554599676427,0.05834983499803392,0.35033603045694645,-0.3764255446735292,0.22598666339832907,-0.11977270162133898,-0.16795477252775406,0.03325850070434167,-0.4120948320941698,0.47910102316269965
rkiper,0.0014935211797054491,1,-0.19613518209896075,-0.08974749022410933,0.02213451494362062,-0.12667280972637107,0.25118859551048583,0.10775051146586039,-0.04573739238853577,-0.05478051156691781,-0.09431151832761009,0.02839395012298894,0.13339058205747112,-0.14709898919413036,-0.08936607597647728,-0.06424367724931508,-0.03914134114209747,0.022739648789553785,0.8686190579181595,0.1983631912163466
rkiper,0.013714346335776707,1,-0.19613518209896075,-0.08974749022410933,0.02213451494362062,-0.12667280972637107,0.25118859551048583,0.10775051146586039,-0.04573739238853577,-0.05478051156691781,-0.09431151832761009,0.02839395012298894,0.13339058205747112,-0.14709898919413036,-0.08936607597647728,-0.06424367724931508,-0.03914134114209747,0.022739648789553785,0.8686190579181595,0.1983631912163466
rkiper,0.40797034006785254,1,-0.19613518209896075,-0.08974749022410933,0.02213451494362062,-0.12667280972637107,0.25118859551048583,0.10775051146586039,-0.04573739238853577,-0.05478051156691781,-0.09431151832761009,0.02839395012298894,0.13339058205747112,-0.14709898919413036,-0.08936607597647728,-0.06424367724931508,-0.03914134114209747,0.022739648789553785,0.8686190579181595,0.1983631912163466
rkiper,-0.06825343458484393,1,0.3423058876682403,0.26042262969197294,-0.28735027122626683,0.2063877687178134,-0.4672326723851756,-0.1239361143301566,0.16511056426803458,0.1041663061507611,0.03758220630904151,0.020696025830485295,-0.18447425132941597,0.20859528698753982,0.41607251618593444,0.23919647872860345,-0.23162077759600982,-0.06372480241099861,0.2114099681462317,-0.0770973455421885
rkiper,-0.05933767538950866,1,0.384246979836049,0.34622086074466774,-0.3216139804497219,0.1129776476984801,-0.27062332054352056,-0.09312782987239146,0.3909148166719025,0.16548006813578925,-0.2869188612954382,0.26388605327251746,-0.024792120001983907,0.0771112444701032,0.2074217028404225,0.17251330593824543,0.23966682698416328,-0.09035981202567869,0.2061753384816676,-0.12149493394212733
rkiper,-0.11552148001599796,2,0.2884275942172112,0.34789325282888206,-0.2638960380959689,0.19923522812150812,-0.29226473989845153,-0.030742009936454096,0.11416368247407561,0.15818665921469968,0.16157564158610646,-0.07303016252772727,-0.21032371244961273,0.2742183996861525,0.4848429691785874,0.3069164916761422,-0.12634072149696104,0.07975347743685353,0.20624905429210885,-0.130461891523534
rkiper,-0.2116264504027679,2,0.2884275942172112,0.34789325282888206,-0.2638960380959689,0.19923522812150812,-0.29226473989845153,-0.030742009936454096,0.11416368247407561,0.15818665921469968,0.16157564158610646,-0.07303016252772727,-0.21032371244961273,0.2742183996861525,0.4848429691785874,0.3069164916761422,-0.12634072149696104,0.07975347743685353,0.20624905429210885,-0.130461891523534
rkiper,0.02215733798282393,2,-0.2792944421681552,0.0878510991924153,0.030244386509860114,0.2774777296634166,0.16387979396459543,-0.21068360586775636,-0.03140976423634424,0.06689458768694738,0.17705205904327173,-0.017534026400356915,0.6999655871790444,0.2762641510091879,-0.20505467957051024,0.14134088543136317,0.13077009420898753,-0.03475335060676692,0.1563200186222056,-0.23867289552539137
rkiper,-0.0813131728876796,2,-0.2792944421681552,0.0878510991924153,0.030244386509860114,0.2774777296634166,0.16387979396459543,-0.21068360586775636,-0.03140976423634424,0.06689458768694738,0.17705205904327173,-0.017534026400356915,0.6999655871790444,0.2762641510091879,-0.20505467957051024,0.14134088543136317,0.13077009420898753,-0.03475335060676692,0.1563200186222056,-0.23867289552539137
rkiper,-0.0020802111468332636,2,-0.2792944421681552,0.0878510991924153,0.030244386509860114,0.2774777296634166,0.16387979396459543,-0.21068360586775636,-0.03140976423634424,0.06689458768694738,0.17705205904327173,-0.017534026400356915,0.6999655871790444,0.2762641510091879,-0.20505467957051024,0.14134088543136317,0.13077009420898753,-0.03475335060676692,0.1563200186222056,-0.23867289552539137
rkiper,-0.15039105422090585,2,-0.48208633112838567,-0.013899579643913751,0.23824608326688823,0.273817696711801,0.31097368204423625,-0.19166220103955797,-0.38691636176637156,0.08925260181449277,-0.18966770415607037,-0.255055737824403,-0.20114623763825643,-0.014405169965414834,-0.1749090139511279,-0.12145557499980807,0.10216287599796274,-0.03151515703461664,-0.3577209102403944,0.13460684441262816
rkiper,-0.10441128505842139,2,-0.15125419482679806,-0.30111991080675715,0.28368422209227084,-0.3767967171381206,0.2018881212752642,0.30193522537011347,-0.15722293314877522,0.133339938465308,0.05371184487852142,-0.14940213531122737,-0.11868364808884811,0.03910919152120718,-0.23538410544306887,-0.39732844477524204,-0.294843733303583,-0.16416659789169694,-0.22601616173052252,0.2655381484925891
rkiper,0.1267003234019572,2,-0.01380769781155915,0.3630270738511845,-0.3008031730185006,0.39480869949296166,-0.18087140457006234,0.029110378440840634,0.23724296653216836,0.5957428723561986,0.22631398138369552,0.18494780114051826,0.09742055863227701,0.15359602373316253,0.014683479564321717,-0.11264282129106855,0.01807671138600824,0.12072375849224705,0.13962262778847515,-0.10537014000715257
rkiper,-0.11032542355581995,2,-0.11004602983856417,-0.3094778685944989,0.32297768204476635,-0.3509657487020448,0.18127130205314748,0.24729329049858392,-0.1642993647907308,0.043860555247354716,0.004899635448898386,-0.14939165451374287,-0.0977975839728134,-0.004953211695499676,-0.2838172531432967,-0.4664421346975055,-0.27012237465433725,0.11344298646017477,-0.2173635496780069,0.2802800389872109
rkiper,-0.18662155454445312,2,-0.13580953257618875,-0.27363741905054306,0.20948005056102775,0.19738424195416887,0.2654864646736109,-0.09531601639005004,-0.3254690302157744,-0.5038210967421998,-0.31475790439044593,-0.2718636242224309,-0.11637106565134679,-0.17717176010353505,-0.12978228180952278,0.19405284670246878,-0.003635016637725661,-0.1667767864244695,-0.25659925767328157,0.13570794830918914
rkiper,-0.14689118936182052,2,-0.13580953257618875,-0.27363741905054306,0.20948005056102775,0.19738424195416887,0.2654864646736109,-0.09531601639005004,-0.3254690302157744,-0.5038210967421998,-0.31475790439044593,-0.2718636242224309,-0.11637106565134679,-0.17717176010353505,-0.12978228180952278,0.19405284670246878,-0.003635016637725661,-0.1667767864244695,-0.25659925767328157,0.13570794830918914
rkiper,-0.21377415901931562,2,-0.13580953257618875,-0.27363741905054306,0.20948005056102775,0.19738424195416887,0.2654864646736109,-0.09531601639005004,-0.3254690302157744,-0.5038210967421998,-0.31475790439044593,-0.2718636242224309,-0.11637106565134679,-0.17717176010353505,-0.12978228180952278,0.19405284670246878,-0.003635016637725661,-0.1667767864244695,-0.25659925767328157,0.13570794830918914
rkiper,-0.2025320967935932,2,-0.13580953257618875,-0.27363741905054306,0.20948005056102775,0.19738424195416887,0.2654864646736109,-0.09531601639005004,-0.3254690302157744,-0.5038210967421998,-0.31475790439044593,-0.2718636242224309,-0.11637106565134679,-0.17717176010353505,-0.12978228180952278,0.19405284670246878,-0.003635016637725661,-0.1667767864244695,-0.25659925767328157,0.13570794830918914
rkiper,-0.12242144632190428,2,-0.12225750684693946,-0.24024157041608885,0.24319125528215477,-0.23145036812637312,0.028855407370477856,0.18078056914066165,-0.1917784083342283,-0.05091063261406156,-0.005839301386830444,-0.09819865929313644,-0.024560399632276467,-0.07730515385273021,-0.05950056080076751,-0.4827458628068064,-0.3518896421622697,-0.018691977561391376,-0.4997167047338204,0.339128260313722
rkiper,0.06601016821346983,2,-0.14462986469389436,-0.1404881362594418,0.20623063135604477,0.22742255657709112,0.1277265750043312,-0.05565966334816677,-0.2739826444726018,-0.39010886615401597,-0.07557726738851796,-0.012364553172982054,0.1007519871462228,-0.2151912502962028,-0.027013991459313758,-0.38797407930453065,-0.323380598025859,0.0014368645200735144,-0.45833001725968897,0.30034902227672206
rkiper,-0.10305359453584913,2,-0.14462986469389436,-0.1404881362594418,0.20623063135604477,0.22742255657709112,0.1277265750043312,-0.05565966334816677,-0.2739826444726018,-0.39010886615401597,-0.07557726738851796,-0.012364553172982054,0.1007519871462228,-0.2151912502962028,-0.027013991459313758,-0.38797407930453065,-0.323380598025859,0.0014368645200735144,-0.45833001725968897,0.30034902227672206
rkiper,-0.22704591709170846,2,-0.14462986469389436,-0.1404881362594418,0.20623063135604477,0.22742255657709112,0.1277265750043312,-0.05565966334816677,-0.2739826444726018,-0.39010886615401597,-0.07557726738851796,-0.012364553172982054,0.1007519871462228,-0.2151912502962028,-0.027013991459313758,-0.38797407930453065,-0.323380598025859,0.0014368645200735144,-0.45833001725968897,0.30034902227672206
rkiper,-0.10020952511221022,2,-0.19770836528218602,0.04888564067818002,-0.14494048340473717,0.15494040256587904,0.11728561138219112,-0.04275950721498402,0.10735800495943502,0.1546676305704088,0.46589976694479796,0.30970391941751546,-0.007308422655128218,-0.3995894200865746,0.2690265019382216,0.1380557214757929,0.3676276155020538,0.36662943654299895,0.07378714590848157,0.15272392595640777
rkiper,0.0020143781700008175,2,-0.09566275803334534,0.03743873065056502,-0.09166290189470482,0.1869425733663647,0.16188419062825116,-0.1472809684887521,0.06300671040781333,0.00925812842748066,0.11930353324298804,-0.02143790440009643,0.5669927811178116,-0.6302229317879852,-0.18356855616454604,0.06480566821483555,0.08923664132378124,-0.018552387891841948,0.21340106781833065,-0.2627629781315401
rkiper,0.005437191314231682,2,-0.09566275803334534,0.03743873065056502,-0.09166290189470482,0.1869425733663647,0.16188419062825116,-0.1472809684887521,0.06300671040781333,0.00925812842748066,0.11930353324298804,-0.02143790440009643,0.5669927811178116,-0.6302229317879852,-0.18356855616454604,0.06480566821483555,0.08923664132378124,-0.018552387891841948,0.21340106781833065,-0.2627629781315401
rkiper,0.00792687322188755,2,-0.09566275803334534,0.03743873065056502,-0.09166290189470482,0.1869425733663647,0.16188419062825116,-0.1472809684887521,0.06300671040781333,0.00925812842748066,0.11930353324298804,-0.02143790440009643,0.5669927811178116,-0.6302229317879852,-0.18356855616454604,0.06480566821483555,0.08923664132378124,-0.018552387891841948,0.21340106781833065,-0.2627629781315401
rkiper,-0.11076107528385642,2,-0.09566275803334534,0.03743873065056502,-0.09166290189470482,0.1869425733663647,0.16188419062825116,-0.1472809684887521,0.06300671040781333,0.00925812842748066,0.11930353324298804,-0.02143790440009643,0.5669927811178116,-0.6302229317879852,-0.18356855616454604,0.06480566821483555,0.08923664132378124,-0.018552387891841948,0.21340106781833065,-0.2627629781315401
rkiper,-0.0014730979567918769,2,-0.09566275803334534,0.03743873065056502,-0.09166290189470482,0.1869425733663647,0.16188419062825116,-0.1472809684887521,0.06300671040781333,0.00925812842748066,0.11930353324298804,-0.02143790440009643,0.5669927811178116,-0.6302229317879852,-0.18356855616454604,0.06480566821483555,0.08923664132378124,-0.018552387891841948,0.21340106781833065,-0.2627629781315401
rkiper,-0.005752356260902728,2,-0.09566275803334534,0.03743873065056502,-0.09166290189470482,0.1869425733663647,0.16188419062825116,-0.1472809684887521,0.06300671040781333,0.00925812842748066,0.11930353324298804,-0.02143790440009643,0.5669927811178116,-0.6302229317879852,-0.18356855616454604,0.06480566821483555,0.08923664132378124,-0.018552387891841948,0.21340106781833065,-0.2627629781315401
rkiper,-0.2234772616249412,2,0.287644130682897,0.25691816989825733,-0.23945587932028908,0.12692265272889383,-0.3214030951811509,0.21840725908867803,0.3666854743892571,0.18941411264832708,-0.23838838837672036,0.5320001894110218,-0.01931783760619377,0.09432149996664284,0.04575747205710132,0.13898368118313542,0.17033798329226424,-0.06230981366721118,0.15524683993923236,-0.17010445159160759
rkiper,0.01904718754902453,4,0.19933825564876562,0.27497964274055997,-0.39614264891074097,0.18361276924754258,-0.1482739265809198,0.3460003945933965,0.35480322370204265,0.24016598202154274,-0.24610513483740618,0.25702465005113573,-0.03187887004649209,0.15394421555345136,0.07078299009934055,0.18180586769925913,0.1922083662352032,-0.07023169668783628,0.2668880077700329,-0.2573470392289641
rkiper,-0.19537959238397887,4,0.19933825564876562,0.27497964274055997,-0.39614264891074097,0.18361276924754258,-0.1482739265809198,0.3460003945933965,0.35480322370204265,0.24016598202154274,-0.24610513483740618,0.25702465005113573,-0.03187887004649209,0.15394421555345136,0.07078299009934055,0.18180586769925913,0.1922083662352032,-0.07023169668783628,0.2668880077700329,-0.2573470392289641
rkiper,-0.0987979889505377,4,0.19933825564876562,0.27497964274055997,-0.39614264891074097,0.18361276924754258,-0.1482739265809198,0.3460003945933965,0.35480322370204265,0.24016598202154274,-0.24610513483740618,0.25702465005113573,-0.03187887004649209,0.15394421555345136,0.07078299009934055,0.18180586769925913,0.1922083662352032,-0.07023169668783628,0.2668880077700329,-0.2573470392289641
rkiper,-0.2260248194673108,4,0.19933825564876562,0.27497964274055997,-0.39614264891074097,0.18361276924754258,-0.1482739265809198,0.3460003945933965,0.35480322370204265,0.24016598202154274,-0.24610513483740618,0.25702465005113573,-0.03187887004649209,0.15394421555345136,0.07078299009934055,0.18180586769925913,0.1922083662352032,-0.07023169668783628,0.2668880077700329,-0.2573470392289641
rkiper,-0.19268028963667821,4,-0.47727425212488606,-0.016766044925694223,0.019512240335268122,0.2952153300288366,0.19414115434903148,-0.2402852203175642,-0.1407180025492764,0.08231549326354316,0.20118742199763273,-0.06890895761377179,0.48947605167359537,0.18417427353157478,-0.4588503840624769,0.0837871820957291,0.06914208014455697,-0.029531591395581577,-0.023184292281969797,-0.14108219595574067
rkiper,-0.09395530033512875,4,-0.47727425212488606,-0.016766044925694223,0.019512240335268122,0.2952153300288366,0.19414115434903148,-0.2402852203175642,-0.1407180025492764,0.08231549326354316,0.20118742199763273,-0.06890895761377179,0.48947605167359537,0.18417427353157478,-0.4588503840624769,0.0837871820957291,0.06914208014455697,-0.029531591395581577,-0.023184292281969797,-0.14108219595574067
rkiper,-0.20504563723260746,4,-0.47727425212488606,-0.016766044925694223,0.019512240335268122,0.2952153300288366,0.19414115434903148,-0.2402852203175642,-0.1407180025492764,0.08231549326354316,0.20118742199763273,-0.06890895761377179,0.48947605167359537,0.18417427353157478,-0.4588503840624769,0.0837871820957291,0.06914208014455697,-0.029531591395581577,-0.023184292281969797,-0.14108219595574067
rkiper,-0.17375938841587224,4,-0.42911221649411596,-0.11946000340876595,0.33177263221658776,0.19053901915639448,0.24500165099360455,-0.3116671641700712,-0.4390830837496978,-0.043344926783764136,-0.01978252459123483,-0.25764183693476495,-0.18788945358454281,-0.0394840200487332,-0.3353094173468776,-0.021549337855813512,0.1826557887661652,-0.02035596200442881,-0.2297445078086822,0.017027302520238714
rkiper,-0.10605341726721587,4,-0.16574278513847315,-0.30875957576111723,0.41284760179774443,-0.40250878821416686,0.18697089141727052,-0.10506460244580348,-0.20432682224213322,-0.06844043758739793,0.09555292802923761,-0.16227777847168937,-0.1127535670596204,-0.03642914399078762,-0.36212584342497994,-0.2870187246438643,-0.1403366721731261,-0.1817553227735824,-0.2801225968303548,0.2410235385674302
rkiper,-0.14459216722408189,4,-0.1364784289060261,-0.35488522397241906,0.3912550810127989,-0.3897280272191191,0.16706019622539295,-0.19567180616220647,-0.3221280434509712,-0.42663564523495995,-0.10928800117746289,-0.1639373934457775,-0.10678998809295745,-0.11640431752975897,-0.21581480725969177,-0.032349253742289336,0.01254648880152428,-0.02786109862495637,-0.24153148006382363,0.16677412389576396
rkiper,-0.07791585664810392,4,-0.17265861148556386,-0.30086180983090993,0.357239110404673,-0.3536217403671136,0.15691246621387955,-0.00805991352182372,-0.24872195605244557,-0.19046800122716795,0.019529521772105488,-0.12347973304011721,-0.07013989416671175,-0.09095028065256788,-0.411357165638434,-0.3446957132649718,-0.15161152193918423,0.18225767729909667,-0.2470922773821948,0.2647023560635538
rkiper,0.011669458843314584,4,-0.10418993253651684,-0.30140891055800556,0.301640273387859,-0.32269086033976024,0.15389598027743215,0.1218428063865929,-0.3772458351889021,-0.5962559784535801,0.030073337290035064,-0.028163769186684638,0.039446569757425616,-0.18081628820535928,-0.08758181863091746,-0.1503406785034154,-0.023585690729843192,-0.07864387880982888,-0.26792476583874175,0.14855888340962237
rkiper,-0.09768425834459248,4,-0.10418993253651684,-0.30140891055800556,0.301640273387859,-0.32269086033976024,0.15389598027743215,0.1218428063865929,-0.3772458351889021,-0.5962559784535801,0.030073337290035064,-0.028163769186684638,0.039446569757425616,-0.18081628820535928,-0.08758181863091746,-0.1503406785034154,-0.023585690729843192,-0.07864387880982888,-0.26792476583874175,0.14855888340962237
rkiper,-0.010571159244341332,4,-0.10418993253651684,-0.30140891055800556,0.301640273387859,-0.32269086033976024,0.15389598027743215,0.1218428063865929,-0.3772458351889021,-0.5962559784535801,0.030073337290035064,-0.028163769186684638,0.039446569757425616,-0.18081628820535928,-0.08758181863091746,-0.1503406785034154,-0.023585690729843192,-0.07864387880982888,-0.26792476583874175,0.14855888340962237
rkiper,0.003432171103074773,4,-0.23022752533294435,0.09042562924029052,-0.06012620670078084,0.0808217597762048,0.07554994451143902,-0.09972817439219982,0.06686302968666215,0.1275885269747011,0.43149658598705604,0.2833060160520927,-0.05949423475130846,-0.29723994534388093,0.2507676572391636,0.11079137227710958,0.39035258162742315,0.40430151177728446,-0.04494911544215348,0.3753811446116134
rkiper,0.0008230978886534771,4,-0.23022752533294435,0.09042562924029052,-0.06012620670078084,0.0808217597762048,0.07554994451143902,-0.09972817439219982,0.06686302968666215,0.1275885269747011,0.43149658598705604,0.2833060160520927,-0.05949423475130846,-0.29723994534388093,0.2507676572391636,0.11079137227710958,0.39035258162742315,0.40430151177728446,-0.04494911544215348,0.3753811446116134
rkiper,-0.1227826050622266,4,-0.23022752533294435,0.09042562924029052,-0.06012620670078084,0.0808217597762048,0.07554994451143902,-0.09972817439219982,0.06686302968666215,0.1275885269747011,0.43149658598705604,0.2833060160520927,-0.05949423475130846,-0.29723994534388093,0.2507676572391636,0.11079137227710958,0.39035258162742315,0.40430151177728446,-0.04494911544215348,0.3753811446116134
rkiper,-0.005364167537502885,4,-0.23022752533294435,0.09042562924029052,-0.06012620670078084,0.0808217597762048,0.07554994451143902,-0.09972817439219982,0.06686302968666215,0.1275885269747011,0.43149658598705604,0.2833060160520927,-0.05949423475130846,-0.29723994534388093,0.2507676572391636,0.11079137227710958,0.39035258162742315,0.40430151177728446,-0.04494911544215348,0.3753811446116134
rkiper,-0.030103519796380308,4,-0.23022752533294435,0.09042562924029052,-0.06012620670078084,0.0808217597762048,0.07554994451143902,-0.09972817439219982,0.06686302968666215,0.1275885269747011,0.43149658598705604,0.2833060160520927,-0.05949423475130846,-0.29723994534388093,0.2507676572391636,0.11079137227710958,0.39035258162742315,0.40430151177728446,-0.04494911544215348,0.3753811446116134
rkiper,0.003432171103074773,4,-0.23022752533294435,0.09042562924029052,-0.06012620670078084,0.0808217597762048,0.07554994451143902,-0.09972817439219982,0.06686302968666215,0.1275885269747011,0.43149658598705604,0.2833060160520927,-0.05949423475130846,-0.29723994534388093,0.2507676572391636,0.11079137227710958,0.39035258162742315,0.40430151177728446,-0.04494911544215348,0.3753811446116134
rkiper,0.0008230978886534771,4,-0.23022752533294435,0.09042562924029052,-0.06012620670078084,0.0808217597762048,0.07554994451143902,-0.09972817439219982,0.06686302968666215,0.1275885269747011,0.43149658598705604,0.2833060160520927,-0.05949423475130846,-0.29723994534388093,0.2507676572391636,0.11079137227710958,0.39035258162742315,0.40430151177728446,-0.04494911544215348,0.3753811446116134
rkiper,-0.1227826050622266,4,-0.23022752533294435,0.09042562924029052,-0.06012620670078084,0.0808217597762048,0.07554994451143902,-0.09972817439219982,0.06686302968666215,0.1275885269747011,0.43149658598705604,0.2833060160520927,-0.05949423475130846,-0.29723994534388093,0.2507676572391636,0.11079137227710958,0.39035258162742315,0.40430151177728446,-0.04494911544215348,0.3753811446116134
rkiper,-0.005364167537502885,4,-0.23022752533294435,0.09042562924029052,-0.06012620670078084,0.0808217597762048,0.07554994451143902,-0.09972817439219982,0.06686302968666215,0.1275885269747011,0.43149658598705604,0.2833060160520927,-0.05949423475130846,-0.29723994534388093,0.2507676572391636,0.11079137227710958,0.39035258162742315,0.40430151177728446,-0.04494911544215348,0.3753811446116134
rkiper,-0.030103519796380308,4,-0.23022752533294435,0.09042562924029052,-0.06012620670078084,0.0808217597762048,0.07554994451143902,-0.09972817439219982,0.06686302968666215,0.1275885269747011,0.43149658598705604,0.2833060160520927,-0.05949423475130846,-0.29723994534388093,0.2507676572391636,0.11079137227710958,0.39035258162742315,0.40430151177728446,-0.04494911544215348,0.3753811446116134
peppe,0.02847947189423525,1,-0.43118333709460394,0.3332406272064159,0.1710307936102007,0.18203498394730605,0.16533749019110913,0.1946395809746117,-0.40631789236216653,0.017365820596457048,0.0007318275545978632,-0.250125615811751,0.04503179262043089,0.15951550931775663,0.24673930145292297,0.17582640108475572,-0.18820923519424285,-0.14386524209178145,0.2787808811211249,-0.30717448402289604
peppe,-0.08487678905493695,1,-0.43118333709460394,0.3332406272064159,0.1710307936102007,0.18203498394730605,0.16533749019110913,0.1946395809746117,-0.40631789236216653,0.017365820596457048,0.0007318275545978632,-0.250125615811751,0.04503179262043089,0.15951550931775663,0.24673930145292297,0.17582640108475572,-0.18820923519424285,-0.14386524209178145,0.2787808811211249,-0.30717448402289604
peppe,-0.11698194360046685,1,-0.027596835817554524,-0.20792048289912513,-0.0938898963167996,0.2716273280953455,-0.10772704546254074,0.26850513613703697,0.004414411911287321,0.14490145502282964,0.060221563583782174,-0.01368553867446046,-0.14616293552389364,0.3020754896800768,-0.5892544687700281,-0.12913108473976023,0.4903290024875138,-0.08261492393759994,-0.0005059727585225961,-0.20279031548788853
peppe,0.11641908520390802,1,0.014687898936899587,0.09656273684064365,0.19840005890170878,-0.27565378451946904,0.2673812051255099,-0.28719773253753605,0.30626321711754767,0.2640060367928781,-0.39258908222997563,0.16752181276292188,-0.03157643114247904,-0.15366900003602088,0.31466490756131626,-0.06924196701668206,-0.26574345561630486,0.1252487814063585,-0.1812361126505759,0.3576002199378785
peppe,-0.017102404559399795,1,0.014687898936899587,0.09656273684064365,0.19840005890170878,-0.27565378451946904,0.2673812051255099,-0.28719773253753605,0.30626321711754767,0.2640060367928781,-0.39258908222997563,0.16752181276292188,-0.03157643114247904,-0.15366900003602088,0.31466490756131626,-0.06924196701668206,-0.26574345561630486,0.1252487814063585,-0.1812361126505759,0.3576002199378785
peppe,0.057652892475822066,1,0.09343788996815812,-0.11734355369578964,-0.0735430833414799,-0.22588750452626005,0.10883641086261928,-0.2442052253073256,0.255787885072005,0.30866055200090353,-0.18766528459224194,0.307819523959204,-0.13363199734340528,0.20768004566582107,-0.3785062007259862,-0.42938578677297334,0.21528225063971823,-0.009845597232832428,-0.299384081908125,0.1849670953401817
peppe,-0.1132049122207663,1,0.09343788996815812,-0.11734355369578964,-0.0735430833414799,-0.22588750452626005,0.10883641086261928,-0.2442052253073256,0.255787885072005,0.30866055200090353,-0.18766528459224194,0.307819523959204,-0.13363199734340528,0.20768004566582107,-0.3785062007259862,-0.42938578677297334,0.21528225063971823,-0.009845597232832428,-0.299384081908125,0.1849670953401817
peppe,0.28680221470419937,1,-0.32835652905823887,0.3324549176255304,0.39266485713227567,-0.0006336377474682105,0.05806998009447722,-0.2869711365416688,0.3846872561165404,0.15180337198413008,-0.24633558962023894,0.2841521522981968,-0.23978133414809724,-0.012181240326187935,-0.10070203541965435,-0.22211853161159245,-0.1380097986724118,0.20680158223720996,0.09533837027807594,0.2031473270335789
peppe,0.05233535546824914,1,0.18408832896734964,-0.10476537220721771,-0.02224778367673373,-0.26270992043997854,0.05820288220668412,-0.34589836065672164,0.26452968987693,0.23194671177562284,-0.146744244019295,0.3674879761934679,-0.008442931507170221,0.14840396600371983,-0.28702099596913083,-0.35516106233351835,0.3653389971987207,-0.23402945881124382,-0.20622242815868475,0.14439166780729348
peppe,-0.07808155874874063,1,0.18408832896734964,-0.10476537220721771,-0.02224778367673373,-0.26270992043997854,0.05820288220668412,-0.34589836065672164,0.26452968987693,0.23194671177562284,-0.146744244019295,0.3674879761934679,-0.008442931507170221,0.14840396600371983,-0.28702099596913083,-0.35516106233351835,0.3653389971987207,-0.23402945881124382,-0.20622242815868475,0.14439166780729348
peppe,-0.04389399102063095,1,0.18408832896734964,-0.10476537220721771,-0.02224778367673373,-0.26270992043997854,0.05820288220668412,-0.34589836065672164,0.26452968987693,0.23194671177562284,-0.146744244019295,0.3674879761934679,-0.008442931507170221,0.14840396600371983,-0.28702099596913083,-0.35516106233351835,0.3653389971987207,-0.23402945881124382,-0.20622242815868475,0.14439166780729348
peppe,0.0039807637164822815,1,-0.10971002026735781,0.2110621459821428,0.19157747511095244,0.10502546245762534,0.041096852527260024,-0.00010490590736935725,0.5706300691540064,0.14412865919716492,-0.599901824298016,0.3256179991543962,0.06233623092137726,0.13186167863712947,-0.07510855514856236,0.029048613308669296,0.19111307308518372,-0.08228815439236976,-0.09761422160893,-0.03334228962171083
peppe,0.0024388687721541335,1,-0.10971002026735781,0.2110621459821428,0.19157747511095244,0.10502546245762534,0.041096852527260024,-0.00010490590736935725,0.5706300691540064,0.14412865919716492,-0.599901824298016,0.3256179991543962,0.06233623092137726,0.13186167863712947,-0.07510855514856236,0.029048613308669296,0.19111307308518372,-0.08228815439236976,-0.09761422160893,-0.03334228962171083
peppe,0.008403416088667272,1,-0.10971002026735781,0.2110621459821428,0.19157747511095244,0.10502546245762534,0.041096852527260024,-0.00010490590736935725,0.5706300691540064,0.14412865919716492,-0.599901824298016,0.3256179991543962,0.06233623092137726,0.13186167863712947,-0.07510855514856236,0.029048613308669296,0.19111307308518372,-0.08228815439236976,-0.09761422160893,-0.03334228962171083
peppe,-0.07985600457573036,1,-0.10971002026735781,0.2110621459821428,0.19157747511095244,0.10502546245762534,0.041096852527260024,-0.00010490590736935725,0.5706300691540064,0.14412865919716492,-0.599901824298016,0.3256179991543962,0.06233623092137726,0.13186167863712947,-0.07510855514856236,0.029048613308669296,0.19111307308518372,-0.08228815439236976,-0.09761422160893,-0.03334228962171083
peppe,-0.0006671965010840269,1,-0.10971002026735781,0.2110621459821428,0.19157747511095244,0.10502546245762534,0.041096852527260024,-0.00010490590736935725,0.5706300691540064,0.14412865919716492,-0.599901824298016,0.3256179991543962,0.06233623092137726,0.13186167863712947,-0.07510855514856236,0.029048613308669296,0.19111307308518372,-0.08228815439236976,-0.09761422160893,-0.03334228962171083
peppe,-0.03210751777538637,1,-0.10971002026735781,0.2110621459821428,0.19157747511095244,0.10502546245762534,0.041096852527260024,-0.00010490590736935725,0.5706300691540064,0.14412865919716492,-0.599901824298016,0.3256179991543962,0.06233623092137726,0.13186167863712947,-0.07510855514856236,0.029048613308669296,0.19111307308518372,-0.08228815439236976,-0.09761422160893,-0.03334228962171083
peppe,0.008320959273620209,1,-0.2976082198318232,0.32446068385432003,0.048921606954661856,0.2585985881068563,-0.10714043964431962,0.3301740685237865,-0.3112354772219805,-0.19462406230555276,0.3228378081821698,-0.33913600533100025,0.29598190094882115,-0.07419705621570373,0.19773912930689447,0.1380868046827251,0.20374383580713676,-0.1496515924341468,-0.06320320160115679,-0.20791712005040516
peppe,-0.11989448861493772,1,-0.2976082198318232,0.32446068385432003,0.048921606954661856,0.2585985881068563,-0.10714043964431962,0.3301740685237865,-0.3112354772219805,-0.19462406230555276,0.3228378081821698,-0.33913600533100025,0.29598190094882115,-0.07419705621570373,0.19773912930689447,0.1380868046827251,0.20374383580713676,-0.1496515924341468,-0.06320320160115679,-0.20791712005040516
peppe,0.05076006728112195,1,0.1972454524046952,-0.14142442311604886,0.07781910541543739,0.2173052055685667,-0.1429702681895945,-0.21483059159989643,0.2636353612475628,0.25404189708754854,-0.1187195147397128,0.3615901511224341,0.04422681708854723,0.15326473628776,0.2839481545531861,-0.33373230237060536,0.4009825017809921,-0.17149420681181787,-0.32771639978539824,0.16521351290750852
peppe,-0.14636523080988034,1,0.1972454524046952,-0.14142442311604886,0.07781910541543739,0.2173052055685667,-0.1429702681895945,-0.21483059159989643,0.2636353612475628,0.25404189708754854,-0.1187195147397128,0.3615901511224341,0.04422681708854723,0.15326473628776,0.2839481545531861,-0.33373230237060536,0.4009825017809921,-0.17149420681181787,-0.32771639978539824,0.16521351290750852
peppe,-0.12266654201857524,1,0.19061627188543695,-0.24735473839485655,-0.010755897147924224,-0.3845764116289588,-0.47479020551233986,0.13702505354227185,-0.01731242749574214,-0.2914794059299665,0.34073715993069204,-0.13838947743446028,0.15896633146574013,-0.1254190435484109,0.019901951406698346,0.19407074157484075,-0.20852098492478366,0.38763519885403813,-0.12436721254143644,-0.03850081367736675
peppe,-0.11497554828433575,1,0.39442568739256456,-0.21432534788747448,-0.09676914175611558,-0.31542723480641516,-0.40251169119425534,-0.3083817187154644,0.17745088447553461,0.16131126226125536,-0.048263712567596914,0.20285465486362625,0.025315477521825655,0.0915968399773295,0.3134206601219911,-0.24414186283069925,0.29310247555988905,0.06696385865390826,-0.25121313506240006,0.10564118423760355
peppe,-0.130273805948861,1,0.2435754735941671,0.029973249972548244,0.10594975186616575,0.16064493906812097,-0.5686685115258591,-0.004917917424139089,0.10501910799047003,-0.07208513142077778,0.2272259735484438,-0.13456602266228576,0.12927222676827782,-0.045785959615320324,0.266025582869007,0.20804168898240133,0.026092306401761894,0.5528254363755823,-0.2206177249235018,-0.07443035689873287
peppe,-0.2060231595000327,1,0.2435754735941671,0.029973249972548244,0.10594975186616575,0.16064493906812097,-0.5686685115258591,-0.004917917424139089,0.10501910799047003,-0.07208513142077778,0.2272259735484438,-0.13456602266228576,0.12927222676827782,-0.045785959615320324,0.266025582869007,0.20804168898240133,0.026092306401761894,0.5528254363755823,-0.2206177249235018,-0.07443035689873287
peppe,-0.16378817507097035,1,0.056497323614777314,0.25627776450692674,0.4049774166442866,0.14258638348507804,-0.28235038036872534,-0.2175308783416833,0.3919769482760912,0.3055045211778909,-0.10157290630176954,0.2764326032170723,-0.0316740617564625,0.17722995864359173,0.4246213874410434,-0.15747564620472546,0.15706245450484108,-0.040277686980198964,-0.14838377507309325,-0.014680506689363299
peppe,-0.12366429956062396,1,0.04858833800789013,0.31038728191800036,0.5052568712951787,0.1043969621061495,-0.49616217721780576,0.14717406291655508,0.17822883503727555,0.02123407869502461,0.4648588496882492,-0.046815072916653384,-0.1468240111745639,0.11220159671414114,0.26131945547283775,-0.03800133903509205,0.06762200821704484,0.041144108347683,-0.02800037168071375,-0.07647691498037323
peppe,-0.0574675123244581,1,-0.11722881427772919,0.28696938832240615,0.5276633410083892,0.10113431033612359,-0.07823543127149896,0.11402615367194423,0.2153416420973024,0.1490331733193092,-0.0011289652563909193,0.12676529231359815,-0.05697400509963734,-0.0027942758646717306,0.27260018974459466,0.22946465736808913,-0.5282444151285635,0.2902165425886907,0.09826561563513223,-0.09126983408613958
peppe,-0.21462651656354437,1,-0.11722881427772919,0.28696938832240615,0.5276633410083892,0.10113431033612359,-0.07823543127149896,0.11402615367194423,0.2153416420973024,0.1490331733193092,-0.0011289652563909193,0.12676529231359815,-0.05697400509963734,-0.0027942758646717306,0.27260018974459466,0.22946465736808913,-0.5282444151285635,0.2902165425886907,0.09826561563513223,-0.09126983408613958
peppe,-0.17363162606443822,1,-0.21358029210202237,-0.030205383004812347,0.39577893243317763,0.3083806655799225,0.11429935641067665,0.3284051598703825,0.010730106687310037,0.19926677211240545,0.19399416963213906,-0.03593940272699783,-0.27982504538829084,0.41747615362589574,0.1172216941881798,0.21238879835151148,-0.04684352729798822,-0.19842515216546955,0.21935841093392777,-0.3177202412242582
peppe,-0.20920186062617416,1,-0.21358029210202237,-0.030205383004812347,0.39577893243317763,0.3083806655799225,0.11429935641067665,0.3284051598703825,0.010730106687310037,0.19926677211240545,0.19399416963213906,-0.03593940272699783,-0.27982504538829084,0.41747615362589574,0.1172216941881798,0.21238879835151148,-0.04684352729798822,-0.19842515216546955,0.21935841093392777,-0.3177202412242582
peppe,-0.12429194906866797,1,-0.22339991490175193,0.030749940911889984,0.25839895029480076,0.25830779569102236,0.12944742322566644,0.15709328580952098,0.31812085951553654,0.34621248404141536,-0.1310820425641603,0.5176305821510135,-0.13782270288590323,0.32337822509329056,0.04320387381093587,0.15083529926604694,-0.020129936250709916,-0.16292422295190867,0.160875179075677,-0.2588713687582967
peppe,-0.13040432087920018,1,-0.32565683374071397,0.40896665859270454,-0.18171759854185363,0.16711469313322613,0.3077902563812563,0.23857085279140214,-0.46439320411617907,0.02524156174196094,-0.09037480108754417,-0.2547402416886751,0.2405517234639803,0.005305532819644376,0.1703668176806312,0.1368690460429663,-0.1612662103880145,-0.13631565736202192,0.16591448963399652,-0.21672190318316428
peppe,0.030546551829206077,2,-0.5354006868794567,0.3329955734543514,0.09295650357583907,0.1947890655738836,0.10566712527463269,0.2506478346376003,-0.44715313558031905,0.049956876376355736,0.00047593764508139255,-0.2785329976407573,0.17731730706002893,0.07281658314255411,0.08961098975664807,0.16970463708431616,-0.11057684916474242,-0.142721839494897,0.1809413660649115,-0.25090634231563025
peppe,-0.08943427793506836,2,-0.5354006868794567,0.3329955734543514,0.09295650357583907,0.1947890655738836,0.10566712527463269,0.2506478346376003,-0.44715313558031905,0.049956876376355736,0.00047593764508139255,-0.2785329976407573,0.17731730706002893,0.07281658314255411,0.08961098975664807,0.16970463708431616,-0.11057684916474242,-0.142721839494897,0.1809413660649115,-0.25090634231563025
peppe,0.17642970027499522,2,-0.19138890981379036,0.4749676395411696,0.23405642505547136,0.5025333036056301,0.043669155077773206,0.0379253895934286,-0.2041660784578255,-0.26309152703954997,0.07553657240064388,-0.3013821475740888,-0.0587747911115482,-0.18751617966424042,0.012174295398858576,0.005552334718355693,-0.2793258105845026,0.15850094690638514,0.2752640623053142,-0.04426121219612692
peppe,0.16285906971380326,2,-0.19138890981379036,0.4749676395411696,0.23405642505547136,0.5025333036056301,0.043669155077773206,0.0379253895934286,-0.2041660784578255,-0.26309152703954997,0.07553657240064388,-0.3013821475740888,-0.0587747911115482,-0.18751617966424042,0.012174295398858576,0.005552334718355693,-0.2793258105845026,0.15850094690638514,0.2752640623053142,-0.04426121219612692
peppe,0.2113990705629178,2,-0.19138890981379036,0.4749676395411696,0.23405642505547136,0.5025333036056301,0.043669155077773206,0.0379253895934286,-0.2041660784578255,-0.26309152703954997,0.07553657240064388,-0.3013821475740888,-0.0587747911115482,-0.18751617966424042,0.012174295398858576,0.005552334718355693,-0.2793258105845026,0.15850094690638514,0.2752640623053142,-0.04426121219612692
peppe,-0.16622503897827812,2,0.3452804517634044,-0.44260623835893487,-0.32153409127993515,-0.4011721834869018,-0.12261453464824168,-0.3579932894027244,-0.17122089547697414,-0.2590065797867205,0.1491766027583048,-0.14935218303559908,-0.06014340704631296,-0.124855878296365,0.1510527730168506,0.11340153165322338,0.17110414252103243,-0.14469438232038642,-0.1719720873964969,-0.04162956261704545
peppe,-0.08511130738985417,2,0.4416575054078728,-0.35551742765604577,-0.37448927781943747,-0.3721907313806678,-0.09869439316003516,-0.3253626333065624,-0.12391007076769757,-0.26909607187119816,0.11719579395336016,-0.1583122652658026,0.06952319230239734,-0.09256228173532915,-0.1407292255162874,-0.13376470758396103,0.18802571839007853,0.14049380203100917,-0.2172669755255512,0.06493313040462476
peppe,-0.09134443078756121,2,0.3184495242870775,-0.4044518196666175,-0.28983305489548483,-0.32946985656417577,-0.06738140322486502,0.03865348062022161,-0.12448119969576926,-0.5139338160200219,0.23439186910303036,-0.11575022286269777,0.158313440942385,-0.1467204915354911,0.0375114244495647,0.09684675403003859,0.017222063715910268,0.33393969094582704,-0.13470250925348504,-0.03355539528903497
peppe,-0.16217288951885855,2,0.37089556702204723,-0.22954664407042147,0.037003188660026456,-0.23532815891982917,-0.23326341961117175,-0.15479833786973402,0.023710832987657755,-0.012036015006868007,0.27746033488771993,-0.010294542962931513,-0.1931187786350957,0.004894753649736158,-0.49625690597678934,-0.4735600429880115,0.17308899144428944,-0.016813049928271026,-0.2244401873993076,0.09143236799206693
peppe,-0.18693154274054263,2,0.37089556702204723,-0.22954664407042147,0.037003188660026456,-0.23532815891982917,-0.23326341961117175,-0.15479833786973402,0.023710832987657755,-0.012036015006868007,0.27746033488771993,-0.010294542962931513,-0.1931187786350957,0.004894753649736158,-0.49625690597678934,-0.4735600429880115,0.17308899144428944,-0.016813049928271026,-0.2244401873993076,0.09143236799206693
peppe,-0.20872926888418206,2,0.37089556702204723,-0.22954664407042147,0.037003188660026456,-0.23532815891982917,-0.23326341961117175,-0.15479833786973402,0.023710832987657755,-0.012036015006868007,0.27746033488771993,-0.010294542962931513,-0.1931187786350957,0.004894753649736158,-0.49625690597678934,-0.4735600429880115,0.17308899144428944,-0.016813049928271026,-0.2244401873993076,0.09143236799206693
peppe,-0.22817217111003746,2,0.37089556702204723,-0.22954664407042147,0.037003188660026456,-0.23532815891982917,-0.23326341961117175,-0.15479833786973402,0.023710832987657755,-0.012036015006868007,0.27746033488771993,-0.010294542962931513,-0.1931187786350957,0.004894753649736158,-0.49625690597678934,-0.4735600429880115,0.17308899144428944,-0.016813049928271026,-0.2244401873993076,0.09143236799206693
peppe,0.08809667252966133,2,0.22251578894707483,-0.14481418572940485,-0.011435517828445482,0.07640962355723242,-0.2268433273090747,-0.06558422268976757,-0.1389547541980352,-0.2902527724571596,0.43527908647462155,-0.13414708356302463,0.00958815133997489,-0.03019481338144562,-0.5707134714293702,-0.3282993823105225,0.30325135921002494,-0.14145712128661092,-0.08847111041929988,0.049720395656770534
peppe,-0.10924390461202939,2,0.22251578894707483,-0.14481418572940485,-0.011435517828445482,0.07640962355723242,-0.2268433273090747,-0.06558422268976757,-0.1389547541980352,-0.2902527724571596,0.43527908647462155,-0.13414708356302463,0.00958815133997489,-0.03019481338144562,-0.5707134714293702,-0.3282993823105225,0.30325135921002494,-0.14145712128661092,-0.08847111041929988,0.049720395656770534
peppe,-0.13466836470751017,2,-0.24297278399438768,0.2178565926633893,0.48424225136065446,0.1355454527086183,0.11697844913256356,0.18715823213822,0.10950566066092071,0.1907115633362148,0.0394636866641266,0.1603272731537907,-0.04515344779085161,0.22622011874849343,0.0498818728035778,0.29491018932699103,-0.5104411266751608,0.2616268682618818,0.15275356337904222,-0.145930890528941
peppe,-0.2849013101291355,2,-0.24297278399438768,0.2178565926633893,0.48424225136065446,0.1355454527086183,0.11697844913256356,0.18715823213822,0.10950566066092071,0.1907115633362148,0.0394636866641266,0.1603272731537907,-0.04515344779085161,0.22622011874849343,0.0498818728035778,0.29491018932699103,-0.5104411266751608,0.2616268682618818,0.15275356337904222,-0.145930890528941
peppe,-0.09318073445378074,2,-0.30124686129466965,0.024787988760497925,0.2737763708270224,0.2687387518452489,0.29101274281547446,0.027414862252623688,0.10495581252146309,0.279462660376143,-0.10999693408035276,-0.3355376567948291,-0.18772141741586346,0.34597714886772735,-0.0587054883136268,0.2819379589807073,-0.17892678566279027,-0.23713742287431328,0.21089858425774832,-0.3026877918381084
peppe,-0.11467971843984821,2,-0.3021781721141481,0.26219423162878364,-0.16013841252357042,0.14645895501261805,0.41105415060577216,0.20466677714216316,-0.43008844354670045,0.03436751391676132,-0.3480137293531523,-0.0860957419839786,0.27037678600006226,0.04749943912987998,0.17320613113650882,0.1798543380793823,-0.2013826669390709,-0.15437449502968023,0.1503995574443154,-0.2063892637441613
peppe,-0.07594949694533741,3,-0.27091976879507673,0.156451693981284,-0.29838452672233295,0.23372140488629004,0.09152388102319968,0.2793004653195474,-0.43341256029783254,-0.225452919783557,-0.09690296668099213,-0.27013892208494417,0.33425499152129534,-0.060883513549410635,0.09763931854424543,0.2198900288502859,-0.20268036549794066,-0.18463388290303828,0.15980199546134116,-0.2775181510314625
peppe,0.007093436896890443,3,-0.11616178223980704,0.12463680388141662,0.05385541429587375,0.12179055138800975,-0.05857089454765845,0.15151182982013184,-0.04439952940588348,-0.20935693887543902,-0.15458117820707457,-0.08595499666124014,-0.8714001455899572,-0.1772403687008341,0.051110472923711944,0.08173401293461405,0.009001734994116882,-0.08125104167858552,0.05048859698341184,-0.2012217140248124
peppe,0.030262431314667104,3,-0.11616178223980704,0.12463680388141662,0.05385541429587375,0.12179055138800975,-0.05857089454765845,0.15151182982013184,-0.04439952940588348,-0.20935693887543902,-0.15458117820707457,-0.08595499666124014,-0.8714001455899572,-0.1772403687008341,0.051110472923711944,0.08173401293461405,0.009001734994116882,-0.08125104167858552,0.05048859698341184,-0.2012217140248124
peppe,-0.016056450452011893,3,-0.11616178223980704,0.12463680388141662,0.05385541429587375,0.12179055138800975,-0.05857089454765845,0.15151182982013184,-0.04439952940588348,-0.20935693887543902,-0.15458117820707457,-0.08595499666124014,-0.8714001455899572,-0.1772403687008341,0.051110472923711944,0.08173401293461405,0.009001734994116882,-0.08125104167858552,0.05048859698341184,-0.2012217140248124
peppe,-0.24867938022844768,3,-0.11616178223980704,0.12463680388141662,0.05385541429587375,0.12179055138800975,-0.05857089454765845,0.15151182982013184,-0.04439952940588348,-0.20935693887543902,-0.15458117820707457,-0.08595499666124014,-0.8714001455899572,-0.1772403687008341,0.051110472923711944,0.08173401293461405,0.009001734994116882,-0.08125104167858552,0.05048859698341184,-0.2012217140248124
peppe,0.06484711400400041,3,-0.061520399680724466,-0.008566939392593242,-0.1768696258597769,0.15333223544502284,0.16566131549286287,0.16845622552158876,0.1677309235470878,0.21660135914895956,-0.11943980485700054,-0.0038909153617234897,-0.006725702239527781,0.19159650935190384,0.10642517893961173,-0.21616491766371318,-0.022681788349509006,0.0041504017650138714,0.7029130702419636,0.4547193622870987
peppe,-0.5758596798825608,3,-0.061520399680724466,-0.008566939392593242,-0.1768696258597769,0.15333223544502284,0.16566131549286287,0.16845622552158876,0.1677309235470878,0.21660135914895956,-0.11943980485700054,-0.0038909153617234897,-0.006725702239527781,0.19159650935190384,0.10642517893961173,-0.21616491766371318,-0.022681788349509006,0.0041504017650138714,0.7029130702419636,0.4547193622870987
peppe,-0.055780706400353895,3,-0.030266262633495286,-0.0116683016276735,-0.18980201096730745,0.13653845103273182,0.20937757665249812,0.15120692276733394,0.20088775285223362,0.20134059069191973,-0.11927922817623957,0.36462295558839924,-0.0003346734149966904,0.17128268102469943,0.10566717902027298,-0.22790134162101344,-0.03174037146800169,-0.003143038743627682,-0.6693538959254405,0.3286517630584152
peppe,-0.37615944510191957,3,-0.030266262633495286,-0.0116683016276735,-0.18980201096730745,0.13653845103273182,0.20937757665249812,0.15120692276733394,0.20088775285223362,0.20134059069191973,-0.11927922817623957,0.36462295558839924,-0.0003346734149966904,0.17128268102469943,0.10566717902027298,-0.22790134162101344,-0.03174037146800169,-0.003143038743627682,-0.6693538959254405,0.3286517630584152
peppe,0.11599075377710372,3,-0.08378667945717243,0.12483426841738521,0.31419100521712884,-0.09843423737388782,-0.30780873700963635,-0.15344951032717852,-0.14807605044413108,-0.18916606709774558,0.10163639921793252,0.03372674457803488,0.054407082628517456,-0.1731345706121418,-0.14763987342315474,0.3112610354290955,0.037678223555450585,0.05309277254129955,-0.5660621599186393,-0.45303271076826573
peppe,-0.10260105731180813,3,0.20587256170174464,-0.2662660299757824,-0.23399733900275513,-0.3575072449686164,-0.005445240756489635,-0.1378759591306148,-0.050948123972135974,-0.20789304598569505,-0.09214937521036544,-0.042172193181378326,-0.383399223712332,-0.31821070813355634,0.01176367933745527,0.026124618369527914,-0.07790741561615118,-0.09879562358226117,0.20643614983085565,0.5670168594595266
peppe,-0.1701965024860214,3,0.1650459293947609,-0.2412025658697321,-0.2987726047062742,-0.3334168225343168,0.22931776721148156,0.12734058243769508,0.11264184292581289,0.16317797391612732,-0.07549851623666615,0.08632663290225737,-0.10046620292071828,-0.5800151943909134,0.024881349233589665,-0.3545234802478829,0.026025492568908216,-0.03840216559720348,0.25491041426829775,0.23006753282826561
peppe,-0.2622602675136851,3,0.1650459293947609,-0.2412025658697321,-0.2987726047062742,-0.3334168225343168,0.22931776721148156,0.12734058243769508,0.11264184292581289,0.16317797391612732,-0.07549851623666615,0.08632663290225737,-0.10046620292071828,-0.5800151943909134,0.024881349233589665,-0.3545234802478829,0.026025492568908216,-0.03840216559720348,0.25491041426829775,0.23006753282826561
peppe,-0.14447898310179155,3,0.16826164170059246,-0.28077322095512025,-0.23540229837857063,-0.37367364794419433,0.20314847852796442,0.104575359455886,-0.1112358525058638,-0.031528751915767976,-0.0310427661620547,-0.1521060989898554,-0.3249997423922115,-0.6192073749731246,-0.2223866494892429,-0.05318416241133868,0.08097152553795067,0.03217141945914671,-0.2151380886714656,-0.1137220604307379
peppe,-0.21717279793475552,3,0.16826164170059246,-0.28077322095512025,-0.23540229837857063,-0.37367364794419433,0.20314847852796442,0.104575359455886,-0.1112358525058638,-0.031528751915767976,-0.0310427661620547,-0.1521060989898554,-0.3249997423922115,-0.6192073749731246,-0.2223866494892429,-0.05318416241133868,0.08097152553795067,0.03217141945914671,-0.2151380886714656,-0.1137220604307379
peppe,-0.10103875554533888,3,0.03557769060016239,-0.03586088954917188,-0.0009266325064525951,0.1551294761774383,-0.09773563325148427,-0.046315064165970136,-0.20136243399962367,-0.3132488741911693,-0.07973857425019612,-0.09752314818430775,-0.5688561842567643,-0.3222230713832568,0.027996726675528376,0.2272243480984257,0.03620996929751568,0.5643551569535523,0.011893803150561703,-0.08576144753921455
peppe,-0.2210330560315236,3,0.03557769060016239,-0.03586088954917188,-0.0009266325064525951,0.1551294761774383,-0.09773563325148427,-0.046315064165970136,-0.20136243399962367,-0.3132488741911693,-0.07973857425019612,-0.09752314818430775,-0.5688561842567643,-0.3222230713832568,0.027996726675528376,0.2272243480984257,0.03620996929751568,0.5643551569535523,0.011893803150561703,-0.08576144753921455
peppe,0.01191959496859884,3,-0.14306362737248757,0.16907418567017896,0.11294264362580678,0.12369176412980241,-0.040272406325017,0.10904052812141399,-0.07747761086590664,-0.109097637527785,-0.09657015912478906,-0.052915619960661915,-0.3605228080455519,-0.18585945669753115,-0.03293735172319249,0.12575176560537205,0.06621293244500387,-0.13188050969537812,0.064832071484502,0.8197254181354938
peppe,-0.14077962595419644,3,-0.14306362737248757,0.16907418567017896,0.11294264362580678,0.12369176412980241,-0.040272406325017,0.10904052812141399,-0.07747761086590664,-0.109097637527785,-0.09657015912478906,-0.052915619960661915,-0.3605228080455519,-0.18585945669753115,-0.03293735172319249,0.12575176560537205,0.06621293244500387,-0.13188050969537812,0.064832071484502,0.8197254181354938
peppe,-0.003231892694487187,3,-0.14306362737248757,0.16907418567017896,0.11294264362580678,0.12369176412980241,-0.040272406325017,0.10904052812141399,-0.07747761086590664,-0.109097637527785,-0.09657015912478906,-0.052915619960661915,-0.3605228080455519,-0.18585945669753115,-0.03293735172319249,0.12575176560537205,0.06621293244500387,-0.13188050969537812,0.064832071484502,0.8197254181354938
peppe,-0.10634209509630185,3,-0.10474054650766969,0.06629515372729033,-0.1350676676833661,0.11111827933455799,0.45791044438379075,-0.19527324903193197,0.23285111392226468,0.16387440418424634,-0.09728534446853314,0.23064159521314692,0.012662438398569197,-0.44796303057243175,-0.017932943363029436,-0.19724264786115991,-0.21289793317445432,-0.05093690211622535,0.431930004162882,0.2965715231712564
peppe,0.13166040420467415,3,0.015632674318585126,-0.1248696471286242,-0.30628051015730806,-0.10217142831853276,0.3629969245257822,-0.12254810507656586,-0.03095871902623162,0.1781026010949008,-0.13709303289306699,0.07304960812536136,0.48375573175320047,0.29266837018533826,0.06332104695801323,0.17980242772232813,0.22856152923966305,0.04376755502470716,-0.43371178193029536,-0.27936924999726115
peppe,0.021488400734359252,3,0.015632674318585126,-0.1248696471286242,-0.30628051015730806,-0.10217142831853276,0.3629969245257822,-0.12254810507656586,-0.03095871902623162,0.1781026010949008,-0.13709303289306699,0.07304960812536136,0.48375573175320047,0.29266837018533826,0.06332104695801323,0.17980242772232813,0.22856152923966305,0.04376755502470716,-0.43371178193029536,-0.27936924999726115
peppe,-0.006460594523436276,3,0.015632674318585126,-0.1248696471286242,-0.30628051015730806,-0.10217142831853276,0.3629969245257822,-0.12254810507656586,-0.03095871902623162,0.1781026010949008,-0.13709303289306699,0.07304960812536136,0.48375573175320047,0.29266837018533826,0.06332104695801323,0.17980242772232813,0.22856152923966305,0.04376755502470716,-0.43371178193029536,-0.27936924999726115
peppe,-0.1998131133771147,3,-0.2708965622488214,0.16806894929377691,0.20607850127418095,0.09610066597138572,0.14270000473270728,-0.26235922833333664,0.22869724600074723,0.13277583940517693,-0.10963578345942271,0.18799826198222577,0.043652337972542116,-0.25265131845002176,0.3566908345468327,0.2155346645803329,-0.5372026553832886,0.2968179464117751,0.06958955333091701,-0.13864083860001294
peppe,-0.05828751517065978,3,-0.2708965622488214,0.16806894929377691,0.20607850127418095,0.09610066597138572,0.14270000473270728,-0.26235922833333664,0.22869724600074723,0.13277583940517693,-0.10963578345942271,0.18799826198222577,0.043652337972542116,-0.25265131845002176,0.3566908345468327,0.2155346645803329,-0.5372026553832886,0.2968179464117751,0.06958955333091701,-0.13864083860001294
peppe,-0.21072376623650296,3,-0.2708965622488214,0.16806894929377691,0.20607850127418095,0.09610066597138572,0.14270000473270728,-0.26235922833333664,0.22869724600074723,0.13277583940517693,-0.10963578345942271,0.18799826198222577,0.043652337972542116,-0.25265131845002176,0.3566908345468327,0.2155346645803329,-0.5372026553832886,0.2968179464117751,0.06958955333091701,-0.13864083860001294
peppe,-0.14847104212019746,3,-0.35529966067775176,0.26083157454749406,-0.020107078614606717,0.14562275387896656,0.39211342140367833,-0.3359802941046683,-0.3631169171082898,-2.6266839706808437e-06,-0.283331174015665,-0.2017967361394307,0.23145424526132444,0.03656671088848131,0.04327947092384489,0.13153652788441167,-0.24000140205534617,-0.12907850411541652,0.2211281154559964,-0.2595919003069669
bigw,0.024083796242107117,1,-0.3168343250275198,0.2484545820845112,0.30243291325139127,0.26504593773919627,0.10049173709618436,0.051015513584555736,0.24197016019749823,0.26474555493483537,-0.23084773195490096,0.25845835817733503,-0.24754777159959984,0.24498011608010958,-0.006985547234471287,0.24046311557681468,-0.2347964548294061,0.22867386677036527,0.2640840442749093,-0.24168371540983266
bigw,-0.04073893844115749,1,-0.3168343250275198,0.2484545820845112,0.30243291325139127,0.26504593773919627,0.10049173709618436,0.051015513584555736,0.24197016019749823,0.26474555493483537,-0.23084773195490096,0.25845835817733503,-0.24754777159959984,0.24498011608010958,-0.006985547234471287,0.24046311557681468,-0.2347964548294061,0.22867386677036527,0.2640840442749093,-0.24168371540983266
bigw,-0.0376268190363467,1,-0.3168343250275198,0.2484545820845112,0.30243291325139127,0.26504593773919627,0.10049173709618436,0.051015513584555736,0.24197016019749823,0.26474555493483537,-0.23084773195490096,0.25845835817733503,-0.24754777159959984,0.24498011608010958,-0.006985547234471287,0.24046311557681468,-0.2347964548294061,0.22867386677036527,0.2640840442749093,-0.24168371540983266
bigw,0.04937846235701111,3,-0.20344627743802132,0.37238693055224636,0.2655467376071925,0.2810045144529127,0.036389170986457046,0.007373177224827288,0.33959342994295166,0.341632804744488,-0.1540842682873228,0.3842827521578925,-0.27702312774627197,0.2653409228357396,-0.04529832823005068,0.08739658142477036,-0.033431394307439403,0.3166941944928426,0.06151067405672272,-0.05995351342535105
bigw,-0.0993939172734162,3,-0.20344627743802132,0.37238693055224636,0.2655467376071925,0.2810045144529127,0.036389170986457046,0.007373177224827288,0.33959342994295166,0.341632804744488,-0.1540842682873228,0.3842827521578925,-0.27702312774627197,0.2653409228357396,-0.04529832823005068,0.08739658142477036,-0.033431394307439403,0.3166941944928426,0.06151067405672272,-0.05995351342535105
bigw,-0.1149110011561329,3,0.1695481830122879,-0.3108671058870883,-0.29610428539993816,-0.2176680064777098,0.20080491426670696,0.3595439476905994,0.031257231396692176,0.06366702558847694,-0.05641878067429532,-0.10404552213619354,0.08548850629467566,0.036585327694842934,-0.18414578054721378,-0.4816274114170138,0.19533347635969947,-0.15196519725499255,-0.2622797354600082,0.3825751933195298
bigw,-0.15769833313939605,3,0.19013418037786542,-0.3621043210289747,-0.18139097493208955,-0.2714309628392199,-0.013662358710705846,0.19611529796174249,-0.4363619610574062,-0.42075125757046883,0.07776779483119531,-0.20167520073441123,0.28209788640708433,-0.29654388815148336,0.11357491282642705,0.16749166504342156,-0.12983634892292195,-0.19955879171353036,0.01927220978962385,-0.0884149964674852
bigw,0.03162446452632603,3,0.13021151439303105,-0.25080092511838914,-0.11116879114444095,-0.21876458430116724,0.19434823743529595,0.3609780821114833,-0.07540423636765373,0.17921268854652653,-0.09626946379009559,-0.09607885760738984,0.05337198366184705,0.12335323406006757,-0.15450785626730099,-0.49970982853034374,0.1850343062463188,-0.14393096445742717,-0.33249230415506087,0.4223706062264063
bigw,-0.11939760775559309,3,0.13021151439303105,-0.25080092511838914,-0.11116879114444095,-0.21876458430116724,0.19434823743529595,0.3609780821114833,-0.07540423636765373,0.17921268854652653,-0.09626946379009559,-0.09607885760738984,0.05337198366184705,0.12335323406006757,-0.15450785626730099,-0.49970982853034374,0.1850343062463188,-0.14393096445742717,-0.33249230415506087,0.4223706062264063
bigw,0.18960001956713804,3,-0.06398096025931621,0.10501873606249366,-0.1549055253929718,0.21642324132938434,0.447100987750761,0.21348987974806583,0.1324541708252561,0.25189227477116327,-0.3407653039584929,0.032192025014191265,-0.09963592580799735,0.2011857072864716,-0.1580276988583689,-0.284179875293336,0.38917549353345676,-0.2023766639265731,-0.29638433265455055,0.1844529238847502
bigw,0.25581317301236106,3,-0.06398096025931621,0.10501873606249366,-0.1549055253929718,0.21642324132938434,0.447100987750761,0.21348987974806583,0.1324541708252561,0.25189227477116327,-0.3407653039584929,0.032192025014191265,-0.09963592580799735,0.2011857072864716,-0.1580276988583689,-0.284179875293336,0.38917549353345676,-0.2023766639265731,-0.29638433265455055,0.1844529238847502
bigw,-0.5727492063953038,3,0.04573344090230342,-0.06606157809577301,0.14711471126598516,-0.17222287021453686,-0.3808021274403573,-0.1678127550318224,-0.09334472614126645,-0.19069211602819072,0.24686262213157906,-0.02430372453539471,-0.23314805004348713,-0.15762870681195967,0.24478686546538245,0.2507578309477968,-0.43734660481618043,0.42542522818978185,0.2419237382174187,-0.1722505249711109
bigw,-0.19674203940621907,3,0.03317839615059947,-0.05488665040568119,0.1453461200886324,-0.17660464670257187,-0.3783376031434475,-0.17065144934854687,-0.09641582595356167,-0.19561381271112926,0.21531597422683643,-0.021488934674474925,-0.1307707064343215,-0.14286592093722442,0.28250296950231935,0.2577166969376833,-0.4547123298053768,0.4092697160880542,0.2861785980268522,-0.19242273860375075
bigw,-0.19590540417343016,3,0.03317839615059947,-0.05488665040568119,0.1453461200886324,-0.17660464670257187,-0.3783376031434475,-0.17065144934854687,-0.09641582595356167,-0.19561381271112926,0.21531597422683643,-0.021488934674474925,-0.1307707064343215,-0.14286592093722442,0.28250296950231935,0.2577166969376833,-0.4547123298053768,0.4092697160880542,0.2861785980268522,-0.19242273860375075
bigw,-0.18728906508833387,3,0.03317839615059947,-0.05488665040568119,0.1453461200886324,-0.17660464670257187,-0.3783376031434475,-0.17065144934854687,-0.09641582595356167,-0.19561381271112926,0.21531597422683643,-0.021488934674474925,-0.1307707064343215,-0.14286592093722442,0.28250296950231935,0.2577166969376833,-0.4547123298053768,0.4092697160880542,0.2861785980268522,-0.19242273860375075
bigw,-0.16315209148714346,3,0.03317839615059947,-0.05488665040568119,0.1453461200886324,-0.17660464670257187,-0.3783376031434475,-0.17065144934854687,-0.09641582595356167,-0.19561381271112926,0.21531597422683643,-0.021488934674474925,-0.1307707064343215,-0.14286592093722442,0.28250296950231935,0.2577166969376833,-0.4547123298053768,0.4092697160880542,0.2861785980268522,-0.19242273860375075
bigw,-0.20841198921716758,3,0.03317839615059947,-0.05488665040568119,0.1453461200886324,-0.17660464670257187,-0.3783376031434475,-0.17065144934854687,-0.09641582595356167,-0.19561381271112926,0.21531597422683643,-0.021488934674474925,-0.1307707064343215,-0.14286592093722442,0.28250296950231935,0.2577166969376833,-0.4547123298053768,0.4092697160880542,0.2861785980268522,-0.19242273860375075
bigw,-0.22370800500847413,3,0.03317839615059947,-0.05488665040568119,0.1453461200886324,-0.17660464670257187,-0.3783376031434475,-0.17065144934854687,-0.09641582595356167,-0.19561381271112926,0.21531597422683643,-0.021488934674474925,-0.1307707064343215,-0.14286592093722442,0.28250296950231935,0.2577166969376833,-0.4547123298053768,0.4092697160880542,0.2861785980268522,-0.19242273860375075
bigw,-0.21708604975348325,3,0.03317839615059947,-0.05488665040568119,0.1453461200886324,-0.17660464670257187,-0.3783376031434475,-0.17065144934854687,-0.09641582595356167,-0.19561381271112926,0.21531597422683643,-0.021488934674474925,-0.1307707064343215,-0.14286592093722442,0.28250296950231935,0.2577166969376833,-0.4547123298053768,0.4092697160880542,0.2861785980268522,-0.19242273860375075
bigw,-0.41086463889602787,3,0.002479649183202852,-0.04015266793594993,0.14829428269927253,-0.19057398535483122,-0.33777362449061304,-0.18195486929625468,-0.09481193616511938,-0.15740617853488484,0.21873437947467272,-0.014881014088362765,-0.5317366723723118,-0.13907399097922737,0.07694764584868598,0.26926555720740863,-0.38703903193536704,-0.12604516349895514,0.3484863888587321,-0.20833025709245392
bigw,-0.13405567809722832,3,-0.1304663251296585,0.023307832112042622,0.14624737126238657,-0.17886911441807463,-0.10371486762383005,0.3499319885924562,-0.09899465907918263,-0.10788018058766918,0.28349272142782606,-0.017978368902680477,0.31848849062523493,-0.1270075433955246,-0.16765738765625113,0.2571864382989268,-0.49581896972946315,-0.10081173045517307,0.4081713229574177,-0.24349795703819338
bigw,-0.2851581540845448,3,-0.1304663251296585,0.023307832112042622,0.14624737126238657,-0.17886911441807463,-0.10371486762383005,0.3499319885924562,-0.09899465907918263,-0.10788018058766918,0.28349272142782606,-0.017978368902680477,0.31848849062523493,-0.1270075433955246,-0.16765738765625113,0.2571864382989268,-0.49581896972946315,-0.10081173045517307,0.4081713229574177,-0.24349795703819338
bigw,-0.12499402786902247,3,-0.22266665108393452,0.18436092785875347,-0.09541252207714479,0.34061464898659544,0.6415873518671233,0.29845162039636003,0.06776002434284614,0.11290633957238354,0.1312267716201464,-0.012001080391458118,-0.07609362940775302,0.12688458521662,-0.11873088992586778,-0.10662278691515639,-0.253597616073554,-0.012701148688585335,-0.31993706262754507,0.20422804204994066
bigw,-0.06903256109248437,3,-0.25107207448027485,0.2221128165264421,0.28422461462864396,0.2540539237784146,0.10614223568438752,0.14265377787435796,0.2759479055975083,0.1772191591554245,-0.28956360743006876,0.18768333792791098,-0.10976989233352992,0.0657301206726157,0.32134606327088383,0.17143055950984906,-0.4168724472586145,0.1929572928858221,0.18101543271789922,-0.3020861874076586
bigw,-0.09928117303878757,3,-0.3282413255135562,0.35922097572849443,-0.04693893198578413,0.266550438426798,0.35911233931219055,-0.12551615228544213,0.018754622560070152,0.13495908323859504,-0.23525673113870973,-0.07384037180159135,-0.15101924460648736,0.2722069436752496,-0.5677213874533882,0.11520148874931328,0.04170900507291213,-0.07204253790968503,0.14496127455754054,-0.07389044428781283
bigw,-0.1503280142008048,4,-0.37269519251319794,0.4932992006129646,0.1290948685542367,0.31331098724498535,0.20402135471296665,0.027375925278227412,0.026582911242933344,0.16988633484547444,-0.211092291877045,-0.08643978023968406,-0.19769928888079916,0.32401523544337746,-0.20361258182821046,0.23740297883206002,0.05928860220630046,0.2190992031548221,0.19596907224321825,-0.21711368618023374
bigw,-0.14319549120751934,4,-0.11474817058451796,0.09512008880516831,0.49261907589718207,0.11726819920901763,-0.23160710529665254,-0.09887052290071482,-0.05566411510108795,0.20543259026028055,-0.10032642575500186,-0.09145707868393595,-0.20124894923405598,0.42905285592776804,0.17399714632439786,0.33257725603791466,-0.012229946019467154,-0.19018941736571182,0.2753230446183991,-0.34149243386069306
bigw,-0.2449653635893966,4,-0.11474817058451796,0.09512008880516831,0.49261907589718207,0.11726819920901763,-0.23160710529665254,-0.09887052290071482,-0.05566411510108795,0.20543259026028055,-0.10032642575500186,-0.09145707868393595,-0.20124894923405598,0.42905285592776804,0.17399714632439786,0.33257725603791466,-0.012229946019467154,-0.19018941736571182,0.2753230446183991,-0.34149243386069306
bigw,0.01443767824226876,4,0.23054681030913848,-0.3148767774951371,-0.1696673789794936,-0.26177734600828817,-0.0852863876112547,-0.21775886456459229,-0.40493145970026734,-0.4131220907811677,0.22462980339301247,-0.1941808436565147,0.2405624339144269,-0.28136448872399356,0.08806253273803098,0.20311631979717534,-0.0023368571432588344,-0.1574966967121737,0.14779861647096168,-0.2004669193015617
bigw,-0.07992298800602064,4,0.23054681030913848,-0.3148767774951371,-0.1696673789794936,-0.26177734600828817,-0.0852863876112547,-0.21775886456459229,-0.40493145970026734,-0.4131220907811677,0.22462980339301247,-0.1941808436565147,0.2405624339144269,-0.28136448872399356,0.08806253273803098,0.20311631979717534,-0.0023368571432588344,-0.1574966967121737,0.14779861647096168,-0.2004669193015617
bigw,-0.11905959738147913,4,0.2611706571211292,-0.2657262717925327,-0.20588918306169712,-0.22045130967963958,0.05701822138692963,0.2657371453321641,0.0179554158772546,0.08152969947951506,-0.012175843772967343,-0.09773929263199997,0.11425877860695668,-0.0375257917756781,-0.1128971020412689,-0.5096597633515026,0.3925775379275484,-0.15208479657200133,-0.2670456744318473,0.37964443751067006
bigw,0.01207328061500374,4,0.28626379663067575,-0.2616563588201172,-0.2644026261175258,-0.24649053885686723,-0.17634194172923107,-0.28461515052774805,-0.3422649021336917,-0.43026337540385906,0.2209330436104201,-0.17869891997461376,0.22427316141306755,-0.29488065913148404,0.17981986290104782,0.12469647087633394,0.046730309784345656,-0.14649471646095563,-0.1194176104395076,0.027593552980177325
bigw,-0.07359033641294403,4,0.28626379663067575,-0.2616563588201172,-0.2644026261175258,-0.24649053885686723,-0.17634194172923107,-0.28461515052774805,-0.3422649021336917,-0.43026337540385906,0.2209330436104201,-0.17869891997461376,0.22427316141306755,-0.29488065913148404,0.17981986290104782,0.12469647087633394,0.046730309784345656,-0.14649471646095563,-0.1194176104395076,0.027593552980177325
bigw,-0.13732938968151684,4,0.14273918613671274,-0.2497113805409994,-0.13357216434116326,-0.24500139120552739,0.032021395084858004,0.26435291231901814,-0.05058490700366551,0.03710413922294602,0.01867170610674025,-0.08930097560437211,0.16975138309795165,-0.07901577701036433,-0.25898329638440365,-0.4719396090434409,0.43235991248628947,-0.1704136343775815,-0.2338342916843374,0.40090288528948914
bigw,0.13557822336279446,4,0.04002437120281161,-0.05576675885030069,-0.13206591765231993,0.2661653260338535,0.48009718590262174,0.3128719795617548,0.3636170892602208,0.1822101082600797,-0.3913267852532247,0.17572069092553108,-0.23592395974684952,0.2811451257507333,-0.14703697159403792,-0.16037643031256021,-0.10623921699101567,0.17232576184952778,0.06223122002009607,0.04784758188190703
bigw,-0.03570280995830382,4,0.04002437120281161,-0.05576675885030069,-0.13206591765231993,0.2661653260338535,0.48009718590262174,0.3128719795617548,0.3636170892602208,0.1822101082600797,-0.3913267852532247,0.17572069092553108,-0.23592395974684952,0.2811451257507333,-0.14703697159403792,-0.16037643031256021,-0.10623921699101567,0.17232576184952778,0.06223122002009607,0.04784758188190703
bigw,0.016600273172967337,4,-0.10146940208990603,0.005429637844615476,-0.05692391566588224,-0.2335439977439055,0.3318340308473644,0.2832974090310964,0.28222239482520595,0.3166721540222923,-0.1264397482679774,-0.14262642584425617,-0.10523317875416738,0.1404309272427692,-0.23863788728420215,-0.2849434448258628,0.14126541455336697,-0.03159248466214753,-0.47884632173584774,0.3256940041641224
bigw,-0.13002232537506736,4,-0.10146940208990603,0.005429637844615476,-0.05692391566588224,-0.2335439977439055,0.3318340308473644,0.2832974090310964,0.28222239482520595,0.3166721540222923,-0.1264397482679774,-0.14262642584425617,-0.10523317875416738,0.1404309272427692,-0.23863788728420215,-0.2849434448258628,0.14126541455336697,-0.03159248466214753,-0.47884632173584774,0.3256940041641224
bigw,-0.10763025359363153,4,0.026296370421184007,0.09395551382327355,0.23613041978752045,0.2423081684085743,-0.47109200477881213,-0.05893124552902501,0.03533154477614673,-0.04149875070639093,0.2618398129655723,-0.0034598129021741705,-0.7323014145967,-0.104193093788456,0.061027113650921096,0.02118122295175614,0.03757496020612076,-0.03733660608375906,0.1266999450617202,-0.09441216245675592
bigw,-0.08376571508119868,4,-0.20762521484214824,0.15912723847996113,0.19609373932527252,0.2593183016780026,0.11999098819600297,0.18850594872669701,0.3893760652110485,0.1574312558962454,-0.29897414687250395,0.3299123232228917,-0.09606992166583254,-0.056761019371967626,0.2567887521542072,0.1024665994027866,-0.2800533156383159,0.19518312081179023,0.3540001196644164,-0.2656684373839072
bigw,-0.17420029231956932,4,-0.24639513468616978,0.447252383074241,0.040231319394710675,0.26708852354449986,0.27126331624158173,-0.03902841829592274,0.06660348575391917,0.1699051330765744,-0.1506392109933996,-0.09140330933859286,-0.20022918658081987,0.3195532165887368,-0.4977058794783795,0.15467560103312425,0.16414223081207643,0.23920701959258675,0.14516498072855885,-0.08812022574997436
bigw,-0.181852715793323,4,-0.24639513468616978,0.447252383074241,0.040231319394710675,0.26708852354449986,0.27126331624158173,-0.03902841829592274,0.06660348575391917,0.1699051330765744,-0.1506392109933996,-0.09140330933859286,-0.20022918658081987,0.3195532165887368,-0.4977058794783795,0.15467560103312425,0.16414223081207643,0.23920701959258675,0.14516498072855885,-0.08812022574997436
bigw,-0.21106257595560698,4,-0.24639513468616978,0.447252383074241,0.040231319394710675,0.26708852354449986,0.27126331624158173,-0.03902841829592274,0.06660348575391917,0.1699051330765744,-0.1506392109933996,-0.09140330933859286,-0.20022918658081987,0.3195532165887368,-0.4977058794783795,0.15467560103312425,0.16414223081207643,0.23920701959258675,0.14516498072855885,-0.08812022574997436
bigw,-0.21304604811962344,4,-0.24639513468616978,0.447252383074241,0.040231319394710675,0.26708852354449986,0.27126331624158173,-0.03902841829592274,0.06660348575391917,0.1699051330765744,-0.1506392109933996,-0.09140330933859286,-0.20022918658081987,0.3195532165887368,-0.4977058794783795,0.15467560103312425,0.16414223081207643,0.23920701959258675,0.14516498072855885,-0.08812022574997436
qwe,0.02316715228682762,2,-0.1410001753734097,-0.08612960621512311,-0.4115307001487254,-0.041186360347490146,-0.07226851948453265,0.0212262748497859,0.06969650121755039,0.4128386515883353,-0.018710696018909734,0.3741248305375416,0.2644548144880849,0.4105305665051719,-0.30808963316035837,0.15315490031947016,0.05245417421692497,-0.2106407745462562,0.040895796580358065,-0.2733494062887912
qwe,-0.0757878034787238,2,-0.1410001753734097,-0.08612960621512311,-0.4115307001487254,-0.041186360347490146,-0.07226851948453265,0.0212262748497859,0.06969650121755039,0.4128386515883353,-0.018710696018909734,0.3741248305375416,0.2644548144880849,0.4105305665051719,-0.30808963316035837,0.15315490031947016,0.05245417421692497,-0.2106407745462562,0.040895796580358065,-0.2733494062887912
qwe,0.017236283719450518,2,0.3751664390933145,-0.19138448191340396,0.18447682297205803,-0.3556385804509104,0.09360320733512964,-0.1706902635946517,0.15104781838618359,-0.3261957333299801,-0.18062260851909595,-0.10664079407738397,-0.35917244237927143,-0.08733276423559168,-0.0376168839049942,-0.3842407645811568,0.33730499191781727,0.07410607858213325,-0.19800099007256536,0.08270672379658728
qwe,0.013670615647628816,2,0.3751664390933145,-0.19138448191340396,0.18447682297205803,-0.3556385804509104,0.09360320733512964,-0.1706902635946517,0.15104781838618359,-0.3261957333299801,-0.18062260851909595,-0.10664079407738397,-0.35917244237927143,-0.08733276423559168,-0.0376168839049942,-0.3842407645811568,0.33730499191781727,0.07410607858213325,-0.19800099007256536,0.08270672379658728
qwe,-0.03070884096001534,2,0.3751664390933145,-0.19138448191340396,0.18447682297205803,-0.3556385804509104,0.09360320733512964,-0.1706902635946517,0.15104781838618359,-0.3261957333299801,-0.18062260851909595,-0.10664079407738397,-0.35917244237927143,-0.08733276423559168,-0.0376168839049942,-0.3842407645811568,0.33730499191781727,0.07410607858213325,-0.19800099007256536,0.08270672379658728
qwe,-0.005906982845968925,2,0.3751664390933145,-0.19138448191340396,0.18447682297205803,-0.3556385804509104,0.09360320733512964,-0.1706902635946517,0.15104781838618359,-0.3261957333299801,-0.18062260851909595,-0.10664079407738397,-0.35917244237927143,-0.08733276423559168,-0.0376168839049942,-0.3842407645811568,0.33730499191781727,0.07410607858213325,-0.19800099007256536,0.08270672379658728
qwe,-0.19582851418560235,2,-0.2748941371301258,-0.07258816059201813,-0.15463606860325999,0.2789008719227558,0.1798190759984741,-0.13175747949985087,-0.19801461682362115,0.03445931383634454,-0.2249195206217682,-0.15018008340206193,0.2659376026609648,0.1371320556012559,0.436684245967164,0.2804708394813518,-0.44231177534313953,0.3100374466789237,0.04152593508351366,-0.043113662079832936
qwe,-0.26029778693475014,2,-0.2748941371301258,-0.07258816059201813,-0.15463606860325999,0.2789008719227558,0.1798190759984741,-0.13175747949985087,-0.19801461682362115,0.03445931383634454,-0.2249195206217682,-0.15018008340206193,0.2659376026609648,0.1371320556012559,0.436684245967164,0.2804708394813518,-0.44231177534313953,0.3100374466789237,0.04152593508351366,-0.043113662079832936
qwe,-0.4465502352129736,2,-0.2653919183887599,-0.043059381074789106,-0.11734042955299209,0.2829037823426548,0.15047283532228317,-0.14201641475891275,-0.2238617641007812,0.058047615308449554,-0.24171773539632868,-0.1730579560486745,0.20931294711070017,-0.5352655878219423,0.0835281852297672,0.2246379348418626,-0.346053042155169,-0.19156337340906007,0.31622550926333504,0.07092740139711948
qwe,0.0041490457170208,2,-0.2705883304298872,0.09599714097494172,-0.03133778799656283,0.2237606832525823,-0.07211390782568537,0.09856295151903753,-0.0758335298017155,0.0939331468868509,-0.09758513622971932,-0.1995353304492645,0.14956226870682396,-0.3902531376011155,-0.14785339871989442,0.007958839016953562,-0.003940787665205346,-0.2280962864270519,0.5584814904955095,0.4766065363670264
qwe,-0.0771078862456635,2,-0.2705883304298872,0.09599714097494172,-0.03133778799656283,0.2237606832525823,-0.07211390782568537,0.09856295151903753,-0.0758335298017155,0.0939331468868509,-0.09758513622971932,-0.1995353304492645,0.14956226870682396,-0.3902531376011155,-0.14785339871989442,0.007958839016953562,-0.003940787665205346,-0.2280962864270519,0.5584814904955095,0.4766065363670264
qwe,-0.08134081279811839,2,-0.2705883304298872,0.09599714097494172,-0.03133778799656283,0.2237606832525823,-0.07211390782568537,0.09856295151903753,-0.0758335298017155,0.0939331468868509,-0.09758513622971932,-0.1995353304492645,0.14956226870682396,-0.3902531376011155,-0.14785339871989442,0.007958839016953562,-0.003940787665205346,-0.2280962864270519,0.5584814904955095,0.4766065363670264
qwe,-0.1190514008180421,2,-0.1799576457584255,0.13777497458293608,0.2664005644457126,0.16350695188218153,-0.5042867475499548,0.25349472242303267,0.20611379035772606,0.0568265847934719,0.019379066397060524,-0.14934661417303002,0.09723961267351842,-0.057446801818772146,-0.20091616624714514,0.001318176086253031,0.3940948589015713,-0.1705676794646781,0.28776865218568604,0.3789895727915257
qwe,-0.06339415638463089,2,-0.1359506664220376,-0.043359825862931856,-0.09834604921836249,0.27035067146876274,-0.01639520881398203,-0.08433502298206408,-0.0818730022822011,0.123693668010744,-0.24522477506431084,-0.20732169112686114,0.15559461824943288,-0.49271257887426195,-0.2504514857892085,0.030849637903498008,0.19719087200600616,-0.2051961674691778,0.37243625438383265,0.4626255912863392
qwe,-0.37795968227315324,2,-0.12528987212130804,0.021471074689919496,-0.09785546808662308,0.22536599605442964,0.19979057559929478,-0.11328427874868598,0.00900773593720398,0.12534133191363445,-0.12012992102799393,-0.19624277589210584,0.1305923656808448,-0.47853993916357646,-0.5220119395616093,0.13676990579270132,-0.3226597328192677,0.3456286973501777,0.012364177224308492,-0.20251818769498084
qwe,0.012640973382604167,3,-0.16721691214999782,-0.060413686843561853,0.05080362175393073,0.2755252322295053,0.017107262504108448,-0.14658316768134774,-0.09975441621163451,0.1295646777652735,-0.13343508846430868,-0.22468226280547948,0.16148636016509055,-0.5352657099041115,-0.544949016624687,0.11961570520344174,-0.08191929227563852,-0.10910013671859951,0.1599818465214857,-0.32406308102006887
qwe,-0.08292416686544535,3,-0.16721691214999782,-0.060413686843561853,0.05080362175393073,0.2755252322295053,0.017107262504108448,-0.14658316768134774,-0.09975441621163451,0.1295646777652735,-0.13343508846430868,-0.22468226280547948,0.16148636016509055,-0.5352657099041115,-0.544949016624687,0.11961570520344174,-0.08191929227563852,-0.10910013671859951,0.1599818465214857,-0.32406308102006887
qwe,-0.14891857248057988,3,0.3098452758717204,-0.21249017739619036,0.041773058405642396,-0.44820282406854633,0.07281491375848025,-0.16937018505763446,-0.20591490122109446,-0.25514652615968936,-0.19395539760479097,0.16221686961310944,-0.4176717552799783,-0.020969576660817113,-0.0579876347856809,-0.4106025526637014,-0.025160292510218292,0.02545813984540644,-0.3002137100670157,0.11196081323968404
qwe,-0.13364858862594878,3,0.3981705213534016,-0.2225087284544056,0.1311087583594286,-0.38702923187651245,0.1023542396672585,-0.15915927200211927,-0.02301227426837122,-0.2372177717189342,-0.12946494520654042,-0.0381313449939065,-0.36390679312064056,-0.025799743797867196,-0.23436386223150749,-0.4589223269816053,0.19612441406752215,0.20229121495205157,-0.16532532924369617,0.09378170500262516
qwe,-0.047185436721470485,3,0.3922024583044959,-0.21423492442513647,0.20108073309456193,-0.36741348440045857,0.07918016666128125,-0.11473907765207951,0.008620974739844509,-0.375169070484385,-0.18557749335624663,0.26423034264913614,-0.3754926954657325,-0.059358918001884094,0.04364091415585937,-0.33137571819524153,0.1954913383096953,0.21592122434305344,-0.11808932740766483,0.07294204888926917
qwe,-0.06744971782497489,3,0.284839696687012,-0.17676555513515546,-0.05059187892577048,-0.27994026181026954,0.01353093175161503,0.11583111329147322,-0.09058605347177837,-0.33242980891722046,-0.22832578357637173,-0.13624029857579134,-0.29284770476232674,-0.015302224591931493,0.5806709817404888,0.21910400903499178,-0.19853899377653753,0.16156744033035542,0.20590530027660173,-0.15680151935313
qwe,-0.09182248724661658,3,0.3173361953248186,-0.2374829054688231,0.1256513793754902,-0.3913347111550424,0.07345416525486792,-0.08056526831301279,-0.01978175098746936,-0.28571640886752947,-0.13582338858865772,-0.2846242785949537,-0.3112395993356147,-0.0011750008284601926,-0.2592642347206836,-0.4399402857051188,0.2725664237454603,0.08478343349957698,-0.173656335227871,0.10641416189810682
qwe,0.004092861913140821,3,0.036505152270279936,-0.056696248545430816,-0.3031249603235434,-0.056569767280517484,-0.018423243850150123,0.4805783258447996,-0.43021665798505687,-0.27195102024280293,-0.35823443172180236,0.03533839060268825,0.29573248178357475,0.017823221981206123,0.30661453055864146,0.21057506755403513,-0.1376636233020768,0.049452451452184173,0.09409876621170125,-0.1551372050945983
qwe,0.005855487425002475,3,0.036505152270279936,-0.056696248545430816,-0.3031249603235434,-0.056569767280517484,-0.018423243850150123,0.4805783258447996,-0.43021665798505687,-0.27195102024280293,-0.35823443172180236,0.03533839060268825,0.29573248178357475,0.017823221981206123,0.30661453055864146,0.21057506755403513,-0.1376636233020768,0.049452451452184173,0.09409876621170125,-0.1551372050945983
qwe,0.004584998651006504,3,0.036505152270279936,-0.056696248545430816,-0.3031249603235434,-0.056569767280517484,-0.018423243850150123,0.4805783258447996,-0.43021665798505687,-0.27195102024280293,-0.35823443172180236,0.03533839060268825,0.29573248178357475,0.017823221981206123,0.30661453055864146,0.21057506755403513,-0.1376636233020768,0.049452451452184173,0.09409876621170125,-0.1551372050945983
qwe,-0.06273347986200555,3,0.036505152270279936,-0.056696248545430816,-0.3031249603235434,-0.056569767280517484,-0.018423243850150123,0.4805783258447996,-0.43021665798505687,-0.27195102024280293,-0.35823443172180236,0.03533839060268825,0.29573248178357475,0.017823221981206123,0.30661453055864146,0.21057506755403513,-0.1376636233020768,0.049452451452184173,0.09409876621170125,-0.1551372050945983
qwe,-0.008810181857234442,3,0.036505152270279936,-0.056696248545430816,-0.3031249603235434,-0.056569767280517484,-0.018423243850150123,0.4805783258447996,-0.43021665798505687,-0.27195102024280293,-0.35823443172180236,0.03533839060268825,0.29573248178357475,0.017823221981206123,0.30661453055864146,0.21057506755403513,-0.1376636233020768,0.049452451452184173,0.09409876621170125,-0.1551372050945983
qwe,-0.0052673458813357775,3,0.036505152270279936,-0.056696248545430816,-0.3031249603235434,-0.056569767280517484,-0.018423243850150123,0.4805783258447996,-0.43021665798505687,-0.27195102024280293,-0.35823443172180236,0.03533839060268825,0.29573248178357475,0.017823221981206123,0.30661453055864146,0.21057506755403513,-0.1376636233020768,0.049452451452184173,0.09409876621170125,-0.1551372050945983
qwe,-0.028821841659455987,3,0.036505152270279936,-0.056696248545430816,-0.3031249603235434,-0.056569767280517484,-0.018423243850150123,0.4805783258447996,-0.43021665798505687,-0.27195102024280293,-0.35823443172180236,0.03533839060268825,0.29573248178357475,0.017823221981206123,0.30661453055864146,0.21057506755403513,-0.1376636233020768,0.049452451452184173,0.09409876621170125,-0.1551372050945983
qwe,-0.08824417969542424,3,-0.2383689533541518,0.10206556195288952,-0.046998578785104335,0.2647704202694282,-0.07363351713678101,0.051685758037422175,-0.15869841219857675,0.332077520004723,-0.2733076640391614,-0.09914463496401249,0.3938188879725205,0.3169394198095631,-0.3210800387507697,0.12900141636452986,0.32413295992113406,-0.31395324468180497,-0.005619268509739853,-0.23115329300664353
qwe,0.08296128071511051,3,-0.04499130050703841,0.1703738914465449,0.0513986062392724,0.2738705510422227,0.07025876111562665,-0.35453255630682284,0.1607564143598387,0.2569955222841535,-0.37913309101513376,-0.35577034856806344,-0.33205859522517406,0.044432201015854184,0.12043965672212632,0.3167928103482224,0.28482057575808994,-0.28177486538391644,0.03419171334363518,-0.09838087996328887
qwe,0.01308149018173971,3,-0.04499130050703841,0.1703738914465449,0.0513986062392724,0.2738705510422227,0.07025876111562665,-0.35453255630682284,0.1607564143598387,0.2569955222841535,-0.37913309101513376,-0.35577034856806344,-0.33205859522517406,0.044432201015854184,0.12043965672212632,0.3167928103482224,0.28482057575808994,-0.28177486538391644,0.03419171334363518,-0.09838087996328887
qwe,-0.009588655063761524,3,-0.04499130050703841,0.1703738914465449,0.0513986062392724,0.2738705510422227,0.07025876111562665,-0.35453255630682284,0.1607564143598387,0.2569955222841535,-0.37913309101513376,-0.35577034856806344,-0.33205859522517406,0.044432201015854184,0.12043965672212632,0.3167928103482224,0.28482057575808994,-0.28177486538391644,0.03419171334363518,-0.09838087996328887
qwe,0.022096357353439858,3,-0.15178922641623566,-0.07436092208928868,-0.23111564457397507,0.16528950653787888,0.09915057954267709,-0.09895181140826709,0.42081147938792746,0.25429798591298586,0.22698609382151735,0.20813642317638067,0.2015576133324597,0.2888992499023461,0.4642825301224026,0.20776590482997684,-0.28653727003160184,0.19249090331635535,0.15762812778500696,-0.08754273518179688
qwe,-0.09192286337970389,3,-0.15178922641623566,-0.07436092208928868,-0.23111564457397507,0.16528950653787888,0.09915057954267709,-0.09895181140826709,0.42081147938792746,0.25429798591298586,0.22698609382151735,0.20813642317638067,0.2015576133324597,0.2888992499023461,0.4642825301224026,0.20776590482997684,-0.28653727003160184,0.19249090331635535,0.15762812778500696,-0.08754273518179688
qwe,0.01676087522740324,3,0.09167251321202294,-0.12284470837441763,0.04714851218733869,0.11449449090261021,-0.1550113244036346,-0.13558674934576367,-0.020364878537417988,-0.043822308861041256,0.14353583710714898,-0.1856027369720908,-0.12442769527873505,-0.21878792200461555,-0.07253991714054144,-0.1742678062863698,-0.10515607021855951,-0.20463085454700644,-0.8017949800654288,0.2580437068012786
qwe,-0.06722417007895698,3,0.09167251321202294,-0.12284470837441763,0.04714851218733869,0.11449449090261021,-0.1550113244036346,-0.13558674934576367,-0.020364878537417988,-0.043822308861041256,0.14353583710714898,-0.1856027369720908,-0.12442769527873505,-0.21878792200461555,-0.07253991714054144,-0.1742678062863698,-0.10515607021855951,-0.20463085454700644,-0.8017949800654288,0.2580437068012786
qwe,-0.05578409286493163,3,0.09167251321202294,-0.12284470837441763,0.04714851218733869,0.11449449090261021,-0.1550113244036346,-0.13558674934576367,-0.020364878537417988,-0.043822308861041256,0.14353583710714898,-0.1856027369720908,-0.12442769527873505,-0.21878792200461555,-0.07253991714054144,-0.1742678062863698,-0.10515607021855951,-0.20463085454700644,-0.8017949800654288,0.2580437068012786
qwe,0.012049656729765303,3,0.12112824109820504,-0.12211299401386921,0.008915605630997372,0.15339649806551733,-0.5392881340727425,-0.13457031661629462,0.23826117426355722,-0.09104259581299051,0.28654464151161413,-0.21498698459652207,-0.3577788289667551,-0.012429777432659717,-0.14960554459697362,-0.07900847524321691,0.26170924766998976,-0.23058349508610185,-0.40515292307939565,-0.04344463711580079
qwe,-0.08710987630255443,3,0.12112824109820504,-0.12211299401386921,0.008915605630997372,0.15339649806551733,-0.5392881340727425,-0.13457031661629462,0.23826117426355722,-0.09104259581299051,0.28654464151161413,-0.21498698459652207,-0.3577788289667551,-0.012429777432659717,-0.14960554459697362,-0.07900847524321691,0.26170924766998976,-0.23058349508610185,-0.40515292307939565,-0.04344463711580079
qwe,-0.0884525796065611,3,0.05744345353404551,-0.15307745648514967,-0.07330808478088624,-0.39964894640538196,0.054800184942987495,-0.1336871841076569,0.018728261027068323,0.017925979188136584,-0.1031913759186644,-0.1529212706728409,0.030919175417673278,-0.36763104615960734,-0.08211764692866137,-0.0744357807531269,0.42165483017222355,-0.1703842818730298,0.47987837253788035,0.408771296218908
qwe,-0.40503478082743777,3,0.05744345353404551,-0.15307745648514967,-0.07330808478088624,-0.39964894640538196,0.054800184942987495,-0.1336871841076569,0.018728261027068323,0.017925979188136584,-0.1031913759186644,-0.1529212706728409,0.030919175417673278,-0.36763104615960734,-0.08211764692866137,-0.0744357807531269,0.42165483017222355,-0.1703842818730298,0.47987837253788035,0.408771296218908
qwe,0.01667397634592759,3,-0.03175992717736653,0.17271317192334973,0.04255449045612016,0.3018170612820089,-0.062212498510977716,0.1435374181585472,0.013004997333666958,0.02016665857432289,0.026822907780236174,0.16239262759658396,0.13885230713904054,0.1729761007701045,0.12810670904044996,0.12250329215082728,-0.3909299328149763,0.18041348124155704,0.7310836391974144,-0.15375108644878108
qwe,0.3145494106235892,3,-0.03175992717736653,0.17271317192334973,0.04255449045612016,0.3018170612820089,-0.062212498510977716,0.1435374181585472,0.013004997333666958,0.02016665857432289,0.026822907780236174,0.16239262759658396,0.13885230713904054,0.1729761007701045,0.12810670904044996,0.12250329215082728,-0.3909299328149763,0.18041348124155704,0.7310836391974144,-0.15375108644878108
qwe,0.0022015357885467463,3,0.048682290148817906,-0.21817197854102888,-0.15237295646144786,-0.22552830473449528,0.09541924116196744,-0.19437163209605635,-0.16371811037790412,-0.04762908745945201,-0.06198653938495749,-0.29843104031189344,-0.4544075795168142,0.12942841120804152,-0.3180508957330693,-0.3221940903171621,0.07948540766558992,-0.26914989641579284,-0.4466756154492778,0.024651380581438006
qwe,-0.1550707629738642,3,0.048682290148817906,-0.21817197854102888,-0.15237295646144786,-0.22552830473449528,0.09541924116196744,-0.19437163209605635,-0.16371811037790412,-0.04762908745945201,-0.06198653938495749,-0.29843104031189344,-0.4544075795168142,0.12942841120804152,-0.3180508957330693,-0.3221940903171621,0.07948540766558992,-0.26914989641579284,-0.4466756154492778,0.024651380581438006
qwe,-0.18495495032518197,3,0.048682290148817906,-0.21817197854102888,-0.15237295646144786,-0.22552830473449528,0.09541924116196744,-0.19437163209605635,-0.16371811037790412,-0.04762908745945201,-0.06198653938495749,-0.29843104031189344,-0.4544075795168142,0.12942841120804152,-0.3180508957330693,-0.3221940903171621,0.07948540766558992,-0.26914989641579284,-0.4466756154492778,0.024651380581438006
qwe,-0.19842254392477693,3,0.048682290148817906,-0.21817197854102888,-0.15237295646144786,-0.22552830473449528,0.09541924116196744,-0.19437163209605635,-0.16371811037790412,-0.04762908745945201,-0.06198653938495749,-0.29843104031189344,-0.4544075795168142,0.12942841120804152,-0.3180508957330693,-0.3221940903171621,0.07948540766558992,-0.26914989641579284,-0.4466756154492778,0.024651380581438006
qwe,-0.1442346549128674,3,0.048682290148817906,-0.21817197854102888,-0.15237295646144786,-0.22552830473449528,0.09541924116196744,-0.19437163209605635,-0.16371811037790412,-0.04762908745945201,-0.06198653938495749,-0.29843104031189344,-0.4544075795168142,0.12942841120804152,-0.3180508957330693,-0.3221940903171621,0.07948540766558992,-0.26914989641579284,-0.4466756154492778,0.024651380581438006
qwe,-0.2045910162350584,3,0.048682290148817906,-0.21817197854102888,-0.15237295646144786,-0.22552830473449528,0.09541924116196744,-0.19437163209605635,-0.16371811037790412,-0.04762908745945201,-0.06198653938495749,-0.29843104031189344,-0.4544075795168142,0.12942841120804152,-0.3180508957330693,-0.3221940903171621,0.07948540766558992,-0.26914989641579284,-0.4466756154492778,0.024651380581438006
qwe,-0.22159777877512618,3,0.048682290148817906,-0.21817197854102888,-0.15237295646144786,-0.22552830473449528,0.09541924116196744,-0.19437163209605635,-0.16371811037790412,-0.04762908745945201,-0.06198653938495749,-0.29843104031189344,-0.4544075795168142,0.12942841120804152,-0.3180508957330693,-0.3221940903171621,0.07948540766558992,-0.26914989641579284,-0.4466756154492778,0.024651380581438006
qwe,-0.24616871237664964,3,0.048682290148817906,-0.21817197854102888,-0.15237295646144786,-0.22552830473449528,0.09541924116196744,-0.19437163209605635,-0.16371811037790412,-0.04762908745945201,-0.06198653938495749,-0.29843104031189344,-0.4544075795168142,0.12942841120804152,-0.3180508957330693,-0.3221940903171621,0.07948540766558992,-0.26914989641579284,-0.4466756154492778,0.024651380581438006
qwe,-0.24374569383425215,3,0.048682290148817906,-0.21817197854102888,-0.15237295646144786,-0.22552830473449528,0.09541924116196744,-0.19437163209605635,-0.16371811037790412,-0.04762908745945201,-0.06198653938495749,-0.29843104031189344,-0.4544075795168142,0.12942841120804152,-0.3180508957330693,-0.3221940903171621,0.07948540766558992,-0.26914989641579284,-0.4466756154492778,0.024651380581438006
qwe,-0.44638676756602563,3,-0.0012453591159976491,-0.16115828238123642,-0.1371140418111014,0.3883381969467773,0.058250804113561025,-0.17172292392642183,0.02989478887820291,0.09926991960174963,-0.19186241068252738,-0.2760186224717114,0.38163820258679626,0.0426430739690333,-0.24482046413672925,-0.40342906889142577,-0.21182327795891764,-0.32223149902770326,-0.35834757728159433,0.02277265493761842
qwe,-0.43143384534510565,3,-0.06003818927069754,-0.13013883825486913,-0.01077473906277752,0.3703117687029808,0.028603702094161187,-0.16611123042511333,0.11542043516459408,0.193347817452416,-0.14616528502003895,-0.296205011070577,0.3029148158719518,-0.3950053840206088,-0.1699458455568864,-0.31684011771069426,-0.22069084388962457,-0.28096882222884884,-0.38623597332159154,-0.010596508886783613
qwe,-0.041483945659259676,3,-0.2437971609096688,0.1371740932926927,-0.2802793316127994,0.23865903843397193,0.1408374216810735,-0.12732553366060603,-0.2418667837182476,0.3371333171076708,0.09198116875879467,0.2796169796260492,0.24602316390396287,0.328635521362665,0.12376969919782561,0.25497445579877676,-0.3435046067263981,0.24065230381258873,0.024768975989230155,-0.2569006286380552
qwe,-0.13773823641961178,3,-0.3152593563607066,0.45359086825126826,-0.03949778945236901,0.11781312154075053,-0.08148476613692539,0.06352330799921706,-0.5368445220148665,0.2616432152785577,0.22983506833902792,0.16688511319975916,0.01801447476456432,0.13148178155870555,0.0007037937543477571,0.296909884513222,-0.3013936037097069,0.1691403822776037,0.00039152859744332396,-0.0787602917210793
qwe,0.005137146812042505,3,-0.2681941139044626,0.4626686793420587,0.23081992169514157,0.11375876960314568,-0.3858740936806305,0.2862886117952323,0.2805949720937406,0.24088470350340585,0.27844275265348395,0.15434604436148816,0.12134856813841513,0.17076526977241746,-0.19007655852214164,0.24522780619899945,0.16934945962499615,-0.08116664987420452,0.05120594582402553,-0.027880882941842714
qwe,-0.034978207395868634,3,-0.2681941139044626,0.4626686793420587,0.23081992169514157,0.11375876960314568,-0.3858740936806305,0.2862886117952323,0.2805949720937406,0.24088470350340585,0.27844275265348395,0.15434604436148816,0.12134856813841513,0.17076526977241746,-0.19007655852214164,0.24522780619899945,0.16934945962499615,-0.08116664987420452,0.05120594582402553,-0.027880882941842714
qwe,-0.09069085151829198,5,-0.15931930195455754,0.005835508692722424,-0.16960435599816948,0.14625897501600052,0.17574682049224852,-0.038690253121754725,-0.1350980330507447,0.24666980459500176,0.02078800509210239,-0.34806436482328057,0.12470323038994897,-0.6309289881060486,-0.09442405883554546,0.2059526892411841,-0.3203443969090762,0.10781520853111348,0.1559644876665419,-0.29637715269349946
qwe,-0.12267157566333978,5,0.3125827877832558,-0.27834106211292897,0.11735077388171684,-0.40859368929595774,0.12567360400512773,-0.17922584853524687,-0.18457463681804323,0.11784865277448832,0.012319809301766594,-0.26064231770546126,0.010558208210883753,-0.4670673303970977,-0.19692849598057982,0.08380644417370849,-0.040083871507796034,-0.3023521863308314,0.2688523684207209,-0.2253160302720308
qwe,-0.18331612651112503,5,0.311398180695877,-0.18865536880127853,-0.009103442107355626,-0.2773052242656125,0.10829610459104883,0.09894172272888392,-0.006507688162684199,-0.3165453200349446,0.16585934604141764,0.33302472610985306,-0.30638081948986795,-0.1100275299652755,-0.017515916180150384,-0.07575219203755042,0.02848468758615335,-0.19099058218045484,0.5292488898158129,0.3176004415013764
qwe,-0.05457106510753408,5,0.311398180695877,-0.18865536880127853,-0.009103442107355626,-0.2773052242656125,0.10829610459104883,0.09894172272888392,-0.006507688162684199,-0.3165453200349446,0.16585934604141764,0.33302472610985306,-0.30638081948986795,-0.1100275299652755,-0.017515916180150384,-0.07575219203755042,0.02848468758615335,-0.19099058218045484,0.5292488898158129,0.3176004415013764
qwe,-0.25220354083319413,5,0.311398180695877,-0.18865536880127853,-0.009103442107355626,-0.2773052242656125,0.10829610459104883,0.09894172272888392,-0.006507688162684199,-0.3165453200349446,0.16585934604141764,0.33302472610985306,-0.30638081948986795,-0.1100275299652755,-0.017515916180150384,-0.07575219203755042,0.02848468758615335,-0.19099058218045484,0.5292488898158129,0.3176004415013764
qwe,-0.10196396241378834,5,0.3046058540934551,-0.1820903942715344,0.11044458541940055,-0.3490156258997813,0.12180458166310802,0.048267765648028475,-0.10038466754978789,-0.2962737110753802,-0.26569838039737625,0.2662086970713281,-0.34612699447827616,-0.05927834312462271,0.09260563888986868,-0.36923057651061864,0.017270244767959644,-0.029155543180748582,-0.43327096903306994,0.16268847860502803
qwe,-0.0710354910190982,5,0.5042513362732063,-0.23754974479421553,0.30475224387595934,-0.39034307737125495,0.12647477027144396,-0.1645301221830943,0.046590479179337084,-0.22223152911305488,-0.19581321235935395,0.15152667305060183,-0.37190514160130134,-0.03007907838825443,0.057436961686044674,-0.27097337526145604,0.19659436738836314,-0.022478980160257747,-0.18065963419756437,0.019900916860331557
qwe,-0.17036686372265675,5,0.38588964492022504,-0.2464920583987814,0.11850123752663214,-0.3630374098060902,-0.12673342429505702,0.05397014309716799,0.1065044769583914,-0.515382119527195,0.32745596447351716,-0.23213957591449544,0.24299405159829085,-0.08281449475318904,0.1277322582386441,-0.06830385703512958,0.05014823379944609,-0.2684987775616816,-0.07078062929901816,-0.14470054891839013
qwe,-0.16343607525466772,5,0.38588964492022504,-0.2464920583987814,0.11850123752663214,-0.3630374098060902,-0.12673342429505702,0.05397014309716799,0.1065044769583914,-0.515382119527195,0.32745596447351716,-0.23213957591449544,0.24299405159829085,-0.08281449475318904,0.1277322582386441,-0.06830385703512958,0.05014823379944609,-0.2684987775616816,-0.07078062929901816,-0.14470054891839013
qwe,-0.19638005528898714,5,0.38588964492022504,-0.2464920583987814,0.11850123752663214,-0.3630374098060902,-0.12673342429505702,0.05397014309716799,0.1065044769583914,-0.515382119527195,0.32745596447351716,-0.23213957591449544,0.24299405159829085,-0.08281449475318904,0.1277322582386441,-0.06830385703512958,0.05014823379944609,-0.2684987775616816,-0.07078062929901816,-0.14470054891839013
qwe,-0.15003112453406406,5,0.38588964492022504,-0.2464920583987814,0.11850123752663214,-0.3630374098060902,-0.12673342429505702,0.05397014309716799,0.1065044769583914,-0.515382119527195,0.32745596447351716,-0.23213957591449544,0.24299405159829085,-0.08281449475318904,0.1277322582386441,-0.06830385703512958,0.05014823379944609,-0.2684987775616816,-0.07078062929901816,-0.14470054891839013
qwe,-0.2102757588439173,5,0.38588964492022504,-0.2464920583987814,0.11850123752663214,-0.3630374098060902,-0.12673342429505702,0.05397014309716799,0.1065044769583914,-0.515382119527195,0.32745596447351716,-0.23213957591449544,0.24299405159829085,-0.08281449475318904,0.1277322582386441,-0.06830385703512958,0.05014823379944609,-0.2684987775616816,-0.07078062929901816,-0.14470054891839013
qwe,-0.201112599876794,5,0.38588964492022504,-0.2464920583987814,0.11850123752663214,-0.3630374098060902,-0.12673342429505702,0.05397014309716799,0.1065044769583914,-0.515382119527195,0.32745596447351716,-0.23213957591449544,0.24299405159829085,-0.08281449475318904,0.1277322582386441,-0.06830385703512958,0.05014823379944609,-0.2684987775616816,-0.07078062929901816,-0.14470054891839013
qwe,-0.20203520419251136,5,0.38588964492022504,-0.2464920583987814,0.11850123752663214,-0.3630374098060902,-0.12673342429505702,0.05397014309716799,0.1065044769583914,-0.515382119527195,0.32745596447351716,-0.23213957591449544,0.24299405159829085,-0.08281449475318904,0.1277322582386441,-0.06830385703512958,0.05014823379944609,-0.2684987775616816,-0.07078062929901816,-0.14470054891839013
qwe,0.013276913022899378,5,0.30291884399097546,-0.16405246115750405,-0.017683367969428293,-0.2598435074168002,0.2504193778532383,0.4300977286108898,0.10769999594506442,-0.24553438798920282,0.2465884123135692,-0.18117881046514828,-0.30208505267223074,-0.024979551479846256,0.14580788833487618,-0.361777925740814,-0.2820522959716578,-0.20089884240516268,-0.17067946366340342,0.08494571866446297
qwe,-0.11733840265235299,5,0.30291884399097546,-0.16405246115750405,-0.017683367969428293,-0.2598435074168002,0.2504193778532383,0.4300977286108898,0.10769999594506442,-0.24553438798920282,0.2465884123135692,-0.18117881046514828,-0.30208505267223074,-0.024979551479846256,0.14580788833487618,-0.361777925740814,-0.2820522959716578,-0.20089884240516268,-0.17067946366340342,0.08494571866446297
qwe,0.0006642421069430448,5,-0.05555258332602661,-0.045092096547087124,-0.06747577407860651,0.18820928493155042,0.063914432548934,-0.13258300538122034,0.32698199940837586,0.32359772144226,0.25027512138367325,0.13821723423329046,0.22344039936587062,0.34331868749276906,0.4119052681238921,0.2529745721929369,-0.23436540772819955,0.10661936566759052,0.27294113118261293,-0.3124421945020806
qwe,0.03022295929593982,5,-0.05555258332602661,-0.045092096547087124,-0.06747577407860651,0.18820928493155042,0.063914432548934,-0.13258300538122034,0.32698199940837586,0.32359772144226,0.25027512138367325,0.13821723423329046,0.22344039936587062,0.34331868749276906,0.4119052681238921,0.2529745721929369,-0.23436540772819955,0.10661936566759052,0.27294113118261293,-0.3124421945020806
qwe,0.02763361267172821,5,-0.05555258332602661,-0.045092096547087124,-0.06747577407860651,0.18820928493155042,0.063914432548934,-0.13258300538122034,0.32698199940837586,0.32359772144226,0.25027512138367325,0.13821723423329046,0.22344039936587062,0.34331868749276906,0.4119052681238921,0.2529745721929369,-0.23436540772819955,0.10661936566759052,0.27294113118261293,-0.3124421945020806
qwe,0.029705757266298902,5,-0.05555258332602661,-0.045092096547087124,-0.06747577407860651,0.18820928493155042,0.063914432548934,-0.13258300538122034,0.32698199940837586,0.32359772144226,0.25027512138367325,0.13821723423329046,0.22344039936587062,0.34331868749276906,0.4119052681238921,0.2529745721929369,-0.23436540772819955,0.10661936566759052,0.27294113118261293,-0.3124421945020806
qwe,-0.08317193934181542,5,-0.05555258332602661,-0.045092096547087124,-0.06747577407860651,0.18820928493155042,0.063914432548934,-0.13258300538122034,0.32698199940837586,0.32359772144226,0.25027512138367325,0.13821723423329046,0.22344039936587062,0.34331868749276906,0.4119052681238921,0.2529745721929369,-0.23436540772819955,0.10661936566759052,0.27294113118261293,-0.3124421945020806
qwe,-0.015942468684458238,5,-0.05555258332602661,-0.045092096547087124,-0.06747577407860651,0.18820928493155042,0.063914432548934,-0.13258300538122034,0.32698199940837586,0.32359772144226,0.25027512138367325,0.13821723423329046,0.22344039936587062,0.34331868749276906,0.4119052681238921,0.2529745721929369,-0.23436540772819955,0.10661936566759052,0.27294113118261293,-0.3124421945020806
qwe,-0.0060180106459768005,5,-0.05555258332602661,-0.045092096547087124,-0.06747577407860651,0.18820928493155042,0.063914432548934,-0.13258300538122034,0.32698199940837586,0.32359772144226,0.25027512138367325,0.13821723423329046,0.22344039936587062,0.34331868749276906,0.4119052681238921,0.2529745721929369,-0.23436540772819955,0.10661936566759052,0.27294113118261293,-0.3124421945020806
qwe,-0.0033919089694155525,5,-0.05555258332602661,-0.045092096547087124,-0.06747577407860651,0.18820928493155042,0.063914432548934,-0.13258300538122034,0.32698199940837586,0.32359772144226,0.25027512138367325,0.13821723423329046,0.22344039936587062,0.34331868749276906,0.4119052681238921,0.2529745721929369,-0.23436540772819955,0.10661936566759052,0.27294113118261293,-0.3124421945020806
qwe,-0.0029404044652923864,5,-0.05555258332602661,-0.045092096547087124,-0.06747577407860651,0.18820928493155042,0.063914432548934,-0.13258300538122034,0.32698199940837586,0.32359772144226,0.25027512138367325,0.13821723423329046,0.22344039936587062,0.34331868749276906,0.4119052681238921,0.2529745721929369,-0.23436540772819955,0.10661936566759052,0.27294113118261293,-0.3124421945020806
qwe,-0.07476115710339126,5,-0.0740996800166032,0.007552838981475629,-0.2801922953980641,0.24981603745979405,0.3039390125015149,-0.12966461842279772,0.02981770501438018,0.12549599872563302,-0.36747027399785326,-0.16319645658174603,0.2121555851184925,-0.3395193334300722,-0.028303370912371333,0.03389558681902606,0.16231745459374128,-0.19776795021531257,0.3973326216607104,0.42482121112911436
qwe,-0.44721315817108503,5,-0.09015967374615852,0.05350876948682817,-0.1911897550054083,0.24710849729491025,0.3002662871227852,-0.1289310733186308,0.052417206167559224,0.13397142185975222,-0.32846799996640874,-0.17583287074962267,0.2263716152847178,0.4578823819243089,-0.1697349802132181,0.1886244650779417,-0.20113439655897444,0.40953547440026816,0.17876414223727366,-0.24430311553490283
ocran,-0.06251637545501554,1,-0.259521752854813,0.4680166050204819,-0.06504998738003699,0.20231687641327536,0.1983042010685858,-0.004958167900695215,-0.24108734812256294,-0.04139107229198154,-0.26518264876287273,-0.19781837588677872,-0.20785526680316702,-0.2370953336385508,-0.49576578524718595,-0.07597635663795876,-0.26454553066697317,-0.1791280102416182,-0.035060512813395645,0.07437291031036171
ocran,-0.04293142039398286,1,-0.24036326805999733,-0.1291488936007379,-0.28462130950486525,-0.17786451121317637,0.1843232970485176,-0.1554862740621504,0.08436415011402415,-0.25173619939488096,-0.2551291234100716,-0.21583472353753308,-5.065610894912215e-05,0.07170501085605989,-0.36463510706871016,-0.26248666055848036,-0.2559880186219003,-0.21343062799827658,-0.3353172560049617,-0.37691673824078287
ocran,-0.12177965853271161,1,-0.20788915747747547,0.3028984701876364,-0.09000781963656523,0.2549102097486514,0.3209352953076567,-0.1804662710397928,-0.1525927179350277,-0.03224015945872967,-0.30415456695328247,-0.14599808128488453,-0.1777107656246674,-0.3317477264970466,-0.5468950541338221,-0.060728006372056026,-0.20093740533383875,-0.13554130355376562,-0.05100579804482291,0.11166203147780325
ocran,-0.17394714486194449,2,-0.24910029671234035,0.2882128301295742,-0.0993036686645337,0.3493221287899378,0.1743504885832742,0.21894323150840272,-0.051082905799572,-0.08865752578057677,-0.32666047448723684,-0.18549260989104727,-0.1623490030252578,-0.22618724465061377,-0.4931320906294687,-0.025059417623224174,-0.2633892868752198,-0.20321193002679427,-0.10841042260836041,-0.22210332410928654
ocran,-0.127257180922054,2,-0.24910029671234035,0.2882128301295742,-0.0993036686645337,0.3493221287899378,0.1743504885832742,0.21894323150840272,-0.051082905799572,-0.08865752578057677,-0.32666047448723684,-0.18549260989104727,-0.1623490030252578,-0.22618724465061377,-0.4931320906294687,-0.025059417623224174,-0.2633892868752198,-0.20321193002679427,-0.10841042260836041,-0.22210332410928654
ocran,-0.20873428556556192,2,-0.24910029671234035,0.2882128301295742,-0.0993036686645337,0.3493221287899378,0.1743504885832742,0.21894323150840272,-0.051082905799572,-0.08865752578057677,-0.32666047448723684,-0.18549260989104727,-0.1623490030252578,-0.22618724465061377,-0.4931320906294687,-0.025059417623224174,-0.2633892868752198,-0.20321193002679427,-0.10841042260836041,-0.22210332410928654
ocran,0.0022814070479556634,2,-0.10259561424041623,-0.22851699650496937,-0.09359123793476277,-0.27412449407949685,0.11263514940938844,-0.21471135609278194,0.32532296302432273,-0.3364662284251548,-0.15337335400632676,-0.244671114085021,0.0549354556726643,0.08059096683587659,0.11203446552140467,-0.2726631420599472,-0.16847914859110563,-0.2057424692622258,-0.37862505520671813,-0.4262032257056537
ocran,0.0045937801249112025,2,-0.10259561424041623,-0.22851699650496937,-0.09359123793476277,-0.27412449407949685,0.11263514940938844,-0.21471135609278194,0.32532296302432273,-0.3364662284251548,-0.15337335400632676,-0.244671114085021,0.0549354556726643,0.08059096683587659,0.11203446552140467,-0.2726631420599472,-0.16847914859110563,-0.2057424692622258,-0.37862505520671813,-0.4262032257056537
ocran,0.005974192469559219,2,-0.10259561424041623,-0.22851699650496937,-0.09359123793476277,-0.27412449407949685,0.11263514940938844,-0.21471135609278194,0.32532296302432273,-0.3364662284251548,-0.15337335400632676,-0.244671114085021,0.0549354556726643,0.08059096683587659,0.11203446552140467,-0.2726631420599472,-0.16847914859110563,-0.2057424692622258,-0.37862505520671813,-0.4262032257056537
ocran,-0.04998172102435061,2,-0.10259561424041623,-0.22851699650496937,-0.09359123793476277,-0.27412449407949685,0.11263514940938844,-0.21471135609278194,0.32532296302432273,-0.3364662284251548,-0.15337335400632676,-0.244671114085021,0.0549354556726643,0.08059096683587659,0.11203446552140467,-0.2726631420599472,-0.16847914859110563,-0.2057424692622258,-0.37862505520671813,-0.4262032257056537
ocran,-0.02092149668321709,2,-0.10259561424041623,-0.22851699650496937,-0.09359123793476277,-0.27412449407949685,0.11263514940938844,-0.21471135609278194,0.32532296302432273,-0.3364662284251548,-0.15337335400632676,-0.244671114085021,0.0549354556726643,0.08059096683587659,0.11203446552140467,-0.2726631420599472,-0.16847914859110563,-0.2057424692622258,-0.37862505520671813,-0.4262032257056537
ocran,-0.0032922381038980055,2,-0.10259561424041623,-0.22851699650496937,-0.09359123793476277,-0.27412449407949685,0.11263514940938844,-0.21471135609278194,0.32532296302432273,-0.3364662284251548,-0.15337335400632676,-0.244671114085021,0.0549354556726643,0.08059096683587659,0.11203446552140467,-0.2726631420599472,-0.16847914859110563,-0.2057424692622258,-0.37862505520671813,-0.4262032257056537
ocran,-0.12394035722569417,2,-0.1149362888353282,0.36370920160732423,0.19433607964052996,0.3145060177328711,0.4349014905279604,-0.22158045418805003,0.035924033173776106,-0.06681369143724836,-0.2361264778722517,-0.14297464048768904,-0.20827869384620104,-0.42724544550575166,-0.32234484310409156,-0.07660255313484152,-0.1684048331392954,-0.16013997377432876,-0.01193264001796224,0.08829058349563643
ocran,-0.19457127609461203,3,-0.09398431361688386,0.3311320633286473,0.22711990315565853,0.33918067610973274,0.29989219650246224,0.08987501188371962,0.10993042387722887,-0.0727634617653252,-0.24298735100962948,-0.14823400686809576,-0.22547558789406597,-0.44427498802602994,-0.3406841028911933,-0.01477283690890816,-0.11833287224555378,-0.22508072814635427,-0.06101827367408753,-0.2925622168553322
ocran,-0.12694499124876096,3,-0.09398431361688386,0.3311320633286473,0.22711990315565853,0.33918067610973274,0.29989219650246224,0.08987501188371962,0.10993042387722887,-0.0727634617653252,-0.24298735100962948,-0.14823400686809576,-0.22547558789406597,-0.44427498802602994,-0.3406841028911933,-0.01477283690890816,-0.11833287224555378,-0.22508072814635427,-0.06101827367408753,-0.2925622168553322
ocran,-0.23118010857261703,3,-0.09398431361688386,0.3311320633286473,0.22711990315565853,0.33918067610973274,0.29989219650246224,0.08987501188371962,0.10993042387722887,-0.0727634617653252,-0.24298735100962948,-0.14823400686809576,-0.22547558789406597,-0.44427498802602994,-0.3406841028911933,-0.01477283690890816,-0.11833287224555378,-0.22508072814635427,-0.06101827367408753,-0.2925622168553322
ocran,-0.26445416069556343,3,-0.07623630164920991,0.1794351243949241,0.23060883309159194,0.4458766959903381,0.10136405688464153,0.4776062251432275,0.37531976811920975,-0.15447546849030228,-0.20527696120622324,-0.15241385605486635,-0.10029038181540183,0.28430213946092636,-0.01869866484440635,-0.05259144924491133,-0.2100201999368311,-0.21221539829163671,-0.09801214594624744,-0.22084927206930147
ocran,-0.14788993448379564,3,-0.0935029566237854,0.0774080421601463,0.18698229200113017,0.2833624788126107,0.13259109546941045,0.5529929642618796,0.4222855391558032,-0.2880237265607737,-0.05228425152772123,-0.2867100591924692,0.04640291534277371,0.153068442530285,0.05571663906152928,-0.14854003691201267,-0.2669500938513394,-0.1847333156718827,-0.09072420472935348,0.18983298315241348
ocran,-0.2109857193656767,3,-0.0935029566237854,0.0774080421601463,0.18698229200113017,0.2833624788126107,0.13259109546941045,0.5529929642618796,0.4222855391558032,-0.2880237265607737,-0.05228425152772123,-0.2867100591924692,0.04640291534277371,0.153068442530285,0.05571663906152928,-0.14854003691201267,-0.2669500938513394,-0.1847333156718827,-0.09072420472935348,0.18983298315241348
ocran,7.1117333502859245e-06,3,-0.02827715180051245,-0.1724607058936195,0.246848222706062,-0.2919374445586056,0.08909206286842461,-0.12573644890923924,0.4422125490067548,-0.25187356135008493,-0.04346420062151721,-0.2115039235661852,0.014918164056464891,0.09017434935062603,0.33774419233683145,-0.26164433371848655,-0.04704522210258693,-0.19327298743061108,-0.3684831872452374,-0.3573561855412826
ocran,-0.03820817305761524,3,-0.02827715180051245,-0.1724607058936195,0.246848222706062,-0.2919374445586056,0.08909206286842461,-0.12573644890923924,0.4422125490067548,-0.25187356135008493,-0.04346420062151721,-0.2115039235661852,0.014918164056464891,0.09017434935062603,0.33774419233683145,-0.26164433371848655,-0.04704522210258693,-0.19327298743061108,-0.3684831872452374,-0.3573561855412826
ocran,-0.0005240784634184455,3,-0.02827715180051245,-0.1724607058936195,0.246848222706062,-0.2919374445586056,0.08909206286842461,-0.12573644890923924,0.4422125490067548,-0.25187356135008493,-0.04346420062151721,-0.2115039235661852,0.014918164056464891,0.09017434935062603,0.33774419233683145,-0.26164433371848655,-0.04704522210258693,-0.19327298743061108,-0.3684831872452374,-0.3573561855412826
ocran,0.041293395011825273,3,-0.04196655004191209,-0.03649981612814979,-0.45116638369523204,-0.10660803520789748,0.22448146711069167,-0.36232177716807445,-0.15375293289752512,0.15160229816072318,0.12107825827998195,0.16322488747283792,0.45146501984415466,0.42359286329730456,-0.0332120610031027,0.14315070383189937,0.15016047664249801,0.20690682309969333,-0.0763522682356873,-0.1906846877099786
ocran,0.9946107225834012,3,0.04544525104427344,-0.9443227133611973,-0.20566431013820324,-0.042691902349429135,-0.22673094364604174,-0.043688648357795186,0.025530366651807506,-0.030720229647343587,-0.02993119021569775,-0.03160642070295166,-0.026410867965150145,-0.021709668489176995,-0.012213003101003204,-0.030938936848515945,-0.03060190517500677,-0.03198537534057721,-0.02637129812210923,-0.01824108481503552
ocran,-0.03278644616625016,3,0.04544525104427344,-0.9443227133611973,-0.20566431013820324,-0.042691902349429135,-0.22673094364604174,-0.043688648357795186,0.025530366651807506,-0.030720229647343587,-0.02993119021569775,-0.03160642070295166,-0.026410867965150145,-0.021709668489176995,-0.012213003101003204,-0.030938936848515945,-0.03060190517500677,-0.03198537534057721,-0.02637129812210923,-0.01824108481503552
ocran,0.014208098986153437,3,0.19718904192603837,-0.0510443556342719,-0.13295864883392586,-0.017405474356795573,-0.17011690292082318,-0.029517992310081727,-0.2512368270797727,0.30961991209690864,0.31341064003910046,0.32080713983042203,0.27411788894286065,0.22994771992527854,0.13544162287426012,0.3109752333769905,0.31912837952805784,0.3249992270909826,0.2627923106593094,0.1760602963246981
ocran,-0.03233830688090963,3,0.19718904192603837,-0.0510443556342719,-0.13295864883392586,-0.017405474356795573,-0.17011690292082318,-0.029517992310081727,-0.2512368270797727,0.30961991209690864,0.31341064003910046,0.32080713983042203,0.27411788894286065,0.22994771992527854,0.13544162287426012,0.3109752333769905,0.31912837952805784,0.3249992270909826,0.2627923106593094,0.1760602963246981
