Username,Adjective,LogNumber,RSV_1,RSV_2,RSV_3,RSV_4,RSV_5,RSV_6,RSV_7,RSV_8,RSV_9,RSV_10,RSV_11,RSV_12,RSV_13,RSV_14,RSV_15,RSV_16,RSV_17,RSV_18
grims2,0.007929802630778207,1,0.28527852511066504,0.37715741737828024,-0.1435925151530782,0.26113651123255605,-0.022409328424344847,0.25565732751869846,0.1739512519017442,0.25963820733353166,0.1299154643176194,0.15601155570987063,0.17113369832906883,0.1356490954023051,-0.4263417442980095,0.24579225854268957,0.2564526898941907,-0.11709610595737889,0.2480196320074976,-0.22791245107134867
grims2,-0.11258802999698321,1,0.28527852511066504,0.37715741737828024,-0.1435925151530782,0.26113651123255605,-0.022409328424344847,0.25565732751869846,0.1739512519017442,0.25963820733353166,0.1299154643176194,0.15601155570987063,0.17113369832906883,0.1356490954023051,-0.4263417442980095,0.24579225854268957,0.2564526898941907,-0.11709610595737889,0.2480196320074976,-0.22791245107134867
grims2,-0.2283283808086676,1,0.28527852511066504,0.37715741737828024,-0.1435925151530782,0.26113651123255605,-0.022409328424344847,0.25565732751869846,0.1739512519017442,0.25963820733353166,0.1299154643176194,0.15601155570987063,0.17113369832906883,0.1356490954023051,-0.4263417442980095,0.24579225854268957,0.2564526898941907,-0.11709610595737889,0.2480196320074976,-0.22791245107134867
grims2,-0.14254189030391276,1,-0.32516874996196576,-0.3291634156241041,0.24609820324918244,-0.2679150739195374,-0.11208042870620387,-0.19514581010664558,0.14488487064820868,-0.4086425816398645,-0.41509235013735557,-0.05054478051248987,0.11029611009506674,-0.1277114289848046,-0.23119573228845317,-0.26371845495795715,-0.13693369798832775,-0.14438403932024538,0.21734165377346837,0.04223593736190081
grims2,-0.17207859151081933,1,-0.38019866866136987,-0.3145936407330223,0.11396945180155507,-0.26672116527310546,-0.10508221865011402,-0.18708940415128897,-0.010654334685943095,-0.3618331368169525,-0.22798696122472295,-0.05914986322249445,0.18544542346468287,-0.12858811886697225,0.12224771118915595,-0.29553135527326696,-0.44898729246383834,0.18577551799492278,0.19429640223724254,0.11283158774310609
grims2,-0.15492227662709865,1,-0.38019866866136987,-0.3145936407330223,0.11396945180155507,-0.26672116527310546,-0.10508221865011402,-0.18708940415128897,-0.010654334685943095,-0.3618331368169525,-0.22798696122472295,-0.05914986322249445,0.18544542346468287,-0.12858811886697225,0.12224771118915595,-0.29553135527326696,-0.44898729246383834,0.18577551799492278,0.19429640223724254,0.11283158774310609
grims2,-0.20139839216793423,1,-0.38019866866136987,-0.3145936407330223,0.11396945180155507,-0.26672116527310546,-0.10508221865011402,-0.18708940415128897,-0.010654334685943095,-0.3618331368169525,-0.22798696122472295,-0.05914986322249445,0.18544542346468287,-0.12858811886697225,0.12224771118915595,-0.29553135527326696,-0.44898729246383834,0.18577551799492278,0.19429640223724254,0.11283158774310609
grims2,-0.08139759909592278,1,-0.32867301237135094,-0.25796568608215653,0.12026449594770186,-0.2956954015973756,-0.094329291970432,-0.16111087957657802,0.05229312980324532,-0.1800917721338705,-0.28290867090942173,0.42927642696299045,0.15427768281856297,0.00331019137904985,0.07430898403801885,-0.27688433234354964,-0.3914223780937464,0.2958720095563,0.1833852760416355,0.09385796601200569
grims2,-0.192494629183549,1,-0.1803172500840006,-0.2404270271248935,-0.10162676999445931,-0.21855280736341032,0.003668325328797886,-0.1244040787164718,-0.28218476335607634,0.22550570516837665,0.23202263098187384,-0.0824513093588356,-0.1622411043635925,0.2188471745852835,0.4912518746733966,-0.43284296741163847,-0.3561884122382729,-0.03762912453171216,0.1094534721285624,0.04265782403936579
grims2,-0.1201173762240879,1,-0.1803172500840006,-0.2404270271248935,-0.10162676999445931,-0.21855280736341032,0.003668325328797886,-0.1244040787164718,-0.28218476335607634,0.22550570516837665,0.23202263098187384,-0.0824513093588356,-0.1622411043635925,0.2188471745852835,0.4912518746733966,-0.43284296741163847,-0.3561884122382729,-0.03762912453171216,0.1094534721285624,0.04265782403936579
grims2,-0.21878544109149145,1,-0.1803172500840006,-0.2404270271248935,-0.10162676999445931,-0.21855280736341032,0.003668325328797886,-0.1244040787164718,-0.28218476335607634,0.22550570516837665,0.23202263098187384,-0.0824513093588356,-0.1622411043635925,0.2188471745852835,0.4912518746733966,-0.43284296741163847,-0.3561884122382729,-0.03762912453171216,0.1094534721285624,0.04265782403936579
grims2,0.02358456137807262,1,-0.12821257347084242,-0.07368281322067327,-0.0018546406139997055,0.028446916877432837,0.8658387110639404,-0.10159584307850078,-0.1915478216869345,-0.2024304207931299,-0.1472102926550232,-0.020077675095355293,0.14663449875337656,-0.0842001611440049,0.1602017421186722,0.009738199097664388,-0.016400063607241295,-0.026843361629175933,-0.19201636278801565,-0.15927369844126826
grims2,-0.02031365497055358,1,-0.12821257347084242,-0.07368281322067327,-0.0018546406139997055,0.028446916877432837,0.8658387110639404,-0.10159584307850078,-0.1915478216869345,-0.2024304207931299,-0.1472102926550232,-0.020077675095355293,0.14663449875337656,-0.0842001611440049,0.1602017421186722,0.009738199097664388,-0.016400063607241295,-0.026843361629175933,-0.19201636278801565,-0.15927369844126826
grims2,-0.23426143848102887,1,-0.12821257347084242,-0.07368281322067327,-0.0018546406139997055,0.028446916877432837,0.8658387110639404,-0.10159584307850078,-0.1915478216869345,-0.2024304207931299,-0.1472102926550232,-0.020077675095355293,0.14663449875337656,-0.0842001611440049,0.1602017421186722,0.009738199097664388,-0.016400063607241295,-0.026843361629175933,-0.19201636278801565,-0.15927369844126826
grims2,-0.09587440639779574,1,0.07664430902533875,0.09134264529533787,-0.45547452383170983,0.25960624563696083,-0.03949705603149801,0.2290335678795339,-0.2673320930508463,0.166692427178009,0.191718058372805,-0.08233980984717572,-0.3839367614035421,-0.3040663046052617,-0.20594969185469666,0.14492966192986084,0.08101674386026841,-0.0866607078182836,-0.3232856923835379,0.3037330991417061
grims2,-0.11472629547986021,1,0.4331463522049818,0.44654935176046806,-0.03088033275341302,0.25077345407364615,0.09296073713574221,-0.14374888129010494,0.3493217415262951,0.17612306963357882,0.17879497013242862,-0.10566091855958858,0.17409152601150865,0.06374705952380119,-0.27325458958092835,0.21637651473692868,0.2754311645665149,-0.10232307041173089,-0.20493215352441724,-0.1986623514243033
grims2,0.012279917707581467,2,0.3803999313003709,0.38950255856065663,-0.10268617811186347,0.24655989909296122,0.036193554267444576,0.14426951034308652,0.2738647237799721,0.2914933145155756,0.21671340785560697,0.2330359223438931,0.19164715162254134,0.1401123664054792,-0.26886612096453455,0.20491524488248503,0.268918658440389,-0.09234378928701473,-0.26838487560325147,-0.15927539449797706
grims2,-0.1005436920220042,2,0.3803999313003709,0.38950255856065663,-0.10268617811186347,0.24655989909296122,0.036193554267444576,0.14426951034308652,0.2738647237799721,0.2914933145155756,0.21671340785560697,0.2330359223438931,0.19164715162254134,0.1401123664054792,-0.26886612096453455,0.20491524488248503,0.268918658440389,-0.09234378928701473,-0.26838487560325147,-0.15927539449797706
grims2,-0.24153217603950525,2,0.3803999313003709,0.38950255856065663,-0.10268617811186347,0.24655989909296122,0.036193554267444576,0.14426951034308652,0.2738647237799721,0.2914933145155756,0.21671340785560697,0.2330359223438931,0.19164715162254134,0.1401123664054792,-0.26886612096453455,0.20491524488248503,0.268918658440389,-0.09234378928701473,-0.26838487560325147,-0.15927539449797706
grims2,0.15298146814546779,2,0.08900916962921894,0.3139719974420321,-0.3090286286723721,0.2914950630703574,0.105205191015938,0.1374086505398426,-0.2134572382907442,0.5388603312339049,0.46855293160881895,-0.030242097533923172,-0.06285517787303677,0.1345319442291267,0.17057895352448016,0.018908873943226948,-0.05792488993505621,0.08671642442082328,-0.24167241755961047,0.07684922746409735
grims2,-0.1748168070948296,2,-0.2832985609943377,-0.2689182230663687,0.21605459731071572,-0.2647227150022328,-0.07544187530516828,-0.11874587709097957,-0.011333865427517622,-0.1404473133986655,-0.12624036053205426,0.14042365454136557,0.22875046314822728,-0.0544776933647734,0.28712684816082473,-0.45874793383609097,-0.47732700916259385,0.11016158416684108,0.198469270875197,0.1667723813989844
grims2,-0.18249850553379166,2,-0.2832985609943377,-0.2689182230663687,0.21605459731071572,-0.2647227150022328,-0.07544187530516828,-0.11874587709097957,-0.011333865427517622,-0.1404473133986655,-0.12624036053205426,0.14042365454136557,0.22875046314822728,-0.0544776933647734,0.28712684816082473,-0.45874793383609097,-0.47732700916259385,0.11016158416684108,0.198469270875197,0.1667723813989844
grims2,-0.19004359084828415,2,-0.2832985609943377,-0.2689182230663687,0.21605459731071572,-0.2647227150022328,-0.07544187530516828,-0.11874587709097957,-0.011333865427517622,-0.1404473133986655,-0.12624036053205426,0.14042365454136557,0.22875046314822728,-0.0544776933647734,0.28712684816082473,-0.45874793383609097,-0.47732700916259385,0.11016158416684108,0.198469270875197,0.1667723813989844
grims2,-0.15736363195171144,2,-0.2832985609943377,-0.2689182230663687,0.21605459731071572,-0.2647227150022328,-0.07544187530516828,-0.11874587709097957,-0.011333865427517622,-0.1404473133986655,-0.12624036053205426,0.14042365454136557,0.22875046314822728,-0.0544776933647734,0.28712684816082473,-0.45874793383609097,-0.47732700916259385,0.11016158416684108,0.198469270875197,0.1667723813989844
grims2,-0.20207125042633833,2,-0.2832985609943377,-0.2689182230663687,0.21605459731071572,-0.2647227150022328,-0.07544187530516828,-0.11874587709097957,-0.011333865427517622,-0.1404473133986655,-0.12624036053205426,0.14042365454136557,0.22875046314822728,-0.0544776933647734,0.28712684816082473,-0.45874793383609097,-0.47732700916259385,0.11016158416684108,0.198469270875197,0.1667723813989844
grims2,-0.21027844456357855,2,-0.2832985609943377,-0.2689182230663687,0.21605459731071572,-0.2647227150022328,-0.07544187530516828,-0.11874587709097957,-0.011333865427517622,-0.1404473133986655,-0.12624036053205426,0.14042365454136557,0.22875046314822728,-0.0544776933647734,0.28712684816082473,-0.45874793383609097,-0.47732700916259385,0.11016158416684108,0.198469270875197,0.1667723813989844
grims2,-0.20085300368680756,2,-0.2832985609943377,-0.2689182230663687,0.21605459731071572,-0.2647227150022328,-0.07544187530516828,-0.11874587709097957,-0.011333865427517622,-0.1404473133986655,-0.12624036053205426,0.14042365454136557,0.22875046314822728,-0.0544776933647734,0.28712684816082473,-0.45874793383609097,-0.47732700916259385,0.11016158416684108,0.198469270875197,0.1667723813989844
grims2,-0.19039657343349045,2,-0.19328306253076377,-0.25792011545823723,0.2112732234045748,-0.3116493126628988,-0.08831484922546264,-0.20843817871627143,0.25056702200369174,-0.45045622392920254,-0.5109497441708701,0.2401364795272353,0.07088283814186366,-0.06852686823686173,0.21742126407694834,0.04138935386559021,-0.12645645147103313,-0.0059128555005239425,0.20567896603948857,0.04057064973063615
grims2,-0.18972832830150907,2,-0.19328306253076377,-0.25792011545823723,0.2112732234045748,-0.3116493126628988,-0.08831484922546264,-0.20843817871627143,0.25056702200369174,-0.45045622392920254,-0.5109497441708701,0.2401364795272353,0.07088283814186366,-0.06852686823686173,0.21742126407694834,0.04138935386559021,-0.12645645147103313,-0.0059128555005239425,0.20567896603948857,0.04057064973063615
grims2,-0.22871006014578235,2,-0.19328306253076377,-0.25792011545823723,0.2112732234045748,-0.3116493126628988,-0.08831484922546264,-0.20843817871627143,0.25056702200369174,-0.45045622392920254,-0.5109497441708701,0.2401364795272353,0.07088283814186366,-0.06852686823686173,0.21742126407694834,0.04138935386559021,-0.12645645147103313,-0.0059128555005239425,0.20567896603948857,0.04057064973063615
grims2,-0.1879625394988293,2,-0.24279591143192142,-0.21534461806225214,0.0996306987049981,-0.29208075805838124,-0.07269560739972282,-0.19487313284064553,0.03602568712335591,0.1033695655480829,-0.08781639752032144,0.434655169576252,0.28180797665096363,0.11825328000713163,0.26475070502455195,-0.36573527780632625,-0.43269999065924486,0.07357692185859999,0.1922108651434349,0.14393258053753363
grims2,-0.1591923996733231,2,-0.24279591143192142,-0.21534461806225214,0.0996306987049981,-0.29208075805838124,-0.07269560739972282,-0.19487313284064553,0.03602568712335591,0.1033695655480829,-0.08781639752032144,0.434655169576252,0.28180797665096363,0.11825328000713163,0.26475070502455195,-0.36573527780632625,-0.43269999065924486,0.07357692185859999,0.1922108651434349,0.14393258053753363
grims2,-0.23289734411974705,2,-0.24279591143192142,-0.21534461806225214,0.0996306987049981,-0.29208075805838124,-0.07269560739972282,-0.19487313284064553,0.03602568712335591,0.1033695655480829,-0.08781639752032144,0.434655169576252,0.28180797665096363,0.11825328000713163,0.26475070502455195,-0.36573527780632625,-0.43269999065924486,0.07357692185859999,0.1922108651434349,0.14393258053753363
grims2,-0.09775239864617524,2,-0.1721698885562312,-0.1984526224765557,0.06514633366439654,-0.3134095844014949,-0.09128337135481658,-0.20321489386788474,0.14569574829122234,-0.3106392032951649,-0.30894482956863617,-0.12170969855767026,0.17739309552541535,-0.07917108765666968,0.2643785140229388,0.08797273797577718,-0.2628806803753232,0.576147267581667,0.18551605383281078,-0.007190101625469515
grims2,-0.2564316438905104,2,-0.1721698885562312,-0.1984526224765557,0.06514633366439654,-0.3134095844014949,-0.09128337135481658,-0.20321489386788474,0.14569574829122234,-0.3106392032951649,-0.30894482956863617,-0.12170969855767026,0.17739309552541535,-0.07917108765666968,0.2643785140229388,0.08797273797577718,-0.2628806803753232,0.576147267581667,0.18551605383281078,-0.007190101625469515
grims2,-0.1803603322402649,2,-0.18082141733288218,-0.20218909072482205,0.013406382345395745,-0.31566397608862834,-0.07032622685847618,-0.20332371337430474,0.14638634629459102,0.06802972036346513,-0.1375433762010186,0.544255897511433,0.24888151914876983,0.15323953063195547,0.27583095922689804,-0.28747781867876376,-0.3796075254462225,0.039591510090378666,0.1939816127202371,0.10805057077072311
grims2,-0.11911605760609369,2,-0.18082141733288218,-0.20218909072482205,0.013406382345395745,-0.31566397608862834,-0.07032622685847618,-0.20332371337430474,0.14638634629459102,0.06802972036346513,-0.1375433762010186,0.544255897511433,0.24888151914876983,0.15323953063195547,0.27583095922689804,-0.28747781867876376,-0.3796075254462225,0.039591510090378666,0.1939816127202371,0.10805057077072311
grims2,-0.22687324863992384,2,-0.18082141733288218,-0.20218909072482205,0.013406382345395745,-0.31566397608862834,-0.07032622685847618,-0.20332371337430474,0.14638634629459102,0.06802972036346513,-0.1375433762010186,0.544255897511433,0.24888151914876983,0.15323953063195547,0.27583095922689804,-0.28747781867876376,-0.3796075254462225,0.039591510090378666,0.1939816127202371,0.10805057077072311
grims2,-0.11740455359688551,2,-0.09669153430820628,-0.18350513996773976,0.06629499006621827,-0.33585132092817876,-0.07767953351394029,-0.2115119604720083,0.19953753370272312,-0.34207970610432814,-0.3407651382141643,0.08597256798415791,0.12506032589021568,-0.04820564892645707,0.27977310178098336,0.1307420333205549,-0.21112562006521832,0.5524541369929439,0.21073230333027268,-0.03391311496682458
grims2,-0.23917040545415302,2,-0.09669153430820628,-0.18350513996773976,0.06629499006621827,-0.33585132092817876,-0.07767953351394029,-0.2115119604720083,0.19953753370272312,-0.34207970610432814,-0.3407651382141643,0.08597256798415791,0.12506032589021568,-0.04820564892645707,0.27977310178098336,0.1307420333205549,-0.21112562006521832,0.5524541369929439,0.21073230333027268,-0.03391311496682458
grims2,-0.2965773033955534,2,-0.07274309501388387,-0.2130602677276653,0.0748567214550594,-0.36309314084860594,-0.02020704243243242,-0.23371831146555336,0.06825344516585831,0.2636690130968996,-0.11740497714152937,0.49692620727231895,0.2541831125499581,0.24326469552702412,0.38421704163641235,-0.26740893864914933,-0.1346291840198065,-0.08720415542317167,0.2298508482203214,-0.021529770591643717
grims2,0.02277096175953199,2,-0.0506122820864091,-0.15386585954197507,-0.05082034955290042,-0.23514198812970755,0.0020129761040354956,-0.06756274556768922,-0.25407278094583546,0.3130824391313456,0.2825521749471024,-0.09641306189276125,-0.2182581407939876,0.2767205569471899,0.5456075414080612,-0.3736081040335347,-0.2623154465292222,-0.030718332342883424,0.16216973396440007,0.045630405127673905
grims2,-0.1642971220489871,2,-0.0506122820864091,-0.15386585954197507,-0.05082034955290042,-0.23514198812970755,0.0020129761040354956,-0.06756274556768922,-0.25407278094583546,0.3130824391313456,0.2825521749471024,-0.09641306189276125,-0.2182581407939876,0.2767205569471899,0.5456075414080612,-0.3736081040335347,-0.2623154465292222,-0.030718332342883424,0.16216973396440007,0.045630405127673905
grims2,-0.12945593731865582,2,-0.0506122820864091,-0.15386585954197507,-0.05082034955290042,-0.23514198812970755,0.0020129761040354956,-0.06756274556768922,-0.25407278094583546,0.3130824391313456,0.2825521749471024,-0.09641306189276125,-0.2182581407939876,0.2767205569471899,0.5456075414080612,-0.3736081040335347,-0.2623154465292222,-0.030718332342883424,0.16216973396440007,0.045630405127673905
grims2,-0.2085449894802096,2,-0.0506122820864091,-0.15386585954197507,-0.05082034955290042,-0.23514198812970755,0.0020129761040354956,-0.06756274556768922,-0.25407278094583546,0.3130824391313456,0.2825521749471024,-0.09641306189276125,-0.2182581407939876,0.2767205569471899,0.5456075414080612,-0.3736081040335347,-0.2623154465292222,-0.030718332342883424,0.16216973396440007,0.045630405127673905
grims2,0.06941764355794541,2,-0.13867323754093047,-0.1277996564936107,0.2726545045187215,-0.2693566445029343,0.029146269390339263,-0.17279214641048357,0.171104790476464,-0.1728490362636513,-0.20280092287333784,0.0895046562652202,0.43850803189575754,0.4374468013359629,0.1499426011501502,-0.17140530323440595,-0.14886370298620263,0.0941019116972338,0.2921098801016738,-0.3559334478621313
grims2,0.26724638227540476,2,-0.4474077526921112,-0.43867347728038425,-0.1652038212825708,-0.1859938485793089,-0.10058915725030422,0.10915526491993893,-0.38136529279312514,-0.20279533369309366,-0.295300523840335,-0.03060569264619923,-0.1955444038527486,-0.06222473990828585,0.24070484934576064,-0.21837979852459702,-0.269855912889393,0.09961401471472589,0.0281175635212791,0.13226647605508682
grims2,-0.10507308842675876,3,0.3030391009692356,0.2698815110823308,0.13067035491468668,0.21709954479885205,-0.023197611178590146,0.33267226610368184,0.3003724142723506,0.19405496511481396,0.2504485594390646,0.1354491211739725,0.23422920219305635,0.12269594165975528,-0.33666794473075407,0.26966638924400316,0.3059550345592556,-0.10718533138253519,0.24731874319336514,-0.16946053356024918
grims2,-0.22524078556305124,3,0.3030391009692356,0.2698815110823308,0.13067035491468668,0.21709954479885205,-0.023197611178590146,0.33267226610368184,0.3003724142723506,0.19405496511481396,0.2504485594390646,0.1354491211739725,0.23422920219305635,0.12269594165975528,-0.33666794473075407,0.26966638924400316,0.3059550345592556,-0.10718533138253519,0.24731874319336514,-0.16946053356024918
grims2,0.16831843584612116,3,0.0975556254000278,0.28302156086679076,-0.5976453345995083,0.2609474904798075,0.09279056326334721,0.056519048298429894,-0.22467846206821648,0.4786360508845433,0.28188374111815856,-0.10825292529561155,-0.06202856191548458,0.10602360616152605,0.1660701544590918,0.0647512153917529,-0.09998680385786064,0.09980163723182621,-0.18861491745160222,-0.012639916358550909
grims2,-0.07089349273976413,3,-0.34497062779251403,-0.263521968268037,0.49783193098617656,-0.34245968411066174,-0.08346802274453267,-0.009647963061964448,0.05678053119502074,-0.14499589430235432,-0.10551208481840225,-0.15294007129696077,0.19508050247600478,0.010688238737269018,0.27147844222131684,-0.27162139952438924,-0.2686166840621367,0.23194509445249506,0.2286838089095593,0.12925080069726216
grims2,-0.1923290241163257,3,-0.07596741486071858,-0.12765797725142802,0.02797861397697132,-0.10998396031968989,0.016843863814651545,0.25425413808184627,-0.27309097523667725,0.28859429585579666,0.3091738423363075,-0.09543372836410192,-0.18360278585051723,0.25525087286474357,0.580411358463409,-0.37119190508662636,-0.1891650767559718,-0.06194072491268181,0.14338429154005028,0.0621282946203245
grims2,-0.08752196936479353,3,-0.07596741486071858,-0.12765797725142802,0.02797861397697132,-0.10998396031968989,0.016843863814651545,0.25425413808184627,-0.27309097523667725,0.28859429585579666,0.3091738423363075,-0.09543372836410192,-0.18360278585051723,0.25525087286474357,0.580411358463409,-0.37119190508662636,-0.1891650767559718,-0.06194072491268181,0.14338429154005028,0.0621282946203245
grims2,-0.23011733480788316,3,-0.07596741486071858,-0.12765797725142802,0.02797861397697132,-0.10998396031968989,0.016843863814651545,0.25425413808184627,-0.27309097523667725,0.28859429585579666,0.3091738423363075,-0.09543372836410192,-0.18360278585051723,0.25525087286474357,0.580411358463409,-0.37119190508662636,-0.1891650767559718,-0.06194072491268181,0.14338429154005028,0.0621282946203245
grims2,0.015278324162586638,3,-0.08843500477421308,0.001007723273953376,-0.00022552330839650922,0.1686291588612377,0.9050601907404645,-0.0981657568800867,-0.1537964780924182,-0.14314280728256307,-0.05359746736285242,-0.02532335415576266,0.14502985209235716,-0.058045715692790115,0.17781468573788725,0.03281633532622113,0.03188791571555832,-0.039621260835386043,0.14760191787270324,-0.07644473729106994
grims2,-0.0015283799884743766,3,-0.08843500477421308,0.001007723273953376,-0.00022552330839650922,0.1686291588612377,0.9050601907404645,-0.0981657568800867,-0.1537964780924182,-0.14314280728256307,-0.05359746736285242,-0.02532335415576266,0.14502985209235716,-0.058045715692790115,0.17781468573788725,0.03281633532622113,0.03188791571555832,-0.039621260835386043,0.14760191787270324,-0.07644473729106994
grims2,-0.33255650831311334,3,-0.08843500477421308,0.001007723273953376,-0.00022552330839650922,0.1686291588612377,0.9050601907404645,-0.0981657568800867,-0.1537964780924182,-0.14314280728256307,-0.05359746736285242,-0.02532335415576266,0.14502985209235716,-0.058045715692790115,0.17781468573788725,0.03281633532622113,0.03188791571555832,-0.039621260835386043,0.14760191787270324,-0.07644473729106994
grims2,-0.09798849329174497,3,0.2588039951345106,0.26374704393962534,-0.340045616980895,0.23726559025809948,0.01317414716496681,-0.023553816172056118,-0.25410546145002516,0.22942976805053414,0.3127673877151519,-0.08723976679292064,-0.2779549310189934,0.23987991100001763,-0.08372717345738766,0.23380532770498186,0.3700148451106969,0.05449978970849958,-0.30947184651532933,-0.18981918801553843
pedro,-0.1024758255998427,1,-0.2993021066614885,0.18741609880309762,-0.4411593079609652,0.14762224102098476,0.09806653131367706,0.11054327119198416,-0.3443289919335546,0.1248553494773067,-0.17348321250885937,0.11025199678714705,-0.3668970977541996,0.14948865849582554,-0.05809801171537768,0.17995721384352606,-0.31138012976054924,-0.08917837424714524,0.357222182395282,-0.18815185693680941
pedro,0.001370673003955178,1,-0.3537146946332579,-0.14723499950126517,-0.26546023493434023,-0.13084495746811772,0.3147298465087644,-0.034831456451559294,-0.3190201849833266,-0.20521573867381185,-0.33650193992404687,-0.15438581139537438,-0.21451816834508577,-0.171501321388465,-0.25564746381039066,-0.1785748997904167,-0.3736405710494172,-0.07026278636530621,0.24880256475896567,0.07260848164316465
pedro,-0.04436026407003101,1,-0.3537146946332579,-0.14723499950126517,-0.26546023493434023,-0.13084495746811772,0.3147298465087644,-0.034831456451559294,-0.3190201849833266,-0.20521573867381185,-0.33650193992404687,-0.15438581139537438,-0.21451816834508577,-0.171501321388465,-0.25564746381039066,-0.1785748997904167,-0.3736405710494172,-0.07026278636530621,0.24880256475896567,0.07260848164316465
pedro,-0.013059901015227141,1,-0.3537146946332579,-0.14723499950126517,-0.26546023493434023,-0.13084495746811772,0.3147298465087644,-0.034831456451559294,-0.3190201849833266,-0.20521573867381185,-0.33650193992404687,-0.15438581139537438,-0.21451816834508577,-0.171501321388465,-0.25564746381039066,-0.1785748997904167,-0.3736405710494172,-0.07026278636530621,0.24880256475896567,0.07260848164316465
pedro,-0.06815106176042925,1,-0.2208607802111336,0.17486490303516955,-0.2651703945206879,0.26309044528758174,-0.06663814767601928,0.17470443556774654,-0.31659718476220683,0.25718756232049444,-0.1332624088796044,0.31093591906243095,-0.3277653309747645,0.2557969319953722,0.02995841789743911,0.3059949666806437,-0.16734254400073278,0.30935148576414173,0.26577359005891027,-0.059993869663031246
pedro,-0.09352255151362257,1,0.15410981689836917,-0.040445040618479755,0.18701467062918858,-0.1596033513060452,-0.08395673624669729,0.4348619613931096,0.1744760163201522,0.25179838868505633,-0.004804064140868068,0.29612555338805857,0.014539983865298067,0.24466544626317233,-0.3580630821561895,0.3092245500848889,0.03534802079847939,0.4747238347300872,-0.03900169886269919,-0.15627007630274042
pedro,-0.22251064108265567,1,0.15410981689836917,-0.040445040618479755,0.18701467062918858,-0.1596033513060452,-0.08395673624669729,0.4348619613931096,0.1744760163201522,0.25179838868505633,-0.004804064140868068,0.29612555338805857,0.014539983865298067,0.24466544626317233,-0.3580630821561895,0.3092245500848889,0.03534802079847939,0.4747238347300872,-0.03900169886269919,-0.15627007630274042
pedro,0.1730400877691691,1,-0.17184924921503397,-0.30114707856645545,-0.300885108892647,-0.32940803544643465,0.046710626477473725,-0.12310227977089763,-0.20404957362623977,-0.318670118000441,0.024085362232674417,-0.3602847939578701,-0.033037181352919234,-0.30610525229826685,0.026199714242817692,-0.22871742717867066,-0.21393962306358813,0.11866870249676863,0.044697423394944646,-0.4244859901278347
pedro,0.3141456092298219,1,-0.17184924921503397,-0.30114707856645545,-0.300885108892647,-0.32940803544643465,0.046710626477473725,-0.12310227977089763,-0.20404957362623977,-0.318670118000441,0.024085362232674417,-0.3602847939578701,-0.033037181352919234,-0.30610525229826685,0.026199714242817692,-0.22871742717867066,-0.21393962306358813,0.11866870249676863,0.044697423394944646,-0.4244859901278347
pedro,-0.1209825994971849,1,0.12845084125412184,0.39762921849781285,0.4000062415461386,0.2850157231672763,-0.027789745224365687,-0.17487100553921206,0.17797776969920653,0.2781157533077861,-0.0847675879137876,0.32822398209435355,-0.013399750466081158,0.27812070744502543,-0.15227751076904802,0.1454428917331974,0.3917861363145013,-0.14903320152144126,-0.11388650507964272,-0.1353112801530898
pedro,-0.135356629197597,2,0.19321629406307844,0.2337522258489637,0.4785786905879333,0.10107120419509033,-0.09971898002626631,0.29009583567784875,0.21375300167941372,0.28696383718620444,-0.03398554213918195,0.3290365220958197,-0.0237527113070951,0.3058752256515984,-0.07456492527516832,0.1992574240782826,0.3719224520250695,0.1106276207238739,-0.13027113874681237,-0.17405072928188992
pedro,0.0034139101823702513,2,0.1945774440589652,-0.250393820711462,0.07885774040958632,-0.27604946353502424,-0.11770021393601894,-0.1983583643181536,0.21383436698519329,-0.25442939767422096,0.36809236894351677,-0.26607053919837204,0.26410089963696853,-0.23605230597898358,0.40749308122256406,-0.17483489549711081,0.18685135901353647,-0.1782221036655922,-0.2392815186107202,0.03250109820800266
pedro,0.009622487406610106,2,0.1945774440589652,-0.250393820711462,0.07885774040958632,-0.27604946353502424,-0.11770021393601894,-0.1983583643181536,0.21383436698519329,-0.25442939767422096,0.36809236894351677,-0.26607053919837204,0.26410089963696853,-0.23605230597898358,0.40749308122256406,-0.17483489549711081,0.18685135901353647,-0.1782221036655922,-0.2392815186107202,0.03250109820800266
pedro,0.02856577542046846,2,0.1945774440589652,-0.250393820711462,0.07885774040958632,-0.27604946353502424,-0.11770021393601894,-0.1983583643181536,0.21383436698519329,-0.25442939767422096,0.36809236894351677,-0.26607053919837204,0.26410089963696853,-0.23605230597898358,0.40749308122256406,-0.17483489549711081,0.18685135901353647,-0.1782221036655922,-0.2392815186107202,0.03250109820800266
pedro,-0.045287869907050075,2,0.1945774440589652,-0.250393820711462,0.07885774040958632,-0.27604946353502424,-0.11770021393601894,-0.1983583643181536,0.21383436698519329,-0.25442939767422096,0.36809236894351677,-0.26607053919837204,0.26410089963696853,-0.23605230597898358,0.40749308122256406,-0.17483489549711081,0.18685135901353647,-0.1782221036655922,-0.2392815186107202,0.03250109820800266
pedro,-0.001580458166893985,2,0.1945774440589652,-0.250393820711462,0.07885774040958632,-0.27604946353502424,-0.11770021393601894,-0.1983583643181536,0.21383436698519329,-0.25442939767422096,0.36809236894351677,-0.26607053919837204,0.26410089963696853,-0.23605230597898358,0.40749308122256406,-0.17483489549711081,0.18685135901353647,-0.1782221036655922,-0.2392815186107202,0.03250109820800266
pedro,-0.0006353986971673334,2,0.1945774440589652,-0.250393820711462,0.07885774040958632,-0.27604946353502424,-0.11770021393601894,-0.1983583643181536,0.21383436698519329,-0.25442939767422096,0.36809236894351677,-0.26607053919837204,0.26410089963696853,-0.23605230597898358,0.40749308122256406,-0.17483489549711081,0.18685135901353647,-0.1782221036655922,-0.2392815186107202,0.03250109820800266
pedro,-0.11815903641187414,2,0.24937636196033894,-0.007733437534813925,0.2425911448647749,-0.0523681990752642,-0.10931010712186827,-0.05105807750269417,0.2139694385828998,0.3094805313255852,-0.046263787600803054,0.3724602760489734,0.04375715785995832,0.2891920527554529,-0.1255607124416691,0.34092593894134915,0.13065194190258902,0.49263807268053644,-0.15076143099342007,-0.28132020894503934
pedro,-0.13598712198393684,2,0.16097009361823125,0.376153176770723,0.3495051308089926,0.3120500106605429,-0.02053658341527082,-0.18159362213807487,0.21469853387904092,0.3007719073198152,-0.09796894193705113,0.3713121800472828,-0.011716589329122552,0.27738542180358694,-0.08817832165650107,0.1539969754992647,0.37802081821007044,-0.10588163925553688,-0.14509154334146215,-0.10912320891652184
pedro,-0.12410455961103042,3,0.24753922533162803,0.28673965801277745,0.4238333581354865,0.3268116960357592,-0.10245486607491532,0.11785693240093183,0.25781851921859883,0.272654782796483,-0.02215688161855939,0.24113670741369947,-0.006004845937165474,0.2794370608034164,-0.03874611134721608,0.22960498092175208,0.37935413272934465,-0.07917850472449293,-0.11744367220654207,-0.2234174084751187
pedro,0.01767987711051141,3,0.15692047152258914,-0.31918428623939177,0.006054779224869095,-0.28651807906967613,-0.10986733539009486,-0.07546903313807532,0.15804757121708504,-0.31125206391117827,0.350887585237697,-0.262435533943333,0.2713442792741988,-0.3313734008758187,0.3345377220246679,-0.2666152734841991,0.1418896787169264,-0.11807234848139347,-0.23907338489988786,0.04566407460389661
pedro,0.030832993047475696,3,0.15692047152258914,-0.31918428623939177,0.006054779224869095,-0.28651807906967613,-0.10986733539009486,-0.07546903313807532,0.15804757121708504,-0.31125206391117827,0.350887585237697,-0.262435533943333,0.2713442792741988,-0.3313734008758187,0.3345377220246679,-0.2666152734841991,0.1418896787169264,-0.11807234848139347,-0.23907338489988786,0.04566407460389661
pedro,-0.04594915102422593,3,0.15692047152258914,-0.31918428623939177,0.006054779224869095,-0.28651807906967613,-0.10986733539009486,-0.07546903313807532,0.15804757121708504,-0.31125206391117827,0.350887585237697,-0.262435533943333,0.2713442792741988,-0.3313734008758187,0.3345377220246679,-0.2666152734841991,0.1418896787169264,-0.11807234848139347,-0.23907338489988786,0.04566407460389661
pedro,-0.013620722697960125,3,0.15692047152258914,-0.31918428623939177,0.006054779224869095,-0.28651807906967613,-0.10986733539009486,-0.07546903313807532,0.15804757121708504,-0.31125206391117827,0.350887585237697,-0.262435533943333,0.2713442792741988,-0.3313734008758187,0.3345377220246679,-0.2666152734841991,0.1418896787169264,-0.11807234848139347,-0.23907338489988786,0.04566407460389661
xxx,0.008233497144827929,1,0.18690406544063357,0.23708004008159256,0.46465968143172137,0.16802974649257327,0.33522207321448655,-0.09879115850212868,0.013020265424792924,0.0928709910315395,0.495991995290234,-0.05756944454905227,-0.09120504295191825,-0.28402042620383455,-0.34808846799617643,0.17792761825657702,-0.08131677561740587,-0.11860704898360314,0.10527995365688114,-0.10437063624616973
xxx,0.01945520634943131,1,0.18690406544063357,0.23708004008159256,0.46465968143172137,0.16802974649257327,0.33522207321448655,-0.09879115850212868,0.013020265424792924,0.0928709910315395,0.495991995290234,-0.05756944454905227,-0.09120504295191825,-0.28402042620383455,-0.34808846799617643,0.17792761825657702,-0.08131677561740587,-0.11860704898360314,0.10527995365688114,-0.10437063624616973
xxx,-0.09980345948747689,1,0.18690406544063357,0.23708004008159256,0.46465968143172137,0.16802974649257327,0.33522207321448655,-0.09879115850212868,0.013020265424792924,0.0928709910315395,0.495991995290234,-0.05756944454905227,-0.09120504295191825,-0.28402042620383455,-0.34808846799617643,0.17792761825657702,-0.08131677561740587,-0.11860704898360314,0.10527995365688114,-0.10437063624616973
xxx,-0.0023625604596349986,1,0.18690406544063357,0.23708004008159256,0.46465968143172137,0.16802974649257327,0.33522207321448655,-0.09879115850212868,0.013020265424792924,0.0928709910315395,0.495991995290234,-0.05756944454905227,-0.09120504295191825,-0.28402042620383455,-0.34808846799617643,0.17792761825657702,-0.08131677561740587,-0.11860704898360314,0.10527995365688114,-0.10437063624616973
xxx,0.017251598662537115,1,-0.1933304840379287,-0.2596419626877433,-0.11726815200430867,-0.2608922145803579,-0.3607174272560861,-0.15496769637085447,0.3114851612136015,-0.42692251987833535,0.08675409784755901,-0.1996974882303781,0.29442065732654776,-0.21957190569819154,-0.10979178816175188,0.26811880637057506,-0.13426713415287134,-0.18059464883280205,-0.17738529486705357,-0.17783319494802588
xxx,-0.12227204032826414,1,-0.1933304840379287,-0.2596419626877433,-0.11726815200430867,-0.2608922145803579,-0.3607174272560861,-0.15496769637085447,0.3114851612136015,-0.42692251987833535,0.08675409784755901,-0.1996974882303781,0.29442065732654776,-0.21957190569819154,-0.10979178816175188,0.26811880637057506,-0.13426713415287134,-0.18059464883280205,-0.17738529486705357,-0.17783319494802588
xxx,0.07542360748530225,1,-0.13563639229088575,-0.07959295924553833,-0.019049586833785444,-0.3102906925431251,0.15341849645575553,0.36939722706634737,0.12437148752898383,-0.025474874163825423,0.09519735550148206,-0.08882317119107519,0.17430157449893124,-0.026352192343688366,0.19496634991217301,-0.3872141674030525,0.16813492599448174,-0.11832920991162457,0.5985978743562174,0.2568091083246863
xxx,-0.13730306110015159,1,-0.13563639229088575,-0.07959295924553833,-0.019049586833785444,-0.3102906925431251,0.15341849645575553,0.36939722706634737,0.12437148752898383,-0.025474874163825423,0.09519735550148206,-0.08882317119107519,0.17430157449893124,-0.026352192343688366,0.19496634991217301,-0.3872141674030525,0.16813492599448174,-0.11832920991162457,0.5985978743562174,0.2568091083246863
xxx,0.0038244270353325486,1,0.24241284628063145,0.12121259604876489,0.02301384373048591,0.21552312610594632,-0.0867306472331541,-0.1176084105560181,-0.3653297077234952,0.16592834846599858,-0.14890998129677516,0.23937890152785496,-0.12012566782791674,-0.24435013631280922,-0.488470158399541,0.18751026803532458,-0.15472993930014992,0.3424621789278937,-0.08877558510372997,0.3474652543102951
xxx,-0.1501844040169328,1,0.24241284628063145,0.12121259604876489,0.02301384373048591,0.21552312610594632,-0.0867306472331541,-0.1176084105560181,-0.3653297077234952,0.16592834846599858,-0.14890998129677516,0.23937890152785496,-0.12012566782791674,-0.24435013631280922,-0.488470158399541,0.18751026803532458,-0.15472993930014992,0.3424621789278937,-0.08877558510372997,0.3474652543102951
xxx,-0.08455589137680758,1,0.24241284628063145,0.12121259604876489,0.02301384373048591,0.21552312610594632,-0.0867306472331541,-0.1176084105560181,-0.3653297077234952,0.16592834846599858,-0.14890998129677516,0.23937890152785496,-0.12012566782791674,-0.24435013631280922,-0.488470158399541,0.18751026803532458,-0.15472993930014992,0.3424621789278937,-0.08877558510372997,0.3474652543102951
xxx,-0.23085019415913433,1,0.24241284628063145,0.12121259604876489,0.02301384373048591,0.21552312610594632,-0.0867306472331541,-0.1176084105560181,-0.3653297077234952,0.16592834846599858,-0.14890998129677516,0.23937890152785496,-0.12012566782791674,-0.24435013631280922,-0.488470158399541,0.18751026803532458,-0.15472993930014992,0.3424621789278937,-0.08877558510372997,0.3474652543102951
xxx,-0.1914927491257601,1,0.4078450470141367,0.19873735224261035,-0.22259860242225074,0.3459630825556728,-0.4993839202135745,-0.193498076703421,0.07579095544042333,0.21675780776566198,0.04404275207087736,0.006396947998054522,-0.2695708285469169,0.2887969067811808,0.05667914671162172,0.16732617638542177,0.2259324789345454,-0.1307940983857028,0.07076115969984705,-0.15148663543949162
xxx,-0.1445982493385795,1,0.4078450470141367,0.19873735224261035,-0.22259860242225074,0.3459630825556728,-0.4993839202135745,-0.193498076703421,0.07579095544042333,0.21675780776566198,0.04404275207087736,0.006396947998054522,-0.2695708285469169,0.2887969067811808,0.05667914671162172,0.16732617638542177,0.2259324789345454,-0.1307940983857028,0.07076115969984705,-0.15148663543949162
xxx,-0.2260765368185337,1,0.4078450470141367,0.19873735224261035,-0.22259860242225074,0.3459630825556728,-0.4993839202135745,-0.193498076703421,0.07579095544042333,0.21675780776566198,0.04404275207087736,0.006396947998054522,-0.2695708285469169,0.2887969067811808,0.05667914671162172,0.16732617638542177,0.2259324789345454,-0.1307940983857028,0.07076115969984705,-0.15148663543949162
xxx,-0.21518172091073154,1,0.4078450470141367,0.19873735224261035,-0.22259860242225074,0.3459630825556728,-0.4993839202135745,-0.193498076703421,0.07579095544042333,0.21675780776566198,0.04404275207087736,0.006396947998054522,-0.2695708285469169,0.2887969067811808,0.05667914671162172,0.16732617638542177,0.2259324789345454,-0.1307940983857028,0.07076115969984705,-0.15148663543949162
xxx,-0.08561404766867209,1,0.22370991516990227,0.32994489448583053,0.21458423537526233,0.29174288356907413,0.2819733975205669,-0.12464232776857838,-0.2755940181798653,0.28501639388607825,-0.1962334074406833,0.36012341121656294,-0.2972703177524149,0.23436679104289915,0.07311737522443239,0.11852795081093016,0.21968959641545557,-0.10978268750162115,0.10164130690982165,-0.23698782160115736
xxx,0.051211164539779,2,0.3499026785534011,0.3538415743047938,0.35324748057365823,0.28701875606954474,0.22589763905096366,0.012587477572752866,-0.2642099202386732,0.23719750991408275,-0.08654778575072596,0.2843936557063676,-0.24068132164905312,0.14937891188679672,0.026964732159378037,0.15047956854397726,0.3552364136416815,-0.12605461699168163,0.1234859229152767,-0.13648627522036655
xxx,-0.09064341209816174,2,0.3499026785534011,0.3538415743047938,0.35324748057365823,0.28701875606954474,0.22589763905096366,0.012587477572752866,-0.2642099202386732,0.23719750991408275,-0.08654778575072596,0.2843936557063676,-0.24068132164905312,0.14937891188679672,0.026964732159378037,0.15047956854397726,0.3552364136416815,-0.12605461699168163,0.1234859229152767,-0.13648627522036655
xxx,-0.1318028566077335,2,-0.2015150073496384,-0.2371595482351243,-0.43967552068074767,-0.2337068403349599,-0.3317681858719536,-0.18320568061088713,0.08745311902014112,-0.11907464075668907,-0.12062363239005407,-0.1399601717620363,0.10509824384863205,0.04337781104175631,0.28193180221398445,-0.2193647612835284,-0.5013592187086133,0.002518786225509283,-0.223166243823223,0.11793694485442878
xxx,-0.13000148714343815,2,-0.01337014545061739,-0.21443651388962803,-0.267002070887066,-0.2388943138724709,-0.3635103049164696,-0.11388844289559415,0.3967467121783745,-0.42097285499796105,-0.06831739326160417,-0.08287197638490852,0.38778907826230236,-0.1308514596306661,-0.08696887522134027,0.1959920791461427,-0.26761748110410977,0.19671584686559226,-0.0378444100730451,-0.09475642178317786
xxx,0.08446935432581958,2,-0.1157658427326036,-0.07891017187986038,-0.02211283754691502,-0.2898590393085993,0.05912220618579029,0.29832391979421685,0.3779131795071663,-0.24551526070430396,0.07698853253065328,-0.12935682888784983,0.2706195399221271,0.08522016008408972,0.39629043348062587,-0.33180414934518687,-0.03332499815487145,-0.2005458726646226,0.43033496526893467,0.05882331888867123
xxx,-0.12148254848766142,2,-0.1157658427326036,-0.07891017187986038,-0.02211283754691502,-0.2898590393085993,0.05912220618579029,0.29832391979421685,0.3779131795071663,-0.24551526070430396,0.07698853253065328,-0.12935682888784983,0.2706195399221271,0.08522016008408972,0.39629043348062587,-0.33180414934518687,-0.03332499815487145,-0.2005458726646226,0.43033496526893467,0.05882331888867123
xxx,0.01721853778697877,2,0.18438889369222625,0.04931855475517588,-0.049728213025365016,0.22964452308996056,-0.04679575123513689,-0.115299436676688,-0.33821503837651024,0.16003611751813268,-0.23262427631260063,0.26270796132851615,-0.06385358872662421,-0.2842294039411614,-0.44855825687642825,0.18140889913552205,-0.08371932138791148,0.3597910902042758,-0.10951200827246822,0.4028844087416811
xxx,-0.10332389317056544,2,0.18438889369222625,0.04931855475517588,-0.049728213025365016,0.22964452308996056,-0.04679575123513689,-0.115299436676688,-0.33821503837651024,0.16003611751813268,-0.23262427631260063,0.26270796132851615,-0.06385358872662421,-0.2842294039411614,-0.44855825687642825,0.18140889913552205,-0.08371932138791148,0.3597910902042758,-0.10951200827246822,0.4028844087416811
xxx,-0.2936314754839637,2,0.18438889369222625,0.04931855475517588,-0.049728213025365016,0.22964452308996056,-0.04679575123513689,-0.115299436676688,-0.33821503837651024,0.16003611751813268,-0.23262427631260063,0.26270796132851615,-0.06385358872662421,-0.2842294039411614,-0.44855825687642825,0.18140889913552205,-0.08371932138791148,0.3597910902042758,-0.10951200827246822,0.4028844087416811
xxx,-0.08228171005933134,2,0.17539773905827466,0.28391537722935456,0.07907187030965822,0.3155311178859594,0.21042738903972502,-0.11565267888426818,-0.30122820427049013,0.29635616662926223,-0.24944666464535242,0.39898415987501845,-0.3633047488820689,0.2734909541978373,0.1438019503641649,0.08401361713578351,0.19902209726015857,-0.10923748280255033,0.04633366268026855,-0.19227180521268325
xxx,0.03615240184235446,3,0.3631061467758137,0.364392617032822,0.24235212436023376,0.2802264388539415,0.19019364294023772,-0.18982935780676272,-0.21332121504268736,0.30043688657288486,-0.1909123002908546,0.28056385585973553,-0.2948564966490036,0.1960242681499981,-0.0049966504772413385,0.1761704945726578,0.2772205591653092,-0.02295263379604251,0.13343536061600889,-0.15283961925469913
xxx,-0.05568802875553954,3,0.3631061467758137,0.364392617032822,0.24235212436023376,0.2802264388539415,0.19019364294023772,-0.18982935780676272,-0.21332121504268736,0.30043688657288486,-0.1909123002908546,0.28056385585973553,-0.2948564966490036,0.1960242681499981,-0.0049966504772413385,0.1761704945726578,0.2772205591653092,-0.02295263379604251,0.13343536061600889,-0.15283961925469913
xxx,-0.04690071168831303,3,0.3631061467758137,0.364392617032822,0.24235212436023376,0.2802264388539415,0.19019364294023772,-0.18982935780676272,-0.21332121504268736,0.30043688657288486,-0.1909123002908546,0.28056385585973553,-0.2948564966490036,0.1960242681499981,-0.0049966504772413385,0.1761704945726578,0.2772205591653092,-0.02295263379604251,0.13343536061600889,-0.15283961925469913
slasto,0.1444995359776004,2,-0.11277242769021549,-0.38088964690124805,-0.5429630674642135,-0.0014988591432388914,0.022657533838633226,-0.06781573938881252,0.23690010708500697,-0.19346867731706122,0.05081689497427708,0.11272167931899417,0.42211423304410783,-0.33931931668491017,0.12518391177762303,-0.11936412584263496,-0.2499523119933045,0.010874827313186885,-0.1354643119332282,0.17105503374180395
slasto,-0.19562434692998737,2,0.5312095479794954,-0.0317648672327463,0.2759232423722718,0.06831470981457054,-0.34795430346493883,0.07694571200234453,-0.21232445688542909,0.14906315703123604,-0.025590779100499665,-0.1020347530140952,-0.5196291103612608,-0.12196546140882868,0.0013786842689925553,0.1145650308150907,-0.0985313975984893,-0.1539633294663362,0.1634382194091442,-0.2692662766740383
slasto,-0.20895791103167444,2,0.5312095479794954,-0.0317648672327463,0.2759232423722718,0.06831470981457054,-0.34795430346493883,0.07694571200234453,-0.21232445688542909,0.14906315703123604,-0.025590779100499665,-0.1020347530140952,-0.5196291103612608,-0.12196546140882868,0.0013786842689925553,0.1145650308150907,-0.0985313975984893,-0.1539633294663362,0.1634382194091442,-0.2692662766740383
slasto,-0.22641172435512522,2,0.5312095479794954,-0.0317648672327463,0.2759232423722718,0.06831470981457054,-0.34795430346493883,0.07694571200234453,-0.21232445688542909,0.14906315703123604,-0.025590779100499665,-0.1020347530140952,-0.5196291103612608,-0.12196546140882868,0.0013786842689925553,0.1145650308150907,-0.0985313975984893,-0.1539633294663362,0.1634382194091442,-0.2692662766740383
slasto,-0.05537226424820287,2,0.34727673319748503,-0.04982451852155667,0.16541818877000847,0.0751819506855824,-0.30343282076230343,0.08682385452330486,-0.043927727583068586,-0.0589837827385985,0.07069492317430741,-0.09992590461143326,-0.46185521407350977,-0.565793862687138,-0.012843761672322223,0.1170680473388837,-0.14330388305717978,-0.16709086159454264,0.20213209859226572,-0.2954382646427917
slasto,-0.21892194856600328,2,0.34727673319748503,-0.04982451852155667,0.16541818877000847,0.0751819506855824,-0.30343282076230343,0.08682385452330486,-0.043927727583068586,-0.0589837827385985,0.07069492317430741,-0.09992590461143326,-0.46185521407350977,-0.565793862687138,-0.012843761672322223,0.1170680473388837,-0.14330388305717978,-0.16709086159454264,0.20213209859226572,-0.2954382646427917
slasto,0.13273252768685598,2,0.057928169427941704,0.0909359504645827,0.06648603995375209,-0.09506114251180363,0.19141107490496906,-0.10611177621194275,-0.45532310922667235,0.2724695207140586,-0.44102588321153724,0.21015016503880526,-0.124968595884248,0.11635124152960256,0.005784811874539543,-0.09589572088517856,0.28148628468973,0.1842534552674453,-0.4086812328817456,0.2969948367135994
slasto,-0.10668079252912725,2,0.10718613591986248,-0.02816896577480066,-0.09845228519040362,0.06826320365179545,-0.047699572701061434,0.09107632009331591,0.29803773782632914,-0.12960041481741363,0.3448826246101738,-0.16399236805807066,0.12147135037576984,-0.0738623227446289,0.1425428202515853,-0.16118046603380984,0.11764208284296543,-0.12506067968450027,0.3418578621834697,0.7060306902255857
slasto,-0.3072245299980464,2,0.10718613591986248,-0.02816896577480066,-0.09845228519040362,0.06826320365179545,-0.047699572701061434,0.09107632009331591,0.29803773782632914,-0.12960041481741363,0.3448826246101738,-0.16399236805807066,0.12147135037576984,-0.0738623227446289,0.1425428202515853,-0.16118046603380984,0.11764208284296543,-0.12506067968450027,0.3418578621834697,0.7060306902255857
slasto,0.255113814349658,2,-0.47772710437565524,0.028181524316408538,0.15038775530827822,-0.0815031808811629,0.09522596845745294,-0.11388356619730919,-0.37168060829919713,0.23112200397912785,-0.40554146118626383,0.16882513263786827,-0.1598201129107432,0.10597602775364137,-0.28000519324482437,0.20329800535662718,-0.2379622042979305,0.15909075317706617,-0.058258430952014675,-0.3054831639220582
slasto,-0.1115151818888276,2,0.3881816036381589,-0.012172198632401104,-0.05556895891029893,0.05748656199027129,-0.10543319930265756,0.07881022661588585,0.20724796442803975,-0.15517545995380405,0.24801349835225983,-0.0860167239992676,0.11721858345150624,-0.048403639078555376,0.13562428966393736,-0.050073157791052085,-0.04410352000234715,-0.10112655858545519,0.3212783662420078,0.7328918562323102
slasto,-0.10842547783400573,2,0.3881816036381589,-0.012172198632401104,-0.05556895891029893,0.05748656199027129,-0.10543319930265756,0.07881022661588585,0.20724796442803975,-0.15517545995380405,0.24801349835225983,-0.0860167239992676,0.11721858345150624,-0.048403639078555376,0.13562428966393736,-0.050073157791052085,-0.04410352000234715,-0.10112655858545519,0.3212783662420078,0.7328918562323102
slasto,-0.5771519829431748,2,0.3881816036381589,-0.012172198632401104,-0.05556895891029893,0.05748656199027129,-0.10543319930265756,0.07881022661588585,0.20724796442803975,-0.15517545995380405,0.24801349835225983,-0.0860167239992676,0.11721858345150624,-0.048403639078555376,0.13562428966393736,-0.050073157791052085,-0.04410352000234715,-0.10112655858545519,0.3212783662420078,0.7328918562323102
slasto,-0.5616700264884429,2,0.3881816036381589,-0.012172198632401104,-0.05556895891029893,0.05748656199027129,-0.10543319930265756,0.07881022661588585,0.20724796442803975,-0.15517545995380405,0.24801349835225983,-0.0860167239992676,0.11721858345150624,-0.048403639078555376,0.13562428966393736,-0.050073157791052085,-0.04410352000234715,-0.10112655858545519,0.3212783662420078,0.7328918562323102
slasto,-0.10941943251868909,2,0.3920198080983662,0.017115445436959857,-0.02017150356646532,0.05215809768477597,-0.10382680778853975,0.07777597210180588,0.1404377008103222,-0.13277686007456269,0.21522097756392305,-0.08215956118866069,0.11969179206819713,-0.045680384312038504,0.10041963111200235,-0.01648652701096826,-0.12369217347677267,-0.11673509997239978,0.3740016480591971,0.7348983340466217
slasto,-0.1003362450877262,2,0.3920198080983662,0.017115445436959857,-0.02017150356646532,0.05215809768477597,-0.10382680778853975,0.07777597210180588,0.1404377008103222,-0.13277686007456269,0.21522097756392305,-0.08215956118866069,0.11969179206819713,-0.045680384312038504,0.10041963111200235,-0.01648652701096826,-0.12369217347677267,-0.11673509997239978,0.3740016480591971,0.7348983340466217
slasto,-0.5679992562272124,2,0.3920198080983662,0.017115445436959857,-0.02017150356646532,0.05215809768477597,-0.10382680778853975,0.07777597210180588,0.1404377008103222,-0.13277686007456269,0.21522097756392305,-0.08215956118866069,0.11969179206819713,-0.045680384312038504,0.10041963111200235,-0.01648652701096826,-0.12369217347677267,-0.11673509997239978,0.3740016480591971,0.7348983340466217
slasto,-0.49865514203805117,2,0.6156094599243267,0.07162247602765415,0.004081983287507329,0.07166334847094735,-0.1768033340045883,0.12020185515559764,0.15290221392630837,-0.1873422154956182,0.3036841976174206,-0.13235432341376838,0.19404838211732586,-0.07791490009038231,0.11201996031942023,0.01070503316541968,-0.2417116830158939,-0.1874245315051964,0.4919980833012113,0.06938210899533459
slasto,-0.11413873736892503,2,0.35313054736360505,0.16005441027771528,0.01589753651478415,0.05061751684918439,-0.19397065306154335,0.1107820070267227,0.1320518466697587,-0.29795345614664115,0.24299478163091662,-0.21354099638548105,0.20424618248719248,-0.16802660834222327,0.07868813157730205,0.03123056546178962,-0.31419222338679575,-0.1862321743356495,0.44220024088192567,-0.42432564559783315
slasto,0.12774208359581382,2,0.004264935127578083,-0.06660680923334344,0.07514202672211825,-0.04365078557285622,0.0925407960292276,-0.06998872692462983,-0.08741954010976377,0.18377380177909117,-0.17344910970540706,0.15957940965766654,-0.11550526776012413,0.10339547083643885,-0.059667823903813,0.03302709353999284,0.19791531078667313,0.1259596764962432,-0.24981788711736572,-0.8552413834056674
slasto,0.02301045076483267,2,0.004264935127578083,-0.06660680923334344,0.07514202672211825,-0.04365078557285622,0.0925407960292276,-0.06998872692462983,-0.08741954010976377,0.18377380177909117,-0.17344910970540706,0.15957940965766654,-0.11550526776012413,0.10339547083643885,-0.059667823903813,0.03302709353999284,0.19791531078667313,0.1259596764962432,-0.24981788711736572,-0.8552413834056674
slasto,-0.0016114877158200178,2,0.004264935127578083,-0.06660680923334344,0.07514202672211825,-0.04365078557285622,0.0925407960292276,-0.06998872692462983,-0.08741954010976377,0.18377380177909117,-0.17344910970540706,0.15957940965766654,-0.11550526776012413,0.10339547083643885,-0.059667823903813,0.03302709353999284,0.19791531078667313,0.1259596764962432,-0.24981788711736572,-0.8552413834056674
slasto,0.13795009395147892,2,0.07916710879751827,0.2920251410407171,0.3669753978843893,-0.14001598665741682,0.06556937647865575,-0.11403177888705304,0.0736119917646717,0.19056850182866955,-0.09470766477048595,0.2006460024411007,-0.16304827890477927,0.08737309468665416,-0.2977045238181182,0.29297743232959655,-0.4753931347190727,0.28023974229508336,0.3208522811723949,-0.17248404965042402
slasto,-0.1454832077741395,2,-0.4834666301797803,-0.2828915744815207,-0.2422435789050639,0.14200129750979368,-0.04739414170154546,0.1046048667505007,0.05449527322960621,-0.29667412340409405,0.31057993789523053,-0.23901634250327458,0.23966376326076877,-0.12275908688777187,0.09398797321875663,-0.15893249751824673,0.1997353060790252,-0.2269470008860872,-0.3512330546433611,0.1681014829199486
slasto,-0.061025508049568224,2,-0.4516425836523385,-0.23009728704684618,-0.3838713960058558,0.12002751559725139,-0.004713964888572054,0.022357901851090243,-0.1250834769372373,-0.12400920386929151,0.12909220856783976,-0.19373820270640624,0.20823690214852544,-0.002303785332221185,0.15845779605332105,-0.3583724723563,0.2353972861914432,-0.2050810471795236,-0.3947349516718834,0.21300563166154604
slasto,-0.08372446268667474,2,0.23931051453924518,-0.041236106821127216,0.019721931843087435,0.0574298849500721,0.29021051065608905,-0.7336109956470708,-0.10074722421010665,0.133369447085837,0.07499255668979435,-0.10081411657093393,0.033179803191985546,0.09442842160045942,-0.2661383950025147,-0.16823266045812557,0.2264955093049429,0.31060434744805937,-0.02595687059621577,0.11667203670346302
slasto,-0.17843817575452275,2,0.24879056670212332,-0.12695311706644707,0.06547385544305696,0.07257523193974544,0.04047638330875503,-0.19951543028646668,-0.230701946548311,0.01236898465333135,0.07954351840407675,-0.046455573785823774,-0.05851068858667398,0.16139390895205322,-0.5245619931826306,0.1779747181204374,-0.48129345955243663,0.2258904227853504,0.4347721547221923,0.03342559647246935
slasto,-0.2284609807415798,2,0.24879056670212332,-0.12695311706644707,0.06547385544305696,0.07257523193974544,0.04047638330875503,-0.19951543028646668,-0.230701946548311,0.01236898465333135,0.07954351840407675,-0.046455573785823774,-0.05851068858667398,0.16139390895205322,-0.5245619931826306,0.1779747181204374,-0.48129345955243663,0.2258904227853504,0.4347721547221923,0.03342559647246935
slasto,-0.19718088418430088,2,0.14689752774408124,-0.12707079558510959,-0.005462142546273957,0.08228701043135239,0.10304040330037932,-0.7041219183071763,-0.29110690633984,0.18534093381175026,-0.031255859404424026,-0.0061954986962616644,-0.1364084846982501,0.24446484621879674,-0.25373649861155384,0.2355211900931788,-0.1707080614344812,0.060350648675180724,0.30484603538276794,-0.07085908712529636
slasto,-0.1983136858654054,2,0.14689752774408124,-0.12707079558510959,-0.005462142546273957,0.08228701043135239,0.10304040330037932,-0.7041219183071763,-0.29110690633984,0.18534093381175026,-0.031255859404424026,-0.0061954986962616644,-0.1364084846982501,0.24446484621879674,-0.25373649861155384,0.2355211900931788,-0.1707080614344812,0.060350648675180724,0.30484603538276794,-0.07085908712529636
slasto,-0.09542747877912829,2,0.14689752774408124,-0.12707079558510959,-0.005462142546273957,0.08228701043135239,0.10304040330037932,-0.7041219183071763,-0.29110690633984,0.18534093381175026,-0.031255859404424026,-0.0061954986962616644,-0.1364084846982501,0.24446484621879674,-0.25373649861155384,0.2355211900931788,-0.1707080614344812,0.060350648675180724,0.30484603538276794,-0.07085908712529636
slasto,-0.20325040488403864,2,0.14689752774408124,-0.12707079558510959,-0.005462142546273957,0.08228701043135239,0.10304040330037932,-0.7041219183071763,-0.29110690633984,0.18534093381175026,-0.031255859404424026,-0.0061954986962616644,-0.1364084846982501,0.24446484621879674,-0.25373649861155384,0.2355211900931788,-0.1707080614344812,0.060350648675180724,0.30484603538276794,-0.07085908712529636
slasto,-0.20393341605942858,2,0.14689752774408124,-0.12707079558510959,-0.005462142546273957,0.08228701043135239,0.10304040330037932,-0.7041219183071763,-0.29110690633984,0.18534093381175026,-0.031255859404424026,-0.0061954986962616644,-0.1364084846982501,0.24446484621879674,-0.25373649861155384,0.2355211900931788,-0.1707080614344812,0.060350648675180724,0.30484603538276794,-0.07085908712529636
slasto,-0.2103825014840306,2,0.14689752774408124,-0.12707079558510959,-0.005462142546273957,0.08228701043135239,0.10304040330037932,-0.7041219183071763,-0.29110690633984,0.18534093381175026,-0.031255859404424026,-0.0061954986962616644,-0.1364084846982501,0.24446484621879674,-0.25373649861155384,0.2355211900931788,-0.1707080614344812,0.060350648675180724,0.30484603538276794,-0.07085908712529636
slasto,-0.07409763233308414,2,-0.25209248053035915,0.3146362269336985,0.1079539858250319,-0.005630221524403837,0.309514083916494,0.06534024294470384,-0.04384528686894595,0.3402085126547725,-0.24335384902466878,0.4364292802518965,-0.4257226596573295,0.23334478499738087,-0.20462475910771163,0.1466517791568648,-0.11781515989888855,0.11567920833472291,0.151683230913703,-0.09489990819960624
slasto,-0.13071844917271924,3,-0.025327677086424433,0.3860809197728422,0.4231255336090686,-0.01159495870410163,0.12297565723079686,0.05774537775949469,-0.023461114845578904,0.33337161142531024,-0.2039528185630595,0.41499712848845177,-0.4397494348027508,0.23190353703478822,-0.1353515126415419,0.13326033792827696,0.04510793044494983,0.1462940307215728,0.07748466685904563,-0.12036901162754612
slasto,-0.17797722303125268,3,0.6305553370206277,-0.05798041743506821,0.15453851146008252,0.07768012771080517,-0.39646701271621576,-0.3545434683790854,0.031218736974464444,0.17624980252301548,-0.06296819355699002,-0.14393801597448963,-0.24508999794015504,0.1369021138604999,-0.056753899618624606,0.17214302827777533,-0.1718292201857333,-0.19310171587722927,0.06855892370073037,-0.21525234073315713
slasto,-0.10583594017797389,3,0.6305553370206277,-0.05798041743506821,0.15453851146008252,0.07768012771080517,-0.39646701271621576,-0.3545434683790854,0.031218736974464444,0.17624980252301548,-0.06296819355699002,-0.14393801597448963,-0.24508999794015504,0.1369021138604999,-0.056753899618624606,0.17214302827777533,-0.1718292201857333,-0.19310171587722927,0.06855892370073037,-0.21525234073315713
slasto,-0.2393372858416177,3,0.6305553370206277,-0.05798041743506821,0.15453851146008252,0.07768012771080517,-0.39646701271621576,-0.3545434683790854,0.031218736974464444,0.17624980252301548,-0.06296819355699002,-0.14393801597448963,-0.24508999794015504,0.1369021138604999,-0.056753899618624606,0.17214302827777533,-0.1718292201857333,-0.19310171587722927,0.06855892370073037,-0.21525234073315713
slasto,0.027691034179574685,3,0.1973761204297607,0.05296843746781199,0.15950441002341548,0.0706736194468728,-0.2611497285842916,0.10961552083071674,0.38921375605214525,-0.29486701289393874,0.32383795981436475,-0.2403988034641997,0.2347552106437063,-0.21338587104800083,-0.04906672054811815,0.21157044029186273,-0.31551621653656164,-0.2197395874742741,0.19391470663035332,-0.33650753831631336
slasto,-0.11770272143905737,3,0.1973761204297607,0.05296843746781199,0.15950441002341548,0.0706736194468728,-0.2611497285842916,0.10961552083071674,0.38921375605214525,-0.29486701289393874,0.32383795981436475,-0.2403988034641997,0.2347552106437063,-0.21338587104800083,-0.04906672054811815,0.21157044029186273,-0.31551621653656164,-0.2197395874742741,0.19391470663035332,-0.33650753831631336
slasto,0.12648798339874323,3,0.031387789909301834,0.25489611252776523,0.24535869525099172,-0.12410374948425741,0.17432142600494402,-0.10061521784757094,-0.16945383157933,0.21003184780993556,-0.155723265669805,0.15843898439414586,-0.16472809547474632,0.11902762042039536,-0.39482527521003624,0.24726801804558615,-0.5260241553011505,0.22189455958107374,0.2955453543183706,-0.1553418389901152
slasto,-0.08391188926287795,3,-0.1226379115237665,-0.34955867908749405,-0.3227189662616103,-0.15775112183169948,-0.15687277461980745,0.09899033468684687,0.11376753130078356,-0.18785482619738889,0.22273878763812477,-0.18034906451941682,0.22426580078230315,-0.10987726797115155,0.2709437634672036,-0.35175563569993173,0.2578700877582317,-0.20416806121655048,-0.3877810134039917,0.22558883897486992
slasto,0.1613994950006319,3,-0.04947836881184452,0.3569463051773871,0.3706032271210012,0.17213799375307753,0.27065211713472265,-0.0907567167627769,-0.06860899490400263,0.21451383368549398,-0.05413935320728991,0.09248965576444851,-0.3201585619538397,0.13688148159380506,-0.3079771650818224,0.28099505625999655,-0.34041819148258357,0.19677347351716987,0.2842172076346825,-0.17039625434765693
slasto,0.16717582930535774,3,-0.04947836881184452,0.3569463051773871,0.3706032271210012,0.17213799375307753,0.27065211713472265,-0.0907567167627769,-0.06860899490400263,0.21451383368549398,-0.05413935320728991,0.09248965576444851,-0.3201585619538397,0.13688148159380506,-0.3079771650818224,0.28099505625999655,-0.34041819148258357,0.19677347351716987,0.2842172076346825,-0.17039625434765693
slasto,0.2136507526631465,3,-0.04947836881184452,0.3569463051773871,0.3706032271210012,0.17213799375307753,0.27065211713472265,-0.0907567167627769,-0.06860899490400263,0.21451383368549398,-0.05413935320728991,0.09248965576444851,-0.3201585619538397,0.13688148159380506,-0.3079771650818224,0.28099505625999655,-0.34041819148258357,0.19677347351716987,0.2842172076346825,-0.17039625434765693
slasto,0.2116333407462746,3,-0.04947836881184452,0.3569463051773871,0.3706032271210012,0.17213799375307753,0.27065211713472265,-0.0907567167627769,-0.06860899490400263,0.21451383368549398,-0.05413935320728991,0.09248965576444851,-0.3201585619538397,0.13688148159380506,-0.3079771650818224,0.28099505625999655,-0.34041819148258357,0.19677347351716987,0.2842172076346825,-0.17039625434765693
slasto,0.06144352417530508,3,-0.1711580817455112,-0.1972749516220813,-0.18751579148857728,-0.2255509816072268,-0.3025544772163273,0.03780896619656518,0.46006589387140295,-0.5125568352592121,0.245835989913456,-0.11148859956652389,0.3389408322677613,-0.2084557888570644,-0.00395390319313698,0.19460013134693177,0.03492096135996533,0.06907698838950753,-0.003631547278129984,-0.05761370966166015
slasto,-0.12305410173308555,3,-0.1711580817455112,-0.1972749516220813,-0.18751579148857728,-0.2255509816072268,-0.3025544772163273,0.03780896619656518,0.46006589387140295,-0.5125568352592121,0.245835989913456,-0.11148859956652389,0.3389408322677613,-0.2084557888570644,-0.00395390319313698,0.19460013134693177,0.03492096135996533,0.06907698838950753,-0.003631547278129984,-0.05761370966166015
slasto,-0.08310552441104554,3,-0.08759319814345934,-0.03222614785805711,0.18099400565419643,0.04870348505982195,0.0825757142563438,0.05278649109299091,-0.346982769937836,0.12218158825663629,-0.6353931706633467,0.3526120818552868,0.18296778763237337,-0.4265070113517278,0.1827698908614554,0.043033053977130364,-0.07637907671222897,-0.0723084624810878,0.05103630607794356,-0.13732676396397378
slasto,-0.08023358985266045,3,0.005518078324707126,0.3471116175325409,0.22588359014763976,-0.005082165846192061,0.2233536039970389,0.0014272832491500024,-0.25999919155672024,0.14726947744899718,0.0924236184750204,0.08155416395318116,-0.005552908398796322,0.07852806675944518,-0.37656545818590376,0.3160474641217943,-0.33810748595384477,0.4206999729402668,0.3215993059072319,-0.17733473214895926
slasto,0.04191078340717458,5,0.3222011286545006,0.10980635479943468,0.24806022634566743,0.02532369493253369,-0.15903537424322894,0.03974117125125542,-0.08681646385639508,0.04298673219318976,0.08954004935311725,-0.055534046782712405,-0.03983665380223616,-0.0841663949914773,-0.3974133104252303,0.3752330564228499,-0.32802211047718344,0.4548562039862476,0.3242971793654912,-0.21800539822794962
slasto,-0.09016509751192721,5,0.3222011286545006,0.10980635479943468,0.24806022634566743,0.02532369493253369,-0.15903537424322894,0.03974117125125542,-0.08681646385639508,0.04298673219318976,0.08954004935311725,-0.055534046782712405,-0.03983665380223616,-0.0841663949914773,-0.3974133104252303,0.3752330564228499,-0.32802211047718344,0.4548562039862476,0.3242971793654912,-0.21800539822794962
slasto,-0.06830142206985693,5,0.07085963284704055,-0.2895719659001318,-0.33766451740996245,-0.47650586283764607,-0.17083206437665863,0.08407201157206863,0.2542966269177588,-0.19770287986046903,0.07831668309289459,-0.10574328554169429,0.17508823845197594,-0.08525914775011426,0.3047005934235071,-0.26460322761788246,0.21246494516792805,-0.17740807152178287,-0.3176339724685342,0.18558860177106576
slasto,0.14086415864308865,5,-0.1413621575972957,0.3415638520257934,0.3947229483857712,0.1789062108170269,0.25744436534044185,-0.08729549304335456,-0.2759163726601504,0.1722127212422424,-0.04656265633397964,0.11418538531623036,-0.18950999350092745,0.08114465076723575,-0.3092195494505497,0.32056342481822064,-0.22373473153805112,0.16523843620204415,0.33523503804139254,-0.2236650416091098
slasto,0.19713190136263453,5,-0.1413621575972957,0.3415638520257934,0.3947229483857712,0.1789062108170269,0.25744436534044185,-0.08729549304335456,-0.2759163726601504,0.1722127212422424,-0.04656265633397964,0.11418538531623036,-0.18950999350092745,0.08114465076723575,-0.3092195494505497,0.32056342481822064,-0.22373473153805112,0.16523843620204415,0.33523503804139254,-0.2236650416091098
slasto,0.20150172361279148,5,-0.1413621575972957,0.3415638520257934,0.3947229483857712,0.1789062108170269,0.25744436534044185,-0.08729549304335456,-0.2759163726601504,0.1722127212422424,-0.04656265633397964,0.11418538531623036,-0.18950999350092745,0.08114465076723575,-0.3092195494505497,0.32056342481822064,-0.22373473153805112,0.16523843620204415,0.33523503804139254,-0.2236650416091098
slasto,0.029261942897720383,5,0.002818773615781404,-0.19750008206194486,-0.2108984681463086,-0.5897934173949944,-0.34950246184745165,0.04213131559704849,0.3980321362090416,-0.4080459904933222,0.04972484743349398,-0.07425443482429246,0.16258943932151856,-0.1022825084860602,0.06655388738710001,0.17587235090699688,0.02615663460777429,0.18312833839815984,-0.05372361908516853,-0.04942666200853932
slasto,-0.12105020677038966,5,0.002818773615781404,-0.19750008206194486,-0.2108984681463086,-0.5897934173949944,-0.34950246184745165,0.04213131559704849,0.3980321362090416,-0.4080459904933222,0.04972484743349398,-0.07425443482429246,0.16258943932151856,-0.1022825084860602,0.06655388738710001,0.17587235090699688,0.02615663460777429,0.18312833839815984,-0.05372361908516853,-0.04942666200853932
slasto,0.08115504381530567,5,0.05107318185050053,-0.08242357357584007,-0.27286922536802444,-0.03321890380219404,-0.1900012941103094,-0.05017762647371951,0.5057389046294728,-0.07888662712807758,0.5562648655755619,-0.24889001136449748,-0.1502504807561677,0.3650054615932328,-0.2208486673503732,-0.08128269101328542,0.08123498372842239,0.09435769611500379,-0.024284359344238372,0.12557579268348368
slasto,-0.13589870192466685,5,-0.23285120842314608,0.5290082354228817,0.2898003458186954,-0.03740961993847199,0.4403303169541732,0.07267610047733554,-0.024832590488182232,0.2402679983111913,-0.21891921980511816,-0.1514744921270409,-0.2881788559381325,0.30194538345408645,-0.14327209094081284,0.11523085738859759,0.054991756654207094,0.18073532741671036,0.07050232823382634,-0.05895525806600759
minestra,0.001870024075344974,1,-0.022093504097265435,0.25605458891243593,0.09397469394899045,0.1583293808807068,0.21474273970621685,0.02199017664208561,-0.2999810973261207,0.1694621988845132,0.02410736613139351,0.44222041961316255,0.1782574906202491,0.14754155526624715,0.04625230089805661,0.16834077468729122,-0.3415406032536136,0.04279988474991622,0.3331447556688879,0.4744627898777889
minestra,0.014028516332823421,1,-0.022093504097265435,0.25605458891243593,0.09397469394899045,0.1583293808807068,0.21474273970621685,0.02199017664208561,-0.2999810973261207,0.1694621988845132,0.02410736613139351,0.44222041961316255,0.1782574906202491,0.14754155526624715,0.04625230089805661,0.16834077468729122,-0.3415406032536136,0.04279988474991622,0.3331447556688879,0.4744627898777889
minestra,-0.08289888371367236,1,-0.022093504097265435,0.25605458891243593,0.09397469394899045,0.1583293808807068,0.21474273970621685,0.02199017664208561,-0.2999810973261207,0.1694621988845132,0.02410736613139351,0.44222041961316255,0.1782574906202491,0.14754155526624715,0.04625230089805661,0.16834077468729122,-0.3415406032536136,0.04279988474991622,0.3331447556688879,0.4744627898777889
minestra,-0.0004985033286071067,1,-0.022093504097265435,0.25605458891243593,0.09397469394899045,0.1583293808807068,0.21474273970621685,0.02199017664208561,-0.2999810973261207,0.1694621988845132,0.02410736613139351,0.44222041961316255,0.1782574906202491,0.14754155526624715,0.04625230089805661,0.16834077468729122,-0.3415406032536136,0.04279988474991622,0.3331447556688879,0.4744627898777889
minestra,-0.003620792398440627,1,-0.022093504097265435,0.25605458891243593,0.09397469394899045,0.1583293808807068,0.21474273970621685,0.02199017664208561,-0.2999810973261207,0.1694621988845132,0.02410736613139351,0.44222041961316255,0.1782574906202491,0.14754155526624715,0.04625230089805661,0.16834077468729122,-0.3415406032536136,0.04279988474991622,0.3331447556688879,0.4744627898777889
minestra,-0.10682864504551445,1,0.5425943375783284,0.10103861211929255,-0.1635485133138421,0.25418787895959044,-0.07524514744380548,0.07890535023691235,0.2404484215909566,0.04407299105163661,0.08906797149286885,-0.12501719539914388,0.10075501798895713,-0.0179463435955291,0.5124277288049817,0.053358215445308464,-0.3500526264819477,0.2664027654939182,0.04012067729813985,-0.19440926846754183
minestra,0.015270634705644371,1,0.40507282410589435,-0.19712242405533797,-0.5023503188848347,-0.2714919130992024,-0.018432269479754203,0.062326731289135046,0.2951714125653204,-0.24127241175599237,-0.09280807984584752,-0.05462700765052903,0.1513568296192347,-0.2122359995396377,0.2792251683165346,-0.26490576279504074,-0.022994581859345668,-0.08329607380820257,-0.245371653066789,0.1614487356418341
minestra,-0.06107255703876414,1,0.40507282410589435,-0.19712242405533797,-0.5023503188848347,-0.2714919130992024,-0.018432269479754203,0.062326731289135046,0.2951714125653204,-0.24127241175599237,-0.09280807984584752,-0.05462700765052903,0.1513568296192347,-0.2122359995396377,0.2792251683165346,-0.26490576279504074,-0.022994581859345668,-0.08329607380820257,-0.245371653066789,0.1614487356418341
minestra,0.015046288793000668,1,0.294273419951211,0.1574767551950691,-0.10534041987712829,0.28379773739497716,0.03826197912763029,0.05770690619133525,0.3500754139050546,0.4074455685779377,-0.36046659300528766,-0.03227602155275642,-0.4101379946911336,0.3125709200432359,0.15105209637920947,0.17154588945757573,-0.2232594502947928,0.028927430131407368,-0.06017276649566559,-0.012999386348547238
minestra,-0.1280493189998153,1,0.294273419951211,0.1574767551950691,-0.10534041987712829,0.28379773739497716,0.03826197912763029,0.05770690619133525,0.3500754139050546,0.4074455685779377,-0.36046659300528766,-0.03227602155275642,-0.4101379946911336,0.3125709200432359,0.15105209637920947,0.17154588945757573,-0.2232594502947928,0.028927430131407368,-0.06017276649566559,-0.012999386348547238
minestra,-0.07506924920716886,1,0.4704896170707828,0.023316766824643675,-0.4176404745167066,-0.03663762149049633,-0.13419680051850694,0.07034259322108789,0.27093570371085623,-0.005403365442354972,-0.17190170025028062,-0.10276260349115623,0.08519499567508569,-0.13331162744254274,0.4799523115753371,-0.20386268035514252,0.015474543493918889,-0.25060048218960096,-0.2706656225905638,0.18050781972377178
minestra,0.004606522672100736,1,0.26416110808082194,0.30075050336344,-0.22282225546900972,0.14413934270959497,-0.08008544569108103,-0.5269593214283664,0.1880266630372707,0.2251833162306052,-0.4327258619424458,-0.015906582363160275,-0.31383547164506903,0.21723017735873754,0.21095939829699054,-0.027857316909829767,-0.009978452427946361,-0.08334161500005768,-0.10623372320937499,0.04882149958397425
minestra,0.00757381986808985,1,0.26416110808082194,0.30075050336344,-0.22282225546900972,0.14413934270959497,-0.08008544569108103,-0.5269593214283664,0.1880266630372707,0.2251833162306052,-0.4327258619424458,-0.015906582363160275,-0.31383547164506903,0.21723017735873754,0.21095939829699054,-0.027857316909829767,-0.009978452427946361,-0.08334161500005768,-0.10623372320937499,0.04882149958397425
minestra,-0.06978038802680828,1,0.26416110808082194,0.30075050336344,-0.22282225546900972,0.14413934270959497,-0.08008544569108103,-0.5269593214283664,0.1880266630372707,0.2251833162306052,-0.4327258619424458,-0.015906582363160275,-0.31383547164506903,0.21723017735873754,0.21095939829699054,-0.027857316909829767,-0.009978452427946361,-0.08334161500005768,-0.10623372320937499,0.04882149958397425
minestra,-0.00545767351021821,1,0.26416110808082194,0.30075050336344,-0.22282225546900972,0.14413934270959497,-0.08008544569108103,-0.5269593214283664,0.1880266630372707,0.2251833162306052,-0.4327258619424458,-0.015906582363160275,-0.31383547164506903,0.21723017735873754,0.21095939829699054,-0.027857316909829767,-0.009978452427946361,-0.08334161500005768,-0.10623372320937499,0.04882149958397425
minestra,-0.009604029269286647,1,0.26416110808082194,0.30075050336344,-0.22282225546900972,0.14413934270959497,-0.08008544569108103,-0.5269593214283664,0.1880266630372707,0.2251833162306052,-0.4327258619424458,-0.015906582363160275,-0.31383547164506903,0.21723017735873754,0.21095939829699054,-0.027857316909829767,-0.009978452427946361,-0.08334161500005768,-0.10623372320937499,0.04882149958397425
minestra,0.12282978380464869,1,0.03458099260982196,-0.1046474391584441,-0.049101236816051066,-0.21282470804173567,-0.10770973809384911,0.08998228736181167,0.005701975705010607,-0.23891231238005065,0.33585162006626573,-0.30660240259800964,0.35475452640870864,-0.30060467505187066,0.30752518111566235,-0.28226776285456995,0.2779297120678621,-0.23111174254450847,-0.30856458968904227,0.20051481577489638
minestra,0.3015700684440521,1,0.03458099260982196,-0.1046474391584441,-0.049101236816051066,-0.21282470804173567,-0.10770973809384911,0.08998228736181167,0.005701975705010607,-0.23891231238005065,0.33585162006626573,-0.30660240259800964,0.35475452640870864,-0.30060467505187066,0.30752518111566235,-0.28226776285456995,0.2779297120678621,-0.23111174254450847,-0.30856458968904227,0.20051481577489638
minestra,-0.08109104498335049,1,-0.1421242975978319,0.13492114861635252,0.040333221244581996,0.19979400782127044,0.43460382331677005,-0.5991961328315419,-0.1765929237597786,0.1721800570593935,-0.07428667398454086,0.02378426100863451,-0.09405984393258751,0.27480024762496863,-0.03475784981983491,0.23454337537642786,-0.1993934780762467,0.014458083121137316,0.2564206315386644,-0.24273722795828268
minestra,-0.2435469904565478,1,-0.1421242975978319,0.13492114861635252,0.040333221244581996,0.19979400782127044,0.43460382331677005,-0.5991961328315419,-0.1765929237597786,0.1721800570593935,-0.07428667398454086,0.02378426100863451,-0.09405984393258751,0.27480024762496863,-0.03475784981983491,0.23454337537642786,-0.1993934780762467,0.014458083121137316,0.2564206315386644,-0.24273722795828268
minestra,0.06656587976036854,1,0.29261268277606456,-0.2709306331133605,-0.30441531999356525,-0.22561947075898506,-0.27406208090805656,-0.04816488994015533,0.4007844831590548,-0.22185738693187154,-0.08483127264127789,0.03373140254487809,-0.0675901877974853,-0.2433833239154752,0.20324187020088616,-0.2703888787942324,0.19675620333108176,-0.061848496500390635,-0.30603262108012075,0.2955895082724613
minestra,0.0385213361245208,2,-0.15887449475085452,0.2870753157625302,0.1721423874478195,0.27549682486985866,0.15149329544345239,-0.004147194445700796,-0.2769577751678619,0.21524497540993434,-0.04306572801615227,0.48997295221031706,0.09546537032903314,0.23986027675752294,-0.15952074468859911,0.2299903677644741,-0.338345936353531,0.1436776354209464,0.2518545180793774,-0.2352501185049693
minestra,-0.07349622379659264,2,-0.15887449475085452,0.2870753157625302,0.1721423874478195,0.27549682486985866,0.15149329544345239,-0.004147194445700796,-0.2769577751678619,0.21524497540993434,-0.04306572801615227,0.48997295221031706,0.09546537032903314,0.23986027675752294,-0.15952074468859911,0.2299903677644741,-0.338345936353531,0.1436776354209464,0.2518545180793774,-0.2352501185049693
minestra,0.03491420643078704,2,-0.06665397267579447,0.21504379421659936,0.22295047690428754,0.28925306680364987,0.0564781454364234,0.014186621649074709,-0.14213066032588326,0.2705646915222353,-0.16402174602097344,0.08108054232089357,-0.22090763882234507,0.32521587972997223,-0.22889003422438786,0.28646526076492396,-0.3594882243422165,0.3225461258351909,0.3170124134869575,-0.2507615468542493
minestra,-0.04159832318866651,2,-0.06665397267579447,0.21504379421659936,0.22295047690428754,0.28925306680364987,0.0564781454364234,0.014186621649074709,-0.14213066032588326,0.2705646915222353,-0.16402174602097344,0.08108054232089357,-0.22090763882234507,0.32521587972997223,-0.22889003422438786,0.28646526076492396,-0.3594882243422165,0.3225461258351909,0.3170124134869575,-0.2507615468542493
minestra,0.037941082199835094,3,-0.1330655390930192,0.31675027909939835,0.4301113573488287,0.3385128304231069,-0.03283383016619088,0.03980473210157214,-0.24152146100325939,0.3583232206180509,0.025455638467331596,0.1484775534333767,-0.0924055209913882,0.2960191285781093,-0.22386999307207286,0.23135159335636202,-0.18780661138767998,0.09593409941728477,0.2475999620403006,-0.25436991881203846
minestra,-0.11527736351300816,3,-0.1330655390930192,0.31675027909939835,0.4301113573488287,0.3385128304231069,-0.03283383016619088,0.03980473210157214,-0.24152146100325939,0.3583232206180509,0.025455638467331596,0.1484775534333767,-0.0924055209913882,0.2960191285781093,-0.22386999307207286,0.23135159335636202,-0.18780661138767998,0.09593409941728477,0.2475999620403006,-0.25436991881203846
minestra,-0.22125258209906218,3,-0.1330655390930192,0.31675027909939835,0.4301113573488287,0.3385128304231069,-0.03283383016619088,0.03980473210157214,-0.24152146100325939,0.3583232206180509,0.025455638467331596,0.1484775534333767,-0.0924055209913882,0.2960191285781093,-0.22386999307207286,0.23135159335636202,-0.18780661138767998,0.09593409941728477,0.2475999620403006,-0.25436991881203846
minestra,-0.09865284546667141,3,-0.2294590448759125,-0.37659848481785885,-0.053285761283112305,-0.33799062131663615,-0.01669654137189047,0.06015974152797839,-0.0966978563187246,-0.4443283103248106,0.3819466139659022,-0.14518453752737848,0.12520891429686998,-0.3719100812906649,-0.09063953915088344,-0.19071207231186,0.0846206706004606,0.09436801721790568,-0.3043741298369563,0.0593013071626283
minestra,0.039406319252552856,3,-0.02167067493746322,-0.3788396301004426,-0.1928385978301705,-0.2811295794285465,-0.12002513223193335,0.01683449474976835,0.064906130345935,-0.3797777239762347,0.1219424641170093,-0.07510857129736014,0.19576655822136357,-0.382376053570861,0.017086172295615796,-0.3975864429287909,0.31411115612861096,-0.09609115343240404,-0.30978618945584396,0.09682980620919211
minestra,-0.04574923842072671,3,-0.02167067493746322,-0.3788396301004426,-0.1928385978301705,-0.2811295794285465,-0.12002513223193335,0.01683449474976835,0.064906130345935,-0.3797777239762347,0.1219424641170093,-0.07510857129736014,0.19576655822136357,-0.382376053570861,0.017086172295615796,-0.3975864429287909,0.31411115612861096,-0.09609115343240404,-0.30978618945584396,0.09682980620919211
minestra,-0.494255062450052,3,-0.2605637156166366,0.2807477473742296,0.27482993781639,0.1052807895782745,0.21418134260073687,0.02379201823935652,-0.36924550315730187,0.15877893016232525,0.2322264917238453,0.4878272769464011,0.08053713141403561,0.1400705702003045,-0.12201103563576142,0.12011538093903716,-0.16354654166705523,0.022055398990058157,0.20692455963682904,0.375902038492315
dan,0.16353706160039638,1,0.10076603292598324,-6.398569588006442e-05,0.4197089533495306,-0.03718152463857668,0.24104144387751017,-0.05514130366433598,0.09510429332129126,-0.0008297923697859032,0.4272029488014624,0.16235280166692284,0.5020024610458445,0.11129121360484706,-0.24645567283598926,0.031140120579093336,0.15658039624531928,0.1253021114083608,-0.3435242222303938,0.22120362015384484
dan,0.006333071872853602,1,-0.32041907193097424,-0.17786138029942766,-0.3529579788607954,0.03846661124324969,0.25619370587833845,0.07646681177279989,-0.3394250954424173,-0.20272590382202405,-0.3988693252538638,-0.13118904296145917,-0.013142945912551229,0.0911139716801225,0.27167679245746645,-0.11660764885636822,-0.3586733510548186,-0.025110964443464327,0.2987633726992134,-0.1453418419215224
dan,-0.024455034792993727,1,-0.32041907193097424,-0.17786138029942766,-0.3529579788607954,0.03846661124324969,0.25619370587833845,0.07646681177279989,-0.3394250954424173,-0.20272590382202405,-0.3988693252538638,-0.13118904296145917,-0.013142945912551229,0.0911139716801225,0.27167679245746645,-0.11660764885636822,-0.3586733510548186,-0.025110964443464327,0.2987633726992134,-0.1453418419215224
dan,-0.00393515738991948,1,-0.32041907193097424,-0.17786138029942766,-0.3529579788607954,0.03846661124324969,0.25619370587833845,0.07646681177279989,-0.3394250954424173,-0.20272590382202405,-0.3988693252538638,-0.13118904296145917,-0.013142945912551229,0.0911139716801225,0.27167679245746645,-0.11660764885636822,-0.3586733510548186,-0.025110964443464327,0.2987633726992134,-0.1453418419215224
dan,-0.10575252750068125,2,-0.5065892541013711,-0.09937576960188421,0.10932592650535539,0.08357130522918525,-0.128405929968249,0.09308152866203204,-0.2861110756884415,-0.02370302092110508,0.2744315045630268,-0.2834987876865663,-0.04404298446403284,0.2557986300898629,-0.18517049230188123,0.039823584033367394,0.20843804558688303,-0.24219974227251215,-0.12302722910749495,-0.48042484219219883
dan,-0.14246444996020402,2,0.09445884706314696,-0.304166003162318,-0.006815257292835139,0.1524781343406819,-0.18011079752786335,0.105015411974899,0.25586742782592803,-0.3232068383911242,0.41501194670215347,-0.23490120595465905,-0.06558461866922852,0.002139171921938248,-0.19833259473529372,-0.4177439997862552,0.3581617386636569,-0.15825529531501925,-0.2505916121891777,-0.013401438286601333
dan,-0.09879054317355007,2,0.045608521916879384,-0.3114334566357747,-0.05845486404101313,0.10472743377506977,-0.12426616171503863,-0.1354906199369259,0.14358008701598998,-0.13651120746549514,0.2567275990583787,-0.21931970013940585,-0.02131292429014982,-0.00828519822277349,-0.1976161135632134,-0.4390683989505553,0.47337377295403527,-0.1624349731468556,-0.2644885955067265,0.38302165735239946
dan,-0.08986977881075246,2,0.1682729515655926,-0.26120410194040444,0.025037714508157987,0.010682052085300677,-0.11388311408066973,-0.5175228107988032,0.048832295853627285,-0.13011075458499552,0.2221404891936617,-0.19843417234732427,0.03446928392879968,-0.06184321301025941,-0.12201966452941776,-0.3367286435698628,0.3975813853551675,-0.14051591618046344,-0.23290932963575078,0.38539637504855934
dan,0.002806984076039376,2,0.10696221550142837,-0.2948922750239952,0.0214030923133609,-0.36022467432807764,-0.11553435265102181,0.018640675788080395,0.08938332951209256,-0.20367134876786022,0.24481352623049105,-0.168634089442155,0.03086296310349115,-0.07543859932050521,-0.1818428328024843,-0.372196130837531,0.39351726699700834,-0.06958979877965131,-0.2404582054212487,0.4733714563206432
dan,-0.03755932161214961,2,0.10696221550142837,-0.2948922750239952,0.0214030923133609,-0.36022467432807764,-0.11553435265102181,0.018640675788080395,0.08938332951209256,-0.20367134876786022,0.24481352623049105,-0.168634089442155,0.03086296310349115,-0.07543859932050521,-0.1818428328024843,-0.372196130837531,0.39351726699700834,-0.06958979877965131,-0.2404582054212487,0.4733714563206432
dan,0.07530094072291076,2,0.038636595024077035,-0.0865637358429695,-0.24191138506390286,-0.04399053141043279,0.19447343261770908,-0.09756093151253291,-0.25679183030672553,-0.3861956254958733,-0.055847461331236366,-0.43177038812829494,-0.005722821373347456,-0.10665983531894312,0.3334665740216552,-0.3155018971783449,-0.20650047169450095,-0.3925714454808759,0.23830799544998654,0.05375802160432917
dan,0.15338791944013178,2,0.12453571007756586,-0.3079521321746639,-0.5812884330484276,0.026106495346969287,0.05244617694343461,0.09856554926769912,-0.2521643244949113,-0.18547264266066182,-0.2943258821121928,-0.34920462958179543,-0.09701047293885817,-0.14072440894293983,0.30367429715077643,-0.1321238452669448,-0.2980020205691314,-0.0017366456508524745,0.06268482279515643,0.02067479684021258
dan,-0.11191606587690095,2,-0.49458523543615546,0.12482343049082767,0.2278841464225397,0.04017335300436901,0.10731024507848043,-0.2612151614708325,0.13140843719879902,0.2961308242158529,0.27835660720244254,0.5042116379677095,0.18581370328175514,0.192898386954689,-0.09838288238561645,0.18600488450557434,0.00947028101620411,0.21739337665336408,0.00906639090785375,-0.07994942632534811
dan,-0.2366852564080483,2,-0.49458523543615546,0.12482343049082767,0.2278841464225397,0.04017335300436901,0.10731024507848043,-0.2612151614708325,0.13140843719879902,0.2961308242158529,0.27835660720244254,0.5042116379677095,0.18581370328175514,0.192898386954689,-0.09838288238561645,0.18600488450557434,0.00947028101620411,0.21739337665336408,0.00906639090785375,-0.07994942632534811
dan,-0.48631337461037144,2,0.3383736406222675,-0.1043612748740983,0.24245385458003188,0.146582366421877,-0.1022006476449113,0.13051331867412896,0.21212517750266652,0.30180089713465974,0.35545981217353584,0.3497740839963582,0.08851483919660696,0.33644869892303547,-0.2260731596045932,0.12410012961102738,0.004789388571409165,-0.4154720822972837,-0.10339138368937134,-0.10590701465618249
dan,-0.04693724381936117,2,0.35196793612303157,0.23396635941242883,0.3180278749813421,-0.0815024173174663,-0.1206627304266134,-0.014088360551951718,0.40396180807277954,0.3374623463125309,0.26878952784482124,0.48932826980215205,0.034577367516757,0.04984254731166916,-0.1824577599058199,0.17344104219732062,0.1615716123934871,-0.06836177854295462,-0.109448723520925,-0.01642487486744127
dan,0.0023436154148228487,2,0.41584724570099535,-0.1438826981840674,0.07961753925389506,-0.2742901334127891,-0.064410156687919,-0.5441734118507977,0.30504675312915763,0.2770811400329296,0.05783002311913609,0.26495059769644946,-0.005718233737496228,0.08117967511717339,-0.04578788357415531,0.24026031618400434,-0.08751073890325942,0.31579256519657667,-0.04097380034498396,-0.0751299735510357
dan,-0.09688260639461303,2,0.41584724570099535,-0.1438826981840674,0.07961753925389506,-0.2742901334127891,-0.064410156687919,-0.5441734118507977,0.30504675312915763,0.2770811400329296,0.05783002311913609,0.26495059769644946,-0.005718233737496228,0.08117967511717339,-0.04578788357415531,0.24026031618400434,-0.08751073890325942,0.31579256519657667,-0.04097380034498396,-0.0751299735510357
dan,-0.0019233427450211945,2,0.41584724570099535,-0.1438826981840674,0.07961753925389506,-0.2742901334127891,-0.064410156687919,-0.5441734118507977,0.30504675312915763,0.2770811400329296,0.05783002311913609,0.26495059769644946,-0.005718233737496228,0.08117967511717339,-0.04578788357415531,0.24026031618400434,-0.08751073890325942,0.31579256519657667,-0.04097380034498396,-0.0751299735510357
dan,-0.1182750703127888,2,0.4738984596614468,0.3340391988119289,0.3513106541558931,0.15164218483951014,-0.11473601130103925,0.1318496531511632,0.13522658290652764,-0.09466385448127569,0.29921974107906457,-0.29343721898324787,0.09952177211520807,0.0760773304347506,-0.08357356822090997,0.2717015629775128,0.20249987318703067,-0.32787131608615544,-0.13422295348082947,-0.14480780212214844
dan,0.014627704385974957,2,0.004756757731705797,0.7634166403143678,0.35858034445154296,-0.022821852159195348,-0.06922289585286572,0.06863488275871363,0.25415616941002367,0.2764550964356102,0.13834757253904753,0.09231617185339787,0.051245131040598635,0.09610316678787281,-0.061116885574436154,0.2624323432528187,0.05011162585152975,0.09354018078825452,-0.07873280849911451,-0.089198421084214
dan,-0.0673249217579349,2,0.004756757731705797,0.7634166403143678,0.35858034445154296,-0.022821852159195348,-0.06922289585286572,0.06863488275871363,0.25415616941002367,0.2764550964356102,0.13834757253904753,0.09231617185339787,0.051245131040598635,0.09610316678787281,-0.061116885574436154,0.2624323432528187,0.05011162585152975,0.09354018078825452,-0.07873280849911451,-0.089198421084214
dan,-0.0931078050887888,2,0.2972201743043068,0.004346925128415058,0.11438311250602688,0.06128455257013399,-0.008756761361629723,0.08388745119353459,-0.16207880238422362,-0.22853477951123727,0.17229995326345673,-0.18792590050744443,-0.025431671587317104,-0.7976014318460032,0.010593566706369888,0.07952687690287445,0.1176983465586449,-0.2053041184712696,-0.055726341039375585,-0.2045175389511662
dan,0.12480597251809131,3,0.07911543894505013,-0.024596208629564797,-0.12513254934723572,-0.08541688832515684,-0.02491921592460729,-0.11730643542538455,0.7238508505049995,0.0332696849646547,-0.3370820488298078,0.325331229502929,-0.05256929912701685,-0.15588950742867372,-0.031300739867402595,-0.10678572862398804,-0.07440246683337262,0.29212055052093416,0.05359125268777339,0.2794244108858153
dan,0.2164092344721796,3,0.07911543894505013,-0.024596208629564797,-0.12513254934723572,-0.08541688832515684,-0.02491921592460729,-0.11730643542538455,0.7238508505049995,0.0332696849646547,-0.3370820488298078,0.325331229502929,-0.05256929912701685,-0.15588950742867372,-0.031300739867402595,-0.10678572862398804,-0.07440246683337262,0.29212055052093416,0.05359125268777339,0.2794244108858153
dan,0.00433117731725325,3,-0.02404331422257555,0.020402649046527544,0.132952142616282,0.05117367411639003,-0.023856645228730017,0.06436123343484623,-0.24424044165021405,0.01587586707806983,0.18545578126524057,-0.18590433417422705,0.010207076900717338,-0.8827429094330047,-0.013503747383100848,0.07083773977978558,0.08169224033159976,-0.17876797946457065,-0.05455986627141576,-0.13780952212236514
dan,-0.000989231588595209,3,-0.02404331422257555,0.020402649046527544,0.132952142616282,0.05117367411639003,-0.023856645228730017,0.06436123343484623,-0.24424044165021405,0.01587586707806983,0.18545578126524057,-0.18590433417422705,0.010207076900717338,-0.8827429094330047,-0.013503747383100848,0.07083773977978558,0.08169224033159976,-0.17876797946457065,-0.05455986627141576,-0.13780952212236514
dan,-0.40821598151444133,3,-0.02404331422257555,0.020402649046527544,0.132952142616282,0.05117367411639003,-0.023856645228730017,0.06436123343484623,-0.24424044165021405,0.01587586707806983,0.18545578126524057,-0.18590433417422705,0.010207076900717338,-0.8827429094330047,-0.013503747383100848,0.07083773977978558,0.08169224033159976,-0.17876797946457065,-0.05455986627141576,-0.13780952212236514
dan,-0.08276240462242562,3,0.4059639446266205,-0.2541986934060768,0.017419128532229884,-0.0640663584633693,-0.023148364955727772,0.07952289619610517,0.010772004276167865,-0.1812244713990172,0.2750999913644105,-0.23066178765787865,0.12842750380798706,-0.03300564337627598,-0.3518833132131802,-0.32539541602752103,0.24555146002830217,-0.13439709354474777,-0.17725007926487327,0.49030877939433354
dan,-0.03979664852706719,3,0.3055933365579986,-0.1965981109922188,0.015103786060621996,0.0750332796349294,-0.022414185329022666,0.013192103374309897,0.053774788418814966,-0.014946424148114944,0.1940397177124986,0.29945535874989304,0.16325699739826455,-0.029333272932519062,-0.39879104760340867,-0.32522705851215067,0.20363088615215966,-0.09273299057813437,-0.1855769850296719,0.5951162182791876
dan,-0.05946721815203843,3,0.35817700540668973,0.3310244400240765,0.17487119112083294,-0.004067676689999647,-0.03211404361275012,-0.10329552454911042,0.4407981845791037,0.42324526635626125,0.04360658970051978,0.3185281274828391,0.03687659869201127,0.16840585535342614,-0.2002935825268154,0.2449022365612828,-0.0363332563987062,0.31267031326503,-0.08950326857569109,0.07825786112339234
dan,-0.037270302457115635,3,0.08475022261194894,0.48519401187550726,0.4053085556858344,-0.05948005993680019,-0.03266645411043194,0.0826857770484211,0.3674489832559501,0.3325991179734671,0.20221899654359904,0.34312390775533474,0.03610029297913612,-0.06721423039935359,-0.0652573527149914,0.2536581858807291,-0.06022024159514769,0.31521360749439864,-0.0021896303079835104,-0.002625644421484048
dan,-0.0795688566867683,3,-0.013422833526230058,0.31829893744763094,0.5223551751793759,-0.03783366562309791,-0.013700082880544744,0.0002760548016982402,0.023265594201138357,0.029274778459511153,0.2610988980127238,-0.24086669487777065,0.010236379284804175,-0.6110250515719894,-0.1534826009719485,0.0890048650091551,0.1010276306035066,-0.2127307928708911,0.0921054475649684,-0.1660249157852536
dan,-0.06773099107639338,3,0.29546248137676484,0.25903421963707074,-0.16270234303838946,-0.025162674554192625,-0.010867958059660255,-0.5723920182930851,-0.11308501984809591,0.029216825763886373,-0.09900113864184767,-0.1468368954475082,0.12698034093741567,-0.1346883170238504,0.5652232466230276,0.07339431671013504,-0.17761415836006653,0.06420290629376338,0.1908308260080757,0.12053589888827673
pabluccio,0.00755406713553637,1,-0.6936203574291842,0.39051078694226393,0.3665861653608803,-0.018332167976950167,-0.0765161721363031,-0.04088577013980174,-0.2767458308115483,0.11415220943960629,-0.09688712791500945,-0.028054430425197317,-0.2459677897412621,0.09649810970173787,0.0006303034122793403,0.12065198631663941,-0.09029905329516152,-0.0419453150352038,0.16390820228851793,-0.05659112744297037
pabluccio,-0.08059568854314227,1,-0.6936203574291842,0.39051078694226393,0.3665861653608803,-0.018332167976950167,-0.0765161721363031,-0.04088577013980174,-0.2767458308115483,0.11415220943960629,-0.09688712791500945,-0.028054430425197317,-0.2459677897412621,0.09649810970173787,0.0006303034122793403,0.12065198631663941,-0.09029905329516152,-0.0419453150352038,0.16390820228851793,-0.05659112744297037
pabluccio,0.0026273149927023972,1,0.10523304913057722,-0.0061420873407525,0.08240773463391445,-0.3008231297749712,0.07271797104846178,-0.06272579126477079,0.034635833314014944,-0.03903127250421555,-0.12674059122144074,0.021133655293102863,-0.4092738517034029,-0.6113185408649412,0.23476063611874268,-0.03231129781019296,-0.040363253919751076,0.013600341614914411,0.2604818908781438,0.4428435100559755
pabluccio,0.009414827652613478,1,0.10523304913057722,-0.0061420873407525,0.08240773463391445,-0.3008231297749712,0.07271797104846178,-0.06272579126477079,0.034635833314014944,-0.03903127250421555,-0.12674059122144074,0.021133655293102863,-0.4092738517034029,-0.6113185408649412,0.23476063611874268,-0.03231129781019296,-0.040363253919751076,0.013600341614914411,0.2604818908781438,0.4428435100559755
pabluccio,-0.11156264899018428,1,0.10523304913057722,-0.0061420873407525,0.08240773463391445,-0.3008231297749712,0.07271797104846178,-0.06272579126477079,0.034635833314014944,-0.03903127250421555,-0.12674059122144074,0.021133655293102863,-0.4092738517034029,-0.6113185408649412,0.23476063611874268,-0.03231129781019296,-0.040363253919751076,0.013600341614914411,0.2604818908781438,0.4428435100559755
pabluccio,-0.00024219232507441724,1,0.10523304913057722,-0.0061420873407525,0.08240773463391445,-0.3008231297749712,0.07271797104846178,-0.06272579126477079,0.034635833314014944,-0.03903127250421555,-0.12674059122144074,0.021133655293102863,-0.4092738517034029,-0.6113185408649412,0.23476063611874268,-0.03231129781019296,-0.040363253919751076,0.013600341614914411,0.2604818908781438,0.4428435100559755
pabluccio,0.05012733800942496,1,0.330078708255722,-0.018368731157191176,-0.1450819421237958,0.06991713161540557,-0.6683126147587465,-0.09739370437060141,0.07677768243185573,-0.2460331628254515,0.3213746086569251,0.001391598233308983,0.11457977584753025,-0.010021598655313563,0.0400715535472441,-0.08284956537931232,-0.06956512681403262,0.03996514075664035,0.3882370084142803,-0.24509638793748756
pabluccio,0.061826194594649296,1,0.330078708255722,-0.018368731157191176,-0.1450819421237958,0.06991713161540557,-0.6683126147587465,-0.09739370437060141,0.07677768243185573,-0.2460331628254515,0.3213746086569251,0.001391598233308983,0.11457977584753025,-0.010021598655313563,0.0400715535472441,-0.08284956537931232,-0.06956512681403262,0.03996514075664035,0.3882370084142803,-0.24509638793748756
pabluccio,-0.12837643426042095,1,0.330078708255722,-0.018368731157191176,-0.1450819421237958,0.06991713161540557,-0.6683126147587465,-0.09739370437060141,0.07677768243185573,-0.2460331628254515,0.3213746086569251,0.001391598233308983,0.11457977584753025,-0.010021598655313563,0.0400715535472441,-0.08284956537931232,-0.06956512681403262,0.03996514075664035,0.3882370084142803,-0.24509638793748756
pabluccio,-0.02779944885517524,1,0.330078708255722,-0.018368731157191176,-0.1450819421237958,0.06991713161540557,-0.6683126147587465,-0.09739370437060141,0.07677768243185573,-0.2460331628254515,0.3213746086569251,0.001391598233308983,0.11457977584753025,-0.010021598655313563,0.0400715535472441,-0.08284956537931232,-0.06956512681403262,0.03996514075664035,0.3882370084142803,-0.24509638793748756
pabluccio,-0.06853171724431872,1,-0.04576783846517865,-0.08618144735226207,-0.30538641983298087,0.11894436847970698,0.3174866390299301,0.11134694084644924,-0.0058284012020193635,-0.21886914649440886,0.28736242479277896,-0.07285770113297982,0.27021747376607924,-0.023390874311910285,-0.543793540160827,-0.32746898016120746,0.3838007423041503,-0.044701649211476825,-0.07197416929403422,-0.055289733591911826
pabluccio,0.0005520360294960631,1,0.1633206063678029,-0.19536991688326943,-0.35976294610176107,0.14445035076267174,-0.024081216239537698,0.2474258935597684,-0.01648229981901406,-0.26749141059407316,0.12275206177543449,-0.1922597417383739,0.37737052977656343,-0.171444678743813,-0.21338338693722686,-0.27573361906840205,0.3487430997820846,-0.16921334669879304,-0.3861101082134471,0.08067095553927381
pabluccio,0.018383444163189124,1,0.1633206063678029,-0.19536991688326943,-0.35976294610176107,0.14445035076267174,-0.024081216239537698,0.2474258935597684,-0.01648229981901406,-0.26749141059407316,0.12275206177543449,-0.1922597417383739,0.37737052977656343,-0.171444678743813,-0.21338338693722686,-0.27573361906840205,0.3487430997820846,-0.16921334669879304,-0.3861101082134471,0.08067095553927381
pabluccio,-0.09880504277216974,1,0.1633206063678029,-0.19536991688326943,-0.35976294610176107,0.14445035076267174,-0.024081216239537698,0.2474258935597684,-0.01648229981901406,-0.26749141059407316,0.12275206177543449,-0.1922597417383739,0.37737052977656343,-0.171444678743813,-0.21338338693722686,-0.27573361906840205,0.3487430997820846,-0.16921334669879304,-0.3861101082134471,0.08067095553927381
pabluccio,-0.01681589023297233,1,0.1633206063678029,-0.19536991688326943,-0.35976294610176107,0.14445035076267174,-0.024081216239537698,0.2474258935597684,-0.01648229981901406,-0.26749141059407316,0.12275206177543449,-0.1922597417383739,0.37737052977656343,-0.171444678743813,-0.21338338693722686,-0.27573361906840205,0.3487430997820846,-0.16921334669879304,-0.3861101082134471,0.08067095553927381
pabluccio,-0.0697062005278269,1,-0.1466912404679341,0.38734267127446487,-0.11614948031707571,0.05651277740234085,0.0474733989075033,-0.058009618512516035,-0.20573318248813122,0.1263709452110019,0.2781627241233074,0.6984448528408853,0.2509768788216749,-0.08514237765028292,-0.1675196613450761,-0.002608755703518674,-0.006964874388388119,-0.12460565888221431,-0.2612385492217452,0.022797105253626184
pabluccio,-0.257921141738257,1,-0.1466912404679341,0.38734267127446487,-0.11614948031707571,0.05651277740234085,0.0474733989075033,-0.058009618512516035,-0.20573318248813122,0.1263709452110019,0.2781627241233074,0.6984448528408853,0.2509768788216749,-0.08514237765028292,-0.1675196613450761,-0.002608755703518674,-0.006964874388388119,-0.12460565888221431,-0.2612385492217452,0.022797105253626184
pabluccio,0.08310287042088968,1,-0.05000305784704569,0.24856043509621573,0.355161400081298,0.37324533907276675,-0.14226161582936614,-0.20721806386275907,0.048125558259779176,0.1889290867792812,-0.17188140225422402,0.11624505048066047,-0.26612977065749027,0.12823410486737066,0.339557405071365,0.3187289169888926,-0.3418440220236581,0.15268892757747837,0.27520489580773233,-0.07717666307369685
pabluccio,0.0482376198688462,1,-0.11676539483835514,0.23255662878427286,0.3023454631808719,0.5853422475176542,0.0012398277915665265,0.01109933879880916,0.16956013486479565,0.18249466042731838,-0.24570366800534793,0.10855306853675552,-0.22581701593557177,0.0710470935424974,0.14232282477552372,0.2779350467191927,-0.366329513910964,0.1870876673812918,0.19700913003734313,-0.04852629047028242
pabluccio,-0.05807106296419128,1,-0.11676539483835514,0.23255662878427286,0.3023454631808719,0.5853422475176542,0.0012398277915665265,0.01109933879880916,0.16956013486479565,0.18249466042731838,-0.24570366800534793,0.10855306853675552,-0.22581701593557177,0.0710470935424974,0.14232282477552372,0.2779350467191927,-0.366329513910964,0.1870876673812918,0.19700913003734313,-0.04852629047028242
pabluccio,-0.08155016130018619,1,-0.08822548272220257,0.05494574905364713,0.3610296635750268,0.04686387790643038,-0.03771877774621629,-0.058211530724173004,0.37423340530271476,0.31636061949524974,-0.3666321298819183,0.2796366610715004,-0.2585838970290448,0.07801996049058227,-0.06760715560906862,0.28311792986032525,-0.34779771971733825,0.32000104255208367,0.1058699222411826,-0.08273595341259057
pabluccio,-0.23060148808962558,1,-0.08822548272220257,0.05494574905364713,0.3610296635750268,0.04686387790643038,-0.03771877774621629,-0.058211530724173004,0.37423340530271476,0.31636061949524974,-0.3666321298819183,0.2796366610715004,-0.2585838970290448,0.07801996049058227,-0.06760715560906862,0.28311792986032525,-0.34779771971733825,0.32000104255208367,0.1058699222411826,-0.08273595341259057
pabluccio,-0.12968719668302264,1,-0.05363247621416302,-0.028507028428118253,0.26244924733961295,0.0862423315847943,0.15862706869631624,0.17423683535090384,-0.01410038075784968,0.24352846068860576,-0.29595601782908615,-0.08827266582957394,-0.39518203317428374,-0.32040996862495963,0.3605701232740854,0.21902123755804903,-0.13324582235788915,-0.1049617668195398,0.31123134926531604,0.38358401938216563
pabluccio,-0.12787309230197402,1,-0.05363247621416302,-0.028507028428118253,0.26244924733961295,0.0862423315847943,0.15862706869631624,0.17423683535090384,-0.01410038075784968,0.24352846068860576,-0.29595601782908615,-0.08827266582957394,-0.39518203317428374,-0.32040996862495963,0.3605701232740854,0.21902123755804903,-0.13324582235788915,-0.1049617668195398,0.31123134926531604,0.38358401938216563
pabluccio,-0.27143044815762224,1,-0.05363247621416302,-0.028507028428118253,0.26244924733961295,0.0862423315847943,0.15862706869631624,0.17423683535090384,-0.01410038075784968,0.24352846068860576,-0.29595601782908615,-0.08827266582957394,-0.39518203317428374,-0.32040996862495963,0.3605701232740854,0.21902123755804903,-0.13324582235788915,-0.1049617668195398,0.31123134926531604,0.38358401938216563
pabluccio,-0.21256429134769714,1,-0.05363247621416302,-0.028507028428118253,0.26244924733961295,0.0862423315847943,0.15862706869631624,0.17423683535090384,-0.01410038075784968,0.24352846068860576,-0.29595601782908615,-0.08827266582957394,-0.39518203317428374,-0.32040996862495963,0.3605701232740854,0.21902123755804903,-0.13324582235788915,-0.1049617668195398,0.31123134926531604,0.38358401938216563
pabluccio,-0.21148794504429022,1,-0.05363247621416302,-0.028507028428118253,0.26244924733961295,0.0862423315847943,0.15862706869631624,0.17423683535090384,-0.01410038075784968,0.24352846068860576,-0.29595601782908615,-0.08827266582957394,-0.39518203317428374,-0.32040996862495963,0.3605701232740854,0.21902123755804903,-0.13324582235788915,-0.1049617668195398,0.31123134926531604,0.38358401938216563
pabluccio,-0.07883328664799742,1,-0.03690469441666318,0.2581141336960848,0.2265041710524675,0.040371638859187146,0.2474567354004449,-0.27426613412111495,-0.3074539795871629,0.19975176486308338,-0.11580331993619264,-0.06445359778138937,-0.21324592684469545,0.2463157494734905,0.2358957360673565,0.16489884032535723,-0.16867143864829667,-0.07219287084352079,0.32363811535628734,0.5130728935974502
pabluccio,0.0059080219941952845,2,-0.11870778073472828,0.4495642001849448,0.33101163130359795,0.01820894822199938,0.22844632405293863,-0.21700872618328698,-0.3236596595418684,0.2236822923200542,-0.12577069324515552,-0.0690618100900134,-0.20014045298022692,0.2391559328970652,0.22906818836413897,0.15767440947293754,-0.17388757303905475,-0.05728129612514987,0.3013154518861415,0.3167780305881435
pabluccio,-0.08729323251815542,2,-0.11870778073472828,0.4495642001849448,0.33101163130359795,0.01820894822199938,0.22844632405293863,-0.21700872618328698,-0.3236596595418684,0.2236822923200542,-0.12577069324515552,-0.0690618100900134,-0.20014045298022692,0.2391559328970652,0.22906818836413897,0.15767440947293754,-0.17388757303905475,-0.05728129612514987,0.3013154518861415,0.3167780305881435
pabluccio,-0.17123773463025002,2,0.23295277664264785,0.019067763330592236,-0.08515598540271643,0.17220543154209475,-0.22359132382469604,0.05032887121098504,-0.0987061733334866,-0.37832596754262077,0.41685943571084977,-0.3143403553748944,0.4453793409880674,-0.23999174901782355,0.2779022891094917,-0.021382835812441128,-0.1378188042881657,0.02008560760239085,-0.07639020749703457,-0.2675880764757923
pabluccio,-0.2148801372541771,2,0.23295277664264785,0.019067763330592236,-0.08515598540271643,0.17220543154209475,-0.22359132382469604,0.05032887121098504,-0.0987061733334866,-0.37832596754262077,0.41685943571084977,-0.3143403553748944,0.4453793409880674,-0.23999174901782355,0.2779022891094917,-0.021382835812441128,-0.1378188042881657,0.02008560760239085,-0.07639020749703457,-0.2675880764757923
pabluccio,-0.16334841082903023,2,0.2530680708059671,-0.13709872221492414,-0.13869973165822302,0.14775096346695946,0.11899140087456046,-0.2801739747678999,-0.09866941001058858,-0.21671733390992598,0.324305272160409,-0.2289760582174147,0.34948231438296623,-0.13827283580907745,-0.03960845477337873,-0.3924247544291134,0.11663732780863506,-0.07016805368191562,-0.5001426224768991,0.06030233710829858
pabluccio,-0.1997192707094025,2,0.2530680708059671,-0.13709872221492414,-0.13869973165822302,0.14775096346695946,0.11899140087456046,-0.2801739747678999,-0.09866941001058858,-0.21671733390992598,0.324305272160409,-0.2289760582174147,0.34948231438296623,-0.13827283580907745,-0.03960845477337873,-0.3924247544291134,0.11663732780863506,-0.07016805368191562,-0.5001426224768991,0.06030233710829858
pabluccio,-0.22578501673498752,2,0.2530680708059671,-0.13709872221492414,-0.13869973165822302,0.14775096346695946,0.11899140087456046,-0.2801739747678999,-0.09866941001058858,-0.21671733390992598,0.324305272160409,-0.2289760582174147,0.34948231438296623,-0.13827283580907745,-0.03960845477337873,-0.3924247544291134,0.11663732780863506,-0.07016805368191562,-0.5001426224768991,0.06030233710829858
pabluccio,-0.21177774075351305,2,0.2530680708059671,-0.13709872221492414,-0.13869973165822302,0.14775096346695946,0.11899140087456046,-0.2801739747678999,-0.09866941001058858,-0.21671733390992598,0.324305272160409,-0.2289760582174147,0.34948231438296623,-0.13827283580907745,-0.03960845477337873,-0.3924247544291134,0.11663732780863506,-0.07016805368191562,-0.5001426224768991,0.06030233710829858
pabluccio,-0.11309765193707179,2,0.12509376444565692,-0.2166139964716901,-0.2741505984053951,0.14686910416143753,0.04457658392432947,0.20753781839888405,0.03539115761769438,-0.22508964184372468,0.06369830749906588,0.007338854268591678,0.35484906206940364,-0.16236403176858494,-0.23938129375249118,-0.4464702244422001,0.37303711119454597,-0.1963844785132977,-0.37587748563847084,0.10810261600890214
pabluccio,0.1977561486585493,2,-0.09618588924726668,0.05578876131146168,0.2919942162919008,-0.10412924307001975,-0.07530751720319066,0.245831016202275,0.031856311491924603,-0.04115144980434704,-0.20599097823522414,-0.34918528192568576,-0.24469260815925237,0.06994118217165338,0.25330378273656556,0.5676288545669215,-0.16192525136333905,0.1595775059348023,0.3562634476586927,-0.16916669294419565
pabluccio,0.28615887579446797,2,-0.09618588924726668,0.05578876131146168,0.2919942162919008,-0.10412924307001975,-0.07530751720319066,0.245831016202275,0.031856311491924603,-0.04115144980434704,-0.20599097823522414,-0.34918528192568576,-0.24469260815925237,0.06994118217165338,0.25330378273656556,0.5676288545669215,-0.16192525136333905,0.1595775059348023,0.3562634476586927,-0.16916669294419565
pabluccio,0.20532974406943166,2,-0.09618588924726668,0.05578876131146168,0.2919942162919008,-0.10412924307001975,-0.07530751720319066,0.245831016202275,0.031856311491924603,-0.04115144980434704,-0.20599097823522414,-0.34918528192568576,-0.24469260815925237,0.06994118217165338,0.25330378273656556,0.5676288545669215,-0.16192525136333905,0.1595775059348023,0.3562634476586927,-0.16916669294419565
pabluccio,-0.13378527450164404,2,0.10597349958987166,-0.19418436868356492,-0.39779914464943583,0.13563228483331527,-0.017952557888357448,0.25027836668115866,0.12417831455324495,-0.18740585274105642,0.06025538412376854,-0.08035293471731617,0.2731461998900647,-0.16768720145954935,-0.29176133189807085,-0.35461752126441665,0.47789333877483764,0.04017827775063209,-0.3192437404067738,0.07288824228408922
pabluccio,-0.07629113476790025,2,-0.014614733481952392,-0.1860632033956877,-0.3063281687666921,0.11632710653729589,0.004429084215383396,0.21034246283505864,0.03296209191038208,-0.17605838044418295,0.3038365481640608,0.6777565473534064,0.20090389064790085,-0.11241845874263103,-0.041780774859505584,-0.14988322922821945,0.14191497551551552,-0.1552312055344048,-0.3234447508906595,0.060965165660089735
pabluccio,-0.07831030959065713,2,-0.014614733481952392,-0.1860632033956877,-0.3063281687666921,0.11632710653729589,0.004429084215383396,0.21034246283505864,0.03296209191038208,-0.17605838044418295,0.3038365481640608,0.6777565473534064,0.20090389064790085,-0.11241845874263103,-0.041780774859505584,-0.14988322922821945,0.14191497551551552,-0.1552312055344048,-0.3234447508906595,0.060965165660089735
pabluccio,-0.07570925099372991,2,-0.014614733481952392,-0.1860632033956877,-0.3063281687666921,0.11632710653729589,0.004429084215383396,0.21034246283505864,0.03296209191038208,-0.17605838044418295,0.3038365481640608,0.6777565473534064,0.20090389064790085,-0.11241845874263103,-0.041780774859505584,-0.14988322922821945,0.14191497551551552,-0.1552312055344048,-0.3234447508906595,0.060965165660089735
pabluccio,-0.2205200357513394,2,-0.014614733481952392,-0.1860632033956877,-0.3063281687666921,0.11632710653729589,0.004429084215383396,0.21034246283505864,0.03296209191038208,-0.17605838044418295,0.3038365481640608,0.6777565473534064,0.20090389064790085,-0.11241845874263103,-0.041780774859505584,-0.14988322922821945,0.14191497551551552,-0.1552312055344048,-0.3234447508906595,0.060965165660089735
pabluccio,-0.21892254548137347,2,-0.014614733481952392,-0.1860632033956877,-0.3063281687666921,0.11632710653729589,0.004429084215383396,0.21034246283505864,0.03296209191038208,-0.17605838044418295,0.3038365481640608,0.6777565473534064,0.20090389064790085,-0.11241845874263103,-0.041780774859505584,-0.14988322922821945,0.14191497551551552,-0.1552312055344048,-0.3234447508906595,0.060965165660089735
pabluccio,-0.22184891423917508,2,-0.014614733481952392,-0.1860632033956877,-0.3063281687666921,0.11632710653729589,0.004429084215383396,0.21034246283505864,0.03296209191038208,-0.17605838044418295,0.3038365481640608,0.6777565473534064,0.20090389064790085,-0.11241845874263103,-0.041780774859505584,-0.14988322922821945,0.14191497551551552,-0.1552312055344048,-0.3234447508906595,0.060965165660089735
pabluccio,-0.13421733925613252,2,0.22045362781813702,-0.2443541266041097,-0.3555968285346983,0.13965624280026018,-0.11982252842504337,0.2479185438354332,0.10759916667759734,-0.2309646015606722,0.08917755536344207,-0.2010849497379515,0.2745620342216522,-0.17619966368654583,-0.15959408150724358,-0.3129586359560192,0.40540954824319675,-0.2139316919916814,-0.33670070719809836,0.05720294207060046
pabluccio,0.12435304767249769,2,-0.1831583114600168,0.248752855170562,0.34285671800761014,-0.145840518286466,0.11245099155149796,-0.25976354893341747,-0.10406955243327919,0.05220233931277798,-0.00852093276389606,0.2095684607980472,-0.2746870520574544,0.11266616809450257,0.15618681526902636,0.4814021087717525,-0.3691091696184674,-0.024851553371871435,0.37032010013147815,-0.09899659735401607
pabluccio,-0.0665273080302455,2,-0.013711428239668144,-0.2054740155219191,-0.3404268763537424,0.11454180941919945,-0.007224869593316517,0.20146233307830197,-0.0010298210544368467,-0.3512880406765628,0.2649620411835812,-0.17970875651186005,0.18443649768585213,-0.1560983983623874,0.06514499694669149,0.008664290183054098,0.05177760568283026,0.6246475299992131,-0.3262862566097569,-0.0027842260490566406
pabluccio,-0.21677289646079592,2,-0.013711428239668144,-0.2054740155219191,-0.3404268763537424,0.11454180941919945,-0.007224869593316517,0.20146233307830197,-0.0010298210544368467,-0.3512880406765628,0.2649620411835812,-0.17970875651186005,0.18443649768585213,-0.1560983983623874,0.06514499694669149,0.008664290183054098,0.05177760568283026,0.6246475299992131,-0.3262862566097569,-0.0027842260490566406
pabluccio,-0.1852312860928972,2,0.31285775034700386,-0.25294556302549576,-0.37908672716886815,0.13384615455447657,-0.21925519482416708,0.1720321106235006,0.19003757274794775,0.04827361470836621,-0.12343496606759732,-0.166646109593375,0.20395212665283174,-0.0607259370933139,-0.18001296544211365,-0.4411131594863962,0.39036115125133936,0.08044210097492929,-0.28420626008400796,0.07417445877392846
pabluccio,-0.1269390885057187,2,0.2547164258092649,-0.1977906787742547,-0.25325447977548343,0.12062832776731237,-0.512442100158831,0.18082015686675135,0.30484568985381777,-0.44060220184490706,0.29766749598257103,-0.05589195130257398,0.1323072497024599,-0.055251133007124774,0.11180833078731457,0.029236268152529617,0.09720267022216754,0.04054865354485504,-0.3112613496979218,-0.03654514953418721
pabluccio,0.001132628839130437,2,0.266493868533181,-0.1314388018359397,-0.15166137571784155,0.0904173909602253,-0.2581049447244657,0.09020171402676745,0.2819553307530678,-0.35027673924867136,0.20574911825289582,-0.040682059612296026,0.09308631429584256,-0.032187833293789436,0.048302711181993724,-2.765815705250563e-05,0.16882233848523712,0.6800055519875425,-0.23722306486136144,-0.019389471174462863
pabluccio,0.0026349973823272693,2,0.266493868533181,-0.1314388018359397,-0.15166137571784155,0.0904173909602253,-0.2581049447244657,0.09020171402676745,0.2819553307530678,-0.35027673924867136,0.20574911825289582,-0.040682059612296026,0.09308631429584256,-0.032187833293789436,0.048302711181993724,-2.765815705250563e-05,0.16882233848523712,0.6800055519875425,-0.23722306486136144,-0.019389471174462863
pabluccio,-0.08595013636000284,2,0.266493868533181,-0.1314388018359397,-0.15166137571784155,0.0904173909602253,-0.2581049447244657,0.09020171402676745,0.2819553307530678,-0.35027673924867136,0.20574911825289582,-0.040682059612296026,0.09308631429584256,-0.032187833293789436,0.048302711181993724,-2.765815705250563e-05,0.16882233848523712,0.6800055519875425,-0.23722306486136144,-0.019389471174462863
pabluccio,-0.0009050136273200185,2,0.266493868533181,-0.1314388018359397,-0.15166137571784155,0.0904173909602253,-0.2581049447244657,0.09020171402676745,0.2819553307530678,-0.35027673924867136,0.20574911825289582,-0.040682059612296026,0.09308631429584256,-0.032187833293789436,0.048302711181993724,-2.765815705250563e-05,0.16882233848523712,0.6800055519875425,-0.23722306486136144,-0.019389471174462863
pabluccio,-0.17588650019396282,2,0.071923239565742,-0.021621910650987064,0.09172216287110924,0.09773401486928872,0.3046837885852033,-0.36808428143023086,0.5669178609115221,0.15093387367674882,-0.0023786701679967444,-0.0429577174219396,-0.2157856845082427,0.14720380634587546,-0.5349936096132034,0.10055148880728342,-0.08356834893230108,0.07919235411344717,0.10192146776607466,-0.11766141996102564
pabluccio,-0.2105596467266599,2,0.071923239565742,-0.021621910650987064,0.09172216287110924,0.09773401486928872,0.3046837885852033,-0.36808428143023086,0.5669178609115221,0.15093387367674882,-0.0023786701679967444,-0.0429577174219396,-0.2157856845082427,0.14720380634587546,-0.5349936096132034,0.10055148880728342,-0.08356834893230108,0.07919235411344717,0.10192146776607466,-0.11766141996102564
pabluccio,-0.255359506933597,2,0.071923239565742,-0.021621910650987064,0.09172216287110924,0.09773401486928872,0.3046837885852033,-0.36808428143023086,0.5669178609115221,0.15093387367674882,-0.0023786701679967444,-0.0429577174219396,-0.2157856845082427,0.14720380634587546,-0.5349936096132034,0.10055148880728342,-0.08356834893230108,0.07919235411344717,0.10192146776607466,-0.11766141996102564
pabluccio,-0.07434227789857697,2,-0.012475456101055273,0.042608610466995045,0.2470371794141221,0.06288980288055554,0.13309250654387111,-0.11272540239665034,0.33792031190970023,0.33805700938382194,-0.41661905475904676,0.23482567363913298,-0.23854730928362894,0.1813787121037408,0.08214446069949476,0.29709292511690566,-0.38347720519983214,0.2470936202173056,0.14188635069392025,-0.17994942245253498
pabluccio,0.09329242259804862,2,0.034414241228145695,-0.3708579160970953,-0.1831766645917873,-0.038234439460176545,-0.18948633287342256,0.2940012808669705,0.3217903659553817,-0.26500275308284654,0.21186552690226845,0.07778503378934619,0.2341335881252861,-0.2873172824431985,-0.2436753786881033,-0.2062013075132767,0.2287936444790582,0.07917319010001761,-0.3221486609851986,0.27847541217901994
pabluccio,0.012736417449611409,3,-0.06452831998851932,0.46177264455733236,0.3516674937282448,0.03776426277928081,0.12560061344289336,-0.14803141523965807,-0.23206773590792,0.2993221199459432,-0.19649601109007697,-0.10853586385512329,-0.23860803828488786,0.28065929421653246,0.25930148082749227,0.20415671137040164,-0.19676447792883744,-0.07437787890548324,0.26977842323313306,-0.25362940860761146
pabluccio,-0.09967245168874211,3,-0.06452831998851932,0.46177264455733236,0.3516674937282448,0.03776426277928081,0.12560061344289336,-0.14803141523965807,-0.23206773590792,0.2993221199459432,-0.19649601109007697,-0.10853586385512329,-0.23860803828488786,0.28065929421653246,0.25930148082749227,0.20415671137040164,-0.19676447792883744,-0.07437787890548324,0.26977842323313306,-0.25362940860761146
pabluccio,0.015511657392768973,3,0.22864348086328548,-0.1714590541183464,-0.10595405217114756,0.10557404886576899,-0.013126302750732836,-0.07483604536528146,-0.1397922167316687,-0.13136214583056632,0.37085710620254053,0.7503016958440994,0.1751778160187855,-0.06880814059638798,0.2708738067808203,0.04350653106428265,-0.08440703562052351,-0.058432273483629456,0.054695941733609456,-0.1693392528313071
pabluccio,-0.09690358483807708,3,0.22864348086328548,-0.1714590541183464,-0.10595405217114756,0.10557404886576899,-0.013126302750732836,-0.07483604536528146,-0.1397922167316687,-0.13136214583056632,0.37085710620254053,0.7503016958440994,0.1751778160187855,-0.06880814059638798,0.2708738067808203,0.04350653106428265,-0.08440703562052351,-0.058432273483629456,0.054695941733609456,-0.1693392528313071
pabluccio,-0.00848353103773858,3,0.22864348086328548,-0.1714590541183464,-0.10595405217114756,0.10557404886576899,-0.013126302750732836,-0.07483604536528146,-0.1397922167316687,-0.13136214583056632,0.37085710620254053,0.7503016958440994,0.1751778160187855,-0.06880814059638798,0.2708738067808203,0.04350653106428265,-0.08440703562052351,-0.058432273483629456,0.054695941733609456,-0.1693392528313071
pabluccio,-0.41464378110477407,3,-0.04033809980747237,-0.236020410915096,-0.2163942158762078,0.13256503021230145,-0.03838207472037881,0.22936561087805846,-0.09923045013673872,-0.1671613153582054,0.28401347033926394,-0.1944542249395813,0.2393822540359672,-0.09607654307859516,0.2567724849510644,0.30566388480294193,-0.19336943844058374,0.5462785057772761,-0.31130889325928085,-0.09642380415201378
pabluccio,-0.09164693840076035,3,-0.1315898931981937,-0.37517305985448784,-0.27422381567641635,0.2054620916502363,0.04802671297087491,0.35212623357541767,0.01495855244731615,0.09628525853906843,0.27822300254857574,-0.24130878746365692,0.3013399395421483,-0.014972782695811322,0.17396888624326773,0.05126240065422431,-0.15615325988441556,-0.2575092498187312,-0.4876562670998464,-0.025640484526215156
pabluccio,-0.25508181416823,3,-0.1315898931981937,-0.37517305985448784,-0.27422381567641635,0.2054620916502363,0.04802671297087491,0.35212623357541767,0.01495855244731615,0.09628525853906843,0.27822300254857574,-0.24130878746365692,0.3013399395421483,-0.014972782695811322,0.17396888624326773,0.05126240065422431,-0.15615325988441556,-0.2575092498187312,-0.4876562670998464,-0.025640484526215156
pabluccio,-0.4261235539785534,3,-0.025087322156035447,-0.25896369317036616,-0.18470279798283248,0.1459672818537274,0.06940612471492977,0.2559806791144207,0.12877114260019965,0.3149485700189005,-0.07704231277295191,0.4934077776100837,0.19428192799419486,0.07574361003525854,-0.15731779699757298,-0.40971305261965535,0.13663462023461004,-0.1694413797914604,-0.37909132072003987,0.11914828573812532
pabluccio,0.18479971153105562,3,-0.13874566195496804,0.28929292963504993,0.18269827951111978,-0.15473128255801863,0.1814979243063732,-0.2684301599111672,-0.06836724237700453,-0.2840864894828872,0.28243692012242316,0.20451165331975338,-0.17618449098716288,-0.06388996938228567,0.3042022101969054,0.3424023118182123,-0.3819203418273923,0.20571224183431974,0.30164408701751333,-0.060800165734610084
pabluccio,0.1230266073278804,3,-0.13874566195496804,0.28929292963504993,0.18269827951111978,-0.15473128255801863,0.1814979243063732,-0.2684301599111672,-0.06836724237700453,-0.2840864894828872,0.28243692012242316,0.20451165331975338,-0.17618449098716288,-0.06388996938228567,0.3042022101969054,0.3424023118182123,-0.3819203418273923,0.20571224183431974,0.30164408701751333,-0.060800165734610084
pabluccio,0.2087252960572292,3,-0.13874566195496804,0.28929292963504993,0.18269827951111978,-0.15473128255801863,0.1814979243063732,-0.2684301599111672,-0.06836724237700453,-0.2840864894828872,0.28243692012242316,0.20451165331975338,-0.17618449098716288,-0.06388996938228567,0.3042022101969054,0.3424023118182123,-0.3819203418273923,0.20571224183431974,0.30164408701751333,-0.060800165734610084
pabluccio,-0.014200913552553417,3,-0.13874566195496804,0.28929292963504993,0.18269827951111978,-0.15473128255801863,0.1814979243063732,-0.2684301599111672,-0.06836724237700453,-0.2840864894828872,0.28243692012242316,0.20451165331975338,-0.17618449098716288,-0.06388996938228567,0.3042022101969054,0.3424023118182123,-0.3819203418273923,0.20571224183431974,0.30164408701751333,-0.060800165734610084
pabluccio,-0.15968635070071227,3,-0.12194385012135289,-0.22636658425643189,-0.11418718138336927,0.12672167746878063,-0.1457521951036044,0.22544427045756213,-0.055787365315141904,-0.3136548292285427,0.15006357913816595,-0.1686970639507932,0.28396392240808244,-0.17534006159197285,0.26651026735040884,0.27327010896038223,-0.1481230919275539,0.5638132465902632,-0.27131071247656646,-0.09865768485226552
pabluccio,-0.331572021556184,3,-0.12194385012135289,-0.22636658425643189,-0.11418718138336927,0.12672167746878063,-0.1457521951036044,0.22544427045756213,-0.055787365315141904,-0.3136548292285427,0.15006357913816595,-0.1686970639507932,0.28396392240808244,-0.17534006159197285,0.26651026735040884,0.27327010896038223,-0.1481230919275539,0.5638132465902632,-0.27131071247656646,-0.09865768485226552
pabluccio,-0.17469341980147546,3,-0.257636347764657,-0.3929753212481727,-0.12018207229769556,0.20553135273070133,-0.03339346915624519,0.35933524498019626,-0.029968306129838487,0.049278253267769634,0.24713063789866818,-0.28596589175759135,0.27944210162286703,-0.021317541473152693,0.24620466886015888,-0.03285723820290283,-0.12407678008443607,-0.24716872895531358,-0.4788685817250639,0.007238875886262808
pabluccio,-0.2252407851828077,3,-0.257636347764657,-0.3929753212481727,-0.12018207229769556,0.20553135273070133,-0.03339346915624519,0.35933524498019626,-0.029968306129838487,0.049278253267769634,0.24713063789866818,-0.28596589175759135,0.27944210162286703,-0.021317541473152693,0.24620466886015888,-0.03285723820290283,-0.12407678008443607,-0.24716872895531358,-0.4788685817250639,0.007238875886262808
pabluccio,0.18642398161406237,3,-0.12961694154028428,0.33406929455898693,0.02558698666353686,-0.16795619699599162,0.28926479659061266,-0.2925503442003866,-0.12089869401975925,-0.26865183012612975,0.34810177283662175,0.2108219808674926,-0.1268033660459681,-0.05842919926108216,0.21122537344822145,0.2820883062155993,-0.33942569747784984,0.22076126780158103,0.3338697851751437,-0.04432705458600152
pabluccio,0.10447902118445318,3,-0.12961694154028428,0.33406929455898693,0.02558698666353686,-0.16795619699599162,0.28926479659061266,-0.2925503442003866,-0.12089869401975925,-0.26865183012612975,0.34810177283662175,0.2108219808674926,-0.1268033660459681,-0.05842919926108216,0.21122537344822145,0.2820883062155993,-0.33942569747784984,0.22076126780158103,0.3338697851751437,-0.04432705458600152
pabluccio,0.20902608641081913,3,-0.12961694154028428,0.33406929455898693,0.02558698666353686,-0.16795619699599162,0.28926479659061266,-0.2925503442003866,-0.12089869401975925,-0.26865183012612975,0.34810177283662175,0.2108219808674926,-0.1268033660459681,-0.05842919926108216,0.21122537344822145,0.2820883062155993,-0.33942569747784984,0.22076126780158103,0.3338697851751437,-0.04432705458600152
pabluccio,-0.1426107522173931,3,-0.1430514015360489,-0.3327943619392708,0.03968678039484566,0.18734631062845483,-0.14114912199914909,0.3395855833793655,-0.0813704706396204,-0.05230054003575795,0.2191494077608248,-0.24298335400528212,0.2900565983440723,-0.08065709834912362,0.38496702782731945,0.22421097769956694,-0.23478494371494243,-0.25384654443861565,-0.40029864155931805,-0.10740390628243146
pabluccio,-0.18870546382461117,3,0.21746983644400075,-0.2856762194809024,-0.0909208485584217,0.15819840916943673,-0.2951756654020581,0.28771487611473917,0.2205055720648991,0.284323557571432,-0.3700277030200665,-0.1905985867020283,0.11170362138518335,0.06751978487413945,-0.18934012876459855,-0.24274140920827683,0.3206533966904553,-0.21743915402541555,-0.31988800019225716,0.030769733330364087
pabluccio,-0.1357833285424877,3,0.21746983644400075,-0.2856762194809024,-0.0909208485584217,0.15819840916943673,-0.2951756654020581,0.28771487611473917,0.2205055720648991,0.284323557571432,-0.3700277030200665,-0.1905985867020283,0.11170362138518335,0.06751978487413945,-0.18934012876459855,-0.24274140920827683,0.3206533966904553,-0.21743915402541555,-0.31988800019225716,0.030769733330364087
pabluccio,-0.20084538025831145,3,0.21746983644400075,-0.2856762194809024,-0.0909208485584217,0.15819840916943673,-0.2951756654020581,0.28771487611473917,0.2205055720648991,0.284323557571432,-0.3700277030200665,-0.1905985867020283,0.11170362138518335,0.06751978487413945,-0.18934012876459855,-0.24274140920827683,0.3206533966904553,-0.21743915402541555,-0.31988800019225716,0.030769733330364087
pabluccio,0.06324093477388816,3,0.02960126939188179,-0.16129733483606887,-0.08314655114342563,0.0882902737553659,-0.5373874109075156,0.1645300604921909,0.18361551108608268,-0.4657022757434537,0.24975169141018533,-0.005779363714263878,0.15227347028196955,-0.0454067625596192,0.25945567045673573,0.34637179106869365,-0.16018690286522946,0.24314413948829566,-0.1412158647871447,-0.11081509715225943
pabluccio,-0.1475790295752204,3,0.02960126939188179,-0.16129733483606887,-0.08314655114342563,0.0882902737553659,-0.5373874109075156,0.1645300604921909,0.18361551108608268,-0.4657022757434537,0.24975169141018533,-0.005779363714263878,0.15227347028196955,-0.0454067625596192,0.25945567045673573,0.34637179106869365,-0.16018690286522946,0.24314413948829566,-0.1412158647871447,-0.11081509715225943
pabluccio,-0.1111100912987807,3,0.02960126939188179,-0.16129733483606887,-0.08314655114342563,0.0882902737553659,-0.5373874109075156,0.1645300604921909,0.18361551108608268,-0.4657022757434537,0.24975169141018533,-0.005779363714263878,0.15227347028196955,-0.0454067625596192,0.25945567045673573,0.34637179106869365,-0.16018690286522946,0.24314413948829566,-0.1412158647871447,-0.11081509715225943
pabluccio,-0.21635130887670978,3,0.02960126939188179,-0.16129733483606887,-0.08314655114342563,0.0882902737553659,-0.5373874109075156,0.1645300604921909,0.18361551108608268,-0.4657022757434537,0.24975169141018533,-0.005779363714263878,0.15227347028196955,-0.0454067625596192,0.25945567045673573,0.34637179106869365,-0.16018690286522946,0.24314413948829566,-0.1412158647871447,-0.11081509715225943
pabluccio,-0.1651262383988799,3,-0.11421715234051782,-0.07521613697660201,0.07178082159454237,0.09591838111267897,0.5422326202219548,0.17147141868117477,0.363086682902735,0.1194412021513339,-0.015730936745457693,-0.039881722438263406,-0.26018846699949,0.214546478693249,-0.5908432883394537,-0.08808114104914117,0.05129313045228859,0.09692859788710123,0.05171268483127725,-0.10152185884845605
pabluccio,-0.23075432017898342,3,-0.11421715234051782,-0.07521613697660201,0.07178082159454237,0.09591838111267897,0.5422326202219548,0.17147141868117477,0.363086682902735,0.1194412021513339,-0.015730936745457693,-0.039881722438263406,-0.26018846699949,0.214546478693249,-0.5908432883394537,-0.08808114104914117,0.05129313045228859,0.09692859788710123,0.05171268483127725,-0.10152185884845605
pabluccio,-0.07371823905215734,3,-0.07694345814895398,0.0746957347258882,0.2780244484021678,0.0520480518277831,0.1062565670254296,0.08762758982334097,0.34517706141784893,0.3414412194552058,-0.3886922976446638,0.26032194467004194,-0.19393357669668135,0.1325974274810997,0.0066792454361589,0.31847537603202686,-0.4193913592516008,0.2881228945273574,0.08469481603700735,-0.11047834307856043
pabluccio,0.25817694163545496,3,-0.026764094170056096,-0.41683027138414924,-0.3003122173523431,-0.02376255404785912,-0.10118996019678976,0.3349459149987144,0.40211311261484983,-0.24645435246845163,-0.041476506029872164,0.07435846111645651,0.2389662139533768,-0.26955381816611906,-0.19776891947132952,-0.2631675192545067,0.24878302581116798,0.10687164650400284,-0.1697011032540453,0.2059731889208157
SADAX,-0.11670677915223981,1,-0.11245616676695143,0.24251790674960305,0.08855963156955947,0.3266056945339048,0.1098235368430043,0.08050857780797503,-0.40878099728261025,0.15082497744242326,-0.10067561152107314,-0.12765995125423785,-0.37751861637936873,-0.5677005210647277,-0.16942277890567733,-0.09149131175687812,0.11717296115660293,-0.06704417284905312,0.06442199707382537,-0.23440453170975792
SADAX,-0.11284477687864743,1,0.0669418127924253,-0.19757895933054803,-0.3859469340930266,-0.32325059946273527,-0.07609839165651318,0.1693517160377511,-0.2684096573315972,-0.13808794144821585,0.03652472785110487,-0.03442483669927592,-0.18720821289506476,-0.4546838215116344,0.37002940668575013,-0.25994345922667805,0.1598784543587721,-0.07821800165316135,-0.3087335976029324,0.04075510015293138
SADAX,-0.12382534320440693,1,-0.1124444968260568,-0.274932982790162,-0.23258129315433565,-0.2909739968192136,-0.09985726109554867,-0.07532794288646052,-0.24634325077074715,-0.5022790052154814,0.4756349492893726,-0.1842083178050038,0.2986690835019612,-0.07835283673372355,0.2500388186132508,0.027015673031556088,0.05282579106040279,-0.014815133243431413,-0.1395137913199771,-0.05626803675355979
SADAX,-0.12086041379051059,1,0.110694187700923,-0.24743720533612623,-0.13718940165349885,-0.34116823994630324,-0.04889511049430615,-0.09083381330298942,-0.2864459302388377,-0.15687534917995108,0.25108976166339775,-0.1734088788144531,0.35137114675464676,0.0003395681757042482,0.34781572034953445,-0.22129982840790635,0.438623690895192,-0.20369462481608233,-0.22886205006111582,0.03484668249711376
SADAX,-0.15002112863249145,1,-0.07032173991597478,-0.26864217857679096,-0.1381187730467127,-0.343187898103643,-0.16132425632706468,-0.08481455949473102,-0.2574115388737312,-0.38323950889717145,0.5624602973520505,-0.09719179246381765,0.3492509128178528,-0.009400516391188359,0.12604126614530065,0.1747912881412335,0.03275016446629824,-0.12125206273437261,-0.11048558269003342,-0.1318588700811115
SADAX,0.005445048213111276,1,0.32309738186607356,-0.2958764452163841,-0.10995411561009125,-0.2745548910435979,-0.04799143730519859,-0.07746026009778277,-0.18284333263123867,0.1497430438372785,0.07651988469631524,-0.14890283491098016,0.21433850371443605,0.1194191583145525,0.32380526959624367,-0.4979896856962869,0.3358553475218607,-0.17108013974959577,-0.25211300755256283,0.09867080809815633
SADAX,-0.12057443224646473,1,0.32309738186607356,-0.2958764452163841,-0.10995411561009125,-0.2745548910435979,-0.04799143730519859,-0.07746026009778277,-0.18284333263123867,0.1497430438372785,0.07651988469631524,-0.14890283491098016,0.21433850371443605,0.1194191583145525,0.32380526959624367,-0.4979896856962869,0.3358553475218607,-0.17108013974959577,-0.25211300755256283,0.09867080809815633
SADAX,-0.15602988960928835,1,0.04755517187261446,-0.17204436574587162,-0.03662788930769761,-0.24635634010335222,-0.24986801163167274,0.11454660905950377,0.39710355013195253,-0.48900250562250197,0.33032323517371454,-0.023238345885579426,0.3897178535589835,-0.034056829231721535,-0.026867740866216898,0.30127200734836135,-0.1233859496719232,-0.12153703150998586,0.06954128066886679,-0.2114833343195857
SADAX,-0.18176017732868036,1,-0.20478281084283945,-0.04004465181157993,0.010998504554200683,0.07308404138315353,0.2480604416387337,0.679708002341728,0.1546099312960919,0.02776578685464981,0.12551277502799818,-0.027851146575837864,-0.057220469413822424,0.16811233155494099,-0.1773080647714142,-0.13653979194365964,0.1074237574103858,0.04908252817840294,0.5208719153024522,0.13922357886096573
SADAX,-0.1275105072311095,1,-0.20478281084283945,-0.04004465181157993,0.010998504554200683,0.07308404138315353,0.2480604416387337,0.679708002341728,0.1546099312960919,0.02776578685464981,0.12551277502799818,-0.027851146575837864,-0.057220469413822424,0.16811233155494099,-0.1773080647714142,-0.13653979194365964,0.1074237574103858,0.04908252817840294,0.5208719153024522,0.13922357886096573
SADAX,-0.34521036487187534,1,-0.20478281084283945,-0.04004465181157993,0.010998504554200683,0.07308404138315353,0.2480604416387337,0.679708002341728,0.1546099312960919,0.02776578685464981,0.12551277502799818,-0.027851146575837864,-0.057220469413822424,0.16811233155494099,-0.1773080647714142,-0.13653979194365964,0.1074237574103858,0.04908252817840294,0.5208719153024522,0.13922357886096573
SADAX,-0.10677347439165404,1,-0.07966023381311788,0.13787743259100016,0.19872396797679034,0.3020984614727868,0.2533029023871382,-0.060006589362444095,0.3036422840845016,0.14650692678745053,0.0350317281630861,-0.04148261303730999,-0.1514634089562154,0.23876520413022279,-0.08073763392006347,-0.05247276524493172,0.08914054331783516,0.16674610173908672,0.7272580270882014,0.07509186266518296
SADAX,-0.2625467030577214,1,-0.07966023381311788,0.13787743259100016,0.19872396797679034,0.3020984614727868,0.2533029023871382,-0.060006589362444095,0.3036422840845016,0.14650692678745053,0.0350317281630861,-0.04148261303730999,-0.1514634089562154,0.23876520413022279,-0.08073763392006347,-0.05247276524493172,0.08914054331783516,0.16674610173908672,0.7272580270882014,0.07509186266518296
SADAX,-0.06946128442830356,1,0.1893186211142842,0.3999023028744999,0.34239906904779055,0.20959722855642093,-0.13765865825599471,-0.0510652241177744,0.039913709863673236,0.2063289884423408,-0.29451277080762256,0.2728631698344524,-0.18906417425513253,0.08426474057439653,-0.10237824833179696,0.2525497637943407,-0.27391585788685824,0.08551732187956157,0.1942289994293308,0.4230574137626089
SADAX,-0.0770753507520609,1,0.2820197247797285,0.09048236459968795,-0.07092040822744695,0.22771930420658879,-0.5307148071341462,-0.04838055958117568,-0.06906658459010975,0.07718456433090563,-0.16835013076960534,-0.08597623259581966,-0.3986261100908228,-0.3047208565205006,0.25348246864851837,0.13682484374668766,-0.0885488826386363,-0.03378109289672817,0.08286897262682234,0.41755299924997624
SADAX,-0.2574552435174111,1,0.2820197247797285,0.09048236459968795,-0.07092040822744695,0.22771930420658879,-0.5307148071341462,-0.04838055958117568,-0.06906658459010975,0.07718456433090563,-0.16835013076960534,-0.08597623259581966,-0.3986261100908228,-0.3047208565205006,0.25348246864851837,0.13682484374668766,-0.0885488826386363,-0.03378109289672817,0.08286897262682234,0.41755299924997624
SADAX,-0.11377735531546372,1,-0.2808134323861924,0.24409022320527507,0.1619662267360737,0.3016021716770148,0.36359942334693396,-0.05856106709298825,-0.3348747755355612,0.11224529250649365,-0.06222644337390295,-0.12411394887166982,-0.35554819109943425,-0.43630802541200614,-0.30287356052933107,-0.03589188361822158,0.1144808330330335,-0.033321019768282535,0.09720729792953146,-0.17677994036528782
SADAX,-0.12507291092925166,2,-0.07220689160480782,0.22028430150724487,0.21752885916613693,0.3203049115593499,0.11070267436665196,-0.07489139212587899,-0.2961231389095326,0.11502116848151196,-0.07342122832574159,-0.12409944971553774,-0.42148920416556285,-0.5305258194083915,-0.20557629298888505,-0.07436106324826176,0.31432578404008205,-0.04579689348229217,0.0552526126273489,-0.21428983980307514
SADAX,-0.18485811759394655,2,0.2744830680328181,-0.22445845970156209,-0.056191351137047055,-0.3958185332623268,-0.17059874764850155,-0.10036584745058795,-0.11797390015121663,0.010551697176135431,-0.0034235778067432526,-0.015925163073770343,-0.39313653249667996,-0.39147474823544437,0.4589674168187408,-0.11424933210811143,0.14993795115347774,0.09150159616579176,-0.2962096650917306,-0.10425454704061606
SADAX,-0.32822091260453334,2,0.2744830680328181,-0.22445845970156209,-0.056191351137047055,-0.3958185332623268,-0.17059874764850155,-0.10036584745058795,-0.11797390015121663,0.010551697176135431,-0.0034235778067432526,-0.015925163073770343,-0.39313653249667996,-0.39147474823544437,0.4589674168187408,-0.11424933210811143,0.14993795115347774,0.09150159616579176,-0.2962096650917306,-0.10425454704061606
SADAX,-0.06096069886671956,2,0.20536673799077942,-0.3010744346582811,-0.3620290767832664,-0.32016358591988636,-0.1464023508684267,-0.07842543952679645,0.1331099613246704,-0.26687994527903053,0.2948145400842466,-0.15501105006635071,0.3344816003455092,-0.01127721152744725,0.3120980276350516,-0.25092584268056695,0.09514861634035576,-0.039918518471492984,-0.3490078201677926,0.036197102828610425
SADAX,-0.19786828258273953,2,0.03817244002955151,-0.20134153679907418,-0.13797563487790188,-0.2206107525759696,-0.19379429009631552,0.1545902511006781,0.5783103229870181,-0.449277047065547,0.274470785257058,-0.028200709634745167,0.3360008674421987,-0.04730473421442042,-0.059167128693167,0.24363400063975105,-0.0881598507480968,-0.09435462263163176,0.018079982321015802,-0.14637989985041144
SADAX,-0.15851737836630314,2,0.03817244002955151,-0.20134153679907418,-0.13797563487790188,-0.2206107525759696,-0.19379429009631552,0.1545902511006781,0.5783103229870181,-0.449277047065547,0.274470785257058,-0.028200709634745167,0.3360008674421987,-0.04730473421442042,-0.059167128693167,0.24363400063975105,-0.0881598507480968,-0.09435462263163176,0.018079982321015802,-0.14637989985041144
SADAX,-0.2063702740156881,2,0.03817244002955151,-0.20134153679907418,-0.13797563487790188,-0.2206107525759696,-0.19379429009631552,0.1545902511006781,0.5783103229870181,-0.449277047065547,0.274470785257058,-0.028200709634745167,0.3360008674421987,-0.04730473421442042,-0.059167128693167,0.24363400063975105,-0.0881598507480968,-0.09435462263163176,0.018079982321015802,-0.14637989985041144
SADAX,-0.1499843965921907,2,-0.06115430810710713,-0.10701700122723679,-0.06799626578591333,-0.1750643528536317,0.1670594652020879,0.7362005562152034,0.2424725105422853,0.059316156999744234,0.07442614441878266,-0.04336386964106267,-0.025889304517966182,0.13164865589477096,-0.07065664368349826,-0.2399912708899194,0.10542992513464737,0.015726278344512012,0.4471159197704558,0.13431359054490224
SADAX,-0.14928819774302277,2,-0.06115430810710713,-0.10701700122723679,-0.06799626578591333,-0.1750643528536317,0.1670594652020879,0.7362005562152034,0.2424725105422853,0.059316156999744234,0.07442614441878266,-0.04336386964106267,-0.025889304517966182,0.13164865589477096,-0.07065664368349826,-0.2399912708899194,0.10542992513464737,0.015726278344512012,0.4471159197704558,0.13431359054490224
SADAX,-0.14877082104017136,2,-0.06115430810710713,-0.10701700122723679,-0.06799626578591333,-0.1750643528536317,0.1670594652020879,0.7362005562152034,0.2424725105422853,0.059316156999744234,0.07442614441878266,-0.04336386964106267,-0.025889304517966182,0.13164865589477096,-0.07065664368349826,-0.2399912708899194,0.10542992513464737,0.015726278344512012,0.4471159197704558,0.13431359054490224
SADAX,-0.11855604082437363,2,-0.06115430810710713,-0.10701700122723679,-0.06799626578591333,-0.1750643528536317,0.1670594652020879,0.7362005562152034,0.2424725105422853,0.059316156999744234,0.07442614441878266,-0.04336386964106267,-0.025889304517966182,0.13164865589477096,-0.07065664368349826,-0.2399912708899194,0.10542992513464737,0.015726278344512012,0.4471159197704558,0.13431359054490224
SADAX,-0.2626942423328714,2,-0.06115430810710713,-0.10701700122723679,-0.06799626578591333,-0.1750643528536317,0.1670594652020879,0.7362005562152034,0.2424725105422853,0.059316156999744234,0.07442614441878266,-0.04336386964106267,-0.025889304517966182,0.13164865589477096,-0.07065664368349826,-0.2399912708899194,0.10542992513464737,0.015726278344512012,0.4471159197704558,0.13431359054490224
SADAX,-0.26231184799081675,2,-0.06115430810710713,-0.10701700122723679,-0.06799626578591333,-0.1750643528536317,0.1670594652020879,0.7362005562152034,0.2424725105422853,0.059316156999744234,0.07442614441878266,-0.04336386964106267,-0.025889304517966182,0.13164865589477096,-0.07065664368349826,-0.2399912708899194,0.10542992513464737,0.015726278344512012,0.4471159197704558,0.13431359054490224
SADAX,-0.2576207715561385,2,-0.06115430810710713,-0.10701700122723679,-0.06799626578591333,-0.1750643528536317,0.1670594652020879,0.7362005562152034,0.2424725105422853,0.059316156999744234,0.07442614441878266,-0.04336386964106267,-0.025889304517966182,0.13164865589477096,-0.07065664368349826,-0.2399912708899194,0.10542992513464737,0.015726278344512012,0.4471159197704558,0.13431359054490224
SADAX,0.05910586148744686,2,-0.003207098548295815,-0.0157025045786727,0.04791385544670037,0.13194215311961416,0.1310483710883165,-0.041143308207539406,0.244529827331608,0.14241705449899442,-0.038946319985687185,-0.06985119413773491,-0.06225482386938287,0.1329346805786276,0.014830179058789162,-0.15705068203163455,0.08363718693066331,0.02101888935262314,0.899545206613747,0.10792624948579663
SADAX,0.06794219121878356,2,-0.003207098548295815,-0.0157025045786727,0.04791385544670037,0.13194215311961416,0.1310483710883165,-0.041143308207539406,0.244529827331608,0.14241705449899442,-0.038946319985687185,-0.06985119413773491,-0.06225482386938287,0.1329346805786276,0.014830179058789162,-0.15705068203163455,0.08363718693066331,0.02101888935262314,0.899545206613747,0.10792624948579663
SADAX,-0.4254969955606353,2,-0.003207098548295815,-0.0157025045786727,0.04791385544670037,0.13194215311961416,0.1310483710883165,-0.041143308207539406,0.244529827331608,0.14241705449899442,-0.038946319985687185,-0.06985119413773491,-0.06225482386938287,0.1329346805786276,0.014830179058789162,-0.15705068203163455,0.08363718693066331,0.02101888935262314,0.899545206613747,0.10792624948579663
SADAX,-0.44827450806065405,2,-0.003207098548295815,-0.0157025045786727,0.04791385544670037,0.13194215311961416,0.1310483710883165,-0.041143308207539406,0.244529827331608,0.14241705449899442,-0.038946319985687185,-0.06985119413773491,-0.06225482386938287,0.1329346805786276,0.014830179058789162,-0.15705068203163455,0.08363718693066331,0.02101888935262314,0.899545206613747,0.10792624948579663
SADAX,0.1717665508479073,2,-0.06881124808903416,-0.1412032809537713,-0.2605643507993234,-0.3539187768092884,-0.1217001182810203,0.06627200689802086,-0.504112238295763,-0.3056746897287357,0.28427252507702283,-0.11646946144645641,0.1759525891183856,-0.24297802192998405,0.10788732552391267,-0.20403882652170408,0.09098098686172644,-0.3663958725563735,-0.033644666645288236,0.18467460090998114
SADAX,0.30229789980725624,2,-0.06881124808903416,-0.1412032809537713,-0.2605643507993234,-0.3539187768092884,-0.1217001182810203,0.06627200689802086,-0.504112238295763,-0.3056746897287357,0.28427252507702283,-0.11646946144645641,0.1759525891183856,-0.24297802192998405,0.10788732552391267,-0.20403882652170408,0.09098098686172644,-0.3663958725563735,-0.033644666645288236,0.18467460090998114
SADAX,-0.09772175282798082,2,0.11413832955494836,0.22722216893625946,0.33964054522975756,0.22227730993842176,-0.014165253476528326,-0.04492798906336056,0.07413554439509976,0.20771921777977126,-0.39144948247037137,0.41872163244022664,-0.06514089464654366,0.05647684473475227,-0.14507261991087209,0.2571512998674802,-0.41721892304597413,0.34417010310575114,0.0633880697796165,-0.0028334043629773607
SADAX,-0.1406187514807252,2,0.013873831179596226,-0.03054658861941416,0.2094546613390383,0.007438413306768139,-0.0008204756679785591,-0.10980939460437358,-0.005513750613484124,0.3002484125043485,-0.2083944502229424,-0.17890369337019774,-0.3131312862611629,0.49119930263687445,0.09269284623826221,0.3227215270442318,-0.23924495004301832,-0.09985035374288159,0.30238194842587707,-0.40812079720504946
SADAX,-0.122118484136388,2,-0.3498101946221076,0.25433725471220403,0.150041042617196,0.34370272104000343,0.38769206027807157,-0.058235455066758944,-0.31633135225506986,0.17465188540119836,-0.12663027879756109,-0.1102517726045787,-0.1673226098137187,0.3679926772347095,-0.3092491936190825,-0.048733210908700794,0.24243543894954098,-0.06353002838582181,0.07647627762134297,-0.172512150392366
SADAX,-0.12420949135190035,3,-0.08098960774205373,0.2533826405911571,0.3411392928522003,0.3874321643011747,0.08914834333631991,-0.0773087601631445,-0.2624451057795488,0.19084135709692518,-0.13434753038064687,-0.1248179342266168,-0.2488806989229447,0.42284361082182453,-0.18337170716073706,-0.046097939465534234,0.4184774607553931,-0.07957817794653207,0.04659651597406903,-0.22314050768192167
SADAX,-0.14133469327021603,3,0.10448328611497408,-0.30039271556393365,-0.35024069581102507,-0.44846693190263925,-0.1628285530037997,-0.11507317393272831,-0.3234258060787521,-0.08139503906132546,0.04176210232609898,-0.11902502573540676,0.11950125834795511,0.31061608185356326,0.31075383559394676,0.11596066555626985,-0.14867798653115744,0.041413410946517085,0.15619836155266714,-0.3730483241730198
SADAX,-0.1419638821373422,3,-0.10459920724508658,-0.3307365200822677,-0.5551836874993653,-0.3188836129673342,-0.05710558928714078,-0.08755358063737313,-0.1879492626519946,-0.24812555507565495,0.2828314440004759,-0.2023195452424726,0.3320439536001754,0.0048549787090215474,0.012082480993482428,-0.24708675332617372,-0.12871748647533499,-0.02884845566216386,-0.22828189789296197,-0.004929374819910033
SADAX,-0.14125300650114309,3,0.2219584601290103,-0.35092978030625666,-0.49526000707612144,-0.264173700531782,-0.04091488962069471,-0.06826941629283198,0.16355684247893207,0.14304006732721233,-0.0401942381758056,-0.17023903284254377,0.1552796305495421,0.11404047214905486,0.2660352964519166,-0.40504936441108647,0.25837856942874027,-0.16647179462203973,-0.2422208045496944,0.057179920659139405
SADAX,-0.1352229531582173,3,-0.23304720608174143,-0.33998920902686625,-0.29139279885182895,-0.26789526297112537,-0.058063252575983944,-0.0697156344061914,-0.3260665444951328,-0.4575728059203312,0.36654569761555345,-0.18110546000194452,0.3346349593203217,-0.06807519840979638,-0.15348636321506695,0.11916712637488937,-0.0120286728727875,-0.11574328200342773,-0.02789966647531157,-0.116818864439084
SADAX,-0.5515305266336681,3,0.1266919106592613,-0.2831482773776739,-0.25899557521652555,-0.22009956636295175,0.045686423292390935,-0.07048087626924918,0.10610459219767972,0.23970660010427286,-0.05470665363910278,-0.15353240085539085,0.11977952835652432,0.1274218389454415,0.177057339218165,-0.577717260293882,0.051831406978275714,0.4404749067818314,-0.247062238540502,0.18022775920330916
SADAX,-0.1481079518153738,3,0.23708684058490495,-0.3304621989911263,-0.3209341246914976,-0.2753756709810297,-0.05015695212826749,-0.07238779662022791,0.41403935227075694,0.1600953682755577,-0.07093027069176905,-0.16585918912706724,0.16092545216703258,0.0948955612562537,0.247842340462283,-0.38885783214208997,0.25295403945677936,-0.17673962030729323,-0.2660374901998544,0.06972732435631665
SADAX,0.16789160460904434,3,0.04477230473268208,0.21054007301635558,0.1756849872408649,0.23052824702991626,0.19772582952405143,-0.16351062318847553,-0.4988501155830096,0.4653738907099516,-0.2396075180578847,0.049728487291474964,-0.37428324444129696,0.07251863252879812,0.18211856720789413,-0.2504640617307244,0.07860179808958735,-0.012141909312139383,-0.05768482956735219,0.16619294875424806
SADAX,0.05988502973404298,3,-0.17138305909439838,-0.11132141076744828,-0.09147143337401066,-0.1853365539967326,0.1363849679925771,0.7139838892092167,0.29183711006508095,-0.08293097125073819,0.20768023004407982,-0.07062413911961868,0.08089960332886673,0.06557732608356788,-0.054960584455408606,-0.2879871117005883,0.17568965683169926,-0.06653896329947843,-0.3256287435370262,0.0940682849152607
SADAX,-0.19688549280168421,3,-0.17138305909439838,-0.11132141076744828,-0.09147143337401066,-0.1853365539967326,0.1363849679925771,0.7139838892092167,0.29183711006508095,-0.08293097125073819,0.20768023004407982,-0.07062413911961868,0.08089960332886673,0.06557732608356788,-0.054960584455408606,-0.2879871117005883,0.17568965683169926,-0.06653896329947843,-0.3256287435370262,0.0940682849152607
SADAX,-0.10388193998674569,3,-0.17138305909439838,-0.11132141076744828,-0.09147143337401066,-0.1853365539967326,0.1363849679925771,0.7139838892092167,0.29183711006508095,-0.08293097125073819,0.20768023004407982,-0.07062413911961868,0.08089960332886673,0.06557732608356788,-0.054960584455408606,-0.2879871117005883,0.17568965683169926,-0.06653896329947843,-0.3256287435370262,0.0940682849152607
SADAX,-0.20219001983685334,3,-0.17138305909439838,-0.11132141076744828,-0.09147143337401066,-0.1853365539967326,0.1363849679925771,0.7139838892092167,0.29183711006508095,-0.08293097125073819,0.20768023004407982,-0.07062413911961868,0.08089960332886673,0.06557732608356788,-0.054960584455408606,-0.2879871117005883,0.17568965683169926,-0.06653896329947843,-0.3256287435370262,0.0940682849152607
SADAX,-0.07219923043432551,3,0.019112211710273098,0.1673406438259227,0.24656402030369037,0.1936467965089813,0.04897823299898709,-0.03711839069729175,-0.0416958151011627,0.16431042682512698,-0.4015397288783057,0.34089556223826833,0.06396074051980165,-0.060977780702963315,-0.17214379301571595,0.20878205175779294,-0.4932970598419778,0.46716699271494494,0.015343799159384447,0.14327169777190896
SADAX,-0.21707785215086864,3,0.019112211710273098,0.1673406438259227,0.24656402030369037,0.1936467965089813,0.04897823299898709,-0.03711839069729175,-0.0416958151011627,0.16431042682512698,-0.4015397288783057,0.34089556223826833,0.06396074051980165,-0.060977780702963315,-0.17214379301571595,0.20878205175779294,-0.4932970598419778,0.46716699271494494,0.015343799159384447,0.14327169777190896
SADAX,-0.10940963645860595,3,-0.5553246669299373,0.208456621955033,0.11879692511921694,0.19992526676693773,0.40246032486660305,-0.034809639577666696,0.04720809541230266,0.1824292123750555,-0.14515204932281095,0.2894265666456665,-0.07058533268397929,0.1872522449614427,-0.45955365760139594,-0.02264607783534236,0.04136152621214477,-0.0314931613209428,0.13928723597667442,-0.129205254901915
grims,0.0016644334941439067,1,0.2117996770569078,0.3114298085561853,0.42897750667213747,0.17594497524140099,0.21067024032579434,0.06442310850130076,0.05286085569409954,0.22509311053983833,0.41181817449642283,0.17019988853330845,0.15354220733560364,0.12861674686680818,-0.3269498956875504,0.17066647170690072,0.3094738376525611,-0.06840331156119714,-0.18564977968572513,-0.1776476663683101
grims,-0.060949368146175506,1,0.2117996770569078,0.3114298085561853,0.42897750667213747,0.17594497524140099,0.21067024032579434,0.06442310850130076,0.05286085569409954,0.22509311053983833,0.41181817449642283,0.17019988853330845,0.15354220733560364,0.12861674686680818,-0.3269498956875504,0.17066647170690072,0.3094738376525611,-0.06840331156119714,-0.18564977968572513,-0.1776476663683101
grims,-0.2247324094672074,1,0.2117996770569078,0.3114298085561853,0.42897750667213747,0.17594497524140099,0.21067024032579434,0.06442310850130076,0.05286085569409954,0.22509311053983833,0.41181817449642283,0.17019988853330845,0.15354220733560364,0.12861674686680818,-0.3269498956875504,0.17066647170690072,0.3094738376525611,-0.06840331156119714,-0.18564977968572513,-0.1776476663683101
grims,-0.14907900009573102,1,-0.3508508502688682,-0.31842871077357393,0.22938319195372633,-0.2591985434931497,-0.19705068333993916,-0.26573553255146415,0.2999937401474872,-0.4614432123578588,-0.3603373521977629,-0.2019061366148015,0.0992196865078785,-0.021271722089115746,-0.19846855827544427,-0.09524651004067393,0.017297186268153197,-0.07313792794111472,-0.03315916982115417,-0.08497177269837838
grims,-0.20838962092362656,1,-0.3508508502688682,-0.31842871077357393,0.22938319195372633,-0.2591985434931497,-0.19705068333993916,-0.26573553255146415,0.2999937401474872,-0.4614432123578588,-0.3603373521977629,-0.2019061366148015,0.0992196865078785,-0.021271722089115746,-0.19846855827544427,-0.09524651004067393,0.017297186268153197,-0.07313792794111472,-0.03315916982115417,-0.08497177269837838
grims,-0.07905567014421959,1,-0.3595477547592657,-0.2359782432380374,-0.1535176954505962,-0.3245450021566194,-0.1537517673933825,-0.21311006315162573,0.09422030551205185,-0.11514053052385777,-0.17024156824883172,-0.06669205358067226,0.21715509864893962,0.045347462954361734,0.24840065858375426,-0.24576299459012563,-0.4961720456279306,0.1362400881392526,0.34584138784904433,0.07650368116780194
grims,0.04866096756261105,1,-0.12470948750094414,-0.11835642788447176,-0.037425254579060936,0.16442898049869578,-0.185693335969732,-0.29678000567368695,0.22857152480832468,-0.3065861347926239,-0.3308832827220164,-0.05476636421029797,0.09837275413565452,-0.04868802358723744,0.10311134061394751,0.26187846570956236,-0.14395466271510737,0.6062684205550223,0.27011879516765186,-0.09060774926629012
grims,-0.15752851415805258,1,-0.12470948750094414,-0.11835642788447176,-0.037425254579060936,0.16442898049869578,-0.185693335969732,-0.29678000567368695,0.22857152480832468,-0.3065861347926239,-0.3308832827220164,-0.05476636421029797,0.09837275413565452,-0.04868802358723744,0.10311134061394751,0.26187846570956236,-0.14395466271510737,0.6062684205550223,0.27011879516765186,-0.09060774926629012
grims,-0.19828308241303147,1,-0.12470948750094414,-0.11835642788447176,-0.037425254579060936,0.16442898049869578,-0.185693335969732,-0.29678000567368695,0.22857152480832468,-0.3065861347926239,-0.3308832827220164,-0.05476636421029797,0.09837275413565452,-0.04868802358723744,0.10311134061394751,0.26187846570956236,-0.14395466271510737,0.6062684205550223,0.27011879516765186,-0.09060774926629012
grims,-0.0742098440079653,1,-0.12470948750094414,-0.11835642788447176,-0.037425254579060936,0.16442898049869578,-0.185693335969732,-0.29678000567368695,0.22857152480832468,-0.3065861347926239,-0.3308832827220164,-0.05476636421029797,0.09837275413565452,-0.04868802358723744,0.10311134061394751,0.26187846570956236,-0.14395466271510737,0.6062684205550223,0.27011879516765186,-0.09060774926629012
grims,-0.2034996812618944,1,-0.12470948750094414,-0.11835642788447176,-0.037425254579060936,0.16442898049869578,-0.185693335969732,-0.29678000567368695,0.22857152480832468,-0.3065861347926239,-0.3308832827220164,-0.05476636421029797,0.09837275413565452,-0.04868802358723744,0.10311134061394751,0.26187846570956236,-0.14395466271510737,0.6062684205550223,0.27011879516765186,-0.09060774926629012
grims,-0.20645718860969792,1,-0.12470948750094414,-0.11835642788447176,-0.037425254579060936,0.16442898049869578,-0.185693335969732,-0.29678000567368695,0.22857152480832468,-0.3065861347926239,-0.3308832827220164,-0.05476636421029797,0.09837275413565452,-0.04868802358723744,0.10311134061394751,0.26187846570956236,-0.14395466271510737,0.6062684205550223,0.27011879516765186,-0.09060774926629012
grims,0.006853168127566718,1,-0.12292252146764282,-0.20842410583928417,-0.20297748755962097,-0.24363832802510024,0.002019704484982265,-0.124748019604052,-0.31840196126676973,0.3211010987554128,0.10402530731200675,-0.13630755571258496,-0.07360976156716298,0.22863796896496996,0.44729437251453685,-0.46328230917933755,-0.24006421549798548,-0.05287115853808992,0.23013112272475866,0.07519356267832966
grims,-0.1497138561602313,1,-0.12292252146764282,-0.20842410583928417,-0.20297748755962097,-0.24363832802510024,0.002019704484982265,-0.124748019604052,-0.31840196126676973,0.3211010987554128,0.10402530731200675,-0.13630755571258496,-0.07360976156716298,0.22863796896496996,0.44729437251453685,-0.46328230917933755,-0.24006421549798548,-0.05287115853808992,0.23013112272475866,0.07519356267832966
grims,-0.18229756232800698,1,-0.03475588921214462,0.01718974011378277,-0.3650852147639378,0.3538282012811695,-0.4515830433789977,0.03355199210179092,-0.21280158009417482,-0.11968012863125725,-0.45383971377889704,-0.10954056808612142,-0.08326482168684783,0.15598966983944418,0.15944802687191467,0.09700129912126154,0.1352759100237919,-0.08472606288916816,-0.3489805595678538,-0.2098100109731867
grims,-0.07559240677256733,1,0.2562405260429274,0.14901173391422717,-0.32544191578429266,0.2816608386504923,0.08022936598289046,0.2581039824856533,-0.23279685911138817,0.17062971503663166,0.0909779151636344,-0.10706122850274481,-0.4397948388290187,-0.41758322344355764,-0.19641356456711515,0.2076501267969201,0.14590579377580123,-0.10324842243838676,-0.25040289825234485,0.08152413369317196
grims,-0.23568592746945713,1,0.29291810844724114,0.34109156532102536,0.3665471165292801,0.15680932439794631,0.41662291706385485,-0.06427856563755,0.20240372966920125,0.18753819357280768,0.39776381903840186,0.02602441454391403,0.1664443652557202,0.07470068271069873,-0.24852496742916683,0.17746207678167894,0.2144483912056752,-0.08147517636922007,-0.17502752259395737,-0.12794411607298933
grims,0.053579259593109274,2,0.3316612931621211,0.3394288578905005,0.19821194543722762,0.24506955524640012,0.27138204277644135,0.16876126651651296,0.07161634839315244,0.31663190166121846,0.3815059938740882,0.06718310357726769,0.1254141249062637,0.144190062740161,-0.2476408810631377,0.24949059055743011,0.24357492577201956,-0.05269216859671113,-0.2557652289683438,-0.17394264059998188
grims,-0.1956105686338387,2,0.3316612931621211,0.3394288578905005,0.19821194543722762,0.24506955524640012,0.27138204277644135,0.16876126651651296,0.07161634839315244,0.31663190166121846,0.3815059938740882,0.06718310357726769,0.1254141249062637,0.144190062740161,-0.2476408810631377,0.24949059055743011,0.24357492577201956,-0.05269216859671113,-0.2557652289683438,-0.17394264059998188
grims,-0.08091963028905762,2,0.3316612931621211,0.3394288578905005,0.19821194543722762,0.24506955524640012,0.27138204277644135,0.16876126651651296,0.07161634839315244,0.31663190166121846,0.3815059938740882,0.06718310357726769,0.1254141249062637,0.144190062740161,-0.2476408810631377,0.24949059055743011,0.24357492577201956,-0.05269216859671113,-0.2557652289683438,-0.17394264059998188
grims,-0.21047398900490838,2,0.3316612931621211,0.3394288578905005,0.19821194543722762,0.24506955524640012,0.27138204277644135,0.16876126651651296,0.07161634839315244,0.31663190166121846,0.3815059938740882,0.06718310357726769,0.1254141249062637,0.144190062740161,-0.2476408810631377,0.24949059055743011,0.24357492577201956,-0.05269216859671113,-0.2557652289683438,-0.17394264059998188
grims,-0.20236721160581747,2,0.3316612931621211,0.3394288578905005,0.19821194543722762,0.24506955524640012,0.27138204277644135,0.16876126651651296,0.07161634839315244,0.31663190166121846,0.3815059938740882,0.06718310357726769,0.1254141249062637,0.144190062740161,-0.2476408810631377,0.24949059055743011,0.24357492577201956,-0.05269216859671113,-0.2557652289683438,-0.17394264059998188
grims,-0.10768529276752264,2,-0.23301750597109647,-0.291415992573554,0.1383103703500214,-0.28264841656197687,-0.06752231471087042,0.025252167205954495,0.20293730640704927,-0.2064290374332881,-0.12954641035231818,0.38762797314189784,0.19497487348787865,0.027988450332053987,0.379749664265976,-0.31494757156443925,-0.3014263124955062,0.04704491052154502,0.34777159551784986,0.09752979743213638
grims,-0.1964304839475468,2,-0.14438654360544567,-0.2195625952248469,0.11720143803834901,-0.304612229799148,-0.08122497200680098,-0.20708143723110206,0.28085849832001375,-0.3363466525894785,-0.18238871968541476,-0.11507015978176126,0.1415693908479098,-0.030341815913147517,0.3109597056549758,0.11764129785969106,-0.2157351023282366,0.49148397391989923,0.3406955938804209,-0.027438723083025255
grims,-0.12047180852681283,2,-0.14438654360544567,-0.2195625952248469,0.11720143803834901,-0.304612229799148,-0.08122497200680098,-0.20708143723110206,0.28085849832001375,-0.3363466525894785,-0.18238871968541476,-0.11507015978176126,0.1415693908479098,-0.030341815913147517,0.3109597056549758,0.11764129785969106,-0.2157351023282366,0.49148397391989923,0.3406955938804209,-0.027438723083025255
grims,-0.236027210783301,2,-0.14438654360544567,-0.2195625952248469,0.11720143803834901,-0.304612229799148,-0.08122497200680098,-0.20708143723110206,0.28085849832001375,-0.3363466525894785,-0.18238871968541476,-0.11507015978176126,0.1415693908479098,-0.030341815913147517,0.3109597056549758,0.11764129785969106,-0.2157351023282366,0.49148397391989923,0.3406955938804209,-0.027438723083025255
grims,-0.1897727113722487,2,-0.20892468166303702,-0.22173394255845857,0.025969951663924205,-0.3161187257654006,-0.03709700277533655,-0.2545412710211504,0.2063139249209729,0.09790493702165777,-0.06987917387558376,0.42630564027371837,0.18322854248350534,0.14124798083954504,0.33882497683760116,-0.29986990508936423,-0.3186476575853368,-0.07933793178947546,0.3475085989798971,0.12165571603052189
grims,-0.14080476543908457,2,-0.20892468166303702,-0.22173394255845857,0.025969951663924205,-0.3161187257654006,-0.03709700277533655,-0.2545412710211504,0.2063139249209729,0.09790493702165777,-0.06987917387558376,0.42630564027371837,0.18322854248350534,0.14124798083954504,0.33882497683760116,-0.29986990508936423,-0.3186476575853368,-0.07933793178947546,0.3475085989798971,0.12165571603052189
grims,-0.22329943278978237,2,-0.20892468166303702,-0.22173394255845857,0.025969951663924205,-0.3161187257654006,-0.03709700277533655,-0.2545412710211504,0.2063139249209729,0.09790493702165777,-0.06987917387558376,0.42630564027371837,0.18322854248350534,0.14124798083954504,0.33882497683760116,-0.29986990508936423,-0.3186476575853368,-0.07933793178947546,0.3475085989798971,0.12165571603052189
grims,-0.14792571765940746,2,-0.1289907156827779,-0.17099752956467118,0.04245436161586025,-0.3100029743549961,-0.04052322842139528,0.008701746564079639,0.25875889784191203,-0.27612856307769756,-0.13041093857337077,-0.09676343746314188,0.17279667844155555,-0.029714860950853465,0.29058398915014383,0.11421077209295759,-0.2189142318264678,0.6297973208101514,0.33351889333738777,-0.029967746566409235
grims,0.008441985454652868,2,-0.06859596235051268,-0.22488996478785417,-0.10102885074937817,-0.2667871149872173,0.24213296850350047,-0.03479854344606491,-0.2138881303933082,0.35806205468901237,0.1659306220704702,-0.1599706331405421,-0.05134352563149328,0.23020019375732595,0.4146280653089753,-0.517279532067544,-0.06333819411564866,-0.05154183286181276,0.2356440182656864,0.13819632664186882
grims,0.034184695300977314,2,-0.06859596235051268,-0.22488996478785417,-0.10102885074937817,-0.2667871149872173,0.24213296850350047,-0.03479854344606491,-0.2138881303933082,0.35806205468901237,0.1659306220704702,-0.1599706331405421,-0.05134352563149328,0.23020019375732595,0.4146280653089753,-0.517279532067544,-0.06333819411564866,-0.05154183286181276,0.2356440182656864,0.13819632664186882
grims,-0.12013347808180867,2,-0.06859596235051268,-0.22488996478785417,-0.10102885074937817,-0.2667871149872173,0.24213296850350047,-0.03479854344606491,-0.2138881303933082,0.35806205468901237,0.1659306220704702,-0.1599706331405421,-0.05134352563149328,0.23020019375732595,0.4146280653089753,-0.517279532067544,-0.06333819411564866,-0.05154183286181276,0.2356440182656864,0.13819632664186882
grims,-0.19493643386411624,2,-0.0525317927955562,0.1076301603814333,-0.03632217720851778,0.4239272945051338,-0.39034855089315423,0.17579930642470776,-0.14916348907710394,-0.21315033019979107,-0.37233508753783623,-0.10931362680243872,0.015983060850197243,0.16476783537016607,0.19108165080968567,0.07666404454330462,0.2856562785519787,-0.07790080641153242,-0.36701782087168766,-0.333040279093032
grims,-0.17891289931337406,2,-0.0525317927955562,0.1076301603814333,-0.03632217720851778,0.4239272945051338,-0.39034855089315423,0.17579930642470776,-0.14916348907710394,-0.21315033019979107,-0.37233508753783623,-0.10931362680243872,0.015983060850197243,0.16476783537016607,0.19108165080968567,0.07666404454330462,0.2856562785519787,-0.07790080641153242,-0.36701782087168766,-0.333040279093032
grims,-0.20145155547091892,2,-0.0525317927955562,0.1076301603814333,-0.03632217720851778,0.4239272945051338,-0.39034855089315423,0.17579930642470776,-0.14916348907710394,-0.21315033019979107,-0.37233508753783623,-0.10931362680243872,0.015983060850197243,0.16476783537016607,0.19108165080968567,0.07666404454330462,0.2856562785519787,-0.07790080641153242,-0.36701782087168766,-0.333040279093032
grims,-0.20374846666381285,2,-0.0525317927955562,0.1076301603814333,-0.03632217720851778,0.4239272945051338,-0.39034855089315423,0.17579930642470776,-0.14916348907710394,-0.21315033019979107,-0.37233508753783623,-0.10931362680243872,0.015983060850197243,0.16476783537016607,0.19108165080968567,0.07666404454330462,0.2856562785519787,-0.07790080641153242,-0.36701782087168766,-0.333040279093032
grims,-0.07719016540516947,2,0.21997344727189813,0.19492163110095084,-0.24984170841449138,0.2714137539182997,0.03879468490576731,0.2830833671336925,-0.31334151025202883,0.17840199578385468,0.1288726091134073,-0.1062995407662768,-0.40754279500289553,-0.31747132261724736,-0.21828922695007236,0.19149159741365604,0.22317417121145564,-0.10563772818321977,-0.23106775073899546,0.2691004724220218
grims,-0.1832109012775275,2,0.3018462337607859,0.43507877384286553,0.31979231973398525,0.16636474854413003,0.3615450014744991,-0.10733935877507673,0.1672273485781507,0.17275350729157987,0.3442129525073976,-0.046789101442145056,0.13357608105513322,0.07481089827695336,-0.26542096082887207,0.1635543689104726,0.3017941739278166,-0.07498628030274355,-0.1607626885125957,-0.1604650293535924
grims,-0.21743636586713266,2,0.3018462337607859,0.43507877384286553,0.31979231973398525,0.16636474854413003,0.3615450014744991,-0.10733935877507673,0.1672273485781507,0.17275350729157987,0.3442129525073976,-0.046789101442145056,0.13357608105513322,0.07481089827695336,-0.26542096082887207,0.1635543689104726,0.3017941739278166,-0.07498628030274355,-0.1607626885125957,-0.1604650293535924
grims,0.015276502498842007,3,0.3338742459080332,0.3891163878921662,0.2285916172455744,0.22639852268071373,0.24272891774221872,0.012364130332108692,0.11404612188651264,0.2631539087063014,0.3314677742801922,0.1885347341428616,0.15109802241915926,0.16111330687709657,-0.2881466807321043,0.18649091356859374,0.3140742375447882,-0.08521614421705982,-0.19906983577763662,-0.18637161783943554
grims,-0.08273956666307408,3,0.3338742459080332,0.3891163878921662,0.2285916172455744,0.22639852268071373,0.24272891774221872,0.012364130332108692,0.11404612188651264,0.2631539087063014,0.3314677742801922,0.1885347341428616,0.15109802241915926,0.16111330687709657,-0.2881466807321043,0.18649091356859374,0.3140742375447882,-0.08521614421705982,-0.19906983577763662,-0.18637161783943554
grims,-0.2283592178408523,3,0.3338742459080332,0.3891163878921662,0.2285916172455744,0.22639852268071373,0.24272891774221872,0.012364130332108692,0.11404612188651264,0.2631539087063014,0.3314677742801922,0.1885347341428616,0.15109802241915926,0.16111330687709657,-0.2881466807321043,0.18649091356859374,0.3140742375447882,-0.08521614421705982,-0.19906983577763662,-0.18637161783943554
grims,-0.08509174797500922,3,-0.43269044022758374,-0.27097184082204706,0.15889123686437948,-0.27549160056246047,-0.1500162231075052,-0.2795878574662234,0.12125289612664453,-0.2678298804714849,-0.1496316381530216,0.19832801716851317,0.17866405872829427,0.02267536391072207,0.1559337307317643,-0.29774029295342685,-0.33730343798001705,0.1287548283583993,0.32266181574798175,0.0975527034243783
grims,-0.1108996808628009,3,-0.2571467270419434,-0.22247727932586914,-0.08990274226093684,-0.30204692843018127,-0.10164653685290952,-0.2596595209500273,0.16784795046916448,-0.19814632485541947,-0.18174027096153628,0.3027673299487496,0.1692118647419679,0.05152896464751764,0.22988374091550923,-0.10330290315071797,-0.3097829940617501,0.4565125631647804,0.33978580869503405,0.023398074829247367
grims,0.03237006811339199,3,-0.14925751727434744,-0.19733018920739864,-0.09719511052256305,-0.27507560439839507,0.11319962902878905,-0.0752683596940789,-0.30115967916347225,0.32663682435340935,0.19864594398165195,-0.14014712382252725,-0.10658116710523313,0.25934706038387284,0.36406680195550845,-0.5135708806964847,-0.18914365244686412,-0.042990312254334376,0.2283657395948845,0.11834402248022774
grims,-0.13644562043413846,3,-0.14925751727434744,-0.19733018920739864,-0.09719511052256305,-0.27507560439839507,0.11319962902878905,-0.0752683596940789,-0.30115967916347225,0.32663682435340935,0.19864594398165195,-0.14014712382252725,-0.10658116710523313,0.25934706038387284,0.36406680195550845,-0.5135708806964847,-0.18914365244686412,-0.042990312254334376,0.2283657395948845,0.11834402248022774
grims,-0.1545242578428609,3,-0.09319412942808866,-0.01187739523306064,-0.10207962705300914,0.3676026330323513,-0.5532658087560108,0.039021973892586506,-0.2205452508799367,-0.23153773080404647,-0.4081551974213685,-0.08208950014789852,-0.0030558747196058086,0.12427728131451911,0.12625589874888893,0.06494782267724646,0.22842623310320853,-0.059908341208018384,-0.29772242580293445,-0.2870498869104051
grims,-0.20532358385761648,3,-0.09319412942808866,-0.01187739523306064,-0.10207962705300914,0.3676026330323513,-0.5532658087560108,0.039021973892586506,-0.2205452508799367,-0.23153773080404647,-0.4081551974213685,-0.08208950014789852,-0.0030558747196058086,0.12427728131451911,0.12625589874888893,0.06494782267724646,0.22842623310320853,-0.059908341208018384,-0.29772242580293445,-0.2870498869104051
grims,-0.11777716300344215,3,0.3077070766437028,0.238109402113446,-0.23159630019074715,0.2681860572561447,0.190180644725671,-0.006612672591903919,-0.37540701348243866,0.21508031374652456,0.17308399203953412,-0.1208572697582885,-0.32483471388790064,0.03960547418506226,-0.22068797876455248,0.21791081794796643,0.2607869829414709,-0.12183058242497291,-0.21800336889917862,0.3484827632277679
grims,-0.17865569765459097,3,0.35138966719258635,0.3696355987346154,0.21284168045566915,0.18270490351190377,0.3565883716380305,-0.05496164178002172,0.2980564916848824,0.2196519386011326,0.3478771736548455,0.005082175246107445,0.1228423682015027,0.09677612754516068,-0.2655858316226262,0.15828243255576885,0.3111096327759544,-0.06973491252501697,-0.12770158030858145,0.18682137888532713
grims,-0.19418514430189607,3,0.35138966719258635,0.3696355987346154,0.21284168045566915,0.18270490351190377,0.3565883716380305,-0.05496164178002172,0.2980564916848824,0.2196519386011326,0.3478771736548455,0.005082175246107445,0.1228423682015027,0.09677612754516068,-0.2655858316226262,0.15828243255576885,0.3111096327759544,-0.06973491252501697,-0.12770158030858145,0.18682137888532713
grims,-0.2157185007438859,3,0.35138966719258635,0.3696355987346154,0.21284168045566915,0.18270490351190377,0.3565883716380305,-0.05496164178002172,0.2980564916848824,0.2196519386011326,0.3478771736548455,0.005082175246107445,0.1228423682015027,0.09677612754516068,-0.2655858316226262,0.15828243255576885,0.3111096327759544,-0.06973491252501697,-0.12770158030858145,0.18682137888532713
grims,-0.22043188648211673,3,0.35138966719258635,0.3696355987346154,0.21284168045566915,0.18270490351190377,0.3565883716380305,-0.05496164178002172,0.2980564916848824,0.2196519386011326,0.3478771736548455,0.005082175246107445,0.1228423682015027,0.09677612754516068,-0.2655858316226262,0.15828243255576885,0.3111096327759544,-0.06973491252501697,-0.12770158030858145,0.18682137888532713
aaa,-0.06674305974437618,2,0.6327524755999399,0.1676643679786063,-0.3045233624008947,-0.047549384042216224,0.1215578723457401,-0.1000801497529145,0.3544095717748234,0.03545738450508309,-0.3067794967241645,-0.06290736923246325,-0.004078961489967901,0.03321298890216298,0.3579033575932626,0.09387918450961344,-0.2751740087233317,0.05751457541461029,0.09853468334405818,0.00502210705185871
aaa,-0.049857867818823204,2,0.305251880947282,-0.2636893294866254,0.016462646977654594,-0.5974287245919717,0.04689625878997949,0.0975765192717032,-0.09786451811192884,-0.3015497372386749,0.08774295785537407,-0.09614277001299416,-0.07830619758863705,-0.0709017787641443,0.17182361928804857,-0.2288040564770648,-0.025211846706512792,-0.07187577573923061,-0.4640542401775729,0.1916847583083158
aaa,0.02477350056178825,2,0.15482824303051532,-0.2890379320638058,0.2421271827895912,0.0988042470284785,-0.1280127955705278,0.16000947427179646,-0.24386604284388763,0.26417919081745805,-0.06414977127897545,-0.2387178927795594,0.30893836998940877,0.13000544311714646,-0.2567226796336715,-0.4380493106321186,0.1943685355224856,-0.18427919742982043,-0.3613215788430478,0.13897882646022156
aaa,-0.08155003654808235,2,0.15482824303051532,-0.2890379320638058,0.2421271827895912,0.0988042470284785,-0.1280127955705278,0.16000947427179646,-0.24386604284388763,0.26417919081745805,-0.06414977127897545,-0.2387178927795594,0.30893836998940877,0.13000544311714646,-0.2567226796336715,-0.4380493106321186,0.1943685355224856,-0.18427919742982043,-0.3613215788430478,0.13897882646022156
aaa,-0.00458647019080942,2,0.15482824303051532,-0.2890379320638058,0.2421271827895912,0.0988042470284785,-0.1280127955705278,0.16000947427179646,-0.24386604284388763,0.26417919081745805,-0.06414977127897545,-0.2387178927795594,0.30893836998940877,0.13000544311714646,-0.2567226796336715,-0.4380493106321186,0.1943685355224856,-0.18427919742982043,-0.3613215788430478,0.13897882646022156
aaa,0.1752766275184548,2,-0.02194031354665299,0.33404491478990556,-0.17602658041920063,-0.11686474495075402,0.26248758223988955,-0.2014424566742311,0.4951888576048603,0.3499269206494047,0.16995952572390674,0.24045107721828107,-0.020284754710776193,-0.03361321720438504,0.09861773634971907,-0.4029969564669573,-0.008980364798238558,0.2941576139919273,0.0888596360413355,0.10615354020655969
aaa,0.25412279585929404,2,-0.02194031354665299,0.33404491478990556,-0.17602658041920063,-0.11686474495075402,0.26248758223988955,-0.2014424566742311,0.4951888576048603,0.3499269206494047,0.16995952572390674,0.24045107721828107,-0.020284754710776193,-0.03361321720438504,0.09861773634971907,-0.4029969564669573,-0.008980364798238558,0.2941576139919273,0.0888596360413355,0.10615354020655969
aaa,-0.08364790598129447,2,0.026338146467161743,-0.24396376861208602,0.08892267557980728,0.08062826727572102,-0.14173655571350702,0.1427135208387037,-0.26750255191433264,-0.38513485573514905,-0.14006740523259517,-0.1535674214363411,-0.7183254424763269,-0.018085711025277777,-0.28393015129620447,0.01624536119391584,0.06334983255449761,-0.03524143683312025,-0.13887559051811552,0.00973405010147887
aaa,0.0021774887802487935,2,-0.26440016863964116,0.0015009129790505282,-0.01164876734233269,0.05076293210575236,-0.2113674831162295,0.14216242639963694,-0.46312978448172715,-0.20290221327963293,-0.12568596117522707,-0.2045357942653382,0.26358668619022274,0.03777953391095738,-0.11802087824195913,0.4278353456900856,-0.05149289098456211,0.5175906934569552,-0.08224938058490827,-0.06330208372777639
aaa,-0.08340023328365746,2,-0.26440016863964116,0.0015009129790505282,-0.01164876734233269,0.05076293210575236,-0.2113674831162295,0.14216242639963694,-0.46312978448172715,-0.20290221327963293,-0.12568596117522707,-0.2045357942653382,0.26358668619022274,0.03777953391095738,-0.11802087824195913,0.4278353456900856,-0.05149289098456211,0.5175906934569552,-0.08224938058490827,-0.06330208372777639
aaa,0.024441952932761,2,-0.13546432211570725,-0.20475849321906125,0.20499608086748736,0.059890779506661496,-0.04264030793310777,0.09326617941815592,-0.24466240312559565,0.23601235253991032,-0.044271400849364144,-0.15161682961001344,0.26076812409239153,0.09435748439681109,-0.42074706139531104,-0.5952907072314195,0.13520902143414493,-0.2664478977930391,-0.1756033199868014,0.12112888695788795
aaa,-0.06843198474720734,2,-0.13546432211570725,-0.20475849321906125,0.20499608086748736,0.059890779506661496,-0.04264030793310777,0.09326617941815592,-0.24466240312559565,0.23601235253991032,-0.044271400849364144,-0.15161682961001344,0.26076812409239153,0.09435748439681109,-0.42074706139531104,-0.5952907072314195,0.13520902143414493,-0.2664478977930391,-0.1756033199868014,0.12112888695788795
aaa,0.004817371519180555,2,-0.28106074484924615,0.05355024828792365,-0.026778849531367364,0.0555001715614843,-0.19099872653571529,0.1426787482148118,-0.38367972848195603,-0.0857204932725831,-0.11497279616602098,-0.23574688271107186,0.26787344955428505,0.06531323002035103,-0.10503625214810744,0.5009965588699263,-0.015598904023908441,0.5177142133456749,-0.11007097232278797,-0.12533762310017857
aaa,-0.13770594449990536,2,-0.28106074484924615,0.05355024828792365,-0.026778849531367364,0.0555001715614843,-0.19099872653571529,0.1426787482148118,-0.38367972848195603,-0.0857204932725831,-0.11497279616602098,-0.23574688271107186,0.26787344955428505,0.06531323002035103,-0.10503625214810744,0.5009965588699263,-0.015598904023908441,0.5177142133456749,-0.11007097232278797,-0.12533762310017857
aaa,-0.3180796825597818,2,-0.3198886000181649,-0.00012696747443610498,0.18972801842504364,0.05782006997724553,-0.08630143205776392,0.1571444411600513,-0.24665608736747063,0.5148579115205282,-0.1498391379390762,0.4885444237444822,0.2673336436062167,0.17024329384868953,-0.11627213230226408,-0.10782708654815464,0.08499473860117271,-0.20122711981177782,-0.2544994705172194,0.032578711261302386
aaa,0.02329617435804102,2,-0.24284283026489517,0.029897620593162588,0.1984631731189787,0.0358649837542556,-0.04272064547992819,-0.18352906996994411,-0.14071452819665597,0.400813554022776,-0.08079692873023338,0.6054998150906692,0.21427341626095084,0.12651792390589986,-0.33285560334520214,-0.22546143249088912,0.11930409123643344,-0.14970858676817264,-0.21023403070396646,0.07714447837468084
aaa,-0.10986512792807888,2,-0.24284283026489517,0.029897620593162588,0.1984631731189787,0.0358649837542556,-0.04272064547992819,-0.18352906996994411,-0.14071452819665597,0.400813554022776,-0.08079692873023338,0.6054998150906692,0.21427341626095084,0.12651792390589986,-0.33285560334520214,-0.22546143249088912,0.11930409123643344,-0.14970858676817264,-0.21023403070396646,0.07714447837468084
aaa,-0.11302784691895151,2,-0.3694921423908974,0.07403611706520496,0.08428081527373602,0.06520954153430393,-0.21333363442249376,0.1358383500048281,-0.34990627762697296,-0.22616593833755505,-0.04625233187854159,-0.19485858112903853,-0.20336948951311956,0.0024423758068826866,-0.28646739392286835,0.3832160502525131,0.08372997845205762,0.49724658882275546,-0.19691525184467176,-0.07521352404539818
aaa,0.010275139969049477,2,-0.2953914759625043,-0.043390647229102575,0.21143084877555965,0.06160720001908909,-0.11534760827042849,0.14623252406272333,-0.1802989772075651,0.4819888989419781,-0.0064931920378067465,-0.10431604447697801,0.24708808411036198,0.14816671818230787,-0.47153495741921797,-0.3299798190312709,0.1708908171415137,-0.16479004640739475,-0.2726064432649947,0.08376835889661266
aaa,-0.10378830773449801,2,-0.2953914759625043,-0.043390647229102575,0.21143084877555965,0.06160720001908909,-0.11534760827042849,0.14623252406272333,-0.1802989772075651,0.4819888989419781,-0.0064931920378067465,-0.10431604447697801,0.24708808411036198,0.14816671818230787,-0.47153495741921797,-0.3299798190312709,0.1708908171415137,-0.16479004640739475,-0.2726064432649947,0.08376835889661266
aaa,0.013864010056549504,2,-0.41521750096552784,-0.01377260408834824,0.0585289476192296,0.08488609551358889,-0.16990191226730433,0.13962462580668075,-0.48345130405655923,-0.35115996700037216,0.4265994274895643,-0.08723386658143012,0.17090319147810898,0.08976401686342715,-0.35096830562690207,0.16914554083137892,-0.014667875087751315,0.015566315639659625,-0.15987570245038343,-0.08187986625661978
aaa,-0.0708500379885203,2,-0.41521750096552784,-0.01377260408834824,0.0585289476192296,0.08488609551358889,-0.16990191226730433,0.13962462580668075,-0.48345130405655923,-0.35115996700037216,0.4265994274895643,-0.08723386658143012,0.17090319147810898,0.08976401686342715,-0.35096830562690207,0.16914554083137892,-0.014667875087751315,0.015566315639659625,-0.15987570245038343,-0.08187986625661978
aaa,0.0012798422721405057,2,-0.11528091626355123,-0.11048233558158471,0.10563285458139594,0.04765896040894787,-0.07698335752856872,0.024625398404161294,0.4309693770778188,0.23882782857132895,0.38150075992741955,0.4150570873146762,-0.18096951882002593,-0.1478311781450797,0.42646732942849513,0.14006750718475058,0.017354450345908955,0.3037241289814263,-0.1129318083193188,0.1804229978778729
aaa,0.0020878072144449667,2,-0.11528091626355123,-0.11048233558158471,0.10563285458139594,0.04765896040894787,-0.07698335752856872,0.024625398404161294,0.4309693770778188,0.23882782857132895,0.38150075992741955,0.4150570873146762,-0.18096951882002593,-0.1478311781450797,0.42646732942849513,0.14006750718475058,0.017354450345908955,0.3037241289814263,-0.1129318083193188,0.1804229978778729
aaa,0.0005500542416342112,2,-0.11528091626355123,-0.11048233558158471,0.10563285458139594,0.04765896040894787,-0.07698335752856872,0.024625398404161294,0.4309693770778188,0.23882782857132895,0.38150075992741955,0.4150570873146762,-0.18096951882002593,-0.1478311781450797,0.42646732942849513,0.14006750718475058,0.017354450345908955,0.3037241289814263,-0.1129318083193188,0.1804229978778729
aaa,6.762237526491132e-05,2,-0.11528091626355123,-0.11048233558158471,0.10563285458139594,0.04765896040894787,-0.07698335752856872,0.024625398404161294,0.4309693770778188,0.23882782857132895,0.38150075992741955,0.4150570873146762,-0.18096951882002593,-0.1478311781450797,0.42646732942849513,0.14006750718475058,0.017354450345908955,0.3037241289814263,-0.1129318083193188,0.1804229978778729
aaa,0.0002949900499297416,2,-0.11528091626355123,-0.11048233558158471,0.10563285458139594,0.04765896040894787,-0.07698335752856872,0.024625398404161294,0.4309693770778188,0.23882782857132895,0.38150075992741955,0.4150570873146762,-0.18096951882002593,-0.1478311781450797,0.42646732942849513,0.14006750718475058,0.017354450345908955,0.3037241289814263,-0.1129318083193188,0.1804229978778729
aaa,0.005839464401186779,2,-0.11528091626355123,-0.11048233558158471,0.10563285458139594,0.04765896040894787,-0.07698335752856872,0.024625398404161294,0.4309693770778188,0.23882782857132895,0.38150075992741955,0.4150570873146762,-0.18096951882002593,-0.1478311781450797,0.42646732942849513,0.14006750718475058,0.017354450345908955,0.3037241289814263,-0.1129318083193188,0.1804229978778729
aaa,0.000592138604959723,2,-0.11528091626355123,-0.11048233558158471,0.10563285458139594,0.04765896040894787,-0.07698335752856872,0.024625398404161294,0.4309693770778188,0.23882782857132895,0.38150075992741955,0.4150570873146762,-0.18096951882002593,-0.1478311781450797,0.42646732942849513,0.14006750718475058,0.017354450345908955,0.3037241289814263,-0.1129318083193188,0.1804229978778729
aaa,-0.058997705922967936,2,-0.11528091626355123,-0.11048233558158471,0.10563285458139594,0.04765896040894787,-0.07698335752856872,0.024625398404161294,0.4309693770778188,0.23882782857132895,0.38150075992741955,0.4150570873146762,-0.18096951882002593,-0.1478311781450797,0.42646732942849513,0.14006750718475058,0.017354450345908955,0.3037241289814263,-0.1129318083193188,0.1804229978778729
aaa,-0.004818270282652854,2,-0.11528091626355123,-0.11048233558158471,0.10563285458139594,0.04765896040894787,-0.07698335752856872,0.024625398404161294,0.4309693770778188,0.23882782857132895,0.38150075992741955,0.4150570873146762,-0.18096951882002593,-0.1478311781450797,0.42646732942849513,0.14006750718475058,0.017354450345908955,0.3037241289814263,-0.1129318083193188,0.1804229978778729
aaa,-0.0013353828503013183,2,-0.11528091626355123,-0.11048233558158471,0.10563285458139594,0.04765896040894787,-0.07698335752856872,0.024625398404161294,0.4309693770778188,0.23882782857132895,0.38150075992741955,0.4150570873146762,-0.18096951882002593,-0.1478311781450797,0.42646732942849513,0.14006750718475058,0.017354450345908955,0.3037241289814263,-0.1129318083193188,0.1804229978778729
aaa,-8.763675451178117e-06,2,-0.11528091626355123,-0.11048233558158471,0.10563285458139594,0.04765896040894787,-0.07698335752856872,0.024625398404161294,0.4309693770778188,0.23882782857132895,0.38150075992741955,0.4150570873146762,-0.18096951882002593,-0.1478311781450797,0.42646732942849513,0.14006750718475058,0.017354450345908955,0.3037241289814263,-0.1129318083193188,0.1804229978778729
aaa,-0.0022771349970336615,2,-0.11528091626355123,-0.11048233558158471,0.10563285458139594,0.04765896040894787,-0.07698335752856872,0.024625398404161294,0.4309693770778188,0.23882782857132895,0.38150075992741955,0.4150570873146762,-0.18096951882002593,-0.1478311781450797,0.42646732942849513,0.14006750718475058,0.017354450345908955,0.3037241289814263,-0.1129318083193188,0.1804229978778729
aaa,-0.0015820541863456245,2,-0.11528091626355123,-0.11048233558158471,0.10563285458139594,0.04765896040894787,-0.07698335752856872,0.024625398404161294,0.4309693770778188,0.23882782857132895,0.38150075992741955,0.4150570873146762,-0.18096951882002593,-0.1478311781450797,0.42646732942849513,0.14006750718475058,0.017354450345908955,0.3037241289814263,-0.1129318083193188,0.1804229978778729
aaa,-0.007262662890188223,2,-0.11528091626355123,-0.11048233558158471,0.10563285458139594,0.04765896040894787,-0.07698335752856872,0.024625398404161294,0.4309693770778188,0.23882782857132895,0.38150075992741955,0.4150570873146762,-0.18096951882002593,-0.1478311781450797,0.42646732942849513,0.14006750718475058,0.017354450345908955,0.3037241289814263,-0.1129318083193188,0.1804229978778729
aaa,-0.008008776016233229,2,-0.11528091626355123,-0.11048233558158471,0.10563285458139594,0.04765896040894787,-0.07698335752856872,0.024625398404161294,0.4309693770778188,0.23882782857132895,0.38150075992741955,0.4150570873146762,-0.18096951882002593,-0.1478311781450797,0.42646732942849513,0.14006750718475058,0.017354450345908955,0.3037241289814263,-0.1129318083193188,0.1804229978778729
aaa,-0.327283310317515,2,0.19311836474920868,-0.10410839486386772,0.11162179326615027,0.059238152049450044,-0.01739630777057745,-0.4823713530974986,0.25700918258273686,-0.09600285563039067,-0.24631540709384134,-0.046312947062251926,-0.08190956846163826,-0.5703575624830108,0.13991114238697858,-0.12731581276528622,0.22043970610203878,-0.10736692510223646,0.33168016133264466,0.16398946480955395
aaa,-0.48198131232523467,2,0.19964821306541772,-0.11115901838690313,0.12002870782890866,0.0643263494117842,-0.013320542361741872,0.15915162296870208,0.27901114608018185,-0.1155091916651171,-0.27014031474058886,-0.046679134808043435,-0.09883601450723542,-0.5851535216934182,0.14797023754358538,-0.13281117320945943,0.23820572509273347,-0.11295890791445796,0.3525185423805063,0.389756703339583
aaa,-0.1481835454925893,2,0.18090542951179278,-0.12390343174583618,0.12011198583593545,0.0654883040668734,-0.01424887326456636,-0.4962542929410693,0.27565859928030123,-0.11502827725533528,-0.2769119779718755,-0.04873331158706491,-0.09541945735425943,-0.5476636152493771,0.13599719528379411,-0.12572230131490056,0.2253874974889609,-0.10775218271565426,0.3331837507751303,0.041191578220236516
aaa,-0.14840661067390845,2,0.18090542951179278,-0.12390343174583618,0.12011198583593545,0.0654883040668734,-0.01424887326456636,-0.4962542929410693,0.27565859928030123,-0.11502827725533528,-0.2769119779718755,-0.04873331158706491,-0.09541945735425943,-0.5476636152493771,0.13599719528379411,-0.12572230131490056,0.2253874974889609,-0.10775218271565426,0.3331837507751303,0.041191578220236516
aaa,-0.15048268854862815,2,0.18090542951179278,-0.12390343174583618,0.12011198583593545,0.0654883040668734,-0.01424887326456636,-0.4962542929410693,0.27565859928030123,-0.11502827725533528,-0.2769119779718755,-0.04873331158706491,-0.09541945735425943,-0.5476636152493771,0.13599719528379411,-0.12572230131490056,0.2253874974889609,-0.10775218271565426,0.3331837507751303,0.041191578220236516
aaa,-0.2447522896577929,2,0.18090542951179278,-0.12390343174583618,0.12011198583593545,0.0654883040668734,-0.01424887326456636,-0.4962542929410693,0.27565859928030123,-0.11502827725533528,-0.2769119779718755,-0.04873331158706491,-0.09541945735425943,-0.5476636152493771,0.13599719528379411,-0.12572230131490056,0.2253874974889609,-0.10775218271565426,0.3331837507751303,0.041191578220236516
aaa,-0.24652905337388373,2,0.18090542951179278,-0.12390343174583618,0.12011198583593545,0.0654883040668734,-0.01424887326456636,-0.4962542929410693,0.27565859928030123,-0.11502827725533528,-0.2769119779718755,-0.04873331158706491,-0.09541945735425943,-0.5476636152493771,0.13599719528379411,-0.12572230131490056,0.2253874974889609,-0.10775218271565426,0.3331837507751303,0.041191578220236516
aaa,-0.2562049847279971,2,0.18090542951179278,-0.12390343174583618,0.12011198583593545,0.0654883040668734,-0.01424887326456636,-0.4962542929410693,0.27565859928030123,-0.11502827725533528,-0.2769119779718755,-0.04873331158706491,-0.09541945735425943,-0.5476636152493771,0.13599719528379411,-0.12572230131490056,0.2253874974889609,-0.10775218271565426,0.3331837507751303,0.041191578220236516
aaa,-0.05874835076833771,2,0.18708873734194573,-0.0638001552607298,-0.012421890255216242,0.04843297314269338,0.36721657973357485,-0.3090101697269237,0.16269333620262103,-0.18392401023550775,-0.08390426086640793,-0.040244966781343955,-0.31831935082734764,-0.40550698726212486,0.1287330807150474,-0.12807102451474425,0.1525233616166713,-0.10102948950140234,0.37725106021048693,0.42966152505332844
aaa,-0.08805477993022624,2,0.11255074551562261,0.20574270536425743,-0.15664897942583358,0.0066968570703668335,0.49272779907095343,-0.26520372963516886,0.272358392356728,-0.1999270811948507,-0.33634631725004227,0.013669605031928064,-0.4057041505446912,-0.17867263547521448,0.14194612986884825,0.04544979751484037,-0.10401434428271802,-0.1691651116241493,0.26228394521609866,-0.22994855529211344
aaa,-0.16659054721340302,2,-0.12294761441626195,0.38908164470772855,-0.4670833558694632,-0.024531703570377397,0.4496957266609863,0.09752365984584208,0.14659687172006117,-0.047582860817874884,-0.31510240768045017,-0.009771156775219097,0.10731543651953346,0.14146018350729753,0.01180457731990007,0.23764535216069224,-0.38602668666783274,-0.1654327440274355,0.11604072648165678,-0.043145257793074814
aaa,0.02445851291152659,3,-0.15515406809447047,0.4088608673376085,-0.4919968926324027,0.025583931568788507,0.26020179069161026,0.1085310028528727,0.18419125531356006,-0.04906678603998684,-0.36130258515289865,-0.018855872475395514,0.10006577857701718,0.1499982556431357,0.016257801807721666,0.2801423500267662,-0.40731014499463286,-0.16971361480736333,0.09631494689172902,-0.06398423673811364
aaa,-0.12504313246539842,3,-0.15515406809447047,0.4088608673376085,-0.4919968926324027,0.025583931568788507,0.26020179069161026,0.1085310028528727,0.18419125531356006,-0.04906678603998684,-0.36130258515289865,-0.018855872475395514,0.10006577857701718,0.1499982556431357,0.016257801807721666,0.2801423500267662,-0.40731014499463286,-0.16971361480736333,0.09631494689172902,-0.06398423673811364
aaa,0.0032559819778833106,3,0.08698478046136693,-0.150130861091351,0.037778323307697925,-0.8257625203129656,-0.1281257791370437,0.08605595426975113,0.025729211545216367,-0.13463970056750243,0.0019818861579968838,-0.004378401072200036,-0.1760854617191971,-0.15410809221491004,0.018589897233404235,-0.13391591044425405,0.0888214283193815,-0.03745413034581012,0.2631354424328162,0.3039438770631722
aaa,0.0065160051068390125,3,0.08698478046136693,-0.150130861091351,0.037778323307697925,-0.8257625203129656,-0.1281257791370437,0.08605595426975113,0.025729211545216367,-0.13463970056750243,0.0019818861579968838,-0.004378401072200036,-0.1760854617191971,-0.15410809221491004,0.018589897233404235,-0.13391591044425405,0.0888214283193815,-0.03745413034581012,0.2631354424328162,0.3039438770631722
aaa,0.010803359833731966,3,0.08698478046136693,-0.150130861091351,0.037778323307697925,-0.8257625203129656,-0.1281257791370437,0.08605595426975113,0.025729211545216367,-0.13463970056750243,0.0019818861579968838,-0.004378401072200036,-0.1760854617191971,-0.15410809221491004,0.018589897233404235,-0.13391591044425405,0.0888214283193815,-0.03745413034581012,0.2631354424328162,0.3039438770631722
aaa,0.009902943651729602,3,0.08698478046136693,-0.150130861091351,0.037778323307697925,-0.8257625203129656,-0.1281257791370437,0.08605595426975113,0.025729211545216367,-0.13463970056750243,0.0019818861579968838,-0.004378401072200036,-0.1760854617191971,-0.15410809221491004,0.018589897233404235,-0.13391591044425405,0.0888214283193815,-0.03745413034581012,0.2631354424328162,0.3039438770631722
aaa,-0.035377725828983554,3,0.08698478046136693,-0.150130861091351,0.037778323307697925,-0.8257625203129656,-0.1281257791370437,0.08605595426975113,0.025729211545216367,-0.13463970056750243,0.0019818861579968838,-0.004378401072200036,-0.1760854617191971,-0.15410809221491004,0.018589897233404235,-0.13391591044425405,0.0888214283193815,-0.03745413034581012,0.2631354424328162,0.3039438770631722
aaa,-0.01425875066200253,3,0.08698478046136693,-0.150130861091351,0.037778323307697925,-0.8257625203129656,-0.1281257791370437,0.08605595426975113,0.025729211545216367,-0.13463970056750243,0.0019818861579968838,-0.004378401072200036,-0.1760854617191971,-0.15410809221491004,0.018589897233404235,-0.13391591044425405,0.0888214283193815,-0.03745413034581012,0.2631354424328162,0.3039438770631722
aaa,-0.05482681000602416,3,0.08698478046136693,-0.150130861091351,0.037778323307697925,-0.8257625203129656,-0.1281257791370437,0.08605595426975113,0.025729211545216367,-0.13463970056750243,0.0019818861579968838,-0.004378401072200036,-0.1760854617191971,-0.15410809221491004,0.018589897233404235,-0.13391591044425405,0.0888214283193815,-0.03745413034581012,0.2631354424328162,0.3039438770631722
aaa,-0.18654586834636408,3,0.08698478046136693,-0.150130861091351,0.037778323307697925,-0.8257625203129656,-0.1281257791370437,0.08605595426975113,0.025729211545216367,-0.13463970056750243,0.0019818861579968838,-0.004378401072200036,-0.1760854617191971,-0.15410809221491004,0.018589897233404235,-0.13391591044425405,0.0888214283193815,-0.03745413034581012,0.2631354424328162,0.3039438770631722
aaa,-0.025914439258816688,3,0.08698478046136693,-0.150130861091351,0.037778323307697925,-0.8257625203129656,-0.1281257791370437,0.08605595426975113,0.025729211545216367,-0.13463970056750243,0.0019818861579968838,-0.004378401072200036,-0.1760854617191971,-0.15410809221491004,0.018589897233404235,-0.13391591044425405,0.0888214283193815,-0.03745413034581012,0.2631354424328162,0.3039438770631722
aaa,-0.02590895477631647,3,0.08698478046136693,-0.150130861091351,0.037778323307697925,-0.8257625203129656,-0.1281257791370437,0.08605595426975113,0.025729211545216367,-0.13463970056750243,0.0019818861579968838,-0.004378401072200036,-0.1760854617191971,-0.15410809221491004,0.018589897233404235,-0.13391591044425405,0.0888214283193815,-0.03745413034581012,0.2631354424328162,0.3039438770631722
aaa,-0.008234954270240015,3,0.08698478046136693,-0.150130861091351,0.037778323307697925,-0.8257625203129656,-0.1281257791370437,0.08605595426975113,0.025729211545216367,-0.13463970056750243,0.0019818861579968838,-0.004378401072200036,-0.1760854617191971,-0.15410809221491004,0.018589897233404235,-0.13391591044425405,0.0888214283193815,-0.03745413034581012,0.2631354424328162,0.3039438770631722
aaa,-0.2369047272899707,3,0.08698478046136693,-0.150130861091351,0.037778323307697925,-0.8257625203129656,-0.1281257791370437,0.08605595426975113,0.025729211545216367,-0.13463970056750243,0.0019818861579968838,-0.004378401072200036,-0.1760854617191971,-0.15410809221491004,0.018589897233404235,-0.13391591044425405,0.0888214283193815,-0.03745413034581012,0.2631354424328162,0.3039438770631722
aaa,-0.23683878528443156,3,0.08698478046136693,-0.150130861091351,0.037778323307697925,-0.8257625203129656,-0.1281257791370437,0.08605595426975113,0.025729211545216367,-0.13463970056750243,0.0019818861579968838,-0.004378401072200036,-0.1760854617191971,-0.15410809221491004,0.018589897233404235,-0.13391591044425405,0.0888214283193815,-0.03745413034581012,0.2631354424328162,0.3039438770631722
aaa,-0.2376081518201751,3,0.08698478046136693,-0.150130861091351,0.037778323307697925,-0.8257625203129656,-0.1281257791370437,0.08605595426975113,0.025729211545216367,-0.13463970056750243,0.0019818861579968838,-0.004378401072200036,-0.1760854617191971,-0.15410809221491004,0.018589897233404235,-0.13391591044425405,0.0888214283193815,-0.03745413034581012,0.2631354424328162,0.3039438770631722
aaa,0.024925363652738432,3,0.08744320340523315,-0.09853187953072451,0.19385316612824494,0.07799945572641244,-0.15963723008106315,-0.7039982502043545,-0.07693033384335443,-0.1412891573660569,0.07633300899380611,-0.07618608376419604,-0.1957340990629137,-0.2510740262975937,0.07214683253658266,-0.15465393027928773,0.3277057987692953,-0.08693585157233408,0.23362781155399928,-0.2834938507409716
aaa,-0.06297969686263785,3,0.08744320340523315,-0.09853187953072451,0.19385316612824494,0.07799945572641244,-0.15963723008106315,-0.7039982502043545,-0.07693033384335443,-0.1412891573660569,0.07633300899380611,-0.07618608376419604,-0.1957340990629137,-0.2510740262975937,0.07214683253658266,-0.15465393027928773,0.3277057987692953,-0.08693585157233408,0.23362781155399928,-0.2834938507409716
aaa,-0.12976197425253638,3,-0.2522692488858131,-0.055632406856980676,0.13166484371441753,0.054489165562680054,-0.1662286290577651,0.15878021070977835,0.11625886078138016,0.6048010934355819,0.28145447477730356,0.22865219414824436,0.1513857608538532,0.23212264238233907,-0.4617537079489268,0.019639520727307364,0.1233977546562731,-0.10686041987752028,-0.17830991117628517,0.021844203514502544
aaa,-0.24236187791851116,3,-0.2522692488858131,-0.055632406856980676,0.13166484371441753,0.054489165562680054,-0.1662286290577651,0.15878021070977835,0.11625886078138016,0.6048010934355819,0.28145447477730356,0.22865219414824436,0.1513857608538532,0.23212264238233907,-0.4617537079489268,0.019639520727307364,0.1233977546562731,-0.10686041987752028,-0.17830991117628517,0.021844203514502544
aaa,-0.10711811382086736,3,-0.23845946639264695,-0.0024829810072339864,-0.05697931781392051,0.051762969211871894,-0.20473794738433773,0.13907075049464893,-0.2434756258382428,-0.20671407130211547,-0.005758694076825305,-0.1378318265959456,-0.374460434683251,-0.0100146549086151,-0.003729092919575594,0.5410587420113223,-0.02916616390438574,0.5432523106660722,-0.08576861058716574,-0.13599755534111116
aaa,-0.3009653661916346,3,-0.24633524125407147,-0.03439014679345569,0.1341899105656677,0.0919546497786651,-0.16334501353752132,0.20043023107831878,-0.30559024473735125,0.6811850033684367,0.030343212821027497,-0.040938805764607185,0.33436954352304565,0.15386328277940672,-0.12001836486106755,-0.05787478284905911,0.14180060684890314,-0.18706332619567104,-0.2764009041955591,0.009815466709887585
aaa,0.0017181209819683116,3,-0.1828489285382482,-0.05935314318640461,0.14596763541990085,0.05814237983430825,-0.0900816457564634,0.14518819854153683,-0.0070592330673601685,0.6382627024714309,0.096869375196023,0.46575232205478395,0.1824752372700415,0.18402013392674432,-0.2987471631108176,-0.17555844832727716,0.1009536804093671,-0.13539077835359456,-0.23017222565892495,0.08179999601705991
aaa,-0.10587910497858359,3,-0.1828489285382482,-0.05935314318640461,0.14596763541990085,0.05814237983430825,-0.0900816457564634,0.14518819854153683,-0.0070592330673601685,0.6382627024714309,0.096869375196023,0.46575232205478395,0.1824752372700415,0.18402013392674432,-0.2987471631108176,-0.17555844832727716,0.1009536804093671,-0.13539077835359456,-0.23017222565892495,0.08179999601705991
aaa,-0.12287619417441817,3,-0.16537847921466928,0.008983563739931588,0.0028880909290486486,0.04726623461502909,-0.23525874168254954,0.13752795152605715,-0.19741873902931686,-0.155477075866683,-0.057063490115910914,-0.13088839358186632,-0.49855288838149214,-0.005346259235055125,0.0030917564905672853,0.5166381146106107,0.0512655970615894,0.5168450334192124,-0.08171605606281211,-0.1434865179208422
aaa,-0.035539071992931506,3,-0.16537847921466928,0.008983563739931588,0.0028880909290486486,0.04726623461502909,-0.23525874168254954,0.13752795152605715,-0.19741873902931686,-0.155477075866683,-0.057063490115910914,-0.13088839358186632,-0.49855288838149214,-0.005346259235055125,0.0030917564905672853,0.5166381146106107,0.0512655970615894,0.5168450334192124,-0.08171605606281211,-0.1434865179208422
aaa,-0.2239039313396765,3,-0.16537847921466928,0.008983563739931588,0.0028880909290486486,0.04726623461502909,-0.23525874168254954,0.13752795152605715,-0.19741873902931686,-0.155477075866683,-0.057063490115910914,-0.13088839358186632,-0.49855288838149214,-0.005346259235055125,0.0030917564905672853,0.5166381146106107,0.0512655970615894,0.5168450334192124,-0.08171605606281211,-0.1434865179208422
aaa,-0.11863489824651334,3,-0.15009217204153102,-0.10629696728426541,0.17356994197330206,0.0789619715643222,-0.10915512207170804,0.22891511795817274,-0.6006525638193446,0.3433304357280979,-0.07015464955775,-0.23772039581332746,0.3843698725248469,0.11134971457424683,0.08616187109210123,0.18536587502325064,0.1470336118200215,-0.2669929709042672,-0.07477217999392617,-0.15806489538048693
aaa,-0.23061466221160787,3,-0.15009217204153102,-0.10629696728426541,0.17356994197330206,0.0789619715643222,-0.10915512207170804,0.22891511795817274,-0.6006525638193446,0.3433304357280979,-0.07015464955775,-0.23772039581332746,0.3843698725248469,0.11134971457424683,0.08616187109210123,0.18536587502325064,0.1470336118200215,-0.2669929709042672,-0.07477217999392617,-0.15806489538048693
aaa,-0.10711805838331791,3,-0.12530861403076754,-0.05674070913815721,0.17304108730016066,0.04635472672243885,-0.07190047443261878,0.14942272460957876,0.007968847777757963,0.6279350747364215,0.1757303502562803,0.49600021358285545,0.19178740011738046,0.21432593274295542,-0.25737757670702394,-0.12015808252458622,0.1334719943061074,-0.16483332282205806,-0.20008719141887002,0.04251154455797557
aaa,-0.19496121876200379,3,-0.20257626255262562,-0.03579025848357842,0.043888162481339886,0.05914213588712751,-0.301353913722668,0.17484666682987962,-0.13397438101546608,0.05160116484619165,0.057419691056258104,-0.1292521054415035,0.18487940673533967,0.16275900111335823,0.06238416306038928,0.6457087829650309,0.07244531889419882,0.5179730136861485,-0.06145878375265302,-0.17729472188645676
aaa,-0.09714521096874691,3,-0.20257626255262562,-0.03579025848357842,0.043888162481339886,0.05914213588712751,-0.301353913722668,0.17484666682987962,-0.13397438101546608,0.05160116484619165,0.057419691056258104,-0.1292521054415035,0.18487940673533967,0.16275900111335823,0.06238416306038928,0.6457087829650309,0.07244531889419882,0.5179730136861485,-0.06145878375265302,-0.17729472188645676
aaa,-0.20386300288415862,3,-0.20257626255262562,-0.03579025848357842,0.043888162481339886,0.05914213588712751,-0.301353913722668,0.17484666682987962,-0.13397438101546608,0.05160116484619165,0.057419691056258104,-0.1292521054415035,0.18487940673533967,0.16275900111335823,0.06238416306038928,0.6457087829650309,0.07244531889419882,0.5179730136861485,-0.06145878375265302,-0.17729472188645676
aaa,-0.195612327691985,3,-0.03381795176433082,-0.21610183540687922,0.17400748102934852,0.09621866662930802,-0.09430909040062922,-0.054616928226934154,-0.6389976395292811,0.1933700563640356,-0.10099087099596377,-0.33910483960231763,0.37113456126373323,0.11395945169109849,0.20759137800876612,0.1971590768011014,0.09538354220737935,-0.25372518169570046,-0.03101626694601486,-0.15070264162227545
aaa,-0.21390873358579268,3,-0.03381795176433082,-0.21610183540687922,0.17400748102934852,0.09621866662930802,-0.09430909040062922,-0.054616928226934154,-0.6389976395292811,0.1933700563640356,-0.10099087099596377,-0.33910483960231763,0.37113456126373323,0.11395945169109849,0.20759137800876612,0.1971590768011014,0.09538354220737935,-0.25372518169570046,-0.03101626694601486,-0.15070264162227545
aaa,0.0059416738446946135,3,-0.05749780429709349,-0.033800639068095384,0.11573332857436952,0.04113653194848534,0.11164098954170594,0.09562473921433524,0.017717399987314576,0.6098474362041335,0.16369620358000356,0.5473274295541876,0.17716495621617154,0.22145477640407207,-0.22941899470733199,-0.16105843253716237,0.1259082431404209,-0.18690395579394106,-0.21817956238413944,0.05361816047714338
aaa,-0.10064573380749599,3,-0.05749780429709349,-0.033800639068095384,0.11573332857436952,0.04113653194848534,0.11164098954170594,0.09562473921433524,0.017717399987314576,0.6098474362041335,0.16369620358000356,0.5473274295541876,0.17716495621617154,0.22145477640407207,-0.22941899470733199,-0.16105843253716237,0.1259082431404209,-0.18690395579394106,-0.21817956238413944,0.05361816047714338
aaa,0.04904426999738745,3,-0.22625399334370905,0.11783670313270078,0.05756941243865037,0.026491915940601,-0.3747741088550848,0.1417786160026668,-0.05181701712952038,0.09602943122659269,0.2137198210955248,-0.06543624584914351,0.028673343967207283,0.1545533344966335,0.3692332506166622,0.5516573169296061,-0.18310414517257595,0.31160114819404006,0.23762370078304604,-0.23670814525962292
aaa,-0.18317722340401033,3,-0.22625399334370905,0.11783670313270078,0.05756941243865037,0.026491915940601,-0.3747741088550848,0.1417786160026668,-0.05181701712952038,0.09602943122659269,0.2137198210955248,-0.06543624584914351,0.028673343967207283,0.1545533344966335,0.3692332506166622,0.5516573169296061,-0.18310414517257595,0.31160114819404006,0.23762370078304604,-0.23670814525962292
aaa,-0.12081419515350603,3,-0.22625399334370905,0.11783670313270078,0.05756941243865037,0.026491915940601,-0.3747741088550848,0.1417786160026668,-0.05181701712952038,0.09602943122659269,0.2137198210955248,-0.06543624584914351,0.028673343967207283,0.1545533344966335,0.3692332506166622,0.5516573169296061,-0.18310414517257595,0.31160114819404006,0.23762370078304604,-0.23670814525962292
aaa,-0.20114531497582744,3,-0.22625399334370905,0.11783670313270078,0.05756941243865037,0.026491915940601,-0.3747741088550848,0.1417786160026668,-0.05181701712952038,0.09602943122659269,0.2137198210955248,-0.06543624584914351,0.028673343967207283,0.1545533344966335,0.3692332506166622,0.5516573169296061,-0.18310414517257595,0.31160114819404006,0.23762370078304604,-0.23670814525962292
aaa,0.028877395235831303,3,-0.06907692307655658,-0.02917332404264162,0.08646507802168722,0.0254233738405092,-0.19429791475922162,0.07384790822175401,-0.1808347685096449,-0.15805453453251456,0.19137525296549218,0.0008512321916877351,0.10776199908970589,0.024346511793396947,-0.09166046744852877,-0.06051187561305556,-0.153865948187446,-0.02573055248903674,-0.7885003352037617,0.42237848444303355
aaa,-0.7045484708710299,3,-0.06907692307655658,-0.02917332404264162,0.08646507802168722,0.0254233738405092,-0.19429791475922162,0.07384790822175401,-0.1808347685096449,-0.15805453453251456,0.19137525296549218,0.0008512321916877351,0.10776199908970589,0.024346511793396947,-0.09166046744852877,-0.06051187561305556,-0.153865948187446,-0.02573055248903674,-0.7885003352037617,0.42237848444303355
aaa,-0.34856984396320523,3,-0.09610915744531896,-0.0921903088708339,0.15228821468101442,0.05206695306648283,-0.28854536853820223,0.13701181118064143,-0.40201121502676984,-0.38240458136743394,0.3229799277692548,-0.03420698239189221,0.23808767359863647,3.934348620627387e-05,-0.28918019392029853,-0.2909857567186748,-0.24275632605192737,-0.03962450102155828,-0.13113710563233788,0.3719097983267516
aaa,-0.0856141968663205,3,-0.18819209415898985,-0.020070688726132824,0.11376348874557818,0.0433782750897184,-0.10127874867844186,-0.10712641396397395,-0.34103119557394573,-0.22759893845791415,0.624859790371503,-0.07478676356708652,0.27880964594516944,0.12657118080194646,-0.29849018421057055,-0.21937570768202727,-0.20911505280371548,-0.11524867900072555,0.16721573164826437,-0.21800833665828978
aaa,0.028110053404812922,3,-0.1753009681195453,0.020186311757504516,0.019560322431735864,0.012179429504581969,-0.03686819657597168,0.13937265763883533,0.4038531580314231,0.26445995645026366,0.3705097899784657,0.4201624739432562,-0.22139075026790078,-0.1576167914515138,0.41438175289356916,0.1956435975919855,-0.04979078893397554,0.28292305026614134,-0.09553150850208508,0.1587459305015199
aaa,-0.13983473493986046,3,-0.1753009681195453,0.020186311757504516,0.019560322431735864,0.012179429504581969,-0.03686819657597168,0.13937265763883533,0.4038531580314231,0.26445995645026366,0.3705097899784657,0.4201624739432562,-0.22139075026790078,-0.1576167914515138,0.41438175289356916,0.1956435975919855,-0.04979078893397554,0.28292305026614134,-0.09553150850208508,0.1587459305015199
aaa,-0.08243796100369855,3,-0.1753009681195453,0.020186311757504516,0.019560322431735864,0.012179429504581969,-0.03686819657597168,0.13937265763883533,0.4038531580314231,0.26445995645026366,0.3705097899784657,0.4201624739432562,-0.22139075026790078,-0.1576167914515138,0.41438175289356916,0.1956435975919855,-0.04979078893397554,0.28292305026614134,-0.09553150850208508,0.1587459305015199
aaa,-0.21266722530742735,3,-0.1753009681195453,0.020186311757504516,0.019560322431735864,0.012179429504581969,-0.03686819657597168,0.13937265763883533,0.4038531580314231,0.26445995645026366,0.3705097899784657,0.4201624739432562,-0.22139075026790078,-0.1576167914515138,0.41438175289356916,0.1956435975919855,-0.04979078893397554,0.28292305026614134,-0.09553150850208508,0.1587459305015199
aaa,-0.10467051564322584,3,-0.21435875477821337,0.022803183215040268,0.11344683367631708,0.03482649496316275,-0.0970174387651134,-0.33307061174127156,-0.05762628110401409,-0.19679230652929125,0.06779789159151305,-0.05116887339734909,0.03680396389273346,0.5102368851418774,-0.17250098997927957,-0.24161291574405827,0.28375843383736704,-0.11583465217613478,0.31877998747246916,-0.4737607491056131
aaa,-0.14957516804658522,3,-0.041633678523205514,-0.2038622125392635,0.09573874765971985,-0.17294317098140763,-0.07009389149593162,0.16269306127967287,0.1291153949914922,-0.15184786841245426,-0.17998240977517385,-0.044378322425682674,-0.018263598242389274,-0.7227886197585299,-0.08304381899744516,-0.1841870833103287,0.21594371246326252,-0.09311764401949363,0.252004009732207,-0.3602374612717924
aaa,-0.22328931035635755,3,-0.041633678523205514,-0.2038622125392635,0.09573874765971985,-0.17294317098140763,-0.07009389149593162,0.16269306127967287,0.1291153949914922,-0.15184786841245426,-0.17998240977517385,-0.044378322425682674,-0.018263598242389274,-0.7227886197585299,-0.08304381899744516,-0.1841870833103287,0.21594371246326252,-0.09311764401949363,0.252004009732207,-0.3602374612717924
aaa,0.05358519567416559,3,0.004407019363088268,0.20460020263337667,-0.0377689836326919,0.8140771169527979,0.002890393292768502,-0.09236125024705943,-0.09188935022177178,0.10604734582915436,0.11589799456613784,0.024404405346044145,0.03658567345236392,0.39061740407553275,0.03666656056177871,0.10367053625963997,-0.11407823969488236,0.05624331500105921,-0.1573428323871348,0.2115852374498433
aaa,0.285489288560472,3,0.004407019363088268,0.20460020263337667,-0.0377689836326919,0.8140771169527979,0.002890393292768502,-0.09236125024705943,-0.09188935022177178,0.10604734582915436,0.11589799456613784,0.024404405346044145,0.03658567345236392,0.39061740407553275,0.03666656056177871,0.10367053625963997,-0.11407823969488236,0.05624331500105921,-0.1573428323871348,0.2115852374498433
aaa,-0.06855426348990906,3,-0.10252121071506547,0.22939679518945733,-0.2954118984113191,0.0009870348008956542,0.40979626649449175,-0.15900600076723465,0.17977615067082828,-0.18066267039718395,-0.37157630771485056,-0.019296897606734687,-0.05582953160021831,-0.5436141586425426,-0.029983432978743133,0.024034960516213268,-0.21076733124709526,-0.15156163394281763,0.21560363005431335,-0.19746638738514738
aaa,-0.13242757774991668,3,-0.03753929105939827,0.33865413885679574,-0.4174794676632905,-0.03332679060667034,0.411582925969951,-0.35625105600280066,0.08559717672320255,-0.05709266104623723,-0.30814403565705456,-0.017771828558488034,0.02763297248746225,0.19592371242688775,0.08729347164137193,0.18461944495681828,-0.41911194232904936,-0.13080784479767998,0.17671317946494053,-0.03855917192526725
aaa,0.011269331513273273,4,-0.07084174520469157,0.3688538213533913,-0.4760862816713107,-0.03525762214501194,0.3509677036382516,-0.2042748826971908,0.1056598062627418,-0.04169790047161766,-0.36148425218441677,-0.022624341174977754,0.026378093912918135,0.12318324877020415,0.10162309522013342,0.21189076456215347,-0.4549471456252613,-0.12615625701834648,0.16334479423036885,-0.036964468583812124
aaa,0.022725732070319613,4,-0.07084174520469157,0.3688538213533913,-0.4760862816713107,-0.03525762214501194,0.3509677036382516,-0.2042748826971908,0.1056598062627418,-0.04169790047161766,-0.36148425218441677,-0.022624341174977754,0.026378093912918135,0.12318324877020415,0.10162309522013342,0.21189076456215347,-0.4549471456252613,-0.12615625701834648,0.16334479423036885,-0.036964468583812124
aaa,-0.1064074630515736,4,-0.07084174520469157,0.3688538213533913,-0.4760862816713107,-0.03525762214501194,0.3509677036382516,-0.2042748826971908,0.1056598062627418,-0.04169790047161766,-0.36148425218441677,-0.022624341174977754,0.026378093912918135,0.12318324877020415,0.10162309522013342,0.21189076456215347,-0.4549471456252613,-0.12615625701834648,0.16334479423036885,-0.036964468583812124
aaa,-0.0043218368622253995,4,-0.07084174520469157,0.3688538213533913,-0.4760862816713107,-0.03525762214501194,0.3509677036382516,-0.2042748826971908,0.1056598062627418,-0.04169790047161766,-0.36148425218441677,-0.022624341174977754,0.026378093912918135,0.12318324877020415,0.10162309522013342,0.21189076456215347,-0.4549471456252613,-0.12615625701834648,0.16334479423036885,-0.036964468583812124
aaa,0.18350927223874575,4,-0.06553608289815238,-0.13301464035453514,-0.2255713793015281,-0.022379103656368898,0.1601510009705171,-0.2285125450856042,0.0825465409843018,0.3281584883806459,-0.18746142942079416,-0.006333403863404982,0.046373140900954214,-0.2934928725226297,0.24985888366602577,0.30556629998936197,-0.4025726273137232,0.13420694265681238,-0.25012947733492913,0.46081337439373826
aaa,0.3139520951788954,4,-0.06553608289815238,-0.13301464035453514,-0.2255713793015281,-0.022379103656368898,0.1601510009705171,-0.2285125450856042,0.0825465409843018,0.3281584883806459,-0.18746142942079416,-0.006333403863404982,0.046373140900954214,-0.2934928725226297,0.24985888366602577,0.30556629998936197,-0.4025726273137232,0.13420694265681238,-0.25012947733492913,0.46081337439373826
aaa,0.21247688879968488,4,-0.06553608289815238,-0.13301464035453514,-0.2255713793015281,-0.022379103656368898,0.1601510009705171,-0.2285125450856042,0.0825465409843018,0.3281584883806459,-0.18746142942079416,-0.006333403863404982,0.046373140900954214,-0.2934928725226297,0.24985888366602577,0.30556629998936197,-0.4025726273137232,0.13420694265681238,-0.25012947733492913,0.46081337439373826
aaa,-0.16510457260348085,4,0.13993914912959254,-0.02478798316370956,0.2111150644152391,0.04710991076052383,-0.21269787911992935,0.18813549533975316,-0.22969504554809814,-0.48057215954129584,0.07565551513726876,-0.1383655984568696,-0.5388260117666887,-0.17328084606514776,-0.013406228987839284,-0.2750106656903104,0.3061956461694229,-0.08961688223352811,-0.08858979402865699,-0.19492225869893667
aaa,-0.08628257080937095,4,0.13993914912959254,-0.02478798316370956,0.2111150644152391,0.04710991076052383,-0.21269787911992935,0.18813549533975316,-0.22969504554809814,-0.48057215954129584,0.07565551513726876,-0.1383655984568696,-0.5388260117666887,-0.17328084606514776,-0.013406228987839284,-0.2750106656903104,0.3061956461694229,-0.08961688223352811,-0.08858979402865699,-0.19492225869893667
aaa,-0.21463018711978687,4,0.13993914912959254,-0.02478798316370956,0.2111150644152391,0.04710991076052383,-0.21269787911992935,0.18813549533975316,-0.22969504554809814,-0.48057215954129584,0.07565551513726876,-0.1383655984568696,-0.5388260117666887,-0.17328084606514776,-0.013406228987839284,-0.2750106656903104,0.3061956461694229,-0.08961688223352811,-0.08858979402865699,-0.19492225869893667
aaa,0.039311346577008084,4,0.060355601777419984,-0.14853118669787435,0.1280969027774574,0.061113678690441944,-0.12547676339714,0.13613891470827819,0.04302590364825158,0.4314390579177618,0.1481238315402644,0.22577947357673586,0.34439134019082307,0.21934863307870908,-0.27594216402612604,-0.36423232121585203,0.24259247148849578,-0.26424909339954933,-0.3734005743428062,0.12381711898745579
aaa,-0.07430850599096799,4,0.060355601777419984,-0.14853118669787435,0.1280969027774574,0.061113678690441944,-0.12547676339714,0.13613891470827819,0.04302590364825158,0.4314390579177618,0.1481238315402644,0.22577947357673586,0.34439134019082307,0.21934863307870908,-0.27594216402612604,-0.36423232121585203,0.24259247148849578,-0.26424909339954933,-0.3734005743428062,0.12381711898745579
aaa,-0.032908500867905206,4,0.060355601777419984,-0.14853118669787435,0.1280969027774574,0.061113678690441944,-0.12547676339714,0.13613891470827819,0.04302590364825158,0.4314390579177618,0.1481238315402644,0.22577947357673586,0.34439134019082307,0.21934863307870908,-0.27594216402612604,-0.36423232121585203,0.24259247148849578,-0.26424909339954933,-0.3734005743428062,0.12381711898745579
aaa,0.003898982999838312,4,0.04718044631422286,-0.03565703355141714,0.13812683601977865,0.033826893950255,-0.15056672521801798,0.15402906355341428,0.1242104024631227,0.6016203618489392,0.16172794041900512,0.4780201879000675,0.18669030222894245,0.2413117737095703,-0.1798912018454237,-0.16579784000111722,0.17064436442042788,-0.1572602175885908,-0.2963005480037924,0.057190898365114894
aaa,-0.10039010617785114,4,0.04718044631422286,-0.03565703355141714,0.13812683601977865,0.033826893950255,-0.15056672521801798,0.15402906355341428,0.1242104024631227,0.6016203618489392,0.16172794041900512,0.4780201879000675,0.18669030222894245,0.2413117737095703,-0.1798912018454237,-0.16579784000111722,0.17064436442042788,-0.1572602175885908,-0.2963005480037924,0.057190898365114894
aaa,0.024251507167951554,4,-0.01985551189361636,0.06513344873935789,0.18439903065554258,0.04778791537873521,-0.32422651835258093,0.23146498493335474,-0.274338822708859,-0.07298415230182269,0.05447769547673003,-0.23238856786345607,0.3358808860426344,0.1563311176155838,0.3151937232218381,0.5435396103951639,0.018698838547952054,-0.07855871472813462,0.19411107391717833,-0.29424323673661795
aaa,-0.11688540176124171,4,-0.01985551189361636,0.06513344873935789,0.18439903065554258,0.04778791537873521,-0.32422651835258093,0.23146498493335474,-0.274338822708859,-0.07298415230182269,0.05447769547673003,-0.23238856786345607,0.3358808860426344,0.1563311176155838,0.3151937232218381,0.5435396103951639,0.018698838547952054,-0.07855871472813462,0.19411107391717833,-0.29424323673661795
aaa,0.11749315182440284,4,-0.012919778327560557,0.04459491841752555,-0.13540806482019646,-0.03794168255704487,0.11608405622996809,0.13506254170254886,-0.1362919399042525,-0.5556466282143878,-0.1601548086920026,-0.21917677666831153,-0.13809049891291272,-0.4134696889683298,0.24295889576845037,0.30288285550593774,-0.1931869255784122,0.2960669349869709,0.2688017697493073,-0.0855624923173298
aaa,-0.059588322150775676,4,-0.012919778327560557,0.04459491841752555,-0.13540806482019646,-0.03794168255704487,0.11608405622996809,0.13506254170254886,-0.1362919399042525,-0.5556466282143878,-0.1601548086920026,-0.21917677666831153,-0.13809049891291272,-0.4134696889683298,0.24295889576845037,0.30288285550593774,-0.1931869255784122,0.2960669349869709,0.2688017697493073,-0.0855624923173298
aaa,-0.12840233210762947,4,0.10316550831384878,-0.11038461871696048,0.17696767184639403,0.06298793887615377,-0.30705907066480187,0.18480329469005224,0.02609773604461415,-0.15270864104556892,0.005226243935581343,-0.07289735589866805,-0.1229210381340163,-0.5090818702487091,0.21266647841371303,0.5804525031424327,0.12031733415843318,0.20553257152217014,-0.004368919605373698,-0.26634963661735483
aaa,-0.2563421110377465,4,0.10316550831384878,-0.11038461871696048,0.17696767184639403,0.06298793887615377,-0.30705907066480187,0.18480329469005224,0.02609773604461415,-0.15270864104556892,0.005226243935581343,-0.07289735589866805,-0.1229210381340163,-0.5090818702487091,0.21266647841371303,0.5804525031424327,0.12031733415843318,0.20553257152217014,-0.004368919605373698,-0.26634963661735483
aaa,0.15686303808537969,4,-0.1554466091374217,0.12763838834267102,-0.20334789648846924,-0.06324164909954848,0.2981518646221702,-0.1768266314568517,0.28021517519943095,0.38347541163284476,-0.016592258813639727,0.2033082006030247,0.5266979058838548,0.016561159963748972,-0.14978669070535314,-0.2906158840284945,-0.16089816935977497,0.2238407503015688,-0.07699377784686648,0.2456618002007066
aaa,0.34384729128629676,4,-0.1554466091374217,0.12763838834267102,-0.20334789648846924,-0.06324164909954848,0.2981518646221702,-0.1768266314568517,0.28021517519943095,0.38347541163284476,-0.016592258813639727,0.2033082006030247,0.5266979058838548,0.016561159963748972,-0.14978669070535314,-0.2906158840284945,-0.16089816935977497,0.2238407503015688,-0.07699377784686648,0.2456618002007066
aaa,-0.16433560864202654,4,0.2589704034377834,-0.23861970660432885,0.2570537352252211,0.10074192874621232,-0.2762356040129527,0.24699253024440132,-0.37728139479434997,0.06647023963371877,0.07113560284929642,-0.37558503520434766,0.44317371349824003,0.1303549358145896,0.0787359036860381,-0.03644975643588586,0.2100191826057456,-0.24751703871080483,-0.13193466874759877,-0.16084550454368485
aaa,-0.10948564021255405,4,0.15794448721421314,-0.14017315504060956,0.17777521842475094,0.05860676691986921,-0.1876249228285896,0.150446821866632,0.13787993213949773,0.51613417965359,0.12343943465039274,0.4430627186448017,0.19944189826578737,0.3173137019542678,-0.21605978964670985,-0.2174119707643369,0.19598749876946106,-0.16349635855560407,-0.25040089054641823,0.05765443273099773
aaa,-0.17130420069471258,4,0.04830956963164687,-0.11871390693251183,0.19657952619489172,0.052433037702097916,-0.31067244931057403,0.13499728430428815,0.09021826773416813,0.005396495903501643,0.2623698353469703,-0.061557015057220714,0.04897945906846167,-0.21765697125637967,0.4303596936740654,0.43828547887872793,-0.24653297823232428,0.1925747135577336,0.4264158967306292,-0.19967961829486053
aaa,-0.1775263762199397,4,0.04830956963164687,-0.11871390693251183,0.19657952619489172,0.052433037702097916,-0.31067244931057403,0.13499728430428815,0.09021826773416813,0.005396495903501643,0.2623698353469703,-0.061557015057220714,0.04897945906846167,-0.21765697125637967,0.4303596936740654,0.43828547887872793,-0.24653297823232428,0.1925747135577336,0.4264158967306292,-0.19967961829486053
aaa,-0.22525181620189313,4,0.04830956963164687,-0.11871390693251183,0.19657952619489172,0.052433037702097916,-0.31067244931057403,0.13499728430428815,0.09021826773416813,0.005396495903501643,0.2623698353469703,-0.061557015057220714,0.04897945906846167,-0.21765697125637967,0.4303596936740654,0.43828547887872793,-0.24653297823232428,0.1925747135577336,0.4264158967306292,-0.19967961829486053
aaa,-0.12138727075777198,4,0.02021950074791816,-0.13397539108603523,0.21881998745969425,0.054969359864455315,-0.2718619504717612,0.15798377784856324,-0.1379227801203058,-0.22057689571150635,0.7006229243533808,-0.03205401323442202,0.1038018303609776,0.06528979985340735,-0.12389356864628218,-0.1567772501215052,-0.15972558794177474,-0.11289107134837323,0.3370165976052399,-0.25591054631259397
aaa,0.027597566392494097,4,-0.12581670982211196,-0.04971445271296249,0.08804140090065699,0.0266046758957427,-0.07026253601813326,0.1269381818314749,0.3554657421678505,0.3174548225008428,0.37988148411304223,0.4298657034275826,-0.20712957580989264,-0.16542903198588355,0.38598276560554745,0.2192793901326683,-0.032060165248781906,0.2936722292263519,-0.19109025176835384,0.0695643136921463
aaa,-0.12824343537057636,4,-0.12581670982211196,-0.04971445271296249,0.08804140090065699,0.0266046758957427,-0.07026253601813326,0.1269381818314749,0.3554657421678505,0.3174548225008428,0.37988148411304223,0.4298657034275826,-0.20712957580989264,-0.16542903198588355,0.38598276560554745,0.2192793901326683,-0.032060165248781906,0.2936722292263519,-0.19109025176835384,0.0695643136921463
aaa,-0.1806389452236056,4,-0.12581670982211196,-0.04971445271296249,0.08804140090065699,0.0266046758957427,-0.07026253601813326,0.1269381818314749,0.3554657421678505,0.3174548225008428,0.37988148411304223,0.4298657034275826,-0.20712957580989264,-0.16542903198588355,0.38598276560554745,0.2192793901326683,-0.032060165248781906,0.2936722292263519,-0.19109025176835384,0.0695643136921463
aaa,-0.11955312819695149,4,-0.12581670982211196,-0.04971445271296249,0.08804140090065699,0.0266046758957427,-0.07026253601813326,0.1269381818314749,0.3554657421678505,0.3174548225008428,0.37988148411304223,0.4298657034275826,-0.20712957580989264,-0.16542903198588355,0.38598276560554745,0.2192793901326683,-0.032060165248781906,0.2936722292263519,-0.19109025176835384,0.0695643136921463
aaa,-0.20707379004342497,4,-0.12581670982211196,-0.04971445271296249,0.08804140090065699,0.0266046758957427,-0.07026253601813326,0.1269381818314749,0.3554657421678505,0.3174548225008428,0.37988148411304223,0.4298657034275826,-0.20712957580989264,-0.16542903198588355,0.38598276560554745,0.2192793901326683,-0.032060165248781906,0.2936722292263519,-0.19109025176835384,0.0695643136921463
aaa,-0.21218462575035998,4,-0.12581670982211196,-0.04971445271296249,0.08804140090065699,0.0266046758957427,-0.07026253601813326,0.1269381818314749,0.3554657421678505,0.3174548225008428,0.37988148411304223,0.4298657034275826,-0.20712957580989264,-0.16542903198588355,0.38598276560554745,0.2192793901326683,-0.032060165248781906,0.2936722292263519,-0.19109025176835384,0.0695643136921463
aaa,-0.13060470830383208,4,-0.03768705513110404,0.030596741450974366,0.13408772100793934,0.017237348248564238,-0.026100624637212157,-0.6579121144303041,0.017856402094148714,-0.11869502053887708,0.05068879458876295,-0.05551517653535306,0.09486805569403638,0.3560134086786043,-0.07510234752641486,-0.20615098418404332,0.2542884676286523,-0.10536172958471407,0.28152142370409866,0.43229217513175366
aaa,-0.3414193074699048,4,-0.03768705513110404,0.030596741450974366,0.13408772100793934,0.017237348248564238,-0.026100624637212157,-0.6579121144303041,0.017856402094148714,-0.11869502053887708,0.05068879458876295,-0.05551517653535306,0.09486805569403638,0.3560134086786043,-0.07510234752641486,-0.20615098418404332,0.2542884676286523,-0.10536172958471407,0.28152142370409866,0.43229217513175366
aaa,-0.15687454359158284,4,-0.06046200325430197,0.03594751739146873,0.19353241104206875,0.028278714154302633,-0.02993301280768718,0.20914609914027205,0.07801621833867618,-0.23744280338879076,-0.0255958099402873,-0.05609308350651605,0.17348853067206502,0.47542017043191837,-0.08923586304992959,-0.27151275602525143,0.36289869559001625,-0.1507662025817055,0.36646455698567193,-0.46836456346769084
aaa,-0.05937913298131869,4,-0.030215313713535134,0.049089766852760425,0.10968809946416601,0.018059242232642516,0.04807915471705463,0.15371809296890673,0.08401541434918351,-0.20488852444862043,-0.04909276717660119,-0.03129155503671664,0.1405869616994735,0.34123623957197446,-0.049478315098393295,-0.19476805814140735,0.24384093980423185,-0.11237843147862214,0.3215129546853041,0.7442473631350938
aaa,-0.4973471220295979,4,-0.030215313713535134,0.049089766852760425,0.10968809946416601,0.018059242232642516,0.04807915471705463,0.15371809296890673,0.08401541434918351,-0.20488852444862043,-0.04909276717660119,-0.03129155503671664,0.1405869616994735,0.34123623957197446,-0.049478315098393295,-0.19476805814140735,0.24384093980423185,-0.11237843147862214,0.3215129546853041,0.7442473631350938
aaa,-0.06671091176954198,4,-0.031788825125614095,0.08413370758437128,0.11143296723364841,0.02068899594153317,0.1011290720920995,0.20978744788599857,0.1190231876124968,-0.2705083612377612,-0.08227007840106632,-0.04515903389239652,0.1889774713913578,0.4721651644884974,-0.05969295482817099,-0.25414983962771115,0.3174636245572505,-0.15524209358887928,0.3978984250798478,-0.4676158203622034
aaa,-0.2654557491218684,4,-0.031788825125614095,0.08413370758437128,0.11143296723364841,0.02068899594153317,0.1011290720920995,0.20978744788599857,0.1190231876124968,-0.2705083612377612,-0.08227007840106632,-0.04515903389239652,0.1889774713913578,0.4721651644884974,-0.05969295482817099,-0.25414983962771115,0.3174636245572505,-0.15524209358887928,0.3978984250798478,-0.4676158203622034
aaa,-0.05382196271251014,4,-0.019518867868747194,0.08466331509392204,0.03565877940068811,0.00922175656922366,0.14284159352571,0.15482856713323867,0.08783862051961489,-0.18737498436335154,-0.08289527065508627,-0.03274437689601431,0.13736450041455692,0.34876241636418565,-0.039332478100757566,-0.1789741585282984,0.21298923218898946,-0.11508856946463678,0.343278380850378,0.7385236979604696
aaa,-0.4446134773141006,4,-0.019518867868747194,0.08466331509392204,0.03565877940068811,0.00922175656922366,0.14284159352571,0.15482856713323867,0.08783862051961489,-0.18737498436335154,-0.08289527065508627,-0.03274437689601431,0.13736450041455692,0.34876241636418565,-0.039332478100757566,-0.1789741585282984,0.21298923218898946,-0.11508856946463678,0.343278380850378,0.7385236979604696
aaa,-0.1575466808836937,4,-0.02963612352452045,0.12216615571603384,0.011694053999926762,0.014125005104209767,0.19153303135197622,0.22361468742074123,0.1512127460241079,-0.27920135421555453,-0.19185699366924852,-0.04169618204372244,0.14526646065518894,0.29561850234368514,-0.045522629724579336,-0.2249366233469102,0.2666673368339964,-0.17098142004849132,0.4173056858039134,-0.5675865372000635
aaa,0.17881221886662155,4,-0.027901643831599945,-0.19756730092248598,0.1610988931079275,0.0015948981234351106,-0.6198682514876659,-0.1704133659417877,-0.17042164742337212,0.2383092388157077,0.30765877176280193,0.011171174719776076,-0.021555229349396646,0.48310166582270253,-0.025293536617801857,0.03865996469353042,0.15029199660003656,0.17535304714765843,-0.1889993708805898,0.12368917189263262
aaa,0.2405363331295742,4,-0.027901643831599945,-0.19756730092248598,0.1610988931079275,0.0015948981234351106,-0.6198682514876659,-0.1704133659417877,-0.17042164742337212,0.2383092388157077,0.30765877176280193,0.011171174719776076,-0.021555229349396646,0.48310166582270253,-0.025293536617801857,0.03865996469353042,0.15029199660003656,0.17535304714765843,-0.1889993708805898,0.12368917189263262
aaa,0.20315252731592887,4,-0.027901643831599945,-0.19756730092248598,0.1610988931079275,0.0015948981234351106,-0.6198682514876659,-0.1704133659417877,-0.17042164742337212,0.2383092388157077,0.30765877176280193,0.011171174719776076,-0.021555229349396646,0.48310166582270253,-0.025293536617801857,0.03865996469353042,0.15029199660003656,0.17535304714765843,-0.1889993708805898,0.12368917189263262
aaa,0.08036396200204148,4,0.07844428936049168,-0.5352751763259359,0.47077175650608105,0.0069843235312999335,-0.39557861681015655,-0.046031072313334434,-0.04613040049166061,-0.03978607186120062,0.24468575572530554,0.04961271858977889,-0.0560004616644894,-0.12047188639463781,-0.06578404545734513,-0.14570586805320432,0.44747704235351504,-0.0031852117010110295,-0.131659141884302,0.014836348205459165
Pa0l0l0,-0.07661160594989161,1,0.1268624954793901,0.3318719533599477,0.0570075449243845,0.1817388745308188,-0.04602940446474959,-0.1586814303581427,0.46559594692724976,0.18361211112735584,0.06368494041564411,0.0481380429942947,-0.09946063008046324,-0.3555070714203991,-0.027451004220499575,0.17534998759509748,0.415916649835806,-0.14771695570573903,-0.3599405194767808,-0.24734690217189026
Pa0l0l0,-0.10323627630371814,2,0.09324272858171176,0.2709524899697653,0.09367924142948662,0.19986068842883165,-0.07575456490078543,-0.1683016152813395,0.3593543034334018,0.18113449875490076,0.07424973394137133,-0.11077889474808306,-0.1884433563015811,-0.5057343984938889,-0.047471822644761914,0.18832204846423628,0.38909400911618863,-0.15380568746919943,-0.3872270384527643,0.037201953723517124
Pa0l0l0,-0.06749144421770807,2,-0.13432806865808145,0.05327463238340446,0.3551151727455613,0.28036758536410283,-0.15525574592933228,-0.15854564872581928,0.027360536586224133,-0.08626093310088377,0.019476923669456057,0.12111192003471849,-0.25298575690889863,0.2181828759560803,-0.09591843361775497,-0.008607706402341356,0.2525389702809274,-0.1228929893373794,-0.38872400831871,0.5925048337132522
Pa0l0l0,-0.06803471146165094,2,-0.1597659604497749,-0.2442768584200219,0.46508549428821555,-0.4468530831884225,-0.10469143611704351,0.40458823893471235,-0.047927404984904984,0.07058007127329426,0.16708965848393093,-0.011266521485082103,-0.19680048908203487,0.2285789750839318,-0.016830997178522655,-0.31978754128074555,0.10416015893909909,-0.19164363876955812,0.20050981783406785,0.08682225512106627
Pa0l0l0,-0.13823836323585653,2,-0.21359526537118675,-0.31261033653913106,0.4691909274847864,-0.3404887700480071,-0.12143274500258379,0.2959804750370255,-0.11261935289446202,-0.1691541888200528,0.055286953606282,0.04100525401644755,0.12655882125607407,-0.15031923934439304,-0.11156941374192773,-0.39685091304885955,0.09155927484709216,0.34300801896864175,0.1557174550038203,0.11557466734491398
Pa0l0l0,-0.09517228066316323,2,-0.22258693531719248,-0.34414650102639277,0.4421012989428762,-0.3430937571636571,-0.15375978685854,-0.13473448597167445,-0.1127860999976376,-0.5504453786902394,-0.01883696949255975,0.11627229272428027,0.08853804994147571,-0.19194354068888525,-0.1585456843127881,-0.07530328679159515,0.1593047778094706,-0.15483178639328854,0.14790136749560023,-0.027507633096615018
Pa0l0l0,-0.07800889686444776,2,-0.17273571053697964,-0.3212667456490791,0.48442529254560296,-0.33687571266033994,-0.035722025035540575,0.36777027916558724,-0.08290929083134924,-0.19848283063885816,0.04980334491734178,-0.1480671660799404,0.1498290781721507,-0.11150755987232833,-0.06422088205684999,-0.4548407506672352,0.07777458500403515,0.13582777367153903,0.17439180670401147,0.10389690439800446
Pa0l0l0,-0.14188880889363123,2,-0.10847283390740693,-0.28666764773408493,0.29712463116594984,-0.2897030521408649,0.471206539193514,-0.028713616615268285,-0.12307294336645368,-0.5314273115371982,-0.027237530890613166,0.03569175382448654,0.22021623408703814,-0.1536505287699046,-0.08306731885858402,0.18036254727446327,0.25630532806435713,-0.1458800965440266,0.10462844697659529,-0.04417652385542112
Pa0l0l0,0.050477924806838805,2,-0.10680365883253225,-0.25429107265092754,0.3033501792779881,-0.343110789087098,-0.044688662733462774,0.3521336147697236,-0.055996394666617114,-0.46165161352829776,-0.12279472048730859,0.021890848697724657,0.23715038122345436,-0.1525918517440538,0.04395901771847526,-0.4733801700864118,-0.027047736455659794,-0.08158207260170569,0.0518198470334719,0.20187544490181433
Pa0l0l0,-0.1040375152184975,2,-0.10680365883253225,-0.25429107265092754,0.3033501792779881,-0.343110789087098,-0.044688662733462774,0.3521336147697236,-0.055996394666617114,-0.46165161352829776,-0.12279472048730859,0.021890848697724657,0.23715038122345436,-0.1525918517440538,0.04395901771847526,-0.4733801700864118,-0.027047736455659794,-0.08158207260170569,0.0518198470334719,0.20187544490181433
Pa0l0l0,-0.06559206889176405,2,-0.06933507161567701,0.08203093370952574,0.044582708644138186,0.14394128096280792,-0.008533798606145924,-0.10973305446630072,-0.3129061845541931,0.2078151838942914,0.4580010762985948,0.482517746384212,-0.059492286337566015,-0.13799614337628624,-0.06734185299965874,0.17958350712255247,0.49687325019350664,0.22053768951875186,0.11941924692953361,0.02843619800739697
Pa0l0l0,0.004635899546814922,2,-0.4133833746270189,0.10467407527758565,0.09842307902568376,0.1372676289473124,0.38331002228050437,0.1750904265289213,-0.36887472754915296,0.054047892813868584,0.3426039965542581,-0.016715369235889378,0.35880598193199226,0.07360393377641952,-0.4394271294180068,0.09686129032969422,0.005764758275785861,-0.07813495300405074,0.11148401031944373,0.013913153859094564
Pa0l0l0,0.010217309419357676,2,-0.4133833746270189,0.10467407527758565,0.09842307902568376,0.1372676289473124,0.38331002228050437,0.1750904265289213,-0.36887472754915296,0.054047892813868584,0.3426039965542581,-0.016715369235889378,0.35880598193199226,0.07360393377641952,-0.4394271294180068,0.09686129032969422,0.005764758275785861,-0.07813495300405074,0.11148401031944373,0.013913153859094564
Pa0l0l0,-0.05521389969078349,2,-0.4133833746270189,0.10467407527758565,0.09842307902568376,0.1372676289473124,0.38331002228050437,0.1750904265289213,-0.36887472754915296,0.054047892813868584,0.3426039965542581,-0.016715369235889378,0.35880598193199226,0.07360393377641952,-0.4394271294180068,0.09686129032969422,0.005764758275785861,-0.07813495300405074,0.11148401031944373,0.013913153859094564
Pa0l0l0,-0.000672002014502036,2,-0.4133833746270189,0.10467407527758565,0.09842307902568376,0.1372676289473124,0.38331002228050437,0.1750904265289213,-0.36887472754915296,0.054047892813868584,0.3426039965542581,-0.016715369235889378,0.35880598193199226,0.07360393377641952,-0.4394271294180068,0.09686129032969422,0.005764758275785861,-0.07813495300405074,0.11148401031944373,0.013913153859094564
Pa0l0l0,0.008543468667369799,3,0.33194537782345745,0.27866497750673025,-0.4118994487522842,0.19237350461976904,-0.10393138687404489,-0.19221752113368928,0.17487699148925118,0.10222084973158149,-0.15193217439365175,-0.06314218020472956,-0.2474912779235036,0.19911340202998337,0.22169771255747064,0.22836300490115827,-0.32859978018085734,-0.1723936401277666,-0.3113859342969582,-0.2297443836678367
Pa0l0l0,-0.07180852296635558,3,0.33194537782345745,0.27866497750673025,-0.4118994487522842,0.19237350461976904,-0.10393138687404489,-0.19221752113368928,0.17487699148925118,0.10222084973158149,-0.15193217439365175,-0.06314218020472956,-0.2474912779235036,0.19911340202998337,0.22169771255747064,0.22836300490115827,-0.32859978018085734,-0.1723936401277666,-0.3113859342969582,-0.2297443836678367
Pa0l0l0,-0.1391680858375876,3,0.03154478834955138,-0.3061327233716131,-0.08072341090765348,-0.40700354001444167,0.18536938637330547,0.002439545210649539,0.18764474564257141,-0.4983134004663411,-0.4426195089017138,-0.18525027325586188,0.09221632669032524,-0.22284301286876992,0.01610588427171118,-0.046031011866819564,-0.1686338641425899,-0.1414396409591329,0.21653246241504334,-0.17066138758788338
Pa0l0l0,-0.10886930760068426,3,0.0062852599061053805,-0.36742524538823984,0.01735541375018127,-0.3672408946146419,-0.1312569249098805,0.3313365425151055,0.17573888212729213,-0.2971241332106033,-0.32585676723501733,-0.18327327796443563,0.09777879265498346,-0.17544568271680125,0.03325290412312638,-0.413908974716537,-0.26596478715260563,0.14253061527794997,0.15133451534448056,0.13083779142477295
Pa0l0l0,0.09702531721042942,3,0.028555749964915004,0.4404508389958185,0.0076925439574383435,0.38086702679911744,0.17118805387548477,0.2221685345957962,-0.12629496868822704,0.3181485154197419,0.31921222569267554,0.17554247876349788,-0.0854087833240367,0.17502543847734878,0.021551775208470625,0.28293591382989813,0.29169894515577427,-0.28999671548356065,-0.1873534050192298,-0.09375823227585497
Pa0l0l0,-0.13105733801390135,3,-0.020106117232571892,-0.423188233235122,-0.06823110927860324,-0.3751569376547372,0.001411797797304734,0.02472559011469992,-0.05981844924790757,-0.5325008819875101,-0.48398183588864174,-0.027186420892001996,0.1457416203132093,-0.19277001340848035,0.02265298143706229,-0.03511999864315868,-0.14386856572607568,-0.17459638106204028,0.1808334340789047,-0.09139303496591789
Pa0l0l0,0.13811469309321947,3,0.022414264478114034,0.36086331711964237,0.06161090169794434,0.44483278843595214,0.08647565167206162,-0.37185202803272466,0.023343899952930427,0.10903635869602069,0.34735961760984685,-0.025840414119648474,-0.1706522758675342,0.1301360717300517,-0.11422334553336569,0.5192839590375966,0.17437157066041936,0.07422565505732126,-0.04014565957325048,-0.14766151599604177
Pa0l0l0,0.2033622402212245,3,0.022414264478114034,0.36086331711964237,0.06161090169794434,0.44483278843595214,0.08647565167206162,-0.37185202803272466,0.023343899952930427,0.10903635869602069,0.34735961760984685,-0.025840414119648474,-0.1706522758675342,0.1301360717300517,-0.11422334553336569,0.5192839590375966,0.17437157066041936,0.07422565505732126,-0.04014565957325048,-0.14766151599604177
Pa0l0l0,-0.053003563808583794,3,0.022414264478114034,0.36086331711964237,0.06161090169794434,0.44483278843595214,0.08647565167206162,-0.37185202803272466,0.023343899952930427,0.10903635869602069,0.34735961760984685,-0.025840414119648474,-0.1706522758675342,0.1301360717300517,-0.11422334553336569,0.5192839590375966,0.17437157066041936,0.07422565505732126,-0.04014565957325048,-0.14766151599604177
Pa0l0l0,0.16803007051868368,3,-0.13487172796823454,-0.12221447719329026,0.39754019534038976,-0.21100442527308508,0.1148228083452864,0.16457844091143156,0.2572456161697142,-0.2862201610975017,-0.23150185829003425,-0.2701328744452708,0.18384849991361613,-0.1632967453974112,-0.06324105887185635,-0.27751460516191245,-0.450017776971532,-0.21291428624991454,0.1424354162636941,0.1994076965911204
Pa0l0l0,0.2780953406343115,3,-0.13487172796823454,-0.12221447719329026,0.39754019534038976,-0.21100442527308508,0.1148228083452864,0.16457844091143156,0.2572456161697142,-0.2862201610975017,-0.23150185829003425,-0.2701328744452708,0.18384849991361613,-0.1632967453974112,-0.06324105887185635,-0.27751460516191245,-0.450017776971532,-0.21291428624991454,0.1424354162636941,0.1994076965911204
Pa0l0l0,0.013266238023859454,3,0.09066481984606951,0.06237301590232669,-0.25457482760092415,0.12963019356418623,-0.07031645923738918,-0.09939038033608649,-0.1766585076497047,0.1810476535365562,0.3099507071526582,0.6302685245434558,-0.062012743661775574,-0.1369581787868965,0.025131860324529902,0.1647832387403407,0.3835540651147914,0.2818177608749585,0.13532623664907054,0.19729057088914045
Pa0l0l0,-0.1801107115048193,3,0.09066481984606951,0.06237301590232669,-0.25457482760092415,0.12963019356418623,-0.07031645923738918,-0.09939038033608649,-0.1766585076497047,0.1810476535365562,0.3099507071526582,0.6302685245434558,-0.062012743661775574,-0.1369581787868965,0.025131860324529902,0.1647832387403407,0.3835540651147914,0.2818177608749585,0.13532623664907054,0.19729057088914045
Pa0l0l0,-0.17094225527089602,3,0.09066481984606951,0.06237301590232669,-0.25457482760092415,0.12963019356418623,-0.07031645923738918,-0.09939038033608649,-0.1766585076497047,0.1810476535365562,0.3099507071526582,0.6302685245434558,-0.062012743661775574,-0.1369581787868965,0.025131860324529902,0.1647832387403407,0.3835540651147914,0.2818177608749585,0.13532623664907054,0.19729057088914045
Pa0l0l0,-0.20183971985068716,3,0.09066481984606951,0.06237301590232669,-0.25457482760092415,0.12963019356418623,-0.07031645923738918,-0.09939038033608649,-0.1766585076497047,0.1810476535365562,0.3099507071526582,0.6302685245434558,-0.062012743661775574,-0.1369581787868965,0.025131860324529902,0.1647832387403407,0.3835540651147914,0.2818177608749585,0.13532623664907054,0.19729057088914045
Pa0l0l0,-0.06769918256043518,3,0.3219905250362661,0.30618985010914224,-0.40570505527020473,0.2696175432982873,-0.10434191263059994,-0.22143938897063978,0.10377127361551254,0.25384784653267256,-0.07572992139540527,-0.09735060584376501,-0.22037670451846628,0.24233983318987679,0.33418054066020175,0.1640652467574008,-0.3654246721523301,0.1844298515399179,0.033402221564479743,-0.019592478291309286
Pa0l0l0,-0.06453657252785407,4,0.35170697866477235,0.34469695242092213,-0.335077890215796,0.17953499647040286,-0.06379251696491578,-0.14314284986020506,0.03586202883644971,0.21812937517502617,0.006867214855690905,-0.1133020108290911,-0.17230129452857804,0.16249475585717016,0.35994760378869917,0.19906098541812192,-0.2677717263831722,0.4359610504884826,0.198445818833801,-0.015540820376561392
Pa0l0l0,0.021152562001794332,5,0.36224220634420157,0.35205299510669186,-0.4092124490833966,0.254675635069795,-0.09105432750298248,-0.2276854065923927,0.05008661097523773,0.1626087848125082,-0.030470017957861154,-0.09647568917042454,-0.18487918643166923,0.1447070751477656,0.2850078876795849,0.28151334589941124,-0.2662522237288284,0.24283903231585774,0.22517818733110015,-0.13054116030111756
Pa0l0l0,-0.06372794227479135,5,0.36224220634420157,0.35205299510669186,-0.4092124490833966,0.254675635069795,-0.09105432750298248,-0.2276854065923927,0.05008661097523773,0.1626087848125082,-0.030470017957861154,-0.09647568917042454,-0.18487918643166923,0.1447070751477656,0.2850078876795849,0.28151334589941124,-0.2662522237288284,0.24283903231585774,0.22517818733110015,-0.13054116030111756
Pa0l0l0,0.004159641947210707,5,0.12529943580276925,-0.3498133842427238,0.037934851916533466,-0.37277329990109165,-0.09784075896978424,0.47036318287676404,0.04645818135069557,0.184838137668864,-0.18869665727088106,0.029593333211646818,-0.13326655743679378,0.1307810275635331,0.13292813044944954,-0.45726156856947664,-0.288779719515984,-0.10560288935999973,0.18963395929821258,0.1605715178765846
Pa0l0l0,-0.10239062768359462,5,0.12529943580276925,-0.3498133842427238,0.037934851916533466,-0.37277329990109165,-0.09784075896978424,0.47036318287676404,0.04645818135069557,0.184838137668864,-0.18869665727088106,0.029593333211646818,-0.13326655743679378,0.1307810275635331,0.13292813044944954,-0.45726156856947664,-0.288779719515984,-0.10560288935999973,0.18963395929821258,0.1605715178765846
Pa0l0l0,-0.152242754499529,5,0.07291123045346422,-0.4299796283865538,0.030539481760881563,-0.40020035610218335,-0.17425369733189108,0.10189947899456969,0.2898898880776918,-0.3790673962449942,-0.4242048734507915,-0.21459425558729658,0.10977675245928249,-0.15622790723918953,0.05643584352727756,-0.1016595696883313,-0.1530416534802691,-0.18695876821970006,0.20914359929925047,-0.04623617371408489
Pa0l0l0,-0.12448931891140702,5,0.02339589865941007,-0.3907716500633608,0.005680351355307725,-0.34661430772650814,-0.15260055390525926,-0.007948252186845122,0.18362063935594364,-0.47806619095040953,-0.31946716265369246,0.012729878695664467,0.07695267595651539,-0.1811307075931889,0.0549923002470395,-0.062346539855345946,-0.3017615544938449,0.4192624162571582,0.1602836212094842,0.023833183372297596
Pa0l0l0,-0.08604853548488037,5,0.05483928179260702,-0.3100255501694851,-0.0018013397509179334,-0.28518787653023325,-0.10570389779909195,0.2109573667631006,0.17121036682699664,-0.278091121199981,-0.2668944959450591,0.7188759313879932,0.08072047199265375,-0.09320291577973999,0.08338394659998428,-0.09903026407392215,-0.10010244017172393,-0.130908504790306,0.09411140117504972,0.03500334450727322
Pa0l0l0,-0.2613418503402149,5,0.05483928179260702,-0.3100255501694851,-0.0018013397509179334,-0.28518787653023325,-0.10570389779909195,0.2109573667631006,0.17121036682699664,-0.278091121199981,-0.2668944959450591,0.7188759313879932,0.08072047199265375,-0.09320291577973999,0.08338394659998428,-0.09903026407392215,-0.10010244017172393,-0.130908504790306,0.09411140117504972,0.03500334450727322
Pa0l0l0,0.08335427710759363,5,0.020817474034338663,0.2511111457578468,-0.04746145560933808,0.35858785984799285,0.08378295325866665,-0.06049429006801662,-0.10240182273585903,0.31644590362797803,0.3731877122573788,0.24895955789731225,-0.24063544859821667,0.11801580746359071,-0.15997993734897523,0.49477455384596397,0.31575697724192814,0.1720349777310621,-0.10215772009858824,-0.03399228084442091
Pa0l0l0,-0.09695245964553222,5,0.020817474034338663,0.2511111457578468,-0.04746145560933808,0.35858785984799285,0.08378295325866665,-0.06049429006801662,-0.10240182273585903,0.31644590362797803,0.3731877122573788,0.24895955789731225,-0.24063544859821667,0.11801580746359071,-0.15997993734897523,0.49477455384596397,0.31575697724192814,0.1720349777310621,-0.10215772009858824,-0.03399228084442091
Pa0l0l0,0.0007880985499172316,5,0.08816011914858252,0.0025596205820603846,-0.20337123068981036,0.16645849572859187,-0.07425090657358992,-0.1210992729989509,-0.16253588681628028,0.22666537672402742,0.09822969000313575,0.6330883266128354,-0.18445046054608719,-0.41515216259942117,0.09382612273431562,0.21119323439496063,0.26449316698021225,0.2865606774224301,-0.03493424984564572,0.04069939199966579
Pa0l0l0,-0.02838268189908565,5,0.08816011914858252,0.0025596205820603846,-0.20337123068981036,0.16645849572859187,-0.07425090657358992,-0.1210992729989509,-0.16253588681628028,0.22666537672402742,0.09822969000313575,0.6330883266128354,-0.18445046054608719,-0.41515216259942117,0.09382612273431562,0.21119323439496063,0.26449316698021225,0.2865606774224301,-0.03493424984564572,0.04069939199966579
Pa0l0l0,-0.31180295179785417,5,0.08816011914858252,0.0025596205820603846,-0.20337123068981036,0.16645849572859187,-0.07425090657358992,-0.1210992729989509,-0.16253588681628028,0.22666537672402742,0.09822969000313575,0.6330883266128354,-0.18445046054608719,-0.41515216259942117,0.09382612273431562,0.21119323439496063,0.26449316698021225,0.2865606774224301,-0.03493424984564572,0.04069939199966579
Pa0l0l0,-0.10188986190201826,5,0.30784258808177317,0.295127210269471,-0.31800430146442993,0.23653447205126082,-0.029664769003002057,-0.19670521704187602,0.1506012461784463,0.2560041451852747,-0.12156305698733656,-0.14876367707390722,-0.15483916563346625,0.27624946489473723,0.2667480237356731,0.19387964300888758,-0.0817462712766392,-0.17412374379368506,-0.4456499320150277,-0.22741904118682335
asss,-0.07680662797635848,1,0.22845075218745037,0.17880707572581456,0.001042099704144768,0.14023603515516975,0.10831582461136384,0.2523244640105845,0.23371488027901582,0.28819980801023876,0.348005531133481,-0.0857774076391468,-0.2018376514619731,-0.30296865441032356,-0.3210597638841986,0.2780978819022984,0.2612235176097734,-0.11173416523864511,-0.25875143536325673,0.3065989381308263
asss,-0.153456806648057,1,-0.2880531737337443,-0.08958091808691027,0.14924065908557702,-0.14275463096224564,-0.01922897892996473,-0.09499832559930443,-0.013802908919029742,0.32942565237772337,0.05725225693994844,-0.04709215409743138,-0.26795354599248655,-0.33722607566336676,-0.3424853438403369,0.32978825350414476,0.20523428677210695,-0.0825924091983034,-0.3569573935199928,0.3934577867672666
asss,0.01636984361189616,1,-0.09769349793899608,0.03793545799375764,-0.006464832288793868,0.1448197120456324,-0.16312883552367202,-0.0905221822838291,-0.11067627685295195,-0.08098802674832302,-0.28532053505036997,0.09157835605685465,0.45550367549448983,-0.10364489860042261,-0.4033694668506214,0.3570879735393412,0.2069722699938868,-0.04929978675726767,-0.36022555411805424,0.37565849361597353
asss,-0.06177515429075876,1,-0.09769349793899608,0.03793545799375764,-0.006464832288793868,0.1448197120456324,-0.16312883552367202,-0.0905221822838291,-0.11067627685295195,-0.08098802674832302,-0.28532053505036997,0.09157835605685465,0.45550367549448983,-0.10364489860042261,-0.4033694668506214,0.3570879735393412,0.2069722699938868,-0.04929978675726767,-0.36022555411805424,0.37565849361597353
asss,-0.04599658288722853,1,-0.31088954128286833,-0.18018430801699725,0.3040992782766035,-0.23272109868582144,0.20691322093105027,-0.09271948035125907,0.3402269906176126,-0.39140161576724414,0.08551127736330451,-0.13540711766773,0.0806661669890549,0.09746454459248398,0.32913922062347345,-0.2013343595177816,0.15955035816765972,-0.3008750073993146,0.2944290458616683,-0.10341121616694894
asss,0.002326799411395934,1,-0.08018948767769911,0.006789047435036943,0.19360439816425612,0.022064868663162002,0.09781702073284543,0.14893523251952304,0.21704288858409157,-0.25009487304418904,0.026266860926367295,0.8438176023293887,0.056275703159196805,0.05417524534888072,0.11087053413341892,0.05660628741014799,0.1354142009540656,-0.1434011603639376,0.1783540065461573,-0.09550652390235628
asss,-0.038023022531101396,1,-0.08018948767769911,0.006789047435036943,0.19360439816425612,0.022064868663162002,0.09781702073284543,0.14893523251952304,0.21704288858409157,-0.25009487304418904,0.026266860926367295,0.8438176023293887,0.056275703159196805,0.05417524534888072,0.11087053413341892,0.05660628741014799,0.1354142009540656,-0.1434011603639376,0.1783540065461573,-0.09550652390235628
asss,-0.024189316468700223,1,-0.08018948767769911,0.006789047435036943,0.19360439816425612,0.022064868663162002,0.09781702073284543,0.14893523251952304,0.21704288858409157,-0.25009487304418904,0.026266860926367295,0.8438176023293887,0.056275703159196805,0.05417524534888072,0.11087053413341892,0.05660628741014799,0.1354142009540656,-0.1434011603639376,0.1783540065461573,-0.09550652390235628
asss,-0.04653620934307112,1,0.03386895183879162,0.30107023029056384,0.2974576687544041,0.43955086495551016,0.06544648328634799,0.550651927122476,0.11252547984477879,0.15793639603735724,0.2471842655514455,-0.15484600354596417,0.08220709594639318,0.17737737730177802,-0.1119753373120278,0.032188344673623824,0.28735370684000394,0.15929678875810058,0.13830125761363246,-0.13217184750087596
asss,0.002332930737253015,1,-0.24249602065312068,-0.31358168832875133,0.4519244944217819,-0.24885803803768075,0.04047263889902782,-0.14144713364240435,0.1636890790044885,-0.1973599741756144,0.14102387225763693,-0.1271898223988419,0.1868864005448719,0.12454295626727258,0.3404686310020663,-0.43217112609756164,-0.018265842791395804,-0.11888333647863225,0.28144221380160117,-0.08022403240010173
asss,-0.03142695288679848,1,-0.24249602065312068,-0.31358168832875133,0.4519244944217819,-0.24885803803768075,0.04047263889902782,-0.14144713364240435,0.1636890790044885,-0.1973599741756144,0.14102387225763693,-0.1271898223988419,0.1868864005448719,0.12454295626727258,0.3404686310020663,-0.43217112609756164,-0.018265842791395804,-0.11888333647863225,0.28144221380160117,-0.08022403240010173
asss,-0.019488167771205222,1,-0.24249602065312068,-0.31358168832875133,0.4519244944217819,-0.24885803803768075,0.04047263889902782,-0.14144713364240435,0.1636890790044885,-0.1973599741756144,0.14102387225763693,-0.1271898223988419,0.1868864005448719,0.12454295626727258,0.3404686310020663,-0.43217112609756164,-0.018265842791395804,-0.11888333647863225,0.28144221380160117,-0.08022403240010173
asss,-0.16369578102606974,1,0.16855534670829966,0.017571200278953092,-0.2008745043764447,0.11180680095500822,-0.11537793659964486,-0.1323845046357177,-0.2766830179446798,0.0698002606925989,-0.38005416642644024,0.10422625311567663,0.3673528194936319,-0.24441807329188314,0.5057511151466434,-0.012567202622602055,-0.09709783270425543,0.29036579662502315,0.24445603050974676,-0.21617584500802126
asss,-0.12782135560940946,1,0.16855534670829966,0.017571200278953092,-0.2008745043764447,0.11180680095500822,-0.11537793659964486,-0.1323845046357177,-0.2766830179446798,0.0698002606925989,-0.38005416642644024,0.10422625311567663,0.3673528194936319,-0.24441807329188314,0.5057511151466434,-0.012567202622602055,-0.09709783270425543,0.29036579662502315,0.24445603050974676,-0.21617584500802126
asss,-0.22131838799472595,1,0.16855534670829966,0.017571200278953092,-0.2008745043764447,0.11180680095500822,-0.11537793659964486,-0.1323845046357177,-0.2766830179446798,0.0698002606925989,-0.38005416642644024,0.10422625311567663,0.3673528194936319,-0.24441807329188314,0.5057511151466434,-0.012567202622602055,-0.09709783270425543,0.29036579662502315,0.24445603050974676,-0.21617584500802126
asss,-0.07439137150074392,1,0.3375391740147317,0.1363244669636079,-0.3773485062909014,0.3783970474230833,0.12586771044371106,-0.10114903069239592,-0.3020820968296172,0.31991417419158913,0.23376672533936863,-0.026796108780926847,-0.3826628165874769,-0.2423749313786273,0.10712126519256739,0.19100087203273783,-0.049880651625965944,0.06665975410810616,-0.21547462924664879,-0.019382401033103402
asss,-0.02930787019496365,1,0.056930693252519565,0.07962446221365699,-0.17667433171729138,0.15218298461911967,0.9001442938378951,-0.00400723058751355,-0.014012584212174089,0.12850147180981147,0.09879357814247845,-0.012417232983979808,-0.1620112895824618,-0.1504349757162481,-0.06762639719977859,0.11042575893965773,0.001199066904149969,-0.006270985019945866,-0.14452037355756456,0.11213293288168912
asss,-0.22537463356676163,1,0.056930693252519565,0.07962446221365699,-0.17667433171729138,0.15218298461911967,0.9001442938378951,-0.00400723058751355,-0.014012584212174089,0.12850147180981147,0.09879357814247845,-0.012417232983979808,-0.1620112895824618,-0.1504349757162481,-0.06762639719977859,0.11042575893965773,0.001199066904149969,-0.006270985019945866,-0.14452037355756456,0.11213293288168912
asss,-0.12258948226372766,1,0.4249014777239127,0.3921540995660149,-0.21012872267242308,0.24699569937361446,0.12024592002237823,0.43799294701326086,0.23858920744964277,0.21271419869497135,0.12586374684623763,-0.046447899999662055,-0.13493543996361132,-0.07816130332073,-0.17557789878022934,0.2211532049198254,0.12785542496186467,-0.030267754677116586,-0.24152293097974237,0.23322785799939574
asss,-0.10401640624359207,2,0.4084688614693455,0.3419697651285595,-0.20163354534688352,0.2285318063081335,0.047030544870076144,0.40761812778588213,0.24705651208176788,0.22802613263079508,0.2278038130632459,-0.07536640858829084,-0.11981872079157137,0.19663065050334455,-0.2019202476530935,0.2413689566273434,0.15194329432805123,-0.04343434906418764,-0.2563229619375705,0.20403286276500981
asss,-0.08709411007418044,2,-0.1353526181206601,-0.2161676867507396,0.1186761779445869,-0.12990132761807743,-0.16935637266992482,-0.09139945859875385,-0.055380130342014736,0.33516801124976464,0.29930797132975573,-0.08516953915666113,-0.33616568951044157,-0.36101138416392203,-0.3532867255318219,0.3206202058375473,0.05572556150753812,-0.051401253714793725,-0.3936414800403959,-0.1518790377873242
asss,0.02525591944956454,2,0.02844805147592936,-0.11093026482463964,-0.05762669551728091,-0.16381560040076354,-0.18427815130926878,-0.0936314092595154,-0.025438342171296292,-0.2790735225029748,-0.3396186397787278,-0.11454235085545016,0.07484486623667083,0.05172692221606894,-0.3663950929030818,0.3535451248828429,0.08636662959126921,0.01921524106069955,-0.4442474289676472,0.4840583258213049
asss,-0.12516487210304975,2,0.02844805147592936,-0.11093026482463964,-0.05762669551728091,-0.16381560040076354,-0.18427815130926878,-0.0936314092595154,-0.025438342171296292,-0.2790735225029748,-0.3396186397787278,-0.11454235085545016,0.07484486623667083,0.05172692221606894,-0.3663950929030818,0.3535451248828429,0.08636662959126921,0.01921524106069955,-0.4442474289676472,0.4840583258213049
asss,0.031054145738158647,2,-0.328609818508866,-0.31511712556587135,0.08351022301888515,-0.3164221979199122,-0.11216263221453607,-0.2776887225759702,-0.03582671006416539,-0.22328295551037672,-0.3235282827110249,-0.05623720519999561,0.24895763195039386,0.03185691382299071,0.17006690478929679,-0.19181402022304925,-0.4028357491477356,-0.03646358296157179,0.3001038657709122,-0.23361856255952604
asss,-0.01849898183203738,2,-0.328609818508866,-0.31511712556587135,0.08351022301888515,-0.3164221979199122,-0.11216263221453607,-0.2776887225759702,-0.03582671006416539,-0.22328295551037672,-0.3235282827110249,-0.05623720519999561,0.24895763195039386,0.03185691382299071,0.17006690478929679,-0.19181402022304925,-0.4028357491477356,-0.03646358296157179,0.3001038657709122,-0.23361856255952604
asss,-0.09721031711939818,3,0.4338641257913752,0.265547661553605,-0.0015080663802857477,0.14194682723392005,-0.07386355709368206,0.3671489516086426,0.2557327203561885,0.24661253532549804,0.19586798293170044,0.27524786774009413,-0.13130970113574197,0.16000756086347015,-0.21349401099047288,0.22222260105666503,0.19923017598053228,-0.006239065036919855,-0.25285695119820595,0.3146790789727899
asss,-0.11809779575878879,3,0.029673571264206822,-0.20848405323680352,0.1599051051253353,-0.1884841868930676,-0.21002061521278031,-0.12038818173103837,-0.06561807056444525,0.17738427632827683,0.18501586976018286,-0.05641656543306082,-0.22585185527402066,-0.1948811521505639,-0.3833230254113374,0.34084140199902196,0.11268607250674899,0.037390613848632355,-0.46866964192044475,0.4206266650296077
asss,0.011319256893376008,3,0.057736321820521026,-0.13636636297802063,0.1113187140710854,-0.21240714626101073,-0.21149012175443527,-0.12472585439542287,0.0635071265542491,-0.3173371150501911,-0.2517233930342722,-0.08299100804034731,0.09784773455784433,0.12638507886323658,-0.36947999676797044,0.2754864565448878,0.10018066910095776,0.09970142611270766,-0.45426609145634617,0.47010578647501455
asss,-0.047572327004629635,3,0.057736321820521026,-0.13636636297802063,0.1113187140710854,-0.21240714626101073,-0.21149012175443527,-0.12472585439542287,0.0635071265542491,-0.3173371150501911,-0.2517233930342722,-0.08299100804034731,0.09784773455784433,0.12638507886323658,-0.36947999676797044,0.2754864565448878,0.10018066910095776,0.09970142611270766,-0.45426609145634617,0.47010578647501455
asss,-0.21201825609950392,3,0.057736321820521026,-0.13636636297802063,0.1113187140710854,-0.21240714626101073,-0.21149012175443527,-0.12472585439542287,0.0635071265542491,-0.3173371150501911,-0.2517233930342722,-0.08299100804034731,0.09784773455784433,0.12638507886323658,-0.36947999676797044,0.2754864565448878,0.10018066910095776,0.09970142611270766,-0.45426609145634617,0.47010578647501455
asss,-0.1319647633698445,3,-0.00491699443720998,-0.25176828952561464,0.020488993902952543,-0.31609121159002995,-0.10021837603133547,-0.19284630592742952,-0.04414949396424395,0.09494210208231804,-0.03258813066590263,0.022744399136878934,0.0776539939504822,0.3663160929241769,0.037637509812370275,-0.5382982305403274,-0.44801997317781134,0.2349930815851188,0.21540183374478464,-0.20673272338595017
asss,-0.11573770655963239,3,0.070850326190812,-0.18007319467924143,-0.01101036325549202,-0.28706169171295576,-0.22410974394509706,-0.16621675724935778,0.11919197136653882,-0.3123418057689009,-0.2547229599943859,0.0019287452246872297,0.25983966109874856,0.176510941619439,0.04294293251139101,0.04501420585891475,-0.3657994037704224,0.28181636919336456,0.3682252856439448,-0.41732570276281916
asss,-0.1671504339023281,3,-0.17831653285248808,-0.22746894480607371,0.08977529918395245,-0.291696858750244,-0.099772806232825,-0.17326348996080862,-0.11328638787701387,0.09337547431497605,0.17567961910229704,0.1253914395765435,0.07779009623636626,0.3742179584202173,-0.11040612794286493,-0.505953672015486,-0.3760287175018052,0.3263892994840708,0.16023491258001457,-0.16531378019686144
asss,0.008706523566504414,3,-0.06931148790945513,-0.19379135136013748,0.16368977348080874,-0.2699471534312821,-0.19003278466474677,-0.15780657657596728,0.04719398534417995,-0.34874092844373006,-0.005537459005744602,0.0704964624569509,0.4388901314266508,0.09609549408958487,-0.01411122257935637,0.04760237338993693,-0.3492476326785152,0.33353722959036813,-0.09313184985997824,-0.47105539729893614
asss,-0.14513397452232316,3,-0.06931148790945513,-0.19379135136013748,0.16368977348080874,-0.2699471534312821,-0.19003278466474677,-0.15780657657596728,0.04719398534417995,-0.34874092844373006,-0.005537459005744602,0.0704964624569509,0.4388901314266508,0.09609549408958487,-0.01411122257935637,0.04760237338993693,-0.3492476326785152,0.33353722959036813,-0.09313184985997824,-0.47105539729893614
asss,-0.12732409347331328,3,-0.16474639440731534,-0.1825615405575972,0.13451736238493536,-0.25233402734727267,-0.06088419356143526,-0.15135903296573858,0.03115085234935635,0.12810057959961482,0.108578186131632,0.1560412041377263,-0.3198547315396535,-0.4128385446410498,-0.15094406262294074,-0.5578362650109968,-0.2743903614557475,0.29283393230846433,0.07310759125731571,-0.0673293941890532
asss,-0.27861303873331794,3,-0.16474639440731534,-0.1825615405575972,0.13451736238493536,-0.25233402734727267,-0.06088419356143526,-0.15135903296573858,0.03115085234935635,0.12810057959961482,0.108578186131632,0.1560412041377263,-0.3198547315396535,-0.4128385446410498,-0.15094406262294074,-0.5578362650109968,-0.2743903614557475,0.29283393230846433,0.07310759125731571,-0.0673293941890532
asss,0.004141282841037146,3,-0.13188244899555093,-0.1553059535728789,0.1152281825278649,-0.2709908313110292,-0.17679323461913254,-0.15266390725736126,-0.03901246671745157,-0.30308095851261396,0.026624462469087937,0.07025963481011777,0.4681051276426593,0.14624896273995946,-0.10147397624449196,0.08304865268165604,-0.3682203819961843,0.29707823949367035,-0.07279840264176377,-0.4809776786549413
asss,0.03364004125233389,3,-0.13188244899555093,-0.1553059535728789,0.1152281825278649,-0.2709908313110292,-0.17679323461913254,-0.15266390725736126,-0.03901246671745157,-0.30308095851261396,0.026624462469087937,0.07025963481011777,0.4681051276426593,0.14624896273995946,-0.10147397624449196,0.08304865268165604,-0.3682203819961843,0.29707823949367035,-0.07279840264176377,-0.4809776786549413
asss,-0.12068511390847438,3,-0.13188244899555093,-0.1553059535728789,0.1152281825278649,-0.2709908313110292,-0.17679323461913254,-0.15266390725736126,-0.03901246671745157,-0.30308095851261396,0.026624462469087937,0.07025963481011777,0.4681051276426593,0.14624896273995946,-0.10147397624449196,0.08304865268165604,-0.3682203819961843,0.29707823949367035,-0.07279840264176377,-0.4809776786549413
asss,-0.018444585243510007,3,-0.13188244899555093,-0.1553059535728789,0.1152281825278649,-0.2709908313110292,-0.17679323461913254,-0.15266390725736126,-0.03901246671745157,-0.30308095851261396,0.026624462469087937,0.07025963481011777,0.4681051276426593,0.14624896273995946,-0.10147397624449196,0.08304865268165604,-0.3682203819961843,0.29707823949367035,-0.07279840264176377,-0.4809776786549413
asss,0.14519545406401635,3,-0.00019982400345538377,0.04493312261764445,0.09294021875147046,0.25976571390393566,-0.03777913117844303,0.13807546936711398,0.12375881116992705,-0.3084178334888474,-0.0776453049744798,-0.07842951146963478,0.2812890858767591,0.4220555303231168,-0.48566828950009855,0.2843937754681483,0.15771213876894027,-0.33189020049772583,-0.19335722771458874,0.17982161245330722
asss,0.10932373553284062,3,-0.05029129822183195,-0.00795110145904121,0.18597718129587387,0.13677072728305134,0.2509989021248945,0.11910184517237936,0.41267141709791233,0.08454572965802393,0.4364997312288557,-0.07953972782766024,-0.34881934480314386,0.04754806153015531,-0.31716404502578815,-0.13212562330155803,0.0913019854318095,-0.17995992457905297,0.2795462569895481,0.3630015957334782
asss,-0.037810519607612114,3,0.07858947137085068,0.37205867299089257,-0.3068848420872919,0.26868597692245066,0.06286708129930489,-0.014518930711901301,-0.3123224496060058,0.2487023547428972,0.20285672003926494,0.018954351812307164,-0.28998633761342424,-0.23984036881138296,-0.23246641127411974,0.20997977310251448,0.3008434317155208,0.3423098187757472,-0.1909504065383511,-0.00785893078708529
palma,-0.08527575320271098,1,-0.10863393469778379,0.020916091035291573,0.6259549154665204,0.0740774171818907,-0.0913326630620242,-0.07736579798137061,-0.1802116254243526,-0.00999442793337238,0.47386616235419265,-0.10441640571865325,-0.31168699401435734,-0.3540172254200553,-0.07509006413553,0.02702619504111372,0.13776441356453875,-0.16281342925067147,0.06027566252417874,0.17358769050908887
palma,0.001492348480728519,1,-0.0165732708371898,-0.15029906807897642,-0.055889676865350374,0.12487786076076764,-0.010258940609643169,-0.1066747192138288,-0.09452420088415846,-0.009794089247765498,0.18918585294743415,-0.14224472116938225,-0.35354768884629784,-0.48215249240450614,0.011138232564517491,-0.015820136378538827,-0.41224642387826876,-0.1956430223954571,0.23714213618077135,0.5094860279147216
palma,0.0007353074058574521,1,-0.0165732708371898,-0.15029906807897642,-0.055889676865350374,0.12487786076076764,-0.010258940609643169,-0.1066747192138288,-0.09452420088415846,-0.009794089247765498,0.18918585294743415,-0.14224472116938225,-0.35354768884629784,-0.48215249240450614,0.011138232564517491,-0.015820136378538827,-0.41224642387826876,-0.1956430223954571,0.23714213618077135,0.5094860279147216
palma,-0.0941370942202801,1,-0.0165732708371898,-0.15029906807897642,-0.055889676865350374,0.12487786076076764,-0.010258940609643169,-0.1066747192138288,-0.09452420088415846,-0.009794089247765498,0.18918585294743415,-0.14224472116938225,-0.35354768884629784,-0.48215249240450614,0.011138232564517491,-0.015820136378538827,-0.41224642387826876,-0.1956430223954571,0.23714213618077135,0.5094860279147216
palma,-0.0006350421104679791,1,-0.0165732708371898,-0.15029906807897642,-0.055889676865350374,0.12487786076076764,-0.010258940609643169,-0.1066747192138288,-0.09452420088415846,-0.009794089247765498,0.18918585294743415,-0.14224472116938225,-0.35354768884629784,-0.48215249240450614,0.011138232564517491,-0.015820136378538827,-0.41224642387826876,-0.1956430223954571,0.23714213618077135,0.5094860279147216
palma,-0.052261997722076334,1,-0.41466117998174307,-0.2957858863768199,-0.17684066814117194,-0.11682175642791996,0.10706109208035182,-0.15451458321688633,0.19457536901997208,-0.02488567304543814,0.2791725170507145,0.02766042367869172,0.323199721545532,0.058879812963452335,0.24328330194612868,-0.46075410193006044,0.17056710824444715,-0.16329869292817148,-0.3089839733278744,-0.11176795287009368
palma,-0.17665667294740875,1,-0.29047635682865997,-0.10728533899671533,-0.02330448880693818,0.15042591325240925,0.02707215556480677,0.023065345752870947,0.49443019732597543,0.03957413126030773,0.37736333934766114,0.5363643388359861,0.32048340612309667,0.058632381048270565,-0.024556491975870183,-0.0360044558333602,0.07868887265687673,-0.11834969684139517,-0.2013738084525694,-0.18644982716992448
palma,-0.13539046386010806,1,-0.11186089271743532,-0.02822087559220554,-0.07243774977777173,0.1202881883935763,0.21177274746252742,0.43635628587768244,0.002970009039824105,0.28707654078812533,-0.0030932364320400054,0.3710451901224445,0.2422326773568636,0.07669438492361526,0.1886782096297604,-0.40195573607172247,0.2767729065814427,0.34805679227767267,-0.20094296558778485,-0.10845484158711241
palma,-0.1394154610119498,1,-0.34360404678505324,-0.1953401642908843,0.22473496840474325,0.12098579087225701,-0.08842590954821875,-0.004126714737017418,0.2458232547342613,-0.5237812055366441,0.1147342264591808,0.24358693914388968,0.2714434908513606,-0.07444851546619592,0.10837868863433597,0.12249842925441168,0.1566260351413648,0.39933333689993106,-0.19508346374371902,-0.18839382877927036
palma,-0.1426122219042881,1,-0.13874708770704597,-0.10553941471401729,-0.22408598390524914,0.1484112530621145,0.20457297769565633,0.03304372096612751,0.10019685380750297,0.2646618025359184,0.15831809775473035,0.5267653881402655,0.30319025820561424,0.07757190670753729,-0.00793561297969466,-0.4939849275535925,0.30203373026584995,0.006825904496661914,-0.1756373386321491,-0.0874718659186915
palma,-0.1054217941246932,1,-0.29612074844589326,-0.23269390432081072,0.08715131161895767,-0.4208848132743268,-0.16873754920513995,0.010480702827516182,0.20750427301624338,-0.5862604331989734,-0.14796556547023973,-0.22390199814079173,0.11176513311677824,-0.08408766387809749,-0.10381911340533859,0.23531438011224118,0.06380046687450798,0.22196102957936056,-0.14394706857047787,-0.16213522586731968
palma,-0.09337485481937642,1,-0.20767665808192173,-0.245230190894966,-0.17848461268987062,-0.41747661627019605,0.31142632712118334,-0.0814058281378091,0.13879945212313025,-0.08954690831403946,-0.12184540918465887,-0.20063685243964272,0.07969091176914962,0.012133798079883186,-0.03218612600034353,-0.46628798318424486,0.484287418110066,-0.20345575230399265,-0.04188919905298657,-0.044146031107644576
palma,0.13271203150860983,1,-0.17807699714771935,-0.3782172191683678,-0.38938231905546683,-0.07171643927924756,0.04569043727980834,0.09248293149870007,-0.08580563405200267,0.23776142241219417,0.15635510856392656,0.17589245608558443,-0.1540945123153287,0.07511131464843258,0.3846673058366673,-0.21726868642139707,-0.5067740518909729,-0.1771509669127976,-0.0817097082041252,0.13827243694212374
palma,0.0127690116010088,1,0.28266194784220106,0.2300841667697543,0.07867553288863992,0.026726641836360997,-0.10522972183987675,0.09350534437671693,-0.49005459036199817,0.08553244638276976,-0.3677264796536904,0.08334822313483362,0.12915866702738188,-0.12364164087259684,-0.48093680080961926,0.07202547070202443,-0.08681028741318453,0.015728033600137577,0.4052782050548606,0.10155244841440661
palma,-0.12653670517695076,1,0.28266194784220106,0.2300841667697543,0.07867553288863992,0.026726641836360997,-0.10522972183987675,0.09350534437671693,-0.49005459036199817,0.08553244638276976,-0.3677264796536904,0.08334822313483362,0.12915866702738188,-0.12364164087259684,-0.48093680080961926,0.07202547070202443,-0.08681028741318453,0.015728033600137577,0.4052782050548606,0.10155244841440661
palma,-0.03972261539084887,1,0.28266194784220106,0.2300841667697543,0.07867553288863992,0.026726641836360997,-0.10522972183987675,0.09350534437671693,-0.49005459036199817,0.08553244638276976,-0.3677264796536904,0.08334822313483362,0.12915866702738188,-0.12364164087259684,-0.48093680080961926,0.07202547070202443,-0.08681028741318453,0.015728033600137577,0.4052782050548606,0.10155244841440661
palma,0.00024715238216442125,1,0.4958643981570339,0.4959625015613691,0.07870821075351779,0.016827348090083877,0.022631563279711095,0.218744114395956,-0.15279720570170294,0.35308707084538976,-0.21830178133965056,0.21070022115187725,-0.13519283840737478,0.1352412166442002,-0.18029327749487817,0.30383153666203455,-0.03021525005285299,0.15553723003782394,0.06787554638666314,-0.14877574361133136
palma,0.0012104211518055986,1,0.4958643981570339,0.4959625015613691,0.07870821075351779,0.016827348090083877,0.022631563279711095,0.218744114395956,-0.15279720570170294,0.35308707084538976,-0.21830178133965056,0.21070022115187725,-0.13519283840737478,0.1352412166442002,-0.18029327749487817,0.30383153666203455,-0.03021525005285299,0.15553723003782394,0.06787554638666314,-0.14877574361133136
palma,0.00012782792189928145,1,0.4958643981570339,0.4959625015613691,0.07870821075351779,0.016827348090083877,0.022631563279711095,0.218744114395956,-0.15279720570170294,0.35308707084538976,-0.21830178133965056,0.21070022115187725,-0.13519283840737478,0.1352412166442002,-0.18029327749487817,0.30383153666203455,-0.03021525005285299,0.15553723003782394,0.06787554638666314,-0.14877574361133136
palma,0.0020594602025659076,1,0.4958643981570339,0.4959625015613691,0.07870821075351779,0.016827348090083877,0.022631563279711095,0.218744114395956,-0.15279720570170294,0.35308707084538976,-0.21830178133965056,0.21070022115187725,-0.13519283840737478,0.1352412166442002,-0.18029327749487817,0.30383153666203455,-0.03021525005285299,0.15553723003782394,0.06787554638666314,-0.14877574361133136
palma,0.0008287713298777557,1,0.4958643981570339,0.4959625015613691,0.07870821075351779,0.016827348090083877,0.022631563279711095,0.218744114395956,-0.15279720570170294,0.35308707084538976,-0.21830178133965056,0.21070022115187725,-0.13519283840737478,0.1352412166442002,-0.18029327749487817,0.30383153666203455,-0.03021525005285299,0.15553723003782394,0.06787554638666314,-0.14877574361133136
palma,0.00618786696723695,1,0.4958643981570339,0.4959625015613691,0.07870821075351779,0.016827348090083877,0.022631563279711095,0.218744114395956,-0.15279720570170294,0.35308707084538976,-0.21830178133965056,0.21070022115187725,-0.13519283840737478,0.1352412166442002,-0.18029327749487817,0.30383153666203455,-0.03021525005285299,0.15553723003782394,0.06787554638666314,-0.14877574361133136
palma,0.002026796673359623,1,0.4958643981570339,0.4959625015613691,0.07870821075351779,0.016827348090083877,0.022631563279711095,0.218744114395956,-0.15279720570170294,0.35308707084538976,-0.21830178133965056,0.21070022115187725,-0.13519283840737478,0.1352412166442002,-0.18029327749487817,0.30383153666203455,-0.03021525005285299,0.15553723003782394,0.06787554638666314,-0.14877574361133136
palma,0.0011228458387028562,1,0.4958643981570339,0.4959625015613691,0.07870821075351779,0.016827348090083877,0.022631563279711095,0.218744114395956,-0.15279720570170294,0.35308707084538976,-0.21830178133965056,0.21070022115187725,-0.13519283840737478,0.1352412166442002,-0.18029327749487817,0.30383153666203455,-0.03021525005285299,0.15553723003782394,0.06787554638666314,-0.14877574361133136
palma,0.0033284230226087613,1,0.4958643981570339,0.4959625015613691,0.07870821075351779,0.016827348090083877,0.022631563279711095,0.218744114395956,-0.15279720570170294,0.35308707084538976,-0.21830178133965056,0.21070022115187725,-0.13519283840737478,0.1352412166442002,-0.18029327749487817,0.30383153666203455,-0.03021525005285299,0.15553723003782394,0.06787554638666314,-0.14877574361133136
palma,-0.07174860143873664,1,0.4958643981570339,0.4959625015613691,0.07870821075351779,0.016827348090083877,0.022631563279711095,0.218744114395956,-0.15279720570170294,0.35308707084538976,-0.21830178133965056,0.21070022115187725,-0.13519283840737478,0.1352412166442002,-0.18029327749487817,0.30383153666203455,-0.03021525005285299,0.15553723003782394,0.06787554638666314,-0.14877574361133136
palma,-0.0013812845781862398,1,0.4958643981570339,0.4959625015613691,0.07870821075351779,0.016827348090083877,0.022631563279711095,0.218744114395956,-0.15279720570170294,0.35308707084538976,-0.21830178133965056,0.21070022115187725,-0.13519283840737478,0.1352412166442002,-0.18029327749487817,0.30383153666203455,-0.03021525005285299,0.15553723003782394,0.06787554638666314,-0.14877574361133136
palma,-0.0028332398526868547,1,0.4958643981570339,0.4959625015613691,0.07870821075351779,0.016827348090083877,0.022631563279711095,0.218744114395956,-0.15279720570170294,0.35308707084538976,-0.21830178133965056,0.21070022115187725,-0.13519283840737478,0.1352412166442002,-0.18029327749487817,0.30383153666203455,-0.03021525005285299,0.15553723003782394,0.06787554638666314,-0.14877574361133136
palma,-0.0023401449017651,1,0.4958643981570339,0.4959625015613691,0.07870821075351779,0.016827348090083877,0.022631563279711095,0.218744114395956,-0.15279720570170294,0.35308707084538976,-0.21830178133965056,0.21070022115187725,-0.13519283840737478,0.1352412166442002,-0.18029327749487817,0.30383153666203455,-0.03021525005285299,0.15553723003782394,0.06787554638666314,-0.14877574361133136
palma,-0.02242312840434287,1,0.4958643981570339,0.4959625015613691,0.07870821075351779,0.016827348090083877,0.022631563279711095,0.218744114395956,-0.15279720570170294,0.35308707084538976,-0.21830178133965056,0.21070022115187725,-0.13519283840737478,0.1352412166442002,-0.18029327749487817,0.30383153666203455,-0.03021525005285299,0.15553723003782394,0.06787554638666314,-0.14877574361133136
palma,-0.0009329940806215628,1,0.4958643981570339,0.4959625015613691,0.07870821075351779,0.016827348090083877,0.022631563279711095,0.218744114395956,-0.15279720570170294,0.35308707084538976,-0.21830178133965056,0.21070022115187725,-0.13519283840737478,0.1352412166442002,-0.18029327749487817,0.30383153666203455,-0.03021525005285299,0.15553723003782394,0.06787554638666314,-0.14877574361133136
palma,-0.00999531828858617,1,0.4958643981570339,0.4959625015613691,0.07870821075351779,0.016827348090083877,0.022631563279711095,0.218744114395956,-0.15279720570170294,0.35308707084538976,-0.21830178133965056,0.21070022115187725,-0.13519283840737478,0.1352412166442002,-0.18029327749487817,0.30383153666203455,-0.03021525005285299,0.15553723003782394,0.06787554638666314,-0.14877574361133136
palma,-0.0015936963038876509,1,0.4958643981570339,0.4959625015613691,0.07870821075351779,0.016827348090083877,0.022631563279711095,0.218744114395956,-0.15279720570170294,0.35308707084538976,-0.21830178133965056,0.21070022115187725,-0.13519283840737478,0.1352412166442002,-0.18029327749487817,0.30383153666203455,-0.03021525005285299,0.15553723003782394,0.06787554638666314,-0.14877574361133136
palma,-0.004249051522935754,1,0.4958643981570339,0.4959625015613691,0.07870821075351779,0.016827348090083877,0.022631563279711095,0.218744114395956,-0.15279720570170294,0.35308707084538976,-0.21830178133965056,0.21070022115187725,-0.13519283840737478,0.1352412166442002,-0.18029327749487817,0.30383153666203455,-0.03021525005285299,0.15553723003782394,0.06787554638666314,-0.14877574361133136
palma,-0.00788099016279647,1,0.4958643981570339,0.4959625015613691,0.07870821075351779,0.016827348090083877,0.022631563279711095,0.218744114395956,-0.15279720570170294,0.35308707084538976,-0.21830178133965056,0.21070022115187725,-0.13519283840737478,0.1352412166442002,-0.18029327749487817,0.30383153666203455,-0.03021525005285299,0.15553723003782394,0.06787554638666314,-0.14877574361133136
palma,-0.1032919566125072,1,0.1634162973140226,0.4372015258636459,-0.054068258198326134,0.08710542586608327,0.06074251396127084,-0.12303829807357138,-0.15152421856879536,0.06891001841403467,0.02809999393381392,-0.1807816910500651,-0.48118184488331933,0.3925080807646398,0.3633076477520006,0.25022512957779885,0.005957943485731537,0.2450678410325434,-0.11804956182783043,-0.19338628836096333
palma,-0.16140348235654825,2,0.07680442525443783,0.22089083888758188,-0.07619133446127795,0.11116867745968534,-0.18083690037589928,-0.1267360060303147,-0.16074816985762191,0.05525414853207321,-0.02052959779265931,-0.1779071623617834,-0.49384680094083677,0.2888137069565683,0.05243322667738673,0.4915150312978431,0.12078203606647875,0.40729066619794607,-0.1543439601910727,-0.2036785978426143
palma,0.00014702335969245475,2,-0.08756339929558313,-0.2577757203958392,-0.1988214975828629,-0.5198925580261743,-0.29077629413828254,-0.07813116022291523,-0.09335432103854771,-0.021315114378207625,-0.05832827100724246,-0.15900465923418622,-0.3351574831330631,-0.39334683163881773,0.03049900250690927,0.05433412499142102,-0.38232880265124625,-0.11909751206566838,0.06385718100435718,0.22843988400774212
palma,0.0011935637678292593,2,-0.08756339929558313,-0.2577757203958392,-0.1988214975828629,-0.5198925580261743,-0.29077629413828254,-0.07813116022291523,-0.09335432103854771,-0.021315114378207625,-0.05832827100724246,-0.15900465923418622,-0.3351574831330631,-0.39334683163881773,0.03049900250690927,0.05433412499142102,-0.38232880265124625,-0.11909751206566838,0.06385718100435718,0.22843988400774212
palma,0.01313186261077171,2,-0.08756339929558313,-0.2577757203958392,-0.1988214975828629,-0.5198925580261743,-0.29077629413828254,-0.07813116022291523,-0.09335432103854771,-0.021315114378207625,-0.05832827100724246,-0.15900465923418622,-0.3351574831330631,-0.39334683163881773,0.03049900250690927,0.05433412499142102,-0.38232880265124625,-0.11909751206566838,0.06385718100435718,0.22843988400774212
palma,0.012916574831026761,2,-0.08756339929558313,-0.2577757203958392,-0.1988214975828629,-0.5198925580261743,-0.29077629413828254,-0.07813116022291523,-0.09335432103854771,-0.021315114378207625,-0.05832827100724246,-0.15900465923418622,-0.3351574831330631,-0.39334683163881773,0.03049900250690927,0.05433412499142102,-0.38232880265124625,-0.11909751206566838,0.06385718100435718,0.22843988400774212
palma,0.013584428087632687,2,-0.08756339929558313,-0.2577757203958392,-0.1988214975828629,-0.5198925580261743,-0.29077629413828254,-0.07813116022291523,-0.09335432103854771,-0.021315114378207625,-0.05832827100724246,-0.15900465923418622,-0.3351574831330631,-0.39334683163881773,0.03049900250690927,0.05433412499142102,-0.38232880265124625,-0.11909751206566838,0.06385718100435718,0.22843988400774212
palma,-0.06438416752407394,2,-0.08756339929558313,-0.2577757203958392,-0.1988214975828629,-0.5198925580261743,-0.29077629413828254,-0.07813116022291523,-0.09335432103854771,-0.021315114378207625,-0.05832827100724246,-0.15900465923418622,-0.3351574831330631,-0.39334683163881773,0.03049900250690927,0.05433412499142102,-0.38232880265124625,-0.11909751206566838,0.06385718100435718,0.22843988400774212
palma,-0.0022795285137965455,2,-0.08756339929558313,-0.2577757203958392,-0.1988214975828629,-0.5198925580261743,-0.29077629413828254,-0.07813116022291523,-0.09335432103854771,-0.021315114378207625,-0.05832827100724246,-0.15900465923418622,-0.3351574831330631,-0.39334683163881773,0.03049900250690927,0.05433412499142102,-0.38232880265124625,-0.11909751206566838,0.06385718100435718,0.22843988400774212
palma,-0.015284816749277038,2,-0.08756339929558313,-0.2577757203958392,-0.1988214975828629,-0.5198925580261743,-0.29077629413828254,-0.07813116022291523,-0.09335432103854771,-0.021315114378207625,-0.05832827100724246,-0.15900465923418622,-0.3351574831330631,-0.39334683163881773,0.03049900250690927,0.05433412499142102,-0.38232880265124625,-0.11909751206566838,0.06385718100435718,0.22843988400774212
palma,-0.03248722400080436,2,-0.08756339929558313,-0.2577757203958392,-0.1988214975828629,-0.5198925580261743,-0.29077629413828254,-0.07813116022291523,-0.09335432103854771,-0.021315114378207625,-0.05832827100724246,-0.15900465923418622,-0.3351574831330631,-0.39334683163881773,0.03049900250690927,0.05433412499142102,-0.38232880265124625,-0.11909751206566838,0.06385718100435718,0.22843988400774212
palma,-0.03305741967580608,2,-0.08756339929558313,-0.2577757203958392,-0.1988214975828629,-0.5198925580261743,-0.29077629413828254,-0.07813116022291523,-0.09335432103854771,-0.021315114378207625,-0.05832827100724246,-0.15900465923418622,-0.3351574831330631,-0.39334683163881773,0.03049900250690927,0.05433412499142102,-0.38232880265124625,-0.11909751206566838,0.06385718100435718,0.22843988400774212
palma,-0.15725370081952364,2,-0.2608273636579128,-0.07697402795095076,-0.3052041328480037,0.0004701180195500847,-0.08728998275323448,-0.12643512907749999,0.31347354179171477,-0.3700503695845432,0.06497698786290773,0.5217298127037454,0.32937364547613635,-0.04605626589482561,-0.0713584780871362,0.22138063583712292,0.04321246857091152,0.3007019333380274,-0.14044589160582158,-0.1447009328374908
palma,0.03334258128975312,2,-0.267215526112123,-0.2243904197820995,-0.3672377331510774,-0.17770744607872516,0.1974182571404725,-0.11375919611395617,0.08543606353732124,0.2755371956658786,0.06862081801181528,-0.06370727071440656,0.3184192444557611,0.040092775501125895,0.021465882598704217,-0.5766377080976455,0.17469081818403445,-0.19655695185366764,-0.2505175209736587,0.004250643213330169
palma,-0.09690046626040794,2,-0.267215526112123,-0.2243904197820995,-0.3672377331510774,-0.17770744607872516,0.1974182571404725,-0.11375919611395617,0.08543606353732124,0.2755371956658786,0.06862081801181528,-0.06370727071440656,0.3184192444557611,0.040092775501125895,0.021465882598704217,-0.5766377080976455,0.17469081818403445,-0.19655695185366764,-0.2505175209736587,0.004250643213330169
palma,-0.1201680688990113,2,-0.19220115698079981,0.05231951010395286,0.22930367275756888,0.09784971817891132,-0.20102541109211378,0.5519293081258986,0.2072900658692196,-0.3092991532285382,0.0420720811757474,0.3628744319717903,0.25102426018340296,-0.023251904602557074,-0.03167452385131853,0.32402822827338806,0.13011461030709395,0.25720662655014287,-0.0958631614970898,-0.13863697065073294
palma,0.013519111345864995,2,0.046476295363097206,0.04242124860671703,-0.2655410054473512,0.12593126324944104,0.26266668403299415,-0.11869413650932019,0.08960969146816593,0.374547181321828,0.08568357929846818,0.43404670174551974,0.34921812528789625,0.07661180240704735,0.05731509776294078,-0.4002326613343374,0.22036054848448527,0.2639668570457889,-0.26392354578242283,-0.05785424153607902
palma,-0.12243548718646403,2,0.046476295363097206,0.04242124860671703,-0.2655410054473512,0.12593126324944104,0.26266668403299415,-0.11869413650932019,0.08960969146816593,0.374547181321828,0.08568357929846818,0.43404670174551974,0.34921812528789625,0.07661180240704735,0.05731509776294078,-0.4002326613343374,0.22036054848448527,0.2639668570457889,-0.26392354578242283,-0.05785424153607902
palma,-0.13142922701596685,2,-0.08632194259031838,-0.08552758344672862,0.12851415935313504,0.14028373177016723,-0.17951498851216224,-0.12040346811385724,0.2071375854665787,-0.3733707106679,-0.03996879399334881,0.4619274949151452,0.28235232144208405,-0.052086229654080746,-0.13856968330665514,0.3479589784532559,0.3496256716424215,0.3287648457681311,-0.13814667090272034,-0.18140446144643027
palma,0.13418547258021754,2,0.004507805471091974,0.04113466632709911,0.3010704382987726,-0.1288442029346463,-0.2563837234319797,0.14951268400898887,-0.10367692029337283,-0.2834486689676975,-0.08311397392579584,-0.5075867592986302,-0.3398484734225466,-0.06737315777564613,0.12448185918037097,0.367207642690078,-0.3681267627033308,-0.12491857654440736,0.1597745458147154,0.017007041608659693
palma,-0.03351674931972072,2,0.004507805471091974,0.04113466632709911,0.3010704382987726,-0.1288442029346463,-0.2563837234319797,0.14951268400898887,-0.10367692029337283,-0.2834486689676975,-0.08311397392579584,-0.5075867592986302,-0.3398484734225466,-0.06737315777564613,0.12448185918037097,0.367207642690078,-0.3681267627033308,-0.12491857654440736,0.1597745458147154,0.017007041608659693
palma,0.10758966350853565,2,0.051815881700022874,0.07169802857829144,-0.1613785503116635,-0.11040492876498766,0.1841890254147274,-0.6761670012436501,-0.21508947335039946,0.3744019605302085,0.26686776334185575,0.17054278501836523,-0.13450213846598827,0.048968808298290284,0.02371367930023315,-0.22882908969804164,-0.14697489911175907,-0.18154942654782094,0.1627829888138913,0.1469601320472873
palma,0.06561219379726575,2,-0.13133079655996574,-0.18567037801948638,0.04162198977137969,0.12578994874116906,0.4503355238897047,0.12247773536868792,0.3661485007549452,-0.29624450510816924,-0.20295215031245462,-0.20659224655780667,0.17048621348828677,-0.03498730719472168,0.14705725325350458,-0.3575081671933512,0.4089578205641645,-0.2310757389403856,-0.059538585455783354,-0.0575322802934647
palma,-0.13630352990176342,2,-0.13133079655996574,-0.18567037801948638,0.04162198977137969,0.12578994874116906,0.4503355238897047,0.12247773536868792,0.3661485007549452,-0.29624450510816924,-0.20295215031245462,-0.20659224655780667,0.17048621348828677,-0.03498730719472168,0.14705725325350458,-0.3575081671933512,0.4089578205641645,-0.2310757389403856,-0.059538585455783354,-0.0575322802934647
palma,-0.21881772022851548,2,-0.13133079655996574,-0.18567037801948638,0.04162198977137969,0.12578994874116906,0.4503355238897047,0.12247773536868792,0.3661485007549452,-0.29624450510816924,-0.20295215031245462,-0.20659224655780667,0.17048621348828677,-0.03498730719472168,0.14705725325350458,-0.3575081671933512,0.4089578205641645,-0.2310757389403856,-0.059538585455783354,-0.0575322802934647
palma,0.014318423697343733,2,0.14774941437448103,0.09758993534177196,0.018133982663069956,0.024271843534581738,-0.03355783104383309,-0.04285928063566635,-0.4773043948159474,0.08425600957265346,-0.36619530379829685,0.005522249379418337,0.20025869935594398,-0.1680679808766666,-0.4922618059817916,0.061563481823716036,-0.0985841164875209,0.004200439380264989,0.4868955602447192,0.1856107488437048
palma,-0.12815368000024935,2,0.14774941437448103,0.09758993534177196,0.018133982663069956,0.024271843534581738,-0.03355783104383309,-0.04285928063566635,-0.4773043948159474,0.08425600957265346,-0.36619530379829685,0.005522249379418337,0.20025869935594398,-0.1680679808766666,-0.4922618059817916,0.061563481823716036,-0.0985841164875209,0.004200439380264989,0.4868955602447192,0.1856107488437048
palma,-0.008168822486539124,2,0.14774941437448103,0.09758993534177196,0.018133982663069956,0.024271843534581738,-0.03355783104383309,-0.04285928063566635,-0.4773043948159474,0.08425600957265346,-0.36619530379829685,0.005522249379418337,0.20025869935594398,-0.1680679808766666,-0.4922618059817916,0.061563481823716036,-0.0985841164875209,0.004200439380264989,0.4868955602447192,0.1856107488437048
palma,-0.09427953846428465,2,0.1572894905136893,0.09815392529203026,-0.09121800237819222,0.13162350662717873,0.21751443733720366,-0.1441281552682416,-0.09631883504359616,0.0549587931679877,0.06589018825628953,-0.187392681189939,-0.2778368719708839,0.3434646408865438,0.19010354846316893,-0.05133848218440146,-0.3296083112137447,-0.2624328409823441,0.3347156032876765,0.544661472372126
palma,-0.16432892822058426,2,0.2722353819852833,0.5272063731817337,0.4041242849264963,0.06174447792857975,0.4340063819798984,-0.11398877456551898,-0.0675682758606989,0.06403423799444533,0.1505919309412201,-0.1640396664258549,-0.15718593780920023,0.2693262728945159,0.023924291158834207,0.13847016153128106,0.18210289535647922,-0.06308168914453527,0.05153589697388134,-0.2538062462233797
rkiper,-0.07647081473866386,1,0.36017870512175826,0.2826395550027896,-0.36214518005874524,0.14902596027855985,-0.15051649530472686,0.0830396689135942,0.08225580087134292,0.11302570405855103,0.07973387896877937,-0.07901266456998486,-0.11121475586669498,0.19529894539155968,0.5325235994565343,0.21411596926310758,-0.21461021945777656,0.31777009497494946,0.19191375972590283,-0.10738943108909166
rkiper,-0.2216271928013664,1,0.36017870512175826,0.2826395550027896,-0.36214518005874524,0.14902596027855985,-0.15051649530472686,0.0830396689135942,0.08225580087134292,0.11302570405855103,0.07973387896877937,-0.07901266456998486,-0.11121475586669498,0.19529894539155968,0.5325235994565343,0.21411596926310758,-0.21461021945777656,0.31777009497494946,0.19191375972590283,-0.10738943108909166
rkiper,0.04754474795611626,1,-0.24558144972437354,0.029131180209811647,-0.03594880423211461,0.3208785211349549,0.1789354300219966,-0.21357891254830483,-0.06796129353329848,0.02659401622462859,0.00772451232954013,-0.04921416427773453,0.6391223697923004,0.24752132989553072,-0.13783162345581934,0.1275460495136589,0.01576431697695116,-0.007705728621876354,0.3400729152963893,-0.3580181834882649
rkiper,-0.09354070833683745,1,-0.24558144972437354,0.029131180209811647,-0.03594880423211461,0.3208785211349549,0.1789354300219966,-0.21357891254830483,-0.06796129353329848,0.02659401622462859,0.00772451232954013,-0.04921416427773453,0.6391223697923004,0.24752132989553072,-0.13783162345581934,0.1275460495136589,0.01576431697695116,-0.007705728621876354,0.3400729152963893,-0.3580181834882649
rkiper,-0.1844350137522832,1,-0.18965512352708627,-0.18262347771945364,0.23589356221144014,-0.09677231548213522,0.26126926032373654,0.11015868199576043,-0.13003173337862658,0.14873899604072705,-0.10733370300874613,-0.16640054818658181,-0.1381948157483307,0.04769129259226873,-0.19162732074762545,-0.4797790614072487,-0.2634526900411636,-0.15227401631179133,-0.4190145419899738,0.38804903124417345
rkiper,-0.25050685343068296,1,-0.18965512352708627,-0.18262347771945364,0.23589356221144014,-0.09677231548213522,0.26126926032373654,0.11015868199576043,-0.13003173337862658,0.14873899604072705,-0.10733370300874613,-0.16640054818658181,-0.1381948157483307,0.04769129259226873,-0.19162732074762545,-0.4797790614072487,-0.2634526900411636,-0.15227401631179133,-0.4190145419899738,0.38804903124417345
rkiper,0.08797304834683978,1,-0.09339386680565971,0.0001501724703536489,0.04975911396675149,0.09171858079885854,0.06573496404811582,-0.1753641711949662,-0.058393982232778606,-0.019382177920471907,-0.07153754464830324,0.008797202494760193,-0.1028219722350133,0.0995243598068975,-0.04042249466483331,-0.052099061240957666,-0.029270236263178543,0.017858237659023495,-0.7300528761468372,0.6142934711843089
rkiper,0.12369526267827895,1,-0.09339386680565971,0.0001501724703536489,0.04975911396675149,0.09171858079885854,0.06573496404811582,-0.1753641711949662,-0.058393982232778606,-0.019382177920471907,-0.07153754464830324,0.008797202494760193,-0.1028219722350133,0.0995243598068975,-0.04042249466483331,-0.052099061240957666,-0.029270236263178543,0.017858237659023495,-0.7300528761468372,0.6142934711843089
rkiper,0.129682121114529,1,-0.09339386680565971,0.0001501724703536489,0.04975911396675149,0.09171858079885854,0.06573496404811582,-0.1753641711949662,-0.058393982232778606,-0.019382177920471907,-0.07153754464830324,0.008797202494760193,-0.1028219722350133,0.0995243598068975,-0.04042249466483331,-0.052099061240957666,-0.029270236263178543,0.017858237659023495,-0.7300528761468372,0.6142934711843089
rkiper,-0.1667587337181343,1,-0.09339386680565971,0.0001501724703536489,0.04975911396675149,0.09171858079885854,0.06573496404811582,-0.1753641711949662,-0.058393982232778606,-0.019382177920471907,-0.07153754464830324,0.008797202494760193,-0.1028219722350133,0.0995243598068975,-0.04042249466483331,-0.052099061240957666,-0.029270236263178543,0.017858237659023495,-0.7300528761468372,0.6142934711843089
rkiper,-0.1346735791708531,1,-0.09339386680565971,0.0001501724703536489,0.04975911396675149,0.09171858079885854,0.06573496404811582,-0.1753641711949662,-0.058393982232778606,-0.019382177920471907,-0.07153754464830324,0.008797202494760193,-0.1028219722350133,0.0995243598068975,-0.04042249466483331,-0.052099061240957666,-0.029270236263178543,0.017858237659023495,-0.7300528761468372,0.6142934711843089
rkiper,-0.09554563370727523,1,-0.09339386680565971,0.0001501724703536489,0.04975911396675149,0.09171858079885854,0.06573496404811582,-0.1753641711949662,-0.058393982232778606,-0.019382177920471907,-0.07153754464830324,0.008797202494760193,-0.1028219722350133,0.0995243598068975,-0.04042249466483331,-0.052099061240957666,-0.029270236263178543,0.017858237659023495,-0.7300528761468372,0.6142934711843089
rkiper,-0.493822463412096,1,-0.09339386680565971,0.0001501724703536489,0.04975911396675149,0.09171858079885854,0.06573496404811582,-0.1753641711949662,-0.058393982232778606,-0.019382177920471907,-0.07153754464830324,0.008797202494760193,-0.1028219722350133,0.0995243598068975,-0.04042249466483331,-0.052099061240957666,-0.029270236263178543,0.017858237659023495,-0.7300528761468372,0.6142934711843089
rkiper,0.016468278223699125,1,-0.20399080822943427,0.017360621177020086,0.012979453953031616,0.2882608800773897,0.2012614483179783,0.5054271445940339,-0.2164065126352608,-0.09458662379637718,-0.37662809694089633,-0.17068694259057612,-0.09397695872214151,-0.05267413013046539,-0.024231968979456214,0.08617932935232087,0.11320974856819564,-0.008212976046184577,0.39694684809194164,-0.40252779603647504
rkiper,-0.16832725004445548,1,-0.20399080822943427,0.017360621177020086,0.012979453953031616,0.2882608800773897,0.2012614483179783,0.5054271445940339,-0.2164065126352608,-0.09458662379637718,-0.37662809694089633,-0.17068694259057612,-0.09397695872214151,-0.05267413013046539,-0.024231968979456214,0.08617932935232087,0.11320974856819564,-0.008212976046184577,0.39694684809194164,-0.40252779603647504
rkiper,-0.09351035355661902,1,-0.037941332028731636,-0.26533620183210105,0.18484942158173176,-0.3867250805366806,0.2067688314619326,0.4239084222953677,-0.09136756012430089,0.15742651926816045,-0.03418711740732859,-0.15926496920113345,-0.10939747407370333,0.05847524956326754,-0.1869276581803744,-0.35268406360917204,-0.425497622199638,0.1216349540102333,-0.19241436883829055,0.2339506166561101
rkiper,-0.13181852152652027,1,0.11311161012743334,-0.34733264291830346,0.23469983061711144,-0.4032984491123013,0.1960471809501995,0.4022423906838069,-0.16913981321520472,-0.44772682451755597,-0.35017239382135706,-0.1848741499338579,-0.10140610543349698,-0.12516066644145055,0.039108600432067195,0.01985412087295758,-0.0576483866000531,-0.018199029233495666,-0.13476144555706576,0.11421348867286471
rkiper,0.0605742335042105,1,0.011173532864308597,0.2688588509836833,-0.19568337045464235,0.2985255462018118,-0.014144262923688294,-0.22464045018745832,0.13782979513939533,0.029630586313835285,0.17259632438315492,0.20850370761233358,0.0443222767259941,-0.008505237159365684,0.16447249104790373,0.42141947743138636,0.45294289751182226,-0.0018986022044654696,0.3588237360934448,-0.34026630393431667
rkiper,-0.06454126576107726,1,0.011173532864308597,0.2688588509836833,-0.19568337045464235,0.2985255462018118,-0.014144262923688294,-0.22464045018745832,0.13782979513939533,0.029630586313835285,0.17259632438315492,0.20850370761233358,0.0443222767259941,-0.008505237159365684,0.16447249104790373,0.42141947743138636,0.45294289751182226,-0.0018986022044654696,0.3588237360934448,-0.34026630393431667
rkiper,-0.08935515705425613,1,-0.18402570816118344,0.06933440263505519,-0.19412095892705314,0.16211792847012707,0.12273193831717061,-0.12022359030861152,0.15090019634484245,0.16470876497690673,0.4528011380493578,0.13248812252233336,-0.004290449197733441,-0.44121847063845976,0.2646659079182609,0.143778265461411,0.35409863883898096,0.4118060381712351,0.11618930136131131,-0.038484513154346554
rkiper,-0.2016643952366367,1,-0.18402570816118344,0.06933440263505519,-0.19412095892705314,0.16211792847012707,0.12273193831717061,-0.12022359030861152,0.15090019634484245,0.16470876497690673,0.4528011380493578,0.13248812252233336,-0.004290449197733441,-0.44121847063845976,0.2646659079182609,0.143778265461411,0.35409863883898096,0.4118060381712351,0.11618930136131131,-0.038484513154346554
rkiper,-0.09781932259700052,1,-0.1777648334222545,-0.01593426336082382,-0.07679332705943628,0.2881281375746674,0.23381228596022707,-0.2305731899963192,0.037936176628158264,0.08205426208599745,0.17730401481284877,-0.029178146600903936,0.4902009472098211,0.3865833748062189,-0.2539645297586149,0.09342471655878655,0.12075325206167747,-0.029166409192926783,0.31374647463632016,-0.3925553440560234
rkiper,-0.21065756552824327,1,-0.1777648334222545,-0.01593426336082382,-0.07679332705943628,0.2881281375746674,0.23381228596022707,-0.2305731899963192,0.037936176628158264,0.08205426208599745,0.17730401481284877,-0.029178146600903936,0.4902009472098211,0.3865833748062189,-0.2539645297586149,0.09342471655878655,0.12075325206167747,-0.029166409192926783,0.31374647463632016,-0.3925553440560234
rkiper,0.13270495599766463,1,-0.04643985800759549,-0.048140313317673544,0.05077366823195807,-0.35458705046325206,-0.06858734651353078,-0.22099602942472504,-0.10045577645055635,-0.11975565565200397,-0.2360380779727961,0.06160263003171626,0.33702105172801183,-0.35977184125841927,0.20740518885589515,-0.11960073632645934,-0.16682521954484827,0.0327655327640572,-0.4172356679971173,0.4758158765392777
rkiper,0.003354293213757862,1,-0.19936102418645563,-0.09153316968274751,0.0225324194466132,-0.12856971402917777,0.2551120013120314,0.10942905458871596,-0.046512522498411944,-0.05561468598647934,-0.09569753729118219,0.028853432689926732,0.13536190876068346,-0.14934321636123596,-0.0907318263920741,-0.06536465888693799,-0.04023892250626672,0.023051909533856163,0.8642956749544966,0.2006154540178326
rkiper,0.01748688039329115,1,-0.19936102418645563,-0.09153316968274751,0.0225324194466132,-0.12856971402917777,0.2551120013120314,0.10942905458871596,-0.046512522498411944,-0.05561468598647934,-0.09569753729118219,0.028853432689926732,0.13536190876068346,-0.14934321636123596,-0.0907318263920741,-0.06536465888693799,-0.04023892250626672,0.023051909533856163,0.8642956749544966,0.2006154540178326
rkiper,0.4077317228347968,1,-0.19936102418645563,-0.09153316968274751,0.0225324194466132,-0.12856971402917777,0.2551120013120314,0.10942905458871596,-0.046512522498411944,-0.05561468598647934,-0.09569753729118219,0.028853432689926732,0.13536190876068346,-0.14934321636123596,-0.0907318263920741,-0.06536465888693799,-0.04023892250626672,0.023051909533856163,0.8642956749544966,0.2006154540178326
rkiper,-0.06638379543163321,1,0.370882092678121,0.2763357706249916,-0.3025032896364297,0.20147003394719923,-0.4575358346555836,-0.09688558904662734,0.21461231079634152,0.1158182088164999,-0.017617754989296276,0.06747661449959556,-0.16377498607001537,0.19325063901945308,0.40147339955862416,0.24016548894053794,-0.1633922908236462,-0.07328166987152712,0.2199373008846808,-0.08635331178528165
rkiper,-0.060542354907459746,1,0.38208024386883077,0.34921475101747634,-0.3228647128568187,0.11317488250200007,-0.27139663903890926,-0.10082413543863362,0.3892902096433066,0.1661743363328506,-0.2852565549770638,0.26168495335549613,-0.026120087816235368,0.07855115762159966,0.2079446521826809,0.1728414854494555,0.23803194858844717,-0.09029708213843307,0.20619049688789018,-0.12200753397924466
rkiper,-0.10743503716907776,2,0.2870921808431397,0.3476526062314398,-0.2643577066643442,0.2014255890874326,-0.2897730471850129,-0.025916610918518976,0.11415815872050392,0.15907239795704858,0.16290347730234375,-0.07314227324298297,-0.2038021283335413,0.2771440453560269,0.4840161873769417,0.30822198229532055,-0.12597020355469993,0.07866218561840378,0.20943424577404227,-0.13363913382238962
rkiper,-0.21122228588903386,2,0.2870921808431397,0.3476526062314398,-0.2643577066643442,0.2014255890874326,-0.2897730471850129,-0.025916610918518976,0.11415815872050392,0.15907239795704858,0.16290347730234375,-0.07314227324298297,-0.2038021283335413,0.2771440453560269,0.4840161873769417,0.30822198229532055,-0.12597020355469993,0.07866218561840378,0.20943424577404227,-0.13363913382238962
rkiper,0.028796043604405124,2,-0.29635415360676726,0.08917581713033962,0.03982117852243714,0.2869231876837683,0.17227043340401973,-0.23204910700132003,-0.043706722652122054,0.06510283264181486,0.16922376533065903,-0.02498747549801922,0.6864960596264403,0.2704445169428164,-0.21297896149825002,0.13609012411675442,0.1355759066653208,-0.03472871455936721,0.14108771627926317,-0.23148942455079746
rkiper,-0.08210276700416472,2,-0.29635415360676726,0.08917581713033962,0.03982117852243714,0.2869231876837683,0.17227043340401973,-0.23204910700132003,-0.043706722652122054,0.06510283264181486,0.16922376533065903,-0.02498747549801922,0.6864960596264403,0.2704445169428164,-0.21297896149825002,0.13609012411675442,0.1355759066653208,-0.03472871455936721,0.14108771627926317,-0.23148942455079746
rkiper,-0.008817894636432247,2,-0.29635415360676726,0.08917581713033962,0.03982117852243714,0.2869231876837683,0.17227043340401973,-0.23204910700132003,-0.043706722652122054,0.06510283264181486,0.16922376533065903,-0.02498747549801922,0.6864960596264403,0.2704445169428164,-0.21297896149825002,0.13609012411675442,0.1355759066653208,-0.03472871455936721,0.14108771627926317,-0.23148942455079746
rkiper,-0.09507800296271196,2,-0.15764293484223607,-0.30766517663607806,0.2884159299386227,-0.3865117170195286,0.20936107764012998,0.27424899243435946,-0.167457279391633,0.13062614833935765,0.050598084830425175,-0.15822466421300763,-0.12460373797121244,0.039027679841850745,-0.23261993069339695,-0.38552595944516954,-0.2856626248836177,-0.16564182785364898,-0.23611457935251745,0.2675609874627784
rkiper,-0.1305123186093601,2,0.015355542167912302,-0.37426626483443093,0.30899045900191013,-0.4075805038515827,0.18894182238373564,0.014770863893580745,-0.24956045278141847,-0.5604269480718901,-0.2314122107658168,-0.1901641067970488,-0.10258377389263731,-0.14575586045302413,-0.02298719677205878,0.07576428953599687,-0.03059222680504358,-0.11767427881577536,-0.16158910425449677,0.13103826583214231
rkiper,-0.09547300794038395,2,-0.11386418648099608,-0.31059195882819013,0.32497095479222127,-0.34680109508585416,0.18324268720300674,0.24513443010475167,-0.166595910797103,0.03207913826131447,0.0025377732871239315,-0.15120086063139343,-0.0979754418576224,-0.008887256251767886,-0.2874386664311143,-0.46231050242838767,-0.2725502867663651,0.12195027356561984,-0.21632791350648123,0.27818488168587635
rkiper,-0.15945351489841636,2,-0.1503067828924981,-0.31193333565365594,0.19752618442478712,-0.07004915278731524,0.28412679663716317,-0.2885178314326634,-0.3211387324971273,-0.4088531086426996,-0.28958759031427106,-0.27930011415012246,-0.10270718771567651,-0.18451266302500607,-0.13450801350696176,0.11707562334758904,-0.0453137772600445,-0.16846169177374978,-0.3074481212545153,0.19672598253753623
rkiper,-0.24672158769447397,2,-0.1503067828924981,-0.31193333565365594,0.19752618442478712,-0.07004915278731524,0.28412679663716317,-0.2885178314326634,-0.3211387324971273,-0.4088531086426996,-0.28958759031427106,-0.27930011415012246,-0.10270718771567651,-0.18451266302500607,-0.13450801350696176,0.11707562334758904,-0.0453137772600445,-0.16846169177374978,-0.3074481212545153,0.19672598253753623
rkiper,0.06724326599158818,2,-0.1049595241885583,-0.21225234469574905,0.24765292048701598,-0.11490311635973909,0.048087086989664046,0.06680415954573606,-0.22903426536636365,-0.18238173689475726,-0.10726661436664782,-0.13838735053210122,0.027996036882720312,-0.07607361084181728,-0.10114928623560146,-0.47030648510944123,-0.3970105189535759,-0.05793397735865623,-0.4891441340661999,0.3286633253461161
rkiper,-0.09698284722280849,2,-0.1049595241885583,-0.21225234469574905,0.24765292048701598,-0.11490311635973909,0.048087086989664046,0.06680415954573606,-0.22903426536636365,-0.18238173689475726,-0.10726661436664782,-0.13838735053210122,0.027996036882720312,-0.07607361084181728,-0.10114928623560146,-0.47030648510944123,-0.3970105189535759,-0.05793397735865623,-0.4891441340661999,0.3286633253461161
rkiper,-0.19400279762077435,2,-0.2014594110099701,0.05456438728571189,-0.15520356730820833,0.15821000915184044,0.12220703416410139,-0.13126417118428899,0.11267250746666305,0.14884820012713573,0.44301904284954297,0.2616671757762647,0.01712151400439285,-0.42029352144458476,0.2505916774064993,0.1352406617313491,0.36132610425094375,0.37705336164253894,0.08105646944468883,0.19556332793704795
rkiper,-0.07632707588557049,2,-0.2014594110099701,0.05456438728571189,-0.15520356730820833,0.15821000915184044,0.12220703416410139,-0.13126417118428899,0.11267250746666305,0.14884820012713573,0.44301904284954297,0.2616671757762647,0.01712151400439285,-0.42029352144458476,0.2505916774064993,0.1352406617313491,0.36132610425094375,0.37705336164253894,0.08105646944468883,0.19556332793704795
rkiper,-0.2254683585420735,2,-0.2014594110099701,0.05456438728571189,-0.15520356730820833,0.15821000915184044,0.12220703416410139,-0.13126417118428899,0.11267250746666305,0.14884820012713573,0.44301904284954297,0.2616671757762647,0.01712151400439285,-0.42029352144458476,0.2505916774064993,0.1352406617313491,0.36132610425094375,0.37705336164253894,0.08105646944468883,0.19556332793704795
rkiper,-0.21702602482905334,2,-0.2014594110099701,0.05456438728571189,-0.15520356730820833,0.15821000915184044,0.12220703416410139,-0.13126417118428899,0.11267250746666305,0.14884820012713573,0.44301904284954297,0.2616671757762647,0.01712151400439285,-0.42029352144458476,0.2505916774064993,0.1352406617313491,0.36132610425094375,0.37705336164253894,0.08105646944468883,0.19556332793704795
rkiper,0.002081092326302104,2,-0.09862773890025664,0.034348446323853477,-0.0898427528064823,0.185574764768383,0.1652794494523151,-0.14939165366116172,0.05940314206630472,0.007638700604839755,0.12110258941378525,-0.0257170886923214,0.5669292033956994,-0.6308405891045532,-0.18383798364949444,0.06345923449831392,0.08696399837997622,-0.017911756092159763,0.21179914385205414,-0.2609580307330996
rkiper,0.005334680265930988,2,-0.09862773890025664,0.034348446323853477,-0.0898427528064823,0.185574764768383,0.1652794494523151,-0.14939165366116172,0.05940314206630472,0.007638700604839755,0.12110258941378525,-0.0257170886923214,0.5669292033956994,-0.6308405891045532,-0.18383798364949444,0.06345923449831392,0.08696399837997622,-0.017911756092159763,0.21179914385205414,-0.2609580307330996
rkiper,0.009208544612224938,2,-0.09862773890025664,0.034348446323853477,-0.0898427528064823,0.185574764768383,0.1652794494523151,-0.14939165366116172,0.05940314206630472,0.007638700604839755,0.12110258941378525,-0.0257170886923214,0.5669292033956994,-0.6308405891045532,-0.18383798364949444,0.06345923449831392,0.08696399837997622,-0.017911756092159763,0.21179914385205414,-0.2609580307330996
rkiper,-0.11005898304233443,2,-0.09862773890025664,0.034348446323853477,-0.0898427528064823,0.185574764768383,0.1652794494523151,-0.14939165366116172,0.05940314206630472,0.007638700604839755,0.12110258941378525,-0.0257170886923214,0.5669292033956994,-0.6308405891045532,-0.18383798364949444,0.06345923449831392,0.08696399837997622,-0.017911756092159763,0.21179914385205414,-0.2609580307330996
rkiper,-0.0013757406556892796,2,-0.09862773890025664,0.034348446323853477,-0.0898427528064823,0.185574764768383,0.1652794494523151,-0.14939165366116172,0.05940314206630472,0.007638700604839755,0.12110258941378525,-0.0257170886923214,0.5669292033956994,-0.6308405891045532,-0.18383798364949444,0.06345923449831392,0.08696399837997622,-0.017911756092159763,0.21179914385205414,-0.2609580307330996
rkiper,-0.0053393587259441926,2,-0.09862773890025664,0.034348446323853477,-0.0898427528064823,0.185574764768383,0.1652794494523151,-0.14939165366116172,0.05940314206630472,0.007638700604839755,0.12110258941378525,-0.0257170886923214,0.5669292033956994,-0.6308405891045532,-0.18383798364949444,0.06345923449831392,0.08696399837997622,-0.017911756092159763,0.21179914385205414,-0.2609580307330996
rkiper,0.2671171437115092,2,-0.2838988483900262,-0.26498235627872707,0.25522810475049595,-0.12609415023498166,0.32075414634750293,-0.1816358286105546,-0.3659100868041741,-0.19621738429703556,0.2395096293785056,-0.5308465394320128,0.0188493783800217,-0.09556541241201513,-0.05373681066712314,-0.14020029632154413,-0.16751164816558783,0.06366073824773884,-0.16435644315116663,0.17192386721867028
rkiper,0.02971712924435901,4,0.20883611522621412,0.2744254068265052,-0.3928099643373764,0.1754993428007897,-0.15320222995440658,0.34677469633860025,0.35732962489599857,0.2354989032387213,-0.2511798802576709,0.2581170966583909,-0.05422704201477463,0.1460172183842136,0.0810925263520276,0.1785722209438534,0.19042379391297543,-0.06891432309139083,0.26734079722278703,-0.25335304840954276
rkiper,-0.195533797175655,4,0.20883611522621412,0.2744254068265052,-0.3928099643373764,0.1754993428007897,-0.15320222995440658,0.34677469633860025,0.35732962489599857,0.2354989032387213,-0.2511798802576709,0.2581170966583909,-0.05422704201477463,0.1460172183842136,0.0810925263520276,0.1785722209438534,0.19042379391297543,-0.06891432309139083,0.26734079722278703,-0.25335304840954276
rkiper,-0.09731263612646952,4,0.20883611522621412,0.2744254068265052,-0.3928099643373764,0.1754993428007897,-0.15320222995440658,0.34677469633860025,0.35732962489599857,0.2354989032387213,-0.2511798802576709,0.2581170966583909,-0.05422704201477463,0.1460172183842136,0.0810925263520276,0.1785722209438534,0.19042379391297543,-0.06891432309139083,0.26734079722278703,-0.25335304840954276
rkiper,-0.22618541122319127,4,0.20883611522621412,0.2744254068265052,-0.3928099643373764,0.1754993428007897,-0.15320222995440658,0.34677469633860025,0.35732962489599857,0.2354989032387213,-0.2511798802576709,0.2581170966583909,-0.05422704201477463,0.1460172183842136,0.0810925263520276,0.1785722209438534,0.19042379391297543,-0.06891432309139083,0.26734079722278703,-0.25335304840954276
rkiper,-0.19400224324687962,4,-0.5331829404793015,-0.015360784106635106,0.06329711642054005,0.3279887239140048,0.21677727610825528,-0.268856457122336,-0.1887375495756808,0.03924113883077444,0.1763471590188589,-0.09977581572500419,0.3242872761272393,0.1383728644578682,-0.486408012701853,0.0879069381808605,0.10000148218368062,-0.026419153024123853,-0.009781406250848064,-0.16426140506284734
rkiper,-0.11478035785540329,4,-0.5331829404793015,-0.015360784106635106,0.06329711642054005,0.3279887239140048,0.21677727610825528,-0.268856457122336,-0.1887375495756808,0.03924113883077444,0.1763471590188589,-0.09977581572500419,0.3242872761272393,0.1383728644578682,-0.486408012701853,0.0879069381808605,0.10000148218368062,-0.026419153024123853,-0.009781406250848064,-0.16426140506284734
rkiper,-0.2019293833184408,4,-0.5331829404793015,-0.015360784106635106,0.06329711642054005,0.3279887239140048,0.21677727610825528,-0.268856457122336,-0.1887375495756808,0.03924113883077444,0.1763471590188589,-0.09977581572500419,0.3242872761272393,0.1383728644578682,-0.486408012701853,0.0879069381808605,0.10000148218368062,-0.026419153024123853,-0.009781406250848064,-0.16426140506284734
rkiper,-0.18203859459978028,4,-0.39612868500821724,-0.16481482421826887,0.35479734918196626,0.09559611385956891,0.24805334246982333,-0.30889325820138,-0.42150270425020014,0.016667815073931103,0.002874737100916401,-0.25951538387099066,-0.19064802179522658,-0.01793233220968568,-0.3255883513923007,-0.06115051089971605,0.16101158275401248,-0.029542364919965723,-0.3123813535155653,0.08865114342054131
rkiper,-0.2091126653842711,4,-0.39612868500821724,-0.16481482421826887,0.35479734918196626,0.09559611385956891,0.24805334246982333,-0.30889325820138,-0.42150270425020014,0.016667815073931103,0.002874737100916401,-0.25951538387099066,-0.19064802179522658,-0.01793233220968568,-0.3255883513923007,-0.06115051089971605,0.16101158275401248,-0.029542364919965723,-0.3123813535155653,0.08865114342054131
rkiper,-0.10242667386408061,4,-0.1689210295173996,-0.31881318174055695,0.4203786308864178,-0.4094393878109231,0.18821609556159516,-0.11752765598553612,-0.22206986097598688,-0.13225162544035404,0.08032900038831557,-0.1655373358502044,-0.11277184100627353,-0.05289483175489221,-0.3508079539911061,-0.24882459087785988,-0.12524622514059802,-0.18279617516060082,-0.27391129440611306,0.22570425031732666
rkiper,-0.15606291115796483,4,-0.13697913180311322,-0.366944188976401,0.4043801403097418,-0.39878052005136133,0.17495506420484896,-0.18126549869552003,-0.30793021091910344,-0.3132222179072191,-0.09949767849661734,-0.166237935810632,-0.1139738906568779,-0.08863686788206536,-0.255188356101102,-0.12658032120933424,-0.013107435846784843,0.05126982632790668,-0.2759000062063568,0.22180527688901344
rkiper,-0.07431771057818919,4,-0.1781253679198471,-0.31176049555460605,0.3670834203917214,-0.36521855492775795,0.16017625453952353,-0.02836035988271679,-0.2669707866860831,-0.23669016413473828,0.023444369309142336,-0.12301128426617644,-0.06277468137372308,-0.10600280385028399,-0.3971682340514903,-0.3080420366866512,-0.13882435251091302,0.1501274008730724,-0.24653795985123483,0.25120303342320316
rkiper,0.014885165909387243,4,-0.08570059938529723,-0.2881549052071455,0.28788650609530286,-0.3076887839246939,0.15342290131653474,0.17963097165124087,-0.3627756694506041,-0.5594184384827632,0.024867230844933665,-0.023903849637113048,0.03503580171392239,-0.17114408361427227,-0.10647533698300939,-0.23708565609207982,-0.052080154933677576,-0.05765091690599073,-0.29964308620325125,0.19139996841093462
rkiper,0.0064118740369136975,4,-0.08570059938529723,-0.2881549052071455,0.28788650609530286,-0.3076887839246939,0.15342290131653474,0.17963097165124087,-0.3627756694506041,-0.5594184384827632,0.024867230844933665,-0.023903849637113048,0.03503580171392239,-0.17114408361427227,-0.10647533698300939,-0.23708565609207982,-0.052080154933677576,-0.05765091690599073,-0.29964308620325125,0.19139996841093462
rkiper,-0.10467875298749577,4,-0.08570059938529723,-0.2881549052071455,0.28788650609530286,-0.3076887839246939,0.15342290131653474,0.17963097165124087,-0.3627756694506041,-0.5594184384827632,0.024867230844933665,-0.023903849637113048,0.03503580171392239,-0.17114408361427227,-0.10647533698300939,-0.23708565609207982,-0.052080154933677576,-0.05765091690599073,-0.29964308620325125,0.19139996841093462
rkiper,-0.016963057285891453,4,-0.08570059938529723,-0.2881549052071455,0.28788650609530286,-0.3076887839246939,0.15342290131653474,0.17963097165124087,-0.3627756694506041,-0.5594184384827632,0.024867230844933665,-0.023903849637113048,0.03503580171392239,-0.17114408361427227,-0.10647533698300939,-0.23708565609207982,-0.052080154933677576,-0.05765091690599073,-0.29964308620325125,0.19139996841093462
rkiper,0.0016999470488566855,4,-0.2365481018299357,0.11555637198707969,-0.07425104908697465,0.11466133620000842,0.07148520002664807,-0.10331782284328071,0.06750581649165331,0.12762886351362124,0.431766119014641,0.275886673579662,-0.0649173020790303,-0.2856041832703842,0.2521600198592278,0.113181132469809,0.39108514481167345,0.40861926056566145,-0.04203570221136594,0.35916852963909546
rkiper,0.0026936412103147254,4,-0.2365481018299357,0.11555637198707969,-0.07425104908697465,0.11466133620000842,0.07148520002664807,-0.10331782284328071,0.06750581649165331,0.12762886351362124,0.431766119014641,0.275886673579662,-0.0649173020790303,-0.2856041832703842,0.2521600198592278,0.113181132469809,0.39108514481167345,0.40861926056566145,-0.04203570221136594,0.35916852963909546
rkiper,-0.12210577006858207,4,-0.2365481018299357,0.11555637198707969,-0.07425104908697465,0.11466133620000842,0.07148520002664807,-0.10331782284328071,0.06750581649165331,0.12762886351362124,0.431766119014641,0.275886673579662,-0.0649173020790303,-0.2856041832703842,0.2521600198592278,0.113181132469809,0.39108514481167345,0.40861926056566145,-0.04203570221136594,0.35916852963909546
rkiper,-0.0009065186825646822,4,-0.2365481018299357,0.11555637198707969,-0.07425104908697465,0.11466133620000842,0.07148520002664807,-0.10331782284328071,0.06750581649165331,0.12762886351362124,0.431766119014641,0.275886673579662,-0.0649173020790303,-0.2856041832703842,0.2521600198592278,0.113181132469809,0.39108514481167345,0.40861926056566145,-0.04203570221136594,0.35916852963909546
rkiper,-0.014171948702280165,4,-0.2365481018299357,0.11555637198707969,-0.07425104908697465,0.11466133620000842,0.07148520002664807,-0.10331782284328071,0.06750581649165331,0.12762886351362124,0.431766119014641,0.275886673579662,-0.0649173020790303,-0.2856041832703842,0.2521600198592278,0.113181132469809,0.39108514481167345,0.40861926056566145,-0.04203570221136594,0.35916852963909546
peppe,0.030517071686039423,1,-0.4265139836561645,0.33586666681036037,0.16913733542075252,0.17467113404287235,0.16527241055352673,0.18682137470986745,-0.4091347363686047,0.010001667069110102,0.0032759570120006703,-0.2611820971265456,0.049544049208258105,0.15064831065561832,0.25689820903684524,0.178700333058574,-0.1986336426204267,-0.1416723877018533,0.27531244596578947,-0.29970539159648935
peppe,-0.08503102589793113,1,-0.4265139836561645,0.33586666681036037,0.16913733542075252,0.17467113404287235,0.16527241055352673,0.18682137470986745,-0.4091347363686047,0.010001667069110102,0.0032759570120006703,-0.2611820971265456,0.049544049208258105,0.15064831065561832,0.25689820903684524,0.178700333058574,-0.1986336426204267,-0.1416723877018533,0.27531244596578947,-0.29970539159648935
peppe,-0.11855260176951116,1,-0.025004369215544553,-0.2072557332712497,-0.12018333616966088,0.28247508699225715,-0.14411174487137468,0.2802276749633625,-0.05041389448461628,0.08332980936069463,0.12764495441124377,-0.09630685157269091,-0.12511129582530026,0.29003688466458766,-0.5860656011997878,-0.09508673243916367,0.4681696817054842,-0.09841481883703196,0.002349883367912837,-0.2160365037066861
peppe,0.12093734838197351,1,0.018045114610865557,0.0972492756463923,0.20077651629963883,-0.27873529476059994,0.25270672518526527,-0.2907109579165099,0.30699810624806306,0.25179757861322394,-0.37458436769212083,0.17597322038136354,-0.023967036451961573,-0.1649947102266632,0.31719457994248884,-0.06014786666956765,-0.2739473250211527,0.12234479851183482,-0.19215001890984498,0.368705967546639
peppe,-0.018864961544344038,1,0.018045114610865557,0.0972492756463923,0.20077651629963883,-0.27873529476059994,0.25270672518526527,-0.2907109579165099,0.30699810624806306,0.25179757861322394,-0.37458436769212083,0.17597322038136354,-0.023967036451961573,-0.1649947102266632,0.31719457994248884,-0.06014786666956765,-0.2739473250211527,0.12234479851183482,-0.19215001890984498,0.368705967546639
peppe,0.054503209176764,1,0.09131106887034422,-0.11350075127955395,-0.06490820987002599,-0.2533018044879104,0.107042594137506,-0.26029343431142254,0.2563895823311506,0.31197393689997505,-0.18748985105762092,0.2954701409925894,-0.13414296976200743,0.20627521610736732,-0.37885183631418756,-0.4233803958560734,0.21287292326703108,-0.007033519257424113,-0.2896454259559294,0.18191617978693012
peppe,-0.11235140600272613,1,0.09131106887034422,-0.11350075127955395,-0.06490820987002599,-0.2533018044879104,0.107042594137506,-0.26029343431142254,0.2563895823311506,0.31197393689997505,-0.18748985105762092,0.2954701409925894,-0.13414296976200743,0.20627521610736732,-0.37885183631418756,-0.4233803958560734,0.21287292326703108,-0.007033519257424113,-0.2896454259559294,0.18191617978693012
peppe,-0.03226101697711162,1,0.09131106887034422,-0.11350075127955395,-0.06490820987002599,-0.2533018044879104,0.107042594137506,-0.26029343431142254,0.2563895823311506,0.31197393689997505,-0.18748985105762092,0.2954701409925894,-0.13414296976200743,0.20627521610736732,-0.37885183631418756,-0.4233803958560734,0.21287292326703108,-0.007033519257424113,-0.2896454259559294,0.18191617978693012
peppe,0.045492190735124005,1,0.13625671625849584,-0.05644420654421678,0.03100061509842809,-0.18079765440063963,0.06992622837856306,-0.3582769046219243,0.35277478767061404,0.24471038292614444,-0.2522935452272517,0.39731093412963586,0.015936652633344265,0.15006684196870926,-0.26793774939654474,-0.2970360750209271,0.35625526580369815,-0.20332443280007034,-0.20321841401998275,0.11469356051494048
peppe,-0.07270997803894651,1,0.13625671625849584,-0.05644420654421678,0.03100061509842809,-0.18079765440063963,0.06992622837856306,-0.3582769046219243,0.35277478767061404,0.24471038292614444,-0.2522935452272517,0.39731093412963586,0.015936652633344265,0.15006684196870926,-0.26793774939654474,-0.2970360750209271,0.35625526580369815,-0.20332443280007034,-0.20321841401998275,0.11469356051494048
peppe,-0.05321474978527938,1,0.13625671625849584,-0.05644420654421678,0.03100061509842809,-0.18079765440063963,0.06992622837856306,-0.3582769046219243,0.35277478767061404,0.24471038292614444,-0.2522935452272517,0.39731093412963586,0.015936652633344265,0.15006684196870926,-0.26793774939654474,-0.2970360750209271,0.35625526580369815,-0.20332443280007034,-0.20321841401998275,0.11469356051494048
peppe,0.0035005933026716705,1,-0.1509093968369892,0.3071664790531585,0.21267004003605275,0.1023995664150646,0.020024681965452786,0.14674093560811574,0.5422414698419253,0.12496207486754546,-0.5659631604250369,0.2975603156955686,0.05267885519437698,0.15294999674357057,-0.04534197977093519,0.07192398558731447,0.17815102502532776,-0.10061805553338767,-0.09965042768370416,-0.039236743093866024
peppe,-0.061927438654552844,1,-0.1509093968369892,0.3071664790531585,0.21267004003605275,0.1023995664150646,0.020024681965452786,0.14674093560811574,0.5422414698419253,0.12496207486754546,-0.5659631604250369,0.2975603156955686,0.05267885519437698,0.15294999674357057,-0.04534197977093519,0.07192398558731447,0.17815102502532776,-0.10061805553338767,-0.09965042768370416,-0.039236743093866024
peppe,0.018068137191353563,1,-0.29723738929048366,0.35679933874828174,0.08307833566648719,0.24779449371002948,-0.12778951784242873,0.3226424573833667,-0.30296440176299455,-0.17162092937549583,0.33377378810311176,-0.3428412661624744,0.28165774077083794,-0.0643630538450106,0.15870761903355263,0.14370283907152867,0.22032630303274567,-0.14718675656065847,-0.048607733379579604,-0.20866923298279366
peppe,-0.10913762002708513,1,-0.29723738929048366,0.35679933874828174,0.08307833566648719,0.24779449371002948,-0.12778951784242873,0.3226424573833667,-0.30296440176299455,-0.17162092937549583,0.33377378810311176,-0.3428412661624744,0.28165774077083794,-0.0643630538450106,0.15870761903355263,0.14370283907152867,0.22032630303274567,-0.14718675656065847,-0.048607733379579604,-0.20866923298279366
peppe,0.0578843715848828,1,0.1894241650467182,-0.12830995186375882,0.07653149384777475,0.22677721963548444,-0.12634400138409657,-0.24917102119157988,0.2631280530263651,0.2550832620128105,-0.1335414256235736,0.35675734149681243,0.032033486212154696,0.15391149466451398,0.2709431707758082,-0.3395866459322421,0.4003210841528239,-0.1913243000694436,-0.3093357050810429,0.16405299046601377
peppe,-0.15350178156213082,1,0.1894241650467182,-0.12830995186375882,0.07653149384777475,0.22677721963548444,-0.12634400138409657,-0.24917102119157988,0.2631280530263651,0.2550832620128105,-0.1335414256235736,0.35675734149681243,0.032033486212154696,0.15391149466451398,0.2709431707758082,-0.3395866459322421,0.4003210841528239,-0.1913243000694436,-0.3093357050810429,0.16405299046601377
peppe,-0.120089251104952,1,0.1922601148276403,-0.24957735518571778,-0.012413710506799978,-0.3865753875448805,-0.4782555906300049,0.13514404949303163,-0.0156877056893704,-0.29084870731212414,0.3403599388591968,-0.13634071772995662,0.15875716412546698,-0.1245654976655449,0.02513744585337113,0.19077517032775043,-0.20651315174376345,0.3835533792284456,-0.1264960638252579,-0.03712001671610667
peppe,-0.11422480302927279,1,0.4044539505123122,-0.21139861707879537,-0.09565598767880798,-0.30588669360111653,-0.4188364314755426,-0.316535426176147,0.1767250308537637,0.1516852400209545,-0.03790116221292912,0.18951078902927954,0.028456231550086218,0.0856444268238153,0.3076170940611291,-0.2309283825214127,0.2885940775425917,0.09487766123002261,-0.2520795963538379,0.09933738805575498
peppe,-0.10202731363861772,1,0.23117637331704435,0.04091166108219424,0.11721303492135636,0.16447424723316054,-0.5661866410782126,0.042163443596484336,0.11270401635652204,-0.040801364131739015,0.21861919000246655,-0.12618075801533332,0.12205722785082987,-0.026373072657727103,0.2944281449257651,0.20515404417345162,0.03730583480543917,0.5479257598973367,-0.22889853810933825,-0.07270882459367949
peppe,-0.21152482528840785,1,0.23117637331704435,0.04091166108219424,0.11721303492135636,0.16447424723316054,-0.5661866410782126,0.042163443596484336,0.11270401635652204,-0.040801364131739015,0.21861919000246655,-0.12618075801533332,0.12205722785082987,-0.026373072657727103,0.2944281449257651,0.20515404417345162,0.03730583480543917,0.5479257598973367,-0.22889853810933825,-0.07270882459367949
peppe,-0.15598663740472668,1,0.06996785336166687,0.26995254344453135,0.4536098768548198,0.14217410681000203,-0.3778116767575695,-0.13759131264720043,0.3747621948951824,0.28830585810087445,-0.019383598311971905,0.18906839564769226,-0.0657391043638432,0.17718446399294246,0.41213673278744817,-0.15575805031282622,0.17009323043720037,-0.03465796721801405,-0.1168092836665992,-0.035799865024675984
peppe,-0.12804570592273545,1,0.03924850784167635,0.320312284655361,0.5119105567066026,0.10480862400730158,-0.48044605576970256,0.14952573177233042,0.18052548437550908,0.01267208420711004,0.47346441472897377,-0.03037992781824595,-0.14286985018166268,0.09862693946413331,0.26362718212933195,-0.024531693962222222,0.03993483006088809,0.0576766525446886,-0.028493063394546526,-0.07629576637578518
peppe,-0.05728447950145963,1,-0.12552997796148369,0.2856463327198908,0.544470991160756,0.1149149757300149,-0.06946549969794587,0.12289335899578613,0.1977741076348201,0.1485865523476798,0.024935318531043717,0.10561661474564826,-0.0750391288572032,0.044106933804158775,0.26408296929916397,0.23677325560266996,-0.5197704858498203,0.2707053143933515,0.10979052388549744,-0.10593623262320034
peppe,-0.21411618375666844,1,-0.12552997796148369,0.2856463327198908,0.544470991160756,0.1149149757300149,-0.06946549969794587,0.12289335899578613,0.1977741076348201,0.1485865523476798,0.024935318531043717,0.10561661474564826,-0.0750391288572032,0.044106933804158775,0.26408296929916397,0.23677325560266996,-0.5197704858498203,0.2707053143933515,0.10979052388549744,-0.10593623262320034
peppe,-0.10755566061176386,1,-0.2229915985566923,0.02235084907616003,0.26868317898161836,0.268296773707952,0.12915898864210035,0.192333970635283,0.2910019708841389,0.3514687735821345,-0.11529628018954449,0.48459776616158284,-0.14353630539233056,0.3367241008809248,0.05568574136697141,0.16244399805333115,-0.024176959003383233,-0.17052407415031,0.17144513172437056,-0.27028714291857725
peppe,-0.13688906500538098,1,-0.32611830935367436,0.40700729993435936,-0.18951098144179285,0.16329429433274026,0.31282034404897113,0.2339701796852414,-0.4633144051055593,0.02384219781263658,-0.10818416773971065,-0.2512188735456711,0.24264445274148586,0.003079680761056222,0.16919417500668799,0.13489358354329137,-0.16285176820968228,-0.13393122703213484,0.16470352819335507,-0.21325136124568203
peppe,0.05072726736474513,2,-0.4965580778334051,0.3455879779871587,0.10018906502830743,0.2281153154170741,0.09538932345204738,0.20805886782448377,-0.4574030980476767,0.00820725522848442,0.021349016063425316,-0.3170456937548811,0.15595067184077555,0.04062515224050142,0.09357408092154014,0.18277161609871004,-0.14289725122423022,-0.12073853572709176,0.20914743137142894,-0.24981113682860684
peppe,-0.08723278736598637,2,-0.4965580778334051,0.3455879779871587,0.10018906502830743,0.2281153154170741,0.09538932345204738,0.20805886782448377,-0.4574030980476767,0.00820725522848442,0.021349016063425316,-0.3170456937548811,0.15595067184077555,0.04062515224050142,0.09357408092154014,0.18277161609871004,-0.14289725122423022,-0.12073853572709176,0.20914743137142894,-0.24981113682860684
peppe,-0.1195832265210324,2,0.335122625347314,-0.428198675933394,-0.3062563234274134,-0.39842287949081434,-0.10886893693585563,-0.33194804249645155,-0.12978749574535905,-0.25034775351466576,0.12616638901590765,-0.11588831955946423,-0.3280573839939142,-0.11132515458303023,0.0942994583136836,0.06864724812188851,0.18888067538071168,-0.1333778112740697,-0.18240075454297675,-0.023255921243472172
peppe,-0.0645764787419964,2,0.40514408456827233,-0.39386946709308357,-0.35084636842089195,-0.36611696493708723,-0.08746864230908671,-0.15924448640717107,-0.126637853759039,-0.4042569525501586,0.18302398963671412,-0.1408405557323298,0.15731774523411396,-0.12502346456693136,-0.06086266059729467,-0.015627114200332057,0.10321258406809514,0.2597737768060467,-0.18723799085104897,0.01626460197243744
peppe,-0.16454122471778054,2,0.3784213620132003,-0.24338232225884981,0.01767626441559172,-0.24162285649190396,-0.19122696129160746,-0.1266094830029546,0.03792703966434432,0.003118554276989203,0.25660204772777495,0.026230795371879372,-0.19633602482365778,0.012972874245217278,-0.49001947508858,-0.4936357440849772,0.16574657377278162,-0.01875706649370942,-0.2388485234235435,0.10443114674671214
peppe,-0.20758853167793376,2,0.3784213620132003,-0.24338232225884981,0.01767626441559172,-0.24162285649190396,-0.19122696129160746,-0.1266094830029546,0.03792703966434432,0.003118554276989203,0.25660204772777495,0.026230795371879372,-0.19633602482365778,0.012972874245217278,-0.49001947508858,-0.4936357440849772,0.16574657377278162,-0.01875706649370942,-0.2388485234235435,0.10443114674671214
peppe,0.069535913982749,2,0.22866449860669483,-0.15829173683414122,-0.06056315286509677,0.05859145630600355,-0.2173191050055745,-0.0755594026901449,-0.14795849654081736,-0.2895793542014143,0.40249872314963914,-0.14970488715515146,0.024534845934019677,-0.04075533288144008,-0.5499488946888812,-0.33352673252902515,0.3388454466587605,-0.17268873877077295,-0.09125388961923213,0.05951616760632988
peppe,-0.10408573484149235,2,0.22866449860669483,-0.15829173683414122,-0.06056315286509677,0.05859145630600355,-0.2173191050055745,-0.0755594026901449,-0.14795849654081736,-0.2895793542014143,0.40249872314963914,-0.14970488715515146,0.024534845934019677,-0.04075533288144008,-0.5499488946888812,-0.33352673252902515,0.3388454466587605,-0.17268873877077295,-0.09125388961923213,0.05951616760632988
peppe,-0.0912756652629129,2,-0.30483390713615943,0.03329188461492805,0.25777029758545184,0.27101937604702975,0.30271900862326157,0.04183908146806519,0.07990765559461625,0.27255823466176,-0.11877425525445932,-0.338331532830947,-0.17432155393239013,0.34204926957941834,-0.05188220259650226,0.28570636791522136,-0.18600294848780208,-0.24000546479819448,0.2138360573229967,-0.3062705528381657
peppe,-0.11782717985562405,2,-0.3067941258247334,0.2653278859458482,-0.152474475164847,0.14579529684808776,0.41214221600263407,0.2043397099089049,-0.42582477050325773,0.0378404189796054,-0.3512511071311868,-0.07882122473655598,0.27141305841237456,0.04934189796810551,0.17150677188458838,0.1792135313668897,-0.20064662496608385,-0.1541282044566965,0.15064972271097704,-0.2065609290209894
peppe,-0.07507273303618849,3,-0.27112981666306557,0.15667114793732506,-0.29830521863704507,0.23393325869381262,0.091435021643783,0.27956654394445135,-0.43346322540563187,-0.22582841194885261,-0.09719453827172381,-0.27030471492731734,0.3326687686961215,-0.061197154678045526,0.09770427600416737,0.22001887576717083,-0.20266873908587235,-0.1847731898036396,0.15989517200672917,-0.27778351372437365
peppe,0.007372259238560042,3,-0.11478344257868375,0.12386316191632307,0.057505474415868896,0.11921927794230153,-0.06010087682868306,0.14845072612711138,-0.04752676545764559,-0.20840873137102722,-0.15170357227436138,-0.08177391263165214,-0.8702394612828428,-0.1765730273454137,0.0511339807483694,0.08448984403666127,0.00937159530703854,-0.08095015842829449,0.04424727063436829,-0.21464468815293544
peppe,0.03454765886947507,3,-0.11478344257868375,0.12386316191632307,0.057505474415868896,0.11921927794230153,-0.06010087682868306,0.14845072612711138,-0.04752676545764559,-0.20840873137102722,-0.15170357227436138,-0.08177391263165214,-0.8702394612828428,-0.1765730273454137,0.0511339807483694,0.08448984403666127,0.00937159530703854,-0.08095015842829449,0.04424727063436829,-0.21464468815293544
peppe,-0.01731360034612526,3,-0.11478344257868375,0.12386316191632307,0.057505474415868896,0.11921927794230153,-0.06010087682868306,0.14845072612711138,-0.04752676545764559,-0.20840873137102722,-0.15170357227436138,-0.08177391263165214,-0.8702394612828428,-0.1765730273454137,0.0511339807483694,0.08448984403666127,0.00937159530703854,-0.08095015842829449,0.04424727063436829,-0.21464468815293544
peppe,-0.2653316935688163,3,-0.11478344257868375,0.12386316191632307,0.057505474415868896,0.11921927794230153,-0.06010087682868306,0.14845072612711138,-0.04752676545764559,-0.20840873137102722,-0.15170357227436138,-0.08177391263165214,-0.8702394612828428,-0.1765730273454137,0.0511339807483694,0.08448984403666127,0.00937159530703854,-0.08095015842829449,0.04424727063436829,-0.21464468815293544
peppe,0.06954407723644171,3,-0.05768249860210691,-0.008131919618591546,-0.17453997780759978,0.14824384789451805,0.16442357572124583,0.1630219459686629,0.16732302170965138,0.21090369777421503,-0.11650227946130132,0.11007184258648668,-0.005125556579206027,0.18493178389552486,0.1021462072715722,-0.21248649270610337,-0.023573558717008166,0.0031881730484903596,0.7225726447646746,0.4241478981436093
peppe,-0.7036092068990422,3,-0.05768249860210691,-0.008131919618591546,-0.17453997780759978,0.14824384789451805,0.16442357572124583,0.1630219459686629,0.16732302170965138,0.21090369777421503,-0.11650227946130132,0.11007184258648668,-0.005125556579206027,0.18493178389552486,0.1021462072715722,-0.21248649270610337,-0.023573558717008166,0.0031881730484903596,0.7225726447646746,0.4241478981436093
peppe,-0.055780706400353895,3,-0.030266262633495286,-0.0116683016276735,-0.18980201096730745,0.13653845103273182,0.20937757665249812,0.15120692276733394,0.20088775285223362,0.20134059069191973,-0.11927922817623957,0.36462295558839924,-0.0003346734149966904,0.17128268102469943,0.10566717902027298,-0.22790134162101344,-0.03174037146800169,-0.003143038743627682,-0.6693538959254405,0.3286517630584152
peppe,-0.37615944510191957,3,-0.030266262633495286,-0.0116683016276735,-0.18980201096730745,0.13653845103273182,0.20937757665249812,0.15120692276733394,0.20088775285223362,0.20134059069191973,-0.11927922817623957,0.36462295558839924,-0.0003346734149966904,0.17128268102469943,0.10566717902027298,-0.22790134162101344,-0.03174037146800169,-0.003143038743627682,-0.6693538959254405,0.3286517630584152
peppe,0.11314725403244383,3,-0.0880221583905117,0.12939055596038884,0.3158603528737306,-0.08624585939336561,-0.30554293046870834,-0.1451582136439768,-0.14380846507867825,-0.1812431192109293,0.10327828298562644,0.036185376332740465,0.0667327704862461,-0.16408787224480395,-0.14750774641719042,0.3034151553561545,0.041567544877421335,0.0562824967693219,-0.5633542710083312,-0.4700105917166989
peppe,-0.10174042596338094,3,0.209865421731653,-0.27460401405642243,-0.2516543071669127,-0.36457842791127865,0.016054487828310413,-0.1091055324823233,-0.03404947033425384,-0.17600770417976033,-0.09367848194107167,-0.012710773766549706,-0.3625706478914079,-0.35001045547593534,0.0068279572398375335,-0.01637676400806245,-0.0668206318611084,-0.09424156904419577,0.24751756015627005,0.5497033109655055
peppe,-0.3149316955786251,3,0.16677252254328812,-0.24721489448348385,-0.30359720913639143,-0.34789744892611146,0.233108633383318,0.13293103549000734,0.10258810805661595,0.16803477730319463,-0.07164775698523766,-0.057644446169152035,-0.10468650476077047,-0.6043343818818043,0.047996315928772446,-0.35777713783414844,0.024895386101419753,-0.038434304715626394,0.12496120494427582,0.23332707028052257
peppe,-0.14373902648958395,3,0.16806255561502714,-0.2788357216473165,-0.24441849886771252,-0.37167980039482384,0.208154458041026,0.1061228353607922,-0.08928747889353539,-0.008332425333888801,-0.03569173519359451,-0.1539838484822167,-0.3014924225756951,-0.6227920379350701,-0.18704489634962987,-0.08820824501801766,0.07808896203191887,0.030579147902519057,-0.2727328759028391,-0.07451251425702134
peppe,-0.22368348073244898,3,0.16806255561502714,-0.2788357216473165,-0.24441849886771252,-0.37167980039482384,0.208154458041026,0.1061228353607922,-0.08928747889353539,-0.008332425333888801,-0.03569173519359451,-0.1539838484822167,-0.3014924225756951,-0.6227920379350701,-0.18704489634962987,-0.08820824501801766,0.07808896203191887,0.030579147902519057,-0.2727328759028391,-0.07451251425702134
peppe,-0.09375141516398627,3,0.02930407117004341,-0.024665166552179207,0.005218372893562953,0.15623932704552507,-0.10882459552966847,-0.024260462986714804,-0.2025716080270844,-0.3167693629771432,-0.08037429873276422,-0.098470931661598,-0.5800167059865586,-0.32626573119345614,0.029526309941432106,0.23178684904153132,0.03750242442634171,0.5498570346573336,0.013678935032853189,-0.05222054193115314
peppe,-0.22306270418492863,3,0.02930407117004341,-0.024665166552179207,0.005218372893562953,0.15623932704552507,-0.10882459552966847,-0.024260462986714804,-0.2025716080270844,-0.3167693629771432,-0.08037429873276422,-0.098470931661598,-0.5800167059865586,-0.32626573119345614,0.029526309941432106,0.23178684904153132,0.03750242442634171,0.5498570346573336,0.013678935032853189,-0.05222054193115314
peppe,0.01107311159050749,3,-0.14597428275489097,0.17027799132845212,0.11465145395968276,0.12456758770911608,-0.03591892472581378,0.10618021053086617,-0.07433082896068413,-0.10537610358200779,-0.09891193758443588,-0.05057246513850706,-0.35781763554746093,-0.1852760050595043,-0.03380491669724713,0.1222789556887466,0.06721630158004657,-0.13070833601419357,0.06435572018410758,0.8217665085855154
peppe,-0.14229700643860504,3,-0.14597428275489097,0.17027799132845212,0.11465145395968276,0.12456758770911608,-0.03591892472581378,0.10618021053086617,-0.07433082896068413,-0.10537610358200779,-0.09891193758443588,-0.05057246513850706,-0.35781763554746093,-0.1852760050595043,-0.03380491669724713,0.1222789556887466,0.06721630158004657,-0.13070833601419357,0.06435572018410758,0.8217665085855154
peppe,-0.006711601736609172,3,-0.14597428275489097,0.17027799132845212,0.11465145395968276,0.12456758770911608,-0.03591892472581378,0.10618021053086617,-0.07433082896068413,-0.10537610358200779,-0.09891193758443588,-0.05057246513850706,-0.35781763554746093,-0.1852760050595043,-0.03380491669724713,0.1222789556887466,0.06721630158004657,-0.13070833601419357,0.06435572018410758,0.8217665085855154
peppe,-0.10459711670948156,3,-0.10245265196519635,0.0684502955928673,-0.1263680503874364,0.11206972710490601,0.4419775614048965,-0.18627737390212373,0.22831929748567711,0.15967460368381306,-0.08882895015195962,0.22278946197374527,0.0029264702432521155,-0.4516480335411988,-0.017001227087192487,-0.19920216335694696,-0.2196963062414436,-0.052442014412443984,0.45145750075997476,0.30380768609943737
peppe,0.033423873371059204,3,0.020954862612567966,-0.12604631422572518,-0.30098276255708944,-0.1026657105690417,0.35412153828958076,-0.12361171022787684,-0.03005973150133785,0.19839860201071738,-0.1261491916831577,0.07208641929414841,0.5158537675979734,0.26567511719086284,0.0686998797096254,0.1795250959786712,0.22876811703483466,0.04390303912654324,-0.4185627118039907,-0.27819127243771913
peppe,0.019022296396715727,3,0.020954862612567966,-0.12604631422572518,-0.30098276255708944,-0.1026657105690417,0.35412153828958076,-0.12361171022787684,-0.03005973150133785,0.19839860201071738,-0.1261491916831577,0.07208641929414841,0.5158537675979734,0.26567511719086284,0.0686998797096254,0.1795250959786712,0.22876811703483466,0.04390303912654324,-0.4185627118039907,-0.27819127243771913
peppe,0.20816125087856194,3,0.020954862612567966,-0.12604631422572518,-0.30098276255708944,-0.1026657105690417,0.35412153828958076,-0.12361171022787684,-0.03005973150133785,0.19839860201071738,-0.1261491916831577,0.07208641929414841,0.5158537675979734,0.26567511719086284,0.0686998797096254,0.1795250959786712,0.22876811703483466,0.04390303912654324,-0.4185627118039907,-0.27819127243771913
peppe,-0.0092013492597857,3,0.020954862612567966,-0.12604631422572518,-0.30098276255708944,-0.1026657105690417,0.35412153828958076,-0.12361171022787684,-0.03005973150133785,0.19839860201071738,-0.1261491916831577,0.07208641929414841,0.5158537675979734,0.26567511719086284,0.0686998797096254,0.1795250959786712,0.22876811703483466,0.04390303912654324,-0.4185627118039907,-0.27819127243771913
peppe,-0.19576705935846123,3,-0.2873639255034815,0.1775554704799155,0.20520973905958717,0.10430662802288047,0.166171732129308,-0.28289088733139434,0.20554593060671836,0.1296675997009863,-0.11933716813520659,0.1712164173938369,0.05229041237483865,-0.23721435947507966,0.3422791152515337,0.21984237212847996,-0.5384457787206351,0.2798018541891913,0.08244751084257519,-0.15213302214411922
peppe,-0.061747649530887135,3,-0.2873639255034815,0.1775554704799155,0.20520973905958717,0.10430662802288047,0.166171732129308,-0.28289088733139434,0.20554593060671836,0.1296675997009863,-0.11933716813520659,0.1712164173938369,0.05229041237483865,-0.23721435947507966,0.3422791152515337,0.21984237212847996,-0.5384457787206351,0.2798018541891913,0.08244751084257519,-0.15213302214411922
peppe,-0.20787035159339795,3,-0.2873639255034815,0.1775554704799155,0.20520973905958717,0.10430662802288047,0.166171732129308,-0.28289088733139434,0.20554593060671836,0.1296675997009863,-0.11933716813520659,0.1712164173938369,0.05229041237483865,-0.23721435947507966,0.3422791152515337,0.21984237212847996,-0.5384457787206351,0.2798018541891913,0.08244751084257519,-0.15213302214411922
peppe,-0.17347445849836976,3,-0.3542172321507368,0.27402602512532115,-0.039919330731123595,0.14015835566577425,0.37667473133889956,-0.2998231828898233,-0.381487912945499,0.0035209991251521655,-0.2971273312791809,-0.20684726117070554,0.2368688269493371,0.0246917240545249,0.06956354081329999,0.1276520190721933,-0.24908937681730195,-0.12525796123073998,0.22002806117103751,-0.25653507312144125
bigw,0.024083796242107117,1,-0.3168343250275198,0.2484545820845112,0.30243291325139127,0.26504593773919627,0.10049173709618436,0.051015513584555736,0.24197016019749823,0.26474555493483537,-0.23084773195490096,0.25845835817733503,-0.24754777159959984,0.24498011608010958,-0.006985547234471287,0.24046311557681468,-0.2347964548294061,0.22867386677036527,0.2640840442749093,-0.24168371540983266
bigw,-0.04073893844115749,1,-0.3168343250275198,0.2484545820845112,0.30243291325139127,0.26504593773919627,0.10049173709618436,0.051015513584555736,0.24197016019749823,0.26474555493483537,-0.23084773195490096,0.25845835817733503,-0.24754777159959984,0.24498011608010958,-0.006985547234471287,0.24046311557681468,-0.2347964548294061,0.22867386677036527,0.2640840442749093,-0.24168371540983266
bigw,-0.0376268190363467,1,-0.3168343250275198,0.2484545820845112,0.30243291325139127,0.26504593773919627,0.10049173709618436,0.051015513584555736,0.24197016019749823,0.26474555493483537,-0.23084773195490096,0.25845835817733503,-0.24754777159959984,0.24498011608010958,-0.006985547234471287,0.24046311557681468,-0.2347964548294061,0.22867386677036527,0.2640840442749093,-0.24168371540983266
bigw,0.045772500987821325,3,-0.205027487367017,0.37671733831684573,0.27013547704304125,0.2842548573630444,0.029352156058709715,-0.0010479469255661445,0.3339107897105621,0.3316028322457111,-0.14814359549917475,0.38542989940338535,-0.2737777446271101,0.2583968355013831,-0.04134478624946698,0.10684173697695265,-0.03901009082179807,0.31923400615881,0.07273962385761847,-0.07668524168323317
bigw,-0.09961492386151538,3,-0.205027487367017,0.37671733831684573,0.27013547704304125,0.2842548573630444,0.029352156058709715,-0.0010479469255661445,0.3339107897105621,0.3316028322457111,-0.14814359549917475,0.38542989940338535,-0.2737777446271101,0.2583968355013831,-0.04134478624946698,0.10684173697695265,-0.03901009082179807,0.31923400615881,0.07273962385761847,-0.07668524168323317
bigw,-0.13151559949680994,3,0.2034089545062835,-0.33547149695324563,-0.3306683802963271,-0.23159450858915226,0.19053689230624224,0.38552052294341577,-0.013993868682035825,-0.037886987331486315,0.0007941116011920182,-0.10653654198868491,0.1561200051732096,-0.04331299368605462,-0.20662049689024686,-0.42469969230413246,0.22394875730504255,-0.16170184162034315,-0.2405495149164792,0.3189323578689108
bigw,-0.15193221906758375,3,0.19507569159604266,-0.3684825659161278,-0.1810963608695922,-0.2787839139418447,-0.008501362342134163,0.22119698959966574,-0.4463916071909083,-0.40356181818014375,0.07628420112821716,-0.20285166975800276,0.2906343024017908,-0.29164297190887173,0.10456523672728796,0.13612842346583745,-0.12093594775349885,-0.2026883704436853,-0.011112306832378939,-0.052281185277925704
bigw,0.05772838081007775,3,0.10878555165169608,-0.21060148107202492,-0.118545539234793,-0.16914209618024392,0.23800470185522582,0.3659833996438382,-0.03447619753449141,0.2137736607619766,-0.14291492159708313,-0.0803210858268139,-0.004582678325432366,0.15789494705855564,-0.15872954458050564,-0.5033302546772478,0.20644994593158325,-0.11043494904517578,-0.33318240790929254,0.40924368977953485
bigw,-0.11754979031794725,3,0.10878555165169608,-0.21060148107202492,-0.118545539234793,-0.16914209618024392,0.23800470185522582,0.3659833996438382,-0.03447619753449141,0.2137736607619766,-0.14291492159708313,-0.0803210858268139,-0.004582678325432366,0.15789494705855564,-0.15872954458050564,-0.5033302546772478,0.20644994593158325,-0.11043494904517578,-0.33318240790929254,0.40924368977953485
bigw,0.07761764425881505,3,0.12424193897066182,-0.12313627980260977,0.15920208738516206,-0.29162267039242307,-0.5764340270333104,-0.2410057627449097,-0.09651340947191343,-0.18186030161567396,0.09291046643418722,-0.009101641403794134,0.0018280402807425915,-0.1580717124702809,0.21078122727206958,0.23513212366436476,-0.17352963757596057,0.22195786209868937,0.3889749519808293,-0.2493270001958213
bigw,-0.1024342453497162,3,0.12424193897066182,-0.12313627980260977,0.15920208738516206,-0.29162267039242307,-0.5764340270333104,-0.2410057627449097,-0.09651340947191343,-0.18186030161567396,0.09291046643418722,-0.009101641403794134,0.0018280402807425915,-0.1580717124702809,0.21078122727206958,0.23513212366436476,-0.17352963757596057,0.22195786209868937,0.3889749519808293,-0.2493270001958213
bigw,-0.06286135112596052,3,-0.26244689318912456,0.23680488304167424,0.28104319759663526,0.27133102204830867,0.13230140217524114,0.1293404632502263,0.26482207912401434,0.18341910497736053,-0.2902505566734393,0.17248995110026355,-0.11959753903725573,0.09250213965416705,0.29785535122429035,0.17372954663842577,-0.4062993213177733,0.17567910681372048,0.19679698054744857,-0.3066004969813871
bigw,-0.1167011062445156,3,-0.3382142546922655,0.3599098055338489,-0.05624049919455754,0.2498357127094362,0.32788383490092654,-0.10370342681714433,0.026206327349899496,0.1283246987999366,-0.2280553734003617,-0.07134892180857415,-0.14892122481192555,0.2549568370066723,-0.6046142430584432,0.12382278459194762,0.058055159673737054,-0.06673002032397522,0.13251181645536286,-0.06727092524978541
bigw,-0.12512837744485406,4,-0.3570714526299842,0.47481080330605463,0.18478593099959573,0.32357529764204246,0.15240435819793324,0.03617759006573524,0.020771158445295188,0.18271866507899576,-0.21100515573485612,-0.09087783806749242,-0.21053593452227323,0.352460908965013,-0.15878591392656585,0.2575452855057305,0.052814606644887255,0.16769276983287004,0.2147636932636527,-0.24483085127407056
bigw,0.07768299120238017,4,-0.22366589996770067,0.3091532406610813,0.1615861056932913,0.2589709451930616,0.08864693736970565,0.22666299580706217,0.4023711013357859,0.41272060147244777,-0.2248729312000613,0.19092893979831263,-0.23804328255687565,0.27790465608891773,-0.08931195899337971,-0.21699889274166087,0.008053155648382684,0.15536504594351058,-0.15555085617739514,0.21299052819247605
bigw,-0.020376247460911958,4,-0.22366589996770067,0.3091532406610813,0.1615861056932913,0.2589709451930616,0.08864693736970565,0.22666299580706217,0.4023711013357859,0.41272060147244777,-0.2248729312000613,0.19092893979831263,-0.23804328255687565,0.27790465608891773,-0.08931195899337971,-0.21699889274166087,0.008053155648382684,0.15536504594351058,-0.15555085617739514,0.21299052819247605
bigw,-0.12062509889586981,4,0.2730400234060895,-0.27303014539058335,-0.22053584362626943,-0.22689247570535745,0.04516268701864465,0.2512867037475131,0.009245746101951476,0.056624823320970324,-0.0014086055160515024,-0.09961988374703921,0.1324967624859127,-0.05862192395442171,-0.11879890737560796,-0.49323308916000685,0.40780734421748993,-0.15658893846560737,-0.26816943591500036,0.36229689643649476
bigw,0.014888912009114692,4,0.28352782061115833,-0.25769663260158693,-0.26258476651169277,-0.24309139654756418,-0.177482641689891,-0.2886161006811021,-0.3436153766262107,-0.43249395084469544,0.22228981183408447,-0.1771509023295482,0.22375808950072854,-0.2953131024553546,0.18312911168221274,0.13138172558574618,0.03976332734459389,-0.14365176684233122,-0.11686585381174486,0.022217658558290665
bigw,-0.07380903641855886,4,0.28352782061115833,-0.25769663260158693,-0.26258476651169277,-0.24309139654756418,-0.177482641689891,-0.2886161006811021,-0.3436153766262107,-0.43249395084469544,0.22228981183408447,-0.1771509023295482,0.22375808950072854,-0.2953131024553546,0.18312911168221274,0.13138172558574618,0.03976332734459389,-0.14365176684233122,-0.11686585381174486,0.022217658558290665
bigw,-0.14248058076973866,4,0.14568033611051337,-0.2577455718211359,-0.15344404295817587,-0.2566597178582628,-0.003318058311641052,0.2284795526341858,-0.09774823573989253,-0.021950069956044215,0.05575148209774606,-0.09907126732232636,0.22202544417661904,-0.13411845108804146,-0.24526993151375212,-0.43776009661736154,0.4347559718256724,-0.17779367183417635,-0.24475518339271068,0.38490083075836895
bigw,0.13728972260364566,4,0.04113213438161103,-0.06478141311563801,-0.1397385783375771,0.25617530488963863,0.4881595436440375,0.3186541743243546,0.36116418357646496,0.18025148634062602,-0.38854042901848734,0.16985557630458883,-0.23415289276824586,0.27836993577397795,-0.1503275015420654,-0.16749490431076045,-0.09591865880248585,0.1691234926139576,0.046340794395054966,0.058762022936516264
bigw,-0.043358404038014185,4,0.04113213438161103,-0.06478141311563801,-0.1397385783375771,0.25617530488963863,0.4881595436440375,0.3186541743243546,0.36116418357646496,0.18025148634062602,-0.38854042901848734,0.16985557630458883,-0.23415289276824586,0.27836993577397795,-0.1503275015420654,-0.16749490431076045,-0.09591865880248585,0.1691234926139576,0.046340794395054966,0.058762022936516264
bigw,0.018522919353457314,4,-0.10137676867378753,0.004622440028201336,-0.058566296820820575,-0.23049220012797536,0.33626486332203276,0.2835937229786236,0.2848171745321412,0.3164753985572228,-0.13071578616334886,-0.14232918255882776,-0.0984884533690686,0.1425891349919888,-0.23985028207192663,-0.28414666264156746,0.14139099156878585,-0.03064355681074537,-0.47651848343273556,0.323611064259065
bigw,-0.13349177242431057,4,-0.10137676867378753,0.004622440028201336,-0.058566296820820575,-0.23049220012797536,0.33626486332203276,0.2835937229786236,0.2848171745321412,0.3164753985572228,-0.13071578616334886,-0.14232918255882776,-0.0984884533690686,0.1425891349919888,-0.23985028207192663,-0.28414666264156746,0.14139099156878585,-0.03064355681074537,-0.47651848343273556,0.323611064259065
bigw,-0.19189602610034795,4,0.020049245362131263,0.09854709674288925,0.2432588836878158,0.2604340590242129,-0.4657729299278469,-0.04892855837054243,0.04358820861432627,-0.036216474546270895,0.2560425262029423,0.0021709754618939683,-0.7274051180478353,-0.09505783162503524,0.06975519880719623,0.026946237165891895,0.026612159102932798,-0.03695216495771124,0.13706945125248535,-0.10082383621137889
bigw,-0.059187172324264854,4,0.020049245362131263,0.09854709674288925,0.2432588836878158,0.2604340590242129,-0.4657729299278469,-0.04892855837054243,0.04358820861432627,-0.036216474546270895,0.2560425262029423,0.0021709754618939683,-0.7274051180478353,-0.09505783162503524,0.06975519880719623,0.026946237165891895,0.026612159102932798,-0.03695216495771124,0.13706945125248535,-0.10082383621137889
bigw,-0.06479482866789094,4,0.020049245362131263,0.09854709674288925,0.2432588836878158,0.2604340590242129,-0.4657729299278469,-0.04892855837054243,0.04358820861432627,-0.036216474546270895,0.2560425262029423,0.0021709754618939683,-0.7274051180478353,-0.09505783162503524,0.06975519880719623,0.026946237165891895,0.026612159102932798,-0.03695216495771124,0.13706945125248535,-0.10082383621137889
bigw,-0.20067881502696647,4,0.020049245362131263,0.09854709674288925,0.2432588836878158,0.2604340590242129,-0.4657729299278469,-0.04892855837054243,0.04358820861432627,-0.036216474546270895,0.2560425262029423,0.0021709754618939683,-0.7274051180478353,-0.09505783162503524,0.06975519880719623,0.026946237165891895,0.026612159102932798,-0.03695216495771124,0.13706945125248535,-0.10082383621137889
bigw,-0.2014777957600308,4,0.020049245362131263,0.09854709674288925,0.2432588836878158,0.2604340590242129,-0.4657729299278469,-0.04892855837054243,0.04358820861432627,-0.036216474546270895,0.2560425262029423,0.0021709754618939683,-0.7274051180478353,-0.09505783162503524,0.06975519880719623,0.026946237165891895,0.026612159102932798,-0.03695216495771124,0.13706945125248535,-0.10082383621137889
bigw,-0.0797522472986271,4,-0.21017303076241786,0.16413041388966465,0.19382735338133963,0.26201878342471524,0.12484754294376468,0.18512706422995492,0.38884180465023555,0.1577853915711709,-0.3014412138306611,0.32378676681473173,-0.09584543870586744,-0.060671036381806515,0.2503323000869337,0.101824674624227,-0.27382935300193834,0.2019677762129483,0.3567059143938169,-0.2685020874053088
bigw,-0.18571182862368268,4,-0.24489786420224685,0.42596591288555297,0.028129041907973114,0.25439781033331726,0.2572816657131166,0.013313188349209772,0.07429046783670033,0.16190397352783878,-0.1485739397376303,-0.0875266400840297,-0.19400015888720307,0.30251418162215926,-0.48683510476584335,0.15926035158481305,0.15096023810415038,0.3479338589363644,0.1450516376665196,-0.09391635320799058
bigw,-0.18990705876412636,4,-0.24489786420224685,0.42596591288555297,0.028129041907973114,0.25439781033331726,0.2572816657131166,0.013313188349209772,0.07429046783670033,0.16190397352783878,-0.1485739397376303,-0.0875266400840297,-0.19400015888720307,0.30251418162215926,-0.48683510476584335,0.15926035158481305,0.15096023810415038,0.3479338589363644,0.1450516376665196,-0.09391635320799058
bigw,-0.23812285571005967,4,-0.24489786420224685,0.42596591288555297,0.028129041907973114,0.25439781033331726,0.2572816657131166,0.013313188349209772,0.07429046783670033,0.16190397352783878,-0.1485739397376303,-0.0875266400840297,-0.19400015888720307,0.30251418162215926,-0.48683510476584335,0.15926035158481305,0.15096023810415038,0.3479338589363644,0.1450516376665196,-0.09391635320799058
bigw,-0.24417530183629174,4,-0.24489786420224685,0.42596591288555297,0.028129041907973114,0.25439781033331726,0.2572816657131166,0.013313188349209772,0.07429046783670033,0.16190397352783878,-0.1485739397376303,-0.0875266400840297,-0.19400015888720307,0.30251418162215926,-0.48683510476584335,0.15926035158481305,0.15096023810415038,0.3479338589363644,0.1450516376665196,-0.09391635320799058
qwe,0.029828929203664745,2,-0.15664421600635037,-0.07139348745786434,-0.38908746712815684,-0.01843440213955215,-0.07056007613134666,0.03125883758245237,0.0785620290307141,0.41887418491807465,0.009086784486105516,0.38201910691725566,0.275703369565991,0.4007327571978303,-0.30232260501319236,0.17586613806576593,0.0541126572037204,-0.21811659297168548,0.04960446282329846,-0.27044688180884735
qwe,-0.07507459091599238,2,-0.15664421600635037,-0.07139348745786434,-0.38908746712815684,-0.01843440213955215,-0.07056007613134666,0.03125883758245237,0.0785620290307141,0.41887418491807465,0.009086784486105516,0.38201910691725566,0.275703369565991,0.4007327571978303,-0.30232260501319236,0.17586613806576593,0.0541126572037204,-0.21811659297168548,0.04960446282329846,-0.27044688180884735
qwe,0.0005785621808400089,2,0.38543948968870534,-0.19522622760078923,0.18415224599078792,-0.36297306126340995,0.10599488551554455,-0.17869185481974134,0.15300248523702373,-0.32437401863320087,-0.16029611742097766,-0.07969288198464479,-0.3619691552911659,-0.059172617301682696,-0.024042653066869268,-0.37103708325619916,0.3268011178302248,0.08736578410774888,-0.23441934265212272,0.04084181260313521
qwe,0.01645537611481283,2,0.38543948968870534,-0.19522622760078923,0.18415224599078792,-0.36297306126340995,0.10599488551554455,-0.17869185481974134,0.15300248523702373,-0.32437401863320087,-0.16029611742097766,-0.07969288198464479,-0.3619691552911659,-0.059172617301682696,-0.024042653066869268,-0.37103708325619916,0.3268011178302248,0.08736578410774888,-0.23441934265212272,0.04084181260313521
qwe,0.013001118772593478,2,0.38543948968870534,-0.19522622760078923,0.18415224599078792,-0.36297306126340995,0.10599488551554455,-0.17869185481974134,0.15300248523702373,-0.32437401863320087,-0.16029611742097766,-0.07969288198464479,-0.3619691552911659,-0.059172617301682696,-0.024042653066869268,-0.37103708325619916,0.3268011178302248,0.08736578410774888,-0.23441934265212272,0.04084181260313521
qwe,0.013775095719516224,2,0.38543948968870534,-0.19522622760078923,0.18415224599078792,-0.36297306126340995,0.10599488551554455,-0.17869185481974134,0.15300248523702373,-0.32437401863320087,-0.16029611742097766,-0.07969288198464479,-0.3619691552911659,-0.059172617301682696,-0.024042653066869268,-0.37103708325619916,0.3268011178302248,0.08736578410774888,-0.23441934265212272,0.04084181260313521
qwe,-0.030441345897764448,2,0.38543948968870534,-0.19522622760078923,0.18415224599078792,-0.36297306126340995,0.10599488551554455,-0.17869185481974134,0.15300248523702373,-0.32437401863320087,-0.16029611742097766,-0.07969288198464479,-0.3619691552911659,-0.059172617301682696,-0.024042653066869268,-0.37103708325619916,0.3268011178302248,0.08736578410774888,-0.23441934265212272,0.04084181260313521
qwe,-0.000615046801756733,2,0.38543948968870534,-0.19522622760078923,0.18415224599078792,-0.36297306126340995,0.10599488551554455,-0.17869185481974134,0.15300248523702373,-0.32437401863320087,-0.16029611742097766,-0.07969288198464479,-0.3619691552911659,-0.059172617301682696,-0.024042653066869268,-0.37103708325619916,0.3268011178302248,0.08736578410774888,-0.23441934265212272,0.04084181260313521
qwe,-0.00724102221919308,2,0.38543948968870534,-0.19522622760078923,0.18415224599078792,-0.36297306126340995,0.10599488551554455,-0.17869185481974134,0.15300248523702373,-0.32437401863320087,-0.16029611742097766,-0.07969288198464479,-0.3619691552911659,-0.059172617301682696,-0.024042653066869268,-0.37103708325619916,0.3268011178302248,0.08736578410774888,-0.23441934265212272,0.04084181260313521
qwe,-0.001398467612422561,2,0.38543948968870534,-0.19522622760078923,0.18415224599078792,-0.36297306126340995,0.10599488551554455,-0.17869185481974134,0.15300248523702373,-0.32437401863320087,-0.16029611742097766,-0.07969288198464479,-0.3619691552911659,-0.059172617301682696,-0.024042653066869268,-0.37103708325619916,0.3268011178302248,0.08736578410774888,-0.23441934265212272,0.04084181260313521
qwe,-0.1464579793595415,2,-0.25581112878917583,0.06008714402196569,0.003292019762501358,0.22821714562901368,-0.2672170976329603,-0.012224178806779482,0.07996619570031645,0.07092641479325375,-0.08479278873742996,-0.17793800002366603,0.14281770678639436,-0.3164494115099753,-0.2583976716751247,-0.01068024604308105,0.4050423533098,-0.19339268259719783,0.36976015484564617,0.48106323028327636
qwe,-0.06283522898744247,2,-0.13552714276546005,-0.04294778633359242,-0.09637274088390875,0.2713804083297535,-0.013957158740984799,-0.08486555980732992,-0.08109240274408219,0.12457191357605245,-0.24433638006206337,-0.20847823969044152,0.1552255799435674,-0.5038534600460354,-0.2565703339184199,0.0322865134041242,0.19161644628748126,-0.19982135472337176,0.3692819789234424,0.454257240665079
qwe,0.024539354114192006,3,-0.17867013826250347,-0.04807067386385577,0.04701013651080242,0.29650314021469376,0.014407849872710788,-0.13565677799320713,-0.08818402418389508,0.14328451350745441,-0.1250162688970863,-0.2393694091725388,0.18241852761510616,-0.5247798323853743,-0.5319091671203743,0.13050938184415103,-0.0828102069683328,-0.0916462130026284,0.17478690179290352,-0.3183718762819803
qwe,-0.08309680796606045,3,-0.17867013826250347,-0.04807067386385577,0.04701013651080242,0.29650314021469376,0.014407849872710788,-0.13565677799320713,-0.08818402418389508,0.14328451350745441,-0.1250162688970863,-0.2393694091725388,0.18241852761510616,-0.5247798323853743,-0.5319091671203743,0.13050938184415103,-0.0828102069683328,-0.0916462130026284,0.17478690179290352,-0.3183718762819803
qwe,-0.042079294323159086,3,0.39963657573947176,-0.22176119997231392,0.17999824995236877,-0.383041594384415,0.08018068902619076,-0.12471746411035926,-0.0010809308205618736,-0.3736203404320013,-0.18713955538127,0.2372366673276711,-0.3878212826886813,-0.056455126068734235,0.04865003737302139,-0.32887347628066943,0.17006399259499316,0.22237619792214297,-0.11129659147520601,0.06508605604156789
qwe,-0.07407683229262053,3,0.2901125489217781,-0.1788880459979334,-0.03519824505041068,-0.28335366194078154,0.01967244996147088,0.18741441845676074,-0.13421648192909114,-0.3158529518135534,-0.24758873897280997,-0.23814547867546845,-0.29215117581963446,-0.002799483997563338,0.5569318397707989,0.19603955214434043,-0.1875957237063245,0.11982954532193428,0.1708303593318667,-0.1352951381629179
qwe,-0.08849033236504707,3,0.3193030437076626,-0.2400457706482234,0.1246019762382633,-0.3953524689246139,0.07413940565757109,-0.06328403074998842,-0.02715889433093663,-0.2884899899235209,-0.14690710983257052,-0.28724213501046114,-0.29696183493268224,-0.0010175823096052704,-0.2563967599702731,-0.43998246690448256,0.2742767658756546,0.08691427640189563,-0.1714409288246363,0.10655496144935846
qwe,0.0034468905577362545,3,0.02928043744964393,-0.05179330504595675,-0.3060167086368534,-0.046117418594155274,-0.020042536001388833,0.4721989964785352,-0.43537833207690657,-0.2620264382947142,-0.36099875072378684,0.04001232266062181,0.29968258807479814,0.02417042551530215,0.30697543440453917,0.2158153129423571,-0.13500329715047185,0.04825169798998687,0.097462354210309,-0.16100678423513937
qwe,0.005198403659195347,3,0.02928043744964393,-0.05179330504595675,-0.3060167086368534,-0.046117418594155274,-0.020042536001388833,0.4721989964785352,-0.43537833207690657,-0.2620264382947142,-0.36099875072378684,0.04001232266062181,0.29968258807479814,0.02417042551530215,0.30697543440453917,0.2158153129423571,-0.13500329715047185,0.04825169798998687,0.097462354210309,-0.16100678423513937
qwe,0.003956779977602902,3,0.02928043744964393,-0.05179330504595675,-0.3060167086368534,-0.046117418594155274,-0.020042536001388833,0.4721989964785352,-0.43537833207690657,-0.2620264382947142,-0.36099875072378684,0.04001232266062181,0.29968258807479814,0.02417042551530215,0.30697543440453917,0.2158153129423571,-0.13500329715047185,0.04825169798998687,0.097462354210309,-0.16100678423513937
qwe,-0.06338962948053721,3,0.02928043744964393,-0.05179330504595675,-0.3060167086368534,-0.046117418594155274,-0.020042536001388833,0.4721989964785352,-0.43537833207690657,-0.2620264382947142,-0.36099875072378684,0.04001232266062181,0.29968258807479814,0.02417042551530215,0.30697543440453917,0.2158153129423571,-0.13500329715047185,0.04825169798998687,0.097462354210309,-0.16100678423513937
qwe,-0.009720812957898185,3,0.02928043744964393,-0.05179330504595675,-0.3060167086368534,-0.046117418594155274,-0.020042536001388833,0.4721989964785352,-0.43537833207690657,-0.2620264382947142,-0.36099875072378684,0.04001232266062181,0.29968258807479814,0.02417042551530215,0.30697543440453917,0.2158153129423571,-0.13500329715047185,0.04825169798998687,0.097462354210309,-0.16100678423513937
qwe,-0.006018510359920656,3,0.02928043744964393,-0.05179330504595675,-0.3060167086368534,-0.046117418594155274,-0.020042536001388833,0.4721989964785352,-0.43537833207690657,-0.2620264382947142,-0.36099875072378684,0.04001232266062181,0.29968258807479814,0.02417042551530215,0.30697543440453917,0.2158153129423571,-0.13500329715047185,0.04825169798998687,0.097462354210309,-0.16100678423513937
qwe,-0.02208895224139978,3,0.02928043744964393,-0.05179330504595675,-0.3060167086368534,-0.046117418594155274,-0.020042536001388833,0.4721989964785352,-0.43537833207690657,-0.2620264382947142,-0.36099875072378684,0.04001232266062181,0.29968258807479814,0.02417042551530215,0.30697543440453917,0.2158153129423571,-0.13500329715047185,0.04825169798998687,0.097462354210309,-0.16100678423513937
qwe,-0.09823968864663943,3,-0.24701380365779316,0.1015305629694021,-0.021377803562276625,0.26772633734835,-0.09805103587141478,0.13447554501724843,-0.10596308315111976,0.32485888913603017,-0.24597100170312247,-0.12663158707051309,0.37021489836314625,0.31625566627170826,-0.3462161248758946,0.1334130054155648,0.3293976813265712,-0.32003816531277274,-0.021934953943210506,-0.22225014218506087
qwe,0.08296278513746906,3,-0.04466369861640894,0.1704117561164068,0.05161949188799431,0.27351026682695007,0.07016987960380937,-0.35428813530419956,0.16003507339517709,0.2566007914721059,-0.37961691391232893,-0.35611800081332146,-0.3323962055990903,0.04397795222437555,0.11963724113973498,0.3164662356789179,0.28541196619849285,-0.2820530484964101,0.033993595171579,-0.09802912398120503
qwe,0.010180851750925323,3,-0.04466369861640894,0.1704117561164068,0.05161949188799431,0.27351026682695007,0.07016987960380937,-0.35428813530419956,0.16003507339517709,0.2566007914721059,-0.37961691391232893,-0.35611800081332146,-0.3323962055990903,0.04397795222437555,0.11963724113973498,0.3164662356789179,0.28541196619849285,-0.2820530484964101,0.033993595171579,-0.09802912398120503
qwe,-0.00949349193015146,3,-0.04466369861640894,0.1704117561164068,0.05161949188799431,0.27351026682695007,0.07016987960380937,-0.35428813530419956,0.16003507339517709,0.2566007914721059,-0.37961691391232893,-0.35611800081332146,-0.3323962055990903,0.04397795222437555,0.11963724113973498,0.3164662356789179,0.28541196619849285,-0.2820530484964101,0.033993595171579,-0.09802912398120503
qwe,-0.0015454137546586709,3,-0.04466369861640894,0.1704117561164068,0.05161949188799431,0.27351026682695007,0.07016987960380937,-0.35428813530419956,0.16003507339517709,0.2566007914721059,-0.37961691391232893,-0.35611800081332146,-0.3323962055990903,0.04397795222437555,0.11963724113973498,0.3164662356789179,0.28541196619849285,-0.2820530484964101,0.033993595171579,-0.09802912398120503
qwe,0.024351852602003985,3,-0.14822266738124398,-0.07925819962776137,-0.23617954774612193,0.1660498084928406,0.10120962196087128,-0.09891447288799429,0.4147331140289282,0.25895152353811185,0.2239994728067095,0.20646796963211334,0.2035593890771201,0.2942416287164444,0.4604984748260657,0.21274142274741106,-0.28287901235671925,0.19129304538490133,0.17030258067555507,-0.07452726817212128
qwe,-0.09472222275619825,3,-0.14822266738124398,-0.07925819962776137,-0.23617954774612193,0.1660498084928406,0.10120962196087128,-0.09891447288799429,0.4147331140289282,0.25895152353811185,0.2239994728067095,0.20646796963211334,0.2035593890771201,0.2942416287164444,0.4604984748260657,0.21274142274741106,-0.28287901235671925,0.19129304538490133,0.17030258067555507,-0.07452726817212128
qwe,0.018056293106232663,3,0.10418732005348577,-0.12320136226953549,0.07131667172672526,0.07595663010364306,-0.2242644935977697,-0.1347435633967184,0.0037857045085507193,-0.047880656308070764,0.16268816398354682,-0.18671362823032153,-0.1424245750791422,-0.20529429189332846,-0.08544594086741293,-0.17463736763908064,-0.08245880706283659,-0.2052194779723607,-0.7885653751289802,0.24504017466808012
qwe,-0.06260243104003078,3,0.10418732005348577,-0.12320136226953549,0.07131667172672526,0.07595663010364306,-0.2242644935977697,-0.1347435633967184,0.0037857045085507193,-0.047880656308070764,0.16268816398354682,-0.18671362823032153,-0.1424245750791422,-0.20529429189332846,-0.08544594086741293,-0.17463736763908064,-0.08245880706283659,-0.2052194779723607,-0.7885653751289802,0.24504017466808012
qwe,-0.05564408345724582,3,0.10418732005348577,-0.12320136226953549,0.07131667172672526,0.07595663010364306,-0.2242644935977697,-0.1347435633967184,0.0037857045085507193,-0.047880656308070764,0.16268816398354682,-0.18671362823032153,-0.1424245750791422,-0.20529429189332846,-0.08544594086741293,-0.17463736763908064,-0.08245880706283659,-0.2052194779723607,-0.7885653751289802,0.24504017466808012
qwe,0.021124602808884823,3,0.08528447389094254,-0.12748335314437043,-0.09128601289261454,0.35391029400443536,-0.4090708077039824,-0.14631341548450552,0.22689045003668126,-0.0999045531132722,0.27069609768997677,-0.23273260756176295,-0.39224231737881865,0.016155956110755564,-0.13592365651986385,-0.0623036568131838,0.29850021384871395,-0.24375750306356903,-0.36465802782296614,-0.08528615274606151
qwe,-0.09666041344947393,3,0.08528447389094254,-0.12748335314437043,-0.09128601289261454,0.35391029400443536,-0.4090708077039824,-0.14631341548450552,0.22689045003668126,-0.0999045531132722,0.27069609768997677,-0.23273260756176295,-0.39224231737881865,0.016155956110755564,-0.13592365651986385,-0.0623036568131838,0.29850021384871395,-0.24375750306356903,-0.36465802782296614,-0.08528615274606151
qwe,0.09995999427241041,3,-0.06075948207322013,0.14578961974985763,0.0806801324582999,0.40860658376536585,-0.05397878052128139,0.13661185481662996,-0.023429393337594077,-0.02384253941610996,0.11635882224716265,0.15821261991455773,-0.03747444858654088,0.3826697588729386,0.0787110364661867,0.0678644987034519,-0.43600630832026865,0.17758035190076624,-0.4177716025507473,-0.4307082984722474
qwe,0.3482110613316307,3,-0.06075948207322013,0.14578961974985763,0.0806801324582999,0.40860658376536585,-0.05397878052128139,0.13661185481662996,-0.023429393337594077,-0.02384253941610996,0.11635882224716265,0.15821261991455773,-0.03747444858654088,0.3826697588729386,0.0787110364661867,0.0678644987034519,-0.43600630832026865,0.17758035190076624,-0.4177716025507473,-0.4307082984722474
qwe,0.014529035323597733,3,-0.03081127903658809,0.17129184734773223,0.042441292384028446,0.2886309110136321,-0.06305940223647229,0.14544914859118996,0.015773708256744914,0.019717035087375503,0.024800700507029417,0.16524062094527184,0.14902679809899813,0.1646295521608067,0.13309304956937354,0.12282164975537903,-0.39296519733670016,0.18391103903029923,0.7334691664547087,-0.15026284259237424
qwe,0.3318157285983634,3,-0.03081127903658809,0.17129184734773223,0.042441292384028446,0.2886309110136321,-0.06305940223647229,0.14544914859118996,0.015773708256744914,0.019717035087375503,0.024800700507029417,0.16524062094527184,0.14902679809899813,0.1646295521608067,0.13309304956937354,0.12282164975537903,-0.39296519733670016,0.18391103903029923,0.7334691664547087,-0.15026284259237424
qwe,0.010925511131662955,3,0.04796969860887246,-0.22181230106521832,-0.15771880359112597,-0.1857586505378288,0.09630034787527747,-0.1989949153557791,-0.15798060571436176,-0.04161433694980129,-0.07227272273981616,-0.3053845254758282,-0.41963361820886425,0.1572835908567622,-0.3247737506044765,-0.33846939737530957,0.06420295669184016,-0.284023543265606,-0.4569298686523875,0.024999593484194282
qwe,-0.16878216864555992,3,0.04796969860887246,-0.22181230106521832,-0.15771880359112597,-0.1857586505378288,0.09630034787527747,-0.1989949153557791,-0.15798060571436176,-0.04161433694980129,-0.07227272273981616,-0.3053845254758282,-0.41963361820886425,0.1572835908567622,-0.3247737506044765,-0.33846939737530957,0.06420295669184016,-0.284023543265606,-0.4569298686523875,0.024999593484194282
qwe,-0.17678630119090247,3,0.04796969860887246,-0.22181230106521832,-0.15771880359112597,-0.1857586505378288,0.09630034787527747,-0.1989949153557791,-0.15798060571436176,-0.04161433694980129,-0.07227272273981616,-0.3053845254758282,-0.41963361820886425,0.1572835908567622,-0.3247737506044765,-0.33846939737530957,0.06420295669184016,-0.284023543265606,-0.4569298686523875,0.024999593484194282
qwe,-0.1101498896054768,3,0.04796969860887246,-0.22181230106521832,-0.15771880359112597,-0.1857586505378288,0.09630034787527747,-0.1989949153557791,-0.15798060571436176,-0.04161433694980129,-0.07227272273981616,-0.3053845254758282,-0.41963361820886425,0.1572835908567622,-0.3247737506044765,-0.33846939737530957,0.06420295669184016,-0.284023543265606,-0.4569298686523875,0.024999593484194282
qwe,-0.21724796635540972,3,0.04796969860887246,-0.22181230106521832,-0.15771880359112597,-0.1857586505378288,0.09630034787527747,-0.1989949153557791,-0.15798060571436176,-0.04161433694980129,-0.07227272273981616,-0.3053845254758282,-0.41963361820886425,0.1572835908567622,-0.3247737506044765,-0.33846939737530957,0.06420295669184016,-0.284023543265606,-0.4569298686523875,0.024999593484194282
qwe,-0.2142787097014559,3,0.04796969860887246,-0.22181230106521832,-0.15771880359112597,-0.1857586505378288,0.09630034787527747,-0.1989949153557791,-0.15798060571436176,-0.04161433694980129,-0.07227272273981616,-0.3053845254758282,-0.41963361820886425,0.1572835908567622,-0.3247737506044765,-0.33846939737530957,0.06420295669184016,-0.284023543265606,-0.4569298686523875,0.024999593484194282
qwe,-0.3679202969214924,3,-0.045518116984026906,-0.13904714021129902,-0.044375226628746704,0.37733063688790897,0.036001296946588844,-0.1687020939916058,0.09521193170089258,0.17125692820348165,-0.16135168990480475,-0.29377752532144336,0.32447505845043284,-0.3396181657815569,-0.18941605237252504,-0.341549837182408,-0.22001274313994995,-0.292724018824448,-0.3827550015601625,-0.0015621196153747872
qwe,-0.039894439555619346,3,-0.2585801696811728,0.17787741809979352,-0.2754245115015742,0.22429100642356434,0.13476517755314468,-0.12210198822202588,-0.3251981381171754,0.32823897534034363,0.07491677775887758,0.2705782101797721,0.19784291021732156,0.30653059770445723,0.1136872311195925,0.2664120018631767,-0.3450377856446528,0.23839134689857178,0.01987943790239854,-0.23803538251868894
qwe,0.0011884157207737573,3,-0.27477407536295895,0.46904597056586506,0.22431148689987437,0.11690137931452219,-0.3807874159044488,0.2866407593123973,0.2615520041977207,0.24611805533312914,0.29104987014012335,0.15606926593769435,0.125686427035715,0.1726368817409646,-0.18840644057263084,0.25118390295428233,0.14916634446861665,-0.06970161816558554,0.05180424023244352,-0.036288201656418835
qwe,0.0048022512012502044,3,-0.27477407536295895,0.46904597056586506,0.22431148689987437,0.11690137931452219,-0.3807874159044488,0.2866407593123973,0.2615520041977207,0.24611805533312914,0.29104987014012335,0.15606926593769435,0.125686427035715,0.1726368817409646,-0.18840644057263084,0.25118390295428233,0.14916634446861665,-0.06970161816558554,0.05180424023244352,-0.036288201656418835
qwe,-0.03435257189325261,3,-0.27477407536295895,0.46904597056586506,0.22431148689987437,0.11690137931452219,-0.3807874159044488,0.2866407593123973,0.2615520041977207,0.24611805533312914,0.29104987014012335,0.15606926593769435,0.125686427035715,0.1726368817409646,-0.18840644057263084,0.25118390295428233,0.14916634446861665,-0.06970161816558554,0.05180424023244352,-0.036288201656418835
qwe,-0.08574785857527407,5,-0.12804318578127238,-0.02518917433916712,-0.1443315961443635,0.0867366737587451,0.17286368443289268,-0.05890829618801767,-0.14592819750620098,0.2493020080871498,0.010952933045631625,-0.351353267212626,0.12963206403658734,-0.6512393696464956,-0.11140897326582071,0.2036046530626349,-0.3036651940067033,0.05595975120808329,0.16650007322180654,-0.3104796467438603
qwe,-0.14385757128377455,5,0.36131044719241034,-0.2879143367188204,0.1229194267734079,-0.4086472603027155,0.13863964308691157,-0.18513695881520584,-0.1870466073353801,0.10211297933616573,0.046368538897528615,-0.26406253772057064,-0.033603496915462314,-0.41630014777713564,-0.19171901758132412,0.07691912470291523,-0.0298557187362209,-0.3041100611704145,0.28941056280480454,-0.19856639892767253
qwe,-0.18341003148848914,5,0.3193635298967959,-0.19441454243292988,-0.011523549154969639,-0.2858345009996717,0.11149844069411831,0.07699823021854374,-0.01123449493432995,-0.3168484272782459,0.17726988147499875,0.2915332382077955,-0.3147493515142303,-0.11056045614970646,-0.02054279932994321,-0.07472527608834297,0.029849900527063256,-0.19696031903465422,0.5244517983819692,0.33324021828575445
qwe,-0.054650185926248165,5,0.3193635298967959,-0.19441454243292988,-0.011523549154969639,-0.2858345009996717,0.11149844069411831,0.07699823021854374,-0.01123449493432995,-0.3168484272782459,0.17726988147499875,0.2915332382077955,-0.3147493515142303,-0.11056045614970646,-0.02054279932994321,-0.07472527608834297,0.029849900527063256,-0.19696031903465422,0.5244517983819692,0.33324021828575445
qwe,-0.24275341605069792,5,0.3193635298967959,-0.19441454243292988,-0.011523549154969639,-0.2858345009996717,0.11149844069411831,0.07699823021854374,-0.01123449493432995,-0.3168484272782459,0.17726988147499875,0.2915332382077955,-0.3147493515142303,-0.11056045614970646,-0.02054279932994321,-0.07472527608834297,0.029849900527063256,-0.19696031903465422,0.5244517983819692,0.33324021828575445
qwe,0.0331747692229357,5,0.38698838429356264,-0.16977755539934014,0.20177558753995595,-0.4034515064873794,0.09038932253669639,0.07058425300699071,-0.08681820135186982,-0.33400490013587125,-0.15977087225067024,0.09021950672571319,-0.3907228076314646,-0.15695204957453024,-0.0420319253285035,-0.35837882167284507,0.09915594259568272,-0.04718118544653466,-0.33964282820768915,0.13076008056872845
qwe,-0.043796764205558926,5,0.38698838429356264,-0.16977755539934014,0.20177558753995595,-0.4034515064873794,0.09038932253669639,0.07058425300699071,-0.08681820135186982,-0.33400490013587125,-0.15977087225067024,0.09021950672571319,-0.3907228076314646,-0.15695204957453024,-0.0420319253285035,-0.35837882167284507,0.09915594259568272,-0.04718118544653466,-0.33964282820768915,0.13076008056872845
qwe,-0.07607072610267476,5,-0.055759630679282135,0.00970736593305388,-0.2538151723354082,0.23553128901544418,0.31036874948977583,-0.12183165679434865,0.04132747683472225,0.11962220423180739,-0.338121581661409,-0.155426797867454,0.19955073813488552,-0.4790276525107189,-0.016635478044484668,0.03198126027420044,0.14895222702455663,-0.1927638959248718,0.3795161696562985,0.3704887641465986
ocran,-0.05914855324760757,1,-0.26457012313974265,0.4605235019031887,-0.07182534640140194,0.19362541520548548,0.2000601945809287,-0.010167555985331513,-0.24275381229614515,-0.04943950350866951,-0.2673602179245158,-0.20247666158791566,-0.20452334528284,-0.23320849622013548,-0.4964200781993934,-0.07795832047336555,-0.2703286347880318,-0.18429497403285078,-0.04279557548885366,0.060758410216630435
ocran,-0.0428117334446464,1,-0.24505953899181196,-0.0987920163352487,-0.27738594550946183,-0.1367468820668733,0.20388472748452702,-0.15839990380411495,0.07747203687092205,-0.2359889543094312,-0.2763240886963937,-0.21625899798267337,-0.021776879812873864,0.042764979627819,-0.3998119162228197,-0.26693834089327617,-0.2623322716349846,-0.21044987678977634,-0.32600685613722025,-0.36093150687402614
ocran,-0.15242517026865546,1,-0.203417696182787,0.3196196916542142,-0.08588276696521431,0.23847331217592618,0.3212801301637423,-0.17084222009604197,-0.14549834364832234,-0.030281797531639003,-0.2905943985619932,-0.13916361674340919,-0.16634967122403815,-0.31626105087979056,-0.5537176753118468,-0.04336412724182209,-0.1895529786283169,-0.14283059282955368,-0.04307033640265376,0.19887137651173203
ocran,-0.12411014348115719,2,-0.25866831023572506,0.24730570146618258,-0.13518328906166518,0.2852476535264747,0.15319953963217792,0.1503624411603128,0.01561217817799374,-0.13583423411970008,-0.3052350341278403,-0.21359589351591737,-0.13653053131245899,-0.16313770179406561,-0.4861320603457747,-0.041157685733779,-0.3053564163132868,-0.20572147982322878,-0.1322424245410695,-0.3638678580196918
ocran,0.002508130570325946,2,-0.09560668514919207,-0.24062599126417483,-0.08904085432538589,-0.28136808322039697,0.11103697845217837,-0.21146932484112235,0.3248168480439235,-0.3362206117976739,-0.14973089592116123,-0.24063158187806363,0.05988068304288131,0.08213564216571496,0.1337680945176628,-0.2775687615766913,-0.1560603339998797,-0.20478659867293023,-0.38465425431558786,-0.41281835903692926
ocran,0.004841283982575244,2,-0.09560668514919207,-0.24062599126417483,-0.08904085432538589,-0.28136808322039697,0.11103697845217837,-0.21146932484112235,0.3248168480439235,-0.3362206117976739,-0.14973089592116123,-0.24063158187806363,0.05988068304288131,0.08213564216571496,0.1337680945176628,-0.2775687615766913,-0.1560603339998797,-0.20478659867293023,-0.38465425431558786,-0.41281835903692926
ocran,0.006351957581861556,2,-0.09560668514919207,-0.24062599126417483,-0.08904085432538589,-0.28136808322039697,0.11103697845217837,-0.21146932484112235,0.3248168480439235,-0.3362206117976739,-0.14973089592116123,-0.24063158187806363,0.05988068304288131,0.08213564216571496,0.1337680945176628,-0.2775687615766913,-0.1560603339998797,-0.20478659867293023,-0.38465425431558786,-0.41281835903692926
ocran,-0.051085324088959376,2,-0.09560668514919207,-0.24062599126417483,-0.08904085432538589,-0.28136808322039697,0.11103697845217837,-0.21146932484112235,0.3248168480439235,-0.3362206117976739,-0.14973089592116123,-0.24063158187806363,0.05988068304288131,0.08213564216571496,0.1337680945176628,-0.2775687615766913,-0.1560603339998797,-0.20478659867293023,-0.38465425431558786,-0.41281835903692926
ocran,-0.020376441997971888,2,-0.09560668514919207,-0.24062599126417483,-0.08904085432538589,-0.28136808322039697,0.11103697845217837,-0.21146932484112235,0.3248168480439235,-0.3362206117976739,-0.14973089592116123,-0.24063158187806363,0.05988068304288131,0.08213564216571496,0.1337680945176628,-0.2775687615766913,-0.1560603339998797,-0.20478659867293023,-0.38465425431558786,-0.41281835903692926
ocran,-0.002812879798986326,2,-0.09560668514919207,-0.24062599126417483,-0.08904085432538589,-0.28136808322039697,0.11103697845217837,-0.21146932484112235,0.3248168480439235,-0.3362206117976739,-0.14973089592116123,-0.24063158187806363,0.05988068304288131,0.08213564216571496,0.1337680945176628,-0.2775687615766913,-0.1560603339998797,-0.20478659867293023,-0.38465425431558786,-0.41281835903692926
ocran,-0.14430154681437257,2,-0.11280243366257803,0.3782476058584998,0.19053394648110591,0.30780187292521477,0.4371823323496144,-0.21768654970654847,0.035275394867835694,-0.06436029491884587,-0.23431808131770585,-0.14198806124823254,-0.20332016818432008,-0.421697025705009,-0.34024185647310085,-0.06730245073363093,-0.15248874085260597,-0.16763370086561102,-0.03464982868878607,0.04663780651980371
ocran,-0.17144449953891783,3,-0.09413507080000384,0.3225458412848071,0.23683193886888848,0.3634424416452152,0.28234593716801737,0.15475007444480063,0.1421438465967081,-0.08234378636044956,-0.2494605243644043,-0.15306040138820778,-0.22666602427664387,-0.3621138957068934,-0.31028924135507024,-0.017927596291463663,-0.13443140375579704,-0.23178638545012456,-0.06995701639823831,-0.3561141394850391
ocran,-0.1205164714131252,3,-0.09413507080000384,0.3225458412848071,0.23683193886888848,0.3634424416452152,0.28234593716801737,0.15475007444480063,0.1421438465967081,-0.08234378636044956,-0.2494605243644043,-0.15306040138820778,-0.22666602427664387,-0.3621138957068934,-0.31028924135507024,-0.017927596291463663,-0.13443140375579704,-0.23178638545012456,-0.06995701639823831,-0.3561141394850391
ocran,-0.2282078146354901,3,-0.09413507080000384,0.3225458412848071,0.23683193886888848,0.3634424416452152,0.28234593716801737,0.15475007444480063,0.1421438465967081,-0.08234378636044956,-0.2494605243644043,-0.15306040138820778,-0.22666602427664387,-0.3621138957068934,-0.31028924135507024,-0.017927596291463663,-0.13443140375579704,-0.23178638545012456,-0.06995701639823831,-0.3561141394850391
ocran,-0.1594484745187729,3,-0.09450600981274193,0.07036800648914976,0.188106263822484,0.2337273027026239,0.13430290158505434,0.5618720000456185,0.44559475621649425,-0.2611318392291053,-0.08198841498581136,-0.2787537243214742,0.014583902711841425,0.19153887192179142,0.07992061764164891,-0.15861253411197337,-0.259732744538214,-0.19855260146447082,-0.1723760260515097,0.07844783575665237
ocran,6.358294669256183e-05,3,-0.027804779740643323,-0.17281073884170894,0.24790901618994984,-0.29133905191217324,0.08838567967017637,-0.13066847412393875,0.44233226744588117,-0.252438527990224,-0.04344311411514484,-0.21063661537379624,0.01556381415185922,0.08899185446079519,0.3384206624845231,-0.2613976201477433,-0.04597121982816106,-0.193277192697784,-0.36650916714995835,-0.3573292161123366
ocran,4.244367487965135e-05,3,-0.027804779740643323,-0.17281073884170894,0.24790901618994984,-0.29133905191217324,0.08838567967017637,-0.13066847412393875,0.44233226744588117,-0.252438527990224,-0.04344311411514484,-0.21063661537379624,0.01556381415185922,0.08899185446079519,0.3384206624845231,-0.2613976201477433,-0.04597121982816106,-0.193277192697784,-0.36650916714995835,-0.3573292161123366
ocran,-0.038804132210835576,3,-0.027804779740643323,-0.17281073884170894,0.24790901618994984,-0.29133905191217324,0.08838567967017637,-0.13066847412393875,0.44233226744588117,-0.252438527990224,-0.04344311411514484,-0.21063661537379624,0.01556381415185922,0.08899185446079519,0.3384206624845231,-0.2613976201477433,-0.04597121982816106,-0.193277192697784,-0.36650916714995835,-0.3573292161123366
ocran,-8.058151700750321e-06,3,-0.027804779740643323,-0.17281073884170894,0.24790901618994984,-0.29133905191217324,0.08838567967017637,-0.13066847412393875,0.44233226744588117,-0.252438527990224,-0.04344311411514484,-0.21063661537379624,0.01556381415185922,0.08899185446079519,0.3384206624845231,-0.2613976201477433,-0.04597121982816106,-0.193277192697784,-0.36650916714995835,-0.3573292161123366
ocran,-0.00039115501969152116,3,-0.027804779740643323,-0.17281073884170894,0.24790901618994984,-0.29133905191217324,0.08838567967017637,-0.13066847412393875,0.44233226744588117,-0.252438527990224,-0.04344311411514484,-0.21063661537379624,0.01556381415185922,0.08899185446079519,0.3384206624845231,-0.2613976201477433,-0.04597121982816106,-0.193277192697784,-0.36650916714995835,-0.3573292161123366
ocran,0.0420736943098701,3,-0.04814404662391338,-0.017708777314091373,-0.4483374924212321,-0.08773591920399441,0.24350521261770497,-0.3591288919634097,-0.15387878442878736,0.1517753470778691,0.12126409258993591,0.1633982379628108,0.4514060188324918,0.4235104030244475,-0.03308277998386593,0.14333115136521993,0.15033341410274878,0.20705525543328454,-0.07607011333993074,-0.19040031566327126
ocran,0.9934489729096809,3,0.050206819652678036,-0.9442369427223715,-0.20482533258594685,-0.04375885416052782,-0.2293532329539909,-0.0447146468768691,0.023514085381771146,-0.028294074767003494,-0.027567350360012233,-0.029110278170202758,-0.02432504839468324,-0.01999512993395702,-0.011248471344006078,-0.028495509390803184,-0.028185095065175206,-0.02945930456008871,-0.024288603611868447,-0.016800480449289095
ocran,-0.03445568725281314,3,0.050206819652678036,-0.9442369427223715,-0.20482533258594685,-0.04375885416052782,-0.2293532329539909,-0.0447146468768691,0.023514085381771146,-0.028294074767003494,-0.027567350360012233,-0.029110278170202758,-0.02432504839468324,-0.01999512993395702,-0.011248471344006078,-0.028495509390803184,-0.028185095065175206,-0.02945930456008871,-0.024288603611868447,-0.016800480449289095
ocran,0.01421015504889042,3,0.19661928187367494,-0.05082125260392523,-0.13325620125102336,-0.017199012556648477,-0.1698259576723504,-0.02936985674605586,-0.2512708159570048,0.3096655451741689,0.31346451316955687,0.3208556171240288,0.274163973062724,0.22998867052568608,0.13546791245648007,0.3110203770488249,0.3191821394574466,0.32504862849927774,0.2628290855226677,0.17608126430224832
ocran,-0.032356426217702766,3,0.19661928187367494,-0.05082125260392523,-0.13325620125102336,-0.017199012556648477,-0.1698259576723504,-0.02936985674605586,-0.2512708159570048,0.3096655451741689,0.31346451316955687,0.3208556171240288,0.274163973062724,0.22998867052568608,0.13546791245648007,0.3110203770488249,0.3191821394574466,0.32504862849927774,0.2628290855226677,0.17608126430224832
