Username,Adjective,LogNumber,1,2,3,4,5,6,7,8,9
grims2,0.0058558377669695365,1.0,0.40156050209204436,0.054493414716607846,0.23228372588864657,0.5179893762707198,0.3218112279420238,0.2940653622019111,-0.1942528926177836,0.39214492528292133,-0.3632659842017254
grims2,0.007754971011108932,1.0,0.2993117039217171,-0.2128930677136237,0.6755557399246233,-0.20985132290775768,0.17850236225899396,-0.010138698020348419,-0.1732536793676562,0.4097618518488292,-0.3671354123060299
grims2,0.009629337963199681,1.0,-0.48531846412726126,-0.22892746408982168,-0.3421462037105182,-0.31104935811913675,0.03088809438401034,-0.31856540998081617,-0.1475525556288667,0.5002542610145096,-0.35182154498553614
grims2,0.03458670398672345,1.0,-0.3703860317278491,-0.1496470562773643,-0.27992726323651257,0.7531405523327697,0.16571674815270884,-0.17832835094142058,-0.213200112511276,0.17452129130451566,0.244264142509725
grims2,0.0017948911246445278,1.0,-0.4593892965266022,-0.17154452300229683,-0.3389582632709779,-0.3366611845954093,0.4243817456959737,-0.10480702979009225,-0.18045253222157687,0.36495026893972055,0.41768923693831195
grims2,0.010743727259856175,1.0,-0.3295898798035084,-0.1315018073625085,-0.232691184789899,-0.2517407885036102,0.3297795607255179,-0.2134943974757355,0.7227249361527605,0.2410092142066455,0.14767526069317138
grims2,-0.2842906326595612,1.0,-0.5035036970698912,-0.1843273264123965,-0.34152281577064947,0.5499993586947679,-0.08475161316274235,-0.13873149153117142,-0.3956895049293062,0.3288236732871511,0.04739072078619265
grims2,0.0018768492138820712,1.0,-0.3486476848710555,-0.11656540994833409,-0.23902530607120828,0.7775134163771449,0.2538595848031872,0.016585511830764652,0.2517983713655769,0.2276167886301018,0.15253031554731647
grims2,0.01118452723033712,1.0,-0.34762227159914777,-0.1266559626710393,-0.2309318428357184,0.3769128973000165,0.05650827399824098,-0.13465931614182636,0.7762616640733756,0.20901303790625272,0.011368273515148058
grims2,0.005690595166306036,1.0,-0.35701213562468653,-0.11752612034547505,-0.24314454166549657,0.8221736664608126,0.16099346168517464,0.07706351359474878,-0.09487279079086261,0.22120754882767643,0.18398324425382095
grims2,0.006342724295839372,1.0,-0.3469353545135775,-0.12029906362858889,-0.24495845921772613,-0.0697443881904714,0.13529975308953834,-0.11245387838511028,0.8521695371565068,0.2075172242311741,0.009319457717505251
grims2,0.00313890424936078,1.0,-0.44931466723162644,-0.00656677696096486,0.668225496375617,-0.21909011815911908,0.00955278597010559,0.41038061624365396,-0.14716650123569627,0.2203699457145915,0.2546036437306839
grims2,0.05611141785256022,1.0,-0.22590162329718425,-0.7533908198425783,-0.14999238774708146,-0.07077343857111773,-0.3418415908280899,0.3303814496969478,-0.027890057076871942,0.3439133278954691,0.09382070809661328
grims2,0.005588526061063412,1.0,-0.0143121713737519,0.9282457722274948,-0.13409593211830304,-0.013598154778477456,0.18700470491740503,-0.10808168374608423,-0.019981665441372583,-0.1755014917092759,-0.20527023335025635
grims2,0.0032281728645046,1.0,0.21992909454170703,-0.04280621199791801,0.3339961235949935,-0.06859043087341148,-0.4463786684348709,-0.5781603486498591,-0.07654760416291234,-0.27107714581520487,0.4697606887911724
grims2,0.00021536016116880397,1.0,0.4855224852337801,0.14226939340474176,-0.27324568157404244,-0.20046482806370947,0.28360788452960495,0.12271745810865865,-0.18417038546275336,-0.5710416484051226,-0.41674654702401387
grims2,0.010828260036929693,2.0,0.36946660774834245,0.10047106828533581,0.16638703527395193,0.4940591700520754,0.34185936261216326,0.2394517337924041,-0.1518825275963167,-0.5634172031675121,-0.25866711723913416
grims2,0.007067051105538297,2.0,0.11328474215215709,-0.2277683935155016,0.7270251115944897,-0.2328191357460181,0.17851350759755982,-0.07651321816680445,-0.15839547521774422,0.4342733402915209,-0.31798436698358196
grims2,0.00991503459366602,2.0,-0.5326379216770277,-0.19540769238383315,-0.3814763412790702,-0.3385499621877136,0.03728311461728986,-0.27148065244960873,-0.10945191007664558,0.5008684332084029,-0.2828987787208287
grims2,0.007292257272969066,2.0,-0.32841460118825155,-0.09035708708960755,0.044399191672660814,0.7973902005639454,0.22835866075236771,-0.011601906414006788,-0.28420805080043465,0.2105684504816934,0.2622621888708884
grims2,0.014521998258432957,2.0,-0.27975771468140387,-0.08997117536992483,-0.1907251483396034,-0.3332973521285083,0.1823569170104784,-0.20144988071991318,0.8099351219285413,0.18470624227980467,0.04722503826989296
grims2,0.007680220204661283,2.0,-0.34073608242793957,-0.08367987766447305,-0.22722717996045796,0.7779950219320405,0.2797440292145352,0.13041752071014473,-0.2138001729341736,0.2180478952961756,0.17739026061980434
grims2,0.012954840113752369,2.0,-0.29412747416154617,-0.08590756250537734,-0.19216996112997228,-0.30839055605147525,0.23032911667501824,-0.10647012368912766,0.8235040174461711,0.17754637382849145,-0.00243306165135964
grims2,0.009393047703897891,2.0,-0.3637427361359501,-0.07831210328747318,-0.23428278380531825,0.7772480435293451,0.2844962905100587,0.1979306621283358,-0.1108340602165454,0.2220716015179215,0.14436350300507278
grims2,0.008815161360225723,2.0,-0.3545290929185996,-0.08739747329947123,-0.22447781162269265,-0.07510244181361891,0.19221295009208073,-0.06040950834550443,0.8491291938417986,0.22103786992022786,-0.012918382366289932
grims2,0.024177956432954673,2.0,-0.405089294255526,-0.03150013783581462,-0.27652733732704,0.734369391720997,0.27144194828739615,0.23333532513698657,-0.11411528869057357,0.2717224787664984,-0.06452227044401727
grims2,0.009263664172465463,2.0,-0.470407159266235,0.04144202194682152,0.25217548637325826,-0.2583032413870917,-0.3431402234823704,0.6145703503793064,-0.07037132943876113,0.15703767366519106,0.3487574219931876
grims2,0.005977377352580309,2.0,-0.555178534124261,0.1588600436029911,-0.0034698473247114663,-0.042564261855799236,-0.46991674933464195,0.3433249899667404,0.049307920112802335,0.5230103956726883,0.2237221056530951
grims2,-0.0009283225171632032,2.0,0.30545210186280825,-0.05623405312249019,0.34555652769694484,-0.09977015436056404,-0.5661066522142633,-0.4536120735714371,-0.108634560143739,-0.3695506520280135,0.3155369077603065
grims2,0.001515856128091855,2.0,0.1890911001744609,-0.03288383780704862,-0.017078002252287505,-0.07066004948214008,-0.4323354209294704,-0.6038599376279623,-0.049160031111013774,-0.3351568378094624,0.5399732893769472
grims2,0.0009889147311162314,3.0,0.4318225789072892,-0.05810189512944153,0.592546207984892,0.15855211353726986,0.36802326196798785,0.21864632544687784,-0.16846429020713236,0.389238985293955,-0.26602463625606787
grims2,0.007286225815844136,3.0,-0.3616632230133921,-0.152142226883914,0.6067405684931233,-0.3990353669471398,0.12169618585283726,-0.22240645706486217,-0.11422062655639623,0.3774748356408648,-0.31445336302871085
grims2,0.009430049769669501,3.0,-0.34109444300616854,-0.10533803562831967,0.2848692904569396,0.6894074637822561,0.2628625192039788,0.03233875703212441,-0.25356530299845814,0.20550010222473267,0.3734396354545603
grims2,0.059613982697757695,3.0,-0.46613601534235255,-0.14230544422897076,0.1559665931026518,-0.36119088047395154,0.3388100933461334,0.04422033839368779,-0.3970142701754499,0.3865023652909276,0.4288703984453326
grims2,0.006796345536625339,3.0,-0.47914066407199246,-0.15243121843610075,-0.3518174376988478,-0.37206888276690464,0.4098309464512648,0.00920326994267503,-0.14831975555823254,0.40366130867299044,0.36330548830305
grims2,0.011033504662051942,3.0,-0.35315372670509426,-0.10776943010088247,-0.2551377782765743,-0.24754743019045475,0.2860131870170786,-0.1865082830223759,0.7299847473114481,0.2620840000702596,0.13834211928556867
grims2,0.03453250488994052,3.0,-0.5904535111564537,-0.1486902978742433,-0.41566155343164446,-0.2583245961356846,0.02770745635203822,-0.1229829470062497,-0.42465176794795256,0.43990592803020717,-0.0032961465275201957
grims2,0.017772758523345436,3.0,-0.34585899278218046,-0.07946500854633531,-0.25904721518334495,0.8160119476269828,0.1571432703932137,0.05585901397550206,-0.2273267534355329,0.21413493959691973,0.12546094654629777
grims2,-0.019076392764510376,3.0,-0.37675000010158166,-0.09086165948249168,0.7328939611470283,-0.23067874705528205,0.16326720301801417,0.20198866264209064,0.1911347722274018,0.27771185206212395,0.27990244779799184
grims2,0.09677228823561262,3.0,-0.3822828797948695,-0.09330561366829707,0.7425919585678555,-0.23723312458215023,0.1790933670832013,0.19440538561495777,0.2321487811641476,0.27075017424982195,0.2009101500757572
grims2,0.0016518986704303503,3.0,-0.30540041243364224,-0.08059769019023744,0.2902752174294446,-0.17227531138101485,0.2542345391681571,-0.04642281432869554,0.8172862471504256,0.20829180194042457,0.09035237973161545
grims2,0.0029862440079262143,3.0,-0.5488309578492025,-0.12601568191555068,-0.3702756390001193,-0.38602713591721793,0.2629152466535526,0.2504070307960612,-0.21483454361857146,0.3363496559253799,0.32507006775212094
grims2,0.0036991681904178296,3.0,-0.3616009995982891,-0.08897353071931735,-0.18106468465607697,-0.21298776279839665,0.21487706374198062,-0.026822122610377478,0.8261328307807094,0.22609273232420274,0.05172295720579235
grims2,0.01065859220306347,3.0,-0.4405413437963317,-0.0038820003470109166,0.6355524168931324,-0.1592465542504869,-0.34022717430466576,0.45352684221981626,-0.0697925729895279,0.13626653017237234,0.1781606510460168
grims2,0.010558244521128534,3.0,0.13510848979393988,0.937176693821179,-0.15497506101042358,-0.015123450660561082,0.19783214780848238,-0.1023049641921862,-0.026990612320652505,0.16213775658391952,-0.05077935191143082
grims2,0.0016081087941996481,3.0,0.38246723450926245,0.019933147399955553,-0.06609078455933326,-0.16768329355275774,-0.5106987046022574,0.4066452203946904,0.1444488461451591,-0.5044658337116082,-0.34541432618511275
pedro,0.000480501259463597,1.0,0.30558632632600663,-0.24226292117586146,0.12432926253205233,0.37269080980448127,-0.5529527743994836,0.3354870830752626,-0.10911398284723997,0.47734655879181775,-0.18840253947815044
pedro,0.002659910805965716,1.0,0.15981457373244207,0.5168634445103325,0.24275746263879688,-0.0872853933835556,-0.51155510103108,0.154710442615489,-0.13090366655008182,0.48229564770221556,-0.3246424988086607
pedro,0.0001520055611597161,1.0,-0.24449556040843173,0.6432522690782557,-0.09556879566103398,-0.304957759404257,-0.3572139673150484,-0.34435195872048247,-0.13665345341331306,0.3972471522153944,0.0406970926315636
pedro,0.002793813648443363,1.0,0.2759161398478279,0.0749264803229509,0.20999756207582373,0.270349291400715,0.4575536383098181,0.22133321220772562,0.5352343004362853,0.4343414221802396,0.25999353979938905
pedro,0.0010818659444270632,1.0,0.28053421353056435,-0.11642624740789076,0.23380160812242912,0.3069001867977266,-0.4403588555484359,0.2558468594683455,0.520073608060624,0.46249490079885447,-0.12305665000441494
pedro,0.016629201441163553,1.0,0.27807218269878403,0.1700174107696797,-0.12378511479587367,0.3463232591658199,0.6390289852040671,0.28868363004812525,0.0070338059808581176,0.5109339047846554,0.07555246578551048
pedro,0.003304878258500023,1.0,0.32695539851357863,-0.41276053931695,-0.18038478345231704,0.35260463772946243,-0.5177950436288508,0.30600725171515175,-0.011597174375442726,0.2942625853275237,-0.3426121641596315
pedro,0.005261795595741558,1.0,0.3305624112831893,-0.1825583543715773,-0.15355426124349686,0.34190723496382713,-0.2842035649913714,0.27454699764334,0.6214880955734385,-0.27291951399258857,-0.31629296024874276
pedro,-0.005203372632502912,1.0,0.027846494003923163,0.1386364264177523,-0.5454544473569036,-0.3670406416058489,0.09670673270754773,-0.29371236463922,-0.012522136975638169,0.14667335037438187,-0.656106779718464
pedro,0.006392696260303465,1.0,-0.26968080968192315,-0.09895530198129088,0.47318405144949344,0.3248916157010901,0.010413424537453315,0.26534703306860347,0.6433215418327514,-0.041102663483141545,-0.3193006077346054
pedro,0.028214060904520798,1.0,0.32570256072820447,-0.04966386413290824,0.2848030283418551,0.3519430757779597,0.033716196495555094,0.29973409533398104,-0.1281486491370261,-0.03859130341934544,0.7599907724483768
pedro,0.0007519381424179556,1.0,0.48046337907230396,-0.04683760704244766,-0.2941479067565636,0.5523279028620425,-0.018177145506871523,0.4680238655485123,-0.2530819432633291,-0.19104925648259033,-0.23546770661274927
pedro,0.010940724134137932,2.0,0.3460125314087867,-0.043791737103382244,-0.0742412404198482,0.42329243533746935,-0.03817531183275094,0.35203183036381297,0.7276211329020337,-0.107042516367838,-0.16551431025058472
pedro,-0.004458398042895992,2.0,0.15131129272208094,0.19295480315825975,-0.6690561525754903,-0.4209830492924814,0.019635587054608907,-0.4061570086206883,0.16860499482727193,0.2142773571697157,0.2744430205619904
pedro,9.194695536123377e-05,2.0,-0.43345922102021983,-0.12482412876137172,-0.32489852522140494,-0.4416868633235755,0.3576408447891563,-0.3821353398568749,-0.35536879380826303,-0.2982299867781948,0.08199516578648929
pedro,0.015777809395632184,2.0,-0.22631224160978267,-0.13168924291307904,0.24164207566143756,0.381213998717669,0.05328956120083503,0.2964955444848846,0.7095892981801704,-0.1392200413308321,-0.33775306041234104
pedro,-0.00020935176729120633,2.0,0.5073345553647286,-0.047750748573395896,-0.22074188566584269,0.5922654742777134,0.004238126210288383,0.44186730045430184,-0.2132600463854261,-0.2560479998696608,-0.1857983968949199
pedro,-0.15770898331345956,3.0,0.4684451459434769,-0.022854303119772754,-0.2733640728794116,0.5657178161966447,-0.022853885058744756,0.41992105300825416,0.36315595709606663,-0.12099099946147063,-0.2487874599341729
pedro,0.034331173550216365,3.0,0.40615074441414484,-0.0278209798125425,-0.23841971793388989,0.49453239530437215,-0.026654361761204864,0.362076357607708,0.584211468525512,-0.11889144944468141,-0.21357282959635968
pedro,0.004891694771792031,3.0,0.5453961380316957,-0.15075464848886533,0.509516706136617,0.3476854656158383,-0.055816295337762944,0.41400743471866325,-0.18519405438294528,-0.1510533646305814,-0.26017697856214483
pedro,0.0001462664195586335,3.0,-0.398783311543922,-0.1741358654003654,-0.2155336633245054,-0.4153606359237783,0.42143037764858754,-0.4556401152246693,-0.14416259878346321,-0.4305995022112053,0.016096239148368024
pedro,-0.03104895266816148,3.0,-0.31295300172465745,0.2680537087291159,-0.48088969168720125,0.26302312142442574,0.15685742711963163,-0.20294160951093096,0.11923566735691603,0.009667700061883703,-0.6705754333892793
pedro,-0.003961503084933172,3.0,0.06245601553001887,0.07007177263327263,-0.20663156995189055,0.2701031252717302,0.014276327795180718,0.8174056952311555,0.27507782336731856,-0.05189541132042304,-0.3589151181902815
xxx,0.0010222417989410699,1.0,0.23780724171773332,0.6301905248427742,-0.16908190230559533,-0.12873152481253702,-0.0484322260719971,-0.6569706449439993,-0.1257771556343868,0.15972588121399114,-0.16080660486331655
xxx,0.15906501747929588,1.0,-0.3266275979203732,0.05613480925562149,0.5610741704830525,-0.29030600123881856,0.3528263344223422,-0.08309326660474389,-0.22854554073223896,0.3531074368283253,0.427519189018538
xxx,0.0033411217048719367,1.0,-0.36924357675285985,-0.005287877944520236,0.5669707960903934,-0.30927345784304716,0.44196938072256153,-0.14032372148420158,-0.17522782362262224,-0.34531650597257596,0.2855683880473125
xxx,0.009044960417348057,1.0,-0.3113859968666151,-0.24847474536954828,-0.2134201105226324,-0.30797399606453946,0.2806783908558184,-0.26346157168190004,0.6753420415176119,-0.3068904610125559,-0.049416081322634246
xxx,-0.007544042982352922,1.0,-0.3672202145675991,-0.09227950642356308,0.6379814463324178,0.225762670887209,0.3952597438020151,-0.13806708161737216,0.036667341738328536,-0.3665090210481221,0.296105651280145
xxx,0.0017161327819414356,1.0,-0.2775847740491613,-0.0011717353571794042,0.49888775390591505,-0.19612016318949566,0.23730606914282032,-0.006994609538591693,0.6487895448389331,-0.2487965130543262,0.31048758015522854
xxx,0.005477282075010497,1.0,-0.4179364275416473,-0.5124623417360998,-0.07648142197866833,-0.27771985040869607,0.49128500756830396,-0.27671178511105976,-0.2324902114112304,-0.1387013131266093,-0.2975124270872538
xxx,0.0022448543618428713,1.0,-0.34195695842296614,0.16655655290307125,0.42304380549695864,-0.15007026468359602,0.21048480705446995,0.02934504827175161,-0.14198176183048075,0.7341405584281405,0.2226006322522668
xxx,0.018419467837459656,1.0,0.29019026400563885,-0.17582349650326679,-0.15774860603264468,0.30986027509251324,-0.1019993385803625,-0.4432990012345093,0.4494226240128568,-0.14012322426584536,0.5791758053030619
xxx,0.0016232299742359848,1.0,0.4324362063518342,-0.6594870764773448,-0.24152875199502372,0.0465448662881124,-0.3662549494168586,0.35558514829878946,-0.08166074638312659,0.06303288205505034,-0.2152859804871528
xxx,-1.845387627316113e-05,1.0,0.3972261891537576,0.3912804442781176,-0.16542105181798206,0.4950467123010098,-0.4054214297602311,0.317452117446951,-0.14510071618355033,0.13778852419539725,-0.3339061530040868
xxx,0.002518403390631211,2.0,0.4540563597065671,0.3061902013594381,-0.13797405260323636,0.5193803301744015,-0.46771433916548366,0.34060617337343696,-0.1338047504041076,0.11097184713138633,-0.21517408243117653
xxx,0.0012638547094413323,2.0,-0.4537693903402609,-0.4756188677348977,-0.3437521059375449,-0.3738222134943016,0.41844728604090486,-0.23509125296638905,-0.19122695660359454,0.09972421223639871,-0.181914209319055
xxx,0.025188127833406404,2.0,-0.2532032980878403,-0.07480804167049704,0.30750181255548986,-0.2209045211625695,0.3215692565247401,-0.052381574141955524,-0.14729480307765447,0.7490336149680998,0.31311011342108
xxx,0.004919099587524649,2.0,-0.3844140273904531,-0.12483845808825544,0.470749673601162,-0.2763743901927695,-0.16532892694629994,0.19446196912136723,-0.28137671768756,-0.37216264667744225,0.5057925976318898
xxx,0.001575056468140027,2.0,-0.32107794272869655,-0.3942144995738802,-0.25871500548629406,-0.2789355687234909,0.29016006493517865,-0.22817059487579533,0.6127109911679429,-0.2904813924097717,0.02676743866096785
xxx,0.0034573601913139348,2.0,-0.3847460749488388,-0.3877571250113313,-0.30784292416767567,-0.2652774846208375,-0.31212700194201815,0.43241065171056325,0.0007339691095624554,-0.3490856005432592,0.36084889875982534
xxx,0.028414567089275145,2.0,-0.36837423994128393,-0.46341472413088913,-0.28924653844745196,-0.18125923756031426,0.21587426226559128,0.014569227859423385,0.5400814177691078,-0.3783183909290304,0.22672017854139018
xxx,0.0017343999237232606,2.0,-0.2935900790495352,-0.5743493289205188,-0.26541281305054426,-0.12313831490259744,0.5577917711288825,-0.23081595021068665,0.20373412861818083,-0.26429954099304015,-0.15017057827711983
xxx,0.0028061518806685765,2.0,-0.39510761420374624,0.0637609348575191,0.42248049836280693,-0.09865534273917381,0.38059252975039737,-0.031142179400462346,-0.1603984696004385,0.6709301891090106,0.17293458731212843
xxx,0.01481197695400313,2.0,0.27372986173913716,-0.061798542324313144,-0.1476339521972806,0.3008352655528438,-0.03163974163879911,-0.4711361272730731,0.426081600200657,-0.14637304445566035,0.6188815236146689
xxx,-0.00042774508615236274,2.0,0.4269009554988401,0.2689027687415909,-0.1470321956185145,0.5149170415668505,-0.4831124892773934,0.36761518604360977,-0.14648591351259097,0.057200743376850834,-0.2557737255989456
xxx,0.0003177393695868386,3.0,0.4286691121023262,0.18238424246744,-0.3041095899234463,0.4314411166202882,-0.4991665901116867,0.31407111497050827,-0.08521018752860209,0.293608888966397,-0.25115691301201454
xxx,-0.0036794172689586274,3.0,-0.31992925524558935,0.2188464156299292,0.5948336444146585,-0.2785605069861038,0.33934459042624193,-0.23616912746647473,-0.18495804203966124,0.07243655217981408,0.45600587517846847
xxx,0.010506903475648931,3.0,-0.2518188076167146,0.19953111915580002,0.4605789291498679,-0.19958585730793568,0.26344082511652017,-0.14062801705576597,-0.1065183766666597,0.6248753327641919,0.3921919206469942
xxx,0.008710195387384989,3.0,-0.34309439264160885,0.1367415319979498,0.7164502419492742,-0.2090371359350886,0.3919129690555578,-0.1473892771407817,-0.23040049211303157,-0.213481595320546,0.18058893969195244
xxx,0.004821905080519967,3.0,0.2888997151221828,-0.041308919981593466,-0.24854927922394063,0.4681895797170584,-0.2747847579114431,0.2772495650295062,0.6542217923944589,-0.13745697069444235,-0.18595091838463287
xxx,0.005683142262972944,3.0,0.2338578611111448,-0.004988967600325744,-0.1263185616567816,0.3110993524880286,0.09144198000663231,-0.5039280147601679,0.42717857981487106,0.12058515134910933,0.6109165469318212
xxx,-0.0008488789802779252,3.0,0.3551231663348442,0.5330778953205123,-0.21085333587697505,0.46158257598521923,-0.3647921479571541,0.289478285540948,-0.16047581139920483,0.1295405055347958,-0.26980302615056684
slasto,0.0011887214811149285,2.0,-0.03261624528112735,0.2765812467891664,0.11589039614236903,-0.19177836282534919,-0.6756890819920209,0.560193967908312,0.13526389829741825,0.18164899244654842,-0.22486390163555456
slasto,0.0015924308908428903,2.0,0.07549537132293158,-0.5038729419807046,0.09528231014429545,-0.13936026741710916,-0.6334951857205421,0.31562271485320564,-0.196860182866718,0.23160071528989995,-0.34436293805227763
slasto,0.0016500972193967398,2.0,0.09086148798334527,-0.339084902057475,0.10473415224440576,-0.13909103595616093,-0.4559524949250305,-0.630413964917085,-0.20102790265446285,0.2606448629321379,-0.36440040238590493
slasto,0.015450060087698135,2.0,0.12411267609795923,-0.2179269315852581,0.13249618745980174,-0.265940171954212,0.16224806540284784,-0.13459144839926665,-0.22015579749427924,0.5540124003643164,-0.6700648280086525
slasto,0.0028027394953760204,2.0,0.05262938095267556,-0.061371768847998553,0.06112002001741792,-0.09805956623198887,0.07329921583131326,-0.03504241940109059,-0.07184693943814043,0.35729826078884414,0.9168901476208278
slasto,0.009387697189910636,2.0,0.05650228362787665,-0.20961637548929668,0.11542272619896322,-0.2501463826347482,0.19761283001466373,-0.19302170567024615,-0.1964901715765679,0.4711742717263508,-0.7348816621020097
slasto,0.03137241178176659,2.0,0.023738210018816656,-0.07173065207436069,0.04458380118961327,-0.10274360425358192,0.07348656550145534,-0.07399253118245547,-0.07789192492222463,0.2024896689812903,0.9611466378250149
slasto,0.5803657021337825,2.0,-0.019230439166530174,0.061242825301359646,-0.035862719336018964,0.0825227018177842,-0.05956051018535742,0.06450486657375508,0.06294776230828872,-0.16433339546744047,-0.9742213084173279
slasto,0.0007200543461429879,2.0,0.0792241225469386,-0.09817107939161174,0.098226913457154,-0.2128790676559991,0.15845065281335236,-0.11997647834973632,-0.1934370659523455,0.1429827178737171,0.912007145133939
slasto,0.00013443559091157482,2.0,0.19870199606393452,-0.022376237801227106,0.0615554025331722,-0.3291657983314213,0.3375336458260197,-0.011046995101960931,-0.34001193574444677,-0.6903888307123677,0.3762735416999496
slasto,0.00026490196402466365,2.0,0.07397902426129725,0.31090410448927863,-0.8718209970773158,-0.09522747421311405,-0.011286189164228773,0.14904962786981135,0.29673893037907834,0.04539074723097809,0.12754660567998896
slasto,2.207772820836802e-05,2.0,0.019275111764399187,-0.4446837593000865,-0.08718643677482842,-0.5867022508103679,0.570118372322894,-0.30771237948667235,-0.0505403406510685,-0.13643880357039045,0.09577096801989587
slasto,0.002181125973987425,3.0,-0.011861837258552608,0.14711601836024002,0.08425080662300112,0.6023594609058874,-0.6412840200996215,0.3385382633446538,0.19298820814540768,0.11332635492911144,-0.17983435158773953
slasto,0.002763001827423515,3.0,0.0882468687262439,-0.42000590078688893,-0.6838749208756433,-0.15982975438243155,-0.4112119930635506,0.23965664472625395,-0.20208181614098278,0.06739163722035911,-0.22509502858297445
slasto,0.0017169880751239253,3.0,0.11210647357540773,-0.41083777047180914,0.17114195234155974,-0.3685182223836205,0.356762225201361,-0.3163483882707843,-0.3463352395738303,0.2656401724468942,-0.4854696997504041
slasto,0.021466379697711816,3.0,0.18093437870542853,-0.1367942795512631,0.18391726038916217,-0.32901583051348426,0.06900002736385541,0.10430772747736483,-0.29634841085534247,-0.6378324111311671,0.5442236940757071
slasto,0.17498977405675323,3.0,0.16013347250332666,-0.13709366845252555,0.1528507551260107,-0.2547105117013692,0.018115616601007658,0.08126991457574503,0.6776739166159403,-0.4996626275893894,0.3892096423386567
slasto,8.747118629269262e-05,3.0,0.16647090237660356,-0.2761825444297442,0.16444376664036253,-0.295717305153806,0.35731237680059363,-0.20264999675139955,-0.3705140901645363,-0.6009899076907194,0.33809976028555194
slasto,0.0013506295336824729,3.0,-0.843817859723073,-0.23849855663001218,0.06156926945925208,-0.09605255808152491,0.3426049428989907,-0.19651432567338498,-0.11399017338735234,-0.20341510435111199,0.08778096514213132
slasto,0.0035173917676230874,3.0,0.07176805478192051,0.11133162296604315,0.0775117653304153,0.5508756214918527,0.32931906030407543,-0.710965429033396,-0.1176898397787717,0.06426612444535623,-0.20267874585983414
slasto,0.0003461857532717019,3.0,0.054428515504453254,0.38373424776231524,-0.041853007630285,-0.21107668999594448,-0.18369171579025137,0.15886065766809854,0.662153791857004,0.48396598264760465,-0.2680120315425216
slasto,-0.0019608560469192896,3.0,-0.05131854520807953,0.32544954126706327,0.059367985641521744,0.4916916123414704,0.19527443099693942,0.17639051355208824,0.5441084017686674,0.47437864710699457,-0.2362816820281118
slasto,-0.00013283809409278682,5.0,-0.07451801283407504,0.3557197868571207,-0.08781330066662596,0.18451311279483515,0.12265976551984668,-0.22444263083027932,-0.7130614115160029,-0.4123531405918908,0.28677976336169186
slasto,0.008940521762239173,5.0,0.06282471519545538,-0.255884559646236,0.08010915655432792,-0.08806485493297232,-0.3825793875172071,-0.6457698942756768,0.5149926190201062,0.2236901199051285,-0.19432663266477737
slasto,-0.0026545469863593065,5.0,2.42034188925019e-05,0.10720416764960776,-0.0204353943055875,-0.006203294747305415,-0.20261861698493835,0.25412511596626336,-0.6227981255691254,-0.5829338573592068,0.39335469218600394
slasto,-0.0004606681648288731,5.0,0.0018166786506510174,-0.39053484834249486,0.14484866714762776,-0.27586251683530666,0.24823228804605235,-0.12994879885453317,-0.2791383685306623,-0.6814499382277373,0.3599996681814707
slasto,0.0006961704895175906,5.0,-0.8868343765775472,-0.17379807183564527,0.07778818518083847,-0.12313006966625739,0.15951697386943642,-0.07416434100628697,-0.1577147540752455,-0.2878731507693781,0.15302318099071208
slasto,0.0022703592126990606,5.0,0.12559232722330443,-0.34344603235132265,0.14622199511371184,-0.20761280143156544,0.20949794908430372,-0.04476400289295814,-0.27435139480274995,-0.6706524285041309,0.4804694253719369
slasto,0.0016001778377157526,5.0,-0.8280745138314204,-0.4090844595357668,0.05936773021320237,-0.017419863569448957,0.24796278111807038,-0.2220525772476723,0.14428337533065916,-0.09712575315600581,-0.045503112714087045
slasto,0.0005081789793085927,5.0,0.049987536050563115,0.49647217645777364,0.07967147455712786,0.46874940637169277,0.28855854379261076,-0.5862693677939933,-0.12774564561798338,0.11993763230264191,-0.2593478050513498
slasto,-0.00017837749470617302,5.0,0.03189508103768337,-0.748390034641063,-0.11911277971923818,-0.08737327216992943,0.3692083581659755,-0.4736874986654781,-0.06509484726738701,-0.1991416384481406,0.11173060206262513
minestra,0.0006160431679537496,1.0,0.14145612404294897,0.2807632722752984,0.020560046348406177,0.5631940692452294,0.20389126620583445,0.17836970742531066,0.013450224373243815,0.36102832957663483,0.6161510452142147
minestra,0.00017950633077907529,1.0,-0.5613238408601705,0.08138175642606182,0.043598678103122186,-0.12380872939214752,0.486076584582741,-0.4819133008771488,-0.1868556208139135,-0.3171936295336615,0.2387999411820189
minestra,7.447624468023732e-06,1.0,0.1759029208083393,-0.5242294870240739,-0.47354393714006426,-0.06689388435097177,-0.5600026527737928,0.2939015323823686,-0.14580924562142258,-0.19921878686470917,0.06777471667940069
minestra,0.0003127343068739703,1.0,0.23550685579407304,0.36079185286905857,-0.8233292643909429,-0.008252745001864108,-0.2134881257247443,0.28843831363978883,-0.07967932204248761,0.0039022804352608514,0.035898629780663514
minestra,0.005308644729861968,1.0,0.13362971048449465,0.04054373184697113,-0.02514547961862501,0.46446995389972145,-0.2817062371581463,0.225605574142293,0.763627754801955,0.19092987953073448,-0.1195693402320205
minestra,0.009864092650729312,1.0,0.2247409712160021,0.4905190632898504,-0.6512728187754859,0.023766840127889908,-0.1340549482194649,0.32551661409873406,0.015243601983262672,0.2935132601241196,-0.27174841448325593
minestra,-8.747460275598874e-05,1.0,0.37829379821291775,0.40011353611984646,0.0808903651874864,-0.05016737841174877,0.015447547981164952,0.4370337912961856,0.09691215895936055,0.4984823001946135,-0.48849689024150256
minestra,0.000994659484673671,2.0,0.290573632168532,0.25845738417090236,0.001964704795359855,0.7526151390377559,0.17250637300659696,0.26268679624031643,0.13470019115627518,0.30656691010202985,-0.2672884654605061
minestra,0.0001488745918012852,2.0,-0.37989935946354914,-0.05992034067148222,-0.020111889104925982,-0.13978143717622984,0.32385149817217324,-0.44724793865288875,-0.5024407780208675,-0.41229613670486304,0.3237241726114825
minestra,0.03806425144328069,3.0,0.2092090823159084,0.23287654693147086,0.05195369006527925,0.8389168490948725,0.15337953904400808,0.2306776818628887,0.0829475614217718,0.23471149816769374,-0.2383529880958287
minestra,0.0037067231590203076,3.0,0.5619894655382479,-0.3714230046983671,0.055623090777499086,-0.004466405343970939,-0.33886213787648084,0.41031619726328394,0.19911263895874926,0.27914713678734815,-0.37728373673936794
minestra,8.170377463907325e-05,3.0,-0.4363781905331147,-0.12881536001377514,0.028381556977070094,-0.16642167251094073,0.34314625255259024,-0.5947094443114639,-0.12430458810080472,-0.4785218029604745,0.22048939128265266
minestra,0.04213291258887623,3.0,-0.16995103661558186,-0.3425447415137681,-0.037486799770860474,-0.5578034675259439,-0.13959390573226116,-0.19811822509109106,-0.03725091103623109,-0.3361634223407293,-0.6067116367351427
dan,0.0044477427651514224,1.0,0.03713267477144211,-0.5468030926642933,0.06712246114981059,-0.19640109463607677,-0.6110934994954192,0.11241710907290071,-0.15041187578161014,0.4168204209129793,-0.27223677258582135
dan,0.013912343943627222,1.0,0.07247083328424408,0.3836939369136161,0.0663736928636365,-0.1885526524034546,-0.15899262854054735,-0.7273630532709855,-0.15294576763115375,0.40005469585752584,-0.2641922340989976
dan,0.0012432514326535878,1.0,0.13782929581193798,0.5249883824066374,0.09623652595382105,-0.2058708014957589,0.48517124553660473,0.2324149688482812,-0.15508715571294523,0.5062742958431552,-0.2897800613896324
dan,-0.17158152075678212,1.0,-0.02383603663073708,-0.07064720225083453,-0.01368584190211156,0.030576848954928192,-0.10298087372690005,-0.02998492113573617,0.011777936649896662,0.30913980784582246,-0.9413332426805786
dan,0.0019202350270114937,1.0,0.19739450261705063,0.5707414721219525,0.11104761299894043,-0.21927311523925624,0.2591009126698432,0.25091658625363217,-0.13613422503205683,0.5746328765109073,-0.30991841623456784
dan,0.0046673854368872525,1.0,0.1742505864432966,0.49791541736283584,0.09845309163984953,-0.14302511486014022,-0.47588694387498315,0.18907854095922821,-0.1805720748492837,0.5267602298837896,-0.34534921968613014
dan,0.0007375769640062484,1.0,0.18549052561671073,0.5745351514775541,0.11375697723432233,-0.24292086808836583,0.36620797678762107,0.21787064518989055,-0.1545892818192597,0.542673254213035,-0.2521575289593862
dan,0.0026236952914808595,1.0,0.17356322188021767,0.5084359136202311,0.0956319270970918,-0.1738001048115396,-0.5390962053946045,0.17988212894176286,-0.19901157627454397,0.506271959850962,-0.23047252337929183
dan,0.0008093029784228162,1.0,0.22826286406279747,0.5911791052344125,0.11020837898136766,-0.2561546002340547,0.3587860173135647,0.23564126409827116,-0.16340657760173236,0.5312485926676681,-0.16571444120796908
dan,0.018319298013496244,1.0,0.13650331807976357,-0.4494159934698677,-0.07670663871227097,0.18689157453182034,0.6962661679849582,-0.14559966789710435,0.16312832809278532,-0.4266007200541067,0.15490278940017335
dan,0.034477781607566704,1.0,-0.5701482871860127,0.3702146050294295,0.063376043313262,-0.13444922980291177,-0.5681137045714159,0.11682400132016295,-0.15285777115978608,0.3605309406454802,-0.16133775939982245
dan,0.012899510085150518,1.0,0.19987188644105688,0.5140159424099857,0.089231671794045,-0.16244337794511282,-0.47821525359860406,0.1859864356701407,-0.2365437690962909,0.518584226877421,-0.2707865572318837
dan,0.0005100701335226661,1.0,0.2061899016266257,0.5700741510250966,0.10323193765493893,-0.25159308791757984,0.28420320390933035,0.23043573170378212,-0.17190277946800778,0.5641504480753461,-0.2772307536145563
dan,0.0013055579037729405,1.0,0.18010353216860003,0.46160706464184176,0.08171252566429078,-0.13508655378830087,-0.4225899680347526,-0.023894538449081085,0.5041860447277376,0.47834868014047377,-0.2595805542922235
dan,0.002504358294462858,1.0,0.07766535161833403,0.458943618216341,0.039464278967976614,-0.16902218152528578,0.14462141117406246,-0.7289943949741153,0.057949248931162226,0.40444022087732073,-0.18421382441562498
dan,0.006556865211538412,1.0,0.14361001276410115,0.42810447631696524,0.0828385604155211,-0.027194383690868875,0.4136644525053403,0.2540280758663892,-0.16072034688449374,-0.6691286540459139,-0.2815816610369705
dan,-8.535228774206187e-05,1.0,0.10838457876353255,-0.4917195496272976,-0.08682130909511615,0.193671117575238,-0.42389789740429346,-0.2508451694128781,-0.4285918901524982,-0.5072495648483628,0.13346299232313835
dan,0.0023466527938026285,1.0,-0.7116142857633526,0.2031415572249009,0.06062705862656918,-0.1510295461400608,-0.4086281344628806,0.16274680230199465,0.33204813824579066,0.34164179133935846,-0.07358327489704294
dan,0.0009737582807042252,1.0,0.010504830571525715,-0.6653766840154005,0.04788385337836535,-0.126002554509287,-0.5491078735418543,0.13009626914322453,0.3712884817997423,0.2803343407461064,-0.0640861482440005
dan,0.01584706516339153,1.0,0.16294716502526088,0.4112449763531105,0.09188230628999708,-0.24943680059522336,0.49717223944523,0.2582854828655195,-0.24528885889845997,0.5676691239181202,-0.19328277277211317
dan,-0.0875657516521529,1.0,-0.03562215174537009,0.4214784316363097,-0.06049719638679882,0.1750678521451764,-0.30367649158923193,0.712484340401729,0.15930215918490814,-0.3758140048037329,0.14251890876586396
dan,-0.0030771196919569324,1.0,0.027814400028436086,-0.5567499369767761,-0.0877846523162108,0.2833074671902972,-0.19554237316999865,-0.245084299030582,0.2567430351101924,-0.606011187779888,0.26422891883952426
dan,0.00247899238304874,1.0,-0.045994276551897216,0.49610889955947235,0.08120971898411371,-0.25863555073848055,-0.7093922104210124,0.143702719085092,-0.24140069732120492,0.19316299239903598,-0.24248526091477848
dan,0.008119811484295865,1.0,-0.048682435242801116,0.47184718128449654,0.075295242233897,-0.25050177500450826,-0.6506277716312815,0.08289415324446246,-0.23890658177261034,-0.39998879968413087,-0.24354550433585748
dan,0.005685310294205064,1.0,-0.03637457141469569,0.5016924864312106,0.0801749104709356,-0.24285951377775866,-0.6817943679341384,0.08178736503118657,-0.2437917223172127,0.2864449031459986,-0.26183002172651315
dan,0.0020525678746074827,1.0,-0.005619911310932181,-0.6890706795733513,0.07083606226676178,-0.1636188073406026,-0.5543415498958456,0.039823431325285694,-0.1825071169022669,-0.311222286891928,-0.2330504969196347
dan,0.0007033037501831893,1.0,-0.031130658356164825,-0.8061430446842893,0.08085426009249637,-0.13183894138973373,-0.4393349669077291,-0.16390645650314103,-0.20488149679299258,0.07403146129256033,-0.24064025256615915
dan,0.012093614147898233,1.0,-0.009864126382152815,-0.34904657690077234,0.07019711365070423,-0.1318512354833368,-0.48570103412876403,-0.08774123551460321,-0.19772474635752585,-0.716257870302139,-0.24501504452974948
dan,-0.0024931417547706903,1.0,0.1744941819833444,-0.4202128837003445,-0.061691235816296576,0.16837430649484303,0.5586921882443484,-0.04200688638908348,0.179003494145848,0.5979507178968423,0.23943338426983776
dan,0.0008846876452003445,1.0,-0.27104873780863625,-0.5868798883321552,0.06435582092446991,-0.17287557061177533,-0.5301126573229133,0.07649206060309666,-0.1541497893443833,0.43856175523549895,-0.2123862243718871
dan,0.000484697853450158,1.0,0.04885017359300192,0.38596650751593,0.06119425649457866,0.24019701926310838,-0.6798149723335345,0.06090502444198984,-0.13886497244537893,-0.5059449589056249,-0.21466851166318912
dan,0.0031851203335331937,1.0,0.06287731161027023,0.03860999610312221,0.07648488485934711,-0.27952675143911554,-0.698182934182762,0.09388196463168406,-0.2035449453501445,0.5240745479495644,-0.313388991590708
dan,-0.0011084257863116145,1.0,0.04268138902781753,-0.5209433699679388,-0.3122278109817861,-0.23889426625945293,-0.3999989555411977,0.09222102568701147,-0.18627147370090327,-0.547424462230971,-0.263372629820555
dan,0.0011088652959324412,1.0,0.040161488729584055,-0.19701908644244215,-0.8471228620031945,-0.23090766654095188,-0.13555103764630627,0.09893516107728625,-0.186913413211671,-0.24383945413358335,-0.25705736182719674
dan,0.008090758590083682,1.0,0.03552339050593871,-0.32703565476692575,0.18262389238322696,-0.5157223059973431,-0.09639357171547673,0.21381107203888666,-0.39925601002914635,-0.2677740500316087,-0.5534885614504641
dan,0.00941027812851375,1.0,0.018085213093572937,-0.27070822543853246,0.13975068773786894,0.8077995713982894,-0.0682173858872115,0.16340307083627542,-0.009882089813795946,-0.2319303652322182,-0.41118858709959993
dan,0.0012063836689285294,1.0,0.0025889063366618067,-0.19098795697826784,0.08773020266143013,0.6033485847046673,-0.032021045844868055,0.21467476071494865,0.6918869797923584,-0.1682952329324888,-0.1940343171454351
dan,0.0008000641567166033,1.0,0.06943661299600384,-0.07932169816862533,0.07765393153944994,-0.19303627541890983,-0.08881979168746348,-0.8768067064847049,-0.18351239334659508,-0.09302129173716943,-0.35578753927581913
dan,0.0012711294788857893,2.0,0.13129451244324952,-0.2423241921131678,0.12987303931985564,-0.35697344032224065,-0.0852584395706815,0.23823536793304986,-0.31762414465923855,-0.16179737868669267,-0.7672386280738832
dan,0.004299677765025725,2.0,0.13352147352750726,-0.1405937198498718,0.08804532115771233,-0.3025628612067679,-0.10231632917038308,0.09760306328831155,-0.18385741086892374,-0.4101788646000183,0.8006646743876488
dan,0.2614560571413777,2.0,-0.9683467594782685,-0.05392331171917031,0.01643583682853952,-0.10151208543147001,-0.0415786246151657,0.06193222725879846,-0.0881244166836322,-0.1201406910217405,0.1451134328280349
dan,-0.0016296377642545522,2.0,0.3367665368646769,-0.33191149891999305,-0.05873310193105222,-0.4539998320208607,0.14637142767533834,-0.315112923842128,-0.46560429350284804,-0.4296933457438281,0.21145484784837504
dan,0.0008772162747169268,2.0,0.12533795613386828,-0.12148024367322285,-0.8409818671828924,-0.21216755917498104,0.030410139961003307,-0.05357339690411333,-0.13930460692601807,-0.2380134771043533,0.3706970444853525
dan,0.003549127703609278,2.0,-0.7094417668301707,-0.0968322306644267,0.06309312109651076,-0.2014390807147369,0.04351763789299777,-0.07024821780506514,-0.12410520441872679,-0.2633389743531047,0.5926038637427252
dan,0.001188353296578376,2.0,0.13806700453969675,0.12887524655738392,-0.08540662581042023,0.27809641566490645,-0.061478799458481566,0.06406835821689502,0.2255956433642914,0.30786188128815484,-0.8521385071580351
dan,0.0004486158681399601,2.0,-0.8452050567137289,-0.09080030523634419,0.06694014764693028,-0.15791895168345876,0.047525139157550134,-0.0918735440654471,-0.11213466101835592,-0.20580754159953854,0.4270058836534884
dan,0.0023212719674605914,2.0,0.2275441692827132,-0.21307057104999805,0.12380048748496807,-0.34465751691282426,-0.007648040342796373,-0.07584107171062288,-0.04589153493884539,-0.34884775708435206,0.7994360930247711
dan,0.0027569033924301233,2.0,0.08573020711548027,-0.3486411321943734,0.14446357782277108,0.7414908350907453,-0.04767109442219889,-0.007856599123378548,0.28060224110643,-0.4017455441979164,0.24072795703700292
dan,0.0016405685348712716,2.0,0.20078655178314536,-0.2689208162748329,0.15761674423567362,0.6602482045840182,-0.019163711815929747,0.117770402368156,-0.3980763635853985,-0.4587813814389306,0.20835873572358082
dan,0.0021288597871516957,2.0,0.18382989569991554,-0.321937007001855,0.17537023563653711,-0.4632085891088318,-0.1226964837667408,0.35023906454300213,-0.44939796033935425,-0.49358200621745735,0.18423534763648364
dan,0.004356431575952046,2.0,-0.0027238644437004972,-0.37176702892746194,0.12322147046889777,0.7899361536075665,-0.05358104464836697,0.04515409480749479,-0.07216023833089479,-0.41713082393299983,0.1961737859899122
dan,7.78001338692277e-05,2.0,0.038053648801847945,-0.1866849162858284,0.07601895392438272,0.7540549398769321,0.05965818813964091,0.07508251357200531,0.5589455387921854,-0.2595821444504953,-0.017984432881200867
dan,0.00018529253779092704,2.0,-0.014001376978358394,-0.16696919640584418,0.13681538013426542,0.9088144976512379,0.09422082356772132,0.06182933596705766,-0.2888801011024155,-0.17052005078143867,0.04509743452334827
dan,-0.0016760572366178537,2.0,0.13996005413672086,-0.1282696820282222,0.11060728085761902,0.6280079999767941,-0.08402752624732154,-0.12991385483226378,0.7153506789456242,-0.052079905827476784,-0.1376695609104227
dan,0.22353426073310037,2.0,0.1853612154348151,-0.10093484453255376,0.09903067646957191,0.48504057466863965,-0.2411145793060427,-0.4932459827196615,0.5490026411687261,0.04134226721462695,-0.325332168902976
dan,-0.0574120732332222,2.0,0.20283521883976122,-0.10718153670893188,-0.35413391410491324,0.5122499462555911,-0.21658197070597582,0.2605417332273168,0.5625098495564286,0.044582747698172234,-0.35547778918031303
dan,-0.0002513088901378833,2.0,0.5066227929225617,0.03274355021369635,0.6027337665624962,-0.3826197346465124,0.013225973994146125,-0.2184603448675154,-0.42969292369674805,0.0061344853734635035,0.0013644271985600316
dan,0.005678668779965811,2.0,0.03107348775286092,-0.00421050568052006,0.05223543936474175,-0.1098989043708077,0.011298105958231114,-0.9736106953599007,-0.13168831618788585,-0.03615169110635476,-0.13234881558054415
dan,0.020167581594152682,3.0,0.1115457934042507,0.043320886335807995,0.15516701502265695,-0.43251097752919393,0.08059389389803537,0.6888988133519441,-0.38135149633762777,-0.062143727009583934,-0.3796979473339854
dan,0.010940997626837971,3.0,0.04213530762216102,-0.009538254607522889,0.053940010269622654,-0.14684056625533334,0.009307649965165652,-0.9675839050637017,-0.14701197033278687,-0.03888984629616985,-0.11929700621678938
dan,-0.00430404659229522,3.0,0.25050541809556454,-0.13320876326304165,0.21962714820481496,-0.6597898941243266,0.2579273678174307,-0.11660888939428765,-0.4438673151373502,-0.19861217250978533,0.3454772403592356
dan,0.001295889768357803,3.0,0.1682183400958477,0.0028810717329141866,0.09228370397586186,-0.3419340904746678,0.16084159194800723,-0.016474067458304136,-0.1653872563205587,-0.26660158780682414,0.8495224078618956
dan,0.011075148760799031,3.0,-0.8770161460742965,-0.028489815227126736,0.062495995146664256,0.1681180709906217,0.10756462396991891,-0.03807572579487229,-0.12402696041649613,-0.1319317598713371,0.3899397252817838
dan,0.0005775929792283144,3.0,0.04122467237888855,-0.02348097093384649,0.09519416729445439,0.28109126163078363,0.215991167764045,-0.08903891698929436,-0.2157340606684675,-0.2598178917247809,0.8608416279755924
dan,0.26413813040209694,3.0,-0.7888954768716201,-0.027310114064309304,0.07023984530266314,-0.2145195750075667,0.17610500794821204,-0.10486918528083039,-0.19957271909194696,-0.16187890376205283,0.46679891899710085
dan,0.0005408423794938182,3.0,0.20393847990231093,-0.04428300599368362,0.10413705560499516,0.22714715902216384,0.22499716989495816,-0.13668558428514496,-0.02093150706792685,-0.28405810533584086,0.8623073367345
dan,0.0133076710106661,3.0,0.18316450883650287,-0.15543230177272238,0.13772447787670283,-0.440328540194849,0.16776419995590564,-0.1765700077409143,0.656175010059524,-0.33420386422946535,0.35756768036105263
dan,-0.00020582713173352546,3.0,0.11944369374306495,-0.016256105743177596,-0.16244039261976162,0.5975494813268534,0.18914075169908467,0.04712204010370423,-0.28675671740821923,-0.18832383999936297,0.668076855574981
dan,0.005411933773559925,3.0,0.04087037244968225,0.03193269736933402,-0.8426370957903592,0.3571250106674698,0.08908554601324209,0.05269750369919471,-0.21184981180813314,-0.049775576173267264,0.3188466008869569
dan,0.008893138599210574,3.0,0.06706233363457732,-0.12549670168907934,0.14234056786988158,0.752997022900511,0.16692198673051933,0.010077866262345492,0.4200888742035568,-0.20195446759361615,0.3837487267223117
dan,0.0008588601125194979,3.0,0.08326317269153195,0.013164817138735962,0.09864052031270962,0.6530973569326436,0.253813553991722,0.21679251825701623,-0.10278902888830868,-0.16395683863915575,0.6385609416685316
dan,-0.0007387110886878051,3.0,0.08502357415583768,0.021689109721912736,-0.2249292696489858,0.5837775249593201,0.10750594472013235,0.1894860318223931,0.6913036750566264,-0.1491283717833399,0.2308867093214092
dan,0.011590929968409068,3.0,0.05720634708866193,-0.0209723615639007,-0.7426355153761044,0.39581709945689325,0.002418349408698122,0.18605345926673608,0.4635040802120637,-0.11880862258055011,0.15663859579013195
dan,-8.153578120044497e-05,3.0,0.07733415034797299,0.03816625570425147,-0.08938611487520946,-0.6729331399762553,-0.05506711407346323,-0.0977998631819922,-0.7179527316430563,0.03990664614511071,-0.045694771403464125
dan,-0.0003452952711106853,3.0,0.019846673593651776,0.04620178709078737,-0.1013785997118919,-0.04026406716949743,0.06376478988221493,0.9712705717974505,0.13008801310393914,-0.04607638650244168,0.1381820980351242
dan,0.0005115564627237879,3.0,-0.030974705045975093,-0.06902108562652176,-0.8873637952702981,-0.18609339290869747,0.14548081881444166,-0.24465336677124927,0.08547589131700135,0.2555643613389978,0.13635318862058013
pabluccio,0.004075038661658776,1.0,-0.0215875206791555,0.1996402869767474,-0.4249341863502747,-0.09973013652417008,-0.4217667744866525,0.44588762569264684,-0.1173194779175719,0.48331830825701255,-0.3809188077589458
pabluccio,0.013820049702722879,1.0,0.028120476550342097,-0.3906255247967785,0.24054521559588793,-0.09855306890304544,-0.5450320674005927,0.41821104605044845,-0.10202799830937083,0.3630383071782388,0.40605328663626167
pabluccio,-0.005984974638164518,1.0,0.05639530445277932,-0.3899648273619427,0.25428407981001205,-0.09563411758059202,-0.6656326304173802,0.44591407021671203,-0.10444634298871154,0.3378321963748688,0.0632055155918118
pabluccio,0.002173715478412667,1.0,0.07165884360129138,-0.440032064264567,0.2370424996514887,-0.05022180184073819,-0.6620322260489515,0.42536733961532125,-0.08675567861817846,0.2863124904387524,0.18384772133248387
pabluccio,-0.10854642963075134,1.0,0.08275854525071646,-0.5099271504487718,0.22154716450001857,0.009209652164428197,-0.6721725443750443,-0.21714290352616353,-0.07292755597870956,0.24350648955895307,-0.3469532415044519
pabluccio,-0.00032198988432548085,1.0,0.3828980169646628,0.12350787610544278,0.07385704440402507,-0.025710195775480543,0.5141582118370328,0.6570758876299828,-0.0018114386167876536,-0.25286406316449994,-0.2682687669398601
pabluccio,0.0052076093910063195,1.0,0.025909594961426686,-0.8536618929072259,-0.026933182091631046,-0.0014308852649305875,0.016127737137383115,0.006235639052052571,0.008022470845035505,0.46237313129823904,-0.23603042615774636
pabluccio,0.003434293900021321,1.0,0.1239078827893804,0.8443698319073751,-0.03905048497963273,0.040354570439314584,0.18712804944432182,0.05182353956736356,0.08265436751728045,0.3967155389185094,-0.2580996752877972
pabluccio,0.00023738652432860608,1.0,0.20832491080827792,0.019198585761154963,0.40231368001428947,-0.29398177750019905,0.5469561133762076,-0.19164435735122434,-0.2457085559622645,-0.550665726420042,0.09195964779039725
pabluccio,0.025651618769370017,1.0,0.06116681817982513,0.07660789980578742,0.24417520057994888,0.8717040427755546,0.2554116811018329,-0.08627811859556155,-0.13341624905036564,-0.28202389460721683,0.029731633655969755
pabluccio,0.00025706161920818527,1.0,0.026085501040940658,-0.38294467151501876,-0.3734263591081816,0.3289939167472373,-0.45224331249870353,0.19674812374004974,0.24619209577094744,0.5200701703857804,-0.17513227635133544
pabluccio,0.0042598089267831905,1.0,-0.8793723601870693,0.0193961969596268,0.1788449421319889,-0.1688860301183649,0.26670706086377,-0.14472050335338435,-0.14467586894237336,-0.2254245750638344,0.04467671300355577
pabluccio,-0.00011361123048357249,1.0,0.898161371944728,0.042520107447287014,-0.03594845574797058,0.025235467449585203,-0.2564588020685732,0.11615569898477414,0.16654918250891107,0.2740421961434688,-0.08641788642613936
pabluccio,0.009819953178848517,1.0,0.06729472156547484,-0.05417628653440376,-0.1336305279302003,0.5348896796828762,-0.38941752928294593,0.2566286402627898,0.6237527721283779,0.19045425640392266,-0.2138402379451626
pabluccio,0.003000484310700245,1.0,0.08407681232757148,0.019515441641335007,-0.06803182835436197,-0.08641616427503676,-0.4177196810739129,-0.7027572938318662,-0.10471839933629844,0.32505616950023286,0.44211893373732647
pabluccio,-0.00013135597982233532,1.0,0.05311564232098765,0.3087427164825841,-0.3518610984487505,-0.08177554911851165,-0.2724055182661118,0.3118761174167194,-0.09260963652776427,0.4094588487000018,0.65089063441664
pabluccio,-0.0010799849548141988,2.0,0.023379945890770817,-0.4348335860055529,0.41133402052626633,0.027259105678538995,0.3109198312317452,-0.30882877452488017,0.05039850983251185,-0.22761404261585513,-0.6277259590856622
pabluccio,0.0015279385483812431,2.0,0.21712006686501623,0.09066859356724022,0.3814889518870445,-0.11635992020567118,0.5352391749621379,-0.25914827459565914,-0.281981054606392,-0.5726988084304342,0.15629647561059765
pabluccio,0.008828487849822516,2.0,0.07765287186985179,-0.05923785333043441,-0.43940539354864594,0.7876324824285476,0.21509927299898246,-0.0682126787039759,-0.12058594451723949,-0.3126616853659634,0.11747303807813866
pabluccio,0.02334075456273678,2.0,0.23667705325321403,0.07320274810156835,0.4344174657111452,-0.3277988618296713,0.41232539000714175,-0.14109888330198425,-0.3614839225192132,-0.5379839388110919,0.18010062473475677
pabluccio,0.015112799924507571,2.0,0.1210720935517112,-0.13266049339934283,0.21742647767188636,-0.1715686474013849,0.279606745479898,-0.21344691020898215,0.830358876673537,-0.27677732172138597,0.03451959160651603
pabluccio,0.0029053151720555325,2.0,0.13261895375402938,-0.03674396024519655,0.24026979388389624,0.8284302057652867,0.228591305451776,-0.1555161857206359,-0.18585779133706315,-0.3519058501144979,0.04707228397497059
pabluccio,0.0005047579146262359,2.0,0.22188931435837095,-0.16320196470966108,0.3950231024359769,-0.3276741577863682,0.4310243929907126,-0.256089587694354,-0.2198076656446898,-0.5929408935360264,0.0972544516584416
pabluccio,0.0034445314579421137,2.0,0.1252849413694223,-0.034403641608868774,0.2213185860852388,-0.19439153685211413,0.21330464261304533,-0.19049506881101844,0.8335626582373782,-0.3458094863733912,-0.01232634935520275
pabluccio,0.010646126150526134,2.0,0.24418685970120954,-0.44126233032220397,0.4239753769765911,-0.2958450438294446,0.33724439957011326,-0.10671413454227476,-0.2960270792512409,-0.5023778128165227,0.11508141958694004
pabluccio,0.006057955956698713,2.0,0.12494577058720802,-0.5516018371226854,0.025718938995695106,-0.07189223015567776,0.2696247261188396,-0.16901194302780542,0.6968421097427377,-0.2947744304691026,-0.023464665470429344
pabluccio,0.006782592439794387,2.0,0.20371007184966777,-0.6616650096147645,0.38688813180282905,-0.10740786836705188,-0.018800970882752278,0.0946576569141229,-0.19945690926757625,-0.5558621348511318,-0.03746231208858798
pabluccio,-0.024165212711659435,2.0,-0.23361919211583881,-0.4166045999276366,-0.47259616112900793,0.13495899014488336,0.16807691902212896,-0.23216313148004641,0.17817042734313662,0.616526126168035,-0.19053315749622973
pabluccio,5.0723224227038055e-05,2.0,0.09943674690255981,-0.23167096005462284,0.0779708688321887,0.16179149347097616,0.01785210259913716,-0.009075656635684432,0.9270360691952423,-0.20365810037378138,-0.05395734740874958
pabluccio,0.013048380035108992,2.0,0.07191170380579752,0.13297784093481224,-0.04419235050553161,0.636244321262204,-0.302488286445604,0.23433089618166322,0.6047657589066142,0.14487244697263596,-0.19299227734452315
pabluccio,-0.00014427359236367183,2.0,0.08006526300809712,0.2667992672188063,-0.47840988446500776,-0.11833285762738116,-0.3764908933878594,0.4137828305990489,-0.1234969944878892,0.4369981340711484,-0.40043541475637623
pabluccio,0.0017530534484003631,3.0,0.04263290430584071,0.25693290929115553,-0.3149039912488721,-0.18299635842650852,-0.4001552975662789,0.48308595759112144,-0.12363774442425082,0.46131823113685955,-0.4218040040992434
pabluccio,-0.000329844605432109,3.0,0.02959044944862499,0.3665183729813363,-0.3652112190888732,0.0995315163289595,-0.5831908710401983,0.2368318439247844,0.11590873945630124,-0.3180998828559558,0.45899852348418213
pabluccio,0.025492761992790193,3.0,-0.8025718025681849,-0.1316735397536627,0.23298955324952195,-0.04698473941420801,0.3613443019281582,-0.1117291287414689,-0.07345177000879735,0.20847938078974806,-0.300228189070887
pabluccio,0.015314473417550392,3.0,0.24628295335710418,-0.18272695663265737,0.37262890213486605,-0.025228440241403492,0.5536108852896182,-0.24984591502504075,-0.13052329502212173,0.3351743052705564,-0.5178616169203248
pabluccio,0.0012610225845727469,3.0,0.11776029464048411,0.008379019107011998,-0.07589677201242137,0.9442975568930715,0.19317140231788096,-0.051971759644121894,-0.147043740186759,0.03457679640960601,-0.16053173591796616
pabluccio,0.014384176082091438,3.0,0.1290651710302482,-0.056505662365415654,0.22477816342120546,-0.18761720286693437,0.251378788096006,-0.11882031566141647,0.8502344235102068,-0.2934944434485993,-0.08987062039133578
pabluccio,0.283563375596464,3.0,-0.16095935986524623,-0.10937420539776549,-0.28096660314366156,-0.784541039810169,-0.2267767786255065,-0.060135275738113045,0.18751063632478787,0.4107190381122904,-0.09374522239664455
pabluccio,-0.07736529676224892,3.0,-0.13140127497799048,-0.0744797252362245,-0.2302280232992954,-0.8617127025719927,-0.17928177527531555,-0.061471565749470006,0.15424493112540963,0.3356370716324734,-0.09627201048696687
pabluccio,0.004135361805533367,3.0,0.2662226251362447,-0.3692388799233993,0.46194480342343713,-0.3356040869921604,0.3294657241145027,0.061451410844970925,-0.3101084877850978,-0.5039221734109111,0.06585050106152271
pabluccio,0.009772814858281232,3.0,0.12541104740752118,-0.16282862542678977,0.22250813473607034,-0.16639571640605214,0.28121932345149464,-0.17532211910140824,0.8322334425426726,-0.2655827885150582,-0.08713569703155719
pabluccio,-4.1447114198734006e-06,3.0,0.2448410882469212,-0.477078084473078,0.44281273905022867,-0.27356029121848796,0.3363137653893731,-0.05306990409494554,-0.23924059190847033,-0.5157654277817262,-0.04855499152761056
pabluccio,0.030227128578675024,3.0,0.12785988896147818,-0.6938100381669989,0.24312934039865922,-0.001502508496108434,0.13715206710422448,0.008903536281789635,0.5968081108055717,-0.2230729634827786,-0.13540278951856904
pabluccio,0.021001116556052076,3.0,0.23816762114322051,-0.6931702516542156,0.4501036803063238,-0.031804489609988065,-0.12819434107311803,0.21743465281444974,-0.23124103084603484,-0.292471523860315,-0.237618841703135
pabluccio,-0.00030979033526899117,3.0,0.13991816010346136,0.7972338876053726,0.27574654050232766,0.004525815251486175,-0.37251331440992674,0.30946015130438637,0.15871515763270577,-0.049250450487592974,-0.0814649404994965
pabluccio,-0.002753000899448249,3.0,0.07598421071647116,0.13937998652401906,0.18114942240506596,0.6229047990740846,-0.20937086557975446,-0.08152968262519303,0.6821681371462898,-0.011000201802113417,0.19497819583542395
pabluccio,-0.05189444432097392,3.0,-0.06879191060323797,-0.15091339545121987,-0.1687904030533458,-0.5579899749502466,0.12214117124086762,0.4472496834342305,-0.6307962044992513,0.06308708958039869,-0.12575861908654723
pabluccio,0.003778243071034403,3.0,0.07459266734409523,0.17374829735745778,0.19518709538021198,0.539036174857149,-0.3166668581489594,0.27935558525617527,0.6151801665177866,0.15450439764753177,-0.23442221503785615
pabluccio,-0.0007265730303969287,3.0,0.07249057758295434,0.11124336727673179,-0.452200462073903,-0.14528828368338584,-0.4221553517088414,0.5013632320659779,-0.21168920613587322,0.32171015301394124,-0.42294930208283843
SADAX,-0.0008570115928741564,1.0,0.40499143541173893,0.3025439447697874,0.21353385114209375,-0.153952039643471,-0.4139496308390179,-0.6459255926510233,-0.12639232082553992,0.08934018494235897,-0.2502404985404635
SADAX,-0.058948953144317674,1.0,-0.33586847008054665,0.1467146305230718,-0.6216355818127561,0.1201537131861261,0.35960285383141555,0.5129516809434257,-0.006087055901637553,-0.05569385125947167,0.2631102047509508
SADAX,0.0007794534421591937,1.0,0.1816070566197225,0.1715085915241511,-0.09206575688374326,0.06434225497540273,0.516887351000379,0.7591232323446488,0.011671570476415842,0.27416105971465127,0.07903494747643593
SADAX,0.033675714676201146,1.0,-0.20477449068830525,-0.0017030813131820866,0.7285709338577673,0.01653039807911097,-0.43595080338335485,-0.4476110936804913,-0.07941585556339281,-0.16504743799690993,0.05494832748780154
SADAX,0.0008796115400685088,1.0,-0.5366269699958827,-0.19009043073927656,-0.1396088986919409,-0.3244549848777698,0.6406002668987522,-0.1472175876843493,-0.10323983001231668,-0.32100182118037757,-0.07343765813219215
SADAX,0.06373927113611688,1.0,-0.2065773281563169,0.013512688329679001,-0.05498858179495834,-0.10065551690885081,0.20348163165264982,0.030539160536518523,0.9240074501457597,-0.17967811364771308,0.12480597076552177
SADAX,0.000300623914010586,1.0,-0.5445796303981899,-0.29051256161664674,-0.09539357920040045,-0.22394144222609977,0.6383608718376246,-0.0010676615347923162,-0.2876294336431983,-0.22528021776767274,-0.13710639295647228
SADAX,0.0023230869768108247,1.0,-0.0926749861754304,-0.25071721793659274,-0.6823902583900296,0.02930314724728468,0.0654583043093068,-0.17187022063413837,-0.048034600995083276,-0.6356182236056466,-0.1479698380315427
SADAX,0.00566059258476031,1.0,0.31452455267852136,0.2683136778249854,-0.0629990309131038,0.0009069283186728986,-0.16454361170310614,0.251854055216671,0.23522858846302938,0.8188549683486389,0.09354871639149667
SADAX,0.001857649768499663,1.0,0.2694253386402468,0.011001053772780822,-0.056776209258537554,0.5260828826803645,-0.14933844558613435,0.04056243268927509,0.7474734347214986,0.17749678481991613,0.18202554715178784
SADAX,-0.00021193989970228348,1.0,0.2557519203894512,-0.28610725172505835,-0.07273910914370352,0.2319041496548791,-0.3362984322345344,0.046955066442972024,-0.1405063574143614,0.30114307590052897,0.7536129515052907
SADAX,0.002710208526325433,1.0,0.2491578774239858,-0.6754485927491128,-0.05139347966277333,-0.09428506407503677,-0.4288265988142813,-0.3339777981411937,-0.036466906491297864,0.08808488530294172,0.40698450071420844
SADAX,-0.0001765543657590307,1.0,0.37612918952637464,0.5248816025902169,-0.0719571385498908,-0.15824122699535076,-0.4462675081215326,-0.5523468631594788,-0.0605102153367792,0.08404710637086645,-0.1945273041059748
SADAX,0.0016076948062130455,2.0,0.4302143477346532,0.09638283976191242,-0.06086257868612423,-0.08641860981764524,-0.5794068357336529,-0.6167799818793493,-0.058422741601966116,0.14542770106176287,-0.23186477369614233
SADAX,3.542414064449649e-05,2.0,-0.5115102540442615,-0.25131987042531234,-0.043032608572208655,-0.2322962589882123,0.5838450224820916,-0.024741037894456804,-0.11042985581907085,-0.5141796978199464,0.03632604378252402
SADAX,-0.0072739954155353614,2.0,-0.18961048991675758,0.18300125868348255,0.9416593320168494,-0.02425496210782038,0.00696464577380531,0.13472229360772037,0.024980485089197778,0.01703502325328615,0.1553543733993561
SADAX,0.0066484071939437485,2.0,-0.14427821192169027,0.1545075816255338,0.602605922169139,-0.04377947140319814,-0.04226270891668178,0.13149398440801593,0.01823720812694332,0.7460661840351935,0.11931686391149218
SADAX,0.003941831924663335,2.0,0.2580526049602263,0.0007832735815181957,-0.051946008946995505,0.49412617045170737,0.04276280086223236,-0.12150167401089787,0.7786363382441959,-0.0368958325296979,0.24964377774646235
SADAX,0.0018427275586572213,2.0,0.3182679742442728,-0.10006501616646979,-0.08951122026888225,0.5895932625727301,-0.30723977985620016,0.39357369518914403,-0.19721505463602895,0.2989616673185937,-0.3943242613800738
SADAX,-0.01116084245913913,2.0,0.11092004202913741,-0.03449973881140887,-0.14432369038989246,-0.1935479611486701,-0.35437864687818027,0.6224923828089685,-0.10823841332871277,0.3795578402461217,-0.509269743058646
SADAX,-0.00017375252831295325,2.0,0.503688842396543,0.513369028896532,-0.08876578407818109,-0.1585214880335431,-0.2456847740676854,0.5325904467168414,-0.07827515943049439,0.14728387720962585,-0.279120458603764
SADAX,0.0008503972965604173,3.0,0.3474548534668488,-0.047577657535464724,-0.13209635708893266,-0.1821698604651813,-0.4104102812916962,0.6863448041479568,-0.07680034421500445,0.10950484248778329,-0.41107273458240284
SADAX,-0.00022412332614296928,3.0,-0.5931113267028129,-0.18339002365310642,-0.15055279662384838,-0.28252352694527744,0.6405967756139015,0.008144192437133288,0.05420072123796037,-0.04004304502118387,-0.31165629317858906
SADAX,0.0009686898380158683,3.0,-0.5531774013822021,-0.09980048442826095,-0.14300852179595624,-0.37571496306660274,0.4732180026622164,0.12052558056763361,-0.3431279410523978,-0.40695172562886395,0.024764300748569702
SADAX,0.00046457967365481846,3.0,-0.5458298447385566,-0.06907722989711718,-0.15117144462931673,-0.3540423259382905,0.6441196939616262,-0.045347621943317595,-0.26218184115209914,-0.24239517421706872,-0.06824966957103057
SADAX,0.003715574396388787,3.0,-0.15428308263492532,0.03348051923755689,-0.04977184144091961,-0.1084518689373753,0.08345859953153822,0.08937486672662572,0.9493893700355358,-0.16902235959903542,0.1263914654901721
SADAX,0.0007904778220808296,3.0,-0.5524040883615057,-0.13376894245624982,-0.1427790303577469,-0.3297572080212846,0.3688375308175001,0.15990297556758667,-0.3533882998264796,-0.5003486053887748,0.10482281402480335
SADAX,-0.004590320948122334,3.0,-0.3762150715037909,-0.5475479229239762,-0.05740095018313111,-0.154154741142242,0.6191081935561754,-0.1758220598528569,0.1003967029827355,0.0760217129281385,-0.318634254139216
SADAX,0.14378204507804615,3.0,-0.22458694181734637,-0.33321591601216816,-0.03449638104718156,-0.04627453559556087,0.3500237270659403,-0.08530633616687429,0.8154395513072581,0.06470576898621098,-0.1904579928901362
SADAX,0.009031918537311202,3.0,-0.3973530910208161,-0.33567613870832436,0.07702065629918908,-0.060774762978263966,0.6896199678793715,-0.12934097700660055,-0.15561910382470845,0.2693581473290271,-0.3615665806010739
SADAX,0.0029136397176098908,3.0,-0.19663126857700294,0.1585356558360418,0.8749073593333656,-0.028346430934005504,0.1279351133424182,0.04707013350137566,0.014518164133700117,-0.3674733674079758,0.1269083880061138
SADAX,0.007534792501784128,3.0,0.21122419173333956,-0.014643832071789653,-0.04181818538557444,0.49607167166707594,0.07198566714631013,-0.14342456729727404,0.8003272324426365,0.02683991679644331,0.20084180851481376
SADAX,0.02694206378751357,3.0,0.469326573680964,0.5385352171733587,-0.08372403282140625,0.020931428791153006,-0.2194146756889243,0.4763866881104261,-0.16434571629088712,0.3998628061577089,-0.14239976822253692
SADAX,-0.00044054457667140926,3.0,0.32193161917032653,0.6109631325046608,-0.056384506293906254,0.5703664451810071,-0.11827403449843249,0.3048992568114668,-0.05937022191432822,0.2310244247097626,-0.17532135311103217
grims,0.00918184548195698,1.0,0.31174524757108696,0.5880615295170987,0.005225322592379809,0.47082169993333445,0.3074025427159337,0.24185686028715608,-0.12029976733439361,-0.2845817635786885,-0.2947003269019145
grims,-0.001954100953743269,1.0,0.05016582742220707,0.4521094619287245,-0.3427252405315404,0.28450574483703694,-0.18220460796944238,0.06230794132556662,0.11642873864921485,0.5966546979241767,0.43363929295547
grims,0.005493550032113863,1.0,-0.46152598498990055,-0.40759515431311844,-0.4738442837037398,-0.3617039869664491,0.11347384182865311,-0.0713851512170383,-0.0842514727007359,-0.3433546151274918,-0.3500555970102576
grims,-4.360190070205925e-05,1.0,-0.43515321103852395,-0.2108799935232818,-0.430100836705571,-0.29208811384651967,0.40697487324493314,0.03673160596161813,-0.017259227925597653,0.5028817186415512,0.2751426049297282
grims,0.016500405575818233,1.0,-0.3665611994677807,-0.23200994350990578,-0.34918754130011975,-0.2555892623269802,0.31000420680936797,-0.1414859081138351,0.591180971872487,0.396331483448994,0.043034944288556885
grims,0.0024696688993965615,1.0,-0.503915532257827,-0.28373176218477025,-0.47234635227943544,-0.06236939958960749,0.06147905201022407,-0.07215745264093025,-0.3422731819434288,0.5572299688862362,-0.04383906761827308
grims,0.006313510253307626,1.0,-0.44552912908929065,-0.1965653935185786,-0.4159322652473764,0.5171982840667038,0.2277333632152006,0.1212988436465585,-0.23263829862267582,0.4354327630218149,0.10988158898698261
grims,0.004030603897941317,1.0,-0.49092638282178364,-0.1265700069392559,-0.44516982503930325,-0.3363126475264499,0.29018357997767374,0.23582580539851553,-0.07975451724656557,0.5103554902197758,0.15825650059926175
grims,0.0054225950189206095,1.0,-0.3508284689762921,-0.15697590769262548,-0.3184058562671371,-0.1870898503513048,0.22135013871403572,0.018819264223516912,0.7331941054705673,0.35883361136317954,-0.014416753961303805
grims,0.009115479860709621,1.0,-0.4068953200170883,-0.17258191317616733,-0.10610611720319012,0.6748573243078355,0.2580760731097472,0.18478628967770722,-0.25673183692609775,0.3922292624444009,0.13212305907391556
grims,6.492072772838739e-05,1.0,-0.03702444656556222,0.20917242121765142,0.1375900444062015,0.18006552790154984,-0.17769259114857025,0.007743377355808333,-0.8617860164746319,-0.3561684388525169,0.048536193015868284
grims,0.0009563070485767886,1.0,-0.5177825326085626,0.29290101933419144,0.06886377594960753,-0.3260491930487861,-0.05387594823942891,0.5049022248116865,-0.11813253303869468,0.4540762546850517,0.23893624886823156
grims,0.008143073970627933,1.0,-0.38164685023938066,-0.6640221424607275,-0.3904147831249994,-0.14918823240446663,-0.049759456914260335,0.21272935529885456,-0.10014810648511682,0.4192316564153117,-0.07228303619914864
grims,0.0012779379882448224,1.0,0.47744147641764245,-0.6461355080937116,-0.01851429315774249,-0.145430317697597,-0.032664834164370174,0.15394842271000245,-0.1105734552131672,-0.4686353330174206,-0.2765015602557394
grims,0.0055160147594470075,1.0,0.35668225420906186,-0.14509410766480046,0.3640101966025585,-0.2028276145640254,-0.6379711527003697,0.31016085230314194,-0.22109853642461905,-0.30525086060089063,0.1811447164754972
grims,0.0007764583326476963,1.0,0.3175000384012007,0.08061566857412539,0.32687093590810495,-0.10850910580392734,-0.5493892622868001,-0.6144867311217626,-0.10236456803841185,-0.27618586989352883,0.08886147113622885
grims,-0.009117627695186134,1.0,0.28926981577664534,0.7314126546095792,0.03588538932519333,0.3277970824777628,0.27277252273108477,0.15627720121724087,-0.14737071114559402,-0.3077423532996221,-0.2395180966320455
grims,0.004652082779629938,2.0,0.37240432642816296,0.4980000157481862,0.310631426999139,0.3121659203501749,0.29669603882271844,0.2749186912821279,-0.15901332207750554,-0.37439310948959914,-0.3005117192457128
grims,-0.014725748796799417,2.0,0.12624675076809266,0.20075431032792168,-0.5424550499697384,0.4170277867742848,-0.1565842344520214,0.08377055884088717,0.10268331428961203,0.6160016949076389,0.23249027604548458
grims,0.002762023488300307,2.0,-0.5259436544436619,-0.26725482317766136,-0.5515255686741325,-0.16716682924730897,0.08372853233547745,-0.06938831384142828,-0.14903581966967183,0.529719673701094,0.07206328233840194
grims,0.004277363270130487,2.0,-0.3254263367329179,-0.12222822914547848,-0.04205433627639702,0.746024036386718,0.25399359403481075,0.028765593858543492,-0.21746252560754858,0.3953053484496617,0.22790580408778016
grims,0.034304651296539534,2.0,-0.31069695230659444,-0.13851504891016642,-0.3250474961749337,-0.062496754917613806,0.20257405151240981,-0.15082065983553772,0.7470524316298374,0.38698471852655475,0.05560251929070416
grims,0.0023159452583297714,2.0,-0.35341289797468894,-0.03161814192851575,0.2862251325771027,0.7224706554418957,0.191716709542201,0.10105108231849265,-0.20765371132594795,0.40964976698326416,0.11095642739556752
grims,0.00794635587395793,2.0,-0.2997803634284916,-0.08157331603703888,-0.03207796454487711,-0.27418745656004107,0.20296915558273057,-0.03646995140978029,0.81674662671416,0.3426332232985016,-0.016451663700616723
grims,0.012564405167968206,2.0,-0.34872382405811597,-0.03696682906894011,-0.3522809502623184,0.6645100171031146,0.19264047897351325,0.1631505507019167,-0.2838475114921074,0.3775069055774378,0.1566537183164495
grims,0.00460143110942963,2.0,-0.3283336265763177,-0.059467737860123604,-0.060471641277465724,-0.16360276353070657,0.20469324333275932,-0.031618618119831896,0.8299091570405066,0.35533220368933927,-0.018129792692405524
grims,0.00017868216923943588,2.0,-0.478679247911475,0.5070362334701729,0.1455083260751405,-0.3056512859189441,0.05303667602973991,0.39459349403543803,-0.12376988511579665,0.4154852208025424,0.2296109455576923
grims,-0.11772939649419678,2.0,-0.33961735131522436,-0.44185075441652033,-0.3058848144737407,-0.08498815505433804,-0.6591093318911735,-0.12224517317867568,-0.05588749519621103,0.36825933404173705,-0.023067646224190073
grims,0.002680578589019557,2.0,-0.28224883373414056,0.6550023329348992,0.1366928124865857,0.10954746521509309,-0.3945694721857934,0.04559129607721455,0.059076323915486895,0.40374359037053825,0.36926878302041183
grims,0.003329759291830725,2.0,0.3999120302463239,-0.12610113585514815,0.4239448037154641,-0.20374100748793325,-0.5668217702831979,0.18769126926534108,-0.20239962818983537,-0.368296039878339,-0.26420969430340696
grims,0.001104125989291282,2.0,0.2816429659707583,0.01053152286701542,0.2920784875721498,-0.10404883212938325,-0.4976394491452176,-0.5197770919869346,-0.10558589596444522,-0.22741131013804325,0.4937132692870504
grims,0.0008169166989208844,2.0,0.31760685282447976,0.7194412259822325,-0.2846307385403657,-0.0514540641856282,0.259062183792031,0.154841135094027,-0.1425489886447168,-0.30108972434662556,-0.3095218940459579
grims,0.008260607234211691,3.0,0.3521972381300437,0.5266033141099895,-0.10140694200710909,0.44421200970580343,0.2762667866705569,0.27797590370957553,-0.14639556924104621,-0.3333471936630944,-0.3238709972982176
grims,0.0024425671785870545,3.0,0.03798734342091561,-0.45539397218964717,0.35128888758149124,-0.2994693058012318,0.19258668335125018,-0.052451414076944584,-0.15264186583580433,-0.5755459089541419,-0.4285955321923601
grims,0.07235002056623137,3.0,-0.4135780847240219,-0.39553324205669027,-0.4168039894565987,-0.057343206420351615,0.0571728522213798,-0.13260711043540374,-0.09128598447107843,-0.5759673998812797,-0.36683491635696136
grims,0.06270127949996945,3.0,-0.41428907698256023,-0.36704128105878653,-0.4232371672373206,0.34521937431509947,0.03543545655217899,-0.09396535123065818,-0.07754639239643493,0.5675462361504053,-0.23902261525413646
grims,0.01177583629293397,3.0,-0.4984688415332308,-0.39331809485279573,-0.5212993059350826,-0.07440677472829665,0.07660396459537036,-0.030288959179722304,-0.1496122547705699,0.53882540935044,-0.006174043156404361
grims,0.0036935127300879796,3.0,-0.3171133219289371,-0.15603954536989395,-0.3347901656625668,0.6816701689514938,0.2658556212375218,0.06871638774875599,-0.19583033063110683,0.37506498966405655,0.20954166391820866
grims,0.012205953447293597,3.0,-0.33558404279949966,-0.18718862643733192,-0.33832960146008534,-0.2717390080743317,0.23948708933861682,-0.12431505959665647,0.6392851947013476,0.4164054121678701,0.09564221436191
grims,0.0008819048316007161,3.0,-0.47763201216528156,-0.2332480775512349,-0.4694391791592755,0.0023388195584460353,0.027995872600666067,-0.02023861902149614,-0.39063895404576726,0.5841503703179483,0.04539343701241231
grims,0.005089765806912222,3.0,-0.3350333387637093,-0.15816303080156435,-0.33385189935457127,0.6800691400414532,0.19834310858684112,0.13917167010811954,-0.22353573422581655,0.38334852518102375,0.18207946876628608
grims,0.005106698516571166,3.0,-0.3094725811933737,-0.18057502601332742,-0.30080239736896663,-0.10723089036068369,0.17356041353798987,-0.030207073557381184,0.7807340341985175,0.35896353213481447,0.014237322794754221
grims,0.0015474043839418356,3.0,-0.33959574113248653,-0.113510411452167,-0.2910678578269767,0.6112579986803467,0.2945456844721755,0.17789809702570153,0.34151781916078777,0.3937301195227939,0.15287432516817892
grims,0.004252285361220903,3.0,-0.33476318819047834,-0.11266758223329743,-0.3064072912378006,0.03736171224152644,0.1674791077144092,-0.01266866199687441,0.7822138205169481,0.37304169981059304,-0.02701815608146215
grims,0.039323797464178134,3.0,-0.4641168485101462,0.26021760459623944,0.5887613360574965,0.1168958604332822,0.26254758592435407,0.29389044281908366,-0.12471619787200952,0.42903538178806877,0.04061379164486087
grims,0.00017784091925981266,3.0,-0.5040711429265491,0.38089354321820723,0.00444418038607717,-0.325532968844258,-0.07892172869157955,0.49647039769531387,-0.09215418713098321,0.40637495344585745,0.26171823592985827
grims,0.01247496449855877,3.0,-0.4188485904315842,-0.585910346492228,-0.38689582314321114,-0.13687409878739873,-0.23285751939405105,0.32423454021743653,-0.06842474508024904,0.3852946988613028,0.01916807669079309
grims,0.002702633095174376,3.0,0.4473560446862688,-0.7214546328049558,-0.03387551640827281,-0.09672237287031595,0.10693121055147412,0.08300143345220888,-0.06647672644609133,-0.37047319582798083,-0.3299696172835016
grims,-0.004278563228026442,3.0,0.3269502906567341,0.09618984394328822,0.18204083655969605,-0.15843375476314944,-0.5750103659345572,0.08477118572983404,-0.16316863774088083,-0.253120389152345,0.6301538621073864
grims,0.011010194778858085,3.0,0.33511963119889265,0.37038122930333683,-0.2562043941719626,-0.11917299592864693,-0.4067184402028957,-0.19114309693193288,-0.14167780666931487,-0.27615321337670706,0.6102302122531456
grims,0.0021875899249773506,3.0,0.38675757841690445,0.7106862036055165,-0.30370269225424307,-0.20289582140427162,0.2482185299151716,0.1603311469296115,-0.14680528746905522,-0.30945334116244994,-0.08549840853250802
grims,0.000675546307517122,3.0,0.2458436346984543,0.44514039317008264,0.28620085558758995,0.44700602507651876,0.16159213953093096,0.15205467814267445,-0.09419334201858136,-0.15863723757875575,0.6135265421498527
Pa0l0l0,0.018259180985196573,1.0,0.2635552270518695,-0.0687578186524026,-0.22846971642770106,-0.1852112673593648,-0.2336848919893717,-0.5662465880100273,-0.21014017695421106,-0.5279759564212957,-0.3756967501589195
Pa0l0l0,-6.905617256181183e-06,1.0,0.2542205504755325,-0.07025926064312071,-0.22103739533680916,-0.060556897496493574,-0.20586611906627963,-0.6348976350608759,-0.20205347313933625,-0.5104826011510544,-0.36196259746995724
Pa0l0l0,0.006566543932394469,1.0,0.1868567479521561,-0.03865114794302493,-0.16365972190269082,0.8369241151303014,0.07409981935926516,0.014449026438102256,-0.1569715903970485,-0.3603853561960695,-0.27594731870611644
Pa0l0l0,-6.70897348649172e-05,1.0,0.2219110694579309,-0.057558446619459636,-0.19526683996566555,-0.1330080992243096,-0.19478298905523242,-0.7205815447084777,-0.1839913831660429,-0.4405509868791251,-0.3263526201918416
Pa0l0l0,0.0015574487797090871,2.0,0.248442868541486,-0.0866247897797493,-0.21235253759244702,-0.165603397951765,-0.2550319339230146,-0.7208384064663966,-0.19619659752148935,-0.4848608564978849,-0.004663757173270346
Pa0l0l0,0.0018136344601128451,2.0,-0.2350144262981374,0.155277041338711,0.17404431967980488,-0.049009761116698476,-0.27823186614888507,0.4881389552510718,0.14190274275260265,0.4367596520610572,-0.6011454773379105
Pa0l0l0,0.000696674873967521,2.0,0.3051929155918358,-0.16550464114116392,-0.19819871388430396,0.1195481974510843,-0.2808823482123406,0.23382515056008912,-0.13456336257012871,-0.46611444431050425,0.6759821950475446
Pa0l0l0,0.00021240949647237552,2.0,-0.579326354138636,-0.13309011306468443,0.6268664235881385,-0.02191050868395659,-0.22803480034131599,0.2782324926762373,-0.18556379889637678,0.26943442135476836,0.12955459379243173
Pa0l0l0,0.03040456614187483,2.0,-0.4270008291291175,-0.1576943034491499,0.4122925000572792,-0.08766416180095322,0.1842975607207267,-0.27808282238805476,0.6795939906759847,0.18902697166742435,0.07910658973438911
Pa0l0l0,0.013601453379608431,2.0,-0.26171907894238694,-0.10649059120467508,-0.1463924565695723,0.8963130866690994,0.11002218684905508,-0.20726089279754895,0.1707825244346986,0.1044791773352767,-0.014506846536528907
Pa0l0l0,0.0014077172595441086,2.0,-0.6332449502815856,-0.29251283631377056,-0.3415370157969003,-0.30462104544359353,0.13503385498545048,-0.36049632248690644,-0.26116713555619336,0.2816974124087234,-0.0907860874624166
Pa0l0l0,0.004779407701907838,2.0,-0.2736931644700099,-0.1037130011851849,0.1626719062645404,0.9186461097083207,0.10551781592790029,-0.09402988982835814,-0.07445700904409555,0.09454231995526452,0.09749417941569256
Pa0l0l0,0.001282676525243211,2.0,-0.46719835926584846,-0.18708580604275593,0.6132559029025679,-0.24873941145442263,0.20374715211332575,-0.14688880510691976,0.398452327816732,0.24193110617694732,0.1684825103163289
Pa0l0l0,0.0024908770251374354,2.0,-0.2750256513346681,0.8281926573293291,-0.19184831659859913,-0.0014813603788751022,0.19257891543336178,-0.1636673073788914,-0.1698521095946039,0.23584405981924528,-0.2308767129520217
Pa0l0l0,0.002151815399571552,2.0,-0.5581273976524288,-0.020700248452959036,0.5462570928541514,-0.029338996758064513,0.3872133360726904,-0.27471102199091163,-0.1112430013565192,0.15259342764990216,0.35741802798808203
Pa0l0l0,0.0021024821238179413,2.0,0.1512036869325916,-0.08640384037752635,-0.11626432755538106,0.7964735092209615,-0.1348631285115124,-0.2372080040503714,0.4050752847873433,0.2313157709207075,0.17244043561092723
Pa0l0l0,0.03493847997124079,2.0,0.18930071751262004,-0.41129513487032904,-0.1483848140361742,-0.06201565289689764,-0.5047107762702736,0.4907526246484399,-0.12515080092437209,-0.45209804159285644,-0.23132463697938407
Pa0l0l0,0.0001731139444226601,2.0,0.2248091971357765,0.6359233571164191,0.20295447188451654,-0.022265477454700804,0.671446589003415,0.05512488159083081,-0.1286311982004775,0.18145257819723865,-0.005073644952407408
Pa0l0l0,0.0025611691468217035,2.0,0.2511852927168961,-0.06814328731640817,-0.21192003203504606,-0.0752606528119593,-0.3218697528505218,0.3283331376505339,-0.16458323161961158,-0.4746566559744266,0.6464509316308111
Pa0l0l0,0.0008341650378780609,3.0,0.33207401487573107,-0.17260615695643544,-0.28537100237831425,-0.10171046953315238,-0.47207718117556385,0.3977319484039632,-0.269080812024418,-0.43876346496817487,-0.3495524356309173
Pa0l0l0,0.009709330986388627,3.0,0.3161801552926814,-0.20250511032657548,-0.21988131230927543,-0.002783522300765093,0.07294248609981599,-0.09415318566085186,-0.1391863163403548,-0.6560423001183829,0.588826367736657
Pa0l0l0,0.0001316112719641802,3.0,0.17533527548747316,0.10077577174039853,0.2785276692426512,0.0698057192347376,-0.1285180592581253,0.19532767776578158,0.17967238851476716,0.7552459730851802,0.4682978151939271
Pa0l0l0,0.0025609890414379417,3.0,-0.3749514329262692,0.8272826365453992,-0.17570606654319063,-0.07211150744162287,0.09163787120521051,-0.18165975562496922,-0.11472022714093928,3.392882396717362e-05,-0.2904886795940022
Pa0l0l0,0.0015188282257842167,3.0,-0.5251569333135803,-0.17571059614065754,0.67613937424176,-0.2503691786720309,0.14930005936285828,-0.21230933254075263,0.0709425879815246,0.22712307137500898,0.22249337522190862
Pa0l0l0,0.0005141165106949214,3.0,-0.5128588870161676,-0.24024131285222516,-0.2984177887319714,-0.24827711189691304,0.11958894657274108,-0.2582740613672411,0.6137791730089823,0.24432830871540495,0.10553184404338248
Pa0l0l0,0.008748371499266841,3.0,-0.609572320377045,-0.26720347150570734,-0.12059895618122331,-0.07779051271970007,0.28801716191824817,-0.30411010760534934,-0.22176138992437036,0.42378952469132003,-0.3636150444326891
Pa0l0l0,0.003479053484599171,3.0,-0.5915613556734216,-0.03670843494079323,0.6091767633895314,-0.10640932298101906,0.2841641039899547,-0.22945462446693135,-0.19103365886811988,0.07487378989883642,0.3013134153783518
Pa0l0l0,0.002914231980773451,3.0,0.14623058199614625,-0.07972571800256067,-0.11230966873814453,0.8134743275005502,-0.06596723829013021,-0.19205678657750305,0.3707200831633057,0.2113936608896899,0.27303541502970613
Pa0l0l0,0.005950026072921237,3.0,0.411516341574211,-0.18228550278514322,-0.3029142120868695,-0.0958583433570765,-0.27886401041729125,0.3517876047451157,-0.19505306221872265,-0.5700900950144068,-0.36319744704996937
Pa0l0l0,0.0028149711663880994,3.0,0.44802101389399684,-0.19126861025230457,-0.34496209525101207,-0.09949430847738214,-0.34336055875097865,0.3927633441958042,-0.20953879360851776,0.42047469023452555,-0.37540716063734925
Pa0l0l0,0.0023069082652972884,3.0,0.3581314090139112,-0.13934254644749844,-0.29122554703575304,-0.09875132082379266,-0.287683306527515,0.3262746329251188,-0.1702624123420716,-0.7297361604420554,-0.08390728310605731
Pa0l0l0,0.0023897057869580757,3.0,0.30602060649643364,-0.12199722890990983,-0.252448270202015,-0.09463301697755583,-0.2404579521778345,0.28119678717960145,-0.1419218305606401,-0.5059640380555042,0.6369846574500766
Pa0l0l0,-2.501537556906808e-05,3.0,0.2900141507712873,-0.11323298572671359,-0.25245200660662587,-0.14925328142573835,-0.2704386721962157,0.2613710756163482,0.7501106866998053,0.3324474068022249,-0.049216770118368273
Pa0l0l0,-6.980982409751219e-06,4.0,0.29515789487302935,-0.10160786572268765,-0.23889378184656204,-0.1849908319352958,-0.28089612885946286,0.26757445995129225,0.7449148326357149,0.32468849968971153,-0.021127121773408038
Pa0l0l0,0.0005319602161879156,5.0,0.4126644420465057,-0.22548992797747436,-0.34267616964078534,-0.15480055260326286,-0.3811047562635086,0.29921093784943714,0.4133419010393372,0.43138610859466164,-0.2139127390001293
Pa0l0l0,0.2527348342831826,5.0,-0.2382767383877544,-0.927376341525464,0.158298249354353,-0.08576476125658881,0.027664446618764108,-0.01604680136604239,0.05207520260562788,-0.19374457050195953,0.09752835656299119
Pa0l0l0,0.009272954422068139,5.0,0.24814022660874546,0.9185396063285246,-0.1636233654272848,0.09463055551973718,-0.024215212870496532,0.008156596905188671,-0.054576123651570864,0.2083021159596299,-0.10937385610440607
Pa0l0l0,0.030917179350086574,5.0,0.39886319975775736,-0.3114881802964996,-0.25553985665932283,0.16391126570088052,0.6105174792945565,-0.43996172466655603,-0.09440192078962958,0.2730673922676205,-0.044048893119888986
Pa0l0l0,0.00032249330987808514,5.0,-0.5787974050596559,-0.1551042475801866,0.708845199163729,-0.05055176562115565,-0.07144915872525606,0.0796396956883363,-0.14733443293283185,0.20169066354332374,0.24916905223933564
Pa0l0l0,0.005934980941842786,5.0,-0.4461642762305445,-0.20911739993021916,-0.253680461293747,-0.10201279535163586,0.08938889374617735,-0.2871916054596305,0.7447883335992775,0.19177384400781483,-0.022151819827478086
Pa0l0l0,0.004579626389951884,5.0,-0.3024028451546952,-0.12067419208650343,0.11384860589058776,0.9107931726591112,0.058375044830284155,-0.10958933449944276,-0.1523399539227791,0.11317246586166299,0.007184253305851856
Pa0l0l0,0.004318951967119832,5.0,-0.6319270743117581,-0.1898306014545994,0.6693683684464113,0.009478879761377335,0.139573501590266,-0.022606502947114703,-0.12824773134973103,0.18894266372720941,0.2105944599714657
Pa0l0l0,0.004879885718351707,5.0,-0.6314175660549353,-0.22875363320237307,-0.21194580412205025,-0.13849550875336114,0.48740939981850623,-0.33414309877598336,-0.1736019740760649,0.2950364709287104,0.1359334567792386
Pa0l0l0,0.0037391357011227655,5.0,0.18027793636506642,-0.09190754756287023,-0.12780134672677596,0.814623413422083,-0.19844957604607835,-0.2678731374501631,0.3704619408692427,0.05274216705446107,0.16717159035505946
Pa0l0l0,-6.727117399565767e-05,5.0,0.3164328956655322,-0.03421175416239175,-0.26524532725624705,-0.22609232531660978,-0.20676832428901082,0.3836980736981928,-0.24518376792500815,-0.6547622599637815,-0.31372106464778726
peppe,4.272687987388427e-05,1.0,0.3512483499037809,0.20628875441943118,0.3990541188395284,-0.2329450664463364,-0.017345171282064146,0.34293978343404474,-0.2247539017832376,0.4250045380946464,-0.5210664342951337
peppe,0.009701352697448538,1.0,0.35057416468020486,-0.07586087958898069,0.34580299031681605,0.6179404635922155,-0.24999372179805002,0.43681817822000346,-0.06709703456759482,0.09963804045414092,-0.31964984660556117
peppe,0.0008590139669453896,1.0,0.41567969416220846,-0.35893336504371354,0.4261548988651685,-0.3188786324949591,-0.015088215060979323,0.2808556138065769,-0.203301667460685,0.22086960232508973,-0.4958459155494165
peppe,4.256882780525263e-05,1.0,0.474231313114835,-0.14277573614246453,0.48275929723237015,-0.4192434830835702,0.21591063581204742,-0.27893807144516125,0.024281848974474714,0.4007728343136117,-0.24549091711574286
peppe,0.00010169534535236161,1.0,-0.16397791957763425,0.1134512157569324,-0.4958166067415168,0.6724013693032903,-0.0063607430727619695,0.2486689589764358,-0.2898365552414949,-0.2924029924685089,0.1757865341913188
peppe,0.00146887795181869,1.0,-0.5601830480763718,-0.6560652627200135,0.09983660225216145,-0.08784899776131969,0.18802472511048576,-0.09178259622411761,0.3577292416200495,-0.25737013632385775,0.010079213219779493
peppe,0.001827176441327796,1.0,-0.4973665770384645,-0.5590606265834906,-0.4357813014796279,0.28228905490443873,0.006590740628891803,0.14767246400732092,0.11021795001357369,-0.3413414763855166,0.14132464794481428
peppe,0.0022355074283952592,1.0,0.18248482848744507,-0.6441209375660243,-0.165300446491626,-0.13899806745928953,0.1615651030526211,-0.07389382967326852,0.6364330570989017,-0.25004354146340463,-0.07765574936361207
peppe,0.03731714707162616,1.0,0.22842611065857416,-0.3370261681869523,-0.446029928814257,0.7137719927774454,-0.026166803693660732,0.2708483979670246,-0.028692502237500906,0.06534818215613758,-0.216066003717551
peppe,0.0016475994891814298,1.0,0.1680933884187893,-0.8696248480902641,0.2286937184718277,-0.14752690425119666,-0.2593727448672482,0.23968287253702286,-0.003345817351974595,-0.03753755068117904,-0.12365221241448826
peppe,0.06015323037808573,1.0,0.13614683567374838,-0.22803900678663594,0.2257322822943247,0.4600352008960908,-0.007567183700222879,-0.4084017587578551,0.6875876337980833,0.12109053271130367,-0.11218676881193425
peppe,0.012038587738356307,1.0,0.11947330735572415,-0.21303812837311953,0.2855791215191992,0.35658485279635205,-0.0675716911819734,0.23583334346529056,0.8042113858997381,0.14051303771069318,-0.07035287116113678
peppe,-0.18868559012681563,1.0,-0.17814416698507185,-0.08815420375635462,0.46763956540084095,0.1805387882389848,0.1797141841403201,-0.7685901837686478,0.14310401849463056,-0.15717687131948394,0.20248725240950816
peppe,-0.09941523569502904,1.0,-0.15312680626791164,-0.11742793427009503,-0.1857481592184793,0.13952066710140523,0.1670379921954064,0.9072331460632593,0.11304300805053519,-0.1231969364125244,0.17281373582766754
peppe,0.002612404451308453,1.0,0.371189727676698,0.43049512627840103,0.004328858033851753,-0.2967703465756589,-0.13024289749819468,0.4444804031044836,-0.284192635498949,0.3045748684526456,-0.4480439811468221
peppe,-0.03639134359113756,1.0,-0.3572239864601746,-0.37609879205050584,0.378366616467461,0.2743451361273742,0.18889132935913894,-0.3844313732029153,0.2696717732504701,-0.2734662203187706,0.4260752492091507
peppe,-0.0005068570893037791,1.0,0.38066153820940507,0.17892083904331846,0.4129472022818415,0.1597608300150169,-0.31143205019186715,0.498562605317034,-0.24879391780961682,0.25721378178466087,-0.391692833248649
peppe,0.00604172418878461,1.0,0.3125968738492466,0.1606175503895304,0.09456379914023884,0.6964183416113704,-0.2082510720284718,0.39703334477801927,-0.19943709408065846,0.1992105568055004,-0.31950022225540653
peppe,-0.0005983031065449835,1.0,0.2740482193492017,0.47919636841776436,0.38848202224975587,-0.4111811304109757,0.3650863168237571,0.022170542475210997,-0.22127426746392617,0.26429986153358875,-0.3502626734545044
peppe,-0.0581903455867287,2.0,-0.2503127904458713,-0.42921087468210967,-0.36331888306485727,-0.4927608991864841,-0.34975817530059666,-0.0811707956076629,0.2138100538982518,-0.27188237387523445,0.36021295619961125
peppe,0.0011990980280333018,2.0,0.3612186708365606,0.15079755727736788,0.450600128306021,-0.4780299724190462,0.30445286804872124,0.14139010727292994,-0.24888711379728198,0.26384956976826485,-0.41350203895375093
peppe,-0.001638964159313533,2.0,0.5859550879633526,0.020068627331743305,-0.11150961486299998,-0.5742623051875287,-0.09280064101185684,-0.27988800530658897,0.1896050468475758,0.42038230705658225,-0.12009031333830054
peppe,0.0019709506188009982,2.0,-0.6219743332294514,-0.1994460209741823,-0.5574110772968351,-0.23152051429738837,0.24007944827593775,-0.1460923043716184,-0.24092235884684715,-0.2565302153955017,-0.0789171629198663
peppe,0.004545700649380492,2.0,-0.37135627794927994,-0.09293997711238333,-0.3232689447213369,-0.14976767759794551,-0.7957253472868154,-0.20844354662348913,-0.09113033296221211,-0.20288470803490105,0.02071291441988727
peppe,-0.00012704967212986097,2.0,-0.604202145755875,-0.1215099965305696,-0.5274051999896775,-0.2637395413014685,0.24078144971290485,-0.008244866462296734,0.17834501206133854,-0.3759970739172947,0.203066171271142
peppe,0.0008913298394257759,2.0,-0.5528984067633503,-0.17999296174776713,-0.11869232301429118,-0.1993814191452698,0.2759191498659592,-0.24927648975421035,0.64334649310581,-0.2259720651517672,-0.06954737701359998
peppe,0.3115116947317359,2.0,0.18985481261093354,-0.5843638922986125,-0.37548122387091193,-0.10531852516318796,-0.5983092417515267,-0.230072248502225,-0.019061810019688305,-0.23434673089748373,0.06486076706465296
peppe,0.31042624816716585,2.0,-0.19331494979377165,0.5709844112844629,0.3875546922040904,0.10250833630379408,0.6063900984601773,0.223770331178221,0.018386488266206834,0.23252889921022715,-0.06090705419202711
peppe,0.043560798680921824,2.0,0.16756053135382606,-0.46895401519169055,-0.3396844897722479,-0.08768368689188975,-0.7438320271725494,-0.1856063054369296,-0.015925508326475834,-0.19641981831833552,0.04859492072216116
peppe,0.004296207790551315,2.0,0.36370667830209485,-0.7405982988042982,0.12709280306793325,-0.1854609819766536,0.3580795769366178,-0.15768050127820918,-0.08103174829746795,-0.32836949249979885,0.03473418777017131
peppe,-0.00698478417239168,2.0,0.1665477625505349,0.0676317400861085,0.24932868332196736,0.4625970154300873,-0.00668385651365602,-0.09002060660576112,0.7875765135904983,-0.0638090392779003,-0.2429614325483527
peppe,0.026358107673290693,2.0,0.1394030329029134,0.06826258042904754,0.22036843202575485,0.4481505893200781,0.04640511294701739,-0.47498756564602623,0.6685010004729374,-0.03450798730317726,-0.22506622834671539
peppe,0.01407453952421038,2.0,0.1403428540548639,0.10370773173276604,0.21024412479276786,0.5127625520025367,-0.025206800475537552,0.2583319765049397,0.7431858286716814,0.15014884741072293,-0.14205603738034028
peppe,0.0003248760640624224,2.0,0.3467914828641975,0.455894485980879,0.14871657400426513,-0.37014894719650115,-0.11649318434968305,0.40239230407740206,-0.31197680019363,0.28163841770771886,-0.4007855686052374
peppe,-0.0005268086554972938,2.0,0.22307619341438173,0.633827870839651,0.3157330881846235,-0.26782571912051184,0.40545238942820705,0.05951279229097147,-0.23874189536760212,0.22737436076647818,-0.31694011769515007
peppe,0.0010835844939752386,3.0,0.3108184825041144,0.1316751329932998,0.37058334450266317,-0.3632245024112859,0.6084125860679515,-0.06436629969425627,-0.24714879207329238,0.21460996525622666,-0.36788669162874227
peppe,0.005557785108836322,3.0,0.11064591752405814,-0.07552650554580587,0.13977230669231225,-0.12290481888552891,-0.9169465094989018,-0.1970653942483599,-0.08163758088709432,0.1171814634406513,-0.2176912372886276
peppe,-0.0014070399228396856,3.0,0.07114360305669908,0.3541368952425362,0.16236000349742963,-0.03447643820264667,-0.09416259093450009,0.17781714456527462,-0.07096452008718883,0.6640277602569336,0.5962565653385885
peppe,7.56849333126376e-05,3.0,-0.258032325683841,0.1304768307045293,-0.08951488964769543,0.015124183469617823,-0.3753108833026409,-0.5201625855845062,-0.09408606655089483,0.2510798550072721,0.6517919937222052
peppe,0.0036861214441183754,3.0,0.1251963990528468,0.5255697756288993,-0.19150646490688844,0.25513139196333107,-0.0007470599252737954,-0.37629868497541125,-0.06872873291555617,0.5821845944672364,0.3479536178392099
peppe,0.0022773884165552274,3.0,0.1027070054212089,-0.4389716655151015,0.15326011760738503,-0.10073410886665815,-0.4637078353610958,-0.39204891669302233,-0.07561110896535585,0.5296584985356929,0.32884137368740035
peppe,0.012786261515489302,3.0,0.14927453635547655,0.19889688620986812,-0.43335292408479453,0.4326672487850959,0.030159234872419987,-0.28198525129374613,0.6513492447271779,0.14112290711308204,-0.19637887247301233
peppe,0.04305079071245081,3.0,0.2818496454797725,0.3622812230265623,-0.14225480297254192,-0.34981878335495603,-0.15110981079086858,0.5403058990419012,-0.28514849577632473,0.34510941585382077,-0.3626688153362657
peppe,0.5161915539064768,3.0,0.14255406872159135,0.1807246653790406,0.18425600760620664,-0.1540011058305468,-0.10624629130137384,-0.8914933778377993,-0.12567550137913633,0.16921337440174775,-0.1971651617585488
peppe,-0.0011099869916169753,3.0,0.21042446049758354,0.5421049644162493,-0.5278109234870968,-0.2618509906200721,0.1994757469973974,0.14320580080521197,-0.18316438457234216,0.303454555726612,-0.3588329800159264
bigw,6.178645433075288e-07,1.0,0.3833027062748069,0.1515777223826109,0.06965392467947785,0.40001912447640336,-0.3626953391731653,0.35245882985410676,0.360642905307162,0.38947824805632125,-0.35735768301816395
bigw,0.0007403953997736428,3.0,0.3933055581678656,0.030772182238481993,0.06081687744555083,0.5479601893044576,-0.36249574508919513,0.33702749863714165,0.5022882964647644,0.14160254568042163,-0.15188559943494237
bigw,0.0007566509061986492,3.0,-0.3437365068893903,0.24698581088840332,0.5756059611507578,-0.17131431966047111,0.3347482015468432,-0.1889017590482887,-0.24199128738972941,-0.31727453651446685,0.39141954053785916
bigw,0.002535314667934571,3.0,-0.41649507305526196,-0.02659160651639192,0.35127073867000613,-0.32254327596031673,0.4252078850429033,-0.4947027013352215,-0.31244117377428543,0.13113699719639324,-0.240936789545352
bigw,0.002109217002739166,3.0,-0.2936315365665587,0.24027051694253265,0.4896081258188668,-0.13594411795745484,0.11213321401408968,0.11711638339237486,-0.1895569417645658,-0.46916285703893973,0.5617098484151064
bigw,0.014335437455666638,3.0,-0.2922582895713893,-0.610290474339867,-0.2876020776563779,-0.040246305657947644,0.30488857895632365,-0.27244289753337053,0.1996020983313643,0.43270668970729026,-0.2520667648567285
bigw,0.23423520838590225,3.0,-0.2124817598093666,-0.46130797880256075,-0.207706492730456,-0.024957806796259963,-0.49179136099996096,-0.1905951775530858,0.5438512654267725,0.29738972946123227,-0.18942401284665955
bigw,-0.00118354061426712,3.0,-0.21243226148303349,-0.4672917164265841,-0.20731395065376498,-0.027191692999886656,-0.4911442359775963,-0.19255884333040174,0.5323574207594316,0.29912140772487195,-0.20399243873419992
bigw,0.002466478839882431,3.0,-0.2422580211776248,-0.5281574661975182,-0.23459966225486265,-0.03223908431817787,0.14227740596945168,-0.20042106856660952,0.581988283702051,0.3713409118140351,-0.26318906105503903
bigw,0.026125459576207332,3.0,-0.1497462716061049,-0.30607961116237103,-0.1602051511246388,-0.01281501977221455,-0.8229444214152534,-0.11609406964351278,0.24162053580625434,0.28642034910359976,-0.16410044833370652
bigw,0.031288741601723416,3.0,-0.07030426638434722,0.2601544053644537,0.6009173974105553,-0.02107593796799677,0.385302161430738,-0.11796084343328117,-0.0862012008085772,0.5488290921386764,-0.30791970745703545
bigw,0.0006424257033391609,3.0,0.37584626156908196,0.7176055774547074,0.32856912725147264,-0.013138054067931124,-0.07632390678582474,0.13472404976976926,-0.01264570001104272,-0.3883680040137319,0.24634531539924978
bigw,0.0003039478145398088,3.0,0.3494687839225441,0.09527597605599436,0.3218851481981125,0.4979216453344205,-0.11509855092392526,-0.13807886371350198,0.4806296722872818,0.21793904256227234,-0.45435920453104095
bigw,-4.0906718254960293e-05,3.0,0.4686493594768127,0.49646578613723,-0.19401695971172636,-0.1266213520646609,-0.24393017591958074,0.4756765805840431,-0.13757665656003323,0.2905719265873425,-0.3018019758242946
bigw,0.004257122102970797,4.0,0.4163085115023223,0.4117604838321637,-0.09620593132583156,-0.12104365064944472,-0.2691515660686343,0.436796560920155,0.4954056205120186,0.25007639799231374,-0.24906755269128775
bigw,0.00737963268804528,4.0,0.4133713848193274,-0.2682090708957032,0.2511609287294531,-0.11142158046399776,-0.2825017095124003,0.5135958333487054,-0.2184301352128225,0.318349852600716,-0.43479324196439645
bigw,0.0009205895391087012,4.0,-0.35670375820857897,-0.15532385850280794,-0.4336316599745228,-0.27444910140697204,0.346508755043538,-0.43451121595168923,-0.21333927811351786,0.28411685533650605,-0.3875227127309851
bigw,0.002729403117456803,4.0,-0.3385366179783268,0.10507780372262454,0.4610123170600786,-0.14583024253936935,0.163538059940852,-0.03615868684030072,-0.23370100039219383,-0.42502848617571004,0.6141948208867217
bigw,0.0004166583303660079,4.0,-0.41671923642455766,-0.27860502270487575,-0.43618292736798114,-0.29647820078841913,0.3668773393791238,-0.4640589193811804,-0.2464864079913859,-0.22658869401333115,0.09231360279510789
bigw,0.0022720408102554017,4.0,-0.36518276303034286,0.07887697995074172,0.4381574811852041,-0.13741581030873326,0.24444835253950367,-0.0771241281967607,-0.2556657304728852,-0.35479340892561795,0.6265847360200567
bigw,0.003041326724062628,4.0,-0.3600121982986786,-0.6067455862581077,-0.4028873558256431,-0.23006193327794877,0.30470779010867716,-0.3643190731309214,-0.223306926734183,-0.09431226622447722,-0.051655440342164564
bigw,0.00318432648405273,4.0,-0.2826416227859934,0.43663731370384806,0.36352539453384486,-0.1783172484933226,-0.10731881897647154,0.17612930421834663,-0.040537442737542465,-0.5961996218826511,0.40728083880967353
bigw,-0.001723654707191665,4.0,-0.2650350793424454,0.4838988340579241,0.058089211408933555,-0.03696006079717613,0.8012429936387305,0.09489884338818617,0.006683893309138334,-0.16262313258941044,0.11563234635927325
bigw,0.001279876555176704,4.0,0.3504293615115594,0.14838757485384446,0.29984639870494284,0.4729532868674025,-0.08267881341482652,-0.28934213338320036,0.24718107771991416,0.4862914193600395,-0.3917336209469225
bigw,0.00037010483714904226,4.0,0.45632607815423504,0.4699756554831809,-0.12409148639201048,-0.14750012583743313,-0.3048776287493498,0.5411391169964072,0.06969474532791939,0.2922073022462119,-0.24022912409756286
qwe,-0.00044117536645520833,2.0,0.11301647106180948,0.1160143971515204,-0.016624611367782795,-0.5161269205697318,-0.35305737778367496,-0.5750123070996911,0.323939641492111,-0.043865498395874045,0.3807293296808521
qwe,1.4999661055085595e-05,2.0,-0.5638658163064069,0.12539829767383315,-0.2211493049260067,-0.30126857748362157,-0.5412618422149346,-0.0835809185436343,0.30257472400431384,-0.34799097424893694,0.11858121160554548
qwe,0.002643260532321815,2.0,-0.5412836039859882,0.18452123800018783,-0.21636804794672526,0.4820334814050461,-0.5232139795577155,-0.05921420676256436,0.12777656549001923,-0.2845987330861443,0.13860044431843307
qwe,0.0040101317255705465,2.0,-0.6229687900258855,0.2595516162270114,-0.2269881525328446,-0.3358838650587773,-0.5147434789223474,-0.021234583589944622,-0.002168218078750929,-0.33546368829876766,0.047422663364310155
qwe,0.002661600693982066,2.0,0.43300950586535214,0.15067009126349717,-0.19529400417879922,0.6239617546772326,-0.5784033122148773,0.11978912859334051,0.04745207369512539,-0.0152505568172852,-0.10463826436498048
qwe,5.420856687894162e-05,2.0,0.24874165429271008,-0.40110857130071087,0.6770596704716902,-0.019293275350328494,0.36657999262816343,0.12720277790075143,0.28003527013684754,0.12204139185407935,-0.27309738931124833
qwe,-0.00021078898352154134,2.0,0.22689147389085756,-0.7565632123222092,0.14494182787498336,-0.2478188932723036,0.16782207300151666,-0.33521021784743193,-0.3705436803743375,-0.12211964028121833,-0.031049372976951522
qwe,4.445758196328087e-05,2.0,-0.23102932860298614,-0.3888277830573039,0.19431203622782886,0.20586504426345348,-0.42120678993112987,-0.56253411592793,-0.44907540120055806,0.01307620131845404,0.14000473600607036
qwe,0.0028526515015355287,2.0,0.2789142692018716,0.22015801355567166,-0.15060315288883772,-0.18149985215401657,0.32710936224683906,0.4142644402547398,0.33931673432893983,-0.21518186714261348,0.6148651315850276
qwe,5.914965959878264e-05,2.0,0.2356761667749662,-0.15843698608108014,0.1750785672745091,-0.21817594274841196,0.1599134618812575,-0.3564616804336538,-0.24561499170030415,0.6039896370417044,0.5131605678855361
qwe,5.3853916386430274e-05,2.0,0.29683254606323234,-0.1168688117057658,-0.060381964400157404,-0.22862593743868448,0.16847389234749796,-0.5259356747295124,-0.22859374019865322,0.42706081975245974,0.5501713291075839
qwe,0.0010395352572278246,3.0,0.3979712657706466,0.010906041469613825,-0.16536054914576861,-0.2852230068636078,0.2430942724056508,-0.6777247110857918,-0.12710384388008095,0.2168094792664337,-0.3888911265388276
qwe,0.003838456614496588,3.0,-0.5664309578284874,0.08433692286770889,-0.2113551288640089,0.3822099484965036,-0.53134401201685,-0.04799461297614881,-0.11815517332652117,-0.40672006803768557,0.13143826504710895
qwe,0.002341206874007346,3.0,-0.527680512887222,0.13340186665539444,-0.21458383386474772,-0.3077691735755952,-0.4802225588104132,0.011007501086626334,0.5159442454625633,-0.1965385680725089,0.1656151807532104
qwe,2.9292536355398724e-05,3.0,-0.5516366817492968,0.1057198401860433,-0.17824747288842396,0.45121543721892404,-0.5684843466450467,-0.09127759718992148,0.32453881582813376,-0.10006621397710423,0.04804177427862014
qwe,0.0009469974979618783,3.0,-0.4065304222431738,0.03446331781800871,0.5598056244399477,-0.35662512171607336,-0.4279033288206118,-0.01228855673713949,0.16617911527589485,0.3425728917646775,-0.25447500654056837
qwe,0.0005420488051301291,3.0,-0.5620850290726536,0.11692581742164276,-0.22942836178202952,-0.3913790458746081,-0.5218344422917768,0.032738877109417114,0.2984662035893217,-0.24974407502027385,0.19934052684755252
qwe,0.0003994862169055829,3.0,-0.21501821286475342,-0.006514523783737514,0.8116001141141879,-0.011871001258861697,0.46042747776350373,-0.014141670977534491,0.11246771419247384,0.15078010901658392,-0.21751318596084424
qwe,0.00136261913475645,3.0,0.33041899721752976,-0.13886261996041793,0.3839808240210698,0.3615081987402785,0.4204036980014923,0.12511926295095774,-0.38723385148598927,0.2811723654655296,-0.4147396219199148
qwe,0.014309231944223037,3.0,0.24626748594631395,-0.14569459774073368,0.6313581241624129,0.24228417176340902,-0.40962019783452525,0.19709872231160216,-0.29828062181321047,0.2051450797826414,-0.3508821209505024
qwe,0.0021013948858541872,3.0,0.3384762335668287,-0.2800044817995091,-0.2212403112122897,-0.4556466094842229,0.11220178792621721,0.3467569018645269,-0.4163985515612415,0.20667016433841767,-0.44893242327585364
qwe,-0.042408549442266776,3.0,-0.34911109722481093,0.25191552051543276,0.22701313230932832,0.3645477148520837,0.08357612218968506,-0.38116490494488714,0.41159814569289765,-0.27232329900590047,0.484133605518104
qwe,0.0002104719400843361,3.0,0.3442283720600756,-0.11921062352599499,0.15605399674251522,-0.26194503240654055,0.5516036314732434,0.4210809502715224,-0.42323092691680686,0.01857513250122976,-0.3365745373959566
qwe,-1.686876711131551e-05,3.0,0.33151683837976037,0.05476626990151645,-0.5047878976265692,-0.500581502118617,-0.42610796519627586,0.012693256472335789,-0.4108407949794938,0.040077436709514545,-0.17198576447487954
qwe,0.0033807048779932857,3.0,0.412251471627014,0.21209091282376835,-0.19067278655624917,0.16898241951794424,0.3868383374999309,0.5150657599731409,0.14985236200576246,0.3040721858746195,-0.4362370205770974
qwe,9.402507056403507e-05,3.0,0.022065757836960378,-0.20767541507449924,-0.11123716755679966,-0.24678101936253477,-0.22901051614276394,-0.2654847438002018,-0.24674299280381523,-0.7890043757849502,0.27707665029884315
qwe,0.00016031204350106537,3.0,0.3305383434457816,0.12809924963504848,-0.057241641228816434,0.43694398507077925,0.3705689656459382,0.47896227246938666,0.4052245223094769,0.03820861689310528,-0.38437651533384243
qwe,9.03331551432473e-05,3.0,0.15645562620212008,-0.6873610037761971,0.523621099657361,0.2712177247221754,0.2050146952887483,0.29265749047230655,-0.13972739120714145,0.05860853713332867,-0.06841228555804736
qwe,2.3993746911293162e-05,3.0,0.2999383724801572,0.45671463970529236,-0.15763821273760875,-0.36588647638907856,0.12479558059710068,-0.6272281616700673,0.007362049050301416,0.3642614796490478,-0.031563615483397686
qwe,0.00027283289585236807,5.0,0.14782893528233768,0.2025601928397398,-0.05863166273691791,-0.4136014064951542,0.1494882622449378,-0.7547635285688815,0.09245444556723681,0.18809463452462877,-0.3559073449524375
qwe,0.0020180997815932226,5.0,-0.47529307701841367,0.1445123719965714,-0.20477082524150703,-0.3002557002751395,0.024685146562051966,-0.5716974973593589,-0.3524157592887327,0.30979880815413363,-0.2711245746589026
qwe,0.017821782466671977,5.0,-0.2796613938690892,0.11072509868337166,0.14934319570592608,0.3648784880463315,-0.3090882035213206,-0.11182198537446975,-0.19423778169019434,0.7093692713472045,0.32421752454394287
qwe,0.0006342110586915919,5.0,-0.4703806745090296,0.1712769134292922,0.025194261677352094,0.4072333675237171,-0.4751000346761283,-0.09043917012909462,-0.1570993967497987,-0.5410514754620952,0.17780963845256742
qwe,0.01765745278479984,5.0,-0.518481116670904,0.22385373167789924,-0.2236689789578515,-0.13958246530386162,-0.4977431320206393,-0.07477681708302232,0.5527770988690612,-0.20043406667120495,0.11171225419793482
qwe,0.0050627970390434126,5.0,-0.4705853682609005,0.16819643997869393,-0.20230467731122653,0.5095265942306811,-0.4981798917944827,-0.04658018070371131,-0.37316613655597464,-0.24212760707832623,-0.03851200673281188
qwe,0.003511830441783992,5.0,-0.5202438669607738,0.24029074313372978,-0.22904567630555928,0.2100155261123471,-0.5064702532596981,-0.0735131746488312,0.502028917302367,-0.2470887648357627,-0.006003233435614658
qwe,0.007147708838708982,5.0,-0.5077927459019674,0.15549949091178505,-0.21218038689381133,0.45955302274120574,-0.4940398233017678,0.009696884876302379,-0.36073755671478785,-0.29547601184562194,0.012243498578153225
qwe,0.01127692560439333,5.0,-0.580505462272298,0.060420723091343276,-0.2367488028831566,-0.4197455667931839,-0.5153135825217506,-0.009574100318869704,0.19219918402484867,-0.3136504665785809,-0.16176994384282112
qwe,0.004357495463498785,5.0,-0.5269504093984273,-0.26349734597697627,-0.19732192051874456,0.5319592584692906,0.15576783140746092,-0.1514544374313521,-0.423265328381136,-0.06634648805768707,-0.3165728401226261
qwe,0.012044643143304163,5.0,-0.5168716103609845,-0.24214038528563275,-0.057655266249321935,-0.3991509571649617,0.543707852460005,-0.11374224294030809,-0.3780844681204637,-0.08925651945132232,-0.2282455649740483
qwe,0.0020877600084575967,5.0,-0.40544690800965344,0.2882975833413157,0.6130414037368846,-0.1711953650637764,-0.4325267860739496,-0.12708479135902853,-0.19529559672633345,-0.27571434150286506,0.1731501066493408
qwe,-0.0026352698265514015,5.0,0.03362508137059883,-0.1310298080152258,0.20788201639589543,0.32106138775386905,-0.32703671001066165,-0.48958819768141476,0.3019917300924156,-0.4506148999291812,0.441024704275305
qwe,0.0009826142487701108,5.0,0.33821833781652555,0.09195299106970711,-0.18377442227052376,0.314137746853626,0.32332707038560615,0.5139115172106005,0.24396017275503198,0.35399618414654394,-0.43728953208601323
qwe,0.0004504919947139441,5.0,0.2634637059609544,0.31380021483525844,-0.1368196540533123,-0.17075811629385543,0.22122500453598032,-0.4601633778405981,-0.23528572796881267,0.4429982742134474,0.5214793065076041
ocran,0.0010445954636049467,1.0,0.44852241931711506,0.33666865827359194,-0.02976585572201426,-0.3101374885275989,-0.41641220478577057,-0.5316950516398651,-0.28389157969581424,0.0691207591466596,0.21665577617282633
ocran,6.769330876536942e-05,1.0,-0.3327979050572385,0.19971509511100083,-0.2466455399432856,-0.30361271987641825,0.05462867531971955,0.15234039447030645,-0.2883460737435656,-0.494071965484958,-0.5855785821335945
ocran,8.377460281600805e-05,1.0,0.37440455682750184,0.5133850718813683,-0.2695486770074447,-0.22003690961377134,-0.2598781829375255,-0.5003372024827398,-0.23287292269983575,-0.06712140289147084,0.3139668739202834
ocran,0.006553431908845375,2.0,0.42346975275283005,0.459769439603793,-0.1553867069654685,-0.2519585794265779,-0.3048706720263611,-0.5755430621743216,-0.2945327320163806,-0.08834331766205153,0.05391902612500844
ocran,0.019201182492707542,2.0,0.41295798207044787,0.16311012496125354,0.46400034028430953,-0.2168530709472361,-0.27135883365588237,-0.4491743769080808,-0.25437408088592417,-0.14217436508548442,-0.4245306366192714
ocran,-0.011112025546681207,2.0,-0.5801134796722427,-0.040813826178388024,-0.6115885350106254,0.22505163090940844,0.10533194435033649,-0.3301715343284134,0.2844248688996328,0.18371050509127923,-0.04856637986249292
ocran,0.0020206958967627733,2.0,0.1855340009863685,0.04671362930676948,0.10272075806376219,-0.3013164288403266,-0.0007437066805126108,0.123477052868222,-0.20861667136599066,-0.21758484490306937,-0.8694484521239497
ocran,0.00015795400241470293,2.0,-0.43186664263465097,0.06809101711714305,-0.3211228867147159,-0.26602319957240184,0.11332887492736315,0.15311655925532452,-0.22470467131867788,-0.4791893862712905,-0.5644145581456198
ocran,1.7905681731012494e-06,2.0,0.3950229383695456,0.5623766914212738,-0.279684043574449,-0.18308095935873292,-0.2601462526680508,-0.5436529113980624,-0.22181269119808206,-0.05901285993116105,0.005439185184714565
ocran,0.0034784571966721455,3.0,0.4247682591413402,0.4835379731500422,-0.14844132376908206,-0.19336775598316375,-0.2889647138023508,-0.5883968410510796,-0.3023631965016883,-0.057019050925925886,-0.044169171859183766
ocran,0.008461633541259707,3.0,0.4542486877652384,0.1746393946393131,0.49742620197787774,-0.17308813973135526,-0.19990825544184712,-0.15081088314285745,-0.24379046958238912,-0.10566706774732358,-0.5936836915733195
ocran,0.008422004581371963,3.0,0.46397971100589064,0.15996250083704744,0.6697081954792565,-0.346906030090792,0.07440809506882962,0.16478424718356718,-0.22483193021859466,-0.04543958983671308,0.3240021595505766
ocran,0.00010628128953474836,3.0,-0.47394969036054824,0.09457264108831143,-0.2802308362623541,-0.2299640506207838,0.1480485271066119,0.22371416810906888,-0.1932973817879464,-0.5137085393702432,-0.5116524052277597
ocran,0.00011994732100306864,3.0,0.10729242363264702,-0.26937990531381556,0.44435975950788836,-0.21169805377007583,-0.5444514976794633,-0.5087707345376622,-0.2629112908768031,0.07131097663731592,0.21016290038284235
ocran,-4.988048503204735e-05,3.0,0.01968065880142466,0.24861315108810284,0.041573229433210776,-0.4699042039620415,-0.40087205183749874,-0.33647966848767547,-0.47597896235835757,-0.3849517354746872,-0.2580796349303568
